0.000000	0	0
0.205020	0	0
0.233023	0	0
0.291029	0	0
0.333033	0	0
0.383038	0	0
0.433043	0	0
0.483048	0	0
0.533053	0	0
0.583058	0	0
0.633063	0	0
0.683068	0	0
0.733073	0	0
0.783078	0	0
0.833083	0	0
0.888089	0	0
0.933093	0	0
1.008101	0	0
1.079108	0	0
1.083108	0	0
1.159116	0	0
1.183118	0	0
1.233123	0	0
1.283128	0	0
1.333133	0	0
1.383138	0	0
1.433143	0	0
1.483148	0	0
1.533153	0	0
1.583158	0	0
1.633163	0	0
1.683168	0	0
1.733173	0	0
1.783178	0	0
1.833183	0	0
1.883188	0	0
1.933193	0	0
1.983198	0	0
2.033203	0	0
2.083208	0	0
2.133213	0	0
2.183218	0	0
2.233223	0	0
2.283228	0	0
2.333233	0	0
2.383238	0	0
2.433243	0	0
2.483248	0	0
2.533253	0	0
2.583258	0	0
2.633263	0	0
2.683268	0	0
2.733274	0	0
2.783278	0	0
2.833283	0	0
2.883288	0	0
2.933293	0	0
2.983298	0	0
3.033303	0	0
3.083308	0	0
3.133313	0	0
3.183318	0	0
3.233323	0	0
3.283328	0	0
3.333333	0	0
3.383338	0	0
3.433343	0	0
3.483348	0	0
3.533353	0	0
3.583358	0	0
3.633363	0	0
3.683368	0	0
3.733373	0	0
3.783378	0	0
3.833383	0	0
3.883388	0	0
3.933393	0	0
3.983398	0	0
4.033403	0	0
4.083408	0	0
4.133413	0	0
4.183418	0	0
4.233423	0	0
4.283428	0	0
4.333433	0	0
4.383438	0	0
4.433443	0	0
4.483449	0	0
4.533453	0	0
4.583458	0	0
4.633463	0	0
4.683468	0	0
4.733473	0	0
4.783478	0	0
4.833483	0	0
4.883488	0	0
4.933493	0	0
4.983498	0	0
5.033503	0	0
5.083508	0	0
5.133513	0	0
5.183518	0	0
5.233523	0	0
5.283528	0	0
5.333533	0	0
5.383538	0	0
5.433543	0	0
5.483548	0	0
5.533553	0	0
5.583558	0	0
5.633563	0	0
5.683568	0	0
5.733573	0	0
5.783578	0	0
5.833583	0	0
5.883588	0	0
5.933593	0	0
5.983598	0	0
6.033603	0	0
6.083608	0	0
6.133613	0	0
6.183618	0	0
6.233624	0	0
6.283628	0	0
6.333633	0	0
6.383638	0	0
6.433643	0	0
6.483648	0	0
6.533653	0	0
6.583658	0	0
6.633663	0	0
6.683668	0	0
6.733673	0	0
6.783678	0	0
6.833683	0	0
6.883688	0	0
6.933693	0	0
6.983698	0	0
7.033703	0	0
7.083708	0	0
7.133713	0	0
7.183718	0	0
7.233723	0	0
7.283728	0	0
7.333733	0	0
7.383738	0	0
7.433743	0	0
7.483748	0	0
7.533753	0	0
7.583758	0	0
7.633763	0	0
7.683768	0	0
7.733773	0	0
7.783778	0	0
7.833783	0	0
7.883788	0	0
7.933793	0	0
7.983799	0	0
8.033803	0	0
8.083808	0	0
8.133813	0	0
8.183818	0	0
8.233823	0	0
8.283828	0	0
8.333833	0	0
8.383838	0	0
8.433843	0	0
8.483848	0	0
8.533853	0	0
8.583858	0	0
8.633863	0	0
8.683868	0	0
8.733873	0	0
8.783878	0	0
8.833883	0	0
8.883888	0	0
8.933893	0	0
8.983898	0	0
9.033903	0	0
9.083908	0	0
9.133913	0	0
9.183918	0	0
9.233923	0	0
9.283928	0	0
9.333933	0	0
9.383938	0	0
9.433943	0	0
9.483948	0	0
9.533953	0	0
9.583958	0	0
9.633963	0	0
9.683968	0	0
9.733974	0	0
9.783978	0	0
9.833983	0	0
9.883988	0	0
9.933993	0	0
9.983998	0	0
10.034003	0	0
10.084008	0	0
10.134013	0	0
10.184018	0	0
10.234023	0	0
10.284028	0	0
10.334033	0	0
10.384038	0	0
10.434043	0	0
10.484048	0	0
10.534053	0	0
10.584058	0	0
10.634063	0	0
10.684068	0	0
10.734073	0	0
10.784078	0	0
10.834083	0	0
10.884088	0	0
10.934093	0	0
10.984098	0	0
11.034103	0	0
11.084108	0	-93
11.134113	0	-289
11.184118	0	-441
11.234123	0	-577
11.284128	0	-577
11.334133	0	-717
11.384138	0	-881
11.434143	0	-1021
11.484149	0	-1173
11.534153	0	-1173
11.584158	0	-1173
11.634163	0	-1173
11.684168	0	-1325
11.734173	0	-1701
11.784178	-84	-1813
11.834183	-84	-1849
11.884188	-84	-1929
11.934193	-84	-2009
11.984198	-84	-2201
12.034203	-84	-2493
12.084208	-120	-2713
12.134213	-256	-2789
12.184218	-344	-2789
12.234223	-528	-2789
12.284228	-752	-2793
12.334233	-964	-2949
12.384238	-1004	-3033
12.433243	-1004	-3137
12.483248	-1004	-3269
12.533253	-1004	-3417
12.583258	-1004	-3825
12.633263	-1004	-4089
12.683268	-1004	-4285
12.733273	-1004	-4677
12.783278	-1004	-4961
12.833283	-1004	-5157
12.883288	-1004	-5385
12.933293	-860	-5630
12.983298	-660	-5970
13.033303	-604	-6170
13.083308	-580	-6274
13.133313	-580	-6394
13.183318	-556	-6486
13.233323	-532	-6566
13.283328	-484	-6702
13.333333	-436	-6810
13.383338	-412	-6818
13.433343	-412	-6818
13.483348	-412	-6818
13.533353	-412	-6818
13.583358	-412	-6818
13.633363	-412	-6914
13.683368	-412	-7042
13.733373	-412	-7234
13.783378	-412	-7534
13.833383	-412	-7734
13.883388	-412	-7922
13.933393	-412	-8026
13.983398	-412	-8162
14.033403	-412	-8202
14.083408	-412	-8274
14.133413	-412	-8306
14.183418	-412	-8306
14.233423	-412	-8354
14.283428	-412	-8378
14.333433	-412	-8378
14.383438	-412	-8394
14.433443	-412	-8434
14.483448	-412	-8434
14.533453	-412	-8474
14.583458	-404	-8518
14.633463	-396	-8554
14.683468	-344	-8554
14.733473	-332	-8554
14.783478	-332	-8554
14.833483	-332	-8554
14.883488	-328	-8578
14.933493	-272	-8590
14.983498	-272	-8598
15.033503	-272	-8598
15.083508	-256	-8606
15.133513	-220	-8622
15.183518	-220	-8634
15.233523	-220	-8642
15.283528	-176	-8674
15.333533	-156	-8702
15.383538	-116	-8722
15.433543	-56	-8750
15.483548	-52	-8750
15.533553	-48	-8786
15.583558	-12	-8786
15.633563	0	-8786
15.683568	5	-8822
15.733573	9	-8822
15.783578	9	-8822
15.833583	9	-8822
15.883588	9	-8822
15.933593	9	-8822
15.983598	9	-8822
16.033603	9	-8822
16.083608	9	-8822
16.133613	9	-8822
16.183618	9	-8822
16.233623	9	-8822
16.283628	9	-8822
16.333633	9	-8822
16.383638	9	-8822
16.433643	9	-8822
16.483648	9	-8822
16.533653	9	-8822
16.583658	9	-8822
16.633663	9	-8822
16.683668	9	-8822
16.733673	9	-8822
16.783678	9	-8822
16.833683	9	-8822
16.883688	9	-8822
16.933693	9	-8822
16.983698	9	-8822
17.033703	9	-8822
17.083708	9	-8822
17.133713	9	-8822
17.183718	9	-8822
17.233723	9	-8822
17.283728	9	-8822
17.333733	9	-8822
17.383738	9	-8822
17.433743	9	-8822
17.483748	9	-8822
17.533753	9	-8822
17.583758	9	-8822
17.633763	9	-8822
17.683768	9	-8822
17.733773	9	-8822
17.783778	9	-8822
17.833783	9	-8822
17.883788	9	-8822
17.933793	9	-8822
17.983798	9	-8822
18.033803	9	-8822
18.083808	9	-8838
18.133813	9	-8838
18.183818	9	-8838
18.233823	9	-8838
18.283828	9	-8838
18.333833	9	-8866
18.383838	9	-8886
18.433843	9	-8902
18.483848	9	-8930
18.533853	9	-8930
18.583858	9	-8930
18.633863	9	-8930
18.683868	9	-8930
18.733873	9	-8934
18.783878	9	-8970
18.833883	9	-8970
18.883888	9	-8970
18.933893	9	-8982
18.983898	9	-9006
19.033903	9	-9006
19.083908	9	-9038
19.133913	9	-9038
19.183918	9	-9038
19.233923	9	-9038
19.283928	9	-9038
19.333933	9	-9038
19.383938	9	-9038
19.433943	9	-9038
19.483948	9	-9038
19.533953	9	-9038
19.583958	9	-9038
19.633963	9	-9038
19.683968	9	-9038
19.733973	9	-9038
19.783978	9	-9038
19.833983	9	-9038
19.883988	9	-9038
19.933993	9	-9038
19.983998	9	-9038
20.034003	9	-9038
20.084008	9	-9038
20.134013	9	-9038
20.184018	9	-9038
20.234023	9	-9038
20.284028	9	-9038
20.334033	9	-9038
20.384038	9	-9038
20.434043	9	-9038
20.484048	9	-9038
20.534053	9	-9038
20.584058	9	-9038
20.634063	9	-9038
20.684068	9	-9038
20.734073	9	-9038
20.784078	9	-9038
20.834083	9	-9038
20.884088	9	-9038
20.934093	9	-9038
20.984098	9	-9038
21.034103	9	-9038
21.084108	9	-9038
21.134113	9	-9038
21.184118	9	-9038
21.234123	9	-9038
21.284128	9	-9038
21.334133	9	-9038
21.384138	9	-9038
21.434143	9	-9038
21.484148	9	-9038
21.534153	9	-9038
21.584158	9	-9038
21.634163	9	-9038
21.684168	9	-9038
21.734173	9	-9038
21.784178	9	-9038
21.834183	9	-9038
21.884188	9	-9038
21.934193	9	-9038
21.984198	9	-9038
22.034203	9	-9038
22.084208	9	-9038
22.134213	9	-9038
22.184218	9	-9038
22.234223	9	-9038
22.284228	9	-9038
22.334233	9	-9038
22.384238	9	-9038
22.434243	9	-9038
22.484248	9	-9038
22.534253	9	-9038
22.584258	9	-9038
22.634263	9	-9038
22.684268	9	-9038
22.734273	9	-9038
22.784278	9	-9038
22.834283	9	-9038
22.884288	9	-9038
22.934293	9	-9038
22.984298	9	-9038
23.034303	9	-9038
23.084308	9	-9038
23.134313	9	-9038
23.184318	9	-9038
23.234323	9	-9038
23.284328	9	-9038
23.334333	9	-9038
23.384338	9	-9038
23.434343	9	-9038
23.484348	9	-9038
23.534353	9	-9038
23.584358	9	-9038
23.634363	9	-9038
23.684368	9	-9038
23.734373	9	-9038
23.784378	9	-9038
23.834383	9	-9038
23.884388	9	-9038
23.934393	9	-9038
23.984398	9	-9038
24.034403	9	-9038
24.084408	9	-9038
24.134413	9	-9038
24.184418	9	-9038
24.234423	9	-9038
24.284428	9	-9038
24.334433	9	-9038
24.384438	9	-9038
24.434443	9	-9038
24.484448	9	-9038
24.534453	9	-9038
24.584458	9	-9038
24.634463	9	-9038
24.684468	9	-9038
24.734473	9	-9038
24.784478	9	-9038
24.834483	9	-9038
24.884488	9	-9038
24.934493	9	-9038
24.984498	9	-9038
25.034503	9	-9038
25.084508	9	-9038
25.134513	9	-9038
25.184518	9	-9038
25.234523	9	-9038
25.284528	9	-9038
25.334533	9	-9038
25.384538	9	-9038
25.434543	9	-9038
25.484548	9	-9038
25.534553	9	-9038
25.584558	9	-9038
25.634563	9	-9038
25.684568	9	-9038
25.734573	9	-9038
25.784578	9	-9038
25.834583	9	-9038
25.884588	9	-9038
25.934593	9	-9038
25.984598	9	-9038
26.034603	9	-9038
26.084608	9	-9038
26.134613	9	-9038
26.184618	9	-9038
26.234623	9	-9038
26.284628	9	-9038
26.334633	9	-9038
26.384638	9	-9038
26.434643	9	-9038
26.484648	9	-9038
26.534653	9	-9038
26.584658	9	-9038
26.634663	9	-9038
26.684668	9	-9038
26.734673	9	-9038
26.784678	9	-9038
26.834683	9	-9038
26.884688	9	-9038
26.934693	9	-9038
26.984698	9	-9038
27.034703	9	-9038
27.084708	9	-9038
27.134713	9	-9038
27.184718	9	-9038
27.234723	9	-9038
27.284728	9	-9038
27.334733	9	-9038
27.384738	9	-9038
27.434743	9	-9038
27.484748	9	-9038
27.534753	9	-9038
27.584758	9	-9038
27.634763	9	-9038
27.684768	9	-9038
27.734773	9	-9038
27.784778	9	-9038
27.834783	9	-9038
27.884788	9	-9038
27.934793	9	-9038
27.984798	9	-9038
28.034803	9	-9038
28.084808	9	-9038
28.134813	9	-9038
28.184818	9	-9038
28.234823	9	-9038
28.284828	9	-9038
28.334833	9	-9038
28.384838	9	-9038
28.434843	9	-9038
28.484848	9	-9038
28.534853	9	-9038
28.584858	9	-9038
28.634863	9	-9038
28.684868	9	-9038
28.734873	9	-9038
28.784878	9	-9038
28.834883	9	-9038
28.884888	9	-9038
28.934893	9	-9038
28.984898	9	-9038
29.034903	9	-9038
29.084908	9	-9038
29.134913	9	-9038
29.184918	9	-9038
29.234923	9	-9038
29.284928	9	-9038
29.334933	9	-9038
29.384938	9	-9038
29.434943	9	-9038
29.484948	9	-9038
29.534953	9	-9038
29.584958	9	-9038
29.634963	9	-9038
29.684968	9	-9026
29.734973	9	-9026
29.784978	9	-9026
29.834983	9	-8962
29.883988	9	-8962
29.933993	9	-8962
29.983998	9	-8962
30.034003	9	-8962
30.084008	9	-8962
30.134013	9	-8962
30.184018	9	-8962
30.234023	9	-8962
30.284028	9	-8962
30.334033	9	-8962
30.384038	9	-8962
30.434043	9	-8962
30.484048	9	-8962
30.534053	9	-8962
30.584058	9	-8962
30.634063	9	-8962
30.684068	9	-8962
30.734073	9	-8962
30.784078	9	-8962
30.834083	9	-8962
30.884088	9	-8962
30.934093	9	-8962
30.984098	9	-8962
31.034103	9	-8962
31.084108	9	-8962
31.134113	9	-8962
31.184118	9	-8962
31.234123	9	-8962
31.284128	9	-8954
31.334133	9	-8954
31.384138	9	-8954
31.434143	9	-8954
31.484148	9	-8954
31.534153	9	-8954
31.584158	9	-8954
31.634163	9	-8954
31.684168	9	-8954
31.734173	9	-8954
31.784178	9	-8954
31.834183	9	-8954
31.884188	9	-8954
31.934193	9	-8954
31.984198	9	-8954
32.034203	9	-8954
32.084208	9	-8954
32.134213	9	-8954
32.184218	9	-8954
32.234223	9	-8954
32.284228	9	-8946
32.334233	9	-8946
32.384238	9	-8946
32.434243	9	-8946
32.484248	9	-8946
32.534253	9	-8946
32.584258	9	-8946
32.634263	9	-8946
32.684268	9	-8946
32.734273	9	-8946
32.784278	9	-8946
32.834283	9	-8946
32.884288	9	-8946
32.934293	9	-8946
32.984298	9	-8946
33.034303	9	-8946
33.084308	9	-8946
33.134313	9	-8946
33.184318	9	-8946
33.234323	9	-8946
33.284328	9	-8946
33.334333	9	-8934
33.384338	9	-8934
33.434343	9	-8934
33.484348	9	-8934
33.534353	9	-8934
33.584358	9	-8934
33.634363	9	-8934
33.684368	9	-8934
33.734373	9	-8934
33.784378	9	-8934
33.834383	9	-8934
33.884388	9	-8934
33.934393	9	-8934
33.984398	9	-8934
34.034403	9	-8934
34.084408	9	-8934
34.134413	9	-8934
34.184418	9	-8934
34.234423	9	-8934
34.284428	9	-8934
34.334433	9	-8934
34.384438	9	-8934
34.434443	9	-8934
34.484448	9	-8934
34.534453	9	-8934
34.584458	9	-8934
34.634463	9	-8934
34.684468	9	-8934
34.734473	9	-8934
34.784478	9	-8934
34.834483	9	-8934
34.884488	9	-8934
34.934493	9	-8934
34.984498	9	-8934
35.034503	9	-8934
35.084508	9	-8934
35.134513	9	-8934
35.184518	9	-8934
35.234523	9	-8934
35.284528	9	-8934
35.334533	9	-8934
35.384538	9	-8934
35.434543	9	-8934
35.484548	9	-8934
35.534553	9	-8934
35.584558	9	-8934
35.634563	9	-8934
35.684568	9	-8934
35.734573	9	-8934
35.784578	9	-8934
35.834583	9	-8934
35.884588	9	-8934
35.934593	9	-8934
35.984598	9	-8934
36.034603	9	-8934
36.084608	9	-8934
36.134613	9	-8934
36.184618	9	-8934
36.234623	9	-8934
36.284628	9	-8934
36.334633	9	-8934
36.384638	9	-8934
36.434643	9	-8934
36.484648	9	-8934
36.534653	9	-8934
36.584658	9	-8934
36.634663	9	-8934
36.684668	9	-8934
36.734673	9	-8934
36.784678	9	-8934
36.834683	9	-8934
36.884688	9	-8934
36.934693	9	-8934
36.984698	9	-8934
37.034703	9	-8934
37.084708	9	-8934
37.134713	9	-8934
37.184718	9	-8934
37.234723	9	-8934
37.284728	9	-8934
37.334733	9	-8930
37.384738	9	-8930
37.434743	9	-8930
37.484748	9	-8930
37.534753	9	-8930
37.584758	9	-8902
37.634763	9	-8878
37.684768	9	-8878
37.734773	9	-8878
37.784778	9	-8878
37.834783	9	-8878
37.884788	9	-8878
37.934793	9	-8878
37.984798	9	-8878
38.034803	9	-8878
38.084808	9	-8878
38.134813	9	-8878
38.184818	9	-8878
38.234823	9	-8878
38.284828	9	-8878
38.334833	9	-8878
38.384838	9	-8878
38.434843	9	-8878
38.484848	9	-8878
38.534853	9	-8878
38.584858	9	-8878
38.634863	9	-8878
38.684868	9	-8878
38.734873	9	-8878
38.784878	9	-8878
38.834883	9	-8878
38.884888	9	-8878
38.934893	9	-8878
38.984898	9	-8878
39.034903	9	-8878
39.084908	9	-8878
39.134913	9	-8878
39.184918	9	-8878
39.234923	9	-8878
39.284928	9	-8878
39.334933	9	-8878
39.384938	9	-8878
39.434943	9	-8878
39.484948	9	-8878
39.534953	9	-8878
39.584958	9	-8878
39.634963	9	-8878
39.684968	9	-8878
39.734973	9	-8878
39.784978	9	-8878
39.834983	9	-8878
39.884988	9	-8878
39.934993	9	-8878
39.984998	9	-8878
40.035003	9	-8878
40.085008	9	-8878
40.135013	9	-8878
40.185018	9	-8878
40.235023	9	-8878
40.285028	9	-8878
40.335033	9	-8878
40.385038	9	-8878
40.435043	9	-8878
40.485048	9	-8878
40.535053	9	-8878
40.585058	9	-8878
40.635063	9	-8878
40.685068	9	-8878
40.735073	9	-8878
40.785078	9	-8878
40.835083	9	-8878
40.885088	9	-8878
40.935093	9	-8878
40.985098	9	-8878
41.035103	9	-8878
41.085108	9	-8878
41.135113	9	-8878
41.185118	9	-8878
41.235123	9	-8878
41.285128	9	-8878
41.335133	9	-8878
41.385138	9	-8878
41.435143	9	-8878
41.485148	9	-8878
41.535153	9	-8878
41.585158	9	-8878
41.635163	9	-8878
41.685168	9	-8878
41.735173	9	-8878
41.785178	9	-8878
41.835183	9	-8858
41.885188	9	-8858
41.935193	9	-8858
41.985198	9	-8858
42.035203	9	-8858
42.085208	9	-8858
42.135213	9	-8858
42.185218	9	-8858
42.235223	9	-8858
42.285228	9	-8858
42.335233	9	-8858
42.385238	9	-8858
42.435243	9	-8858
42.485248	9	-8858
42.535253	9	-8858
42.585258	9	-8858
42.635263	9	-8846
42.685268	9	-8846
42.735273	9	-8846
42.785278	9	-8846
42.835283	9	-8846
42.885288	9	-8846
42.935293	9	-8846
42.985298	9	-8846
43.035303	9	-8846
43.085308	9	-8830
43.135313	9	-8830
43.185318	9	-8830
43.235323	9	-8830
43.285328	9	-8830
43.335333	9	-8830
43.385338	9	-8814
43.435343	9	-8814
43.485348	9	-8814
43.535353	9	-8814
43.585358	9	-8814
43.635363	9	-8814
43.685368	9	-8814
43.735373	9	-8790
43.785378	9	-8790
43.835383	9	-8790
43.885388	9	-8790
43.935393	9	-8790
43.985398	9	-8790
44.035403	9	-8786
44.085408	9	-8786
44.135413	9	-8786
44.185418	9	-8782
44.235423	9	-8782
44.285428	9	-8770
44.335433	9	-8770
44.385438	9	-8770
44.435443	9	-8770
44.485448	9	-8770
44.535453	9	-8770
44.585458	9	-8770
44.635463	9	-8770
44.685468	9	-8770
44.735473	9	-8770
44.785478	9	-8742
44.835483	9	-8742
44.885488	9	-8742
44.935493	9	-8742
44.985498	9	-8742
45.035503	9	-8742
45.085508	9	-8742
45.135513	9	-8742
45.185518	9	-8742
45.236523	9	-8742
45.285528	9	-8742
45.335533	9	-8742
45.385538	9	-8742
45.435543	9	-8742
45.485548	9	-8742
45.535553	9	-8742
45.585558	9	-8742
45.635563	9	-8742
45.685568	9	-8742
45.735573	9	-8742
45.785578	9	-8742
45.835583	9	-8742
45.885588	9	-8742
45.935593	9	-8742
45.985598	9	-8742
46.035603	9	-8742
46.085608	9	-8742
46.135613	9	-8742
46.185618	9	-8742
46.235623	9	-8742
46.285628	9	-8742
46.335633	9	-8742
46.385638	9	-8742
46.435643	9	-8742
46.485648	9	-8742
46.535653	9	-8742
46.585658	9	-8742
46.635663	9	-8742
46.685668	9	-8742
46.735673	9	-8742
46.785678	9	-8742
46.835683	9	-8742
46.885688	9	-8742
46.935693	9	-8742
46.985698	9	-8742
47.035703	9	-8742
47.085708	9	-8742
47.135713	9	-8742
47.185718	9	-8742
47.235723	9	-8742
47.285728	9	-8742
47.335733	9	-8742
47.384738	9	-8742
47.434743	9	-8742
47.484748	9	-8742
47.534753	9	-8742
47.584758	9	-8742
47.634763	9	-8742
47.684768	9	-8742
47.734773	9	-8742
47.784778	9	-8742
47.834783	9	-8742
47.884788	9	-8742
47.934793	9	-8742
47.984798	9	-8742
48.034803	9	-8742
48.084808	9	-8742
48.134813	9	-8742
48.184818	9	-8742
48.234823	9	-8742
48.284828	9	-8742
48.334833	9	-8742
48.384838	9	-8742
48.434843	9	-8742
48.484848	9	-8742
48.534853	9	-8742
48.584858	9	-8742
48.634863	9	-8742
48.684868	9	-8742
48.734873	9	-8742
48.784878	9	-8742
48.834883	9	-8742
48.884888	9	-8742
48.934893	9	-8742
48.984898	9	-8742
49.034903	9	-8742
49.084908	9	-8742
49.134913	9	-8742
49.184918	9	-8742
49.234923	9	-8742
49.284928	9	-8742
49.334933	9	-8706
49.384938	9	-8706
49.434943	9	-8706
49.484948	9	-8706
49.534953	9	-8678
49.584958	9	-8678
49.634963	9	-8678
49.684968	9	-8678
49.734973	9	-8638
49.784978	9	-8626
49.834983	9	-8626
49.884988	9	-8626
49.934993	9	-8626
49.984998	9	-8618
50.035003	9	-8618
50.085008	9	-8618
50.135013	9	-8610
50.185018	9	-8610
50.235023	9	-8610
50.285028	9	-8590
50.335033	9	-8590
50.385038	9	-8570
50.435043	9	-8570
50.485048	9	-8570
50.535053	9	-8534
50.585058	9	-8534
50.635063	9	-8534
50.685068	9	-8534
50.735073	9	-8514
50.785078	9	-8482
50.835083	9	-8470
50.885088	9	-8458
50.935093	9	-8458
50.985098	9	-8458
51.035103	9	-8458
51.085108	9	-8458
51.135113	9	-8458
51.185118	9	-8458
51.235123	9	-8458
51.285128	9	-8458
51.335133	9	-8458
51.385138	9	-8458
51.435143	9	-8458
51.485148	9	-8458
51.535153	9	-8458
51.585158	9	-8458
51.635163	9	-8458
51.685168	9	-8458
51.735173	9	-8458
51.785178	9	-8458
51.835183	9	-8458
51.885188	9	-8458
51.935193	9	-8458
51.985198	9	-8458
52.035203	9	-8458
52.085208	9	-8458
52.135213	9	-8458
52.185218	9	-8458
52.235223	9	-8458
52.285228	9	-8458
52.335233	9	-8458
52.385238	9	-8458
52.435243	9	-8458
52.485248	9	-8458
52.535253	9	-8458
52.585258	9	-8458
52.635263	9	-8458
52.685268	9	-8458
52.735273	9	-8458
52.785278	9	-8458
52.835283	9	-8458
52.885288	9	-8458
52.935293	9	-8458
52.985298	9	-8458
53.035303	9	-8458
53.085308	9	-8458
53.135313	9	-8458
53.185318	9	-8458
53.235323	9	-8458
53.285328	9	-8458
53.335333	9	-8458
53.385338	9	-8458
53.435343	9	-8458
53.485348	9	-8458
53.535353	9	-8458
53.585358	9	-8458
53.635363	9	-8458
53.685368	9	-8458
53.735373	9	-8458
53.785378	9	-8458
53.835383	9	-8458
53.885388	9	-8458
53.935393	9	-8458
53.985398	9	-8458
54.035403	9	-8458
54.085408	9	-8458
54.135413	9	-8458
54.185418	9	-8458
54.235423	9	-8458
54.285428	9	-8458
54.335433	9	-8458
54.385438	9	-8458
54.435443	9	-8458
54.485448	9	-8458
54.535453	9	-8458
54.585458	9	-8458
54.635463	9	-8458
54.685468	9	-8458
54.735473	9	-8458
54.785478	9	-8458
54.835483	9	-8458
54.885488	9	-8458
54.935493	9	-8458
54.985498	9	-8458
55.035503	9	-8458
55.085508	9	-8458
55.135513	9	-8458
55.185518	9	-8458
55.235523	9	-8458
55.285528	9	-8458
55.335533	9	-8458
55.385538	9	-8458
55.435543	9	-8458
55.485548	9	-8458
55.535553	9	-8458
55.585558	9	-8458
55.635563	9	-8458
55.685568	9	-8458
55.735573	9	-8458
55.785578	9	-8458
55.835583	9	-8458
55.885588	9	-8458
55.935593	9	-8458
55.985598	9	-8458
56.035603	9	-8458
56.085608	9	-8458
56.135613	9	-8458
56.185618	9	-8458
56.236623	9	-8458
56.285628	9	-8458
56.335633	9	-8458
56.385638	9	-8458
56.435643	9	-8458
56.485648	9	-8458
56.535653	9	-8458
56.585658	9	-8458
56.635663	9	-8458
56.685668	9	-8458
56.737673	9	-8458
56.785678	9	-8458
56.835683	9	-8458
56.885688	9	-8458
56.935693	9	-8458
56.985698	9	-8458
57.035703	9	-8458
57.085708	9	-8458
57.135713	9	-8458
57.185718	9	-8458
57.237723	9	-8458
57.285728	9	-8458
57.335733	9	-8458
57.385738	9	-8458
57.435743	9	-8458
57.485748	9	-8458
57.535753	9	-8458
57.585758	9	-8458
57.635763	9	-8458
57.685768	9	-8458
57.735773	9	-8458
57.785778	1	-8458
57.835783	1	-8458
57.885788	1	-8458
57.935793	1	-8458
57.985798	1	-8458
58.035803	1	-8458
58.085808	1	-8458
58.135813	1	-8458
58.185818	-4	-8458
58.235823	-4	-8458
58.285828	-4	-8458
58.335833	-4	-8458
58.385838	-4	-8458
58.435843	-4	-8458
58.485848	-4	-8458
58.535853	-4	-8458
58.585858	-4	-8458
58.635863	-4	-8458
58.685868	-4	-8458
58.735873	-4	-8458
58.785878	-4	-8458
58.835883	-4	-8458
58.885888	-4	-8458
58.935893	-4	-8458
58.985898	-4	-8458
59.035903	-4	-8458
59.085908	-4	-8458
59.135913	-4	-8458
59.185918	-4	-8458
59.235923	-4	-8458
59.285928	-4	-8458
59.335933	-4	-8458
59.385938	-4	-8458
59.435943	-4	-8458
59.485948	-4	-8458
59.535953	-4	-8458
59.585958	-4	-8458
59.635963	-4	-8458
59.685968	-4	-8458
59.735973	-4	-8458
59.785978	-4	-8458
59.835983	-4	-8458
59.885988	-4	-8458
59.935993	-4	-8458
59.985998	-4	-8458
60.036003	-4	-8458
60.086008	-4	-8458
60.136013	-4	-8458
60.186018	-4	-8458
60.238023	-4	-8458
60.286028	-4	-8458
60.336033	-4	-8458
60.386038	-4	-8458
60.436043	-4	-8458
60.486048	-4	-8458
60.536053	-4	-8458
60.586058	-4	-8458
60.636063	-12	-8458
60.686068	-12	-8458
60.738073	-12	-8458
60.786078	-12	-8458
60.836083	-12	-8458
60.886088	-12	-8458
60.936093	-12	-8458
60.986098	-12	-8458
61.036103	-12	-8458
61.086108	-12	-8458
61.136113	-12	-8458
61.186118	-12	-8458
61.236123	-12	-8458
61.286128	-12	-8458
61.336133	-12	-8458
61.386138	-12	-8458
61.436143	-12	-8458
61.486148	-12	-8458
61.536153	-12	-8458
61.586158	-12	-8458
61.636163	-12	-8458
61.686168	-12	-8458
61.736173	-12	-8458
61.786178	-12	-8458
61.836183	-12	-8458
61.886188	-12	-8458
61.936193	-12	-8458
61.986198	-12	-8458
62.036203	-12	-8458
62.086208	-12	-8458
62.136213	-12	-8458
62.186218	-12	-8458
62.237223	-12	-8458
62.286228	-12	-8458
62.336233	-12	-8458
62.386238	-12	-8458
62.436243	-12	-8458
62.486248	-12	-8458
62.536253	-12	-8458
62.586258	-12	-8458
62.636263	-12	-8458
62.686268	-12	-8458
62.736273	-12	-8458
62.786278	-12	-8458
62.836283	-12	-8458
62.886288	-12	-8458
62.936293	-12	-8458
62.986298	-12	-8458
63.036303	-12	-8458
63.086308	-12	-8458
63.136313	-12	-8458
63.186318	-12	-8458
63.237323	-12	-8458
63.286328	-12	-8458
63.336333	-12	-8458
63.386338	-12	-8458
63.436343	-12	-8458
63.486348	-12	-8458
63.536353	-12	-8458
63.586358	-12	-8458
63.636363	-12	-8458
63.686368	-12	-8458
63.736373	-12	-8458
63.786378	-12	-8458
63.836383	-12	-8458
63.886388	-12	-8458
63.936393	-12	-8458
63.986398	-12	-8458
64.036403	-12	-8458
64.086408	-12	-8458
64.136413	-12	-8458
64.186418	-12	-8458
64.236423	-12	-8458
64.286428	-12	-8458
64.336433	-12	-8458
64.386438	-12	-8458
64.436443	-12	-8458
64.486448	-12	-8458
64.536453	-12	-8458
64.586458	-12	-8458
64.636463	-12	-8458
64.686468	-12	-8458
64.736473	-12	-8458
64.786478	-12	-8458
64.836483	-12	-8458
64.885488	-12	-8458
64.935493	-12	-8458
64.985498	-12	-8458
65.035503	-12	-8458
65.085508	-12	-8458
65.135513	-12	-8458
65.185518	-12	-8458
65.235523	-12	-8458
65.285528	-12	-8458
65.335533	-12	-8458
65.385538	-12	-8458
65.435543	-12	-8458
65.485548	-12	-8458
65.535553	-12	-8458
65.585558	-12	-8458
65.635563	-12	-8458
65.685568	-12	-8458
65.735573	-12	-8458
65.785578	-12	-8458
65.835583	-12	-8458
65.885588	-12	-8458
65.935593	-12	-8458
65.985598	-12	-8458
66.035603	-12	-8458
66.085608	-12	-8458
66.135613	-12	-8458
66.185618	-12	-8458
66.235623	-12	-8458
66.285628	-12	-8458
66.335633	-12	-8458
66.385638	-12	-8458
66.435643	-12	-8458
66.485648	-12	-8458
66.535653	-12	-8458
66.585658	-12	-8458
66.635663	-12	-8458
66.685668	-12	-8458
66.735673	-12	-8458
66.785678	-12	-8458
66.835683	-12	-8458
66.885688	-12	-8458
66.935693	-12	-8458
66.985698	-12	-8458
67.035703	-12	-8458
67.085708	-12	-8458
67.135713	-12	-8458
67.185718	-12	-8458
67.237723	-12	-8458
67.285728	-12	-8458
67.335733	-12	-8458
67.385738	-12	-8458
67.435743	-12	-8458
67.485748	-12	-8458
67.535753	-12	-8458
67.585758	-12	-8458
67.635763	-12	-8458
67.685768	-12	-8458
67.735773	-12	-8458
67.785778	-12	-8458
67.835783	-12	-8458
67.885788	-12	-8458
67.935793	-12	-8458
67.985798	-12	-8458
68.035803	-12	-8458
68.085808	-12	-8458
68.135813	-12	-8458
68.185818	-12	-8458
68.235823	-12	-8458
68.285828	-12	-8458
68.335833	-12	-8458
68.385838	-12	-8458
68.435843	-12	-8458
68.485848	-12	-8458
68.535853	-12	-8458
68.585858	-12	-8458
68.635863	-12	-8458
68.685868	-12	-8458
68.735873	-12	-8458
68.785878	-12	-8458
68.835883	-12	-8458
68.885888	-12	-8458
68.935893	-12	-8458
68.985898	-12	-8458
69.035903	-12	-8458
69.085908	-12	-8458
69.135913	-12	-8458
69.185918	-12	-8458
69.235923	-12	-8458
69.285928	-12	-8458
69.335933	-12	-8458
69.385938	-12	-8458
69.435943	-12	-8458
69.485948	-12	-8458
69.535953	-12	-8458
69.585958	-12	-8458
69.635963	-12	-8458
69.685968	-12	-8458
69.735973	-12	-8458
69.785978	-12	-8458
69.835983	-12	-8458
69.885988	-12	-8458
69.935993	-12	-8458
69.985998	-12	-8458
70.036003	-12	-8458
70.086008	-12	-8458
70.136013	-12	-8458
70.186018	-12	-8458
70.236023	-12	-8458
70.286028	-12	-8458
70.336033	-12	-8458
70.386038	-12	-8458
70.436043	-12	-8458
70.486048	-12	-8458
70.536053	-12	-8458
70.586058	-12	-8458
70.636063	-12	-8458
70.686068	-12	-8458
70.736073	-12	-8458
70.786078	-12	-8458
70.836083	-12	-8458
70.886088	-12	-8458
70.936093	-12	-8458
70.986098	-12	-8458
71.036103	-12	-8458
71.086108	-12	-8458
71.136113	-12	-8458
71.186118	-12	-8458
71.236123	-12	-8458
71.286128	-12	-8458
71.336133	-12	-8458
71.386138	-12	-8458
71.436143	-12	-8458
71.486148	-12	-8458
71.536153	-12	-8458
71.586158	-12	-8458
71.636163	-12	-8458
71.686168	-12	-8458
71.736173	-12	-8458
71.786178	-12	-8458
71.836183	-12	-8458
71.886188	-12	-8458
71.936193	-12	-8458
71.986198	-12	-8458
72.036203	-12	-8458
72.086208	-12	-8458
72.136213	-12	-8458
72.186218	-12	-8458
72.236223	-12	-8458
72.286228	-12	-8458
72.336233	-12	-8458
72.386238	-12	-8458
72.436243	-12	-8458
72.486248	-12	-8458
72.536253	-12	-8458
72.586258	-12	-8458
72.636263	-12	-8458
72.686268	-12	-8458
72.736273	-12	-8458
72.786278	-12	-8458
72.836283	-12	-8458
72.886288	-12	-8458
72.936293	-12	-8458
72.986298	-12	-8458
73.036303	-12	-8458
73.086308	-12	-8458
73.136313	-12	-8458
73.186318	-12	-8458
73.236323	-12	-8458
73.286328	-12	-8458
73.336333	-12	-8458
73.386338	-12	-8458
73.436343	-12	-8458
73.486348	-12	-8458
73.536353	-12	-8458
73.586358	-12	-8458
73.636363	-12	-8458
73.686368	-12	-8458
73.736373	-12	-8458
73.786378	-12	-8458
73.836383	-12	-8458
73.886388	-12	-8458
73.936393	-12	-8458
73.986398	-12	-8458
74.036403	-12	-8458
74.086408	-12	-8458
74.136413	-12	-8458
74.186418	-12	-8458
74.236423	-12	-8458
74.286428	-12	-8458
74.336433	-12	-8458
74.386438	-12	-8458
74.436443	-12	-8458
74.486448	-12	-8458
74.536453	-12	-8458
74.586458	-12	-8458
74.636463	-12	-8458
74.686468	-12	-8458
74.736473	-12	-8458
74.786478	-12	-8458
74.836483	-12	-8458
74.886488	-12	-8458
74.936493	-12	-8458
74.986498	-12	-8458
75.036503	-12	-8458
75.086508	-12	-8458
75.136513	-12	-8458
75.186518	-12	-8458
75.236523	-12	-8458
75.286528	-12	-8458
75.336533	-12	-8458
75.386538	-12	-8458
75.436543	-12	-8458
75.486548	-12	-8458
75.536553	-12	-8458
75.586558	-12	-8458
75.636563	-12	-8458
75.686568	-12	-8458
75.736573	-12	-8458
75.786578	-12	-8458
75.836583	-12	-8458
75.886588	-12	-8458
75.936593	-12	-8458
75.986598	-12	-8458
76.036603	-12	-8458
76.086608	-12	-8458
76.136613	-12	-8458
76.186618	-12	-8458
76.236623	-12	-8458
76.286628	-12	-8458
76.336633	-12	-8458
76.386638	-12	-8458
76.436643	-12	-8458
76.486648	-12	-8458
76.536653	-12	-8458
76.586658	-12	-8458
76.636663	-12	-8458
76.686668	-12	-8458
76.736673	-12	-8458
76.786678	-12	-8458
76.836683	-12	-8458
76.886688	-12	-8458
76.936693	-12	-8458
76.986698	-12	-8458
77.036703	-12	-8458
77.086708	-12	-8458
77.136713	-12	-8458
77.186718	-12	-8458
77.236723	-12	-8458
77.286728	-12	-8458
77.336733	-12	-8458
77.386738	-12	-8458
77.436743	-12	-8458
77.486748	-12	-8458
77.536753	-12	-8458
77.586758	-12	-8458
77.636763	-12	-8458
77.686768	-12	-8458
77.736773	-12	-8458
77.786778	-12	-8458
77.836783	-12	-8474
77.886788	-12	-8474
77.936793	-12	-8486
77.986798	-12	-8514
78.036803	-12	-8514
78.086808	-12	-8514
78.136813	-12	-8514
78.186818	-12	-8514
78.236823	-12	-8526
78.286828	-12	-8526
78.336833	-12	-8546
78.386838	-12	-8558
78.436843	-12	-8562
78.486848	-12	-8578
78.536853	-12	-8590
78.586858	-12	-8602
78.636863	-12	-8602
78.686868	-12	-8618
78.736873	-12	-8630
78.786878	-12	-8658
78.836883	-12	-8666
78.886888	-12	-8670
78.936893	-12	-8682
78.986898	-12	-8710
79.036903	-12	-8722
79.086908	-12	-8722
79.136913	-12	-8738
79.186918	-12	-8774
79.236923	-12	-8782
79.286928	-12	-8782
79.336933	-12	-8782
79.386938	-12	-8782
79.436943	-12	-8782
79.486948	-12	-8782
79.536953	-12	-8794
79.586958	-12	-8794
79.636963	-12	-8834
79.686968	-12	-8834
79.736973	-12	-8846
79.786978	-12	-8850
79.836983	-12	-8890
79.886988	-12	-8902
79.936993	-12	-8902
79.986998	-12	-8902
80.037003	-12	-8902
80.087008	-12	-8902
80.137013	-12	-8902
80.187018	-12	-8902
80.237023	-12	-8902
80.287028	-12	-8902
80.337033	-12	-8902
80.387038	-12	-8902
80.437043	-12	-8902
80.487048	-12	-8902
80.537053	-12	-8902
80.587058	-12	-8902
80.637063	-12	-8902
80.687068	-12	-8902
80.737073	-12	-8902
80.787078	-12	-8902
80.837083	-12	-8902
80.887088	-12	-8902
80.937093	-12	-8902
80.987098	-12	-8902
81.037103	-12	-8902
81.087108	-12	-8902
81.137113	-12	-8902
81.187118	-12	-8902
81.237123	-12	-8902
81.287128	-12	-8902
81.337133	-12	-8902
81.387138	-12	-8902
81.437143	-12	-8902
81.487148	-12	-8902
81.537153	-12	-8902
81.587158	-12	-8902
81.637163	-12	-8902
81.687168	-12	-8902
81.737173	-12	-8902
81.787178	-12	-8902
81.837183	-12	-8902
81.887188	-12	-8902
81.937193	-12	-8902
81.987198	-12	-8902
82.037203	-12	-8902
82.087208	-12	-8902
82.137213	-12	-8902
82.187218	-12	-8902
82.237223	-12	-8902
82.287228	-12	-8902
82.336233	-12	-8902
82.386238	-12	-8902
82.436243	-12	-8902
82.486248	-12	-8902
82.536253	-12	-8902
82.586258	-12	-8902
82.636263	-12	-8902
82.686268	-12	-8902
82.736273	-12	-8902
82.786278	-12	-8902
82.836283	-12	-8902
82.886288	-12	-8902
82.936293	-12	-8902
82.986298	-12	-8902
83.036303	-12	-8902
83.086308	-12	-8902
83.136313	-12	-8902
83.186318	-12	-8902
83.236323	-12	-8902
83.286328	-12	-8902
83.336333	-12	-8902
83.386338	-12	-8902
83.436343	-12	-8902
83.486348	-12	-8902
83.536353	-12	-8902
83.586358	-12	-8902
83.636363	-12	-8902
83.686368	-12	-8902
83.736373	-12	-8902
83.786378	-12	-8902
83.836383	-12	-8902
83.886388	-12	-8902
83.936393	-12	-8902
83.986398	-12	-8902
84.036403	-12	-8902
84.086408	-12	-8902
84.136413	-12	-8902
84.186418	-12	-8902
84.236423	-12	-8902
84.286428	-12	-8902
84.336433	-12	-8902
84.386438	-12	-8902
84.436443	-12	-8902
84.486448	-12	-8902
84.536453	-12	-8902
84.586458	-12	-8902
84.636463	-12	-8902
84.686468	-12	-8902
84.736473	-12	-8902
84.786478	-12	-8902
84.836483	-12	-8902
84.886488	-12	-8902
84.936493	-12	-8902
84.986498	-12	-8902
85.036503	-12	-8902
85.086508	-12	-8902
85.136513	-12	-8902
85.186518	-12	-8902
85.236523	-12	-8902
85.286528	-12	-8902
85.336533	-12	-8902
85.386538	-12	-8902
85.436543	-12	-8902
85.486548	-12	-8902
85.536553	-12	-8902
85.586558	-12	-8902
85.636563	-12	-8902
85.686568	-12	-8902
85.736573	-12	-8902
85.786578	-12	-8902
85.836583	-12	-8902
85.886588	-12	-8902
85.936593	-12	-8902
85.986598	-12	-8902
86.036603	-12	-8902
86.086608	-12	-8902
86.136613	-12	-8902
86.186618	-12	-8902
86.236623	-12	-8902
86.286628	-12	-8902
86.336633	-12	-8902
86.386638	-12	-8902
86.436643	-12	-8902
86.486648	-12	-8902
86.536653	-12	-8902
86.586658	-12	-8902
86.636663	-12	-8902
86.686668	-12	-8902
86.736673	-12	-8902
86.786678	-12	-8902
86.836683	-12	-8902
86.886688	-12	-8902
86.936693	-12	-8902
86.986698	-12	-8902
87.036703	-12	-8902
87.086708	-12	-8902
87.136713	-12	-8902
87.186718	-12	-8902
87.236723	-12	-8902
87.286728	-12	-8902
87.336733	-12	-8902
87.386738	-12	-8902
87.436743	-12	-8902
87.486748	-12	-8902
87.536753	-12	-8902
87.586758	-12	-8902
87.636763	-12	-8902
87.686768	-12	-8902
87.736773	-12	-8902
87.786778	-12	-8902
87.836783	-12	-8902
87.886788	-12	-8902
87.936793	-12	-8902
87.986798	-12	-8902
88.036803	-12	-8902
88.086808	-12	-8902
88.136813	-12	-8902
88.186818	-12	-8902
88.236823	-12	-8902
88.286828	-12	-8902
88.336833	-12	-8902
88.386838	-12	-8902
88.436843	-12	-8902
88.486848	-12	-8902
88.536853	-12	-8902
88.586858	-12	-8902
88.636863	-12	-8902
88.686868	-12	-8902
88.736873	-12	-8902
88.786878	-12	-8902
88.836883	-12	-8902
88.886888	-12	-8902
88.936893	-12	-8902
88.986898	-12	-8902
89.036903	-12	-8902
89.086908	-12	-8902
89.136913	-20	-8902
89.186918	-20	-8902
89.236923	-20	-8902
89.286928	-20	-8902
89.336933	-20	-8902
89.386938	-20	-8902
89.436943	-20	-8902
89.486948	-20	-8902
89.536953	-20	-8902
89.586958	-20	-8902
89.636963	-20	-8902
89.686968	-20	-8902
89.736973	-20	-8902
89.786978	-20	-8902
89.836983	-20	-8902
89.886988	-20	-8902
89.936993	-20	-8902
89.986998	-20	-8902
90.037003	-20	-8902
90.087008	-20	-8902
90.137013	-20	-8902
90.187018	-20	-8902
90.237023	-20	-8902
90.287028	-20	-8902
90.337033	-20	-8902
90.387038	-20	-8902
90.437043	-20	-8902
90.487048	-20	-8902
90.537053	-20	-8902
90.587058	-20	-8902
90.637063	-20	-8902
90.687068	-20	-8902
90.737073	-20	-8902
90.787078	-20	-8902
90.837083	-20	-8902
90.887088	-20	-8902
90.937093	-20	-8902
90.987098	-20	-8902
91.037103	-20	-8902
91.087108	-20	-8902
91.137113	-20	-8902
91.187118	-20	-8902
91.237123	-20	-8902
91.287128	-20	-8902
91.337133	-20	-8902
91.387138	-20	-8902
91.437143	-20	-8902
91.487148	-20	-8902
91.537153	-20	-8902
91.587158	-20	-8902
91.637163	-20	-8902
91.687168	-20	-8902
91.737173	-20	-8902
91.787178	-20	-8902
91.837183	-20	-8902
91.887188	-20	-8902
91.937193	-20	-8902
91.987198	-20	-8902
92.037203	-20	-8902
92.087208	-20	-8902
92.137213	-20	-8902
92.187218	-20	-8902
92.237223	-20	-8902
92.287228	-20	-8902
92.337233	-20	-8902
92.387238	-20	-8902
92.437243	-20	-8902
92.487248	-20	-8902
92.537253	-20	-8902
92.587258	-20	-8902
92.637263	-20	-8902
92.687268	-20	-8902
92.737273	-20	-8902
92.787278	-20	-8902
92.837283	-20	-8902
92.887288	-20	-8902
92.937293	-20	-8902
92.987298	-20	-8902
93.037303	-20	-8902
93.090308	-20	-8902
93.137313	-20	-8902
93.187318	-20	-8902
93.237323	-20	-8902
93.287328	-20	-8902
93.337333	-20	-8902
93.387338	-20	-8902
93.437343	-20	-8902
93.487348	-20	-8902
93.537353	-20	-8902
93.587358	-20	-8902
93.637363	-20	-8902
93.687368	-20	-8902
93.737373	-20	-8902
93.787378	-20	-8902
93.837383	-20	-8902
93.887388	-20	-8902
93.937393	-20	-8902
93.987398	-20	-8902
94.037403	-20	-8902
94.087408	-20	-8902
94.137413	-20	-8902
94.187418	-20	-8902
94.237423	-20	-8902
94.287428	-20	-8902
94.337433	-20	-8902
94.387438	-20	-8902
94.437443	-20	-8902
94.487448	-20	-8902
94.537453	-20	-8902
94.587458	-20	-8902
94.637463	-20	-8902
94.687468	-20	-8902
94.737473	-20	-8902
94.787478	-20	-8902
94.837483	-20	-8902
94.887488	-20	-8902
94.937493	-20	-8902
94.987498	-20	-8902
95.037503	-20	-8902
95.087508	-20	-8902
95.137513	-20	-8902
95.187518	-20	-8902
95.237523	-20	-8902
95.287528	-20	-8902
95.337533	-20	-8902
95.387538	-20	-8902
95.437543	-20	-8902
95.487548	-20	-8902
95.537553	-20	-8902
95.587558	-20	-8902
95.637563	-20	-8902
95.687568	-20	-8902
95.737573	-20	-8902
95.787578	-20	-8902
95.837583	-20	-8902
95.887588	-20	-8902
95.937593	-20	-8902
95.987598	-20	-8902
96.037603	-20	-8902
96.087608	-20	-8902
96.137613	-20	-8902
96.187618	-20	-8902
96.237623	-20	-8902
96.287628	-20	-8902
96.337633	-20	-8902
96.387638	-20	-8902
96.437643	-20	-8902
96.487648	-20	-8902
96.537653	-20	-8902
96.587658	-20	-8902
96.637663	-20	-8902
96.687668	-20	-8902
96.737673	-20	-8902
96.787678	-20	-8902
96.837683	-20	-8902
96.887688	-20	-8902
96.937693	-20	-8902
96.987698	-20	-8902
97.037703	-20	-8902
97.087708	-20	-8902
97.137713	-20	-8902
97.187718	-20	-8902
97.237723	-20	-8902
97.287728	-20	-8902
97.337733	-20	-8902
97.387738	-20	-8902
97.437743	-20	-8902
97.487748	-20	-8902
97.537753	-20	-8902
97.587758	-20	-8902
97.637763	-20	-8902
97.687768	-20	-8902
97.737773	-20	-8902
97.787778	-20	-8902
97.837783	-20	-8902
97.887788	-20	-8902
97.937793	-20	-8902
97.987798	-20	-8902
98.037803	-20	-8902
98.087808	-20	-8902
98.137813	-20	-8902
98.187818	-20	-8902
98.237823	-20	-8902
98.287828	-20	-8902
98.337833	-20	-8902
98.387838	-20	-8902
98.437843	-20	-8902
98.487848	-20	-8902
98.537853	-20	-8902
98.587858	-20	-8902
98.637863	-20	-8902
98.687868	-20	-8902
98.737873	-20	-8902
98.787878	-20	-8902
98.837883	-20	-8902
98.887888	-20	-8902
98.937893	-20	-8902
98.987898	-20	-8902
99.037903	-20	-8902
99.087908	-20	-8902
99.137913	-20	-8902
99.187918	-20	-8902
99.237923	-20	-8902
99.287928	-20	-8878
99.337933	-20	-8878
99.387938	-20	-8878
99.437943	-20	-8878
99.487948	-20	-8878
99.537953	-24	-8878
99.587958	-24	-8878
99.637963	-24	-8878
99.687968	-24	-8878
99.737973	-24	-8878
99.787978	-24	-8878
99.836983	-24	-8878
99.886988	-24	-8878
99.936993	-24	-8878
99.986998	-24	-8878
100.037003	-24	-8878
100.087008	-24	-8878
100.137012	-24	-8878
100.187017	-24	-8878
100.237023	-24	-8878
100.287028	-24	-8878
100.337033	-24	-8878
100.387038	-24	-8878
100.437043	-24	-8878
100.487048	-24	-8878
100.537053	-24	-8878
100.587058	-24	-8878
100.637063	-24	-8878
100.687068	-24	-8878
100.737072	-24	-8878
100.787078	-24	-8878
100.837083	-24	-8878
100.887088	-24	-8878
100.937093	-24	-8878
100.987098	-24	-8878
101.037103	-24	-8878
101.087108	-24	-8878
101.137113	-24	-8878
101.187118	-24	-8878
101.237123	-24	-8878
101.287127	-24	-8878
101.337132	-24	-8878
101.387138	-24	-8878
101.437143	-24	-8878
101.487148	-24	-8878
101.537153	-24	-8878
101.587158	-24	-8878
101.637163	-24	-8878
101.687168	-24	-8878
101.737173	-24	-8878
101.787178	-24	-8878
101.837183	-24	-8878
101.887187	-24	-8878
101.937192	-24	-8878
101.987198	-24	-8878
102.037203	-24	-8878
102.087208	-24	-8878
102.137213	-24	-8878
102.187218	-24	-8878
102.237223	-24	-8878
102.287228	-24	-8878
102.337233	-24	-8878
102.387238	-24	-8878
102.437243	-24	-8878
102.487247	-24	-8878
102.537253	-24	-8878
102.587258	-24	-8878
102.637263	-24	-8878
102.687268	-24	-8878
102.737273	-24	-8878
102.787278	-24	-8878
102.837283	-24	-8878
102.887288	-24	-8878
102.937293	-24	-8878
102.987298	-24	-8878
103.037302	-24	-8878
103.087307	-24	-8878
103.137313	-24	-8878
103.187318	-24	-8878
103.237323	-24	-8878
103.287328	-24	-8878
103.337333	-24	-8878
103.387338	-24	-8878
103.437343	-24	-8878
103.487348	-24	-8878
103.537353	-24	-8878
103.587358	-24	-8878
103.637362	-24	-8878
103.687367	-24	-8878
103.737373	-24	-8878
103.787378	-24	-8878
103.837383	-24	-8878
103.887388	-24	-8878
103.937393	-24	-8878
103.987398	-24	-8826
104.037403	-24	-8818
104.087408	-24	-8818
104.137413	-24	-8818
104.187418	-24	-8818
104.237422	-24	-8818
104.287428	-24	-8818
104.337433	-24	-8818
104.387438	-24	-8818
104.437443	-24	-8818
104.487448	-24	-8818
104.537453	-24	-8818
104.587458	-24	-8818
104.637463	-24	-8790
104.687468	-24	-8746
104.737473	-24	-8742
104.787477	-24	-8718
104.837482	-24	-8718
104.887488	-24	-8718
104.937493	-24	-8718
104.987498	-24	-8710
105.037503	-24	-8658
105.087508	-24	-8658
105.137513	-24	-8646
105.187518	-24	-8622
105.237523	-24	-8622
105.287528	-24	-8622
105.337533	-24	-8622
105.387537	-24	-8622
105.437542	-24	-8622
105.487548	-24	-8622
105.537553	-24	-8606
105.587558	-24	-8562
105.637563	-24	-8534
105.687568	-24	-8490
105.737573	-24	-8446
105.787578	-24	-8446
105.837583	-24	-8446
105.887588	-24	-8446
105.937593	-24	-8446
105.987597	-24	-8426
106.037603	-24	-8426
106.087608	-24	-8426
106.137613	-24	-8426
106.187618	-24	-8414
106.237623	-24	-8414
106.287628	-24	-8382
106.337633	-24	-8210
106.387638	-24	-8018
106.437643	-80	-7482
106.487648	-80	-6830
106.537652	-80	-5838
106.587657	-80	-4445
106.637663	-80	-2993
106.687668	-80	-1909
106.737673	0	-173
106.787678	0	0
106.837683	0	0
106.887688	0	0
106.937693	0	0
106.987698	0	0
107.037703	0	0
107.087708	0	0
107.137712	0	0
107.187717	0	0
107.237723	0	0
107.287728	0	0
107.337733	0	0
107.387738	0	0
107.437743	0	0
107.487748	0	0
107.537753	0	0
107.587758	0	0
107.637763	0	0
107.687768	0	0
107.737772	0	0
107.787778	0	0
107.837783	0	0
107.887788	0	0
107.937793	0	0
107.987798	0	0
108.037803	0	0
108.087808	0	0
108.137813	0	0
108.187818	0	0
108.237823	0	0
108.287827	0	0
108.337832	0	0
108.387838	0	0
108.437843	0	0
108.487848	0	0
108.537853	0	0
108.587858	0	0
108.637863	0	0
108.687868	0	0
108.737873	0	0
108.787878	0	0
108.837883	0	0
108.887887	0	0
108.937892	0	0
108.987898	0	0
109.037903	0	0
109.087908	0	0
109.137913	0	0
109.187918	0	0
109.237923	0	0
109.287928	0	0
109.337933	0	0
109.387938	0	0
109.437943	0	0
109.487947	0	0
109.537953	0	0
109.587958	0	0
109.637963	0	0
109.687968	0	0
109.737973	0	0
109.787978	0	0
109.837983	0	0
109.887988	0	0
109.937993	0	0
109.987998	0	0
110.038002	0	0
110.088007	0	0
110.138013	0	0
110.188018	0	0
110.238023	0	0
110.288028	0	0
110.338033	0	0
110.388038	0	0
110.438043	0	0
110.488048	0	0
110.538053	0	0
110.588058	0	0
110.638062	0	0
110.688067	0	0
110.738073	0	0
110.788078	0	0
110.838083	0	0
110.888088	0	0
110.938093	0	0
110.988098	0	0
111.038103	0	0
111.088108	0	0
111.138113	0	0
111.188118	0	0
111.238122	0	0
111.288128	0	0
111.338133	0	0
111.388138	0	0
111.438143	0	0
111.488148	0	0
111.538153	0	0
111.588158	0	0
111.638163	0	0
111.688168	0	0
111.738173	0	0
111.788177	0	0
111.838182	0	0
111.888188	0	0
111.938193	0	0
111.988198	0	0
112.038203	0	0
112.088208	0	0
112.138213	0	0
112.188218	0	0
112.238223	0	0
112.288228	0	0
112.338233	0	0
112.388237	0	0
112.438242	0	0
112.488248	0	0
112.538253	0	0
112.588258	0	0
112.638263	0	0
112.688268	0	0
112.738273	0	0
112.788278	0	0
112.838283	0	0
112.888288	0	0
112.938293	0	0
112.988297	0	0
113.038303	0	0
113.088308	0	0
113.138313	0	0
113.188318	0	0
113.238323	0	0
113.288328	0	0
113.338333	0	0
113.388338	0	0
113.438343	0	0
113.488348	0	0
113.538352	0	0
113.588357	0	0
113.638363	0	0
113.688368	0	0
113.738373	0	0
113.788378	0	0
113.838383	0	0
113.888388	0	0
113.938393	0	0
113.988398	0	0
114.038403	0	0
114.088408	0	0
114.138412	0	0
114.188417	0	0
114.238423	0	0
114.288428	0	0
114.338433	0	0
114.388438	0	0
114.438443	0	0
114.488448	0	0
114.538453	0	0
114.588458	0	0
114.638463	0	0
114.688468	0	0
114.738472	0	0
114.788478	0	0
114.838483	0	0
114.888488	0	0
114.938493	0	0
114.988498	0	0
115.038503	0	0
115.088508	0	0
115.138513	0	0
115.188518	0	0
115.238523	0	0
115.288527	0	0
115.338532	0	0
115.388538	0	0
115.438543	0	0
115.488548	0	0
115.538553	0	0
115.588558	0	0
115.638563	0	0
115.688568	0	0
115.738573	0	0
115.788578	0	0
115.838583	0	0
115.888587	0	0
115.938592	0	0
115.988598	0	0
116.038603	0	0
116.088608	0	0
116.138613	0	0
116.188618	0	0
116.238623	0	0
116.288628	0	0
116.338633	0	0
116.388638	0	0
116.438643	0	0
116.488647	0	0
116.538653	0	0
116.588658	0	0
116.638663	0	0
116.688668	0	0
116.738673	0	0
116.788678	0	0
116.838683	0	0
116.888688	0	0
116.938693	0	0
116.988698	0	0
117.038702	0	0
117.088707	0	0
117.138713	0	0
117.188718	0	0
117.238723	0	0
117.288728	0	0
117.337733	0	0
117.387738	0	0
117.437743	0	0
117.487748	0	0
117.537753	0	0
117.587758	0	0
117.637763	0	0
117.687768	0	0
117.737772	0	0
117.787777	0	0
117.837782	0	0
117.887787	0	0
117.937793	0	0
117.987798	0	0
118.037803	0	0
118.087808	0	0
118.137813	0	0
118.187818	0	0
118.237823	0	0
118.287827	0	0
118.337832	0	0
118.387837	0	0
118.437842	0	0
118.487848	0	0
118.537853	0	0
118.587858	0	0
118.637863	0	0
118.687868	0	0
118.737873	0	0
118.787878	0	0
118.837883	0	0
118.887887	0	0
118.937892	0	0
118.987897	0	0
119.037902	0	0
119.087908	0	0
119.137913	0	0
119.187918	0	0
119.237923	0	0
119.287928	0	0
119.337933	0	0
119.387938	0	0
119.437943	0	0
119.487947	0	0
119.537952	0	0
119.587957	0	0
119.637962	0	0
119.687968	0	0
119.737973	0	0
119.787978	0	0
119.837983	0	0
119.887988	0	0
119.937993	0	0
119.987998	0	0
120.038002	0	0
120.088007	0	0
120.138012	0	0
120.188017	0	0
120.238023	0	0
120.288028	0	0
120.338033	0	0
120.388038	0	0
120.438043	0	0
120.488048	0	0
120.538053	0	0
120.588058	0	0
120.638062	0	0
120.688067	0	0
120.738072	0	0
120.788077	0	0
120.838083	0	0
120.888088	0	0
120.938093	0	0
120.988098	0	0
121.038103	0	0
121.088108	0	0
121.138113	0	0
121.188118	0	0
121.238122	0	0
121.288127	0	0
121.338132	0	0
121.388137	0	0
121.438143	0	0
121.488148	0	0
121.538153	0	0
121.588158	0	0
121.638163	0	0
121.688168	0	0
121.738173	0	0
121.788177	0	0
121.838182	0	0
121.888187	0	0
121.938192	0	0
121.988198	0	0
122.038203	0	0
122.088208	0	0
122.138213	0	0
122.188218	0	0
122.238223	0	0
122.288228	0	0
122.338233	0	0
122.388237	0	0
122.438242	0	0
122.488247	0	0
122.538252	0	0
122.588258	0	0
122.638263	0	0
122.688268	0	0
122.738273	0	0
122.788278	0	0
122.838283	0	0
122.888288	0	0
122.938293	0	0
122.988297	0	0
123.038302	0	0
123.088307	0	0
123.138312	0	0
123.188318	0	0
123.238323	0	0
123.288328	0	0
123.338333	0	0
123.388338	0	0
123.438343	0	0
123.488348	0	0
123.538352	0	0
123.588357	0	0
123.638362	0	0
123.688367	0	0
123.738373	0	0
123.788378	0	0
123.838383	0	0
123.888388	0	0
123.938393	0	0
123.988398	0	0
124.038403	0	0
124.088408	0	0
124.138412	0	0
124.188417	0	0
124.238422	0	0
124.288427	0	0
124.338433	0	0
124.388438	0	0
124.438443	0	0
124.488448	0	0
124.538453	0	0
124.588458	0	0
124.638463	0	0
124.688468	0	0
124.738472	0	0
124.788477	0	0
124.838482	0	0
124.888487	0	0
124.938493	0	0
124.988498	0	0
125.038503	0	0
125.088508	0	0
125.138513	0	0
125.188518	0	0
125.238523	0	0
125.288527	0	0
125.338532	0	0
125.388537	0	0
125.438542	0	0
125.488548	0	0
125.538553	0	0
125.588558	0	0
125.638563	0	0
125.688568	0	0
125.738573	0	0
125.788578	0	0
125.838583	0	0
125.888587	0	0
125.938592	0	0
125.988597	0	0
126.038602	0	0
126.088608	0	0
126.138613	0	0
126.188618	0	0
126.238623	0	0
126.288628	0	0
126.338633	0	0
126.388638	0	0
126.438643	0	0
126.488647	0	0
126.538652	0	0
126.588657	0	0
126.638662	0	0
126.688668	0	0
126.738673	0	0
126.788678	0	0
126.838683	0	0
126.888688	0	0
126.938693	0	0
126.988698	0	0
127.038702	0	0
127.088707	0	0
127.138712	0	0
127.188717	0	0
127.238723	0	0
127.288728	0	0
127.338733	0	0
127.388738	0	0
127.438743	0	0
127.488748	0	0
127.538753	0	0
127.588758	0	0
127.638762	0	0
127.688767	0	0
127.738772	0	0
127.788777	0	0
127.838783	0	0
127.888788	0	0
127.938793	0	0
127.988798	0	0
128.038803	0	0
128.088808	0	0
128.138813	0	0
128.188818	0	0
128.238822	0	0
128.288827	0	0
128.338832	0	0
128.388837	0	0
128.438843	0	0
128.488848	0	0
128.538853	0	0
128.588858	0	0
128.638863	0	0
128.688868	0	0
128.738873	0	0
128.788877	0	0
128.838882	0	0
128.888887	0	0
128.938892	0	0
128.988898	0	0
129.038903	0	0
129.088908	0	0
129.138913	0	0
129.188918	0	0
129.238923	0	0
129.288928	0	0
129.338933	0	0
129.388937	0	0
129.438942	0	0
129.488947	0	0
129.538952	0	0
129.588958	0	0
129.638963	0	0
129.688968	0	0
129.738973	0	0
129.788978	0	0
129.838983	0	0
129.888988	0	0
129.938993	0	0
129.988997	0	0
130.039002	0	0
130.089007	0	0
130.139012	0	0
130.189018	0	0
130.239023	0	0
130.289028	0	0
130.339033	0	0
130.389038	0	0
130.439043	0	0
130.489048	0	0
130.539052	0	0
130.589057	0	0
130.639062	0	0
130.689067	0	0
130.739073	0	0
130.789078	0	0
130.839083	0	0
130.889088	0	0
130.939093	0	0
130.989098	0	0
131.039103	0	0
131.089108	0	0
131.139112	0	0
131.189117	0	0
131.239122	0	0
131.289127	0	0
131.339133	0	0
131.389138	0	0
131.439143	0	0
131.489148	0	0
131.539153	0	0
131.589158	0	0
131.639163	0	0
131.689167	0	0
131.739172	0	0
131.789177	0	0
131.839182	0	0
131.889187	0	0
131.939193	0	0
131.989198	0	0
132.039203	0	0
132.089208	0	0
132.139213	0	0
132.189218	0	0
132.239223	0	0
132.289227	0	0
132.339232	0	0
132.389237	0	0
132.439242	0	0
132.489248	0	0
132.539253	0	0
132.589258	0	0
132.639263	0	0
132.689268	0	0
132.739273	0	0
132.789278	0	0
132.839283	0	0
132.889287	0	0
132.939292	0	0
132.989297	0	0
133.039302	0	0
133.089308	0	0
133.139313	0	0
133.189318	0	0
133.239323	0	0
133.289328	0	0
133.339333	0	0
133.389338	0	0
133.439342	0	0
133.489347	0	0
133.539352	0	0
133.589357	0	0
133.639362	0	0
133.689368	0	0
133.739373	0	0
133.789378	0	0
133.839383	0	0
133.889388	0	0
133.939393	0	0
133.989398	0	0
134.039402	0	0
134.089407	0	0
134.139412	0	0
134.189417	0	0
134.239423	0	0
134.289428	0	0
134.339433	0	0
134.389438	0	0
134.439443	0	0
134.489448	0	0
134.539453	0	0
134.589458	0	0
134.639462	0	0
134.689467	0	0
134.739472	0	0
134.788477	0	0
134.838482	0	0
134.888487	0	0
134.938492	0	0
134.988497	0	0
135.038503	0	0
135.088508	0	0
135.138513	0	0
135.188518	0	0
135.238523	0	0
135.288527	0	0
135.338532	0	0
135.388537	0	0
135.438542	0	0
135.488547	0	0
135.538552	0	0
135.588557	0	0
135.638563	0	0
135.688568	0	0
135.738573	0	0
135.788578	0	0
135.838583	0	0
135.888587	0	0
135.938592	0	0
135.988597	0	0
136.038602	0	0
136.088607	0	0
136.138612	0	0
136.188618	0	0
136.238623	0	0
136.288628	0	0
136.338633	0	0
136.388638	0	0
136.438643	0	0
136.488647	0	0
136.538652	0	0
136.588657	0	0
136.638662	0	0
136.688667	0	0
136.738672	0	0
136.788678	0	0
136.838683	0	0
136.888688	0	0
136.938693	0	0
136.988698	0	0
137.038702	0	0
137.088707	0	0
137.138712	0	0
137.188717	0	0
137.238722	0	0
137.288727	0	0
137.338732	0	0
137.388738	0	0
137.438743	0	0
137.488748	0	0
137.538753	0	0
137.588758	0	0
137.638762	0	0
137.688767	0	0
137.738772	0	0
137.788777	0	0
137.838782	0	0
137.888787	0	0
137.938793	0	0
137.988798	0	0
138.038803	0	0
138.088808	0	0
138.138813	0	0
138.188818	0	0
138.238822	0	0
138.288827	0	0
138.338832	0	0
138.388837	0	0
138.438842	0	0
138.488847	0	0
138.538853	0	0
138.588858	0	0
138.638863	0	0
138.688868	0	0
138.738873	0	0
138.788877	0	0
138.838882	0	0
138.888887	0	0
138.938892	0	0
138.988897	0	0
139.038902	0	0
139.088907	0	0
139.138913	0	0
139.188918	0	0
139.238923	0	0
139.288928	0	0
139.338933	0	0
139.388937	0	0
139.438942	0	0
139.488947	0	0
139.538952	0	0
139.588957	0	0
139.638962	0	0
139.688968	0	0
139.738973	0	0
139.788978	0	0
139.838983	0	0
139.888988	0	0
139.938993	0	0
139.988997	0	0
140.039002	0	0
140.089007	0	0
140.139012	0	0
140.189017	0	0
140.239022	0	0
140.289028	0	0
140.339033	0	0
140.389038	0	0
140.439043	0	0
140.489048	0	0
140.539052	0	0
140.589057	0	0
140.639062	0	0
140.689067	0	0
140.739072	0	0
140.789077	0	0
140.839082	0	0
140.889088	0	0
140.939093	0	0
140.989098	0	0
141.039103	0	0
141.089108	0	0
141.139112	0	0
141.189117	0	0
141.239122	0	0
141.289127	0	0
141.339132	0	0
141.389137	0	0
141.439143	0	0
141.489148	0	0
141.539153	0	0
141.589158	0	0
141.639163	0	0
141.689167	0	0
141.739172	0	0
141.789177	0	0
141.839182	0	0
141.889187	0	0
141.939192	0	0
141.989197	0	0
142.039203	0	0
142.089208	0	0
142.139213	0	0
142.189218	0	0
142.239223	0	0
142.289227	0	0
142.339232	0	0
142.389237	0	0
142.439242	0	0
142.489247	0	0
142.539252	0	0
142.589257	0	0
142.639263	0	0
142.689268	0	0
142.739273	0	0
142.789278	0	0
142.839283	0	0
142.889287	0	0
142.939292	0	0
142.989297	0	0
143.039302	0	0
143.089307	0	0
143.139312	0	0
143.189318	0	0
143.239323	0	0
143.289328	0	0
143.339333	0	0
143.389338	0	0
143.439342	0	0
143.489347	0	0
143.539352	0	0
143.589357	0	0
143.639362	0	0
143.689367	0	0
143.739372	0	0
143.789378	0	0
143.839383	0	0
143.889388	0	0
143.939393	0	0
143.989398	0	0
144.039402	0	0
144.089407	0	0
144.139412	0	0
144.189417	0	0
144.239422	0	0
144.289427	0	0
144.339432	0	0
144.389438	0	0
144.439443	0	0
144.489448	0	0
144.539453	0	0
144.589458	0	0
144.639462	0	0
144.689467	0	0
144.739472	0	0
144.789477	0	0
144.839482	0	0
144.889487	0	0
144.939493	0	0
144.989498	0	0
145.039503	0	0
145.089508	0	0
145.139513	0	0
145.189517	0	0
145.239522	0	0
145.289527	0	0
145.339532	0	0
145.389537	0	0
145.439542	0	0
145.489547	0	0
145.539553	0	0
145.589558	0	0
145.639563	0	0
145.689568	0	0
145.739573	0	0
145.789577	0	0
145.839582	0	0
145.889587	0	0
145.939592	0	0
145.989597	0	0
146.039602	0	0
146.089607	0	0
146.139613	0	0
146.189618	0	0
146.239623	0	0
146.289628	0	0
146.339633	0	0
146.389637	0	0
146.439642	0	0
146.489647	0	0
146.539652	0	0
146.589657	0	0
146.639662	0	0
146.689668	0	0
146.739673	0	0
146.789678	0	0
146.839683	0	0
146.889688	0	0
146.939692	0	0
146.989697	0	0
147.039702	0	0
147.089707	0	0
147.139712	0	0
147.189717	0	0
147.239722	0	0
147.289728	0	0
147.339733	0	0
147.389738	0	0
147.439743	0	0
147.489748	0	0
147.539752	0	0
147.589757	0	0
147.639762	0	0
147.689767	0	0
147.739772	0	0
147.789777	0	0
147.839782	0	0
147.889788	0	0
147.939793	0	0
147.989798	0	0
148.039803	0	0
148.089808	0	0
148.139812	0	0
148.189817	0	0
148.239822	0	0
148.289827	0	0
148.339832	0	0
148.389837	0	0
148.439843	0	0
148.489848	0	0
148.539853	0	0
148.589858	0	0
148.639863	0	0
148.689867	0	0
148.739872	0	0
148.789877	0	0
148.839882	0	0
148.889887	0	0
148.939892	0	0
148.989897	0	0
149.039903	0	0
149.089908	0	0
149.139913	0	0
149.189918	0	0
149.239923	0	0
149.289927	0	0
149.339932	0	0
149.389937	0	0
149.439942	0	0
149.489947	0	0
149.539952	0	0
149.589957	0	0
149.639963	0	0
149.689968	0	0
149.739973	0	0
149.789978	0	0
149.839983	0	0
149.889987	0	0
149.939992	0	0
149.989997	0	0
150.040002	0	0
150.090007	0	0
150.140012	0	0
150.190018	0	0
150.240023	0	0
150.290028	0	0
150.340033	0	0
150.390038	0	0
150.440042	0	0
150.490047	0	0
150.540052	0	0
150.590057	0	0
150.640062	0	0
150.690067	0	0
150.740072	0	0
150.790078	0	0
150.840083	0	0
150.890088	0	0
150.940093	0	0
150.990098	0	0
151.040102	0	0
151.090107	0	0
151.140112	0	0
151.190117	0	0
151.240122	0	0
151.290127	0	0
151.340132	0	0
151.390138	0	0
151.440143	0	0
151.490148	0	0
151.540153	0	0
151.590158	0	0
151.640162	0	0
151.690167	0	0
151.740172	0	0
151.790177	0	0
151.840182	0	0
151.890187	0	0
151.940193	0	0
151.990198	0	0
152.040203	0	0
152.090208	0	0
152.140213	0	0
152.190217	0	0
152.240222	0	0
152.289227	0	0
152.339232	0	0
152.389237	0	0
152.439242	0	0
152.489247	0	0
152.539252	0	0
152.589257	0	0
152.639262	0	0
152.689267	0	0
152.739273	0	0
152.789278	0	0
152.839283	0	0
152.889287	0	0
152.939292	0	0
152.989297	0	0
153.039302	0	0
153.089307	0	0
153.139312	0	0
153.189317	0	0
153.239322	0	0
153.289327	0	0
153.339333	0	0
153.389338	0	0
153.439342	0	0
153.489347	0	0
153.539352	0	0
153.589357	0	0
153.639362	0	0
153.689367	0	0
153.739372	0	0
153.789377	0	0
153.839382	0	0
153.889387	0	0
153.939393	0	0
153.989398	0	0
154.039402	0	0
154.089407	0	0
154.139412	0	0
154.189417	0	0
154.239422	0	0
154.289427	0	0
154.339432	0	0
154.389437	0	0
154.439442	0	0
154.489448	0	0
154.539453	0	0
154.589458	0	0
154.639462	0	0
154.689467	0	0
154.739472	0	0
154.789477	0	0
154.839482	0	0
154.889487	0	0
154.939492	0	0
154.989497	0	0
155.039502	0	0
155.089508	0	0
155.139513	0	0
155.189517	0	0
155.239522	0	0
155.289527	0	0
155.339532	0	0
155.389537	0	0
155.439542	0	0
155.489547	0	0
155.539552	0	0
155.589557	0	0
155.639563	0	0
155.689568	0	0
155.739573	0	0
155.789577	0	0
155.839582	0	0
155.889587	0	0
155.939592	0	0
155.989597	0	0
156.039602	0	0
156.089607	0	0
156.139612	0	0
156.189617	0	0
156.239623	0	0
156.289628	0	0
156.339633	0	0
156.389637	0	0
156.439642	0	0
156.489647	0	0
156.539652	0	0
156.589657	0	0
156.639662	0	0
156.689667	0	0
156.739672	0	0
156.789677	0	0
156.839683	0	0
156.889688	0	0
156.939692	0	0
156.989697	0	0
157.039702	0	0
157.089707	0	0
157.139712	0	0
157.189717	0	0
157.239722	0	0
157.289727	0	0
157.339732	0	0
157.389738	0	0
157.439743	0	0
157.489748	0	0
157.539752	0	0
157.589757	0	0
157.639762	0	0
157.689767	0	0
157.739772	0	0
157.789777	0	0
157.839782	0	0
157.889787	0	0
157.939792	0	0
157.989798	0	0
158.039803	0	0
158.089808	0	0
158.139812	0	0
158.189817	0	0
158.239822	0	0
158.289827	0	0
158.339832	0	0
158.389837	0	0
158.439842	0	0
158.489847	0	0
158.539852	0	0
158.589858	0	0
158.639863	0	0
158.689867	0	0
158.739872	0	0
158.789877	0	0
158.839882	0	0
158.889887	0	0
158.939892	0	0
158.989897	0	0
159.039902	0	0
159.089907	0	0
159.198918	0	0
159.240922	0	0
159.290927	0	0
159.340932	0	0
159.390937	0	0
159.440942	0	0
159.490947	0	0
159.540953	0	0
159.590958	0	0
159.640963	0	0
159.690968	0	0
159.740973	0	0
159.790977	0	0
159.840982	0	0
159.890987	0	0
159.940992	0	0
159.990997	0	0
160.041002	0	0
160.091007	0	0
160.141013	0	0
160.191018	0	0
160.241023	0	0
160.291028	0	0
160.341033	0	0
160.391037	0	0
160.441042	0	0
160.491047	0	0
160.541052	0	0
160.591057	0	0
160.641062	0	0
160.691068	0	0
160.741073	0	0
160.791078	0	0
160.841083	0	0
160.891088	0	0
160.941092	0	0
160.991097	0	0
161.041102	0	0
161.091107	0	0
161.141112	0	0
161.191117	0	0
161.241122	0	0
161.291128	0	0
161.341133	0	0
161.391138	0	0
161.441143	0	0
161.491148	0	0
161.541152	0	0
161.591157	0	0
161.641162	0	0
161.691167	0	0
161.741172	0	0
161.791177	0	0
161.841182	0	0
161.891188	0	0
161.941193	0	0
161.991198	0	0
162.041203	0	0
162.091208	0	0
162.141212	0	0
162.191217	0	0
162.241222	0	0
162.291227	0	0
162.341232	0	0
162.391237	0	0
162.441243	0	0
162.491248	0	0
162.541253	0	0
162.591258	0	0
162.641263	0	0
162.691267	0	0
162.741272	0	0
162.791277	0	0
162.841282	0	0
162.891287	0	0
162.941292	0	0
162.991297	0	0
163.041303	0	0
163.091308	0	0
163.141313	0	0
163.191318	0	0
163.241323	0	0
163.291327	0	0
163.341332	0	0
163.391337	0	0
163.441342	0	0
163.491347	0	0
163.541352	0	0
163.591357	0	0
163.641363	0	0
163.691368	0	0
163.741373	0	0
163.791378	0	0
163.841383	0	0
163.891387	0	0
163.941392	0	0
163.991397	0	0
164.041402	0	0
164.091407	0	0
164.141412	0	0
164.191418	0	0
164.241423	0	0
164.291428	0	0
164.341433	0	0
164.391438	0	0
164.441442	0	0
164.491447	0	0
164.541452	0	0
164.591457	0	0
164.641462	0	0
164.691467	0	0
164.741472	0	0
164.791478	0	0
164.841483	0	0
164.891488	0	0
164.941493	0	0
164.991498	0	0
165.041502	0	0
165.091507	0	0
165.141512	0	0
165.191517	0	0
165.241522	0	0
165.291527	0	0
165.341533	0	0
165.391538	0	0
165.441543	0	0
165.491548	0	0
165.541553	0	0
165.591558	0	0
165.641562	0	0
165.691567	0	0
165.741572	0	0
165.791577	0	0
165.841582	0	0
165.891587	0	0
165.941593	0	0
165.991598	0	0
166.041603	0	0
166.091608	0	0
166.141613	0	0
166.191617	0	0
166.241622	0	0
166.291627	0	0
166.341632	0	0
166.391637	0	0
166.441642	0	0
166.491647	0	0
166.541653	0	0
166.591658	0	0
166.641663	0	0
166.691668	0	0
166.741673	0	0
166.791677	0	0
166.841682	0	0
166.891687	0	0
166.941692	0	0
166.991697	0	0
167.041702	0	0
167.091708	0	0
167.141713	0	0
167.191718	0	0
167.241723	0	0
167.291728	0	0
167.341733	0	0
167.391737	0	0
167.441742	0	0
167.491747	0	0
167.541752	0	0
167.591757	0	0
167.641762	0	0
167.691768	0	0
167.741773	0	0
167.791778	0	0
167.841783	0	0
167.891788	0	0
167.941792	0	0
167.991797	0	0
168.041802	0	0
168.091807	0	0
168.141812	0	0
168.191817	0	0
168.241822	0	0
168.291828	0	0
168.341833	0	0
168.391838	0	0
168.441843	0	0
168.491848	0	0
168.541852	0	0
168.591857	0	0
168.641862	0	0
168.691867	0	0
168.741872	0	0
168.791877	0	0
168.841883	0	0
168.891888	0	0
168.941893	0	0
168.991898	0	0
169.041903	0	0
169.091908	0	0
169.141912	0	0
169.191917	0	0
169.241922	0	0
169.291927	0	0
169.341932	0	0
169.391937	0	0
169.441943	0	0
169.491948	0	0
169.541953	0	0
169.591958	0	0
169.641963	0	0
169.691967	0	0
169.741972	0	0
169.790977	0	0
169.840982	0	0
169.890987	0	0
169.940992	0	0
169.990997	0	0
170.041002	0	0
170.091007	0	0
170.141012	0	0
170.191017	0	0
170.241023	0	0
170.291028	0	0
170.341033	0	0
170.391037	0	0
170.441042	0	0
170.491047	0	0
170.541052	0	0
170.591057	0	0
170.641062	0	0
170.691067	0	0
170.741072	0	0
170.791077	0	0
170.841083	0	0
170.891088	0	0
170.941092	0	0
170.991097	0	0
171.041102	0	0
171.091107	0	0
171.141112	0	0
171.191117	0	0
171.241122	0	0
171.291127	0	0
171.341132	0	0
171.391138	0	0
171.441143	0	0
171.491148	0	0
171.541152	0	0
171.591157	0	0
171.641162	0	0
171.691167	0	0
171.741172	0	0
171.791177	0	0
171.841182	0	0
171.891187	0	0
171.941192	0	0
171.991198	0	0
172.041203	0	0
172.091208	0	0
172.141212	0	0
172.191217	0	0
172.241222	0	0
172.291227	0	0
172.341232	0	0
172.391237	0	0
172.441242	0	0
172.491247	0	0
172.541252	0	0
172.591258	0	0
172.641263	0	0
172.691267	0	0
172.741272	0	0
172.791277	0	0
172.841282	0	0
172.891287	0	0
172.941292	0	0
172.991297	0	0
173.041302	0	0
173.091307	0	0
173.141313	0	0
173.191318	0	0
173.241323	0	0
173.291327	0	0
173.341332	0	0
173.391337	0	0
173.441342	0	0
173.491347	0	0
173.541352	0	0
173.591357	0	0
173.641362	0	0
173.691367	0	0
173.741373	0	0
173.791378	0	0
173.841383	0	0
173.891387	0	0
173.941392	0	0
173.991397	0	0
174.041402	0	0
174.091407	0	0
174.141412	0	0
174.191417	0	0
174.241422	0	0
174.291427	0	0
174.341433	0	0
174.391438	0	0
174.441442	0	0
174.491447	0	0
174.541452	0	0
174.591457	0	0
174.641462	0	0
174.691467	0	0
174.741472	0	0
174.791477	0	0
174.841482	0	0
174.891488	0	0
174.941493	0	0
174.991498	0	0
175.041502	0	0
175.091507	0	0
175.141512	0	0
175.191517	0	0
175.241522	0	0
175.291527	0	0
175.341532	0	0
175.391537	0	0
175.441542	0	0
175.491548	0	0
175.541553	0	0
175.591558	0	0
175.641562	0	0
175.691567	0	0
175.741572	0	0
175.791577	0	0
175.841582	0	0
175.891587	0	0
175.941592	0	0
175.991597	0	0
176.041602	0	0
176.091608	0	0
176.141613	0	0
176.191617	0	0
176.241622	0	0
176.291627	0	0
176.341632	0	0
176.391637	0	0
176.441642	0	0
176.491647	0	0
176.541652	0	0
176.591657	0	0
176.641663	0	0
176.691668	0	0
176.741673	0	0
176.791677	0	0
176.841682	0	0
176.891687	0	0
176.941692	0	0
176.991697	0	0
177.041702	0	0
177.091707	0	0
177.141712	0	0
177.191717	0	0
177.241723	0	0
177.291728	0	0
177.341733	0	0
177.391737	0	0
177.441742	0	0
177.491747	0	0
177.541752	0	0
177.591757	0	0
177.641762	0	0
177.691767	0	0
177.741772	0	0
177.791777	0	0
177.841783	0	0
177.891788	0	0
177.941792	0	0
177.991797	0	0
178.041802	0	0
178.091807	0	0
178.141812	0	0
178.191817	0	0
178.241822	0	0
178.291827	0	0
178.341832	0	0
178.391838	0	0
178.441843	0	0
178.491848	0	0
178.541852	0	0
178.591857	0	0
178.641862	0	0
178.691867	0	0
178.741872	0	0
178.791877	0	0
178.841882	0	0
178.891887	0	0
178.941892	0	0
178.991898	0	0
179.041903	0	0
179.091908	0	0
179.141912	0	0
179.191917	0	0
179.241922	0	0
179.291927	0	0
179.341932	0	0
179.391937	0	0
179.441942	0	0
179.491947	0	0
179.541952	0	0
179.591958	0	0
179.641963	0	0
179.691967	0	0
179.741972	0	0
179.791977	0	0
179.841982	0	0
179.891987	0	0
179.941992	0	0
179.991997	0	0
180.042002	0	0
180.092007	0	0
180.142013	0	0
180.192018	0	0
180.242023	0	0
180.292027	0	0
180.342032	0	0
180.392037	0	0
180.442042	0	0
180.492047	0	0
180.542052	0	0
180.592057	0	0
180.642062	0	0
180.692067	0	0
180.742073	0	0
180.792078	0	0
180.842083	0	0
180.892087	0	0
180.942092	0	0
180.992097	0	0
181.042102	0	0
181.092107	0	0
181.142112	0	0
181.192117	0	0
181.242122	0	0
181.292127	0	0
181.342133	0	0
181.392138	0	0
181.442142	0	0
181.492147	0	0
181.542152	0	0
181.592157	0	0
181.642162	0	0
181.692167	0	0
181.742172	0	0
181.792177	0	0
181.842182	0	0
181.892188	0	0
181.942193	0	0
181.992198	0	0
182.042202	0	0
182.092207	0	0
182.142212	0	0
182.192217	0	0
182.242222	0	0
182.292227	0	0
182.342232	0	0
182.392237	0	0
182.442242	0	0
182.492248	0	0
182.542253	0	0
182.592257	0	0
182.642262	0	0
182.692267	0	0
182.742272	0	0
182.792277	0	0
182.842282	0	0
182.892287	0	0
182.942292	0	0
182.992297	0	0
183.042302	0	0
183.092308	0	0
183.142313	0	0
183.192317	0	0
183.242322	0	0
183.292327	0	0
183.342332	0	0
183.392337	0	0
183.442342	0	0
183.492347	0	0
183.542352	0	0
183.592357	0	0
183.642363	0	0
183.692368	0	0
183.742373	0	0
183.792377	0	0
183.842382	0	0
183.892387	0	0
183.942392	0	0
183.992397	0	0
184.042402	0	0
184.092407	0	0
184.142412	0	0
184.192417	0	0
184.242423	0	0
184.292428	0	0
184.342432	0	0
184.392437	0	0
184.442442	0	0
184.492447	0	0
184.542452	0	0
184.592457	0	0
184.642462	0	0
184.692467	0	0
184.742472	0	0
184.792477	0	0
184.842483	0	0
184.892488	0	0
184.942492	0	0
184.992497	0	0
185.042502	0	0
185.092507	0	0
185.142512	0	0
185.192517	0	0
185.242522	0	0
185.292527	0	0
185.342532	0	0
185.392538	0	0
185.442543	0	0
185.492548	0	0
185.542552	0	0
185.592557	0	0
185.642562	0	0
185.692567	0	0
185.742572	0	0
185.792577	0	0
185.842582	0	0
185.892587	0	0
185.942592	0	0
185.992598	0	0
186.042603	0	0
186.092607	0	0
186.142612	0	0
186.192617	0	0
186.242622	0	0
186.292627	0	0
186.342632	0	0
186.392637	0	0
186.442642	0	0
186.492647	0	0
186.542653	0	0
186.592658	0	0
186.642663	0	0
186.692667	0	0
186.742672	0	0
186.792677	0	0
186.842682	0	0
186.892687	0	0
186.942692	0	0
186.992697	0	0
187.042702	0	0
187.092707	0	0
187.142713	0	0
187.192718	0	0
187.241722	0	0
187.291727	0	0
187.341733	0	0
187.391737	0	0
187.441742	0	0
187.491747	0	0
187.541752	0	0
187.591757	0	0
187.641762	0	0
187.691767	0	0
187.741772	0	0
187.791777	0	0
187.841782	0	0
187.891787	0	0
187.941792	0	0
187.991797	0	0
188.041802	0	0
188.091807	0	0
188.141812	0	0
188.191817	0	0
188.241822	0	0
188.291827	0	0
188.341832	0	0
188.391837	0	0
188.441842	0	0
188.491847	0	0
188.541852	0	0
188.591857	0	0
188.641862	0	0
188.691867	0	0
188.741872	0	0
188.791877	0	0
188.841882	0	0
188.891887	0	0
188.941892	0	0
188.991897	0	0
189.041902	0	0
189.091908	0	0
189.141912	0	0
189.191917	0	0
189.241922	0	0
189.291927	0	0
189.341932	0	0
189.391937	0	0
189.441942	0	0
189.491947	0	0
189.541952	0	0
189.591957	0	0
189.641962	0	0
189.691967	0	0
189.741972	0	0
189.791977	0	0
189.841982	0	0
189.891987	0	0
189.941992	0	0
189.991997	0	0
190.042002	0	0
190.092007	0	0
190.142012	0	0
190.192017	0	0
190.242022	0	0
190.292027	0	0
190.342032	0	0
190.392037	0	0
190.442042	0	0
190.492047	0	0
190.542052	0	0
190.592057	0	0
190.642062	0	0
190.692067	0	0
190.742072	0	0
190.792077	0	0
190.842083	0	0
190.892087	0	0
190.942092	0	0
190.992097	0	0
191.042102	0	0
191.092107	0	0
191.142112	0	0
191.192117	0	0
191.242122	0	0
191.292127	0	0
191.342132	0	0
191.392137	0	0
191.442142	0	0
191.492147	0	0
191.542152	0	0
191.592157	0	0
191.642162	0	0
191.692167	0	0
191.742172	0	0
191.792177	0	0
191.842182	0	0
191.892187	0	0
191.942192	0	0
191.992197	0	0
192.042202	0	0
192.092207	0	0
192.142212	0	0
192.192217	0	0
192.242222	0	0
192.292227	0	0
192.342232	0	0
192.392237	0	0
192.442242	0	0
192.492247	0	0
192.542252	0	0
192.592257	0	0
192.642262	0	0
192.692267	0	0
192.742272	0	0
192.792277	0	0
192.842282	0	0
192.892287	0	0
192.942292	0	0
192.992297	0	0
193.042302	0	0
193.092307	0	0
193.142312	0	0
193.192317	0	0
193.242322	0	0
193.292327	0	0
193.342332	0	0
193.392337	0	0
193.442342	0	0
193.492347	0	0
193.542352	0	0
193.592357	0	0
193.642362	0	0
193.692367	0	0
193.742372	0	0
193.792377	0	0
193.842382	0	0
193.892387	0	0
193.942392	0	0
193.992397	0	0
194.042402	0	0
194.092407	0	0
194.142412	0	0
194.192417	0	0
194.242422	0	0
194.292427	0	0
194.342432	0	0
194.392437	0	0
194.442442	0	0
194.492447	0	0
194.542452	0	0
194.592457	0	0
194.642462	0	0
194.692467	0	0
194.742472	0	0
194.792477	0	0
194.842482	0	0
194.892487	0	0
194.942492	0	0
194.992497	0	0
195.042502	0	0
195.092507	0	0
195.142512	0	0
195.192517	0	0
195.242522	0	0
195.292527	0	0
195.342532	0	0
195.392537	0	0
195.442542	0	0
195.492547	0	0
195.542552	0	0
195.592557	0	0
195.642562	0	0
195.692567	0	0
195.742572	0	0
195.792577	0	0
195.842582	0	0
195.892587	0	0
195.942592	0	0
195.992597	0	0
196.042602	0	0
196.092607	0	0
196.142612	0	0
196.192617	0	0
196.242622	0	0
196.292627	0	0
196.342632	0	0
196.392637	0	0
196.442642	0	0
196.492647	0	0
196.542652	0	0
196.592657	0	0
196.642662	0	0
196.692667	0	0
196.742672	0	0
196.792677	0	0
196.842682	0	0
196.892687	0	0
196.942692	0	0
196.992697	0	0
197.042702	0	0
197.092707	0	0
197.142712	0	0
197.192717	0	0
197.242722	0	0
197.292727	0	0
197.342732	0	0
197.392737	0	0
197.442742	0	0
197.492747	0	0
197.542752	0	0
197.592757	0	0
197.642762	0	0
197.692767	0	0
197.742772	0	0
197.792777	0	0
197.842782	0	0
197.892787	0	0
197.942792	0	0
197.992797	0	0
198.042802	0	0
198.092807	0	0
198.142812	0	0
198.192817	0	0
198.242822	0	0
198.292827	0	0
198.342832	0	0
198.392837	0	0
198.442842	0	0
198.492847	0	0
198.542852	0	0
198.592857	0	0
198.642862	0	0
198.692867	0	0
198.742872	0	0
198.792877	0	0
198.842882	0	0
198.892887	0	0
198.942892	0	0
198.992897	0	0
199.042902	0	0
199.092907	0	0
199.142912	0	0
199.192917	0	0
199.242922	0	0
199.292927	0	0
199.342932	0	0
199.392937	0	0
199.442942	0	0
199.492947	0	0
199.542952	0	0
199.592957	0	0
199.642962	0	0
199.692967	0	0
199.742972	0	0
199.792977	0	0
199.842982	0	0
199.892987	0	0
199.942992	0	0
199.992997	0	0
200.043002	0	0
200.093007	0	0
200.143012	0	0
200.193017	0	0
200.243022	0	0
200.293027	0	0
200.343032	0	0
200.393037	0	0
200.443042	0	0
200.493047	0	0
200.543052	0	0
200.593057	0	0
200.643062	0	0
200.693067	0	0
200.743072	0	0
200.793077	0	0
200.843082	0	0
200.893087	0	0
200.943092	0	0
200.993097	0	0
201.043102	0	0
201.093107	0	0
201.143112	0	0
201.193117	0	0
201.243122	0	0
201.293127	0	0
201.343132	0	0
201.393137	0	0
201.443142	0	0
201.493147	0	0
201.543152	0	0
201.593157	0	0
201.643162	0	0
201.693167	0	0
201.743172	0	0
201.793177	0	0
201.843182	0	0
201.893187	0	0
201.943192	0	0
201.993197	0	0
202.043202	0	0
202.093207	0	0
202.143212	0	0
202.193217	0	0
202.243222	0	0
202.293227	0	0
202.343232	0	0
202.393237	0	0
202.443242	0	0
202.493247	0	0
202.543252	0	0
202.593257	0	0
202.643262	0	0
202.693267	0	0
202.743272	0	0
202.793277	0	0
202.843282	0	0
202.893287	0	0
202.943292	0	0
202.993297	0	0
203.043302	0	0
203.093307	0	0
203.143312	0	0
203.193317	0	0
203.243322	0	0
203.293327	0	0
203.343332	0	0
203.393337	0	0
203.443342	0	0
203.493347	0	0
203.543352	0	0
203.593357	0	0
203.643362	0	0
203.693367	0	0
203.743372	0	0
203.793377	0	0
203.843382	0	0
203.893387	0	0
203.943392	0	0
203.993397	0	0
204.043402	0	0
204.093407	0	0
204.143412	0	0
204.193417	0	0
204.243422	0	0
204.293427	0	0
204.343432	0	0
204.393437	0	0
204.443442	0	0
204.493447	0	0
204.543452	0	0
204.593457	0	0
204.643462	0	0
204.693467	0	0
204.742472	0	0
204.792477	0	0
204.842482	0	0
204.892487	0	0
204.942492	0	0
204.992497	0	0
205.042502	0	0
205.092507	0	0
205.142512	0	0
205.192517	0	0
205.242522	0	0
205.292527	0	0
205.342532	0	0
205.392537	0	0
205.442542	0	0
205.492547	0	0
205.542552	0	0
205.592557	0	0
205.642562	0	0
205.692567	0	0
205.742572	0	0
205.792577	0	0
205.842582	0	0
205.892587	0	0
205.942592	0	0
205.992597	0	0
206.042602	0	0
206.092607	0	0
206.142612	0	0
206.192617	0	0
206.242622	0	0
206.292627	0	0
206.342632	0	0
206.392637	0	0
206.442642	0	0
206.492647	0	0
206.542652	0	0
206.592657	0	0
206.642662	0	0
206.692667	0	0
206.742672	0	0
206.792677	0	0
206.842682	0	0
206.892687	0	0
206.942692	0	0
206.992697	0	0
207.042702	0	0
207.092707	0	0
207.142712	0	0
207.192717	0	0
207.242722	0	0
207.292727	0	0
207.342732	0	0
207.392737	0	0
207.442742	0	0
207.492747	0	0
207.542752	0	0
207.592757	0	0
207.642762	0	0
207.692767	0	0
207.742772	0	0
207.792777	0	0
207.842782	0	0
207.892787	0	0
207.942792	0	0
207.992797	0	0
208.042802	0	0
208.092807	0	0
208.142812	0	0
208.192817	0	0
208.242822	0	0
208.292827	0	0
208.342832	0	0
208.392837	0	0
208.442842	0	0
208.492847	0	0
208.542852	0	0
208.592857	0	0
208.642862	0	0
208.692867	0	0
208.742872	0	0
208.792877	0	0
208.842882	0	0
208.892887	0	0
208.942892	0	0
208.992897	0	0
209.042902	0	0
209.092907	0	0
209.142912	0	0
209.192917	0	0
209.242922	0	0
209.292927	0	0
209.342932	0	0
209.392937	0	0
209.442942	0	0
209.492947	0	0
209.542952	0	0
209.592957	0	0
209.642962	0	0
209.692967	0	0
209.742972	0	0
209.792977	0	0
209.842982	0	0
209.892987	0	0
209.942992	0	0
209.992997	0	0
210.043002	0	0
210.093007	0	0
210.143012	0	0
210.193017	0	0
210.243022	0	0
210.293027	0	0
210.343032	0	0
210.393037	0	0
210.443042	0	0
210.493047	0	0
210.543052	0	0
210.593057	0	0
210.643062	0	0
210.693067	0	0
210.743072	0	0
210.793077	0	0
210.843082	0	0
210.893087	0	0
210.943092	0	0
210.993097	0	0
211.043102	0	0
211.093107	0	0
211.143112	0	0
211.193117	0	0
211.243122	0	0
211.293127	0	0
211.343132	0	0
211.393137	0	0
211.443142	0	0
211.493147	0	0
211.543152	0	0
211.593157	0	0
211.643162	0	0
211.693167	0	0
211.743172	0	0
211.793177	0	0
211.843182	0	0
211.893187	0	0
211.943192	0	0
211.993197	0	0
212.043202	0	0
212.093207	0	0
212.143212	0	0
212.193217	0	0
212.243222	0	0
212.293227	0	0
212.343232	0	0
212.393237	0	0
212.443242	0	0
212.493247	0	0
212.543252	0	0
212.593257	0	0
212.643262	0	0
212.693267	0	0
212.743272	0	0
212.793277	0	0
212.843282	0	0
212.893287	0	0
212.943292	0	0
212.993297	0	0
213.043302	0	0
213.093307	0	0
213.143312	0	0
213.193317	0	0
213.243322	0	0
213.293327	0	0
213.343332	0	0
213.393337	0	0
213.443342	0	0
213.493347	0	0
213.543352	0	0
213.593357	0	0
213.643362	0	0
213.693367	0	0
213.743372	0	0
213.793377	0	0
213.843382	0	0
213.893387	0	0
213.943392	0	0
213.993397	0	0
214.043402	0	0
214.093407	0	0
214.143412	0	0
214.193417	0	0
214.243422	0	0
214.293427	0	0
214.343432	0	0
214.393437	0	0
214.443442	0	0
214.493447	0	0
214.543452	0	0
214.593457	0	0
214.643462	0	0
214.693467	0	0
214.743472	0	0
214.793477	0	0
214.843482	0	0
214.893487	0	0
214.943492	0	0
214.993497	0	0
215.043502	0	0
215.093507	0	0
215.143512	0	0
215.193517	0	0
215.243522	0	0
215.293527	0	0
215.343532	0	0
215.393537	0	0
215.443542	0	0
215.493547	0	0
215.543552	0	0
215.593557	0	0
215.643562	0	0
215.693567	0	0
215.743572	0	0
215.793577	0	0
215.843582	0	0
215.893587	0	0
215.943592	0	0
215.993597	0	0
216.043602	0	0
216.093607	0	0
216.143612	0	0
216.193617	0	0
216.243622	0	0
216.293627	0	0
216.343632	0	0
216.393637	0	0
216.443642	0	0
216.493647	0	0
216.543652	0	0
216.593657	0	0
216.643662	0	0
216.693667	0	0
216.743672	0	0
216.793677	0	0
216.843682	0	0
216.893687	0	0
216.943692	0	0
216.993697	0	0
217.043702	0	0
217.093707	0	0
217.143712	0	0
217.193717	0	0
217.243722	0	0
217.293727	0	0
217.343732	0	0
217.393737	0	0
217.443742	0	0
217.493747	0	0
217.543752	0	0
217.593757	0	0
217.643762	0	0
217.693767	0	0
217.743772	0	0
217.793777	0	0
217.843782	0	0
217.893787	0	0
217.943792	0	0
217.993797	0	0
218.043802	0	0
218.093807	0	0
218.143812	0	0
218.193817	0	0
218.243822	0	0
218.293827	0	0
218.343832	0	0
218.393837	0	0
218.443842	0	0
218.493847	0	0
218.543852	0	0
218.593857	0	0
218.643862	0	0
218.693867	0	0
218.743872	0	0
218.793877	0	0
218.843882	0	0
218.893887	0	0
218.943892	0	0
218.993897	0	0
219.043902	0	0
219.093907	0	0
219.143912	0	0
219.193917	0	0
219.243922	0	0
219.293927	0	0
219.343932	0	0
219.393937	0	0
219.443942	0	0
219.493947	0	0
219.543952	0	0
219.593957	0	0
219.643962	0	0
219.693967	0	0
219.743972	0	0
219.793977	0	0
219.843982	0	0
219.893987	0	0
219.943992	0	0
219.993997	0	0
220.044002	0	0
220.094007	0	0
220.144012	0	0
220.194017	0	0
220.244022	0	0
220.294027	0	0
220.344032	0	0
220.394037	0	0
220.444042	0	0
220.494047	0	0
220.544052	0	0
220.594057	0	0
220.644062	0	0
220.694067	0	0
220.744072	0	0
220.794077	0	0
220.844082	0	0
220.894087	0	0
220.944092	0	0
220.994097	0	0
221.044102	0	0
221.094107	0	0
221.144112	0	0
221.194117	0	0
221.244122	0	0
221.294127	0	0
221.344132	0	0
221.394137	0	0
221.444142	0	0
221.494147	0	0
221.544152	0	0
221.594157	0	0
221.644162	0	0
221.694167	0	0
221.744172	0	0
221.794177	0	0
221.844182	0	0
221.894187	0	0
221.944192	0	0
221.994197	0	0
222.044202	0	0
222.094207	0	0
222.144212	0	0
222.194217	0	0
222.244222	0	0
222.293227	0	0
222.343232	0	0
222.393237	0	0
222.443242	0	0
222.493247	0	0
222.543252	0	0
222.593257	0	0
222.643262	0	0
222.693267	0	0
222.744272	0	0
222.793277	0	0
222.843282	0	0
222.893287	0	0
222.943292	0	0
222.993297	0	0
223.043302	0	0
223.093307	0	0
223.143312	0	0
223.193317	0	0
223.243322	0	0
223.293327	0	0
223.343332	0	0
223.393337	0	0
223.443342	0	0
223.493347	0	0
223.543352	0	0
223.593357	0	0
223.643362	0	0
223.693367	0	0
223.744372	0	0
223.793377	0	0
223.843382	0	0
223.893387	0	0
223.943392	0	0
223.993397	0	0
224.043402	0	0
224.093407	0	0
224.143412	0	0
224.193417	0	0
224.243422	0	0
224.293427	0	0
224.343432	0	0
224.393437	0	0
224.443442	0	0
224.493447	0	0
224.543452	0	0
224.593457	0	0
224.643462	0	0
224.693467	0	0
224.743472	0	0
224.793477	0	0
224.843482	0	0
224.893487	0	0
224.943492	0	0
224.993497	0	0
225.043502	0	0
225.093507	0	0
225.143512	0	0
225.193517	0	0
225.243522	0	0
225.293527	0	0
225.343532	0	0
225.393537	0	0
225.443542	0	0
225.493547	0	0
225.543552	0	0
225.593557	0	0
225.643562	0	0
225.693567	0	0
225.743572	0	0
225.793577	0	0
225.843582	0	0
225.893587	0	0
225.943592	0	0
225.993597	0	0
226.043602	0	0
226.093607	0	0
226.143612	0	0
226.193617	0	0
226.243622	0	0
226.293627	0	0
226.343632	0	0
226.393637	0	0
226.443642	0	0
226.493647	0	0
226.543652	0	0
226.593657	0	0
226.643662	0	0
226.693667	0	0
226.743672	0	0
226.793677	0	0
226.843682	0	0
226.893687	0	0
226.943692	0	0
226.993697	0	0
227.043702	0	0
227.093707	0	0
227.143712	0	0
227.193717	0	0
227.243722	0	0
227.293727	0	0
227.343732	0	0
227.393737	0	0
227.443742	0	0
227.493747	0	0
227.543752	0	0
227.593757	0	0
227.643762	0	0
227.693767	0	0
227.743772	0	0
227.793777	0	0
227.843782	0	0
227.893787	0	0
227.943792	0	0
227.993797	0	0
228.043802	0	0
228.093807	0	0
228.143812	0	0
228.193817	0	0
228.243822	0	0
228.293827	0	0
228.343832	0	0
228.393837	0	0
228.443842	0	0
228.493847	0	0
228.543852	0	0
228.593857	0	0
228.643862	0	0
228.693867	0	0
228.743872	0	0
228.793877	0	0
228.843882	0	0
228.893887	0	0
228.943892	0	0
228.993897	0	0
229.043902	0	0
229.093907	0	0
229.143912	0	0
229.193917	0	0
229.243922	0	0
229.293927	0	0
229.343932	0	0
229.393937	0	0
229.443942	0	0
229.493947	0	0
229.543952	0	0
229.593957	0	0
229.643962	0	0
229.693967	0	0
229.743972	0	0
229.793977	0	0
229.843982	0	0
229.893987	0	0
229.943992	0	0
229.993997	0	0
230.044002	0	0
230.094007	0	0
230.144012	0	0
230.194017	0	0
230.244022	0	0
230.294027	0	0
230.344032	0	0
230.394037	0	0
230.444042	0	0
230.494047	0	0
230.544052	0	0
230.594057	0	0
230.644062	0	0
230.694067	0	0
230.744072	0	0
230.794077	0	8
230.844082	0	8
230.894087	0	8
230.944092	0	24
230.994097	0	88
231.044102	0	180
231.094107	0	180
231.144112	0	180
231.194117	0	180
231.244122	0	220
231.294127	0	408
231.344132	0	456
231.394137	0	504
231.444142	0	504
231.494147	0	504
231.544152	0	504
231.594157	0	504
231.644162	0	504
231.694167	0	504
231.744172	0	504
231.794177	0	504
231.844182	0	504
231.894187	0	504
231.944192	0	504
231.994197	0	504
232.044202	0	504
232.094207	0	504
232.144212	0	504
232.194217	0	504
232.244222	0	504
232.294227	0	504
232.344232	0	504
232.394237	0	504
232.444242	0	504
232.494247	0	504
232.544252	0	504
232.594257	0	504
232.644262	0	504
232.694267	0	504
232.744272	0	504
232.794277	0	504
232.844282	0	504
232.894287	0	504
232.944292	0	504
232.994297	0	504
233.044302	0	504
233.094307	0	504
233.144312	0	504
233.194317	0	504
233.244322	0	504
233.294327	0	504
233.344332	0	504
233.394337	0	504
233.444342	0	504
233.494347	0	504
233.544352	0	504
233.594357	0	504
233.644362	0	504
233.694367	0	504
233.744372	0	504
233.794377	0	504
233.844382	0	504
233.894387	0	504
233.944392	0	504
233.994397	0	504
234.044402	0	504
234.094407	0	504
234.144412	0	504
234.194417	0	504
234.244422	0	504
234.294427	0	504
234.344432	0	504
234.394437	0	504
234.444442	0	504
234.494447	0	504
234.544452	0	504
234.594457	0	504
234.644462	0	504
234.694467	0	504
234.744472	0	504
234.794477	0	504
234.844482	0	504
234.894487	0	504
234.944492	0	504
234.994497	0	504
235.044502	0	504
235.094507	0	504
235.144512	0	504
235.194517	0	504
235.244522	0	504
235.294527	0	504
235.344532	0	504
235.394537	0	504
235.444542	0	504
235.494547	0	504
235.544552	0	504
235.594557	0	504
235.644562	0	504
235.694567	0	504
235.744572	0	504
235.794577	0	504
235.844582	0	504
235.894587	0	504
235.944592	0	504
235.994597	0	504
236.044602	0	504
236.094607	0	504
236.144612	0	504
236.194617	0	504
236.244622	0	504
236.294627	0	504
236.344632	0	504
236.394637	0	504
236.444642	0	504
236.494647	0	504
236.544652	0	504
236.594657	0	504
236.644662	0	504
236.694667	0	504
236.744672	0	504
236.794677	0	504
236.844682	0	504
236.894687	0	504
236.944692	0	504
236.994697	0	504
237.044702	0	504
237.094707	0	504
237.144712	0	504
237.194717	0	504
237.244722	0	504
237.294727	0	504
237.344732	0	504
237.394737	0	504
237.444742	0	504
237.494747	0	504
237.544752	0	504
237.594757	0	504
237.644762	0	504
237.694767	0	504
237.744772	0	504
237.794777	0	504
237.844782	0	504
237.894787	0	504
237.944792	0	504
237.994797	0	504
238.044802	0	504
238.094807	0	504
238.144812	0	504
238.194817	0	504
238.244822	0	504
238.294827	0	504
238.344832	0	504
238.394837	0	504
238.444842	0	504
238.494847	0	504
238.544852	0	504
238.594857	0	504
238.644862	0	504
238.694867	0	504
238.744872	0	504
238.794877	0	504
238.844882	0	504
238.894887	0	504
238.944892	0	504
238.994897	0	504
239.044902	0	504
239.094907	0	504
239.144912	0	504
239.194917	0	504
239.244922	0	504
239.294927	0	504
239.344932	0	504
239.394937	0	504
239.444942	0	504
239.494947	0	504
239.544952	0	504
239.594957	0	504
239.644962	0	504
239.693967	0	504
239.743972	0	504
239.793977	0	504
239.843982	0	504
239.893987	0	504
239.943992	0	504
239.993997	0	504
240.044002	0	504
240.094007	0	504
240.144012	0	504
240.194017	0	504
240.244022	0	504
240.294027	0	504
240.344032	0	504
240.394037	0	504
240.444042	0	504
240.494047	0	504
240.544052	0	504
240.594057	0	504
240.644062	0	504
240.694067	0	504
240.744072	0	504
240.794077	0	504
240.844082	0	504
240.894087	0	504
240.944092	0	504
240.994097	0	504
241.044102	0	504
241.094107	0	504
241.144112	0	504
241.194117	0	504
241.244122	0	504
241.294127	0	504
241.344132	0	504
241.394137	0	504
241.444142	0	504
241.494147	0	504
241.544152	0	504
241.594157	0	504
241.644162	0	504
241.694167	0	504
241.744172	0	504
241.794177	0	504
241.844182	0	504
241.894187	0	504
241.944192	0	504
241.994197	0	504
242.044202	0	504
242.094207	0	504
242.144212	0	504
242.194217	0	504
242.244222	0	504
242.294227	0	504
242.344232	0	504
242.394237	0	504
242.444242	0	504
242.494247	0	504
242.544252	0	504
242.594257	0	504
242.644262	0	504
242.694267	0	504
242.744272	0	504
242.794277	0	504
242.844282	0	504
242.894287	0	504
242.944292	0	504
242.994297	0	504
243.044302	0	504
243.094307	0	504
243.144312	0	504
243.194317	0	504
243.244322	0	504
243.294327	0	504
243.344332	0	504
243.394337	0	504
243.444342	0	504
243.494347	0	504
243.544352	0	504
243.594357	0	504
243.644362	0	504
243.694367	0	504
243.744372	0	504
243.794377	0	504
243.844382	0	504
243.894387	0	504
243.944392	0	504
243.994397	0	504
244.044402	0	504
244.094407	0	504
244.144412	0	504
244.194417	0	504
244.244422	0	504
244.294427	0	504
244.344432	0	504
244.394437	0	504
244.444442	0	504
244.494447	0	504
244.544452	0	504
244.594457	0	504
244.644462	0	504
244.694467	0	504
244.744472	0	504
244.794477	0	504
244.844482	0	504
244.894487	0	504
244.944492	0	504
244.994497	0	504
245.044502	0	504
245.094507	0	504
245.144512	0	504
245.194517	0	504
245.244522	0	504
245.294527	0	504
245.344532	0	504
245.394537	0	504
245.444542	0	504
245.494547	0	504
245.544552	0	504
245.594557	0	504
245.644562	0	504
245.694567	0	504
245.744572	0	504
245.794577	0	504
245.844582	0	504
245.894587	0	504
245.944592	0	504
245.994597	0	504
246.044602	0	504
246.094607	0	504
246.144612	0	504
246.194617	0	504
246.244622	0	504
246.294627	0	504
246.344632	0	504
246.394637	0	504
246.444642	0	504
246.494647	0	504
246.544652	0	504
246.594657	0	504
246.644662	0	504
246.694667	0	504
246.744672	0	504
246.794677	0	504
246.844682	0	504
246.894687	0	504
246.944692	0	504
246.994697	0	504
247.044702	0	504
247.094707	0	504
247.144712	0	504
247.194717	0	504
247.244722	0	504
247.294727	0	504
247.344732	0	504
247.394737	0	504
247.444742	0	504
247.494747	0	504
247.544752	0	504
247.594757	0	504
247.644762	0	504
247.694767	0	504
247.744772	0	504
247.794777	0	504
247.844782	0	504
247.894787	0	504
247.944792	0	504
247.994797	0	504
248.044802	0	504
248.094807	0	504
248.144812	0	504
248.194817	0	504
248.244822	0	504
248.294827	0	504
248.344832	0	504
248.394837	0	504
248.444842	0	504
248.494847	0	504
248.544852	0	504
248.594857	0	504
248.644862	0	504
248.694867	0	504
248.744872	0	504
248.794877	0	504
248.844882	0	504
248.894887	0	504
248.944892	0	504
248.994897	0	504
249.044902	0	504
249.094907	0	504
249.144912	0	504
249.194917	0	504
249.244922	0	504
249.294927	0	504
249.344932	0	504
249.394937	0	504
249.444942	0	504
249.494947	0	504
249.544952	0	504
249.594957	0	504
249.644962	0	504
249.694967	0	504
249.744972	0	504
249.794977	0	504
249.844982	0	504
249.894987	0	504
249.944992	0	504
249.994997	0	504
250.045002	0	504
250.095007	0	504
250.145012	0	504
250.195017	0	504
250.245022	0	504
250.295027	0	504
250.345032	0	504
250.395037	0	504
250.445042	0	504
250.495047	0	504
250.545052	0	504
250.595057	0	504
250.645062	0	504
250.695067	0	504
250.745072	0	504
250.795077	0	504
250.845082	0	504
250.895087	0	504
250.945092	0	504
250.995097	0	504
251.045102	0	504
251.095107	0	504
251.145112	0	504
251.195117	0	504
251.245122	0	504
251.295127	0	504
251.345132	0	504
251.395137	0	504
251.445142	0	504
251.495147	0	504
251.545152	0	504
251.595157	0	504
251.645162	0	504
251.695167	0	504
251.745172	0	504
251.795177	0	504
251.845182	0	504
251.895187	0	504
251.945192	0	504
251.995197	0	504
252.045202	0	504
252.095207	0	504
252.145212	0	504
252.195217	0	504
252.245222	0	504
252.295227	0	504
252.345232	0	504
252.395237	0	504
252.445242	0	504
252.495247	0	504
252.545252	0	504
252.595257	0	504
252.645262	0	504
252.695267	0	504
252.745272	0	504
252.795277	0	504
252.845282	0	504
252.895287	0	504
252.945292	0	504
252.995297	0	504
253.045302	0	504
253.095307	0	504
253.145312	0	504
253.195317	0	504
253.245322	0	504
253.295327	0	504
253.345332	0	504
253.395337	0	504
253.445342	0	504
253.495347	0	504
253.545352	0	504
253.595357	0	504
253.645362	0	504
253.695367	0	504
253.745372	0	504
253.795377	0	504
253.845382	0	504
253.895387	0	504
253.945392	0	504
253.995397	0	504
254.045402	0	504
254.095407	0	504
254.145412	0	504
254.195417	0	504
254.245422	0	504
254.295427	0	504
254.345432	0	504
254.395437	0	504
254.445442	0	504
254.495447	0	504
254.545452	0	504
254.595457	0	504
254.645462	0	504
254.695467	0	504
254.745472	0	504
254.795477	0	504
254.845482	0	504
254.895487	0	504
254.945492	0	504
254.995497	0	504
255.045502	0	504
255.095507	0	504
255.145512	0	504
255.195517	0	504
255.245522	0	504
255.295527	0	504
255.345532	0	504
255.395537	0	504
255.445542	0	504
255.495547	0	504
255.545552	0	504
255.595557	0	504
255.645562	0	504
255.695567	0	504
255.745572	0	504
255.795577	0	504
255.845582	0	504
255.895587	0	504
255.945592	0	504
255.995597	0	504
256.045602	0	504
256.095607	0	504
256.145612	0	504
256.195617	0	504
256.245622	0	504
256.295627	0	504
256.345632	0	504
256.395637	0	504
256.445642	0	504
256.495647	0	504
256.545652	0	504
256.595657	0	504
256.645662	0	504
256.695667	0	504
256.745672	0	504
256.795677	0	504
256.845682	0	504
256.895687	0	504
256.945692	0	504
256.995697	0	504
257.045702	0	504
257.095707	0	504
257.145712	0	504
257.194717	0	504
257.244722	0	504
257.294727	0	504
257.344732	0	504
257.394737	0	504
257.444742	0	504
257.494747	0	504
257.544752	0	504
257.594757	0	504
257.644762	0	504
257.694767	0	504
257.744772	0	504
257.794777	0	504
257.844782	0	504
257.894787	0	504
257.944792	0	504
257.994797	0	504
258.044802	0	504
258.094807	0	504
258.144812	0	504
258.194817	0	504
258.244822	0	504
258.294827	0	504
258.344832	0	504
258.394837	0	504
258.444842	0	504
258.494847	0	504
258.544852	0	504
258.594857	0	504
258.644862	0	504
258.694867	0	504
258.744872	0	504
258.794877	0	504
258.844882	0	504
258.894887	0	504
258.944892	0	504
258.994897	0	504
259.044902	0	504
259.094907	0	504
259.144912	0	504
259.194917	0	504
259.244922	0	504
259.294927	0	504
259.344932	0	504
259.394937	0	504
259.444942	0	504
259.494947	0	504
259.544952	0	504
259.594957	0	504
259.644962	0	504
259.694967	0	504
259.744972	0	504
259.794977	0	504
259.844982	0	504
259.894987	0	504
259.944992	0	504
259.994997	0	504
260.045002	0	504
260.095007	0	504
260.145012	0	424
260.195017	0	212
260.245022	0	0
260.295027	0	0
260.345032	0	0
260.395037	0	0
260.445042	0	0
260.495047	0	0
260.545052	0	0
260.595057	0	0
260.645062	0	0
260.695067	0	0
260.745072	0	0
260.795077	0	80
260.845082	0	144
260.895087	0	144
260.945092	0	144
260.995097	0	196
261.045102	0	332
261.095107	0	532
261.145112	0	908
261.195117	0	956
261.245122	0	956
261.295127	0	956
261.345132	0	1056
261.395137	0	1056
261.445142	0	1080
261.495147	0	1080
261.545152	0	1088
261.595157	0	1268
261.645162	0	1504
261.695167	0	1504
261.745172	-332	1576
261.795177	-332	1612
261.845182	-332	1644
261.895187	-332	1668
261.945192	-332	1724
261.995197	-332	1772
262.045202	-332	1788
262.095207	-332	1796
262.145212	-332	1804
262.195217	-332	1804
262.245222	-332	1824
262.295227	-332	1852
262.345232	-332	1928
262.395237	-332	1980
262.445242	-332	2124
262.495247	-332	2212
262.545252	-332	2352
262.595257	-356	2432
262.645262	-356	2520
262.695267	-356	2636
262.745272	-356	2788
262.795277	-356	2940
262.845282	-356	3044
262.895287	-356	3080
262.945292	-356	3248
262.995297	-356	3448
263.045302	-356	3672
263.095307	-356	3988
263.145312	-356	4276
263.195317	-356	4456
263.245322	-356	4548
263.295327	-356	4704
263.345332	-356	4920
263.395337	-356	5196
263.445342	-356	5572
263.495347	-356	5904
263.545352	-356	6176
263.595357	-356	6232
263.645362	-356	6232
263.695367	-356	6232
263.745372	-356	6232
263.795377	-356	6232
263.845382	-356	6232
263.895387	-356	6232
263.945392	-356	6232
263.995397	-356	6232
264.045402	-356	6232
264.095407	-356	6360
264.145412	-356	6532
264.195417	-356	6652
264.245422	-356	6748
264.295427	-356	6852
264.345432	-344	7004
264.395437	-276	7092
264.445442	-276	7288
264.495447	-192	7448
264.545452	-184	7568
264.595457	-116	7680
264.645462	-112	7704
264.695467	-112	7792
264.745472	-80	7832
264.795477	-80	7884
264.845482	-64	7896
264.895487	-60	7924
264.945492	-60	7944
264.995497	-56	8000
265.045502	-36	8040
265.095507	-16	8108
265.145512	-4	8160
265.195517	-4	8180
265.245522	13	8248
265.295527	13	8252
265.345532	13	8252
265.395537	13	8308
265.445542	13	8336
265.495547	17	8416
265.545552	57	8516
265.595557	69	8592
265.645562	73	8648
265.695567	73	8728
265.745572	73	8728
265.795577	89	8768
265.845582	89	8792
265.895587	89	8824
265.945592	89	8836
265.995597	89	8856
266.045602	89	8856
266.095607	89	8868
266.145612	89	8868
266.195617	89	8868
266.245622	89	8868
266.295627	89	8868
266.345632	89	8868
266.395637	89	8868
266.445642	89	8868
266.495647	89	8868
266.545652	89	8868
266.595657	89	8868
266.645662	89	8868
266.695667	89	8868
266.745672	89	8868
266.795677	89	8868
266.845682	89	8868
266.895687	89	8868
266.945692	89	8868
266.995697	89	8868
267.045702	89	8868
267.095707	89	8872
267.145712	89	8896
267.195717	89	8912
267.245722	89	8912
267.295727	89	8948
267.345732	89	9012
267.395737	89	9036
267.445742	89	9052
267.495747	89	9072
267.545752	89	9072
267.595757	89	9096
267.645762	89	9116
267.695767	89	9116
267.745772	89	9120
267.795777	89	9120
267.845782	89	9156
267.895787	89	9196
267.945792	89	9196
267.995797	89	9196
268.045802	89	9196
268.095807	89	9196
268.145812	89	9220
268.195817	89	9220
268.245822	89	9224
268.295827	89	9248
268.345832	89	9248
268.395837	89	9312
268.445842	89	9312
268.495847	89	9312
268.545852	89	9312
268.595857	89	9312
268.645862	89	9312
268.695867	89	9312
268.745872	89	9312
268.795877	89	9312
268.845882	89	9312
268.895887	89	9312
268.945892	89	9312
268.995897	89	9312
269.045902	89	9312
269.095907	89	9312
269.145912	89	9312
269.195917	89	9312
269.245922	89	9312
269.295927	89	9312
269.345932	89	9312
269.395937	89	9312
269.445942	89	9312
269.495947	89	9312
269.545952	89	9312
269.595957	89	9312
269.645962	89	9312
269.695967	89	9312
269.745972	89	9312
269.795977	89	9312
269.845982	89	9312
269.895987	89	9312
269.945992	89	9312
269.995997	89	9312
270.046002	89	9312
270.096007	89	9312
270.146012	89	9312
270.196017	89	9312
270.246022	89	9312
270.296027	89	9312
270.346032	89	9312
270.396037	89	9312
270.446042	89	9312
270.496047	89	9312
270.546052	89	9312
270.596057	89	9312
270.646062	89	9312
270.696067	89	9312
270.746072	89	9312
270.796077	89	9312
270.846082	89	9312
270.896087	89	9312
270.946092	89	9312
270.996097	89	9312
271.046102	89	9312
271.096107	89	9312
271.146112	89	9312
271.196117	89	9312
271.246122	89	9312
271.296127	89	9312
271.346132	89	9312
271.396137	89	9312
271.446142	89	9312
271.496147	89	9312
271.546152	89	9312
271.596157	89	9312
271.646162	89	9312
271.696167	89	9312
271.746172	89	9312
271.796177	89	9312
271.846182	89	9312
271.896187	89	9312
271.946192	89	9312
271.996197	89	9312
272.046202	89	9312
272.096207	89	9312
272.146212	89	9312
272.196217	89	9312
272.246222	89	9312
272.296227	89	9312
272.346232	89	9312
272.396237	89	9312
272.446242	89	9312
272.496247	89	9312
272.546252	89	9312
272.596257	89	9312
272.646262	89	9312
272.696267	89	9312
272.746272	89	9312
272.796277	89	9312
272.846282	89	9312
272.896287	89	9312
272.946292	89	9312
272.996297	89	9312
273.046302	89	9312
273.096307	89	9312
273.146312	89	9312
273.196317	89	9312
273.246322	89	9312
273.296327	89	9312
273.346332	89	9312
273.396337	89	9312
273.446342	89	9312
273.496347	89	9312
273.546352	89	9312
273.596357	89	9312
273.646362	89	9312
273.696367	89	9312
273.746372	89	9312
273.796377	89	9312
273.846382	89	9312
273.896387	89	9312
273.946392	89	9312
273.996397	89	9312
274.046402	89	9312
274.096407	89	9312
274.146412	89	9312
274.196417	89	9312
274.246422	89	9312
274.296427	89	9312
274.346432	89	9312
274.396437	89	9312
274.446442	89	9316
274.496447	89	9316
274.546452	89	9316
274.596457	89	9316
274.646462	89	9316
274.695467	89	9316
274.745472	89	9316
274.795477	89	9316
274.845482	89	9316
274.895487	89	9316
274.945492	89	9316
274.995497	89	9316
275.045502	89	9316
275.095507	89	9316
275.145512	89	9316
275.195517	89	9316
275.245522	89	9316
275.295527	89	9316
275.345532	89	9316
275.395537	89	9316
275.445542	89	9316
275.495547	89	9316
275.545552	89	9316
275.595557	89	9340
275.645562	89	9340
275.695567	89	9368
275.745572	89	9368
275.795577	89	9368
275.845582	89	9368
275.895587	89	9368
275.945592	89	9368
275.995597	89	9368
276.045602	89	9404
276.095607	89	9404
276.145612	89	9404
276.195617	89	9404
276.245622	89	9404
276.295627	89	9420
276.345632	89	9420
276.395637	89	9436
276.445642	89	9464
276.495647	89	9488
276.545652	89	9488
276.595657	89	9488
276.645662	89	9488
276.695667	89	9488
276.745672	89	9488
276.795677	89	9488
276.845682	89	9488
276.895687	89	9488
276.945692	89	9488
276.995697	89	9488
277.045702	89	9488
277.095707	89	9488
277.145712	89	9488
277.195717	89	9488
277.245722	89	9488
277.295727	89	9488
277.345732	89	9488
277.395737	89	9488
277.445742	89	9488
277.495747	89	9488
277.545752	89	9488
277.595757	89	9488
277.645762	89	9488
277.695767	89	9488
277.745772	89	9488
277.795777	89	9488
277.845782	89	9496
277.895787	89	9508
277.945792	89	9528
277.995797	89	9540
278.045802	89	9540
278.095807	89	9556
278.145812	89	9560
278.195817	89	9560
278.245822	89	9560
278.295827	89	9560
278.345832	89	9560
278.395837	89	9560
278.445842	89	9560
278.495847	89	9560
278.545852	89	9560
278.595857	89	9560
278.645862	89	9560
278.695867	89	9564
278.745872	89	9564
278.795877	89	9564
278.845882	89	9564
278.895887	89	9564
278.945892	89	9564
278.995897	89	9564
279.045902	89	9564
279.095907	89	9588
279.145912	89	9596
279.195917	89	9596
279.245922	89	9596
279.295927	89	9596
279.345932	89	9620
279.395937	89	9620
279.445942	89	9632
279.495947	89	9632
279.545952	89	9632
279.595957	89	9640
279.645962	89	9640
279.695967	89	9648
279.745972	89	9648
279.795977	89	9664
279.845982	89	9664
279.895987	89	9676
279.945992	89	9716
279.995997	89	9716
280.046002	89	9716
280.096007	89	9716
280.146012	89	9716
280.196017	89	9720
280.246022	89	9768
280.296027	89	9808
280.346032	89	9872
280.396037	25	9888
280.446042	-168	9948
280.496047	-652	10004
280.546052	-984	10040
280.596057	-1116	10084
280.646062	-1132	10140
280.696067	-1132	10184
280.746072	-1132	10232
280.796077	-1132	10344
280.846082	-1144	10504
280.896087	-1372	10648
280.946092	-1636	10912
280.996097	-1996	11132
281.046102	-2400	11420
281.096107	-2792	11664
281.146112	-3076	11952
281.196117	-3452	12292
281.246122	-3824	12644
281.296127	-3924	13000
281.346132	-3952	13296
281.396137	-3952	13512
281.446142	-3952	13700
281.496147	-3952	13884
281.546152	-3920	14104
281.596157	-3772	14268
281.646162	-3512	14488
281.696167	-3144	14772
281.746172	-2812	15072
281.796177	-2616	15304
281.846182	-2424	15452
281.896187	-2224	15648
281.946192	-2180	15872
281.996197	-2084	15988
282.046202	-2008	16120
282.096207	-1888	16256
282.146212	-1780	16456
282.196217	-1720	16648
282.246222	-1688	16756
282.296227	-1668	16908
282.346232	-1664	17092
282.396237	-1644	17320
282.446242	-1644	17596
282.496247	-1644	17900
282.546252	-1600	18220
282.596257	-1492	18448
282.646262	-1476	18596
282.696267	-1368	18704
282.746272	-1360	18768
282.796277	-1360	18788
282.846282	-1336	18816
282.896287	-1324	18820
282.946292	-1320	18844
282.996297	-1320	18880
283.046302	-1320	18916
283.096307	-1320	18960
283.146312	-1320	18996
283.196317	-1320	19068
283.246322	-1320	19116
283.296327	-1320	19148
283.346332	-1320	19200
283.396337	-1320	19216
283.446342	-1320	19320
283.496347	-1320	19400
283.546352	-1320	19468
283.596357	-1320	19520
283.646362	-1320	19548
283.696367	-1320	19552
283.746372	-1316	19600
283.796377	-1284	19620
283.846382	-1284	19640
283.896387	-1284	19640
283.946392	-1284	19640
283.996397	-1268	19640
284.046402	-1268	19640
284.096407	-1268	19640
284.146412	-1268	19640
284.196417	-1268	19640
284.246422	-1268	19640
284.296427	-1268	19640
284.346432	-1268	19640
284.396437	-1268	19644
284.446442	-1268	19644
284.496447	-1268	19644
284.546452	-1268	19648
284.596457	-1268	19648
284.646462	-1268	19652
284.696467	-1252	19652
284.746472	-1252	19652
284.796477	-1252	19652
284.846482	-1252	19652
284.896487	-1252	19652
284.946492	-1252	19652
284.996497	-1252	19652
285.046502	-1252	19664
285.096507	-1252	19664
285.146512	-1252	19664
285.196517	-1252	19668
285.246522	-1252	19680
285.296527	-1252	19696
285.346532	-1252	19780
285.396537	-1252	19804
285.446542	-1252	19828
285.496547	-1252	19844
285.546552	-1252	19844
285.596557	-1252	19844
285.646562	-1252	19844
285.696567	-1252	19852
285.746572	-1252	19864
285.796577	-1252	19864
285.846582	-1252	19864
285.896587	-1252	19864
285.946592	-1252	19864
285.996597	-1252	19864
286.046602	-1252	19864
286.096607	-1252	19864
286.146612	-1252	19864
286.196617	-1252	19864
286.246622	-1252	19864
286.296627	-1252	19864
286.346632	-1252	19864
286.396637	-1252	19864
286.446642	-1252	19864
286.496647	-1252	19864
286.546652	-1252	19864
286.596657	-1252	19864
286.646662	-1252	19864
286.696667	-1252	19864
286.746672	-1252	19864
286.796677	-1252	19864
286.846682	-1252	19864
286.896687	-1252	19864
286.946692	-1252	19864
286.996697	-1252	19864
287.046702	-1252	19864
287.096707	-1252	19864
287.146712	-1252	19864
287.196717	-1252	19864
287.246722	-1252	19864
287.296727	-1252	19864
287.346732	-1252	19864
287.396737	-1252	19864
287.446742	-1368	19864
287.496747	-1604	19864
287.546752	-2132	19864
287.596757	-2628	19864
287.646762	-3092	19864
287.696767	-3212	19864
287.746772	-3212	19864
287.796777	-3216	19864
287.846782	-3216	19864
287.896787	-3228	19864
287.946792	-3240	19864
287.996797	-3240	19864
288.046802	-3240	19864
288.096807	-3240	19864
288.146812	-3240	19864
288.196817	-3240	19864
288.246822	-3252	19864
288.296827	-3256	19864
288.346832	-3280	19864
288.396837	-3308	19864
288.446842	-3368	19864
288.496847	-3384	19864
288.546852	-3428	19864
288.596857	-3472	19864
288.646862	-3496	19864
288.696867	-3500	19864
288.746872	-3560	19864
288.796877	-3560	19864
288.846882	-3560	19864
288.896887	-3564	19864
288.946892	-3568	19864
288.996897	-3576	19864
289.046902	-3576	19864
289.096907	-3576	19864
289.146912	-3616	19864
289.196917	-3616	19864
289.246922	-3616	19864
289.296927	-3616	19864
289.346932	-3640	19864
289.396937	-3676	19864
289.446942	-3680	19864
289.496947	-3708	19864
289.546952	-3764	19864
289.596957	-3816	19864
289.646962	-3876	19864
289.696967	-3924	19864
289.746972	-3988	19864
289.796977	-4064	19864
289.846982	-4084	19864
289.896987	-4136	19864
289.946992	-4260	19864
289.996997	-4336	19864
290.047002	-4440	19864
290.097007	-4536	19864
290.147012	-4688	19864
290.197017	-4748	19864
290.247022	-4816	19864
290.297027	-4868	19864
290.347032	-4944	19872
290.397037	-5036	19872
290.447042	-5096	19872
290.497047	-5148	19904
290.547052	-5216	19904
290.597057	-5308	19904
290.647062	-5368	19904
290.697067	-5388	19952
290.747072	-5464	19952
290.797077	-5576	19952
290.847082	-5672	19952
290.897087	-5712	19952
290.947092	-5768	19980
290.997097	-5828	19980
291.047102	-5944	19980
291.097107	-6020	19980
291.147112	-6156	19992
291.197117	-6156	20012
291.247122	-6176	20028
291.297127	-6192	20028
291.347132	-6192	20028
291.397137	-6204	20028
291.447142	-6204	20052
291.497147	-6216	20052
291.547152	-6244	20052
291.597157	-6292	20052
291.647162	-6292	20052
291.697167	-6300	20052
291.747172	-6348	20052
291.797177	-6364	20052
291.847182	-6424	20052
291.897187	-6480	20052
291.947192	-6584	20052
291.997197	-6620	20052
292.047202	-6668	20052
292.097207	-6692	20052
292.146212	-6748	20052
292.196217	-6772	20052
292.246222	-6784	20052
292.296227	-6848	20052
292.346231	-6860	20052
292.396237	-6876	20052
292.446242	-6900	20052
292.496247	-6908	20052
292.546252	-6976	20052
292.596257	-7040	20052
292.646262	-7044	20052
292.696267	-7072	20052
292.746272	-7116	20052
292.796277	-7116	20052
292.846282	-7136	20052
292.896286	-7140	20052
292.946291	-7148	20064
292.996297	-7184	20064
293.046302	-7184	20072
293.096307	-7184	20072
293.146312	-7184	20072
293.196317	-7200	20072
293.246322	-7200	20072
293.296327	-7200	20080
293.346332	-7244	20080
293.396337	-7244	20080
293.446342	-7244	20120
293.496346	-7244	20120
293.546351	-7244	20120
293.596357	-7244	20120
293.646362	-7244	20120
293.696367	-7244	20120
293.746372	-7244	20120
293.796377	-7244	20120
293.846382	-7244	20120
293.896387	-7244	20120
293.946392	-7244	20120
293.996397	-7244	20120
294.046402	-7244	20120
294.096406	-7244	20120
294.146412	-7260	20120
294.196417	-7260	20120
294.246422	-7260	20120
294.296427	-7260	20120
294.346432	-7260	20120
294.396437	-7260	20120
294.446442	-7260	20120
294.496447	-7260	20120
294.546452	-7260	20120
294.596457	-7260	20120
294.646461	-7260	20120
294.696466	-7260	20120
294.746472	-7260	20120
294.796477	-7260	20120
294.846482	-7260	20120
294.896487	-7260	20120
294.946492	-7260	20120
294.996497	-7260	20120
295.046502	-7260	20120
295.096507	-7260	20120
295.146512	-7260	20120
295.196517	-7260	20120
295.246521	-7260	20120
295.296526	-7260	20120
295.346532	-7260	20120
295.396537	-7260	20120
295.446542	-7260	20120
295.496547	-7260	20120
295.546552	-7260	20128
295.596557	-7260	20128
295.646562	-7260	20128
295.696567	-7260	20128
295.746572	-7276	20128
295.796576	-7276	20128
295.846581	-7276	20128
295.896587	-7276	20128
295.946592	-7276	20140
295.996597	-7276	20140
296.046602	-7276	20140
296.096607	-7276	20140
296.146612	-7288	20164
296.196617	-7308	20164
296.246622	-7308	20168
296.296627	-7308	20176
296.346632	-7308	20196
296.396636	-7336	20196
296.446641	-7360	20200
296.496647	-7440	20212
296.546652	-7472	20240
296.596657	-7592	20256
296.646662	-7696	20276
296.696667	-7816	20296
296.746672	-7904	20296
296.796677	-7956	20296
296.846682	-7988	20296
296.896687	-8000	20296
296.946692	-8000	20296
296.996696	-8000	20296
297.046701	-8000	20296
297.096707	-8000	20296
297.146712	-8000	20296
297.196717	-8000	20296
297.246722	-8000	20296
297.296727	-8000	20296
297.346732	-8000	20296
297.396737	-8000	20296
297.446742	-8000	20296
297.496747	-8000	20296
297.546751	-8000	20296
297.596756	-8000	20296
297.646762	-8000	20296
297.696767	-8000	20296
297.746772	-8000	20296
297.796777	-8000	20296
297.846782	-8000	20296
297.896787	-8000	20296
297.946792	-8000	20296
297.996797	-8000	20296
298.046802	-8000	20296
298.096807	-8000	20296
298.146811	-8000	20296
298.196816	-8000	20296
298.246822	-8000	20296
298.296827	-8000	20296
298.346832	-8000	20296
298.396837	-8000	20296
298.446842	-8000	20296
298.496847	-8000	20296
298.546852	-8000	20296
298.596857	-8000	20296
298.646862	-8000	20296
298.696867	-8000	20296
298.746871	-8000	20296
298.796876	-8000	20296
298.846882	-8000	20296
298.896887	-8000	20296
298.946892	-8000	20296
298.996897	-8000	20296
299.046902	-8000	20296
299.096907	-8000	20296
299.146912	-8000	20296
299.196917	-8000	20296
299.246922	-8000	20296
299.296926	-8000	20296
299.346931	-8000	20296
299.396937	-8000	20296
299.446942	-8000	20296
299.496947	-8000	20296
299.546952	-8000	20296
299.596957	-8000	20296
299.646962	-8000	20296
299.696967	-8000	20296
299.746972	-8000	20296
299.796977	-8000	20296
299.846982	-8000	20296
299.896986	-8000	20296
299.946991	-8000	20296
299.996997	-8000	20296
300.047002	-8000	20296
300.097007	-8000	20296
300.147012	-8000	20296
300.197017	-8000	20296
300.247022	-8000	20296
300.297027	-8000	20296
300.347032	-8000	20292
300.397037	-8000	20292
300.447042	-8000	20276
300.497046	-8000	20268
300.547052	-8000	20244
300.597057	-8000	20224
300.647062	-8000	20224
300.697067	-8000	20224
300.747072	-8000	20224
300.797077	-8000	20224
300.847082	-8000	20224
300.897087	-8000	20224
300.947092	-8000	20224
300.997097	-8000	20224
301.047101	-8000	20224
301.097106	-8000	20208
301.147112	-8000	20208
301.197117	-8000	20204
301.247122	-8000	20176
301.297127	-8000	20160
301.347132	-8000	20140
301.397137	-8000	20140
301.447142	-8000	20124
301.497147	-8000	20124
301.547152	-8000	20124
301.597157	-8000	20064
301.647161	-8000	20064
301.697166	-8000	20052
301.747172	-8000	20052
301.797177	-8000	20052
301.847182	-8000	20052
301.897187	-8000	20052
301.947192	-8000	20048
301.997197	-8000	20048
302.047202	-8000	20036
302.097207	-8000	20020
302.147212	-8000	20020
302.197217	-8000	20020
302.247221	-8000	20016
302.297227	-8000	20012
302.347232	-8000	20012
302.397237	-8000	20012
302.447242	-8000	20012
302.497247	-8000	20012
302.547252	-8000	20012
302.597257	-8000	20012
302.647262	-8000	20012
302.697267	-8016	20012
302.747272	-8016	20012
302.797276	-8016	20012
302.847281	-8016	20012
302.897287	-8016	20012
302.947292	-8016	20012
302.997297	-8016	20012
303.047302	-8016	20012
303.097307	-8016	20012
303.147312	-8016	20012
303.197317	-8016	20012
303.247322	-8016	20012
303.297327	-8016	20012
303.347332	-8016	20012
303.397336	-8016	20012
303.447341	-8016	20012
303.497347	-8016	20012
303.547352	-8016	20012
303.597357	-8016	20012
303.647362	-8016	20012
303.697367	-8016	20012
303.747372	-8016	20012
303.797377	-8016	20012
303.847382	-8016	20012
303.897387	-8016	20012
303.947392	-8016	20012
303.997396	-8016	20012
304.047402	-8016	20012
304.097407	-8016	20012
304.147412	-8016	20012
304.197417	-8016	20012
304.247422	-8016	20012
304.297427	-8016	20012
304.347432	-8016	20012
304.397437	-8016	20012
304.447442	-8016	20012
304.497447	-8016	20012
304.547451	-8016	20012
304.597456	-8016	20012
304.647462	-8016	20012
304.697467	-8016	20012
304.747472	-8016	20012
304.797477	-8028	20012
304.847482	-8028	20012
304.897487	-8028	20012
304.947492	-8028	20012
304.997497	-8028	20012
305.047502	-8028	20012
305.097507	-8028	20012
305.147511	-8028	20012
305.197516	-8028	20012
305.247522	-8028	20012
305.297527	-8028	20012
305.347532	-8028	20012
305.397537	-8028	20012
305.447542	-8028	20012
305.497547	-8028	20012
305.547552	-8028	20012
305.597557	-8028	20012
305.647562	-8028	20012
305.697567	-8028	20012
305.747571	-8028	20012
305.797577	-8028	20012
305.847582	-8028	20012
305.897587	-8028	20012
305.947592	-8028	20012
305.997597	-8028	20012
306.047602	-8028	20012
306.097607	-8028	20012
306.147612	-8028	20012
306.197617	-8028	20012
306.247622	-8028	20012
306.297626	-8028	20012
306.347631	-8028	20012
306.397637	-8028	20012
306.447642	-8028	20012
306.497647	-8028	20012
306.547652	-8028	20012
306.597657	-8028	20012
306.647662	-8028	20012
306.697667	-8028	20012
306.747672	-8028	20012
306.797677	-8028	20012
306.847682	-8028	20012
306.897686	-8028	20012
306.947691	-8028	20012
306.997697	-8028	20012
307.047702	-8028	20012
307.097707	-8028	20012
307.147712	-8028	20012
307.197717	-8028	20012
307.247722	-8028	20012
307.297727	-8028	20012
307.347732	-8028	20012
307.397737	-8028	20012
307.447742	-8028	20012
307.497746	-8032	20012
307.547752	-8032	20012
307.597757	-8032	20012
307.647762	-8032	20012
307.697767	-8032	20012
307.747772	-8032	20012
307.797777	-8032	20012
307.847782	-8032	20012
307.897787	-8032	20012
307.947792	-8032	20012
307.997797	-8032	20012
308.047801	-8032	20012
308.097806	-8032	20012
308.147812	-8032	20012
308.197817	-8032	20012
308.247822	-8032	20012
308.297827	-8032	20012
308.347832	-8032	20012
308.397837	-8032	20012
308.447842	-8032	20012
308.497847	-8032	20012
308.547852	-8032	20012
308.597857	-8032	20012
308.647861	-8032	20012
308.697866	-8032	20012
308.747872	-8032	20012
308.797877	-8032	20012
308.847882	-8032	20012
308.897887	-8032	20012
308.947892	-8032	20012
308.997897	-8032	20012
309.047902	-8032	20012
309.097907	-8032	20012
309.147912	-8032	20012
309.197917	-8032	20012
309.247921	-8032	20012
309.297927	-8032	20012
309.347932	-8032	20012
309.397937	-8032	20012
309.447942	-8032	20012
309.497947	-8032	20012
309.547952	-8032	20012
309.597957	-8032	20012
309.646962	-8032	20012
309.696967	-8032	20012
309.746972	-8032	20012
309.796977	-8032	20012
309.846982	-8032	20012
309.896986	-8032	20012
309.946991	-8032	20012
309.996996	-8032	20012
310.047001	-8032	20012
310.097007	-8032	20012
310.147012	-8032	20012
310.197017	-8032	20012
310.247022	-8032	20012
310.297027	-8032	20012
310.347032	-8032	20012
310.397037	-8032	20012
310.447042	-8032	20012
310.497046	-8032	20012
310.547051	-8032	20012
310.597056	-8032	20012
310.647061	-8032	19984
310.697067	-8032	19984
310.747072	-8032	19960
310.797077	-8032	19944
310.847082	-8032	19916
310.897087	-8032	19840
310.947092	-8032	19760
310.997097	-8032	19708
311.047101	-8032	19620
311.097106	-8032	19608
311.147111	-8032	19584
311.197116	-8032	19548
311.247121	-8032	19492
311.297127	-8032	19456
311.347132	-8032	19412
311.397137	-8032	19344
311.447142	-8032	19340
311.497147	-8048	19296
311.547152	-8116	19188
311.597157	-8132	19124
311.647161	-8208	19040
311.697166	-8228	18928
311.747171	-8288	18812
311.797176	-8352	18724
311.847182	-8416	18572
311.897187	-8444	18488
311.947192	-8516	18372
311.997197	-8588	18212
312.047202	-8672	18116
312.097207	-8728	17960
312.147212	-8796	17864
312.197217	-8816	17740
312.247221	-8924	17616
312.297226	-8956	17488
312.347231	-9028	17340
312.397236	-9096	17192
312.447242	-9180	17012
312.497247	-9252	16840
312.547252	-9320	16700
312.597257	-9324	16548
312.647262	-9372	16404
312.697267	-9372	16252
312.747272	-9420	16024
312.797276	-9420	15848
312.847281	-9452	15676
312.897286	-9452	15552
312.947291	-9452	15312
312.997296	-9452	15132
313.047302	-9452	14948
313.097307	-9452	14824
313.147312	-9452	14676
313.197317	-9452	14564
313.247322	-9452	14516
313.297327	-9452	14376
313.347332	-9452	14188
313.397336	-9452	14152
313.447341	-9452	14112
313.497346	-9452	14088
313.547351	-9452	14000
313.597357	-9452	13888
313.647362	-9416	13832
313.697367	-9368	13728
313.747372	-9284	13664
313.797377	-9220	13656
313.847382	-9184	13636
313.897387	-9152	13580
313.947392	-9104	13496
313.997396	-9048	13404
314.047401	-9016	13340
314.097406	-9016	13288
314.147411	-9004	13268
314.197417	-8972	13236
314.247422	-8968	13196
314.297427	-8908	13120
314.347432	-8788	13012
314.397437	-8744	12912
314.447442	-8684	12868
314.497447	-8668	12796
314.547451	-8668	12684
314.597456	-8596	12652
314.647461	-8596	12588
314.697466	-8592	12548
314.747471	-8588	12488
314.797477	-8572	12424
314.847482	-8548	12388
314.897487	-8548	12304
314.947492	-8516	12208
314.997497	-8432	12144
315.047502	-8416	12028
315.097507	-8396	12004
315.147511	-8388	11980
315.197516	-8380	11944
315.247521	-8380	11928
315.297526	-8380	11916
315.347532	-8360	11884
315.397537	-8360	11872
315.447542	-8360	11816
315.497547	-8336	11788
315.547552	-8300	11788
315.597557	-8300	11788
315.647562	-8300	11768
315.697567	-8300	11708
315.747571	-8276	11676
315.797576	-8216	11612
315.847581	-8116	11576
315.897586	-8044	11540
315.947592	-7960	11436
315.997597	-7828	11372
316.047602	-7804	11316
316.097607	-7764	11264
316.147612	-7764	11208
316.197617	-7764	11208
316.247622	-7748	11208
316.297626	-7748	11200
316.347631	-7748	11200
316.397636	-7748	11184
316.447641	-7748	11184
316.497646	-7744	11160
316.547652	-7744	11152
316.597657	-7740	11148
316.647662	-7740	11080
316.697667	-7732	11072
316.747672	-7704	11072
316.797677	-7692	11068
316.847682	-7680	11068
316.897686	-7680	11068
316.947691	-7656	11068
316.997696	-7656	11068
317.047701	-7656	11068
317.097707	-7656	11024
317.147712	-7656	11012
317.197717	-7656	11012
317.247722	-7656	11012
317.297727	-7656	11008
317.347732	-7656	10988
317.397737	-7656	10980
317.447742	-7656	10980
317.497746	-7656	10960
317.547751	-7656	10948
317.597756	-7656	10948
317.647761	-7656	10948
317.697767	-7656	10948
317.747772	-7656	10924
317.797777	-7656	10924
317.847782	-7656	10924
317.897787	-7656	10900
317.947792	-7656	10900
317.997797	-7656	10900
318.047801	-7656	10888
318.097806	-7656	10876
318.147811	-7656	10868
318.197816	-7656	10856
318.247821	-7656	10824
318.297827	-7656	10820
318.347832	-7656	10808
318.397837	-7656	10808
318.447842	-7656	10808
318.497847	-7656	10808
318.547852	-7656	10808
318.597857	-7644	10808
318.647861	-7632	10808
318.697866	-7628	10808
318.747871	-7616	10808
318.797876	-7616	10792
318.847882	-7604	10780
318.897887	-7604	10772
318.947892	-7604	10772
318.997897	-7596	10756
319.047902	-7576	10756
319.097907	-7576	10756
319.147912	-7576	10756
319.197917	-7576	10740
319.247921	-7576	10740
319.297926	-7576	10740
319.347931	-7576	10740
319.397936	-7576	10740
319.447942	-7576	10740
319.497947	-7576	10740
319.547952	-7576	10740
319.597957	-7576	10740
319.647962	-7576	10740
319.697967	-7576	10740
319.747972	-7576	10740
319.797976	-7576	10740
319.847981	-7576	10740
319.897986	-7576	10740
319.947991	-7576	10740
319.997997	-7576	10740
320.048002	-7576	10740
320.098007	-7576	10740
320.148012	-7576	10740
320.198017	-7576	10740
320.248022	-7576	10740
320.298027	-7576	10740
320.348032	-7576	10740
320.398036	-7572	10740
320.448041	-7572	10740
320.498046	-7572	10740
320.548051	-7572	10740
320.598057	-7572	10740
320.648062	-7572	10740
320.698067	-7572	10740
320.748072	-7536	10740
320.798077	-7536	10740
320.848082	-7536	10740
320.898087	-7536	10740
320.948092	-7532	10740
320.998096	-7532	10740
321.048101	-7532	10740
321.098106	-7520	10740
321.148111	-7488	10740
321.198117	-7488	10740
321.248122	-7488	10740
321.298127	-7488	10740
321.348132	-7488	10740
321.398137	-7472	10740
321.448142	-7460	10740
321.498147	-7460	10740
321.548151	-7460	10740
321.598156	-7460	10740
321.648161	-7460	10740
321.698166	-7460	10740
321.748172	-7460	10740
321.798177	-7460	10740
321.848182	-7460	10740
321.898187	-7460	10740
321.948192	-7456	10740
321.998197	-7456	10740
322.048202	-7456	10740
322.098207	-7456	10740
322.148211	-7436	10740
322.198216	-7436	10740
322.248221	-7436	10740
322.298226	-7436	10740
322.348232	-7436	10740
322.398237	-7436	10752
322.448242	-7436	10752
322.498247	-7436	10752
322.548252	-7436	10752
322.598257	-7436	10752
322.648262	-7436	10752
322.698267	-7436	10752
322.748271	-7436	10784
322.798276	-7436	10784
322.848281	-7436	10784
322.898286	-7436	10784
322.948292	-7436	10800
322.998297	-7436	10808
323.048302	-7436	10816
323.098307	-7432	10836
323.148312	-7420	10836
323.198317	-7420	10836
323.248322	-7420	10840
323.298326	-7416	10840
323.348331	-7396	10840
323.398336	-7396	10840
323.448341	-7396	10840
323.498347	-7396	10840
323.548352	-7396	10840
323.598357	-7380	10868
323.648362	-7380	10868
323.698367	-7380	10868
323.748372	-7380	10868
323.798377	-7380	10868
323.848382	-7380	10868
323.898386	-7380	10868
323.948391	-7380	10876
323.998396	-7380	10876
324.048401	-7380	10876
324.098407	-7380	10876
324.148412	-7380	10876
324.198417	-7380	10876
324.248422	-7380	10876
324.298427	-7380	10876
324.348432	-7380	10876
324.398437	-7380	10876
324.448442	-7380	10876
324.498446	-7380	10876
324.548451	-7380	10876
324.598456	-7380	10876
324.648461	-7380	10876
324.698467	-7380	10876
324.748472	-7380	10876
324.798477	-7380	10876
324.848482	-7372	10876
324.898487	-7368	10876
324.948492	-7368	10876
324.998497	-7368	10876
325.048501	-7364	10876
325.098506	-7364	10876
325.148511	-7364	10876
325.198516	-7364	10876
325.248522	-7364	10876
325.298527	-7364	10876
325.348532	-7364	10876
325.398537	-7364	10876
325.448542	-7364	10876
325.498547	-7364	10876
325.548552	-7360	10876
325.598557	-7360	10876
325.648561	-7360	10876
325.698566	-7360	10876
325.748571	-7360	10876
325.798576	-7360	10876
325.848582	-7360	10876
325.898587	-7360	10876
325.948592	-7360	10876
325.998597	-7360	10876
326.048602	-7360	10876
326.098607	-7360	10876
326.148612	-7360	10876
326.198617	-7360	10876
326.248621	-7360	10876
326.298626	-7360	10876
326.348631	-7360	10876
326.398636	-7360	10876
326.448642	-7360	10876
326.498647	-7360	10876
326.548652	-7360	10876
326.598657	-7360	10884
326.648662	-7360	10884
326.698667	-7360	10884
326.748672	-7360	10888
326.798676	-7360	10888
326.848681	-7360	10888
326.898686	-7360	10888
326.948691	-7360	10888
326.998697	-7360	10900
327.048702	-7360	10900
327.098707	-7360	10900
327.147711	-7360	10900
327.197716	-7360	10900
327.247722	-7360	10900
327.297727	-7360	10900
327.347732	-7356	10900
327.397737	-7356	10900
327.447742	-7356	10900
327.497746	-7356	10900
327.547751	-7356	10900
327.597756	-7356	10900
327.647761	-7356	10900
327.697766	-7356	10900
327.747771	-7356	10900
327.797777	-7356	10900
327.847782	-7356	10900
327.897787	-7356	10904
327.947792	-7356	10904
327.997797	-7356	10904
328.047801	-7356	10904
328.097806	-7356	10904
328.147811	-7356	10904
328.197816	-7356	10904
328.247821	-7356	10904
328.297826	-7356	10904
328.347831	-7356	10916
328.397837	-7356	10916
328.447842	-7356	10916
328.497847	-7356	10916
328.547852	-7356	10916
328.597857	-7356	10916
328.647861	-7356	10916
328.697866	-7356	10916
328.747871	-7356	10916
328.797876	-7348	10916
328.847881	-7348	10916
328.897886	-7348	10916
328.947891	-7348	10916
328.997897	-7348	10916
329.047902	-7348	10916
329.097907	-7348	10916
329.147912	-7348	10920
329.197917	-7348	10920
329.247921	-7348	10920
329.297926	-7348	10920
329.347931	-7344	10920
329.397936	-7332	10940
329.447941	-7332	10940
329.497946	-7332	10940
329.547952	-7332	10940
329.597957	-7324	10952
329.647962	-7324	10976
329.697967	-7296	10976
329.747972	-7296	10976
329.797976	-7296	10976
329.847981	-7296	10976
329.897986	-7296	10976
329.947991	-7296	10976
329.997996	-7296	10976
330.048001	-7296	10976
330.098006	-7296	10976
330.148012	-7296	10976
330.198017	-7296	10976
330.248022	-7296	10976
330.298027	-7296	10976
330.348032	-7296	10976
330.398036	-7296	10976
330.448041	-7296	10976
330.498046	-7296	10952
330.548051	-7296	10928
330.598056	-7296	10928
330.648061	-7296	10852
330.698066	-7296	10776
330.748072	-7296	10700
330.798077	-7252	10648
330.848082	-7116	10608
330.898087	-7020	10520
330.948092	-6896	10440
330.998096	-6872	10400
331.048101	-6872	10360
331.098106	-6860	10360
331.148111	-6860	10332
331.198116	-6832	10292
331.248121	-6832	10280
331.298127	-6832	10248
331.348132	-6832	10236
331.398137	-6832	10192
331.448142	-6832	10156
331.498147	-6832	10136
331.548151	-6832	10080
331.598156	-6832	10036
331.648161	-6832	9980
331.698166	-6832	9900
331.748171	-6832	9860
331.798176	-6832	9772
331.848181	-6832	9748
331.898187	-6832	9696
331.948192	-6832	9676
331.998197	-6832	9620
332.048202	-6832	9572
332.098207	-6832	9572
332.148211	-6832	9508
332.198216	-6832	9476
332.248221	-6816	9420
332.298226	-6756	9380
332.348231	-6672	9320
332.398236	-6580	9268
332.448241	-6504	9176
332.498247	-6396	9088
332.548252	-6300	9024
332.598257	-6256	9004
332.648262	-6216	8924
332.698267	-6188	8884
332.748271	-6044	8848
332.798276	-5904	8796
332.848281	-5620	8740
332.898286	-5288	8680
332.948291	-4920	8520
332.998296	-4632	8464
333.048302	-4440	8400
333.098307	-4380	8344
333.148312	-4268	8300
333.198317	-4248	8256
333.248322	-4220	8256
333.298326	-4196	8256
333.348331	-4128	8256
333.398336	-4116	8244
333.448341	-4068	8244
333.498346	-4028	8224
333.548351	-3980	8224
333.598356	-3920	8224
333.648362	-3792	8224
333.698367	-3764	8196
333.748372	-3704	8172
333.798377	-3584	8172
333.848382	-3532	8172
333.898386	-3480	8172
333.948391	-3444	8172
333.998396	-3400	8152
334.048401	-3372	8140
334.098406	-3348	8140
334.148411	-3304	8128
334.198416	-3300	8120
334.248422	-3248	8092
334.298427	-3184	8092
334.348432	-3124	8048
334.398437	-3108	8000
334.448442	-3052	7996
334.498446	-3024	7996
334.548451	-3004	7996
334.598456	-2992	7996
334.648461	-2984	7996
334.698466	-2940	7988
334.748471	-2940	7988
334.798477	-2924	7964
334.848482	-2924	7960
334.898487	-2892	7948
334.948492	-2868	7912
334.998497	-2820	7864
335.048501	-2772	7828
335.098506	-2664	7772
335.148511	-2512	7688
335.198516	-2424	7608
335.248521	-2384	7512
335.298526	-2320	7500
335.348531	-2288	7484
335.398537	-2288	7484
335.448542	-2284	7452
335.498547	-2276	7440
335.548552	-2272	7408
335.598557	-2232	7364
335.648561	-2204	7348
335.698566	-2204	7296
335.748571	-2152	7260
335.798576	-2104	7204
335.848581	-2088	7200
335.898586	-2084	7200
335.948591	-2084	7196
335.998597	-2084	7164
336.048602	-2084	7076
336.098607	-2084	6892
336.148612	-2024	6732
336.198617	-1904	6556
336.248621	-1868	6432
336.298626	-1804	6316
336.348631	-1724	6120
336.398636	-1656	5972
336.448641	-1588	5792
336.498646	-1556	5728
336.548652	-1536	5652
336.598657	-1532	5600
336.648662	-1532	5580
336.698667	-1532	5560
336.748672	-1528	5560
336.798676	-1528	5560
336.848681	-1528	5560
336.898686	-1528	5980
336.948691	-1528	7036
336.998696	-1528	7652
337.048701	-1728	8452
337.098706	-2092	9260
337.148712	-2256	10200
337.198717	-2648	10964
337.248722	-2724	11620
337.298727	-2732	12308
337.348732	-2732	12776
337.398736	-2732	12912
337.448741	-2732	13052
337.498746	-2732	13164
337.548751	-2732	13296
337.598756	-2732	13484
337.648761	-2732	13648
337.698766	-2720	13804
337.748772	-2512	14032
337.798777	-2432	14296
337.848782	-2392	14608
337.898787	-2300	14896
337.948792	-2268	15196
337.998796	-2244	15392
338.048801	-2240	15548
338.098806	-2228	15696
338.148811	-2228	15904
338.198816	-2228	16056
338.248821	-2228	16196
338.298827	-2228	16380
338.348832	-2228	16476
338.398837	-2228	16608
338.448842	-2228	16704
338.498847	-2228	16792
338.548851	-2228	16896
338.598856	-2228	17008
338.648861	-2228	17088
338.698866	-2228	17164
338.748871	-2228	17200
338.798876	-2228	17200
338.848881	-2228	17224
338.898887	-2228	17248
338.948892	-2228	17300
338.998897	-2200	17300
339.048902	-2184	17300
339.098907	-2160	17300
339.148911	-2144	17300
339.198916	-2136	17292
339.248921	-2136	17224
339.298926	-2108	17080
339.348931	-2020	16936
339.398936	-1924	16864
339.448941	-1864	16724
339.498947	-1760	16684
339.548952	-1636	16648
339.598957	-1548	16556
339.648962	-1544	16472
339.698967	-1472	16448
339.748971	-1428	16356
339.798976	-1428	16356
339.848981	-1428	16352
339.898986	-1428	16320
339.948991	-1428	16292
339.998996	-1428	16204
340.049002	-1424	16168
340.099007	-1424	16124
340.149012	-1376	16076
340.199017	-1344	16024
340.249022	-1344	15972
340.299026	-1336	15916
340.349031	-1320	15852
340.399036	-1292	15748
340.449041	-1280	15700
340.499046	-1240	15628
340.549051	-1196	15560
340.599056	-1172	15492
340.649062	-1148	15448
340.699067	-1148	15380
340.749072	-1120	15336
340.799077	-1068	15336
340.849082	-1068	15336
340.899086	-1068	15336
340.949091	-1068	15336
340.999096	-1068	15336
341.049101	-1068	15336
341.099106	-1068	15336
341.149111	-1068	15336
341.199117	-1064	15336
341.249122	-1064	15336
341.299127	-1064	15336
341.349132	-1060	15336
341.399137	-1060	15336
341.449142	-1056	15336
341.499146	-1056	15336
341.549151	-1056	15336
341.599156	-1056	15336
341.649161	-1056	15336
341.699166	-1056	15336
341.749171	-1056	15336
341.799177	-1056	15336
341.849182	-1056	15336
341.899187	-1056	15336
341.949192	-1056	15336
341.999197	-1056	15336
342.049201	-1056	15336
342.099206	-1056	15336
342.149211	-1056	15336
342.199216	-1056	15336
342.249221	-1056	15336
342.299226	-1056	15336
342.349231	-1056	15336
342.399237	-1056	15336
342.449242	-1056	15336
342.499247	-1056	15336
342.549252	-1056	15336
342.599257	-1056	15336
342.649261	-1056	15336
342.699266	-1056	15336
342.749271	-1056	15336
342.799276	-1056	15336
342.849281	-1056	15336
342.899286	-1056	15336
342.949292	-1056	15336
342.999297	-1056	15336
343.049302	-1056	15336
343.099307	-1056	15336
343.149312	-1056	15336
343.199317	-1056	15336
343.249321	-1056	15336
343.299326	-1056	15336
343.349331	-1056	15336
343.399336	-1056	15336
343.449341	-1056	15336
343.499346	-1056	15336
343.549352	-1056	15336
343.599357	-1056	15336
343.649362	-1056	15336
343.699367	-1056	15336
343.749372	-1056	15336
343.799376	-1056	15336
343.849381	-1056	15336
343.899386	-1056	15336
343.949391	-1056	15336
343.999396	-1056	15336
344.049401	-1056	15336
344.099406	-1056	15336
344.149412	-1056	15336
344.199417	-1056	15336
344.249422	-1056	15336
344.299427	-1056	15336
344.349432	-1056	15336
344.399436	-1056	15336
344.449441	-1056	15336
344.499446	-1056	15336
344.549451	-1056	15336
344.598456	-1056	15336
344.648461	-1056	15336
344.698466	-1056	15336
344.748471	-1056	15336
344.798476	-1056	15336
344.848481	-1056	15336
344.898486	-1056	15336
344.948492	-1056	15336
344.998497	-1056	15336
345.048501	-1056	15336
345.098506	-1056	15336
345.148511	-1056	15336
345.198516	-1056	15336
345.248521	-1056	15336
345.298526	-1056	15336
345.348531	-1056	15336
345.398536	-1056	15336
345.448541	-1056	15336
345.498547	-1056	15336
345.548552	-1056	15336
345.598557	-1056	15336
345.648561	-1056	15336
345.698566	-1056	15336
345.748571	-1056	15336
345.798576	-1056	15336
345.848581	-1056	15336
345.898586	-1056	15336
345.948591	-1056	15336
345.998596	-1056	15336
346.048601	-1056	15336
346.098607	-1056	15336
346.148612	-1056	15336
346.198617	-1056	15336
346.248621	-1056	15336
346.298626	-1056	15336
346.348631	-1056	15336
346.398636	-1056	15336
346.448641	-1056	15336
346.498646	-1056	15336
346.548651	-1056	15336
346.598656	-1056	15336
346.648661	-1056	15336
346.698667	-1056	15336
346.748672	-1056	15336
346.798676	-1056	15336
346.848681	-1056	15336
346.898686	-1056	15320
346.948691	-1056	15284
346.998696	-1056	15252
347.048701	-1056	15232
347.098706	-1056	15176
347.148711	-1056	15080
347.198716	-1056	15040
347.248722	-1056	15012
347.298727	-1056	15004
347.348732	-1056	15004
347.398736	-1056	14980
347.448741	-1056	14976
347.498746	-1056	14976
347.548751	-1056	14976
347.598756	-1056	14976
347.648761	-1056	14976
347.698766	-1056	14976
347.748771	-1056	14976
347.798776	-1056	14976
347.848782	-1056	14976
347.898787	-1056	14976
347.948792	-1056	14976
347.998796	-1056	14976
348.048801	-1056	14976
348.098806	-1056	14976
348.148811	-1056	14976
348.198816	-1056	14976
348.248821	-1056	14976
348.298826	-1056	14976
348.348831	-1056	14976
348.398836	-1056	14976
348.448842	-1056	14976
348.498847	-1056	14960
348.548851	-1056	14960
348.598856	-1056	14960
348.648861	-1056	14960
348.698866	-1056	14960
348.748871	-1056	14960
348.798876	-1056	14960
348.848881	-1056	14960
348.898886	-1056	14960
348.948891	-1056	14960
348.998897	-1056	14960
349.048902	-1056	14960
349.098907	-1056	14960
349.148911	-1056	14960
349.198916	-1056	14948
349.248921	-1056	14948
349.298926	-1056	14948
349.348931	-1056	14948
349.398936	-1056	14948
349.448941	-1056	14948
349.498946	-1056	14948
349.548951	-1056	14944
349.598957	-1056	14944
349.648962	-1056	14944
349.698967	-1056	14944
349.748971	-1056	14944
349.798976	-1056	14932
349.848981	-1056	14920
349.898986	-1056	14920
349.948991	-1056	14904
349.998996	-1056	14880
350.049001	-1056	14880
350.099006	-1056	14880
350.149011	-1056	14880
350.199017	-1056	14868
350.249022	-1056	14840
350.299026	-1056	14840
350.349031	-1056	14824
350.399036	-1056	14816
350.449041	-1056	14816
350.499046	-1056	14804
350.549051	-1056	14780
350.599056	-1056	14780
350.649061	-1056	14780
350.699066	-1056	14768
350.749072	-1056	14748
350.799077	-1056	14748
350.849082	-1056	14748
350.899086	-1056	14748
350.949091	-1056	14748
350.999096	-1056	14748
351.049101	-1056	14732
351.153112	-1056	14732
351.199116	-1056	14732
351.254122	-1056	14732
351.299126	-1056	14732
351.349132	-1056	14732
351.399137	-1056	14732
351.449142	-1056	14716
351.499146	-1056	14692
351.549151	-1056	14692
351.599156	-1056	14692
351.649161	-1056	14692
351.699166	-1056	14692
351.749171	-1056	14692
351.799176	-1056	14692
351.849181	-1056	14692
351.899186	-1056	14692
351.949192	-1056	14692
351.999197	-1056	14692
352.049201	-1056	14692
352.099206	-1056	14692
352.149211	-1056	14692
352.199216	-1056	14692
352.249221	-1056	14692
352.299226	-1056	14692
352.349231	-1056	14692
352.399236	-1056	14676
352.449241	-1056	14672
352.499247	-1056	14648
352.549252	-1056	14648
352.599257	-1056	14648
352.649261	-1056	14648
352.699266	-1056	14648
352.749271	-1056	14648
352.799276	-1056	14648
352.849281	-1056	14648
352.899286	-1056	14648
352.949291	-1056	14648
352.999296	-1056	14648
353.049301	-1056	14648
353.099307	-1056	14648
353.149312	-1056	14612
353.199317	-1056	14612
353.249321	-1056	14612
353.299326	-1056	14604
353.349331	-1056	14604
353.399336	-1064	14592
353.449341	-1064	14556
353.499346	-1064	14556
353.549351	-1064	14548
353.599356	-1064	14540
353.649361	-1064	14528
353.699367	-1064	14500
353.749372	-1064	14500
353.799376	-1064	14480
353.849381	-1064	14480
353.899386	-1064	14480
353.949391	-1064	14436
353.999396	-1068	14436
354.049401	-1068	14436
354.099406	-1068	14436
354.149411	-1068	14436
354.199416	-1072	14436
354.249422	-1072	14436
354.299427	-1072	14436
354.349432	-1072	14436
354.399436	-1072	14436
354.449441	-1072	14436
354.499446	-1072	14436
354.549451	-1072	14432
354.599456	-1072	14432
354.649461	-1072	14432
354.699466	-1072	14432
354.749471	-1072	14432
354.799476	-1072	14432
354.849482	-1072	14432
354.899487	-1072	14432
354.949492	-1072	14432
354.999496	-1072	14432
355.049501	-1072	14432
355.099506	-1072	14432
355.149511	-1072	14432
355.199516	-1072	14432
355.249521	-1072	14432
355.299526	-1072	14432
355.349531	-1072	14432
355.399536	-1072	14432
355.449542	-1072	14432
355.499547	-1072	14432
355.549551	-1072	14432
355.599556	-1072	14428
355.649561	-1072	14428
355.699566	-1072	14428
355.749571	-1072	14428
355.799576	-1072	14412
355.849581	-1072	14388
355.899586	-1100	14384
355.949591	-1100	14384
355.999597	-1100	14384
356.049602	-1100	14384
356.099607	-1100	14376
356.149611	-1100	14372
356.199616	-1100	14372
356.249621	-1100	14372
356.299626	-1100	14372
356.349631	-1100	14372
356.399636	-1100	14372
356.449641	-1100	14368
356.499646	-1100	14368
356.549651	-1100	14364
356.599657	-1100	14348
356.649662	-1100	14344
356.699667	-1100	14344
356.749671	-1100	14304
356.799676	-1108	14296
356.849681	-1108	14296
356.899686	-1108	14296
356.949691	-1108	14296
356.999696	-1108	14296
357.049701	-1108	14296
357.099706	-1108	14296
357.149711	-1108	14268
357.199717	-1112	14248
357.249722	-1112	14248
357.299726	-1112	14248
357.349731	-1112	14248
357.399736	-1112	14248
357.449741	-1112	14236
357.499746	-1112	14220
357.549751	-1112	14220
357.599756	-1112	14220
357.649761	-1112	14212
357.699766	-1112	14196
357.749772	-1112	14196
357.799777	-1112	14196
357.849782	-1112	14176
357.899786	-1112	14176
357.949791	-1112	14172
357.999796	-1112	14172
358.049801	-1112	14172
358.099806	-1112	14172
358.149811	-1112	14172
358.199816	-1112	14172
358.249821	-1112	14172
358.299826	-1112	14172
358.349832	-1112	14172
358.399837	-1112	14172
358.449841	-1112	14172
358.499846	-1112	14172
358.549851	-1112	14172
358.599856	-1112	14172
358.649861	-1112	14172
358.699866	-1112	14172
358.749871	-1112	14172
358.799876	-1112	14172
358.849881	-1112	14172
358.899886	-1112	14172
358.949892	-1112	14172
358.999897	-1112	14172
359.049901	-1112	14172
359.099906	-1112	14172
359.149911	-1112	14172
359.199916	-1112	14172
359.249921	-1112	14172
359.299926	-1112	14172
359.349931	-1112	14172
359.399936	-1112	14172
359.449941	-1112	14172
359.499947	-1112	14172
359.549952	-1112	14172
359.599957	-1112	14172
359.649961	-1112	14172
359.699966	-1112	14172
359.749971	-1112	14172
359.799976	-1112	14172
359.849981	-1112	14172
359.899986	-1112	14172
359.949991	-1112	14172
359.999996	-1112	14172
360.050001	-1112	14172
360.100007	-1112	14172
360.150012	-1112	14172
360.200016	-1112	14172
360.250021	-1112	14172
360.300026	-1112	14172
360.350031	-1112	14172
360.400036	-1112	14172
360.450041	-1112	14172
360.500046	-1112	14172
360.550051	-1112	14172
360.600056	-1112	14172
360.650061	-1112	14172
360.700067	-1112	14172
360.750072	-1112	14172
360.800076	-1112	14172
360.850081	-1112	14172
360.900086	-1112	14172
360.950091	-1112	14172
361.000096	-1112	14172
361.050101	-1112	14172
361.100106	-1112	14172
361.150111	-1112	14172
361.200116	-1112	14172
361.250122	-1112	14172
361.300127	-1112	14172
361.350132	-1112	14172
361.400136	-1112	14172
361.450141	-1112	14172
361.500146	-1112	14172
361.550151	-1112	14172
361.600156	-1112	14172
361.650161	-1112	14172
361.700166	-1112	14172
361.750171	-1112	14172
361.800176	-1112	14172
361.850182	-1112	14172
361.900187	-1112	14172
361.950191	-1112	14172
362.000196	-1112	14172
362.050201	-1112	14172
362.099206	-1112	14172
362.149211	-1112	14172
362.199216	-1112	14172
362.251222	-1112	14172
362.299226	-1112	14172
362.349231	-1112	14172
362.399236	-1112	14172
362.449241	-1112	14172
362.499246	-1112	14172
362.549251	-1112	14172
362.599256	-1112	14172
362.649261	-1112	14172
362.699266	-1112	14172
362.749271	-1112	14172
362.799276	-1112	14172
362.849281	-1112	14172
362.899286	-1112	14172
362.949291	-1112	14172
362.999296	-1112	14172
363.049301	-1112	14172
363.099306	-1112	14172
363.149311	-1112	14172
363.199317	-1112	14172
363.249321	-1112	14172
363.299326	-1112	14172
363.349331	-1112	14172
363.399336	-1112	14172
363.449341	-1112	14172
363.499346	-1112	14172
363.549351	-1112	14172
363.599356	-1112	14172
363.649361	-1112	14172
363.699366	-1112	14172
363.749371	-1112	14172
363.799376	-1112	14172
363.849381	-1112	14172
363.899386	-1112	14172
363.949391	-1112	14172
363.999396	-1112	14172
364.049401	-1112	14172
364.099406	-1112	14172
364.149411	-1112	14172
364.199416	-1112	14172
364.249421	-1112	14172
364.299426	-1112	14172
364.349431	-1112	14172
364.399436	-1112	14172
364.449441	-1112	14172
364.499446	-1112	14172
364.549451	-1112	14172
364.599456	-1112	14172
364.649461	-1112	14172
364.699466	-1112	14172
364.749471	-1112	14172
364.799476	-1112	14172
364.849481	-1112	14172
364.899486	-1112	14172
364.949492	-1112	14172
364.999496	-1112	14172
365.049501	-1112	14172
365.099506	-1112	14172
365.149511	-1112	14172
365.199516	-1112	14172
365.249521	-1112	14172
365.299526	-1112	14172
365.349531	-1112	14172
365.399536	-1112	14172
365.449541	-1112	14172
365.499546	-1112	14172
365.549551	-1112	14172
365.599556	-1112	14172
365.649561	-1112	14172
365.699566	-1112	14172
365.749571	-1112	14172
365.799576	-1112	14172
365.849581	-1112	14172
365.899586	-1112	14172
365.949591	-1112	14172
365.999596	-1112	14172
366.049601	-1112	14172
366.099606	-1112	14172
366.149611	-1112	14172
366.199616	-1112	14172
366.249621	-1112	14172
366.299626	-1112	14172
366.349631	-1112	14172
366.399636	-1112	14172
366.449641	-1112	14172
366.499646	-1112	14172
366.549651	-1112	14172
366.599656	-1112	14172
366.649661	-1112	14172
366.699667	-1112	14172
366.749671	-1112	14172
366.799676	-1112	14172
366.849681	-1112	14172
366.899686	-1112	14172
366.949691	-1112	14172
366.999696	-1112	14172
367.049701	-1112	14172
367.099706	-1112	14172
367.149711	-1112	14172
367.199716	-1112	14172
367.249721	-1112	14172
367.299726	-1112	14172
367.349731	-1112	14172
367.399736	-1112	14172
367.449741	-1112	14172
367.499746	-1112	14172
367.549751	-1112	14172
367.599756	-1112	14172
367.649761	-1112	14172
367.699766	-1112	14136
367.749771	-1112	14132
367.799776	-1112	14132
367.849781	-1112	14132
367.899786	-1112	14132
367.949791	-1112	14108
367.999796	-1112	14108
368.049801	-1112	14108
368.099806	-1112	14084
368.149811	-1112	14072
368.199816	-1112	14064
368.249821	-1112	14064
368.299826	-1112	14064
368.349831	-1112	14064
368.399836	-1112	14064
368.449841	-1112	14064
368.499846	-1112	14064
368.549851	-1112	14064
368.599856	-1112	14064
368.649861	-1112	14064
368.699866	-1112	14064
368.749871	-1112	14064
368.799876	-1112	14064
368.849881	-1112	14064
368.899886	-1112	14064
368.949891	-1112	14064
368.999896	-1112	14064
369.049901	-1112	14064
369.099906	-1112	14064
369.149911	-1112	14064
369.199916	-1112	14064
369.249921	-1112	14064
369.299926	-1112	14064
369.349931	-1112	14064
369.399936	-1112	14064
369.449941	-1112	14064
369.499946	-1112	14064
369.549951	-1112	14064
369.599956	-1112	14064
369.649961	-1112	14064
369.699966	-1112	14064
369.749971	-1112	14064
369.799976	-1112	14064
369.849981	-1112	14064
369.899986	-1112	14064
369.949991	-1112	14064
369.999996	-1112	14064
370.050001	-1112	14064
370.100006	-1112	14064
370.150011	-1112	14064
370.200016	-1112	14064
370.250021	-1112	14064
370.300026	-1112	14064
370.350031	-1112	14064
370.400036	-1112	14052
370.450041	-1112	14036
370.500046	-1112	14036
370.550051	-1112	14036
370.600056	-1112	14036
370.650061	-1112	14036
370.700066	-1112	14036
370.750071	-1112	14036
370.800076	-1112	14036
370.850081	-1112	14036
370.900086	-1112	14036
370.950091	-1112	14032
371.000096	-1112	14032
371.050101	-1112	14032
371.100106	-1112	14032
371.150111	-1112	14032
371.200116	-1112	14032
371.250121	-1112	14028
371.300126	-1112	14024
371.350131	-1112	14024
371.400136	-1112	14008
371.450141	-1112	13992
371.500146	-1112	13992
371.550151	-1112	13984
371.600156	-1112	13984
371.650161	-1112	13984
371.700166	-1112	13984
371.750171	-1112	13984
371.800176	-1112	13984
371.850181	-1112	13984
371.900186	-1112	13984
371.950191	-1112	13984
372.000196	-1112	13984
372.050201	-1112	13984
372.100206	-1112	13984
372.150211	-1112	13984
372.200216	-1112	13984
372.250221	-1112	13984
372.300226	-1112	13984
372.350231	-1112	13984
372.400236	-1112	13984
372.450241	-1112	13984
372.500246	-1112	13984
372.550251	-1112	13984
372.600256	-1112	13984
372.650261	-1112	13984
372.700266	-1112	13984
372.750271	-1112	13984
372.800276	-1112	13984
372.850281	-1112	13984
372.900286	-1112	13984
372.950291	-1112	13984
373.000296	-1112	13984
373.050301	-1112	13984
373.100306	-1112	13984
373.150311	-1112	13984
373.200316	-1112	13984
373.250321	-1112	13984
373.300326	-1112	13984
373.350331	-1112	13984
373.400336	-1112	13984
373.450341	-1112	13984
373.500346	-1112	13984
373.550351	-1112	13984
373.600356	-1112	13984
373.650361	-1112	13984
373.700366	-1112	13984
373.750371	-1112	13984
373.800376	-1112	13984
373.850381	-1112	13984
373.900386	-1112	13984
373.950391	-1112	13984
374.000396	-1112	13984
374.050401	-1112	13984
374.100406	-1112	13984
374.150411	-1112	13984
374.200416	-1112	13984
374.250421	-1112	13984
374.300426	-1112	13984
374.350431	-1112	13984
374.400436	-1112	13984
374.450441	-1112	13984
374.500446	-1112	13984
374.550451	-1112	13984
374.600456	-1112	13984
374.650461	-1112	13984
374.700466	-1112	13984
374.750471	-1112	13984
374.800476	-1112	13984
374.850481	-1112	13984
374.900486	-1112	13984
374.950491	-1112	13984
375.000496	-1112	13984
375.050501	-1112	13984
375.100506	-1112	13984
375.150511	-1112	13984
375.200516	-1112	13984
375.250521	-1112	13984
375.300526	-1112	13984
375.350531	-1112	13984
375.400536	-1112	13984
375.450541	-1112	13984
375.500546	-1112	13984
375.550551	-1112	13984
375.600556	-1112	13984
375.650561	-1112	13984
375.700566	-1112	13984
375.750571	-1112	13984
375.800576	-1112	13984
375.850581	-1112	13984
375.900586	-1112	13984
375.950591	-1112	13984
376.000596	-1112	13984
376.050601	-1112	13984
376.100606	-1112	13984
376.150611	-1112	13984
376.200616	-1112	13984
376.250621	-1112	13984
376.300626	-1112	13984
376.350631	-1112	13984
376.400636	-1112	13984
376.450641	-1112	13984
376.500646	-1112	13984
376.550651	-1112	13984
376.600656	-1112	13984
376.650661	-1112	13984
376.700666	-1112	13984
376.750671	-1112	13984
376.800676	-1112	13984
376.850681	-1112	13984
376.900686	-1112	13984
376.950691	-1112	13984
377.000696	-1112	13984
377.050701	-1112	13984
377.100706	-1112	13984
377.150711	-1112	13984
377.200716	-1112	13984
377.250721	-1112	13984
377.300726	-1112	13984
377.350731	-1112	13984
377.400736	-1112	13984
377.450741	-1112	13984
377.500746	-1112	13984
377.550751	-1112	13984
377.600756	-1112	13984
377.650761	-1112	13984
377.700766	-1112	13984
377.750771	-1112	13984
377.800776	-1112	13984
377.850781	-1112	13984
377.900786	-1112	13984
377.950791	-1112	13984
378.000796	-1112	13984
378.050801	-1112	13984
378.100806	-1112	13984
378.150811	-1112	13984
378.200816	-1112	13984
378.250821	-1112	13984
378.300826	-1112	13984
378.350831	-1112	13984
378.400836	-1112	13984
378.450841	-1112	13984
378.500846	-1112	13984
378.550851	-1112	13984
378.600856	-1112	13984
378.650861	-1112	13984
378.700866	-1112	13984
378.750871	-1112	13984
378.800876	-1112	13984
378.850881	-1112	13984
378.900886	-1112	13984
378.950891	-1112	13984
379.000896	-1112	13984
379.050901	-1112	13984
379.100906	-1112	13984
379.150911	-1112	13984
379.200916	-1112	13984
379.250921	-1112	13984
379.300926	-1112	13984
379.350931	-1112	13984
379.400936	-1112	13984
379.450941	-1112	13984
379.500946	-1112	13984
379.550951	-1112	13984
379.599956	-1112	13984
379.649961	-1112	13984
379.699966	-1112	13984
379.749971	-1112	13984
379.799976	-1112	13984
379.849981	-1112	13984
379.899986	-1112	13984
379.949991	-1112	13984
379.999996	-1112	13984
380.050001	-1112	13984
380.100006	-1112	13984
380.150011	-1112	13984
380.200016	-1112	13984
380.250021	-1112	13984
380.300026	-1112	13984
380.350031	-1112	13984
380.400036	-1112	13984
380.450041	-1112	13984
380.500046	-1112	13984
380.550051	-1112	13984
380.600056	-1112	13984
380.650061	-1112	13984
380.700066	-1112	13984
380.750071	-1112	13984
380.800076	-1112	13984
380.850081	-1112	13984
380.900086	-1112	13984
380.950091	-1112	13984
381.000096	-1112	13984
381.050101	-1112	13984
381.100106	-1112	13984
381.150111	-1112	13984
381.200116	-1112	13984
381.250121	-1112	13984
381.300126	-1112	13984
381.350131	-1112	13984
381.400136	-1112	13984
381.450141	-1112	13984
381.500146	-1112	13984
381.550151	-1112	13984
381.600156	-1112	13984
381.650161	-1112	13984
381.700166	-1112	13984
381.750171	-1112	13984
381.800176	-1112	13984
381.850181	-1112	13984
381.900186	-1112	13984
381.950191	-1112	13984
382.000196	-1112	13984
382.050201	-1112	13984
382.100206	-1112	13984
382.150211	-1112	13984
382.200216	-1112	13984
382.250221	-1112	13984
382.300226	-1112	13984
382.350231	-1112	13984
382.400236	-1112	13984
382.450241	-1112	13984
382.500246	-1112	13984
382.550251	-1112	13984
382.600256	-1112	13984
382.650261	-1112	13984
382.700266	-1112	13984
382.750271	-1112	13984
382.800276	-1112	13984
382.850281	-1112	13984
382.900286	-1112	13984
382.950291	-1112	13984
383.000296	-1112	13984
383.050301	-1112	13984
383.100306	-1112	13984
383.150311	-1112	13984
383.200316	-1112	13984
383.250321	-1112	13984
383.300326	-1112	13984
383.350331	-1112	13984
383.400336	-1112	13984
383.450341	-1112	13984
383.500346	-1112	13984
383.550351	-1112	13984
383.600356	-1112	13984
383.650361	-1112	13984
383.700366	-1112	13984
383.750371	-1112	13984
383.800376	-1112	13984
383.850381	-1112	13984
383.900386	-1112	13984
383.950391	-1112	13984
384.000396	-1112	13984
384.050401	-1112	13984
384.100406	-1112	13984
384.150411	-1112	13984
384.200416	-1112	13984
384.250421	-1112	13984
384.300426	-1112	13984
384.350431	-1112	13984
384.400436	-1112	13984
384.450441	-1112	13984
384.500446	-1112	13984
384.550451	-1112	13984
384.600456	-1112	13984
384.650461	-1112	13984
384.700466	-1112	13984
384.750471	-1112	13984
384.800476	-1112	13984
384.850481	-1112	13984
384.900486	-1112	13984
384.950491	-1112	13984
385.000496	-1112	13984
385.050501	-1112	13984
385.100506	-1112	13984
385.150511	-1112	13984
385.200516	-1112	13984
385.250521	-1112	13984
385.300526	-1112	13984
385.350531	-1112	13984
385.400536	-1112	13984
385.450541	-1112	13984
385.500546	-1112	13984
385.550551	-1112	13984
385.600556	-1112	13984
385.650561	-1112	13984
385.700566	-1112	13984
385.750571	-1112	13984
385.800576	-1112	13984
385.850581	-1112	13984
385.900586	-1112	13984
385.950591	-1112	13984
386.000596	-1112	13984
386.050601	-1112	13984
386.100606	-1112	13984
386.150611	-1112	13984
386.200616	-1112	13984
386.250621	-1112	13984
386.300626	-1112	13984
386.350631	-1112	13984
386.400636	-1112	13984
386.450641	-1112	13984
386.500646	-1112	13984
386.550651	-1112	13984
386.600656	-1112	13984
386.650661	-1112	13984
386.700666	-1112	13984
386.750671	-1112	13984
386.800676	-1112	13984
386.850681	-1112	13984
386.900686	-1112	13984
386.950691	-1112	13984
387.000696	-1112	13984
387.050701	-1112	13984
387.100706	-1112	13984
387.150711	-1112	13984
387.200716	-1112	13984
387.250721	-1112	13984
387.300726	-1112	13984
387.350731	-1112	13984
387.400736	-1112	13984
387.450741	-1112	13984
387.500746	-1112	13984
387.550751	-1112	13984
387.600756	-1112	13984
387.650761	-1112	13984
387.700766	-1112	13984
387.750771	-1112	13984
387.800776	-1112	13984
387.850781	-1112	13984
387.900786	-1112	13984
387.950791	-1112	13984
388.000796	-1112	13984
388.050801	-1112	13984
388.100806	-1112	13984
388.150811	-1112	13984
388.200816	-1112	13984
388.250821	-1112	13984
388.300826	-1112	13984
388.350831	-1112	13984
388.400836	-1112	13984
388.450841	-1112	13984
388.500846	-1112	13984
388.550851	-1112	13984
388.600856	-1112	13984
388.650861	-1112	13984
388.700866	-1112	13984
388.750871	-1112	13984
388.800876	-1112	13984
388.850881	-1112	13984
388.900886	-1112	13984
388.950891	-1112	13984
389.000896	-1112	13984
389.050901	-1112	13984
389.100906	-1112	13984
389.150911	-1112	13984
389.200916	-1112	13984
389.250921	-1112	13984
389.300926	-1112	13984
389.350931	-1112	13984
389.400936	-1112	13984
389.450941	-1112	13984
389.500946	-1112	13984
389.550951	-1112	13984
389.600956	-1112	13984
389.650961	-1112	13984
389.700966	-1112	13984
389.750971	-1112	13984
389.800976	-1112	13984
389.850981	-1112	13984
389.900986	-1112	13984
389.950991	-1112	13984
390.000996	-1112	13984
390.051001	-1112	13984
390.101006	-1112	13984
390.151011	-1112	13984
390.201016	-1112	13984
390.251021	-1112	13984
390.301026	-1112	13984
390.351031	-1112	13984
390.401036	-1112	13984
390.451041	-1112	13984
390.501046	-1112	13984
390.551051	-1112	13984
390.601056	-1112	13984
390.651061	-1112	13984
390.701066	-1112	13984
390.751071	-1112	13984
390.801076	-1112	13984
390.851081	-1112	13984
390.901086	-1112	13984
390.951091	-1112	13984
391.001096	-1112	13984
391.051101	-1112	13984
391.101106	-1112	13984
391.151111	-1112	13984
391.201116	-1112	13984
391.251121	-1112	13984
391.301126	-1112	13984
391.351131	-1112	13984
391.401136	-1112	13984
391.451141	-1112	13984
391.501146	-1112	13984
391.551151	-1112	13984
391.601156	-1112	13984
391.651161	-1112	13984
391.701166	-1112	13984
391.751171	-1112	13984
391.801176	-1112	13984
391.851181	-1112	13984
391.901186	-1112	13984
391.951191	-1112	13984
392.001196	-1112	13984
392.051201	-1112	13984
392.101206	-1112	13984
392.151211	-1112	13984
392.201216	-1112	13984
392.251221	-1112	13984
392.301226	-1112	13984
392.351231	-1112	13984
392.401236	-1112	13984
392.451241	-1112	13984
392.501246	-1112	13984
392.551251	-1112	13984
392.601256	-1112	13984
392.651261	-1112	13984
392.701266	-1112	13984
392.751271	-1112	13984
392.801276	-1112	13984
392.851281	-1112	13984
392.901286	-1112	13984
392.951291	-1112	13984
393.001296	-1112	13984
393.051301	-1112	13984
393.101306	-1112	13984
393.151311	-1112	13984
393.201316	-1112	13984
393.251321	-1112	13984
393.301326	-1112	13984
393.351331	-1112	13984
393.401336	-1112	13984
393.451341	-1112	13984
393.501346	-1112	13984
393.551351	-1112	13984
393.601356	-1112	13984
393.651361	-1112	13984
393.701366	-1112	13984
393.751371	-1112	13984
393.801376	-1112	13984
393.851381	-1112	13984
393.901386	-1112	13984
393.951391	-1112	13984
394.001396	-1112	13984
394.051401	-1112	13984
394.101406	-1112	13984
394.151411	-1112	13984
394.201416	-1112	13984
394.251421	-1112	13984
394.301426	-1112	13984
394.351431	-1112	13984
394.401436	-1112	13984
394.451441	-1112	13984
394.501446	-1112	13984
394.551451	-1112	13984
394.601456	-1112	13984
394.651461	-1112	13984
394.701466	-1112	13984
394.751471	-1112	13984
394.801476	-1112	13984
394.851481	-1112	13984
394.901486	-1112	13984
394.951491	-1112	13984
395.001496	-1112	13984
395.051501	-1112	13984
395.101506	-1112	13984
395.151511	-1112	13984
395.201516	-1112	13984
395.251521	-1112	13984
395.301526	-1112	13984
395.351531	-1112	13984
395.401536	-1112	13984
395.451541	-1112	13984
395.501546	-1112	13984
395.551551	-1112	13984
395.601556	-1112	13984
395.651561	-1112	13984
395.701566	-1112	13984
395.751571	-1112	13984
395.801576	-1112	13984
395.851581	-1112	13984
395.901586	-1112	13984
395.951591	-1112	13984
396.001596	-1112	13984
396.051601	-1112	13984
396.101606	-1112	13984
396.151611	-1112	13984
396.201616	-1112	13984
396.251621	-1112	13984
396.301626	-1112	13984
396.351631	-1112	13984
396.401636	-1112	13984
396.451641	-1112	13984
396.501646	-1112	13984
396.551651	-1112	13984
396.601656	-1112	13984
396.651661	-1112	13984
396.701666	-1112	13984
396.751671	-1112	13984
396.801676	-1112	13984
396.851681	-1112	13984
396.901686	-1112	13984
396.951691	-1112	13984
397.001696	-1112	13984
397.050701	-1112	13984
397.100706	-1112	13984
397.150711	-1112	13984
397.200716	-1112	13984
397.250721	-1112	13984
397.300726	-1112	13984
397.350731	-1112	13984
397.400736	-1112	13984
397.450741	-1112	13984
397.500746	-1112	13984
397.550751	-1112	13984
397.600756	-1112	13984
397.650761	-1112	13984
397.700766	-1112	13984
397.750771	-1112	13984
397.800776	-1112	13984
397.850781	-1112	13984
397.900786	-1112	13984
397.950791	-1112	13984
398.000796	-1112	13984
398.050801	-1112	13984
398.100806	-1112	13984
398.150811	-1112	13984
398.200816	-1112	13984
398.250821	-1112	13984
398.300826	-1112	13984
398.350831	-1112	13984
398.400836	-1112	13984
398.450841	-1112	13984
398.500846	-1112	13984
398.550851	-1112	13984
398.600856	-1112	13984
398.650861	-1112	13984
398.700866	-1112	13984
398.750871	-1112	13984
398.800876	-1112	13984
398.850881	-1112	13984
398.900886	-1112	13984
398.950891	-1112	13984
399.000896	-1112	13984
399.050901	-1112	13984
399.100906	-1112	13984
399.150911	-1112	13984
399.200916	-1112	13984
399.250921	-1112	13984
399.300926	-1112	13984
399.350931	-1112	13984
399.400936	-1112	13984
399.450941	-1112	13984
399.500946	-1112	13984
399.550951	-1112	13984
399.600956	-1112	13984
399.650961	-1112	13984
399.700966	-1112	13984
399.750971	-1112	13984
399.800976	-1112	13984
399.850981	-1112	13984
399.900986	-1112	13984
399.950991	-1112	13984
400.000996	-1112	13984
400.051001	-1112	13984
400.101006	-1112	13984
400.151011	-1112	13984
400.201016	-1112	13984
400.251021	-1112	13984
400.301026	-1112	13984
400.351031	-1112	13984
400.401036	-1112	13984
400.451041	-1112	13984
400.501046	-1112	13984
400.551051	-1112	13984
400.601056	-1112	13984
400.651061	-1112	13984
400.701066	-1112	13984
400.751071	-1112	13984
400.801076	-1112	13984
400.851081	-1112	13984
400.901086	-1112	13984
400.951091	-1112	13984
401.001096	-1112	13984
401.051101	-1112	13984
401.101106	-1112	13984
401.151111	-1112	13984
401.201116	-1112	13984
401.251121	-1112	13984
401.301126	-1112	13996
401.351131	-1112	14008
401.401136	-1112	14044
401.451141	-1112	14044
401.501146	-1112	14044
401.551151	-1112	14044
401.601156	-1112	14044
401.651161	-1112	14044
401.701166	-1112	14044
401.751171	-1112	14044
401.801176	-1112	14044
401.851181	-1112	14044
401.901186	-1112	14044
401.951191	-1112	14044
402.001196	-1112	14044
402.051201	-1112	14044
402.101206	-1112	14044
402.151211	-1112	14044
402.201216	-1112	14044
402.251221	-1112	14044
402.301226	-1112	14044
402.351231	-1112	14044
402.401236	-1112	14044
402.451241	-1112	14044
402.501246	-1112	14044
402.551251	-1112	14044
402.601256	-1112	14044
402.651261	-1112	14044
402.701266	-1112	14044
402.751271	-1112	14044
402.801276	-1112	14044
402.851281	-1112	14044
402.901286	-1112	14044
402.951291	-1112	14044
403.001296	-1112	14044
403.051301	-1112	14044
403.101306	-1112	14048
403.151311	-1112	14060
403.201316	-1112	14080
403.251321	-1112	14104
403.301326	-1112	14104
403.351331	-1112	14104
403.401336	-1112	14104
403.451341	-1112	14104
403.501346	-1112	14104
403.551351	-1112	14108
403.601356	-1112	14108
403.651361	-1112	14112
403.701366	-1112	14112
403.751371	-1112	14112
403.801376	-1112	14112
403.851381	-1112	14112
403.901386	-1112	14120
403.951391	-1112	14120
404.001396	-1112	14120
404.051401	-1112	14120
404.101406	-1112	14120
404.151411	-1112	14120
404.201416	-1112	14120
404.251421	-1112	14120
404.301426	-1112	14120
404.351431	-1112	14120
404.401436	-1112	14120
404.451441	-1112	14120
404.501446	-1112	14120
404.551451	-1112	14120
404.601456	-1112	14120
404.651461	-1112	14120
404.701466	-1112	14120
404.751471	-1112	14120
404.801476	-1112	14120
404.851481	-1112	14120
404.901486	-1112	14120
404.951491	-1112	14120
405.001496	-1112	14120
405.051501	-1112	14120
405.101506	-1112	14120
405.151511	-1112	14120
405.201516	-1112	14120
405.251521	-1112	14120
405.301526	-1112	14120
405.351531	-1112	14120
405.401536	-1112	14120
405.451541	-1112	14120
405.501546	-1112	14120
405.551551	-1112	14120
405.601556	-1112	14120
405.651561	-1112	14120
405.701566	-1112	14120
405.751571	-1112	14120
405.801576	-1112	14120
405.851581	-1112	14120
405.901586	-1112	14120
405.951591	-1112	14120
406.001596	-1112	14120
406.051601	-1112	14120
406.101606	-1112	14120
406.151611	-1112	14120
406.201616	-1112	14120
406.251621	-1112	14120
406.301626	-1112	14120
406.351631	-1112	14120
406.401636	-1112	14120
406.451641	-1112	14120
406.501646	-1112	14120
406.551651	-1112	14120
406.601656	-1112	14120
406.651661	-1112	14120
406.701666	-1112	14120
406.751671	-1112	14120
406.801676	-1112	14120
406.851681	-1112	14120
406.901686	-1112	14120
406.951691	-1112	14120
407.001696	-1112	14120
407.051701	-1112	14120
407.101706	-1112	14120
407.151711	-1112	14120
407.201716	-1112	14120
407.251721	-1112	14120
407.301726	-1112	14120
407.351731	-1112	14120
407.401736	-1112	14120
407.451741	-1112	14120
407.501746	-1112	14120
407.551751	-1112	14120
407.601756	-1112	14120
407.651761	-1112	14120
407.701766	-1112	14120
407.751771	-1112	14120
407.801776	-1112	14120
407.851781	-1112	14120
407.901786	-1112	14120
407.951791	-1112	14120
408.001796	-1112	14120
408.051801	-1112	14120
408.101806	-1112	14120
408.151811	-1112	14120
408.201816	-1112	14120
408.251821	-1112	14120
408.301826	-1112	14120
408.351831	-1112	14120
408.401836	-1112	14120
408.451841	-1112	14120
408.501846	-1112	14120
408.551851	-1112	14120
408.601856	-1112	14120
408.651861	-1112	14120
408.701866	-1112	14120
408.751871	-1112	14120
408.801876	-1112	14120
408.851881	-1112	14120
408.901886	-1112	14120
408.951891	-1112	14120
409.001896	-1112	14120
409.051901	-1112	14120
409.101906	-1112	14120
409.151911	-1112	14120
409.201916	-1112	14120
409.251921	-1112	14120
409.301926	-1112	14120
409.351931	-1112	14120
409.401936	-1112	14120
409.451941	-1112	14120
409.501946	-1112	14120
409.551951	-1112	14120
409.601956	-1112	14120
409.651961	-1112	14120
409.701966	-1112	14120
409.751971	-1112	14120
409.801976	-1112	14120
409.851981	-1112	14120
409.901986	-1112	14120
409.951991	-1112	14120
410.001996	-1112	14120
410.052001	-1112	14120
410.102006	-1112	14120
410.152011	-1112	14120
410.202016	-1112	14120
410.252021	-1112	14120
410.302026	-1112	14120
410.352031	-1112	14120
410.402036	-1112	14120
410.452041	-1112	14120
410.502046	-1112	14120
410.552051	-1112	14120
410.602056	-1112	14120
410.652061	-1112	14120
410.702066	-1112	14120
410.752071	-1112	14120
410.802076	-1112	14120
410.852081	-1112	14120
410.902086	-1112	14120
410.952091	-1112	14120
411.002096	-1112	14120
411.052101	-1112	14120
411.102106	-1112	14120
411.152111	-1112	14120
411.202116	-1112	14120
411.252121	-1112	14120
411.302126	-1112	14120
411.352131	-1112	14120
411.402136	-1112	14120
411.452141	-1112	14120
411.502146	-1112	14120
411.552151	-1112	14120
411.602156	-1112	14120
411.652161	-1112	14120
411.702166	-1112	14120
411.752171	-1112	14120
411.802176	-1112	14120
411.852181	-1112	14120
411.902186	-1112	14120
411.952191	-1112	14120
412.002196	-1112	14120
412.052201	-1112	14120
412.102206	-1112	14120
412.152211	-1112	14120
412.202216	-1112	14120
412.252221	-1112	14120
412.302226	-1112	14120
412.352231	-1112	14120
412.402236	-1112	14120
412.452241	-1112	14120
412.502246	-1112	14120
412.552251	-1112	14120
412.602256	-1112	14120
412.652261	-1112	14120
412.702266	-1112	14120
412.752271	-1112	14120
412.802276	-1112	14120
412.852281	-1112	14120
412.902286	-1112	14120
412.952291	-1112	14120
413.002296	-1112	14120
413.052301	-1112	14120
413.102306	-1112	14120
413.152311	-1112	14120
413.202316	-1112	14120
413.252321	-1112	14120
413.302326	-1112	14120
413.352331	-1112	14120
413.402336	-1112	14120
413.452341	-1112	14120
413.502346	-1112	14120
413.552351	-1112	14120
413.602356	-1112	14120
413.652361	-1112	14120
413.702366	-1112	14120
413.752371	-1112	14120
413.802376	-1112	14120
413.852381	-1112	14120
413.902386	-1112	14120
413.952391	-1112	14120
414.002396	-1112	14120
414.052401	-1112	14120
414.102406	-1112	14120
414.152411	-1112	14120
414.202416	-1112	14120
414.252421	-1112	14120
414.302426	-1112	14120
414.352431	-1112	14120
414.402436	-1112	14120
414.452441	-1112	14120
414.502446	-1112	14120
414.551451	-1112	14120
414.601456	-1112	14120
414.651461	-1112	14120
414.701466	-1112	14120
414.751471	-1112	14120
414.801476	-1112	14120
414.851481	-1112	14120
414.901486	-1112	14120
414.951491	-1112	14120
415.001496	-1112	14120
415.051501	-1112	14120
415.116508	-1112	14120
415.151511	-1112	14120
415.201516	-1112	14120
415.251521	-1112	14120
415.301526	-1112	14120
415.351531	-1112	14120
415.401536	-1112	14120
415.451541	-1112	14120
415.501546	-1112	14120
415.551551	-1112	14120
415.601556	-1112	14120
415.651561	-1112	14120
415.701566	-1112	14120
415.751571	-1112	14120
415.801576	-1112	14120
415.851581	-1112	14120
415.901586	-1112	14120
415.951591	-1112	14120
416.001596	-1112	14120
416.051601	-1112	14120
416.101606	-1112	14120
416.151611	-1112	14120
416.201616	-1112	14120
416.251621	-1112	14120
416.301626	-1112	14120
416.351631	-1112	14120
416.401636	-1112	14120
416.451641	-1112	14120
416.501646	-1112	14120
416.551651	-1112	14120
416.601656	-1112	14120
416.651661	-1112	14120
416.701666	-1112	14120
416.751671	-1112	14120
416.801676	-1112	14120
416.851681	-1112	14120
416.901686	-1112	14120
416.951691	-1112	14120
417.001696	-1112	14120
417.051701	-1112	14120
417.101706	-1112	14120
417.151711	-1112	14120
417.201716	-1112	14120
417.251721	-1112	14120
417.301726	-1112	14120
417.351731	-1112	14120
417.401736	-1112	14120
417.451741	-1112	14120
417.501746	-1112	14120
417.551751	-1112	14120
417.601756	-1112	14120
417.651761	-1112	14120
417.701766	-1112	14120
417.751771	-1112	14120
417.801776	-1112	14120
417.851781	-1112	14120
417.901786	-1112	14120
417.951791	-1112	14120
418.001796	-1112	14120
418.051801	-1112	14120
418.101806	-1112	14120
418.151811	-1112	14120
418.201816	-1112	14120
418.251821	-1112	14120
418.301826	-1112	14120
418.351831	-1112	14120
418.401836	-1112	14120
418.451841	-1112	14120
418.501846	-1112	14120
418.551851	-1112	14120
418.601856	-1112	14120
418.651861	-1112	14120
418.701866	-1112	14120
418.751871	-1112	14120
418.801876	-1112	14120
418.851881	-1112	14120
418.901886	-1112	14120
418.951891	-1112	14120
419.001896	-1112	14120
419.051901	-1112	14120
419.101906	-1112	14120
419.151911	-1112	14120
419.201916	-1112	14120
419.251921	-1112	14120
419.301926	-1112	14120
419.351931	-1112	14120
419.401936	-1112	14120
419.451941	-1112	14120
419.501946	-1112	14120
419.551951	-1112	14120
419.601956	-1112	14120
419.651961	-1112	14120
419.701966	-1112	14120
419.751971	-1112	14120
419.801976	-1112	14120
419.851981	-1112	14100
419.901986	-1112	14036
419.951991	-1112	13932
420.001996	-1216	13720
420.052001	-1260	13588
420.102006	-1260	13580
420.152011	-1260	13444
420.202016	-1260	13276
420.252021	-1260	12988
420.302026	-1260	12764
420.352031	-1260	12468
420.402036	-1260	12200
420.452041	-1260	11932
420.502046	-1260	11588
420.552051	-1260	11036
420.602056	-1228	10512
420.652061	-1112	9736
420.702066	-948	8700
420.752071	-716	7692
420.802076	-592	6992
420.852081	-504	6360
420.902086	-504	5644
420.952091	-504	4724
421.002096	-504	3940
421.052101	-504	3024
421.102106	-504	2004
421.152111	0	204
421.202116	0	0
421.252121	0	0
421.302126	0	0
421.352131	0	0
421.402136	0	0
421.452141	0	0
421.502146	0	0
421.552151	0	0
421.602156	0	0
421.652161	0	0
421.702166	0	0
421.752171	0	0
421.802176	0	0
421.852181	0	0
421.902186	0	0
421.952191	0	0
422.002196	0	0
422.052201	0	0
422.102206	0	0
422.152211	0	0
422.202216	0	0
422.252221	0	0
422.302226	0	0
422.352231	0	0
422.402236	0	0
422.452241	0	0
422.502246	0	0
422.552251	0	0
422.602256	0	0
422.652261	0	0
422.702266	0	0
422.752271	0	0
422.802276	0	0
422.852281	0	0
422.902286	0	0
422.952291	0	0
423.002296	0	0
423.052301	0	0
423.102306	0	0
423.152311	0	0
423.202316	0	0
423.252321	0	0
423.302326	0	0
423.352331	0	0
423.402336	0	40
423.452341	0	112
423.502346	0	112
423.552351	0	120
423.602356	0	120
423.652361	0	136
423.702366	0	136
423.752371	0	168
423.802376	0	168
423.852381	0	168
423.902386	0	168
423.952391	0	168
424.002396	0	168
424.052401	0	168
424.102406	0	168
424.152411	0	168
424.202416	0	168
424.252421	0	168
424.302426	0	168
424.352431	0	168
424.402436	0	168
424.452441	0	168
424.502446	0	168
424.552451	0	168
424.602456	0	88
424.652461	0	16
424.702466	0	0
424.752471	0	0
424.802476	0	0
424.852481	0	0
424.902486	0	0
424.952491	0	0
425.002496	0	0
425.052501	0	0
425.102506	0	0
425.152511	0	0
425.202516	0	0
425.252521	0	0
425.302526	0	0
425.352531	0	0
425.402536	0	0
425.452541	0	0
425.502546	0	0
425.552551	0	0
425.602556	0	0
425.652561	0	0
425.702566	0	0
425.752571	0	0
425.802576	0	0
425.852581	0	0
425.902586	0	0
425.952591	0	0
426.002596	0	0
426.052601	0	0
426.102606	0	0
426.152611	0	0
426.202616	0	0
426.252621	0	0
426.302626	0	0
426.352631	0	0
426.402636	0	0
426.452641	0	0
426.502646	0	0
426.552651	0	0
426.602656	0	0
426.652661	0	0
426.702666	0	0
426.752671	0	0
426.802676	0	0
426.852681	0	0
426.902686	0	0
426.952691	0	0
427.002696	0	0
427.052701	0	0
427.102706	0	0
427.152711	0	0
427.202716	0	0
427.252721	0	0
427.302726	0	0
427.352731	0	0
427.402736	0	0
427.452741	0	0
427.502746	0	0
427.552751	0	0
427.602756	0	0
427.652761	0	0
427.702766	0	0
427.752771	0	0
427.802776	0	0
427.852781	0	0
427.902786	0	0
427.952791	0	0
428.002796	0	0
428.052801	0	0
428.102806	0	0
428.152811	0	0
428.202816	0	0
428.252821	0	0
428.302826	0	0
428.352831	0	0
428.402836	0	0
428.452841	0	0
428.502846	0	0
428.552851	0	0
428.602856	0	0
428.652861	0	0
428.702866	0	0
428.752871	0	0
428.802876	0	0
428.852881	0	0
428.902886	0	0
428.952891	0	0
429.002896	0	0
429.052901	0	0
429.102906	0	0
429.152911	0	0
429.202916	0	0
429.252921	0	0
429.302926	0	0
429.352931	0	0
429.402936	0	0
429.452941	0	0
429.502946	0	0
429.552951	0	0
429.602956	0	0
429.652961	0	0
429.702966	0	0
429.752971	0	0
429.802976	0	0
429.852981	0	0
429.902986	0	0
429.952991	0	0
430.002996	0	0
430.053001	0	0
430.103006	0	0
430.153011	0	0
430.203016	0	0
430.253021	0	0
430.303026	0	0
430.353031	0	0
430.403036	0	0
430.453041	0	0
430.503046	0	0
430.553051	0	0
430.603056	0	0
430.653061	0	0
430.703066	0	0
430.753071	0	0
430.803076	0	0
430.853081	0	0
430.903086	0	0
430.953091	0	0
431.003096	0	0
431.053101	0	0
431.103106	0	0
431.153111	0	0
431.203116	0	0
431.253121	0	0
431.303126	0	0
431.353131	0	0
431.403136	0	0
431.453141	0	0
431.503146	0	0
431.553151	0	0
431.603156	0	0
431.653161	0	0
431.703166	0	0
431.753171	0	0
431.803176	0	0
431.853181	0	0
431.903186	0	0
431.953191	0	0
432.003196	0	0
432.052201	0	0
432.102206	0	0
432.152211	0	0
432.202216	0	0
432.252221	0	0
432.302226	0	0
432.352231	0	0
432.402236	0	0
432.452241	0	0
432.502246	0	0
432.552251	0	0
432.602256	0	0
432.652261	0	0
432.702266	0	0
432.752271	0	0
432.802276	0	0
432.852281	0	0
432.902286	0	0
432.952291	0	0
433.002296	0	0
433.052301	0	0
433.102306	0	0
433.152311	0	0
433.202316	0	0
433.252321	0	0
433.302326	0	0
433.352331	0	0
433.402336	0	0
433.452341	0	0
433.502346	0	0
433.552351	0	0
433.602356	0	0
433.652361	0	0
433.702366	0	0
433.752371	0	0
433.802376	0	0
433.852381	0	0
433.902386	0	0
433.952391	0	0
434.002396	0	0
434.052401	0	0
434.102406	0	0
434.152411	0	0
434.202416	0	0
434.252421	0	0
434.302426	0	0
434.352431	0	0
434.402436	0	0
434.452441	0	0
434.502446	0	0
434.552451	0	0
434.602456	0	0
434.652461	0	0
434.702466	0	0
434.752471	0	0
434.802476	0	0
434.852481	0	0
434.902486	0	0
434.952491	0	0
435.002496	0	0
435.052501	0	0
435.102506	0	0
435.152511	0	0
435.202516	0	0
435.252521	0	0
435.302526	0	0
435.352531	0	0
435.402536	0	0
435.452541	0	0
435.502546	0	0
435.552551	0	0
435.602556	0	0
435.652561	0	0
435.702566	0	0
435.752571	0	0
435.802576	0	0
435.852581	0	0
435.902586	0	0
435.952591	0	0
436.002596	0	0
436.052601	0	0
436.102606	0	0
436.152611	0	0
436.202616	0	0
436.252621	0	0
436.302626	0	0
436.352631	0	0
436.402636	0	0
436.452641	0	0
436.502646	0	0
436.552651	0	0
436.602656	0	0
436.652661	0	0
436.702666	0	0
436.752671	0	0
436.802676	0	0
436.852681	0	0
436.902686	0	0
436.952691	0	0
437.002696	0	0
437.052701	0	0
437.102706	0	0
437.152711	0	0
437.202716	0	0
437.252721	0	0
437.302726	0	0
437.352731	0	0
437.402736	0	0
437.452741	0	0
437.502746	0	0
437.552751	0	0
437.602756	0	0
437.652761	0	0
437.702766	0	0
437.752771	0	0
437.802776	0	0
437.852781	0	0
437.902786	0	0
437.952791	0	0
438.002796	0	0
438.052801	0	0
438.102806	0	0
438.152811	0	0
438.202816	0	0
438.252821	0	0
438.302826	0	0
438.352831	0	0
438.402836	0	0
438.452841	0	0
438.502846	0	0
438.552851	0	0
438.602856	0	0
438.652861	0	0
438.702866	0	0
438.752871	0	0
438.802876	0	0
438.852881	0	0
438.902886	0	0
438.952891	0	0
439.002896	0	0
439.052901	0	0
439.102906	0	0
439.152911	0	0
439.202916	0	0
439.252921	0	0
439.302926	0	0
439.352931	0	0
439.402936	0	0
439.452941	0	0
439.502946	0	0
439.552951	0	0
439.602956	0	0
439.652961	0	0
439.702966	0	0
439.752971	0	0
439.802976	0	0
439.852981	0	0
439.902986	0	0
439.952991	0	0
440.002996	0	0
440.053001	0	0
440.103006	0	0
440.153011	0	0
440.203016	0	0
440.253021	0	0
440.303026	0	0
440.353031	0	0
440.403036	0	0
440.453041	0	0
440.503046	0	0
440.553051	0	0
440.603056	0	0
440.653061	0	0
440.703066	0	0
440.753071	0	0
440.803076	0	0
440.853081	0	0
440.903086	0	0
440.953091	0	0
441.003096	0	0
441.053101	0	0
441.103106	0	0
441.153111	0	0
441.203116	0	0
441.253121	0	0
441.303126	0	0
441.353131	0	0
441.403136	0	0
441.453141	0	0
441.503146	0	0
441.553151	0	0
441.603156	0	0
441.653161	0	0
441.703166	0	0
441.753171	0	0
441.803176	0	0
441.853181	0	0
441.903186	0	0
441.953191	0	0
442.003196	0	0
442.053201	0	0
442.103206	0	0
442.153211	0	0
442.203216	0	0
442.253221	0	0
442.303226	0	0
442.353231	0	0
442.403236	0	0
442.453241	0	0
442.503246	0	0
442.553251	0	0
442.603256	0	0
442.653261	0	0
442.703266	0	0
442.753271	0	0
442.803276	0	0
442.853281	0	0
442.903286	0	0
442.953291	0	0
443.003296	0	0
443.053301	0	0
443.103306	0	0
443.153311	0	0
443.203316	0	0
443.253321	0	0
443.303326	0	0
443.353331	0	0
443.403336	0	0
443.453341	0	0
443.503346	0	0
443.553351	0	0
443.603356	0	0
443.653361	0	0
443.703366	0	0
443.753371	0	0
443.803376	0	0
443.853381	0	0
443.903386	0	0
443.953391	0	0
444.003396	0	0
444.053401	0	0
444.103406	0	0
444.153411	0	0
444.203416	0	0
444.253421	0	0
444.303426	0	0
444.353431	0	0
444.403436	0	0
444.453441	0	0
444.503446	0	0
444.553451	0	0
444.603456	0	0
444.653461	0	0
444.703466	0	0
444.753471	0	0
444.803476	0	0
444.853481	0	0
444.903486	0	0
444.953491	0	0
445.003496	0	0
445.053501	0	0
445.103506	0	0
445.153511	0	0
445.203516	0	0
445.253521	0	0
445.303526	0	0
445.353531	0	0
445.403536	0	0
445.453541	0	0
445.503546	0	0
445.553551	0	0
445.603556	0	0
445.653561	0	0
445.703566	0	0
445.753571	0	0
445.803576	0	0
445.853581	0	0
445.903586	0	0
445.953591	0	0
446.003596	0	0
446.053601	0	0
446.103606	0	0
446.153611	0	0
446.203616	0	0
446.253621	0	0
446.303626	0	0
446.353631	0	0
446.403636	0	0
446.453641	0	0
446.503646	0	0
446.553651	0	0
446.603656	0	0
446.653661	0	0
446.703666	0	0
446.753671	0	0
446.803676	0	0
446.853681	0	0
446.903686	0	0
446.953691	0	0
447.003696	0	0
447.053701	0	0
447.103706	0	0
447.153711	0	0
447.203716	0	0
447.253721	0	0
447.303726	0	0
447.353731	0	0
447.403736	0	0
447.453741	0	0
447.503746	0	0
447.553751	0	0
447.603756	0	0
447.653761	0	0
447.703766	0	0
447.753771	0	0
447.803776	0	0
447.853781	0	0
447.903786	0	0
447.953791	0	0
448.003796	0	0
448.053801	0	0
448.103806	0	0
448.153811	0	0
448.203816	0	0
448.253821	0	0
448.303826	0	0
448.353831	0	0
448.403836	0	0
448.453841	0	0
448.503846	0	0
448.553851	0	0
448.603856	0	0
448.653861	0	0
448.703866	0	0
448.753871	0	0
448.803876	0	0
448.853881	0	0
448.903886	0	0
448.953891	0	0
449.003896	0	0
449.053901	0	0
449.103906	0	0
449.153911	0	0
449.203916	0	0
449.253921	0	0
449.303926	0	0
449.353931	0	0
449.403936	0	0
449.453941	0	0
449.502946	0	0
449.552951	0	0
449.602956	0	0
449.652961	0	0
449.702966	0	0
449.752971	0	0
449.802976	0	0
449.852981	0	0
449.902986	0	0
449.952991	0	0
450.002996	0	0
450.053001	0	0
450.103006	0	0
450.153011	0	0
450.203016	0	0
450.253021	0	0
450.303026	0	0
450.353031	0	0
450.403036	0	0
450.453041	0	0
450.503046	0	0
450.553051	0	0
450.603056	0	0
450.653061	0	0
450.703066	0	0
450.753071	0	0
450.803076	0	0
450.853081	0	0
450.903086	0	0
450.953091	0	0
451.003096	0	0
451.053101	0	0
451.103106	0	0
451.153111	0	0
451.203116	0	0
451.253121	0	0
451.303126	0	0
451.353131	0	0
451.403136	0	0
451.453141	0	0
451.503146	0	0
451.553151	0	0
451.603156	0	0
451.653161	0	0
451.703166	0	0
451.753171	0	0
451.803176	0	0
451.853181	0	0
451.903186	0	0
451.953191	0	0
452.003196	0	0
452.053201	0	0
452.103206	0	0
452.153211	0	0
452.203216	0	0
452.253221	0	0
452.303226	0	0
452.353231	0	0
452.403236	0	0
452.453241	0	0
452.503246	0	0
452.553251	0	0
452.603256	0	0
452.653261	0	0
452.703266	0	0
452.753271	0	0
452.803276	0	0
452.853281	0	0
452.903286	0	0
452.953291	0	0
453.003296	0	0
453.053301	0	0
453.103306	0	0
453.153311	0	0
453.203316	0	0
453.253321	0	0
453.303326	0	0
453.353331	0	0
453.403336	0	0
453.453341	0	0
453.503346	0	0
453.553351	0	0
453.603356	0	0
453.653361	0	0
453.703366	0	0
453.753371	0	0
453.803376	0	0
453.853381	0	0
453.903386	0	0
453.953391	0	0
454.003396	0	0
454.053401	0	0
454.103406	0	0
454.153411	0	0
454.203416	0	0
454.253421	0	0
454.303426	0	0
454.353431	0	0
454.403436	0	0
454.453441	0	0
454.503446	0	0
454.553451	0	0
454.603456	0	0
454.653461	0	0
454.703466	0	0
454.753471	0	0
454.803476	0	0
454.853481	0	0
454.903486	0	0
454.953491	0	0
455.003496	0	0
455.053501	0	0
455.103506	0	0
455.153511	0	0
455.203516	0	0
455.253521	0	0
455.303526	0	0
455.353531	0	0
455.403536	0	0
455.453541	0	0
455.503546	0	0
455.553551	0	0
455.603556	0	0
455.653561	0	0
455.703566	0	0
455.753571	0	0
455.803576	0	0
455.853581	0	0
455.903586	0	0
455.953591	0	0
456.003596	0	0
456.053601	0	0
456.103606	0	0
456.153611	0	0
456.203616	0	0
456.253621	0	0
456.303626	0	0
456.353631	0	0
456.403636	0	0
456.453641	0	0
456.503646	0	0
456.553651	0	0
456.603656	0	0
456.653661	0	0
456.703666	0	0
456.753671	0	0
456.803676	0	0
456.853681	0	0
456.903686	0	0
456.953691	0	0
457.003696	0	0
457.053701	0	0
457.103706	0	0
457.153711	0	0
457.203716	0	0
457.253721	0	0
457.303726	0	0
457.353731	0	0
457.403736	0	0
457.453741	0	0
457.503746	0	0
457.553751	0	0
457.603756	0	0
457.653761	0	0
457.703766	0	0
457.753771	0	0
457.803776	0	0
457.853781	0	0
457.903786	0	0
457.953791	0	0
458.003796	0	0
458.053801	0	0
458.103806	0	0
458.153811	0	0
458.203816	0	0
458.253821	0	0
458.303826	0	0
458.353831	0	0
458.403836	0	0
458.453841	0	0
458.503846	0	0
458.553851	0	0
458.603856	0	0
458.653861	0	0
458.703866	0	0
458.753871	0	0
458.803876	0	0
458.853881	0	0
458.903886	0	0
458.953891	0	0
459.003896	0	0
459.053901	0	0
459.103906	0	0
459.153911	0	0
459.203916	0	0
459.253921	0	0
459.303926	0	0
459.353931	0	0
459.403936	0	0
459.453941	0	0
459.503946	0	0
459.553951	0	0
459.603956	0	0
459.653961	0	0
459.703966	0	0
459.753971	0	0
459.803976	0	0
459.853981	0	0
459.903986	0	0
459.953991	0	0
460.003996	0	0
460.054001	0	0
460.104006	0	0
460.154011	0	0
460.204016	0	0
460.254021	0	0
460.304026	0	0
460.354031	0	0
460.404036	0	0
460.454041	0	0
460.504046	0	0
460.554051	0	0
460.604056	0	0
460.654061	0	0
460.704066	0	0
460.754071	0	0
460.804076	0	0
460.854081	0	0
460.904086	0	0
460.954091	0	0
461.004096	0	0
461.054101	0	0
461.104106	0	0
461.154111	0	0
461.204116	0	0
461.254121	0	0
461.304126	0	0
461.354131	0	0
461.404136	0	0
461.454141	0	0
461.504146	0	0
461.554151	0	0
461.604156	0	0
461.654161	0	0
461.704166	0	0
461.754171	0	0
461.804176	0	0
461.854181	0	0
461.904186	0	0
461.954191	0	0
462.004196	0	0
462.054201	0	0
462.104206	0	0
462.154211	0	0
462.204216	0	0
462.254221	0	0
462.304226	0	0
462.354231	0	0
462.404236	0	0
462.454241	0	0
462.504246	0	0
462.554251	0	0
462.604256	0	0
462.654261	0	0
462.704266	0	0
462.754271	0	0
462.804276	0	0
462.854281	0	0
462.904286	0	0
462.954291	0	0
463.004296	0	0
463.054301	0	0
463.104306	0	0
463.154311	0	0
463.204316	0	0
463.254321	0	0
463.304326	0	0
463.354331	0	0
463.404336	0	0
463.454341	0	0
463.504346	0	0
463.554351	0	0
463.604356	0	0
463.654361	0	0
463.704366	0	0
463.754371	0	0
463.804376	0	0
463.854381	0	0
463.904386	0	0
463.954391	0	0
464.004396	0	0
464.054401	0	0
464.104406	0	0
464.154411	0	0
464.204416	0	0
464.254421	0	0
464.304426	0	0
464.354431	0	0
464.404436	0	0
464.454441	0	0
464.504446	0	0
464.554451	0	0
464.604456	0	0
464.654461	0	0
464.704466	0	0
464.754471	0	0
464.804476	0	0
464.854481	0	0
464.904486	0	0
464.954491	0	0
465.004496	0	0
465.054501	0	0
465.104506	0	0
465.154511	0	0
465.204516	0	0
465.254521	0	0
465.304526	0	0
465.354531	0	0
465.404536	0	0
465.454541	0	0
465.504546	0	0
465.554551	0	0
465.604556	0	0
465.654561	0	0
465.704566	0	0
465.754571	0	0
465.804576	0	0
465.854581	0	0
465.904586	0	0
465.954591	0	0
466.004596	0	0
466.054601	0	0
466.104606	0	0
466.154611	0	0
466.204616	0	0
466.254621	0	0
466.304626	0	0
466.354631	0	0
466.404636	0	0
466.454641	0	0
466.504646	0	0
466.554651	0	0
466.604656	0	0
466.654661	0	0
466.704666	0	0
466.754671	0	0
466.804676	0	0
466.854681	0	0
466.904686	0	0
466.954691	0	0
467.003695	0	0
467.053700	0	0
467.103706	0	0
467.153711	0	0
467.203716	0	0
467.253721	0	0
467.303726	0	0
467.353731	0	0
467.403736	0	0
467.453741	0	0
467.503746	0	0
467.553751	0	0
467.603755	0	0
467.653760	0	0
467.703766	0	0
467.753771	0	0
467.803776	0	0
467.853781	0	0
467.903786	0	0
467.953791	0	0
468.003796	0	0
468.053801	0	0
468.103806	0	0
468.153811	0	0
468.203815	0	0
468.253821	0	0
468.303826	0	0
468.353831	0	0
468.403836	0	0
468.453841	0	0
468.503846	0	0
468.553851	0	0
468.603856	0	0
468.653861	0	0
468.703866	0	0
468.753870	0	0
468.803875	0	0
468.853881	0	0
468.903886	0	0
468.953891	0	0
469.003896	0	0
469.053901	0	0
469.103906	0	0
469.153911	0	0
469.203916	0	0
469.253921	0	0
469.303926	0	0
469.353930	0	0
469.403935	0	0
469.453941	0	0
469.503946	0	0
469.553951	0	0
469.603956	0	0
469.653961	0	0
469.703966	0	0
469.753971	0	0
469.803976	0	0
469.853981	0	0
469.903986	0	0
469.953990	0	0
470.003996	0	0
470.054001	0	0
470.104006	0	0
470.154011	0	0
470.204016	0	0
470.254021	0	0
470.304026	0	0
470.354031	0	0
470.404036	0	0
470.454041	0	0
470.504045	0	0
470.554050	0	0
470.604056	0	0
470.654061	0	0
470.704066	0	0
470.754071	0	0
470.804076	0	0
470.854081	0	0
470.904086	0	0
470.954091	0	0
471.004096	0	0
471.054101	0	0
471.104105	0	0
471.154110	0	0
471.204116	0	0
471.254121	0	0
471.304126	0	0
471.354131	0	0
471.404136	0	0
471.454141	0	0
471.504146	0	0
471.554151	0	0
471.604156	0	0
471.654160	0	0
471.704165	0	0
471.754171	0	0
471.804176	0	0
471.854181	0	0
471.904186	0	0
471.954191	0	0
472.004196	0	0
472.054201	0	0
472.104206	0	0
472.154211	0	0
472.204216	0	0
472.254220	0	0
472.304225	0	0
472.354231	0	0
472.404236	0	0
472.454241	0	0
472.504246	0	0
472.554251	0	0
472.604256	0	0
472.654261	0	0
472.704266	0	0
472.754271	0	0
472.804276	0	0
472.854280	0	0
472.904285	0	0
472.954291	0	0
473.004296	0	0
473.054301	0	0
473.104306	0	0
473.154311	0	0
473.204316	0	0
473.254321	0	0
473.304326	0	0
473.354331	0	0
473.404335	0	0
473.454340	0	0
473.504346	0	0
473.554351	0	0
473.604356	0	0
473.654361	0	0
473.704366	0	0
473.754371	0	0
473.804376	0	0
473.854381	0	0
473.904386	0	0
473.954391	0	0
474.004395	0	0
474.054400	0	0
474.104406	0	0
474.154411	0	0
474.204416	0	0
474.254421	0	0
474.304426	0	0
474.354431	0	0
474.404436	0	0
474.454441	0	0
474.504446	0	0
474.554451	0	0
474.604455	0	0
474.654461	0	0
474.704466	0	0
474.754471	0	0
474.804476	0	0
474.854481	0	0
474.904486	0	0
474.954491	0	0
475.004496	0	0
475.054501	0	0
475.104506	0	0
475.154510	0	0
475.204515	0	0
475.254521	0	0
475.304526	0	0
475.354531	0	0
475.404536	0	0
475.454541	0	0
475.504546	0	0
475.554551	0	0
475.604556	0	0
475.654561	0	0
475.704566	0	0
475.754570	0	0
475.804575	0	0
475.854581	0	0
475.904586	0	0
475.954591	0	0
476.004596	0	0
476.054601	0	0
476.104606	0	0
476.154611	0	0
476.204616	0	0
476.254621	0	0
476.304626	0	0
476.354630	0	0
476.404636	0	0
476.454641	0	0
476.504646	0	0
476.554651	0	0
476.604656	0	0
476.654661	0	0
476.704666	0	0
476.754671	0	0
476.804676	0	0
476.854681	0	0
476.904685	0	0
476.954690	0	0
477.004696	0	0
477.054701	0	0
477.104706	0	0
477.154711	0	0
477.204716	0	0
477.254721	0	0
477.304726	0	0
477.354731	0	0
477.404736	0	0
477.454741	0	0
477.504745	0	0
477.554750	0	0
477.604756	0	0
477.654761	0	0
477.704766	0	0
477.754771	0	0
477.804776	0	0
477.854781	0	0
477.904786	0	0
477.954791	0	0
478.004796	0	0
478.054801	0	0
478.104805	0	0
478.154811	0	0
478.204816	0	0
478.254821	0	0
478.304826	0	0
478.354831	0	0
478.404836	0	0
478.454841	0	0
478.504846	0	0
478.554851	0	0
478.604856	0	0
478.654860	0	0
478.704865	0	0
478.754871	0	0
478.804876	0	0
478.854881	0	0
478.904886	0	0
478.954891	0	0
479.004896	0	0
479.054901	0	0
479.104906	0	0
479.154911	0	0
479.204916	0	0
479.254920	0	0
479.304925	0	0
479.354931	0	0
479.404936	0	0
479.454941	0	0
479.504946	0	0
479.554951	0	0
479.604956	0	0
479.654961	0	0
479.704966	0	0
479.754971	0	0
479.804976	0	0
479.854980	0	0
479.904986	0	0
479.954991	0	0
480.004996	0	0
480.055001	0	0
480.105006	0	0
480.155011	0	0
480.205016	0	0
480.255021	0	0
480.305026	0	0
480.355031	0	0
480.405035	0	0
480.455040	0	0
480.505046	0	0
480.555051	0	0
480.605056	0	0
480.655061	0	0
480.705066	0	0
480.755071	0	0
480.805076	0	0
480.855081	0	0
480.905086	0	0
480.955091	0	0
481.005095	0	0
481.055100	0	0
481.105106	0	0
481.155111	0	0
481.205116	0	0
481.255121	0	0
481.305126	0	0
481.355131	0	0
481.405136	0	0
481.455141	0	0
481.505146	0	0
481.555151	0	0
481.605155	0	0
481.655161	0	0
481.705166	0	0
481.755171	0	0
481.805176	0	0
481.855181	0	0
481.905186	0	0
481.955191	0	0
482.005196	0	0
482.055201	0	0
482.105206	0	0
482.155210	0	0
482.205215	0	0
482.255221	0	0
482.305226	0	0
482.355231	0	0
482.405236	0	0
482.455241	0	0
482.505246	0	0
482.555251	0	0
482.605256	0	0
482.655261	0	0
482.705266	0	0
482.755270	0	0
482.805275	0	0
482.855281	0	0
482.905286	0	0
482.955291	0	0
483.005296	0	0
483.055301	0	0
483.105306	0	0
483.155311	0	0
483.205316	0	0
483.255321	0	0
483.305326	0	0
483.355330	0	0
483.405336	0	0
483.455341	0	0
483.505346	0	0
483.555351	0	0
483.605356	0	0
483.655361	0	0
483.705366	0	0
483.755371	0	0
483.805376	0	0
483.855381	0	0
483.905385	0	0
483.955390	0	0
484.005396	0	0
484.055401	0	0
484.105406	0	0
484.155411	0	0
484.205416	0	0
484.255421	0	0
484.305426	0	0
484.355431	0	0
484.405436	0	0
484.455441	0	0
484.504446	0	0
484.554451	0	0
484.604455	0	0
484.654460	0	0
484.704465	0	0
484.754470	0	0
484.804476	0	0
484.854481	0	0
484.904486	0	0
484.954491	0	0
485.004496	0	0
485.054501	0	0
485.104506	0	0
485.154510	0	0
485.204515	0	0
485.254520	0	0
485.304525	0	0
485.354530	0	0
485.404536	0	0
485.454541	0	0
485.504546	0	0
485.554551	0	0
485.604556	0	0
485.654561	0	0
485.704566	0	0
485.754570	0	0
485.804575	0	0
485.854580	0	0
485.904585	0	0
485.954591	0	0
486.004596	0	0
486.054601	0	0
486.104606	0	0
486.154611	0	0
486.204616	0	0
486.254621	0	0
486.304626	0	0
486.354630	0	0
486.404635	0	0
486.454640	0	0
486.504645	0	0
486.554651	0	0
486.604656	0	0
486.654661	0	0
486.704666	0	0
486.754671	0	0
486.804676	0	0
486.854681	0	0
486.904685	0	0
486.954690	0	0
487.004695	0	0
487.054700	0	0
487.104705	0	0
487.154711	0	0
487.204716	0	0
487.254721	0	0
487.304726	0	0
487.354731	0	0
487.404736	0	0
487.454741	0	0
487.504745	0	0
487.554750	0	0
487.604755	0	0
487.654760	0	0
487.704766	0	0
487.754771	0	0
487.804776	0	0
487.854781	0	0
487.904786	0	0
487.954791	0	0
488.004796	0	0
488.054801	0	0
488.104805	0	0
488.154810	0	0
488.204815	0	0
488.254820	0	0
488.304826	0	0
488.354831	0	0
488.404836	0	0
488.454841	0	0
488.504846	0	0
488.554851	0	0
488.604856	0	0
488.654860	0	0
488.704865	0	0
488.754870	0	0
488.804875	0	0
488.854880	0	0
488.904886	0	0
488.954891	0	0
489.004896	0	0
489.054901	0	0
489.104906	0	0
489.154911	0	0
489.204916	0	0
489.254920	0	0
489.304925	0	0
489.354930	0	0
489.418937	0	0
489.454941	0	0
489.504946	0	0
489.554951	0	0
489.604956	0	0
489.654961	0	0
489.704966	0	0
489.754971	0	0
489.804976	0	0
489.854980	0	0
489.904985	0	0
489.954990	0	0
490.004995	0	0
490.055001	0	0
490.105006	0	0
490.155011	0	0
490.205016	0	0
490.255021	0	0
490.305026	0	0
490.355031	0	0
490.405035	0	0
490.455040	0	0
490.505045	0	0
490.555050	0	0
490.605055	0	0
490.655061	0	0
490.705066	0	0
490.755071	0	0
490.805076	0	0
490.855081	0	0
490.905086	0	0
490.955091	0	0
491.005095	0	0
491.055100	0	0
491.105105	0	0
491.155110	0	0
491.205116	0	0
491.255121	0	0
491.305126	0	0
491.355131	0	0
491.405136	0	0
491.455141	0	0
491.505146	0	0
491.555151	0	0
491.605155	0	0
491.655160	0	0
491.705165	0	0
491.755170	0	0
491.805176	0	0
491.855181	0	0
491.905186	0	0
491.955191	0	0
492.005196	0	0
492.055201	0	0
492.105206	0	0
492.155210	0	0
492.205215	0	0
492.255220	0	0
492.305225	0	0
492.355230	0	0
492.405236	0	0
492.455241	0	0
492.505246	0	0
492.555251	0	0
492.605256	0	0
492.655261	0	0
492.705266	0	0
492.755270	0	0
492.805275	0	0
492.855280	0	0
492.905285	0	0
492.955291	0	0
493.005296	0	0
493.055301	0	0
493.105306	0	0
493.155311	0	0
493.206316	0	0
493.255321	0	0
493.305326	0	0
493.355330	0	0
493.405335	0	0
493.455340	0	0
493.505345	0	0
493.555351	0	0
493.605356	0	0
493.655361	0	0
493.705366	0	0
493.755371	0	0
493.805376	0	0
493.855381	0	0
493.905385	0	0
493.955390	0	0
494.005395	0	0
494.055400	0	0
494.105405	0	0
494.155411	0	0
494.205416	0	0
494.255421	0	0
494.305426	0	0
494.355431	0	0
494.405436	0	0
494.455441	0	0
494.505445	0	0
494.555450	0	0
494.605455	0	0
494.655460	0	0
494.705466	0	0
494.755471	0	0
494.805476	0	0
494.855481	0	0
494.905486	0	0
494.955491	0	0
495.005496	0	0
495.055501	0	0
495.105505	0	0
495.155510	0	0
495.205515	0	0
495.255520	0	0
495.305526	0	0
495.355531	0	0
495.405536	0	0
495.455541	0	0
495.505546	0	0
495.555551	0	0
495.605556	0	0
495.655560	0	0
495.705565	0	0
495.755570	0	0
495.805575	0	0
495.855581	0	0
495.905586	0	0
495.955591	0	0
496.005596	0	0
496.055601	0	0
496.105606	0	0
496.155611	0	0
496.205616	0	0
496.255620	0	0
496.305625	0	0
496.355630	0	0
496.405635	0	0
496.455641	0	0
496.505646	0	0
496.555651	0	0
496.605656	0	0
496.655661	0	0
496.705666	0	0
496.755671	0	0
496.805676	0	0
496.855680	0	0
496.905685	0	0
496.955690	0	0
497.005695	0	0
497.055701	0	0
497.105706	0	0
497.155711	0	0
497.205716	0	0
497.255721	0	0
497.305726	0	0
497.355731	0	0
497.405735	0	0
497.455740	0	0
497.505745	0	0
497.555750	0	0
497.605756	0	0
497.655761	0	0
497.705766	0	0
497.755771	0	0
497.805776	0	0
497.855781	0	0
497.905786	0	0
497.955791	0	0
498.005795	0	0
498.055800	0	0
498.105805	0	0
498.155810	0	0
498.205816	0	0
498.255821	0	0
498.305826	0	0
498.355831	0	0
498.405836	0	0
498.455841	0	0
498.505846	0	0
498.555851	0	0
498.605855	0	0
498.655860	0	0
498.705865	0	0
498.755870	0	0
498.805876	0	0
498.855881	0	0
498.905886	0	0
498.955891	0	0
499.005896	0	0
499.055901	0	0
499.105906	0	0
499.155910	0	0
499.205915	0	0
499.255920	0	0
499.305925	0	0
499.355931	0	0
499.405936	0	0
499.455941	0	0
499.505946	0	0
499.555951	0	0
499.605956	0	0
499.655961	0	0
499.705966	0	0
499.755970	0	0
499.805975	0	0
499.855980	0	0
499.905985	0	0
499.955991	0	0
500.005996	0	0
500.056001	0	0
500.106006	0	0
500.156011	0	0
500.206016	0	0
500.256021	0	0
500.306026	0	0
500.356030	0	0
500.406035	0	0
500.456040	0	0
500.506045	0	0
500.556051	0	0
500.606056	0	0
500.656061	0	0
500.706066	0	0
500.756071	0	0
500.806076	0	0
500.856081	0	0
500.906085	0	0
500.956090	0	0
501.006095	0	0
501.056100	0	0
501.106106	0	0
501.156111	0	0
501.206116	0	0
501.256121	0	0
501.306126	0	0
501.356131	0	0
501.406136	0	0
501.456141	0	0
501.506145	0	0
501.556150	0	0
501.606155	0	0
501.656160	0	0
501.706166	0	0
501.756171	0	0
501.806176	0	0
501.856181	0	0
501.906186	0	0
501.956191	0	0
502.005196	0	0
502.055201	0	0
502.105206	0	0
502.155210	0	0
502.205215	0	0
502.255220	0	0
502.305225	0	0
502.355230	0	0
502.405235	0	0
502.455240	0	0
502.505246	0	0
502.555251	0	0
502.605256	0	0
502.655261	0	0
502.705266	0	0
502.755270	0	0
502.805275	0	0
502.855280	0	0
502.905285	0	0
502.955290	0	0
503.005295	0	0
503.055300	0	0
503.105306	0	0
503.155311	0	0
503.205316	0	0
503.255321	0	0
503.305326	0	0
503.355330	0	0
503.405335	0	0
503.455340	0	0
503.505345	0	0
503.555350	0	0
503.605355	0	0
503.655361	0	0
503.705366	0	0
503.755371	0	0
503.805376	0	0
503.855381	0	0
503.905385	0	0
503.955390	0	0
504.005395	0	0
504.055400	0	0
504.105405	0	0
504.155410	0	0
504.205415	0	0
504.255421	0	0
504.305426	0	0
504.355431	0	0
504.405436	0	0
504.455441	0	0
504.505445	0	0
504.555450	0	0
504.605455	0	0
504.655460	0	0
504.705465	0	0
504.755470	0	0
504.805475	0	0
504.855481	0	0
504.905486	0	0
504.955491	0	0
505.005496	0	0
505.055501	0	0
505.105505	0	0
505.155510	0	0
505.205515	0	0
505.255520	0	0
505.305525	0	0
505.355530	0	0
505.405536	0	0
505.455541	0	0
505.505546	0	0
505.555551	0	0
505.605556	0	0
505.655560	0	0
505.705565	0	0
505.755570	0	0
505.805575	0	0
505.855580	0	0
505.905585	0	0
505.955590	0	0
506.005596	0	0
506.055601	0	0
506.105606	0	0
506.155611	0	0
506.205616	0	0
506.255620	0	0
506.305625	0	0
506.355630	0	0
506.405635	0	0
506.455640	0	0
506.505645	0	0
506.555650	0	0
506.605656	0	0
506.655661	0	0
506.705666	0	0
506.755671	0	0
506.805676	0	0
506.855680	0	0
506.905685	0	0
506.955690	0	0
507.005695	0	0
507.055700	0	0
507.105705	0	0
507.155711	0	0
507.205716	0	0
507.255721	0	0
507.305726	0	0
507.355731	0	0
507.405735	0	0
507.455740	0	0
507.505745	0	0
507.555750	0	0
507.605755	0	0
507.655760	0	0
507.705765	0	0
507.755771	0	0
507.805776	0	0
507.855781	0	0
507.905786	0	0
507.955791	0	0
508.005795	0	0
508.055800	0	0
508.105805	0	0
508.155810	0	0
508.205815	0	0
508.255820	0	0
508.305825	0	0
508.355831	0	0
508.405836	0	0
508.455841	0	0
508.505846	0	0
508.555851	0	0
508.605855	0	0
508.655860	0	0
508.705865	0	0
508.755870	0	0
508.805875	0	0
508.855880	0	0
508.905886	0	0
508.955891	0	0
509.005896	0	0
509.055901	0	0
509.105906	0	0
509.155910	0	0
509.205915	0	0
509.255920	0	0
509.305925	0	0
509.355930	0	0
509.405935	0	0
509.455940	0	0
509.505946	0	0
509.555951	0	0
509.605956	0	0
509.655961	0	0
509.705966	0	0
509.755970	0	0
509.805975	0	0
509.855980	0	0
509.905985	0	0
509.955990	0	0
510.005995	0	0
510.056000	0	0
510.106006	0	0
510.156011	0	0
510.206016	0	0
510.256021	0	0
510.306026	0	0
510.356030	0	0
510.406035	0	0
510.456040	0	0
510.506045	0	0
510.556050	0	0
510.606055	0	0
510.656061	0	0
510.706066	0	0
510.756071	0	0
510.806076	0	0
510.856081	0	0
510.906085	0	0
510.956090	0	0
511.006095	0	0
511.056100	0	0
511.106105	0	0
511.156110	0	0
511.206115	0	0
511.256121	0	0
511.306126	0	0
511.356131	0	0
511.406136	0	0
511.456141	0	0
511.506145	0	0
511.556150	0	0
511.606155	0	0
511.656160	0	0
511.706165	0	0
511.756170	0	0
511.806175	0	0
511.856181	0	0
511.906186	0	0
511.956191	0	0
512.006196	0	0
512.056201	0	0
512.106205	0	0
512.156210	0	0
512.206215	0	0
512.256220	0	0
512.306225	0	0
512.356230	0	0
512.406236	0	0
512.456241	0	0
512.506246	0	0
512.556251	0	0
512.606256	0	0
512.656260	0	0
512.706265	0	0
512.756270	0	0
512.806275	0	0
512.856280	0	0
512.906285	0	0
512.956290	0	0
513.006296	0	0
513.056301	0	0
513.106306	0	0
513.156311	0	0
513.206316	0	0
513.256320	0	0
513.306325	0	0
513.356330	0	0
513.406335	0	0
513.456340	0	0
513.506345	0	0
513.556350	0	0
513.606356	0	0
513.656361	0	0
513.706366	0	0
513.756371	0	0
513.806376	0	0
513.856380	0	0
513.906385	0	0
513.956390	0	0
514.006395	0	0
514.056400	0	0
514.106405	0	0
514.156411	0	0
514.206416	0	0
514.256421	0	0
514.306426	0	0
514.356431	0	0
514.406435	0	0
514.456440	0	0
514.506445	0	0
514.556450	0	0
514.606455	0	0
514.656460	0	0
514.706465	0	0
514.756471	0	0
514.806476	0	0
514.856481	0	0
514.906486	0	0
514.956491	0	0
515.006495	0	0
515.056500	0	0
515.106505	0	0
515.156510	0	0
515.206515	0	0
515.256520	0	0
515.306526	0	0
515.356531	0	0
515.406536	0	0
515.456541	0	0
515.506546	0	0
515.556551	0	0
515.606555	0	0
515.656560	0	0
515.706565	0	0
515.756570	0	0
515.806575	0	0
515.856580	0	0
515.906586	0	0
515.956591	0	0
516.006596	0	0
516.056601	0	0
516.106606	0	0
516.156610	0	0
516.206615	0	0
516.256620	0	0
516.306625	0	0
516.356630	0	0
516.406635	0	0
516.456640	0	0
516.506646	0	0
516.556651	0	0
516.606656	0	0
516.656661	0	0
516.706666	0	0
516.756670	0	0
516.806675	0	0
516.856680	0	0
516.906685	0	0
516.956690	0	0
517.006695	0	0
517.056701	0	0
517.106706	0	0
517.156711	0	0
517.206716	0	0
517.256721	0	0
517.306726	0	0
517.356730	0	0
517.406735	0	0
517.456740	0	0
517.506745	0	0
517.556750	0	0
517.606755	0	0
517.656761	0	0
517.706766	0	0
517.756771	0	0
517.806776	0	0
517.856781	0	0
517.906785	0	0
517.956790	0	0
518.006795	0	0
518.056800	0	0
518.106805	0	0
518.156810	0	0
518.206815	0	0
518.256821	0	0
518.306826	0	0
518.356831	0	0
518.406836	0	0
518.456841	0	0
518.506845	0	0
518.556850	0	0
518.606855	0	0
518.656860	0	0
518.706865	0	0
518.756870	0	0
518.806876	0	0
518.856881	0	0
518.906886	0	0
518.956891	0	0
519.006896	0	0
519.056901	0	0
519.106905	0	0
519.156910	0	0
519.206915	0	0
519.256920	0	0
519.306925	0	0
519.356930	0	0
519.406936	0	0
519.455940	0	0
519.505945	0	0
519.555950	0	0
519.605956	0	0
519.655961	0	0
519.705966	0	0
519.755970	0	0
519.805975	0	0
519.855980	0	0
519.905985	0	0
519.955990	0	0
520.005995	0	0
520.056000	0	0
520.106005	0	0
520.156010	0	0
520.206016	0	0
520.256021	0	0
520.306026	0	0
520.356030	0	0
520.406035	0	0
520.456040	0	0
520.506045	0	0
520.556050	0	0
520.606055	0	0
520.656060	0	0
520.706065	0	0
520.756070	0	0
520.806076	0	0
520.856081	0	0
520.906085	0	0
520.956090	0	0
521.006095	0	0
521.056100	0	0
521.106105	0	0
521.156110	0	0
521.206115	0	0
521.256120	0	0
521.306125	0	0
521.356131	0	0
521.406136	0	0
521.456141	0	0
521.506145	0	0
521.556150	0	0
521.606155	0	0
521.656160	0	0
521.706165	0	0
521.756170	0	0
521.806175	0	0
521.856180	0	0
521.906185	0	0
521.956191	0	0
522.006196	0	0
522.056201	0	0
522.106205	0	0
522.156210	0	0
522.206215	0	0
522.256220	0	0
522.306225	0	0
522.356230	0	0
522.406235	0	0
522.456240	0	0
522.506245	0	0
522.556251	0	0
522.606256	0	0
522.656260	0	0
522.706265	0	0
522.756270	0	0
522.806275	0	0
522.856280	0	0
522.906285	0	0
522.956290	0	0
523.006295	0	0
523.056300	0	0
523.106306	0	0
523.156311	0	0
523.206316	0	0
523.256320	0	0
523.306325	0	0
523.356330	0	0
523.406335	0	0
523.456340	0	0
523.506345	0	0
523.556350	0	0
523.606355	0	0
523.656360	0	0
523.706366	0	0
523.756371	0	0
523.806376	0	0
523.856380	0	0
523.906385	0	0
523.956390	0	0
524.006395	0	0
524.056400	0	0
524.106405	0	0
524.156410	0	0
524.206415	0	0
524.256420	0	0
524.306426	0	0
524.356431	0	0
524.406435	0	0
524.456440	0	0
524.506445	0	0
524.556450	0	0
524.606455	0	0
524.656460	0	0
524.706465	0	0
524.756470	0	0
524.806475	0	0
524.856481	0	0
524.906486	0	0
524.956491	0	0
525.006495	0	0
525.056500	0	0
525.266521	0	0
525.319527	0	0
525.356530	0	0
525.406535	0	0
525.456541	0	0
525.506546	0	0
525.556551	0	0
525.606555	0	0
525.656560	0	0
525.706565	0	0
525.756570	0	0
525.806575	0	0
525.856580	0	0
525.906585	0	0
525.956590	0	0
526.006595	0	0
526.056601	0	0
526.106606	0	0
526.156610	0	0
526.206615	0	0
526.256620	0	0
526.306625	0	0
526.356630	0	0
526.406635	0	0
526.456640	0	0
526.506645	0	0
526.556650	0	0
526.606656	0	0
526.656661	0	0
526.706666	0	0
526.756670	0	0
526.806675	0	0
526.856680	0	0
526.906685	0	0
526.956690	0	0
527.006695	0	0
527.056700	0	0
527.106705	0	0
527.156710	0	0
527.206716	0	0
527.256721	0	0
527.306726	0	0
527.356730	0	0
527.406735	0	0
527.456740	0	0
527.506745	0	0
527.556750	0	0
527.606755	0	0
527.656760	0	0
527.706765	0	0
527.756770	0	0
527.806776	0	0
527.856781	0	0
527.906785	0	0
527.956790	0	0
528.006795	0	0
528.056800	0	0
528.106805	0	0
528.156810	0	0
528.206815	0	0
528.256820	0	0
528.306825	0	0
528.356831	0	0
528.406836	0	0
528.456841	0	0
528.506845	0	0
528.556850	0	0
528.606855	0	0
528.656860	0	0
528.706865	0	0
528.756870	0	0
528.806875	0	0
528.856880	0	0
528.906885	0	0
528.956891	0	0
529.006896	0	0
529.056901	0	0
529.106905	0	0
529.156910	0	0
529.206915	0	0
529.256920	0	0
529.306925	0	0
529.356930	0	0
529.406935	0	0
529.456940	0	0
529.506945	0	0
529.556951	0	0
529.606956	0	0
529.656960	0	0
529.706965	0	0
529.756970	0	0
529.806975	0	0
529.856980	0	0
529.906985	0	0
529.956990	0	0
530.006995	0	0
530.057000	0	0
530.107006	0	0
530.157011	0	0
530.207016	0	0
530.257020	0	0
530.307025	0	0
530.357030	0	0
530.407035	0	0
530.457040	0	0
530.507045	0	0
530.557050	0	0
530.607055	0	0
530.657060	0	0
530.707066	0	0
530.757071	0	0
530.807076	0	0
530.857080	0	0
530.907085	0	0
530.957090	0	0
531.007095	0	0
531.057100	0	0
531.107105	0	0
531.157110	0	0
531.207115	0	0
531.257120	0	0
531.307126	0	0
531.357131	0	0
531.407135	0	0
531.457140	0	0
531.507145	0	0
531.557150	0	0
531.607155	0	0
531.657160	0	0
531.707165	0	0
531.757170	0	0
531.807175	0	0
531.857181	0	0
531.907186	0	0
531.957191	0	0
532.007195	0	0
532.057200	0	0
532.107205	0	0
532.157210	0	0
532.207215	0	0
532.257220	0	0
532.307225	0	0
532.357230	0	0
532.407235	0	0
532.457241	0	0
532.507246	0	0
532.557250	0	0
532.607255	0	0
532.657260	0	0
532.707265	0	0
532.757270	0	0
532.807275	0	0
532.857280	0	0
532.907285	0	0
532.957290	0	0
533.007295	0	0
533.057301	0	0
533.107306	0	0
533.157310	0	0
533.207315	0	0
533.257320	0	0
533.307325	0	0
533.357330	0	0
533.407335	0	0
533.457340	0	0
533.507345	0	0
533.557350	0	0
533.607356	0	0
533.657361	0	0
533.707366	0	0
533.757370	0	0
533.807375	0	0
533.857380	0	0
533.907385	0	0
533.957390	0	0
534.007395	0	0
534.057400	0	0
534.107405	0	0
534.157410	0	0
534.207416	0	0
534.257421	0	0
534.307425	0	0
534.357430	0	0
534.407435	0	0
534.457440	0	0
534.507445	0	0
534.557450	0	0
534.607455	0	0
534.657460	0	0
534.707465	0	0
534.757470	0	0
534.807476	0	0
534.857481	0	0
534.907485	0	0
534.957490	0	0
535.007495	0	0
535.057500	0	0
535.107505	0	0
535.157510	0	0
535.207515	0	0
535.257520	0	0
535.307525	0	0
535.357531	0	0
535.407536	0	0
535.457541	0	0
535.507545	0	0
535.557550	0	0
535.607555	0	0
535.657560	0	0
535.707565	0	0
535.757570	0	0
535.807575	0	0
535.857580	0	0
535.907585	0	0
535.957591	0	0
536.007596	0	0
536.057600	0	0
536.107605	0	0
536.157610	0	0
536.207615	0	0
536.257620	0	0
536.307625	0	0
536.357630	0	0
536.407635	0	0
536.457640	0	0
536.507646	0	0
536.557651	0	0
536.607656	0	0
536.657660	0	0
536.707665	0	0
536.757670	0	0
536.807675	0	0
536.857680	0	0
536.907685	0	0
536.956690	0	0
537.006695	0	0
537.056700	0	0
537.106705	0	0
537.156710	0	0
537.206715	0	0
537.256720	0	0
537.306726	0	0
537.356730	0	0
537.406735	0	0
537.456740	0	0
537.506745	0	0
537.556750	0	0
537.606755	0	0
537.656760	0	0
537.706765	0	0
537.756770	0	0
537.806775	0	0
537.856780	0	0
537.906785	0	0
537.956790	0	0
538.006795	0	0
538.056800	0	0
538.106805	0	0
538.156810	0	0
538.206815	0	0
538.256820	0	0
538.306825	0	0
538.356830	0	0
538.406835	0	0
538.456840	0	0
538.506845	0	0
538.556850	0	0
538.606855	0	0
538.656860	0	0
538.706865	0	0
538.756870	0	0
538.806875	0	0
538.856880	0	0
538.906885	0	0
538.956890	0	0
539.006895	0	0
539.056901	0	0
539.106905	0	0
539.156910	0	0
539.206915	0	0
539.256920	0	0
539.306925	0	0
539.356930	0	0
539.406935	0	0
539.456940	0	0
539.506945	0	0
539.556950	0	0
539.606955	0	0
539.656960	0	0
539.706965	0	0
539.756970	0	0
539.806975	0	0
539.856980	0	0
539.906985	0	0
539.956990	0	0
540.006995	0	0
540.057000	0	0
540.107005	0	0
540.157010	0	0
540.207015	0	0
540.257020	0	0
540.307025	0	0
540.357030	0	0
540.407035	0	0
540.457040	0	0
540.507045	0	0
540.557050	0	0
540.607055	0	0
540.657060	0	0
540.707065	0	0
540.757070	0	0
540.807076	0	0
540.857080	0	0
540.907085	0	0
540.957090	0	0
541.007095	0	0
541.057100	0	0
541.107105	0	0
541.157110	0	0
541.207115	0	0
541.257120	0	0
541.307125	0	0
541.357130	0	0
541.407135	0	0
541.457140	0	0
541.507145	0	0
541.557150	0	0
541.607155	0	0
541.657160	0	0
541.707165	0	0
541.757170	0	0
541.807175	0	0
541.857180	0	0
541.907185	0	0
541.957190	0	0
542.007195	0	0
542.057200	0	0
542.107205	0	0
542.157210	0	0
542.207215	0	0
542.257220	0	0
542.307225	0	0
542.357230	0	0
542.407235	0	0
542.457240	0	0
542.507245	0	0
542.557250	0	0
542.607255	0	0
542.657260	0	0
542.707265	0	0
542.757270	0	0
542.807275	0	0
542.857280	0	0
542.907285	0	0
542.957290	0	0
543.007295	0	0
543.057300	0	0
543.107305	0	0
543.157310	0	0
543.207315	0	0
543.257320	0	0
543.307325	0	0
543.357330	0	0
543.407335	0	0
543.457340	0	0
543.507345	0	0
543.557350	0	0
543.607355	0	0
543.657360	0	0
543.707365	0	0
543.757370	0	0
543.807375	0	0
543.857380	0	0
543.907385	0	0
543.957390	0	0
544.007395	0	0
544.057400	0	0
544.107405	0	0
544.157410	0	0
544.207415	0	0
544.257420	0	0
544.307425	0	0
544.357430	5	0
544.407435	49	0
544.457440	49	0
544.507445	49	0
544.557450	49	0
544.607455	49	0
544.657460	49	0
544.707465	49	0
544.757470	153	0
544.807475	185	0
544.857480	257	0
544.907485	257	0
544.957490	257	0
545.007495	265	0
545.057500	265	0
545.107505	265	0
545.157510	265	0
545.207515	265	0
545.257520	265	0
545.307525	265	0
545.357530	273	0
545.407535	289	0
545.457540	289	0
545.507545	333	0
545.557550	333	0
545.607555	333	0
545.657560	333	0
545.707565	333	0
545.757570	333	0
545.807575	333	0
545.857580	333	0
545.907585	333	0
545.957590	333	0
546.007595	333	0
546.057600	333	0
546.107605	333	0
546.157610	333	0
546.207615	333	0
546.257620	333	0
546.307625	333	0
546.357630	377	0
546.407635	377	0
546.457640	377	0
546.507645	377	0
546.557650	377	0
546.607655	377	0
546.657660	377	0
546.707665	377	0
546.757670	377	0
546.807675	377	0
546.857680	377	0
546.907685	377	0
546.957690	377	0
547.007695	377	0
547.057700	377	0
547.107705	377	0
547.157710	377	0
547.207715	377	0
547.257720	377	0
547.307725	377	0
547.357730	377	0
547.407735	377	0
547.457740	377	0
547.507745	377	0
547.557750	377	0
547.607755	377	0
547.657760	377	0
547.707765	377	0
547.757770	377	0
547.807775	377	0
547.857780	377	0
547.907785	377	0
547.957790	377	0
548.007795	377	0
548.057800	377	0
548.107805	377	0
548.157810	377	0
548.207815	377	0
548.257820	377	0
548.307825	377	0
548.357830	377	0
548.407835	377	0
548.457840	377	0
548.507845	377	0
548.557850	377	0
548.607855	377	0
548.657860	377	0
548.707865	377	0
548.757870	377	0
548.807875	377	0
548.857880	377	0
548.907885	377	0
548.957890	377	0
549.007895	377	0
549.057900	377	0
549.107905	377	0
549.157910	377	0
549.207915	377	0
549.257920	377	0
549.307925	377	0
549.357930	377	0
549.407935	377	0
549.457940	377	0
549.507945	377	0
549.557950	377	0
549.607955	377	0
549.657960	377	0
549.707965	377	0
549.757970	377	0
549.807975	377	0
549.857980	377	0
549.907985	377	0
549.957990	377	0
550.007995	377	0
550.058000	377	0
550.108005	377	0
550.158010	377	0
550.208015	377	0
550.258020	377	0
550.308025	377	0
550.358030	377	0
550.408035	377	0
550.458040	377	0
550.508045	377	0
550.558050	377	0
550.608055	377	0
550.658060	377	0
550.708065	377	0
550.758070	377	0
550.808075	377	0
550.858080	377	0
550.908085	377	0
550.958090	377	0
551.008095	377	0
551.058100	377	0
551.108105	377	0
551.158110	377	0
551.208115	377	0
551.258120	377	0
551.308125	377	0
551.358130	377	0
551.408135	377	0
551.458140	377	0
551.508145	377	0
551.558150	377	0
551.608155	377	0
551.658160	377	0
551.708165	377	0
551.758170	377	0
551.808175	377	0
551.858180	377	0
551.908185	377	0
551.958190	377	0
552.008195	377	0
552.058200	377	0
552.108205	377	0
552.158210	377	0
552.208215	377	0
552.258220	377	0
552.308225	377	0
552.358230	377	0
552.408235	377	0
552.458240	377	0
552.508245	377	-13
552.558250	377	-29
552.608255	377	-85
552.658260	377	-85
552.708265	377	-85
552.758270	377	-85
552.808275	377	-85
552.858280	377	-85
552.908285	377	-85
552.958290	377	-85
553.008295	377	-85
553.058300	377	-85
553.108305	377	-85
553.158310	377	-85
553.208315	377	-85
553.258320	377	-85
553.308325	377	-85
553.358330	377	-85
553.408335	377	-85
553.458340	377	-85
553.508345	377	-85
553.558350	377	-85
553.608355	377	-85
553.658360	377	-85
553.708365	377	-85
553.758370	377	-85
553.808375	377	-85
553.858380	377	-85
553.908385	377	-85
553.958390	377	-85
554.008395	377	-85
554.058400	377	-85
554.108405	377	-85
554.158410	377	-85
554.208415	377	-85
554.258420	377	-85
554.308425	377	-85
554.358430	377	-85
554.408435	377	-85
554.457440	377	-85
554.507445	377	-85
554.557450	377	-85
554.607455	377	-85
554.657460	377	-85
554.707465	245	-85
554.757470	185	-85
554.807475	177	-85
554.857480	169	-85
554.907485	141	-85
554.957490	57	-85
555.007495	13	-85
555.057500	13	-85
555.107505	13	-77
555.157510	13	-77
555.207515	0	-21
555.257520	0	0
555.307525	0	0
555.357530	0	0
555.407535	0	0
555.457540	0	0
555.507545	0	0
555.557550	0	0
555.607555	0	0
555.657560	0	0
555.707565	0	0
555.757570	0	0
555.807575	0	0
555.857580	0	0
555.907585	0	0
555.957590	0	0
556.007595	0	0
556.057600	0	0
556.107605	0	0
556.157610	0	0
556.207615	0	0
556.257620	0	0
556.307625	0	0
556.357630	0	0
556.407635	0	0
556.457640	0	0
556.507645	0	0
556.557650	0	0
556.607655	0	0
556.657660	0	0
556.707665	0	0
556.757670	0	0
556.807675	0	0
556.857680	0	0
556.907685	0	0
556.957690	0	0
557.007695	0	0
557.057700	0	0
557.118706	0	0
557.157710	0	0
557.207715	0	0
557.257720	0	0
557.307725	0	0
557.357730	0	0
557.407735	0	0
557.457740	0	0
557.507745	0	0
557.557750	0	0
557.607755	0	0
557.657760	0	0
557.707765	0	0
557.757770	0	0
557.807775	0	0
557.857780	0	0
557.907785	0	0
557.957790	0	0
558.007795	0	0
558.057800	0	0
558.107805	0	0
558.157810	0	0
558.207815	0	0
558.257820	0	0
558.307825	0	0
558.357830	0	0
558.407835	0	0
558.457840	0	0
558.507845	0	0
558.557850	0	0
558.607855	0	0
558.657860	0	0
558.707865	0	0
558.757870	0	0
558.807875	0	0
558.857880	0	0
558.907885	0	0
558.957890	0	0
559.007895	0	0
559.057900	0	0
559.107905	0	0
559.157910	0	0
559.207915	0	0
559.257920	0	0
559.307925	0	0
559.357930	0	0
559.407935	0	0
559.457940	0	0
559.507945	0	0
559.557950	0	0
559.607955	0	0
559.657960	0	0
559.707965	0	0
559.757970	0	0
559.807975	0	0
559.857980	0	0
559.907985	0	0
559.957990	0	0
560.007995	0	0
560.058000	0	0
560.108005	0	0
560.158010	0	0
560.208015	0	0
560.258020	0	0
560.308025	0	0
560.358030	0	0
560.408035	0	0
560.458040	0	0
560.508045	0	0
560.558050	0	0
560.608055	0	0
560.658060	0	0
560.708065	0	0
560.758070	0	0
560.808075	0	0
560.858080	0	0
560.908085	0	0
560.958090	0	0
561.008095	0	0
561.058100	0	0
561.108105	0	0
561.158110	0	0
561.208115	0	0
561.258120	0	0
561.308125	0	0
561.358130	0	0
561.408135	0	0
561.458140	0	0
561.508145	0	0
561.558150	0	0
561.608155	0	0
561.658160	0	0
561.708165	0	0
561.758170	0	0
561.808175	0	0
561.858180	0	0
561.908185	0	0
561.958190	0	0
562.008195	0	0
562.058200	0	0
562.108205	0	0
562.158210	0	0
562.208215	0	0
562.258220	0	0
562.308225	0	0
562.358230	0	0
562.408235	0	0
562.458240	0	0
562.508245	0	0
562.558250	0	0
562.608255	0	0
562.658260	0	0
562.708265	0	0
562.758270	0	0
562.808275	0	0
562.858280	0	0
562.908285	0	0
562.958290	0	0
563.008295	0	0
563.058300	0	0
563.108305	0	0
563.158310	0	0
563.208315	0	0
563.258320	0	0
563.308325	0	0
563.358330	0	0
563.408335	0	0
563.458340	0	0
563.508345	0	0
563.558350	0	0
563.608355	0	0
563.658360	0	0
563.708365	0	0
563.758370	0	0
563.808375	0	0
563.858380	0	0
563.908385	0	0
563.958390	0	0
564.008395	0	0
564.058400	0	0
564.108405	0	0
564.158410	0	0
564.208415	0	0
564.258420	0	0
564.308425	0	0
564.358430	0	0
564.408435	0	0
564.458440	0	0
564.508445	0	0
564.558450	0	0
564.608455	0	0
564.658460	0	0
564.708465	0	0
564.758470	0	0
564.808475	0	0
564.858480	0	0
564.908485	0	0
564.958490	0	0
565.008495	0	0
565.058500	0	0
565.108505	0	0
565.158510	0	0
565.208515	0	0
565.258520	0	0
565.308525	0	0
565.358530	0	0
565.408535	0	0
565.458540	0	0
565.508545	0	0
565.558550	0	0
565.608555	0	0
565.658560	0	0
565.708565	0	0
565.758570	0	0
565.808575	0	0
565.858580	0	0
565.908585	0	0
565.958590	0	0
566.008595	0	0
566.058600	0	0
566.108605	0	0
566.158610	0	0
566.208615	0	0
566.258620	0	0
566.308625	0	0
566.358630	0	0
566.408635	0	0
566.458640	0	0
566.508645	0	0
566.558650	0	0
566.608655	0	0
566.658660	0	0
566.708665	0	0
566.758670	0	0
566.808675	0	0
566.858680	0	0
566.908685	0	0
566.958690	0	0
567.008695	0	0
567.058700	0	0
567.108705	0	0
567.158710	0	0
567.208715	0	0
567.260720	0	0
567.308725	0	0
567.358730	0	0
567.408735	0	0
567.458740	0	0
567.508745	0	0
567.558750	0	0
567.608755	0	0
567.658760	0	0
567.708765	0	0
567.758770	0	0
567.808775	0	0
567.858780	0	0
567.908785	0	0
567.958790	0	0
568.008795	0	0
568.058800	0	0
568.108805	0	0
568.158810	0	0
568.208815	0	0
568.258820	0	0
568.308825	0	0
568.358830	0	0
568.408835	0	0
568.458840	0	0
568.508845	0	0
568.558850	0	0
568.608855	0	0
568.658860	0	0
568.708865	0	0
568.758870	0	0
568.808875	0	0
568.858880	0	0
568.908885	0	0
568.958890	0	0
569.008895	0	0
569.058900	0	0
569.108905	0	0
569.158910	0	0
569.208915	0	0
569.258920	0	0
569.308925	0	0
569.358930	0	0
569.408935	0	0
569.458940	0	0
569.508945	0	0
569.558950	0	0
569.608955	0	0
569.658960	0	0
569.708965	0	-5
569.760971	0	-85
569.808975	0	-93
569.858980	0	-129
569.908985	0	-165
569.958990	0	-201
570.008995	0	-201
570.059000	0	-229
570.109005	0	-229
570.159010	0	-229
570.209015	0	-229
570.259020	0	-229
570.309025	0	-229
570.359030	0	-229
570.409035	0	-229
570.459040	0	-229
570.509045	0	-229
570.559050	0	-229
570.609055	0	-229
570.659060	0	-229
570.709065	0	-229
570.759070	0	-229
570.809075	21	-229
570.859080	21	-229
570.909085	57	-229
570.959090	125	-229
571.009095	213	-229
571.059100	361	-229
571.109105	473	-229
571.159110	681	-229
571.209115	837	-229
571.259120	1053	-229
571.309125	1161	-229
571.359130	1341	-281
571.409135	1533	-281
571.459140	1577	-281
571.509145	1745	-993
571.559150	1953	-993
571.609155	2109	-1029
571.659160	2201	-1029
571.709165	2277	-1029
571.759170	2413	-1089
571.809175	2537	-1097
571.859180	2681	-1141
571.908185	2809	-1153
571.958190	3049	-1205
572.008195	3317	-1205
572.058200	3681	-1213
572.108205	4117	-1265
572.158210	4501	-1265
572.208215	4869	-1265
572.258220	5221	-1265
572.308225	5614	-1265
572.358230	6082	-1265
572.408235	6462	-1265
572.458240	6786	-1265
572.508245	6990	-1265
572.558250	7234	-1265
572.608255	7498	-1265
572.658260	7758	-1209
572.708265	8142	-1081
572.758270	8582	-929
572.808275	8882	-813
572.858280	9158	-661
572.908285	9394	-597
572.958290	9850	-437
573.008295	10298	-269
573.058300	10782	-157
573.108305	10975	-145
573.158310	11119	-145
573.208315	11295	-145
573.258320	11475	-145
573.308325	11683	-145
573.358330	11979	-145
573.408335	12339	-145
573.458340	12711	-145
573.508345	13183	-145
573.558350	13663	-145
573.608355	14087	-145
573.658360	14559	-145
573.708365	14803	-145
573.758370	15143	-145
573.808375	15419	-145
573.858380	15827	-197
573.908385	16275	-197
573.958390	17044	-217
574.008395	17532	-289
574.058400	17624	-289
574.108405	17624	-341
574.158410	17624	-505
574.208415	17624	-581
574.258420	17624	-581
574.308425	17624	-617
574.358430	17624	-617
574.408435	17624	-617
574.458440	17624	-617
574.508445	17624	-617
574.558450	17624	-617
574.608455	17624	-617
574.658460	17624	-617
574.708465	17624	-617
574.758470	17624	-405
574.808475	17624	-201
574.858480	17420	-17
574.908485	17376	100
574.958490	17364	152
575.008495	17248	152
575.058500	17056	152
575.108505	16956	260
575.158510	16812	308
575.208515	16480	324
575.258520	16079	344
575.308525	16027	400
575.358530	16027	400
575.408535	16027	424
575.458540	16027	424
575.508545	16027	424
575.558550	16027	424
575.608555	16027	424
575.658560	16027	424
575.708565	16027	424
575.758570	16027	424
575.808575	16027	428
575.858580	16027	428
575.908585	16027	440
575.958590	16027	452
576.008595	16027	464
576.058600	16027	464
576.108605	16027	476
576.158610	16027	544
576.208615	16027	544
576.258620	16027	548
576.308625	16027	548
576.358630	16027	548
576.408635	16027	548
576.458640	16027	548
576.508645	16027	548
576.558650	16027	548
576.608655	16027	548
576.658660	16027	548
576.708665	16027	548
576.758670	16027	548
576.808675	16027	548
576.858680	16027	548
576.908685	16027	548
576.958690	16027	548
577.008695	16027	548
577.058700	16027	548
577.108705	16027	548
577.158710	16027	548
577.208715	16027	548
577.258720	16027	548
577.308725	16027	548
577.358730	16027	548
577.408735	16027	548
577.458740	16027	548
577.508745	16027	548
577.558750	16027	548
577.608755	16027	548
577.658760	16027	548
577.708765	16027	548
577.758770	16027	548
577.808775	16027	548
577.858780	16027	548
577.908785	16027	548
577.958790	16027	548
578.008795	16027	548
578.058800	16027	548
578.108805	16027	548
578.158810	16027	548
578.208815	16027	548
578.258820	16027	548
578.308825	16027	548
578.358830	16027	548
578.408835	16027	548
578.458840	16027	548
578.508845	16027	548
578.558850	16027	548
578.608855	16027	548
578.658860	16027	548
578.708865	16027	548
578.758870	16027	548
578.808875	16027	548
578.858880	16027	548
578.908885	16027	548
578.958890	16027	548
579.008895	16027	548
579.058900	16027	548
579.108905	16027	548
579.158910	16027	548
579.208915	16027	548
579.258920	16027	548
579.308925	16027	548
579.358930	16027	548
579.408935	16027	536
579.458940	16027	468
579.508945	16027	424
579.558950	16027	372
579.608955	16027	312
579.658960	16027	312
579.708965	16027	292
579.758970	16027	260
579.808975	16027	240
579.858980	16027	240
579.908985	16027	240
579.958990	16027	240
580.008995	16027	240
580.059000	16027	240
580.109005	16027	240
580.159010	16027	240
580.209015	16027	240
580.259020	16027	240
580.309025	16027	240
580.359030	16027	240
580.409035	16027	240
580.459040	16027	240
580.509045	16027	240
580.559050	16027	240
580.609055	16031	240
580.659060	16031	240
580.709065	16031	240
580.759070	16031	240
580.809075	16031	240
580.859080	16031	240
580.909085	16031	240
580.959090	16031	240
581.009095	16031	240
581.059100	16031	240
581.109105	16031	240
581.159110	16031	240
581.209115	16035	240
581.259120	16035	240
581.309125	16035	240
581.359130	16035	240
581.409135	16043	240
581.459140	16059	240
581.509145	16059	240
581.559150	16059	240
581.609155	16059	240
581.659160	16075	240
581.709165	16075	240
581.759170	16075	240
581.809175	16075	240
581.859180	16075	240
581.909185	16075	240
581.959190	16083	240
582.009195	16083	240
582.059200	16083	240
582.109205	16083	240
582.159210	16083	240
582.209215	16083	240
582.259220	16087	240
582.309225	16087	240
582.359230	16087	240
582.409235	16087	240
582.459240	16087	240
582.509245	16087	240
582.559250	16087	228
582.609255	16099	212
582.659260	16111	212
582.709265	16111	208
582.759270	16111	168
582.809275	16111	164
582.859280	16111	152
582.909285	16111	152
582.959290	16111	144
583.009295	16115	144
583.059300	16115	132
583.109305	16115	132
583.159310	16115	132
583.209315	16115	132
583.259320	16115	132
583.309325	16115	132
583.359330	16115	132
583.409335	16115	132
583.459340	16115	132
583.509345	16115	132
583.559350	16115	132
583.609355	16115	132
583.659360	16115	132
583.709365	16115	132
583.759370	16115	132
583.809375	16115	132
583.859380	16115	132
583.909385	16115	132
583.959390	16115	132
584.009395	16115	132
584.059400	16115	132
584.109405	16115	132
584.159410	16115	132
584.209415	16115	132
584.259420	16115	132
584.309425	16115	132
584.359430	16115	132
584.409435	16115	132
584.459440	16115	132
584.509445	16115	132
584.559450	16115	132
584.609455	16115	132
584.659460	16115	132
584.709465	16115	132
584.759470	16115	132
584.809475	16115	132
584.859480	16115	132
584.909485	16115	132
584.959490	16115	132
585.009495	16115	132
585.059500	16115	132
585.109505	16115	132
585.159510	16115	132
585.209515	16115	132
585.259520	16115	132
585.309525	16115	132
585.359530	16115	132
585.409535	16115	132
585.459540	16115	132
585.509545	16115	132
585.559550	16115	132
585.609555	16115	132
585.659560	16115	132
585.709565	16115	132
585.759570	16115	132
585.809575	16115	132
585.859580	16115	132
585.909585	16115	132
585.959590	16115	132
586.009595	16115	132
586.059600	16115	132
586.109605	16115	132
586.159610	16115	132
586.209615	16115	132
586.259620	16115	132
586.309625	16115	132
586.359630	16115	132
586.409635	16115	132
586.459640	16115	132
586.509645	16115	132
586.559650	16115	132
586.609655	16115	132
586.659660	16115	132
586.709665	16115	132
586.759670	16115	132
586.809675	16115	132
586.859680	16115	132
586.909685	16115	132
586.959690	16115	132
587.009695	16115	132
587.059700	16115	132
587.109705	16115	132
587.159710	16115	132
587.209715	16115	132
587.259720	16115	132
587.309725	16115	132
587.359730	16115	132
587.409735	16115	132
587.459740	16115	132
587.509745	16115	132
587.559750	16115	132
587.609755	16115	132
587.659760	16115	132
587.709765	16115	132
587.759770	16115	132
587.809775	16115	132
587.859780	16115	132
587.909785	16115	132
587.959790	16115	132
588.009795	16115	132
588.059800	16115	132
588.109805	16115	132
588.159810	16115	132
588.209815	16115	132
588.259820	16115	132
588.309825	16115	132
588.359830	16115	132
588.409835	16115	132
588.459840	16115	132
588.509845	16115	132
588.559850	16115	132
588.609855	16115	132
588.659860	16115	132
588.709865	16115	132
588.759870	16115	132
588.809875	16115	132
588.859880	16115	132
588.909885	16115	132
588.959890	16115	132
589.009895	16115	152
589.059900	16115	152
589.109905	16115	152
589.159910	16115	160
589.209915	16115	164
589.259920	16115	164
589.309925	16115	164
589.359930	16115	164
589.408935	16115	164
589.458940	16115	164
589.508945	16115	164
589.558950	16115	164
589.608955	16115	164
589.658960	16115	164
589.708965	16115	164
589.758970	16115	164
589.808975	16115	164
589.858980	16115	176
589.908985	16115	176
589.958990	16115	176
590.008995	16115	176
590.059000	16115	176
590.109005	16115	176
590.159010	16115	176
590.209015	16115	176
590.259020	16115	176
590.309025	16115	176
590.359030	16115	176
590.409035	16115	176
590.459040	16115	176
590.509045	16115	176
590.559050	16115	176
590.609055	16115	176
590.659060	16115	176
590.709065	16115	176
590.759070	16115	176
590.809075	16115	176
590.859080	16115	176
590.909085	16115	176
590.959090	16115	144
591.009095	16115	100
591.059100	16115	68
591.109105	16115	68
591.159110	16115	60
591.209115	16115	60
591.259120	16115	28
591.309125	16115	24
591.359130	16115	16
591.409135	16115	-37
591.459140	16115	-37
591.509145	16115	-37
591.559150	16115	-49
591.609155	16115	-49
591.659160	16115	-49
591.709165	16115	-49
591.759170	16115	-49
591.809175	16115	-49
591.859180	16115	-49
591.909185	16115	-49
591.959190	16115	-49
592.009195	16115	-49
592.059200	16115	-49
592.109205	16115	-49
592.159210	16115	-89
592.209215	16115	-89
592.259220	16115	-89
592.309225	16115	-89
592.359230	16115	-89
592.409235	16115	-89
592.459240	16115	-89
592.509245	16115	-89
592.559250	16115	-89
592.609255	16115	-89
592.659260	16115	-89
592.709265	16115	-89
592.759270	16115	-89
592.809275	16115	-89
592.859280	16115	-89
592.909285	16115	-89
592.959290	16115	-89
593.009295	16115	-89
593.059300	16115	-89
593.109305	16115	-89
593.159310	16115	-89
593.209315	16115	-89
593.259320	16115	-89
593.309325	16115	-89
593.359330	16115	-89
593.409335	16115	-89
593.459340	16115	-89
593.509345	16115	-89
593.559350	16115	-89
593.609355	16115	-89
593.659360	16115	-89
593.709365	16115	-89
593.759370	16115	-89
593.809375	16115	-89
593.859380	16115	-89
593.909385	16115	-89
593.959390	16115	-89
594.009395	16115	-89
594.059400	16115	-89
594.109405	16115	-89
594.159410	16115	-89
594.209415	16115	-89
594.259420	16115	-89
594.309425	16115	-89
594.359430	16115	-89
594.409435	16115	-89
594.459440	16115	-89
594.509445	16115	-89
594.559450	16115	-89
594.609455	16115	-89
594.659460	16115	-89
594.709465	16115	-89
594.759470	16115	-89
594.809475	16115	-89
594.859480	16115	-89
594.909485	16115	-89
594.959490	16115	-89
595.009495	16115	-89
595.059500	16115	-89
595.109505	16115	-89
595.159510	16115	-89
595.209515	16115	-89
595.259520	16115	-89
595.309525	16115	-89
595.359530	16115	-89
595.409535	16115	-89
595.459540	16115	-89
595.509545	16115	-89
595.559550	16115	-89
595.609555	16115	-89
595.659560	16115	-89
595.709565	16115	-89
595.759570	16115	-89
595.809575	16115	-89
595.859580	16115	-89
595.909585	16115	-89
595.959590	16115	-89
596.009595	16115	-89
596.059600	16115	-89
596.109605	16115	-89
596.159610	16115	-89
596.209615	16115	-89
596.259620	16115	-89
596.309625	16115	-89
596.359630	16115	-89
596.409635	16115	-89
596.459640	16115	-89
596.509645	16115	-89
596.559650	16115	-89
596.609655	16115	-89
596.659660	16115	-89
596.709665	16115	-89
596.759670	16115	-89
596.809675	16115	-89
596.859680	16115	-89
596.909685	16115	-89
596.959690	16115	-89
597.009695	16115	-89
597.059700	16115	-89
597.109705	16115	-89
597.159710	16115	-89
597.209715	16115	-89
597.259720	16115	-89
597.309725	16115	-89
597.359730	16115	-89
597.409735	16115	-89
597.459740	16115	-89
597.509745	16115	-89
597.559750	16115	-89
597.609755	16115	-89
597.659760	16115	-89
597.709765	16115	-89
597.759770	16115	-89
597.809775	16115	-89
597.859780	16115	-89
597.909785	16115	-89
597.959790	16115	-89
598.009795	16115	-89
598.059800	16115	-89
598.109805	16115	-89
598.159810	16115	-89
598.209815	16115	-89
598.259820	16115	-89
598.309825	16115	-89
598.359830	16115	-89
598.409835	16115	-89
598.459840	16115	-89
598.509845	16115	-89
598.559850	16115	-89
598.609855	16115	-89
598.659860	16115	-89
598.709865	16115	-89
598.759870	16115	-89
598.809875	16115	-89
598.859880	16115	-89
598.909885	16115	-89
598.959890	16115	-89
599.009895	16115	-89
599.059900	16115	-89
599.109905	16115	-89
599.159910	16115	-89
599.209915	16115	-89
599.259920	16115	-89
599.309925	16115	-89
599.359930	16115	-89
599.409935	16115	-89
599.459940	16115	-89
599.509945	16115	-89
599.559950	16115	-89
599.609955	16115	-89
599.659960	16115	-89
599.709965	16115	-89
599.759970	16115	-89
599.809975	16115	-89
599.859980	16115	-89
599.909985	16115	-89
599.959990	16115	-89
600.009995	16115	-89
600.060000	16115	-89
600.110005	16115	-89
600.160010	16115	-89
600.210015	16115	-89
600.260020	16115	-89
600.310025	16115	-89
600.360030	16115	-89
600.410035	16115	-89
600.460040	16115	-89
600.510045	16115	-89
600.560050	16115	-89
600.610055	16115	-89
600.660060	16115	-89
600.710065	16115	-89
600.760070	16115	-89
600.810075	16115	-89
600.860080	16115	-89
600.910085	16115	-89
600.960090	16115	-89
601.010095	16115	-89
601.060100	16115	-89
601.110105	16115	-89
601.160110	16115	-89
601.210115	16115	-89
601.260120	16115	-89
601.310125	16115	-89
601.360130	16115	-89
601.410135	16115	-89
601.460140	16115	-89
601.510145	16115	-89
601.560150	16115	-89
601.610155	16115	-89
601.660160	16115	-89
601.710165	16115	-89
601.760170	16115	-89
601.810175	16115	-89
601.860180	16115	-89
601.910185	16115	-89
601.960190	16115	-89
602.010195	16115	-89
602.060200	16115	-89
602.110205	16115	-89
602.160210	16115	-89
602.210215	16115	-89
602.260220	16115	-89
602.310225	16115	-89
602.360230	16115	-89
602.410235	16115	-89
602.460240	16115	-89
602.510245	16115	-89
602.560250	16115	-89
602.610255	16115	-89
602.660260	16115	-89
602.710265	16115	-89
602.760270	16115	-89
602.810275	16115	-89
602.860280	16115	-89
602.910285	16115	-89
602.960290	16115	-89
603.010295	16115	-89
603.060300	16115	-89
603.110305	16115	-89
603.160310	16115	-89
603.210315	16115	-89
603.260320	16115	-89
603.310325	16115	-89
603.360330	16115	-89
603.410335	16115	-89
603.460340	16115	-89
603.510345	16115	-89
603.560350	16115	-89
603.610355	16115	-89
603.660360	16115	-89
603.710365	16115	-89
603.760370	16115	-89
603.810375	16115	-89
603.860380	16115	-89
603.910385	16115	-89
603.960390	16115	-89
604.010395	16115	-89
604.060400	16115	-89
604.110405	16115	-89
604.160410	16115	-89
604.210415	16115	-89
604.260420	16115	-89
604.310425	16115	-89
604.360430	16115	-89
604.410435	16115	-89
604.460440	16115	-89
604.510445	16115	-89
604.560450	16115	-89
604.610455	16115	-89
604.660460	16115	-89
604.710465	16115	-89
604.760470	16115	-89
604.810475	16115	-89
604.860480	16115	-89
604.910485	16115	-89
604.960490	16115	-89
605.010495	16115	-89
605.060500	16115	-89
605.110505	16115	-89
605.160510	16115	-89
605.210515	16115	-89
605.260520	16115	-89
605.310525	16115	-89
605.360530	16115	-89
605.410535	16115	-89
605.460540	16115	-89
605.510545	16115	-89
605.560550	16115	-89
605.610555	16115	-89
605.660560	16115	-89
605.710565	16115	-89
605.760570	16115	-89
605.810575	16115	-89
605.860580	16115	-89
605.910585	16115	-89
605.960590	16115	-89
606.010595	16115	-89
606.060600	16115	-89
606.110605	16115	-89
606.160610	16115	-89
606.210615	16115	-89
606.260620	16115	-89
606.310625	16115	-89
606.360630	16115	-89
606.410635	16115	-89
606.460640	16115	-89
606.510645	16115	-89
606.560650	16115	-89
606.610655	16115	-89
606.660660	16115	-89
606.710665	16115	-89
606.760670	16115	-89
606.810675	16115	-89
606.860680	16115	-89
606.909685	16115	-89
606.959690	16115	-89
607.009695	16115	-89
607.059700	16115	-89
607.109705	16115	-89
607.159710	16115	-89
607.209715	16115	-89
607.259720	16115	-89
607.309725	16115	-89
607.359730	16115	-89
607.409735	16115	-89
607.459740	16115	-89
607.509745	16115	-89
607.559750	16115	-89
607.609755	16115	-89
607.659760	16115	-89
607.709765	16115	-89
607.759770	16115	-89
607.809775	16115	-89
607.859780	16115	-89
607.909785	16115	-89
607.959790	16115	-89
608.009795	16115	-89
608.059800	16115	-89
608.109805	16115	-89
608.159810	16115	-89
608.209815	16115	-89
608.259820	16115	-89
608.309825	16115	-89
608.359830	16115	-89
608.409835	16115	-89
608.459840	16115	-89
608.509845	16115	-89
608.559850	16115	-89
608.609855	16115	-89
608.659860	16115	-89
608.709865	16115	-89
608.759870	16115	-89
608.809875	16115	-89
608.859880	16115	-89
608.909885	16115	-89
608.959890	16115	-89
609.009895	16115	-89
609.059900	16115	-89
609.109905	16115	-89
609.159910	16115	-89
609.209915	16115	-89
609.259920	16115	-89
609.309925	16115	-89
609.359930	16115	-89
609.409935	16115	-89
609.459940	16115	-89
609.509945	16115	-89
609.559950	16115	-89
609.609955	16115	-89
609.659960	16115	-89
609.709965	16115	-89
609.759970	16115	-89
609.809975	16115	-89
609.859980	16115	-89
609.909985	16115	-89
609.959990	16115	-89
610.009995	16115	-89
610.060000	16115	-89
610.110005	16115	-89
610.160010	16115	-89
610.210015	16115	-89
610.260020	16115	-89
610.310025	16115	-89
610.360030	16115	-89
610.410035	16115	-89
610.460040	16115	-89
610.510045	16115	-89
610.560050	16115	-89
610.610055	16115	-89
610.660060	16115	-89
610.710065	16115	-89
610.760070	16115	-89
610.810075	16115	-89
610.860080	16115	-89
610.910085	16115	-89
610.960090	16115	-89
611.010095	16115	-89
611.060100	16115	-89
611.110105	16115	-89
611.160110	16115	-89
611.210115	16115	-89
611.260120	16115	-89
611.310125	16115	-89
611.360130	16115	-89
611.410135	16115	-89
611.460140	16115	-89
611.510145	16115	-89
611.560150	16115	-89
611.610155	16115	-89
611.660160	16115	-89
611.710165	16115	-89
611.760170	16115	-89
611.810175	16115	-89
611.860180	16115	-89
611.910185	16115	-89
611.960190	16115	-89
612.010195	16115	-89
612.060200	16115	-89
612.110205	16115	-89
612.160210	16115	-89
612.210215	16115	-89
612.260220	16115	-89
612.310225	16115	-89
612.360230	16115	-89
612.410235	16115	-89
612.460240	16115	-89
612.510245	16115	-89
612.560250	16115	-89
612.610255	16115	-89
612.660260	16115	-89
612.710265	16115	-89
612.760270	16115	-89
612.810275	16115	-89
612.860280	16115	-89
612.910285	16115	-89
612.960290	16115	-89
613.010295	16115	-89
613.060300	16115	-89
613.110305	16115	-89
613.160310	16115	-89
613.210315	16115	-89
613.260320	16115	-89
613.310325	16115	-89
613.360330	16115	-89
613.410335	16115	-89
613.460340	16115	-89
613.510345	16115	-89
613.560350	16115	-89
613.610355	16115	-89
613.660360	16115	-89
613.710365	16115	-89
613.760370	16115	-89
613.810375	16115	-89
613.860380	16115	-89
613.910385	16115	-89
613.960390	16115	-89
614.010395	16115	-89
614.060400	16115	-89
614.110405	16115	-89
614.160410	16115	-89
614.210415	16115	-89
614.260420	16115	-89
614.310425	16115	-89
614.360430	16115	-89
614.410435	16115	-89
614.460440	16115	-89
614.510445	16115	-89
614.560450	16115	-89
614.610455	16115	-89
614.660460	16115	-89
614.710465	16115	-89
614.760470	16115	-89
614.810475	16115	-89
614.860480	16115	-89
614.910485	16115	-89
614.960490	16115	-89
615.010495	16115	-89
615.060500	16115	-89
615.110505	16115	-89
615.160510	16115	-89
615.210515	16115	-89
615.260520	16115	-89
615.310525	16115	-89
615.360530	16115	-89
615.410535	16115	-89
615.460540	16115	-89
615.510545	16115	-89
615.560550	16115	-89
615.610555	16115	-89
615.660560	16115	-89
615.710565	16115	-89
615.760570	16115	-89
615.810575	16115	-89
615.860580	16115	-89
615.910585	16115	-89
615.960590	16115	-89
616.010595	16115	-89
616.060600	16115	-89
616.110605	16115	-89
616.160610	16115	-89
616.210615	16115	-89
616.260620	16115	-89
616.310625	16115	-89
616.360630	16115	-89
616.410635	16115	-89
616.460640	16115	-89
616.510645	16115	-93
616.560650	16115	-93
616.610655	16115	-93
616.660660	16115	-93
616.710665	16115	-93
616.760670	16115	-93
616.810675	16115	-93
616.860680	16115	-93
616.910685	16115	-93
616.960690	16115	-93
617.010695	16115	-93
617.060700	16115	-93
617.110705	16115	-93
617.160710	16115	-93
617.210715	16115	-93
617.260720	16115	-93
617.310725	16115	-93
617.360730	16115	-93
617.410735	16115	-93
617.460740	16115	-93
617.510745	16115	-93
617.560750	16115	-93
617.610755	16115	-93
617.660760	16115	-93
617.710765	16115	-93
617.760770	16115	-93
617.810775	16115	-93
617.860780	16115	-93
617.910785	16115	-93
617.960790	16115	-93
618.010795	16115	-93
618.060800	16115	-93
618.110805	16115	-93
618.160810	16115	-93
618.210815	16115	-93
618.260820	16115	-93
618.310825	16115	-93
618.360830	16115	-93
618.410835	16115	-93
618.460840	16115	-93
618.510845	16115	-93
618.560850	16115	-93
618.610855	16115	-93
618.660860	16115	-93
618.710865	16115	-93
618.760870	16115	-93
618.810875	16115	-93
618.860880	16115	-93
618.910885	16115	-93
618.960890	16115	-93
619.010895	16115	-93
619.060900	16115	-93
619.110905	16115	-93
619.160910	16115	-93
619.210915	16115	-93
619.260920	16115	-93
619.310925	16115	-93
619.360930	16115	-93
619.410935	16115	-93
619.460940	16115	-93
619.510945	16115	-93
619.560950	16115	-93
619.610955	16115	-93
619.660960	16115	-93
619.710965	16115	-93
619.760970	16115	-93
619.810975	16115	-93
619.860980	16115	-93
619.910985	16115	-93
619.960990	16115	-93
620.010995	16115	-93
620.061000	16115	-93
620.111005	16115	-93
620.161010	16115	-93
620.211015	16115	-93
620.261020	16115	-93
620.311025	16115	-93
620.361030	16115	-93
620.411035	16115	-93
620.461040	16115	-93
620.511045	16115	-93
620.561050	16115	-93
620.611055	16115	-93
620.661060	16115	-93
620.711065	16115	-93
620.761070	16115	-93
620.811075	16115	-93
620.861080	16115	-93
620.911085	16115	-93
620.961090	16115	-93
621.011095	16115	-93
621.061100	16115	-93
621.111105	16115	-93
621.161110	16115	-93
621.211115	16115	-93
621.261120	16115	-93
621.311125	16115	-93
621.361130	16115	-93
621.411135	16115	-93
621.461140	16115	-93
621.511145	16115	-93
621.561150	16115	-93
621.611155	16115	-93
621.661160	16115	-93
621.711165	16115	-93
621.761170	16115	-93
621.811175	16115	-93
621.861180	16115	-93
621.911185	16115	-93
621.961190	16115	-93
622.011195	16115	-93
622.061200	16115	-93
622.111205	16115	-93
622.161210	16115	-93
622.211215	16115	-93
622.261220	16115	-93
622.311225	16115	-93
622.361230	16115	-93
622.411235	16115	-93
622.461240	16115	-93
622.511245	16115	-93
622.561250	16115	-93
622.611255	16115	-93
622.661260	16115	-93
622.711265	16115	-93
622.761270	16115	-93
622.811275	16115	-93
622.861280	16115	-93
622.911285	16115	-93
622.961290	16115	-93
623.011295	16115	-93
623.061300	16115	-93
623.111305	16115	-93
623.161310	16115	-93
623.211315	16115	-93
623.261320	16115	-93
623.311325	16115	-93
623.361330	16115	-93
623.411335	16115	-93
623.461340	16115	-93
623.511345	16115	-93
623.561350	16115	-93
623.611355	16115	-93
623.661360	16115	-93
623.711365	16115	-93
623.761370	16115	-93
623.811375	16115	-93
623.861380	16115	-93
623.911385	16115	-93
623.961390	16115	-93
624.011395	16115	-93
624.061400	16115	-93
624.111405	16115	-93
624.161410	16115	-93
624.211415	16115	-93
624.261420	16115	-93
624.311425	16115	-93
624.360430	16115	-93
624.410435	16115	-93
624.460440	16115	-93
624.510445	16115	-93
624.560450	16115	-93
624.610455	16115	-93
624.660460	16115	-97
624.710465	16115	-97
624.760470	16115	-97
624.810475	16115	-97
624.860480	16115	-97
624.910485	16115	-97
624.960490	16115	-97
625.010495	16115	-97
625.060500	16115	-97
625.110505	16115	-97
625.160510	16115	-97
625.210515	16115	-97
625.260520	16115	-97
625.310525	16115	-97
625.360530	16115	-97
625.410535	16115	-97
625.460540	16115	-97
625.510545	16115	-97
625.560550	16115	-97
625.610555	16115	-97
625.660560	16115	-97
625.710565	16115	-97
625.760570	16115	-97
625.810575	16115	-97
625.860580	16115	-97
625.910585	16115	-97
625.960590	16115	-97
626.010595	16115	-97
626.060600	16115	-97
626.110605	16115	-97
626.160610	16115	-97
626.210615	16115	-97
626.260620	16115	-97
626.310625	16115	-97
626.360630	16115	-97
626.410635	16115	-97
626.460640	16115	-97
626.510645	16115	-97
626.560650	16115	-97
626.610655	16115	-97
626.660660	16115	-97
626.710665	16115	-97
626.760670	16115	-97
626.810675	16115	-97
626.860680	16115	-97
626.910685	16115	-97
626.960690	16115	-97
627.010695	16115	-97
627.060700	16115	-97
627.110705	16115	-97
627.160710	16115	-97
627.210715	16115	-97
627.260720	16115	-97
627.310725	16115	-97
627.360730	16115	-97
627.410735	16115	-97
627.460740	16115	-97
627.510745	16115	-97
627.560750	16115	-97
627.610755	16115	-97
627.660760	16115	-97
627.710765	16115	-97
627.760770	16115	-97
627.810775	16115	-97
627.860780	16115	-97
627.910785	16115	-97
627.960790	16115	-97
628.010795	16115	-97
628.060800	16115	-97
628.110805	16115	-97
628.160810	16115	-97
628.210815	16115	-97
628.260820	16115	-97
628.310825	16115	-97
628.360830	16115	-97
628.410835	16115	-97
628.460840	16115	-97
628.510845	16115	-97
628.560850	16115	-97
628.610855	16115	-97
628.660860	16115	-97
628.710865	16115	-97
628.760870	16115	-97
628.810875	16115	-97
628.860880	16115	-97
628.910885	16115	-97
628.960890	16115	-97
629.010895	16115	-97
629.060900	16115	-97
629.110905	16115	-97
629.160910	16115	-97
629.210915	16115	-97
629.260920	16115	-97
629.310925	16115	-97
629.360930	16115	-97
629.410935	16115	-97
629.460940	16115	-97
629.510945	16115	-97
629.560950	16115	-97
629.610955	16115	-97
629.660960	16115	-97
629.710965	16115	-97
629.760970	16115	-97
629.810975	16115	-97
629.860980	16115	-97
629.910985	16115	-97
629.960990	16115	-97
630.010995	16115	-97
630.061000	16115	-97
630.111005	16115	-97
630.161010	16115	-97
630.211015	16115	-97
630.261020	16115	-97
630.311025	16115	-97
630.361030	16115	-97
630.411035	16115	-97
630.461040	16115	-97
630.511045	16115	-97
630.561050	16115	-97
630.611055	16115	-97
630.661060	16115	-97
630.711065	16115	-97
630.761070	16115	-97
630.811075	16115	-97
630.861080	16115	-97
630.911085	16115	-97
630.961090	16115	-97
631.011095	16115	-97
631.061100	16115	-97
631.111105	16115	-97
631.161110	16115	-97
631.211115	16115	-97
631.261120	16115	-97
631.311125	16115	-97
631.361130	16115	-97
631.411135	16115	-97
631.461140	16115	-97
631.511145	16115	-97
631.561150	16115	-97
631.611155	16115	-97
631.661160	16115	-97
631.711165	16115	-97
631.761170	16115	-97
631.811175	16115	-97
631.861180	16115	-97
631.911185	16115	-97
631.961190	16115	-97
632.011195	16115	-97
632.061200	16115	-97
632.111205	16115	-97
632.161210	16115	-97
632.211215	16115	-97
632.261220	16115	-97
632.311225	16115	-97
632.361230	16115	-97
632.411235	16115	-97
632.461240	16115	-97
632.511245	16115	-97
632.561250	16115	-97
632.611255	16115	-97
632.661260	16115	-97
632.711265	16115	-97
632.761270	16115	-97
632.811275	16115	-97
632.861280	16115	-97
632.911285	16115	-97
632.961290	16115	-97
633.011295	16115	-97
633.061300	16115	-97
633.111305	16115	-97
633.161310	16115	-97
633.211315	16115	-97
633.261320	16115	-97
633.311325	16115	-97
633.361330	16115	-97
633.411335	16115	-97
633.461340	16115	-97
633.511345	16115	-97
633.561350	16115	-97
633.611355	16115	-97
633.661360	16115	-97
633.711365	16115	-97
633.761370	16115	-97
633.811375	16115	-97
633.861380	16115	-97
633.911385	16115	-97
633.961390	16115	-97
634.011395	16115	-97
634.061400	16115	-97
634.111405	16115	-97
634.161410	16115	-97
634.211415	16115	-97
634.261420	16115	-97
634.311425	16115	-97
634.361430	16115	-97
634.411435	16115	-97
634.461440	16115	-97
634.511445	16115	-97
634.561450	16115	-97
634.611455	16115	-97
634.661460	16115	-97
634.711465	16115	-97
634.761470	16115	-97
634.811475	16115	-97
634.861480	16115	-97
634.911485	16115	-97
634.961490	16115	-97
635.011495	16115	-97
635.061500	16115	-97
635.111505	16115	-97
635.161510	16115	-97
635.211515	16115	-97
635.261520	16115	-97
635.311525	16115	-97
635.361530	16115	-97
635.411535	16115	-97
635.461540	16115	-97
635.511545	16115	-97
635.561550	16115	-97
635.611555	16115	-97
635.661560	16115	-97
635.711565	16115	-97
635.761570	16115	-97
635.811575	16115	-97
635.861580	16115	-97
635.911585	16115	-97
635.961590	16115	-97
636.011595	16115	-97
636.061600	16115	-97
636.111605	16115	-97
636.161610	16115	-97
636.211615	16115	-97
636.261620	16115	-97
636.311625	16115	-97
636.361630	16115	-97
636.411635	16115	-97
636.461640	16115	-97
636.511645	16115	-97
636.561650	16115	-97
636.611655	16115	-97
636.661660	16115	-97
636.711665	16115	-97
636.761670	16115	-97
636.811675	16115	-97
636.861680	16115	-97
636.911685	16115	-97
636.961690	16115	-97
637.011695	16115	-97
637.061700	16115	-97
637.111705	16115	-97
637.161710	16115	-97
637.211715	16115	-97
637.261720	16115	-97
637.311725	16115	-97
637.361730	16115	-97
637.411735	16115	-97
637.461740	16115	-97
637.511745	16115	-97
637.561750	16115	-97
637.611755	16115	-97
637.661760	16115	-97
637.711765	16115	-97
637.761770	16115	-97
637.811775	16115	-97
637.861780	16115	-97
637.911785	16115	-97
637.961790	16115	-97
638.011795	16115	-97
638.061800	16115	-97
638.111805	16115	-97
638.161810	16115	-97
638.211815	16115	-97
638.261820	16115	-97
638.311825	16115	-97
638.361830	16115	-97
638.411835	16115	-97
638.461840	16115	-97
638.511845	16115	-97
638.561850	16115	-97
638.611855	16115	-97
638.661860	16115	-97
638.711865	16115	-97
638.761870	16115	-97
638.811875	16115	-97
638.861880	16115	-97
638.911885	16115	-97
638.961890	16115	-97
639.011895	16115	-97
639.061900	16115	-97
639.111905	16115	-97
639.161910	16115	-97
639.211915	16115	-97
639.261920	16115	-97
639.311925	16115	-97
639.361930	16115	-97
639.411935	16115	-97
639.461940	16115	-97
639.511945	16115	-97
639.561950	16115	-97
639.611955	16115	-97
639.661960	16115	-97
639.711965	16115	-97
639.761970	16115	-97
639.811975	16115	-97
639.861980	16115	-97
639.911985	16115	-97
639.961990	16115	-97
640.011995	16115	-97
640.062000	16115	-97
640.112005	16115	-97
640.162010	16115	-97
640.212015	16115	-97
640.262020	16115	-97
640.312025	16115	-97
640.362030	16115	-97
640.412035	16115	-97
640.462040	16115	-97
640.512045	16115	-97
640.562050	16115	-97
640.612055	16115	-97
640.662060	16115	-97
640.712065	16115	-97
640.762070	16115	-97
640.812075	16115	-97
640.862080	16115	-97
640.912085	16115	-97
640.962090	16115	-97
641.012095	16115	-97
641.062100	16115	-97
641.112105	16115	-97
641.162110	16115	-97
641.212115	16115	-97
641.262120	16115	-97
641.312125	16115	-97
641.362130	16115	-97
641.412135	16115	-97
641.462140	16115	-97
641.512145	16115	-97
641.562150	16115	-97
641.612155	16115	-97
641.662160	16115	-97
641.712165	16115	-97
641.762170	16115	-97
641.812175	16115	-97
641.861180	16115	-97
641.911185	16115	-97
641.961190	16115	-97
642.011195	16115	-97
642.061200	16115	-97
642.111205	16115	-97
642.161210	16115	-97
642.211215	16115	-97
642.261220	16115	-97
642.311224	16115	-97
642.361230	16115	-97
642.411235	16115	-97
642.461240	16115	-97
642.511245	16115	-97
642.561250	16115	-97
642.611255	16115	-97
642.661260	16115	-97
642.711265	16115	-97
642.761270	16115	-97
642.811275	16115	-97
642.861279	16115	-97
642.911284	16115	-97
642.961290	16115	-97
643.011295	16115	-97
643.061300	16115	-97
643.111305	16115	-97
643.161310	16115	-97
643.211315	16115	-97
643.308324	16115	-97
643.313325	16115	-97
643.398334	16115	-97
643.411335	16115	-97
643.461339	16115	-97
643.511344	16115	-97
643.561350	16115	-97
643.611355	16115	-97
643.661360	16115	-97
643.711365	16115	-97
643.761370	16115	-97
643.811375	16115	-97
643.861380	16115	-97
643.911385	16115	-97
643.961390	16115	-97
644.011395	16115	-97
644.061399	16115	-97
644.111405	16115	-97
644.161410	16115	-97
644.211415	16115	-97
644.261420	16115	-97
644.311425	16115	-97
644.361430	16115	-97
644.411435	16115	-97
644.461440	16115	-97
644.511445	16115	-97
644.561450	16115	-97
644.611454	16115	-97
644.661459	16115	-97
644.711465	16115	-97
644.761470	16115	-97
644.811475	16115	-97
644.861480	16115	-97
644.911485	16115	-97
644.961490	16115	-97
645.011495	16115	-97
645.061500	16115	-97
645.111505	16115	-97
645.161510	16115	-97
645.211514	16115	-97
645.261519	16115	-97
645.311525	16115	-97
645.361530	16115	-97
645.411535	16115	-97
645.461540	16115	-97
645.511545	16115	-97
645.561550	16115	-97
645.611555	16115	-97
645.661560	16115	-97
645.711565	16115	-97
645.761569	16115	-97
645.811574	16115	-97
645.861580	16115	-97
645.911585	16115	-97
645.961590	16115	-97
646.011595	16115	-97
646.061600	16115	-97
646.111605	16115	-97
646.161610	16115	-97
646.211615	16115	-97
646.261620	16115	-97
646.311625	16115	-97
646.361629	16115	-97
646.411634	16115	-97
646.461640	16115	-97
646.511645	16115	-97
646.561650	16115	-97
646.611655	16115	-97
646.661660	16115	-97
646.711665	16115	-97
646.761670	16115	-97
646.811675	16115	-97
646.861680	16115	-97
646.911685	16115	-97
646.961689	16115	-97
647.011694	16115	-97
647.061700	16115	-97
647.111705	16115	-97
647.161710	16115	-97
647.211715	16115	-97
647.261720	16115	-97
647.311725	16115	-97
647.361730	16115	-97
647.411735	16115	-97
647.461740	16115	-97
647.511744	16115	-97
647.561749	16115	-97
647.611755	16115	-97
647.661760	16115	-97
647.711765	16115	-97
647.761770	16115	-97
647.811775	16115	-97
647.861780	16115	-97
647.911785	16115	-97
647.961790	16115	-97
648.011795	16115	-97
648.061800	16115	-97
648.111804	16115	-97
648.161809	16115	-97
648.211815	16115	-97
648.261820	16115	-97
648.311825	16115	-97
648.361830	16115	-97
648.411835	16115	-97
648.461840	16115	-97
648.511845	16115	-97
648.561850	16115	-97
648.611855	16115	-97
648.661860	16115	-97
648.711864	16115	-97
648.761870	16115	-97
648.811875	16115	-97
648.861880	16115	-97
648.911885	16115	-97
648.961890	16115	-97
649.011895	16115	-97
649.061900	16115	-97
649.111905	16115	-97
649.161910	16115	-97
649.211915	16115	-97
649.261919	16115	-97
649.311924	16115	-97
649.361930	16115	-97
649.411935	16115	-97
649.461940	16115	-97
649.511945	16115	-97
649.561950	16115	-97
649.611955	16115	-97
649.661960	16115	-97
649.711965	16115	-97
649.761970	16115	-97
649.811975	16115	-97
649.861979	16115	-97
649.911984	16115	-97
649.961990	16115	-97
650.011995	16115	-97
650.062000	16115	-97
650.112005	16115	-97
650.162010	16115	-97
650.212015	16115	-97
650.262020	16115	-97
650.312025	16115	-97
650.362030	16115	-97
650.412035	16115	-97
650.462039	16115	-97
650.512045	16115	-97
650.562050	16115	-97
650.612055	16115	-97
650.662060	16115	-97
650.712065	16115	-97
650.762070	16115	-97
650.812075	16115	-97
650.862080	16115	-97
650.912085	16115	-97
650.962090	16115	-97
651.012094	16115	-97
651.062099	16115	-97
651.112105	16115	-97
651.162110	16115	-97
651.212115	16115	-97
651.262120	16115	-97
651.312125	16115	-97
651.362130	16115	-97
651.412135	16115	-97
651.462140	16115	-97
651.512145	16115	-97
651.562150	16115	-97
651.612154	16115	-97
651.662159	16115	-97
651.712165	16115	-97
651.762170	16115	-97
651.812175	16115	-97
651.862180	16115	-97
651.912185	16115	-97
651.962190	16115	-97
652.012195	16115	-97
652.062200	16115	-97
652.112205	16115	-97
652.162210	16115	-97
652.212214	16115	-97
652.262220	16115	-97
652.312225	16115	-97
652.362230	16115	-97
652.412235	16115	-97
652.462240	16115	-97
652.512245	16115	-97
652.562250	16115	-97
652.612255	16115	-97
652.662260	16115	-97
652.712265	16115	-97
652.762269	16115	-97
652.812274	16115	-97
652.862280	16115	-97
652.912285	16115	-97
652.962290	16115	-97
653.012295	16115	-97
653.062300	16115	-97
653.112305	16115	-97
653.162310	16115	-97
653.212315	16115	-97
653.262320	16115	-97
653.312325	16115	-97
653.362329	16115	-97
653.412334	16115	-97
653.462340	16115	-97
653.512345	16115	-97
653.562350	16115	-97
653.612355	16115	-97
653.662360	16115	-97
653.712365	16115	-97
653.762370	16115	-97
653.812375	16115	-97
653.862380	16115	-97
653.912385	16115	-97
653.962389	16115	-97
654.012395	16115	-97
654.062400	16115	-97
654.112405	16115	-97
654.162410	16115	-97
654.212415	16115	-97
654.262420	16115	-97
654.312425	16107	-97
654.362430	16107	-97
654.412435	16107	-97
654.462440	16107	-97
654.512444	16107	-97
654.562449	16107	-97
654.612455	16107	-97
654.662460	16107	-97
654.712465	16107	-97
654.762470	16107	-97
654.812475	16103	-97
654.862480	16103	-97
654.912485	16103	-97
654.962490	16103	-97
655.012495	16103	-97
655.062500	16103	-97
655.112504	16103	-97
655.162509	16103	-97
655.212515	16103	-97
655.262520	16103	-97
655.312525	16103	-97
655.362530	16103	-97
655.412535	16103	-97
655.462540	16103	-97
655.512545	16103	-97
655.562550	16103	-97
655.612555	16103	-97
655.662560	16103	-97
655.712564	16103	-97
655.762570	16103	-97
655.812575	16103	-97
655.862580	16103	-97
655.912585	16103	-97
655.962590	16103	-97
656.012595	16103	-97
656.062600	16103	-97
656.112605	16103	-97
656.162610	16103	-97
656.212615	16103	-97
656.262619	16103	-97
656.312624	16103	-97
656.362630	16103	-97
656.412635	16103	-97
656.462640	16103	-97
656.512645	16103	-97
656.562650	16103	-97
656.612655	16103	-97
656.662660	16103	-97
656.712665	16103	-97
656.762670	16103	-97
656.812675	16103	-97
656.862679	16103	-97
656.912684	16103	-97
656.962690	16103	-97
657.012695	16103	-97
657.062700	16103	-97
657.112705	16103	-97
657.162710	16103	-97
657.212715	16103	-97
657.262720	16103	-97
657.312725	16103	-97
657.362730	16103	-97
657.412735	16103	-97
657.462739	16103	-97
657.512745	16103	-97
657.562750	16103	-97
657.612755	16103	-97
657.662760	16103	-97
657.712765	16103	-97
657.762770	16103	-97
657.812775	16103	-97
657.862780	16103	-97
657.912785	16103	-97
657.962790	16103	-97
658.012794	16103	-97
658.062799	16103	-97
658.112805	16103	-97
658.162810	16103	-97
658.212815	16103	-97
658.262820	16103	-97
658.312825	16103	-97
658.362830	16103	-97
658.412835	16087	-97
658.462840	16087	-97
658.512845	16087	-97
658.562850	16087	-97
658.612854	16087	-97
658.662859	16087	-97
658.712865	16087	-97
658.762870	16087	-97
658.812875	16087	-97
658.862880	16087	-97
658.912885	16087	-97
658.962890	16087	-97
659.012895	16087	-97
659.062900	16087	-97
659.112905	16087	-97
659.162910	16087	-97
659.212914	16087	-97
659.262920	16087	-97
659.312925	16087	-97
659.361929	16087	-97
659.411934	16087	-97
659.461939	16087	-97
659.511945	16087	-97
659.561950	16087	-97
659.611955	16087	-97
659.661960	16087	-97
659.711965	16087	-97
659.761970	16087	-97
659.811975	16087	-97
659.861979	16087	-97
659.911984	16087	-97
659.961989	16087	-97
660.011994	16087	-97
660.062000	16087	-97
660.112005	16087	-97
660.162010	16087	-97
660.212015	16087	-97
660.262020	16087	-97
660.312025	16087	-97
660.362030	16087	-97
660.412035	16087	-97
660.462039	16087	-97
660.512044	16087	-97
660.562049	16087	-97
660.612054	16087	-97
660.662060	16087	-97
660.712065	16087	-97
660.762070	16087	-97
660.812075	16087	-97
660.862080	16087	-97
660.912085	16087	-97
660.962090	16087	-97
661.012094	16087	-97
661.062099	16087	-97
661.112104	16087	-97
661.162109	16087	-97
661.212114	16087	-97
661.262120	16087	-97
661.312125	16087	-97
661.362130	16087	-97
661.412135	16087	-97
661.462140	16087	-97
661.512145	16087	-97
661.562150	16087	-97
661.612154	16087	-97
661.662159	16087	-97
661.712164	16087	-97
661.762169	16087	-97
661.812175	16087	-97
661.862180	16087	-97
661.912185	16087	-97
661.962190	16087	-97
662.012195	16087	-97
662.062200	16087	-97
662.112205	16087	-97
662.162210	16087	-97
662.212214	16087	-97
662.262219	16087	-97
662.312224	16087	-97
662.362229	16087	-97
662.412235	16087	-97
662.462240	16087	-97
662.512245	16087	-97
662.562250	16087	-97
662.612255	16087	-97
662.662260	16087	-97
662.712265	16087	-97
662.762269	16087	-97
662.812274	16087	-97
662.862279	16087	-97
662.912284	16087	-97
662.962289	16087	-97
663.012295	16087	-97
663.062300	16087	-97
663.112305	16087	-97
663.162310	16087	-97
663.212315	16087	-97
663.262320	16087	-97
663.312325	16087	-97
663.362329	16087	-97
663.412334	16087	-97
663.462339	16087	-97
663.512344	16087	-97
663.562350	16087	-97
663.612355	16087	-97
663.662360	16087	-97
663.712365	16087	-97
663.762370	16087	-97
663.812375	16087	-97
663.862380	16087	-97
663.912385	16087	-97
663.962389	16087	-97
664.012394	16087	-97
664.062399	16087	-97
664.112404	16087	-97
664.162410	16087	-97
664.212415	16087	-97
664.262420	16087	-97
664.312425	16087	-97
664.362430	16087	-97
664.412435	16087	-97
664.462440	16087	-97
664.512444	16087	-97
664.562449	16087	-97
664.612454	16087	-97
664.662459	16087	-97
664.712464	16087	-97
664.762470	16087	-97
664.812475	16087	-97
664.862480	16087	-97
664.912485	16087	-97
664.962490	16087	-97
665.012495	16087	-97
665.062500	16087	-97
665.112504	16087	-97
665.162509	16087	-97
665.212514	16087	-97
665.262519	16087	-97
665.312525	16087	-97
665.362530	16087	-97
665.412535	16087	-97
665.462540	16087	-97
665.512545	16087	-97
665.562550	16087	-97
665.612555	16087	-97
665.662560	16087	-97
665.712564	16087	-97
665.762569	16087	-97
665.812574	16087	-97
665.862579	16087	-97
665.912585	16087	-97
665.962590	16087	-97
666.012595	16087	-97
666.062600	16087	-97
666.112605	16087	-97
666.162610	16087	-97
666.212615	16087	-97
666.262619	16087	-97
666.312624	16087	-97
666.362629	16087	-97
666.412634	16087	-97
666.462639	16087	-97
666.512645	16087	-97
666.562650	16087	-97
666.612655	16087	-97
666.662660	16087	-97
666.712665	16087	-97
666.762670	16087	-97
666.812675	16087	-97
666.862679	16087	-97
666.912684	16087	-97
666.962689	16087	-97
667.012694	16087	-97
667.062700	16087	-97
667.112705	16087	-97
667.162710	16087	-97
667.212715	16087	-97
667.262720	16087	-97
667.312725	16087	-97
667.362730	16087	-97
667.412735	16087	-97
667.462739	16087	-97
667.512744	16087	-97
667.562749	16087	-97
667.612754	16087	-97
667.662760	16087	-97
667.712765	16087	-97
667.762770	16087	-97
667.812775	16087	-97
667.862780	16087	-97
667.912785	16087	-97
667.962790	16087	-97
668.012794	16087	-97
668.062799	16087	-97
668.112804	16087	-97
668.162809	16087	-97
668.212814	16087	-97
668.262820	16087	-97
668.312825	16087	-97
668.362830	16087	-97
668.412835	16087	-97
668.462840	16087	-97
668.512845	16087	-97
668.562850	16087	-97
668.612854	16087	-97
668.662859	16087	-97
668.712864	16087	-97
668.762869	16087	-97
668.812875	16087	-97
668.862880	16087	-97
668.912885	16087	-97
668.962890	16087	-97
669.012895	16087	-97
669.062900	16087	-97
669.112905	16087	-97
669.162910	16087	-97
669.212914	16087	-97
669.262919	16087	-97
669.312924	16087	-97
669.362929	16087	-97
669.412935	16087	-97
669.462940	16087	-97
669.512945	16087	-97
669.562950	16087	-97
669.612955	16087	-97
669.662960	16087	-97
669.712965	16087	-97
669.762969	16087	-97
669.812974	16087	-97
669.862979	16087	-97
669.912984	16087	-97
669.962990	16087	-97
670.012995	16087	-97
670.063000	16087	-97
670.113005	16087	-97
670.163010	16087	-97
670.213015	16087	-97
670.263020	16087	-97
670.313025	16087	-97
670.363029	16087	-97
670.413034	16087	-97
670.463039	16087	-97
670.513044	16087	-97
670.563050	16087	-97
670.613055	16087	-97
670.663060	16087	-97
670.713065	16087	-97
670.763070	16087	-97
670.813075	16087	-97
670.863080	16087	-97
670.913085	16087	-97
670.963089	16087	-97
671.013094	16087	-97
671.063099	16087	-97
671.113104	16087	-97
671.163110	16087	-97
671.213115	16087	-97
671.263120	16087	-97
671.313125	16087	-97
671.363130	16087	-97
671.413135	16087	-97
671.463140	16087	-97
671.513144	16087	-97
671.563149	16087	-97
671.613154	16087	-97
671.663159	16087	-97
671.713165	16087	-97
671.763170	16087	-97
671.813175	16087	-97
671.863180	16087	-97
671.913185	16087	-97
671.963190	16087	-97
672.013195	16087	-97
672.063200	16087	-97
672.113204	16087	-97
672.163209	16087	-97
672.213214	16087	-97
672.263219	16087	-97
672.313225	16087	-97
672.363230	16087	-97
672.413235	16087	-97
672.463240	16087	-97
672.513245	16087	-97
672.563250	16087	-97
672.613255	16087	-97
672.663260	16087	-97
672.713264	16087	-97
672.763269	16087	-97
672.813274	16087	-97
672.863279	16087	-97
672.913285	16087	-97
672.963290	16087	-97
673.013295	16087	-97
673.063300	16087	-97
673.113305	16087	-97
673.163310	16087	-97
673.213315	16087	-97
673.263319	16087	-97
673.313324	16087	-97
673.363329	16087	-97
673.413334	16087	-97
673.463340	16087	-97
673.513345	16087	-97
673.563350	16087	-97
673.613355	16087	-97
673.663360	16087	-97
673.713365	16087	-97
673.763370	16087	-97
673.813375	16087	-97
673.863379	16087	-97
673.913384	16087	-97
673.963389	16087	-97
674.013394	16087	-97
674.063400	16087	-97
674.113405	16087	-97
674.163410	16087	-97
674.213415	16087	-97
674.263420	16087	-97
674.313425	16087	-97
674.363430	16087	-97
674.413435	16087	-97
674.463439	16087	-97
674.513444	16087	-97
674.563449	16087	-97
674.613454	16087	-97
674.663460	16087	-97
674.713465	16087	-97
674.763470	16087	-97
674.813475	16087	-97
674.863480	16087	-97
674.913485	16087	-97
674.963490	16087	-97
675.013494	16087	-97
675.063499	16087	-97
675.113504	16087	-97
675.163509	16087	-97
675.213515	16087	-97
675.263520	16087	-97
675.313525	16087	-97
675.363530	16087	-97
675.413535	16087	-97
675.463540	16087	-97
675.513545	16087	-97
675.563550	16087	-97
675.613554	16087	-97
675.663559	16087	-97
675.713564	16087	-97
675.763569	16087	-97
675.813575	16087	-97
675.863580	16087	-97
675.913585	16087	-97
675.963590	16087	-97
676.013595	16087	-97
676.063600	16087	-97
676.113605	16087	-97
676.163610	16087	-97
676.213614	16087	-97
676.263619	16087	-97
676.313624	16087	-97
676.363629	16087	-97
676.413635	16087	-97
676.463640	16087	-97
676.513645	16087	-97
676.563650	16087	-97
676.613655	16087	-97
676.663660	16087	-97
676.713665	16087	-97
676.763669	16087	-97
676.812675	16087	-97
676.862679	16087	-97
676.912684	16087	-97
676.962689	16087	-97
677.012694	16087	-97
677.062699	16087	-97
677.112704	16087	-97
677.162709	16087	-97
677.212715	16087	-97
677.262720	16087	-97
677.312725	16087	-97
677.362730	16087	-97
677.412735	16087	-97
677.462739	16087	-97
677.512744	16087	-97
677.562749	16087	-97
677.612754	16087	-97
677.662759	16087	-97
677.712764	16087	-97
677.762770	16087	-97
677.812775	16087	-97
677.862780	16087	-97
677.912785	16087	-97
677.962790	16087	-97
678.012794	16087	-97
678.062799	16087	-97
678.112804	16087	-97
678.162809	16087	-97
678.212814	16087	-97
678.262819	16087	-97
678.312824	16087	-97
678.362830	16087	-97
678.412835	16087	-97
678.462840	16087	-97
678.512845	16087	-97
678.562850	16087	-97
678.612854	16087	-97
678.662859	16087	-97
678.712864	16087	-97
678.762869	16087	-97
678.812874	16087	-97
678.862879	16087	-97
678.912884	16087	-97
678.962890	16087	-97
679.012895	16087	-97
679.062900	16087	-97
679.112905	16087	-97
679.162910	16087	-97
679.212914	16087	-97
679.262919	16087	-97
679.312924	16087	-97
679.362929	16087	-97
679.412934	16087	-97
679.462939	16087	-97
679.512945	16087	-97
679.562950	16087	-97
679.612955	16087	-97
679.662960	16087	-97
679.712965	16087	-97
679.762969	16087	-97
679.812974	16087	-97
679.862979	16087	-97
679.912984	16087	-97
679.962989	16087	-97
680.012994	16087	-97
680.062999	16087	-97
680.113005	16087	-97
680.163010	16087	-97
680.213015	16087	-97
680.263020	16087	-97
680.313025	16087	-97
680.363029	16087	-97
680.413034	16087	-97
680.463039	16087	-97
680.513044	16087	-97
680.563049	16087	-97
680.613054	16087	-97
680.663059	16087	-97
680.713065	16087	-97
680.763070	16087	-97
680.813075	16087	-97
680.863080	16087	-97
680.913085	16087	-97
680.963089	16087	-97
681.013094	16087	-97
681.063099	16087	-97
681.113104	16087	-97
681.163109	16087	-97
681.213114	16087	-97
681.263120	16087	-97
681.313125	16087	-97
681.363130	16087	-97
681.413135	16087	-97
681.463140	16087	-97
681.513144	16087	-97
681.563149	16087	-97
681.613154	16087	-97
681.663159	16087	-97
681.713164	16087	-97
681.763169	16087	-97
681.813174	16087	-97
681.863180	16087	-97
681.913185	16087	-97
681.963190	16087	-97
682.013195	16087	-97
682.063200	16087	-97
682.113204	16087	-97
682.163209	16087	-97
682.213214	16087	-97
682.263219	16087	-97
682.313224	16087	-97
682.363229	16087	-97
682.413234	16087	-97
682.463240	16087	-97
682.513245	16087	-97
682.563250	16107	-97
682.613255	16107	-97
682.663260	16115	-97
682.713264	16155	-97
682.763269	16167	-117
682.813274	16199	-133
682.863279	16279	-189
682.913284	16307	-305
682.963289	16363	-385
683.013295	16371	-385
683.063300	16444	-385
683.113305	16468	-385
683.163310	16484	-385
683.213315	16524	-385
683.263319	16604	-385
683.313324	16708	-385
683.363329	16908	-385
683.413334	16996	-385
683.463339	17028	-385
683.513344	17048	-385
683.563349	17048	-385
683.613355	17080	-385
683.663360	17100	-385
683.713365	17144	-385
683.763370	17168	-385
683.813375	17224	-385
683.863379	17248	-385
683.913384	17268	-385
683.963389	17296	-385
684.013394	17332	-385
684.063399	17352	-385
684.113404	17356	-385
684.163409	17404	-385
684.213415	17428	-385
684.263420	17480	-385
684.313425	17496	-369
684.363430	17548	-365
684.413435	17564	-365
684.463439	17600	-365
684.513444	17668	-365
684.563449	17820	-365
684.613454	17968	-365
684.663459	18132	-365
684.713464	18216	-365
684.763470	18272	-365
684.813475	18328	-365
684.863480	18392	-365
684.913485	18452	-365
684.963490	18464	-365
685.013494	18516	-365
685.063499	18520	-365
685.113504	18524	-365
685.163509	18536	-365
685.213514	18540	-365
685.263519	18540	-365
685.313524	18560	-365
685.363530	18604	-365
685.413535	18616	-365
685.463540	18628	-365
685.513545	18628	-365
685.563550	18628	-365
685.613554	18628	-365
685.663559	18668	-365
685.713564	18692	-365
685.763569	18776	-365
685.813574	18848	-365
685.863579	18904	-365
685.913584	18984	-365
685.963590	19080	-365
686.013595	19180	-365
686.063600	19288	-365
686.113605	19368	-365
686.163610	19468	-365
686.213614	19488	-365
686.263619	19524	-369
686.313624	19532	-369
686.363629	19532	-369
686.413634	19532	-369
686.463639	19532	-369
686.513645	19532	-369
686.563650	19532	-369
686.613655	19532	-369
686.663660	19532	-369
686.713665	19532	-369
686.763669	19532	-369
686.813674	19532	-369
686.863679	19532	-369
686.913684	19532	-369
686.963689	19532	-369
687.013694	19532	-369
687.063699	19532	-369
687.113705	19532	-369
687.163710	19532	-369
687.213715	19532	-369
687.263720	19532	-369
687.313725	19532	-369
687.363729	19532	-369
687.413734	19532	-369
687.463739	19532	-369
687.513744	19532	-369
687.563749	19532	-369
687.613754	19532	-369
687.663759	19532	-369
687.713765	19532	-369
687.763770	19532	-369
687.813775	19532	-369
687.863780	19532	-369
687.913785	19532	-369
687.963789	19532	-369
688.013794	19532	-369
688.063799	19532	-369
688.113804	19532	-369
688.163809	19532	-369
688.213814	19532	-369
688.263820	19532	-369
688.313825	19532	-369
688.363830	19532	-369
688.413835	19532	-369
688.463840	19532	-369
688.513844	19532	-369
688.563849	19532	-369
688.613854	19532	-369
688.663859	19532	-369
688.713864	19532	-369
688.763869	19532	-369
688.813874	19532	-369
688.863880	19532	-369
688.913885	19532	-369
688.963890	19532	-369
689.013895	19532	-369
689.063900	19532	-369
689.113904	19532	-369
689.163909	19532	-369
689.213914	19532	-369
689.263919	19532	-369
689.313924	19532	-369
689.363929	19532	-369
689.413934	19532	-369
689.463940	19532	-369
689.513945	19532	-369
689.563950	19532	-369
689.613955	19532	-369
689.663960	19532	-369
689.713964	19532	-369
689.763969	19532	-369
689.813974	19532	-369
689.863979	19532	-369
689.913984	19532	-369
689.963989	19532	-369
690.013995	19532	-369
690.064000	19532	-369
690.114005	19532	-369
690.164010	19532	-369
690.214015	19532	-369
690.264019	19532	-369
690.314024	19532	-369
690.364029	19532	-369
690.414034	19532	-369
690.464039	19532	-369
690.514044	19532	-369
690.564049	19532	-369
690.614055	19532	-369
690.664060	19532	-369
690.714065	19532	-369
690.764070	19532	-369
690.814075	19532	-369
690.864079	19532	-369
690.914084	19524	-369
690.964089	19524	-369
691.014094	19492	-369
691.064099	19492	-369
691.197113	19492	-369
691.214115	19480	-369
691.293122	19472	-369
691.314125	19472	-369
691.364130	19472	-369
691.414135	19472	-369
691.464139	19472	-369
691.514144	19472	-369
691.564149	19472	-369
691.614154	19472	-369
691.664159	19472	-369
691.714164	19472	-369
691.764170	19472	-369
691.814175	19472	-369
691.864180	19472	-369
691.914185	19468	-369
691.964190	19460	-369
692.014194	19460	-369
692.064199	19460	-369
692.114204	19460	-369
692.164209	19460	-369
692.214214	19460	-369
692.264219	19460	-369
692.314224	19460	-369
692.364230	19460	-369
692.414235	19460	-369
692.464240	19460	-369
692.514245	19460	-369
692.564250	19460	-369
692.614254	19460	-369
692.664259	19460	-369
692.714264	19460	-369
692.764269	19460	-369
692.814274	19460	-369
692.864279	19460	-369
692.914285	19460	-369
692.964290	19460	-369
693.014295	19460	-369
693.064300	19460	-369
693.114305	19460	-369
693.164310	19460	-369
693.214314	19460	-369
693.264319	19460	-369
693.314324	19460	-369
693.364329	19460	-369
693.414334	19460	-369
693.464339	19460	-369
693.514345	19460	-369
693.564350	19460	-369
693.614355	19460	-369
693.664360	19460	-369
693.714365	19460	-369
693.764369	19460	-369
693.814374	19460	-369
693.864379	19460	-369
693.914384	19460	-369
693.964389	19460	-369
694.014394	19460	-369
694.064399	19460	-369
694.114405	19460	-369
694.164410	19460	-369
694.214415	19460	-369
694.264420	19460	-369
694.313425	19460	-369
694.363430	19460	-369
694.413435	19460	-369
694.463439	19460	-369
694.513444	19460	-369
694.563449	19460	-369
694.613454	19460	-369
694.663459	19460	-369
694.713464	19460	-369
694.763469	19460	-369
694.813474	19460	-369
694.863479	19460	-369
694.913485	19460	-369
694.963490	19460	-369
695.013494	19460	-369
695.063499	19460	-369
695.113504	19460	-369
695.163509	19460	-369
695.213514	19460	-369
695.263519	19460	-369
695.313524	19460	-369
695.363529	19460	-369
695.413534	19460	-369
695.463540	19460	-369
695.513545	19460	-369
695.563550	19460	-369
695.613554	19460	-369
695.663559	19460	-369
695.713564	19460	-369
695.763569	19460	-369
695.813574	19460	-369
695.863579	19460	-369
695.913584	19460	-369
695.963589	19460	-369
696.013594	19460	-369
696.063600	19460	-369
696.113605	19436	-369
696.163610	19436	-369
696.213614	19436	-369
696.263619	19436	-369
696.313624	19436	-369
696.363629	19436	-369
696.413634	19436	-369
696.463639	19428	-369
696.513644	19404	-369
696.563649	19404	-369
696.613654	19404	-369
696.663660	19404	-369
696.713665	19404	-369
696.763669	19404	-369
696.813674	19404	-369
696.863679	19404	-369
696.913684	19404	-369
696.963689	19404	-369
697.013694	19400	-369
697.063699	19400	-369
697.113704	19400	-369
697.163709	19384	-369
697.213715	19360	-369
697.263720	19360	-369
697.313725	19348	-369
697.363729	19348	-369
697.413734	19348	-369
697.463739	19348	-369
697.513744	19348	-369
697.563749	19348	-369
697.613754	19348	-369
697.663759	19344	-369
697.713764	19344	-369
697.763769	19344	-369
697.813775	19344	-369
697.863780	19344	-369
697.913785	19328	-369
697.963789	19328	-369
698.013794	19328	-369
698.063799	19328	-369
698.113804	19328	-369
698.163809	19328	-369
698.213814	19324	-369
698.263819	19304	-369
698.313824	19288	-369
698.363829	19288	-369
698.413835	19288	-369
698.463840	19288	-369
698.513844	19276	-369
698.563849	19268	-369
698.613854	19260	-369
698.663859	19236	-369
698.713864	19236	-369
698.763869	19232	-369
698.813874	19228	-369
698.863879	19224	-369
698.913884	19224	-369
698.963890	19224	-369
699.013895	19224	-369
699.063900	19224	-369
699.113904	19224	-369
699.163909	19224	-369
699.213914	19224	-369
699.263919	19208	-369
699.313924	19208	-369
699.363929	19208	-369
699.413934	19208	-369
699.463939	19208	-369
699.513944	19208	-369
699.563950	19208	-369
699.613955	19208	-369
699.663960	19208	-369
699.713964	19208	-369
699.763969	19208	-369
699.813974	19208	-369
699.863979	19208	-369
699.913984	19208	-369
699.963989	19208	-369
700.013994	19208	-369
700.063999	19208	-369
700.114004	19208	-369
700.164010	19208	-369
700.214015	19208	-369
700.264019	19208	-369
700.314024	19208	-369
700.364029	19208	-369
700.414034	19208	-369
700.464039	19208	-369
700.514044	19208	-369
700.564049	19208	-369
700.614054	19208	-369
700.664059	19208	-369
700.714065	19208	-369
700.764070	19208	-369
700.814075	19208	-369
700.864079	19208	-369
700.914084	19208	-369
700.964089	19208	-369
701.014094	19208	-369
701.064099	19208	-369
701.114104	19208	-369
701.164109	19208	-369
701.214114	19208	-369
701.264119	19208	-369
701.314125	19208	-369
701.364130	19208	-369
701.414135	19208	-369
701.464139	19208	-369
701.514144	19208	-369
701.564149	19136	-369
701.614154	19108	-369
701.664159	19108	-369
701.714164	19108	-369
701.764169	19088	-369
701.814174	19064	-369
701.864179	19064	-369
701.914185	19028	-369
701.964190	18848	-369
702.014194	18556	-369
702.064199	18292	-369
702.114204	18292	-369
702.164209	18264	-369
702.214214	18260	-369
702.264219	18260	-369
702.314224	18260	-369
702.364229	18260	-369
702.414234	18208	-369
702.464240	18120	-369
702.514245	17952	-369
702.564250	17732	-369
702.614254	17608	-369
702.664259	17508	-369
702.714264	17464	-369
702.764269	17444	-369
702.814274	17368	-369
702.864279	17240	-369
702.914284	17048	-369
702.964289	16656	-369
703.014294	16588	-369
703.064300	16560	-369
703.114305	16444	-369
703.164310	16287	-369
703.214314	16287	-369
703.264319	16287	-369
703.314324	16255	-369
703.364329	16127	-369
703.414334	16083	-369
703.464339	16015	-369
703.514344	15803	-369
703.564349	15175	-369
703.614354	14647	-369
703.664360	14295	-369
703.714365	14295	-369
703.764369	14295	-369
703.814374	14295	-369
703.864379	14295	-369
703.914384	14295	-369
703.964389	14295	-369
704.014394	14295	-369
704.064399	14295	-369
704.114404	14267	-369
704.164409	14239	-365
704.214415	14203	-341
704.264420	14087	-321
704.314425	14043	-229
704.364429	14015	-189
704.414434	13987	-189
704.464439	13903	-181
704.514444	13803	-161
704.564449	13719	-161
704.614454	13379	-161
704.664459	12819	-133
704.714464	12647	-129
704.764469	12647	-129
704.814475	12647	-129
704.864480	12647	-129
704.914485	12647	-129
704.964489	12647	-129
705.014494	12647	-129
705.064499	12647	-129
705.114504	12647	-129
705.164509	12647	-129
705.214514	12647	-129
705.264519	12647	-129
705.314524	12647	-429
705.364529	12647	-617
705.414535	12647	-625
705.464540	12647	-869
705.514544	12647	-869
705.564549	12647	-869
705.614554	12647	-869
705.664559	12647	-505
705.714564	12647	-281
705.764569	12647	-249
705.814574	12647	-125
705.864579	12647	-45
705.914584	12647	-21
705.964590	12647	84
706.014595	12647	92
706.064600	12647	92
706.114604	12647	92
706.164609	12647	92
706.214614	12647	92
706.264619	12647	92
706.314624	12647	112
706.364629	12647	116
706.414634	12647	152
706.464639	12647	196
706.514644	12647	220
706.564650	12647	224
706.614655	12647	224
706.664660	12647	264
706.714664	12647	308
706.764669	12647	308
706.814674	12631	308
706.864679	12619	320
706.914684	12619	360
706.964689	12607	404
707.014694	12591	412
707.064699	12591	420
707.114704	12591	420
707.164710	12591	420
707.214715	12591	432
707.264719	12555	432
707.314724	12555	432
707.364729	12555	432
707.414734	12551	452
707.464739	12551	452
707.514744	12535	456
707.564749	12535	456
707.614754	12535	456
707.664759	12519	464
707.714765	12519	484
707.764770	12519	484
707.814775	12507	492
707.864779	12507	492
707.914784	12487	492
707.964789	12487	492
708.014794	12471	492
708.064799	12471	512
708.114804	12455	536
708.164809	12427	540
708.214814	12427	540
708.264819	12427	540
708.314825	12427	540
708.364830	12411	540
708.414834	12411	540
708.464839	12411	548
708.514844	12411	548
708.564849	12411	548
708.614854	12411	548
708.664859	12411	548
708.714864	12411	552
708.764869	12407	552
708.814874	12407	552
708.864879	12387	564
708.914885	12387	564
708.964890	12387	564
709.014894	12387	564
709.064899	12387	564
709.114904	12387	564
709.164909	12387	564
709.214914	12387	564
709.264919	12387	564
709.314924	12387	564
709.364929	12387	564
709.414934	12387	564
709.464940	12347	564
709.514945	12347	564
709.564950	12347	564
709.614954	12347	588
709.664959	12347	596
709.714964	12315	596
709.764969	12275	596
709.814974	12259	596
709.864979	12251	624
709.914984	12251	628
709.964989	12251	628
710.014994	12211	628
710.065000	12211	628
710.115005	12211	628
710.165009	12211	628
710.215014	12211	628
710.265019	12203	628
710.315024	12203	628
710.365029	12171	628
710.415034	12159	628
710.465039	12151	628
710.515044	12103	628
710.565049	12103	628
710.615055	12103	628
710.665060	12103	628
710.715065	12071	628
710.765069	12059	628
710.815074	12035	628
710.865079	11987	628
710.915084	11983	628
710.965089	11979	628
711.015094	11963	628
711.065099	11919	628
711.115104	11871	628
711.165109	11871	628
711.215115	11867	628
711.265120	11867	628
711.315125	11867	628
711.365129	11855	628
711.415134	11855	628
711.465139	11855	628
711.515144	11847	628
711.565149	11847	628
711.615154	11827	628
711.665159	11827	628
711.715164	11827	628
711.765169	11827	628
711.814174	11819	628
711.864179	11819	628
711.914184	11819	628
711.964189	11819	628
712.014194	11819	628
712.064199	11819	628
712.114204	11819	628
712.164209	11819	628
712.214214	11819	628
712.264219	11819	628
712.314224	11819	628
712.364229	11819	628
712.414234	11819	628
712.464239	11819	628
712.514244	11819	628
712.564249	11819	628
712.614254	11819	628
712.664259	11819	628
712.714264	11819	628
712.764269	11819	628
712.814274	11819	628
712.864279	11819	628
712.914284	11819	628
712.964289	11819	628
713.014294	11819	628
713.064299	11819	628
713.114304	11819	628
713.164310	11819	628
713.214314	11819	628
713.264319	11819	628
713.314324	11819	628
713.364329	11819	628
713.414334	11819	628
713.464339	11819	628
713.514344	11819	628
713.564349	11819	628
713.614354	11819	628
713.664359	11819	628
713.714364	11819	628
713.764369	11819	628
713.814374	11819	628
713.864379	11819	628
713.914384	11819	628
713.964389	11819	628
714.014394	11819	628
714.064399	11819	628
714.114404	11819	628
714.164409	11819	628
714.214414	11819	628
714.264419	11819	628
714.314424	11819	628
714.364429	11819	628
714.414434	11819	628
714.464439	11819	628
714.514444	11819	628
714.564449	11819	628
714.614454	11819	628
714.664459	11819	628
714.714464	11819	628
714.764469	11819	628
714.814474	11819	628
714.864479	11819	628
714.914485	11819	628
714.964489	11819	628
715.014494	11819	636
715.064499	11815	636
715.114504	11815	636
715.164509	11815	636
715.214514	11815	636
715.264519	11815	636
715.314524	11815	636
715.364529	11815	636
715.414534	11815	636
715.464539	11815	636
715.514544	11815	636
715.564549	11815	636
715.614554	11815	636
715.664559	11815	636
715.714564	11815	636
715.764569	11815	636
715.814574	11815	636
715.864579	11815	636
715.914584	11815	636
715.964589	11815	636
716.014594	11815	636
716.064599	11815	636
716.114604	11815	636
716.164609	11815	636
716.214614	11815	636
716.264619	11815	636
716.314624	11815	636
716.364629	11815	636
716.414634	11815	636
716.464639	11815	636
716.514644	11815	636
716.564649	11815	636
716.614654	11815	636
716.664660	11815	636
716.714664	11815	636
716.764669	11815	636
716.814674	11807	636
716.864679	11807	636
716.914684	11803	636
716.964689	11799	636
717.014694	11799	636
717.064699	11799	636
717.114704	11799	636
717.164709	11799	636
717.214714	11799	636
717.264719	11799	636
717.314724	11799	636
717.364729	11799	636
717.414734	11799	636
717.464739	11799	636
717.514744	11799	636
717.564749	11799	636
717.614754	11799	636
717.664759	11799	636
717.714764	11799	636
717.764769	11799	636
717.814774	11799	636
717.864779	11799	636
717.914784	11799	636
717.964789	11799	636
718.014794	11799	636
718.064799	11799	636
718.114804	11799	636
718.164809	11799	636
718.214814	11799	636
718.264819	11799	636
718.314824	11799	636
718.364829	11799	636
718.414834	11799	636
718.464839	11799	636
718.514844	11799	636
718.564849	11799	636
718.614854	11799	636
718.664859	11799	636
718.714864	11799	636
718.764869	11799	636
718.814874	11799	636
718.864879	11799	636
718.914884	11799	636
718.964889	11799	636
719.014894	11799	636
719.064899	11799	636
719.114904	11799	636
719.164909	11799	636
719.214914	11799	636
719.264919	11799	652
719.314924	11799	652
719.364929	11799	652
719.414934	11799	652
719.464939	11799	652
719.514944	11799	672
719.564949	11799	672
719.614954	11799	672
719.664959	11799	684
719.714964	11799	732
719.764969	11799	732
719.814974	11799	732
719.864979	11799	732
719.914984	11799	732
719.964989	11799	732
720.014994	11799	732
720.064999	11799	732
720.115004	11799	732
720.165009	11799	732
720.215014	11799	732
720.265019	11799	732
720.315024	11799	732
720.365029	11799	732
720.415034	11799	732
720.465039	11799	732
720.515044	11799	732
720.565049	11799	732
720.615054	11799	732
720.665059	11799	732
720.715064	11799	732
720.765069	11799	732
720.815074	11799	732
720.865079	11799	732
720.915084	11799	732
720.965089	11799	732
721.015094	11799	732
721.065099	11799	732
721.115104	11799	732
721.165109	11799	732
721.215114	11799	732
721.265119	11799	732
721.315124	11799	732
721.365129	11799	732
721.415134	11799	732
721.465139	11799	732
721.515144	11799	732
721.565149	11799	732
721.615154	11799	732
721.665159	11799	732
721.715164	11799	732
721.765169	11799	732
721.815174	11799	732
721.865179	11799	732
721.915184	11799	732
721.965189	11799	732
722.015194	11799	732
722.065199	11799	732
722.115204	11799	732
722.165209	11799	732
722.215214	11799	732
722.265219	11799	732
722.315224	11799	732
722.365229	11799	732
722.415234	11799	732
722.465239	11799	732
722.515244	11799	732
722.565249	11799	732
722.615254	11799	732
722.665259	11799	732
722.715264	11799	732
722.765269	11799	732
722.815274	11799	732
722.865279	11799	732
722.915284	11799	732
722.965289	11799	732
723.015294	11799	732
723.065299	11799	732
723.115304	11799	732
723.165309	11799	732
723.215314	11799	732
723.265319	11799	732
723.315324	11799	732
723.365329	11799	732
723.415334	11799	732
723.465339	11799	732
723.515344	11799	732
723.565349	11799	732
723.615354	11799	732
723.665359	11799	732
723.715364	11799	732
723.765369	11799	732
723.815374	11799	732
723.865379	11799	732
723.915384	11799	732
723.965389	11799	732
724.015394	11799	732
724.065399	11799	732
724.115404	11799	732
724.165409	11799	732
724.215414	11799	732
724.265419	11799	732
724.315424	11799	732
724.365429	11799	732
724.415434	11799	732
724.465439	11799	732
724.515444	11799	732
724.565449	11799	732
724.615454	11799	732
724.665459	11799	732
724.715464	11799	732
724.765469	11799	732
724.815474	11799	732
724.865479	11799	732
724.915484	11799	732
724.965489	11799	732
725.015494	11799	732
725.065499	11799	732
725.115504	11799	732
725.165509	11759	732
725.215514	11751	732
725.265519	11711	732
725.315524	11659	732
725.365529	11455	732
725.415534	10850	732
725.465539	9782	660
725.515544	8958	648
725.565549	8026	588
725.615554	7418	548
725.665559	6854	532
725.715564	6386	532
725.765569	5942	464
725.815574	5449	464
725.865579	5029	456
725.915584	4617	380
725.965589	3889	268
726.015594	3157	212
726.065599	2469	212
726.115604	2077	160
726.165609	1413	0
726.215614	837	0
726.265619	593	0
726.315624	317	0
726.365629	0	0
726.415634	0	0
726.465639	0	0
726.515644	0	0
726.565649	0	0
726.615654	0	0
726.665659	0	0
726.715664	0	0
726.765669	0	0
726.815674	0	0
726.865679	0	0
726.915684	0	0
726.965689	0	0
727.015694	0	0
727.065699	0	0
727.115704	0	0
727.165709	0	0
727.215714	0	0
727.265719	0	0
727.315724	0	0
727.365729	0	0
727.415734	0	0
727.465739	0	0
727.515744	0	0
727.565749	0	0
727.615754	0	0
727.665759	0	0
727.715764	0	0
727.765769	0	0
727.815774	0	0
727.865779	0	0
727.915784	0	0
727.965789	0	0
728.015794	0	0
728.065799	0	0
728.115804	0	0
728.165809	0	0
728.215814	0	0
728.265819	0	0
728.315824	0	0
728.365829	0	0
728.415834	0	0
728.465839	0	0
728.515844	0	0
728.565849	0	0
728.615854	0	0
728.665859	0	0
728.715864	0	0
728.765869	0	0
728.815874	0	0
728.865879	0	0
728.915884	0	0
728.965889	0	0
729.015894	0	0
729.065899	0	0
729.115904	0	0
729.165909	0	0
729.215914	0	0
729.264919	0	0
729.314924	0	0
729.364929	0	0
729.414934	0	0
729.464939	0	0
729.514944	0	0
729.564949	0	0
729.614954	0	0
729.664959	0	0
729.714964	0	0
729.764969	0	0
729.814974	0	0
729.864979	0	0
729.914984	0	0
729.964989	0	0
730.014994	0	0
730.064999	0	0
730.115004	0	0
730.165009	0	0
730.215014	0	0
730.265019	0	0
730.315024	0	0
730.365029	0	0
730.415034	0	0
730.465039	0	0
730.515044	0	0
730.565049	0	0
730.615054	0	0
730.665059	0	0
730.715064	0	0
730.765069	0	0
730.815074	0	0
730.865079	0	0
730.915084	0	0
730.965089	0	0
731.015094	0	0
731.065099	0	0
731.115104	0	0
731.165109	0	0
731.215114	0	0
731.265119	0	0
731.315124	0	0
731.365129	0	0
731.415134	0	0
731.465139	0	0
731.515144	0	0
731.565149	0	0
731.615154	0	0
731.665159	0	0
731.715164	0	0
731.765169	0	0
731.815174	0	0
731.865179	0	0
731.915184	0	0
731.965189	0	0
732.015194	0	0
732.065199	0	0
732.115204	0	0
732.165209	0	0
732.215214	0	0
732.265219	0	0
732.315224	0	0
732.365229	0	0
732.415234	0	0
732.465239	0	0
732.515244	0	0
732.565249	0	0
732.615254	0	0
732.665259	0	0
732.715264	0	0
732.765269	0	0
732.815274	0	0
732.865279	0	0
732.915284	0	0
732.965289	0	0
733.015294	0	0
733.065299	0	0
733.115304	0	0
733.165309	0	0
733.215314	0	0
733.265319	0	0
733.315324	0	0
733.365329	0	0
733.415334	0	0
733.465339	0	0
733.515344	0	0
733.565349	0	0
733.615354	0	0
733.665359	0	0
733.715364	0	0
733.765369	0	0
733.815374	0	0
733.865379	0	0
733.915384	0	0
733.965389	0	0
734.015394	0	0
734.065399	0	0
734.115404	0	0
734.165409	0	0
734.215414	0	0
734.265419	0	0
734.315424	0	0
734.365429	0	0
734.415434	0	0
734.465439	0	0
734.515444	0	0
734.565449	0	0
734.615454	0	0
734.665459	0	0
734.715464	0	0
734.765469	0	0
734.815474	0	0
734.865479	0	0
734.915484	0	0
734.965489	0	0
735.015494	0	0
735.065499	0	0
735.115504	0	0
735.165509	0	0
735.215514	0	0
735.265519	0	0
735.315524	0	0
735.365529	0	0
735.415534	0	0
735.465539	0	0
735.515544	0	0
735.565549	0	0
735.615554	0	0
735.665559	0	0
735.715564	0	0
735.765569	0	0
735.815574	0	0
735.865579	0	0
735.915584	0	0
735.965589	0	0
736.015594	0	0
736.065599	0	0
736.115604	0	0
736.165609	0	0
736.215614	0	0
736.265619	0	0
736.315624	0	0
736.365629	0	0
736.415634	0	0
736.465639	0	0
736.515644	0	0
736.565649	0	0
736.615654	0	0
736.665659	0	0
736.715664	0	0
736.765669	0	0
736.815674	0	0
736.865679	0	0
736.915684	0	0
736.965689	0	0
737.015694	0	0
737.065699	0	0
737.115704	0	0
737.165709	0	0
737.215714	0	0
737.265719	0	0
737.315724	0	0
737.365729	0	0
737.415734	0	0
737.465739	0	0
737.515744	0	0
737.565749	0	0
737.615754	0	0
737.665759	0	0
737.715764	0	0
737.765769	0	0
737.815774	0	0
737.865779	0	0
737.915784	0	0
737.965789	0	0
738.015794	0	0
738.065799	0	0
738.115804	0	0
738.165809	0	0
738.215814	0	0
738.265819	0	0
738.315824	0	0
738.365829	0	0
738.415834	0	0
738.465839	0	0
738.515844	0	0
738.565849	0	0
738.615854	0	0
738.665859	0	0
738.715864	0	0
738.765869	0	0
738.815874	0	0
738.865879	0	0
738.915884	0	0
738.965889	0	0
739.015894	0	0
739.065899	0	0
739.115904	0	0
739.165909	0	0
739.215914	0	0
739.265919	0	0
739.315924	0	0
739.365929	0	0
739.415934	0	0
739.465939	0	0
739.515944	0	0
739.565949	0	0
739.615954	0	0
739.665959	0	0
739.715964	0	0
739.765969	0	0
739.815974	0	0
739.865979	0	0
739.915984	0	0
739.965989	0	0
740.015994	0	0
740.065999	0	0
740.116004	0	0
740.166009	0	0
740.216014	0	0
740.266019	0	0
740.316024	0	0
740.366029	0	0
740.416034	0	0
740.466039	0	0
740.516044	0	0
740.566049	0	0
740.616054	0	0
740.666059	0	0
740.716064	0	0
740.766069	0	0
740.816074	0	0
740.866079	0	0
740.916084	0	0
740.966089	0	0
741.016094	0	0
741.066099	0	0
741.116104	0	0
741.166109	0	0
741.216114	0	0
741.266119	0	0
741.316124	0	0
741.366129	0	0
741.416134	0	0
741.466139	0	0
741.516144	0	0
741.566149	0	0
741.616154	0	0
741.666159	0	0
741.716164	0	0
741.766169	0	0
741.816174	0	0
741.866179	0	0
741.916184	0	0
741.966189	0	0
742.016194	0	0
742.066199	0	0
742.116204	0	0
742.166209	0	0
742.216214	0	0
742.266219	0	0
742.316224	0	0
742.366229	0	0
742.416234	0	0
742.466239	0	0
742.516244	0	0
742.566249	0	0
742.616254	0	0
742.666259	0	0
742.716264	0	0
742.766269	0	0
742.816274	0	0
742.866279	0	0
742.916284	0	0
742.966289	0	0
743.016294	0	0
743.066299	0	0
743.116304	0	0
743.166309	0	0
743.216314	0	0
743.266319	0	0
743.316324	0	0
743.366329	0	0
743.416334	0	0
743.466339	0	0
743.516344	0	0
743.566349	0	0
743.616354	0	0
743.666359	0	0
743.716364	0	0
743.766369	0	0
743.816374	0	0
743.866379	0	0
743.916384	0	0
743.966389	0	0
744.016394	0	0
744.066399	0	0
744.116404	0	0
744.166409	0	0
744.216414	0	0
744.266419	0	0
744.316424	0	0
744.366429	0	0
744.416434	0	0
744.466439	0	0
744.516444	0	0
744.566449	0	0
744.616454	0	0
744.666459	0	0
744.716464	0	0
744.766469	0	0
744.816474	0	0
744.866479	0	0
744.916484	0	0
744.966489	0	0
745.016494	0	0
745.066499	0	0
745.116504	0	0
745.166509	0	0
745.216514	0	0
745.266519	0	0
745.316524	0	0
745.366529	0	0
745.416534	0	0
745.466539	0	0
745.516544	0	0
745.566549	0	0
745.616554	0	0
745.666559	0	0
745.716564	0	0
745.766569	0	0
745.816574	0	0
745.866579	0	0
745.916584	0	0
745.966589	0	0
746.016594	0	0
746.066599	0	0
746.116604	0	0
746.166609	0	0
746.216614	0	0
746.266619	0	0
746.316624	0	0
746.366629	0	0
746.416634	0	0
746.466639	0	0
746.516644	0	0
746.566649	0	0
746.616654	0	0
746.666659	0	0
746.716664	0	0
746.765669	0	0
746.815674	0	0
746.865679	0	0
746.915684	0	0
746.965689	0	0
747.015694	0	0
747.065699	0	0
747.115704	0	0
747.165709	0	0
747.215714	0	0
747.265719	0	0
747.315724	0	0
747.365729	0	0
747.415734	0	0
747.465739	0	0
747.515744	0	0
747.565749	0	0
747.615754	0	0
747.665759	0	0
747.715764	0	0
747.765769	0	0
747.815774	0	0
747.865779	0	0
747.915784	0	0
747.965789	0	0
748.015794	0	0
748.065799	0	0
748.115804	0	0
748.165809	0	0
748.215814	0	0
748.265819	0	0
748.315824	0	0
748.365829	0	0
748.415834	0	0
748.465839	0	0
748.515844	0	0
748.565849	0	0
748.615854	0	0
748.665859	0	0
748.715864	0	0
748.765869	0	0
748.815874	0	0
748.865879	0	0
748.915884	0	0
748.965889	0	0
749.015894	0	0
749.065899	0	0
749.115904	0	0
749.165909	0	0
749.215914	0	0
749.265919	0	0
749.315924	0	0
749.365929	0	0
749.415934	0	0
749.465939	0	0
749.515944	0	0
749.565949	0	0
749.615954	0	0
749.665959	0	0
749.715964	0	0
749.765969	0	0
749.815974	0	0
749.865979	0	0
749.915984	0	0
749.965989	0	0
750.015994	0	0
750.065999	0	0
750.116004	0	0
750.166009	0	0
750.216014	0	0
750.266019	0	0
750.316024	0	0
750.366029	0	0
750.416034	0	0
750.466039	0	0
750.516044	0	0
750.566049	0	0
750.616054	0	0
750.666059	0	0
750.716064	0	0
750.766069	0	0
750.816074	0	0
750.866079	0	0
750.916084	0	0
750.966089	0	0
751.016094	0	0
751.066099	0	0
751.294122	0	0
751.316124	0	0
751.366129	0	0
751.416134	0	0
751.466139	0	0
751.516144	0	0
751.566149	0	0
751.616154	0	0
751.666159	0	0
751.716164	0	0
751.766169	0	0
751.816174	0	0
751.866179	0	0
751.916184	0	0
751.966189	0	0
752.016194	0	0
752.066199	0	0
752.116204	0	0
752.166209	0	0
752.216214	0	0
752.266219	0	0
752.316224	0	0
752.366229	0	0
752.416234	0	0
752.466239	0	0
752.516244	0	0
752.566249	0	0
752.616254	0	0
752.666259	0	0
752.716264	0	0
752.766269	0	0
752.816274	0	0
752.866279	0	0
752.916284	0	0
752.966289	0	0
753.016294	0	0
753.066299	0	0
753.116304	0	0
753.166309	0	0
753.216314	0	0
753.266319	0	0
753.316324	0	0
753.366329	0	0
753.416334	0	0
753.466339	0	0
753.516344	0	0
753.566349	0	0
753.616354	0	0
753.666359	0	0
753.716364	0	0
753.766369	0	0
753.816374	0	0
753.866379	0	0
753.916384	0	0
753.966389	0	0
754.016394	0	0
754.066399	0	0
754.116404	0	0
754.166409	0	0
754.216414	0	0
754.266419	0	0
754.316424	0	0
754.366429	0	0
754.416434	0	0
754.466439	0	0
754.516444	0	0
754.566449	0	0
754.616454	0	0
754.666459	0	0
754.716464	0	0
754.766469	0	0
754.816474	0	0
754.866479	0	0
754.916484	0	0
754.966489	0	0
755.016494	0	0
755.066499	0	0
755.116504	0	0
755.166509	0	0
755.216514	0	0
755.266519	0	0
755.316524	0	0
755.366529	0	0
755.416534	0	0
755.466539	0	0
755.516544	0	0
755.566549	0	0
755.616554	0	0
755.666559	0	0
755.716564	0	0
755.766569	0	0
755.816574	0	0
755.866579	0	0
755.916584	0	0
755.966589	0	0
756.016594	0	0
756.066599	0	0
756.116604	0	0
756.166609	0	0
756.216614	0	0
756.266619	0	0
756.316624	0	0
756.366629	0	0
756.416634	0	0
756.466639	0	0
756.516644	0	0
756.566649	0	0
756.616654	0	0
756.666659	0	0
756.716664	0	0
756.766669	0	0
756.816674	0	0
756.866679	0	0
756.916684	0	0
756.966689	0	0
757.016694	0	0
757.066699	0	0
757.116704	0	0
757.166709	0	0
757.216714	0	0
757.266719	0	0
757.316724	0	0
757.366729	0	0
757.416734	0	0
757.466739	0	0
757.516744	0	0
757.566749	0	0
757.616754	0	0
757.666759	0	0
757.716764	0	0
757.766769	0	0
757.816774	0	0
757.866779	0	0
757.916784	0	0
757.966789	0	0
758.016794	0	0
758.066799	0	0
758.116804	0	0
758.166809	0	0
758.216814	0	0
758.266819	0	0
758.316824	0	0
758.366829	0	0
758.416834	0	0
758.466839	0	0
758.516844	0	0
758.566849	0	0
758.616854	0	0
758.666859	0	0
758.716864	0	0
758.766869	0	0
758.816874	0	0
758.866879	0	0
758.916884	0	0
758.966889	0	0
759.016894	0	0
759.066899	0	0
759.116904	0	0
759.166909	0	0
759.216914	0	0
759.266919	0	0
759.316924	0	0
759.366929	0	0
759.416934	0	0
759.466939	0	0
759.516944	0	0
759.566949	0	0
759.616954	0	0
759.666959	0	0
759.716964	0	0
759.766969	0	0
759.816974	0	0
759.866979	0	0
759.916984	0	0
759.966989	0	0
760.016994	0	0
760.066999	0	0
760.117004	0	0
760.167009	0	0
760.217014	0	0
760.267019	0	0
760.317024	0	0
760.367029	0	0
760.417034	0	0
760.467039	0	0
760.517044	0	0
760.567049	0	0
760.617054	0	0
760.667059	0	0
760.717064	0	0
760.767069	0	0
760.817074	0	0
760.867079	0	0
760.917084	0	0
760.967089	0	0
761.017094	0	0
761.067099	0	0
761.117104	0	0
761.167109	0	0
761.217114	0	0
761.267119	0	0
761.317124	0	0
761.367129	0	0
761.417134	0	0
761.467139	0	0
761.517144	0	0
761.567149	0	0
761.617154	0	0
761.667159	0	0
761.717164	0	0
761.767169	0	0
761.817174	0	0
761.867179	0	0
761.917184	0	0
761.967189	0	0
762.017194	0	0
762.067199	0	0
762.117204	0	0
762.167209	0	0
762.217214	0	0
762.267219	0	0
762.317224	0	0
762.367229	0	0
762.417234	0	0
762.467239	0	0
762.517244	0	0
762.567249	0	0
762.617254	0	0
762.667259	0	0
762.717264	0	0
762.767269	0	0
762.817274	0	0
762.867279	0	0
762.917284	0	0
762.967289	0	0
763.017294	0	0
763.067299	0	0
763.117304	0	0
763.167309	0	0
763.217314	0	0
763.267319	0	0
763.317324	0	0
763.367329	0	0
763.417334	0	0
763.467339	0	0
763.517344	0	0
763.567349	0	0
763.617354	0	0
763.667359	0	0
763.717364	0	0
763.767369	0	0
763.817374	0	0
763.867379	0	0
763.917384	0	0
763.967389	0	0
764.017394	0	0
764.067399	0	0
764.117404	0	0
764.167409	0	0
764.217414	0	0
764.266419	0	0
764.316424	0	0
764.366429	0	0
764.416434	0	0
764.466439	0	0
764.516444	0	0
764.566449	0	0
764.616454	0	0
764.666459	0	0
764.716464	0	0
764.766469	0	0
764.816474	0	0
764.866479	0	0
764.916484	0	0
764.966489	0	0
765.016494	0	0
765.066499	0	0
765.116504	0	0
765.166509	0	0
765.216514	0	0
765.266519	0	0
765.316524	0	0
765.366529	0	0
765.416534	0	0
765.466539	0	0
765.516544	0	0
765.566549	0	0
765.616554	0	0
765.666559	0	0
765.716564	0	0
765.766569	0	0
765.816574	0	0
765.866579	0	0
765.916584	0	0
765.966589	0	0
766.016594	0	0
766.066599	0	0
766.116604	0	0
766.166609	0	0
766.216614	0	0
766.266619	0	0
766.316624	0	0
766.366629	0	0
766.416634	0	0
766.466639	0	0
766.516644	0	0
766.566649	0	0
766.616654	0	0
766.666659	0	0
766.716664	0	0
766.766669	0	0
766.816674	0	0
766.866679	0	0
766.916684	0	0
766.966689	0	0
767.016694	0	0
767.066699	0	0
767.116704	0	0
767.166709	0	0
767.216714	0	0
767.266719	0	0
767.316724	0	0
767.366729	0	0
767.416734	0	0
767.466739	0	0
767.516744	0	0
767.566749	0	0
767.616754	0	0
767.666759	0	0
767.716764	0	0
767.766769	0	0
767.816774	0	0
767.866779	0	0
767.916784	0	0
767.966789	0	0
768.016794	0	0
768.066799	0	0
768.116804	0	0
768.166809	0	0
768.216814	0	0
768.266819	0	0
768.316824	0	0
768.366829	0	0
768.416834	0	0
768.466839	0	0
768.516844	0	0
768.566849	0	0
768.616854	0	0
768.666859	0	0
768.716864	0	0
768.766869	0	0
768.816874	0	0
768.866879	0	0
768.916884	0	0
768.966889	0	0
769.016894	0	0
769.066899	0	0
769.116904	0	0
769.166909	0	0
769.216914	0	0
769.266919	0	0
769.316924	0	0
769.366929	0	0
769.416934	0	0
769.466939	0	0
769.516944	0	0
769.566949	0	0
769.616954	0	0
769.666959	0	0
769.716964	0	0
769.766969	0	0
769.816974	0	0
769.866979	0	0
769.916984	0	0
769.966989	0	0
770.016994	0	0
770.066999	0	0
770.117004	0	0
770.167009	0	0
770.217014	0	0
770.267019	0	0
770.317024	0	0
770.367029	0	0
770.417034	0	0
770.467039	0	0
770.517044	0	0
770.567049	0	0
770.617054	0	0
770.667059	0	0
770.717064	0	0
770.767069	0	0
770.817074	0	0
770.867079	0	0
770.917084	0	0
770.967089	0	0
771.017094	0	0
771.067099	0	0
771.117104	0	0
771.167109	0	0
771.217114	0	0
771.267119	0	0
771.317124	0	0
771.367129	0	0
771.417134	0	0
771.467139	0	0
771.517144	0	0
771.567149	0	0
771.617154	0	0
771.667159	0	0
771.717164	0	0
771.767169	0	0
771.817174	0	0
771.867179	0	0
771.917184	0	0
771.967189	0	0
772.017194	0	0
772.067199	0	0
772.117204	0	0
772.167209	0	0
772.217214	0	0
772.267219	0	0
772.317224	0	0
772.367229	0	0
772.417234	0	0
772.467239	0	0
772.517244	0	0
772.567249	0	0
772.617254	0	0
772.667259	0	0
772.717264	0	0
772.767269	0	0
772.817274	0	0
772.867279	0	0
772.917284	0	0
772.967289	0	0
773.017294	0	0
773.067299	0	0
773.117304	0	0
773.167309	0	0
773.217314	0	0
773.267319	0	0
773.317324	0	0
773.367329	0	0
773.417334	0	0
773.467339	0	0
773.517344	0	0
773.567349	0	0
773.617354	0	0
773.667359	0	0
773.717364	0	0
773.767369	0	0
773.817374	0	0
773.867379	0	0
773.917384	0	0
773.967389	0	0
774.017394	0	0
774.067399	0	0
774.117404	0	0
774.167409	0	0
774.217414	0	0
774.267419	0	0
774.317424	0	0
774.367429	0	0
774.417434	0	0
774.467439	0	0
774.517444	0	0
774.567449	0	0
774.617454	0	0
774.667459	0	0
774.717464	0	0
774.767469	0	0
774.817474	0	0
774.867479	0	0
774.917484	0	0
774.967489	0	0
775.017494	0	0
775.067499	0	0
775.117504	0	0
775.167509	0	0
775.217514	0	0
775.267519	0	0
775.317524	0	0
775.367529	0	0
775.417534	0	0
775.467539	0	0
775.517544	0	0
775.567549	0	0
775.617554	0	0
775.667559	0	0
775.717564	0	0
775.767569	0	0
775.817574	0	0
775.867579	0	0
775.917584	0	0
775.967589	0	0
776.017594	0	0
776.067599	0	0
776.117604	0	0
776.167609	0	0
776.217614	0	0
776.267619	0	0
776.317624	0	0
776.367629	0	0
776.417634	0	0
776.467639	0	0
776.517644	0	0
776.567649	0	0
776.617654	0	0
776.667659	0	0
776.717664	0	0
776.767669	0	0
776.817674	0	0
776.867679	0	0
776.917684	0	0
776.967689	0	0
777.017694	0	0
777.067699	0	0
777.117704	0	0
777.167709	0	0
777.217714	0	0
777.267719	0	0
777.317724	0	0
777.367729	0	0
777.417734	0	0
777.467739	0	0
777.517744	0	0
777.567749	0	0
777.617754	0	0
777.667759	0	0
777.717764	0	0
777.767769	0	0
777.817774	0	0
777.867779	0	0
777.917784	0	0
777.967789	0	0
778.017794	0	0
778.067799	0	0
778.117804	0	0
778.167809	0	0
778.217814	0	0
778.267819	0	0
778.317824	0	0
778.367829	0	0
778.417834	0	0
778.467839	0	0
778.517844	0	0
778.567849	0	0
778.617854	0	0
778.667859	0	0
778.717864	0	0
778.767869	0	0
778.817874	0	0
778.867879	0	0
778.917884	0	0
778.967889	0	0
779.017894	0	0
779.067899	0	0
779.117904	0	0
779.167909	0	0
779.217914	0	0
779.267919	0	0
779.317924	0	0
779.367929	0	0
779.417934	0	0
779.467939	0	0
779.517944	0	0
779.567949	0	0
779.617954	0	0
779.667959	0	0
779.717964	0	0
779.767969	0	0
779.817974	0	0
779.867979	0	0
779.917984	0	0
779.967989	0	0
780.017994	0	0
780.067999	0	0
780.118004	0	0
780.168009	0	0
780.218014	0	0
780.268019	0	0
780.318024	0	0
780.368029	0	0
780.418034	0	0
780.468039	0	0
780.518044	0	0
780.568049	0	0
780.618054	0	0
780.668059	0	0
780.718064	0	0
780.768069	0	0
780.818074	0	0
780.868079	0	0
780.918084	0	0
780.968089	0	0
781.018094	0	0
781.068099	0	0
781.118104	0	0
781.168109	0	0
781.218114	0	0
781.268119	0	0
781.318124	0	0
781.368129	0	0
781.418134	0	0
781.468139	0	0
781.518144	0	0
781.568149	0	0
781.618154	0	0
781.668159	0	0
781.717164	0	0
781.767169	0	0
781.817174	0	0
781.867179	0	0
781.917184	0	0
781.967189	0	0
782.017194	0	0
782.067199	0	0
782.117204	0	0
782.167209	0	0
782.217214	0	0
782.267219	0	0
782.317224	0	0
782.367229	0	0
782.417234	0	0
782.467239	0	0
782.517244	0	0
782.567249	0	0
782.617254	0	0
782.667259	0	0
782.717264	0	0
782.767269	0	0
782.817274	0	0
782.867279	0	0
782.917284	0	0
782.967289	0	0
783.017294	0	0
783.067299	0	0
783.117304	0	0
783.167309	0	0
783.217314	0	0
783.267319	0	0
783.317324	0	0
783.367329	0	0
783.417334	0	0
783.467339	0	0
783.517344	0	0
783.567349	0	0
783.617354	0	0
783.667359	0	0
783.717364	0	0
783.767369	0	0
783.817374	0	0
783.867379	0	0
783.917384	0	0
783.967389	0	0
784.017394	0	0
784.067399	0	0
784.117404	0	0
784.167409	0	0
784.217414	0	0
784.267419	0	0
784.317424	0	0
784.367429	0	0
784.417434	0	0
784.467439	0	0
784.517444	0	0
784.567449	0	0
784.617454	0	0
784.667459	0	0
784.717464	0	0
784.767469	0	0
784.817474	0	0
784.867479	0	0
784.917484	0	0
784.967489	0	0
785.017494	0	0
785.067499	0	0
785.117504	0	0
785.167509	0	0
785.217514	0	0
785.267519	0	0
785.317524	0	0
785.367529	0	0
785.417534	0	0
785.467539	0	0
785.517544	0	0
785.567549	0	0
785.617554	0	0
785.667559	0	0
785.717564	0	0
785.767569	0	0
785.817574	0	0
785.867579	0	0
785.917584	0	0
785.967589	0	0
786.017594	0	0
786.067599	0	0
786.117604	0	0
786.167609	0	0
786.217614	0	0
786.267619	0	0
786.317624	0	0
786.367629	0	0
786.417634	0	0
786.467639	0	0
786.517644	0	0
786.567649	0	0
786.617654	0	0
786.667659	0	0
786.717664	0	0
786.767669	0	0
786.817674	0	0
786.867679	0	0
786.917684	0	0
786.967689	0	0
787.017694	0	0
787.067699	0	0
787.117704	0	0
787.167709	0	0
787.217714	0	0
787.267719	0	0
787.317724	0	0
787.367729	0	0
787.417734	0	0
787.467739	0	0
787.517744	0	0
787.567749	0	0
787.617754	0	0
787.667759	0	0
787.717764	0	0
787.767769	0	0
787.817774	0	0
787.867779	0	0
787.917784	0	0
787.967789	0	0
788.017794	0	0
788.067799	0	0
788.117804	0	0
788.167809	0	0
788.217814	0	0
788.267819	0	0
788.317824	0	0
788.367829	0	0
788.417834	0	0
788.467839	0	0
788.517844	0	0
788.567849	0	0
788.617854	0	0
788.667859	0	0
788.717864	0	0
788.767869	0	0
788.817874	0	0
788.867879	0	0
788.917884	0	0
788.967889	0	0
789.017894	0	0
789.067899	0	0
789.117904	0	0
789.167909	0	0
789.217914	0	0
789.267919	0	0
789.317924	0	0
789.367929	0	0
789.417934	0	0
789.467939	0	0
789.517944	0	0
789.567949	0	0
789.617954	0	0
789.667959	0	0
789.717964	0	0
789.767969	0	0
789.817974	0	0
789.867979	0	0
789.917984	0	0
789.967989	0	0
790.017994	0	0
790.067999	0	0
790.118004	0	0
790.168009	0	0
790.218014	0	0
790.268019	0	0
790.318024	0	0
790.368029	0	0
790.418034	0	0
790.468039	0	0
790.518044	0	0
790.568049	0	0
790.618054	0	0
790.668059	0	0
790.718064	0	0
790.768069	0	0
790.818074	0	0
790.868079	0	0
790.918084	0	0
790.968089	0	0
791.018094	0	0
791.068099	0	0
791.118104	0	0
791.168109	0	0
791.218114	0	0
791.268119	0	0
791.318124	0	0
791.368129	0	0
791.418134	0	0
791.468139	0	0
791.518144	0	0
791.568149	0	0
791.618154	0	0
791.668159	0	0
791.718164	0	0
791.768169	0	0
791.818174	0	0
791.868179	0	0
791.918184	0	0
791.968189	0	0
792.018194	0	0
792.068199	0	0
792.118204	0	0
792.168209	0	0
792.218214	0	0
792.268219	0	0
792.318224	0	0
792.368229	0	0
792.418234	0	0
792.468239	0	0
792.518244	0	0
792.568249	0	0
792.618254	0	0
792.668259	0	0
792.718264	0	0
792.768269	0	0
792.818274	0	0
792.868279	0	0
792.918284	0	0
792.968289	0	0
793.018294	0	0
793.068299	0	0
793.118304	0	0
793.168309	0	0
793.218314	0	0
793.268319	0	0
793.318324	0	0
793.368329	0	0
793.418334	0	0
793.468339	0	0
793.518344	0	0
793.568349	0	0
793.618354	0	0
793.668359	0	0
793.718364	0	0
793.768369	0	0
793.818374	0	0
793.868379	0	0
793.918384	0	0
793.968389	0	0
794.018394	0	0
794.068399	0	0
794.118404	0	0
794.168409	0	0
794.218414	0	0
794.268419	0	0
794.318424	0	0
794.368429	0	0
794.418434	0	0
794.468439	0	0
794.518444	0	0
794.568449	0	0
794.618454	0	0
794.668459	0	0
794.718464	0	0
794.768469	0	0
794.818474	0	0
794.868479	0	0
794.918484	0	0
794.968489	0	0
795.018494	0	0
795.068499	0	0
795.118504	0	0
795.168509	0	0
795.218514	0	0
795.268519	0	0
795.318524	0	0
795.368529	0	0
795.418534	0	0
795.468539	0	0
795.518544	0	0
795.568549	0	0
795.618554	0	0
795.668559	0	0
795.718564	0	0
795.768569	0	0
795.818574	0	0
795.868579	0	0
795.918584	0	0
795.968589	0	0
796.018594	0	0
796.068599	0	0
796.118604	0	0
796.168609	0	0
796.218614	0	0
796.268619	0	0
796.318624	0	0
796.368629	0	0
796.418634	0	0
796.468639	0	0
796.518644	0	0
796.569649	0	0
796.618654	0	0
796.668659	0	0
796.718664	0	0
796.768669	0	0
796.818674	0	0
796.868679	0	0
796.918684	0	0
796.968689	0	0
797.018694	0	0
797.068699	0	0
797.118704	0	0
797.168709	0	0
797.218714	0	0
797.268719	0	0
797.318724	0	0
797.368729	0	0
797.418734	0	0
797.468739	0	0
797.518744	0	0
797.568749	0	0
797.618754	0	0
797.668759	0	0
797.718764	0	0
797.768769	0	0
797.818774	0	0
797.868779	0	0
797.918784	0	0
797.968789	0	0
798.018794	0	0
798.068799	0	0
798.118804	0	0
798.168809	0	0
798.218814	0	0
798.268819	0	0
798.318824	0	0
798.368829	0	0
798.418834	0	0
798.468839	0	0
798.518844	0	0
798.568849	0	0
798.618854	0	0
798.668859	0	0
798.718864	0	0
798.768869	0	0
798.818874	0	0
798.868879	0	0
798.918884	0	0
798.968889	0	0
799.018894	0	0
799.068899	0	0
799.118904	0	0
799.168909	0	0
799.217914	0	0
799.267919	0	0
799.317924	0	0
799.367929	0	0
799.417934	0	0
799.467939	0	0
799.517944	0	0
799.567949	0	0
799.617954	0	0
799.667959	0	0
799.717964	0	0
799.767969	0	0
799.817974	0	0
799.867979	0	0
799.917984	0	0
799.967989	0	0
800.017994	0	0
800.067999	0	0
800.118004	0	0
800.168009	0	0
800.218014	0	0
800.268019	0	0
800.318024	0	0
800.368029	0	0
800.418034	0	0
800.468039	0	0
800.518044	0	0
800.568049	0	0
800.618054	0	0
800.668059	0	0
800.718064	0	0
800.768069	0	0
800.818074	0	0
800.868079	0	0
800.918084	0	0
800.968089	0	0
801.018094	0	0
801.068099	0	0
801.118104	0	0
801.168109	0	0
801.218114	0	0
801.268119	0	0
801.318124	0	0
801.368129	0	0
801.418134	0	0
801.468139	0	0
801.518144	0	0
801.568149	0	0
801.618154	0	0
801.668159	0	0
801.718164	0	0
801.768169	0	0
801.818174	0	0
801.868179	0	0
801.918184	0	0
801.968189	0	0
802.018194	0	0
802.068199	0	0
802.118204	0	0
802.168209	0	0
802.218214	0	0
802.268219	0	0
802.318224	0	0
802.368229	0	0
802.418234	0	0
802.468239	0	0
802.518244	0	0
802.568249	0	0
802.618254	0	0
802.668259	0	0
802.718264	0	0
802.768269	0	0
802.818274	0	0
802.868279	0	0
802.918284	0	0
802.968289	0	0
803.018294	0	0
803.068299	0	0
803.118304	0	0
803.168309	0	0
803.218314	0	0
803.268319	0	0
803.318324	0	0
803.368329	0	0
803.418334	0	0
803.468339	0	0
803.518344	0	0
803.568349	0	0
803.618354	0	0
803.668359	0	0
803.718364	0	0
803.768369	0	0
803.818374	0	0
803.868379	0	0
803.918384	0	0
803.968389	0	0
804.018394	0	0
804.068399	0	0
804.118404	0	0
804.168409	0	0
804.218414	0	0
804.268419	0	0
804.318424	0	0
804.368429	0	0
804.418434	0	0
804.468439	0	0
804.518444	0	0
804.568449	0	0
804.618454	0	0
804.668459	0	0
804.718464	0	0
804.768469	0	0
804.818474	0	0
804.868479	0	0
804.918484	0	0
804.968489	0	0
805.018494	0	0
805.068499	0	0
805.118504	0	0
805.168509	0	0
805.218514	0	0
805.268519	0	0
805.318524	0	0
805.368529	0	0
805.418534	0	0
805.468539	0	0
805.518544	0	0
805.568549	0	0
805.618554	0	0
805.668559	0	0
805.718564	0	0
805.768569	0	0
805.818574	0	0
805.868579	0	0
805.918584	0	0
805.968589	0	0
806.018594	0	0
806.068599	0	0
806.118604	0	0
806.168609	0	0
806.218614	0	0
806.268619	0	0
806.318624	0	0
806.368629	0	0
806.418634	0	0
806.468639	0	0
806.518644	0	0
806.568649	0	0
806.618654	0	0
806.668659	0	0
806.718664	0	0
806.768669	0	0
806.818674	0	0
806.868679	0	0
806.918684	0	0
806.968689	0	0
807.018694	0	0
807.068699	0	0
807.118704	0	0
807.168709	0	0
807.218714	0	0
807.268719	0	0
807.318724	0	0
807.368729	0	0
807.418734	0	0
807.468739	0	0
807.518744	0	0
807.568749	0	0
807.618754	0	0
807.668759	0	0
807.718764	0	0
807.768769	0	0
807.818774	0	0
807.868779	0	0
807.918784	0	0
807.968789	0	0
808.018794	0	0
808.068799	0	0
808.118804	0	0
808.168809	0	0
808.218814	0	0
808.268819	0	0
808.318824	0	0
808.368829	0	0
808.418834	0	0
808.468839	0	0
808.518844	0	0
808.568849	0	0
808.618854	0	0
808.668859	0	0
808.718864	0	0
808.768869	0	0
808.818874	0	0
808.868879	0	0
808.918884	0	0
808.968889	0	0
809.018894	0	0
809.068899	0	0
809.118904	0	0
809.168909	0	0
809.218914	0	0
809.268919	0	0
809.318924	0	0
809.368929	0	0
809.418934	0	0
809.468939	0	0
809.518944	0	0
809.568949	0	0
809.618954	0	0
809.668959	0	0
809.718964	0	0
809.768969	0	0
809.818974	0	0
809.868979	0	0
809.918984	0	0
809.968989	0	0
810.018994	0	0
810.068999	0	0
810.119004	0	0
810.169009	0	0
810.219014	0	0
810.269019	0	0
810.319024	0	0
810.369029	0	0
810.419034	0	0
810.469039	0	0
810.519044	0	0
810.569049	0	0
810.619054	0	0
810.669059	0	0
810.719064	0	0
810.769069	0	0
810.819074	0	0
810.869079	0	0
810.919084	0	0
810.969089	0	0
811.019094	0	0
811.070099	0	0
811.119104	0	0
811.169109	0	0
811.219114	0	0
811.269119	0	0
811.319124	0	0
811.369129	0	0
811.419134	0	0
811.469139	0	0
811.519144	0	0
811.572149	0	0
811.619154	0	0
811.669159	0	0
811.719164	0	0
811.769169	0	0
811.819174	0	0
811.869179	0	0
811.919184	0	0
811.969189	0	0
812.019194	0	0
812.072199	0	0
812.119204	0	0
812.169209	0	0
812.219214	0	0
812.269219	0	0
812.319224	0	0
812.369229	0	0
812.419234	0	0
812.469239	0	0
812.519244	0	0
812.572249	0	0
812.619254	0	0
812.669259	0	0
812.719264	0	0
812.769269	0	0
812.819274	0	0
812.869279	0	0
812.919284	0	0
812.969289	0	0
813.019294	0	0
813.070299	0	0
813.119304	0	0
813.169309	0	0
813.219314	0	0
813.269319	0	0
813.319324	0	0
813.369329	0	0
813.419334	0	0
813.469339	0	0
813.519344	0	0
813.570349	0	0
813.619354	0	0
813.669359	0	0
813.719364	0	0
813.769369	0	0
813.819374	0	0
813.869379	0	0
813.919384	0	0
813.969389	0	0
814.019394	0	0
814.070399	0	0
814.119404	0	0
814.169409	0	0
814.219414	0	0
814.269419	0	0
814.319424	0	0
814.369429	0	0
814.419434	0	0
814.469439	0	0
814.519444	0	0
814.570449	0	0
814.619454	0	0
814.669459	0	0
814.719464	0	0
814.769469	0	0
814.819474	0	0
814.869479	0	0
814.919484	0	0
814.969489	0	0
815.019494	0	0
815.070499	0	0
815.119504	0	0
815.169509	0	0
815.219514	0	0
815.269519	0	0
815.319524	0	0
815.369529	0	0
815.419534	0	0
815.469539	0	0
815.519544	0	0
815.570549	0	0
815.619554	0	0
815.669559	0	0
815.719564	0	0
815.769569	0	0
815.819574	0	0
815.869579	0	0
815.919584	0	0
815.969589	0	0
816.019594	0	0
816.069599	0	0
816.119604	0	0
816.169609	0	0
816.219614	0	0
816.269619	0	0
816.319624	0	0
816.369629	0	0
816.419634	0	0
816.469639	0	0
816.519644	0	0
816.569649	0	0
816.619654	0	0
816.669659	0	0
816.718664	0	0
816.768669	0	0
816.818674	0	0
816.868679	0	0
816.918684	0	0
816.968688	0	0
817.018693	0	0
817.069699	0	0
817.118704	0	0
817.168709	0	0
817.218714	0	0
817.268719	0	0
817.318724	0	0
817.368729	0	0
817.418734	0	0
817.468739	0	0
817.518744	0	0
817.569749	0	0
817.618753	0	0
817.668759	0	0
817.718764	0	0
817.768769	0	0
817.818774	0	0
817.868779	0	0
817.918784	0	0
817.968789	0	0
818.018794	0	0
818.068799	0	0
818.118804	0	0
818.168808	0	0
818.218814	0	0
818.268819	0	0
818.318824	0	0
818.368829	0	0
818.418834	0	0
818.468839	0	0
818.518844	0	0
818.568849	0	0
818.618854	0	0
818.668859	0	0
818.718863	0	0
818.768868	0	0
818.818874	0	0
818.868879	0	0
818.918884	0	0
818.968889	0	0
819.018894	0	0
819.068899	0	0
819.118904	0	0
819.168909	0	0
819.218914	0	0
819.268919	0	0
819.318923	0	0
819.368928	0	0
819.418934	0	0
819.468939	0	0
819.518944	0	0
819.568949	0	0
819.618954	0	0
819.668959	0	0
819.718964	0	0
819.768969	0	0
819.818974	0	0
819.868979	0	0
819.918983	0	0
819.968989	0	0
820.018994	0	0
820.068999	0	0
820.119004	0	0
820.169009	0	0
820.219014	0	0
820.269019	0	0
820.319024	0	0
820.369029	0	0
820.419034	0	0
820.469038	0	0
820.519043	0	0
820.569049	0	0
820.619054	0	0
820.669059	0	0
820.719064	0	0
820.769069	0	0
820.819074	0	0
820.869079	0	0
820.919084	0	0
820.969089	0	0
821.019094	0	0
821.069098	0	0
821.119103	0	0
821.169109	0	0
821.219114	0	0
821.269119	0	0
821.319124	0	0
821.369129	0	0
821.419134	0	0
821.469139	0	0
821.519144	0	0
821.569149	0	0
821.619153	0	0
821.669158	0	0
821.719164	0	0
821.769169	0	0
821.819174	0	0
821.869179	0	0
821.919184	0	0
821.969189	0	0
822.019194	0	0
822.069199	0	0
822.119204	0	0
822.169209	0	0
822.219213	0	0
822.269218	0	0
822.319224	0	0
822.369229	0	0
822.419234	0	0
822.469239	0	0
822.519244	0	0
822.569249	0	0
822.619254	0	0
822.669259	0	0
822.719264	0	0
822.769269	0	0
822.819273	0	0
822.869278	0	0
822.919284	0	0
822.969289	0	0
823.019294	0	0
823.069299	0	0
823.119304	0	0
823.169309	0	0
823.219314	0	0
823.269319	0	0
823.319324	0	0
823.369328	0	0
823.419333	0	0
823.469339	0	0
823.519344	0	0
823.569349	0	0
823.619354	0	0
823.669359	0	0
823.719364	0	0
823.769369	0	0
823.819374	0	0
823.869379	0	0
823.919384	0	0
823.969388	0	0
824.019393	0	0
824.069399	0	0
824.119404	0	0
824.169409	0	0
824.219414	0	0
824.269419	0	0
824.319424	0	0
824.369429	0	0
824.419434	0	0
824.469439	0	0
824.519444	0	0
824.569448	0	0
824.619454	0	0
824.669459	0	0
824.719464	0	0
824.769469	0	0
824.819474	0	0
824.869479	0	0
824.919484	0	0
824.969489	0	0
825.019494	0	0
825.069499	0	0
825.119503	0	0
825.169508	0	0
825.219514	0	0
825.269519	0	0
825.319524	0	0
825.369529	0	0
825.419534	0	0
825.469539	0	0
825.519544	0	0
825.569549	0	0
825.619554	0	0
825.669559	0	0
825.719563	0	0
825.769568	0	0
825.819574	0	0
825.869579	0	0
825.919584	0	0
825.969589	0	0
826.019594	0	0
826.069599	0	0
826.119604	0	0
826.169609	0	0
826.219614	0	0
826.269619	0	0
826.319623	0	0
826.369629	0	0
826.419634	0	0
826.469639	0	0
826.519644	0	0
826.569649	0	0
826.619654	0	0
826.669659	0	0
826.719664	0	0
826.769669	0	0
826.819674	0	0
826.869678	0	0
826.919683	0	0
826.969689	0	0
827.019694	0	0
827.069699	0	0
827.119704	0	0
827.169709	0	0
827.219714	0	0
827.269719	0	0
827.319724	0	0
827.369729	0	0
827.419734	0	0
827.469738	0	0
827.519743	0	0
827.569749	0	0
827.619754	0	0
827.669759	0	0
827.719764	0	0
827.769769	0	0
827.819774	0	0
827.869779	0	0
827.919784	0	0
827.969789	0	0
828.019794	0	0
828.069798	0	0
828.119804	0	0
828.169809	0	0
828.219814	0	0
828.269819	0	0
828.319824	0	0
828.369829	0	0
828.419834	0	0
828.469839	0	0
828.519844	0	0
828.569849	0	0
828.619853	0	0
828.669858	0	0
828.719864	0	0
828.769869	0	0
828.819874	0	0
828.869879	0	0
828.919884	0	0
828.969889	0	0
829.019894	0	0
829.069899	0	0
829.119904	0	0
829.169909	0	0
829.219913	0	0
829.269918	0	0
829.319924	0	0
829.369929	0	0
829.419934	0	0
829.469939	0	0
829.519944	0	0
829.569949	0	0
829.619954	0	0
829.669959	0	0
829.719964	0	0
829.769969	0	0
829.819973	0	0
829.869979	0	0
829.919984	0	0
829.969989	0	0
830.019994	0	0
830.069999	0	0
830.120004	0	0
830.170009	0	0
830.220014	0	0
830.270019	0	0
830.320024	0	0
830.370028	0	0
830.420033	0	0
830.470039	0	0
830.520044	0	0
830.570049	0	0
830.620054	0	0
830.670059	0	0
830.720064	0	0
830.770069	0	0
830.820074	0	0
830.870079	0	0
830.920084	0	0
830.970088	0	0
831.020093	0	0
831.070099	0	0
831.120104	0	0
831.170109	0	0
831.220114	0	0
831.270119	0	0
831.320124	0	0
831.370129	0	0
831.420134	0	0
831.470139	0	0
831.520144	0	0
831.570148	0	0
831.620154	0	0
831.670159	0	0
831.720164	0	0
831.770169	0	0
831.820174	0	0
831.870179	0	0
831.920184	0	0
831.970189	0	0
832.020194	0	0
832.070199	0	0
832.120203	0	0
832.170208	0	0
832.220214	0	0
832.270219	0	0
832.320224	0	0
832.370229	0	0
832.420234	0	0
832.470239	0	0
832.520244	0	0
832.570249	0	0
832.620254	0	0
832.670259	0	0
832.720263	0	0
832.770268	0	0
832.820274	0	0
832.870279	0	0
832.920284	0	0
832.970289	0	0
833.020294	0	0
833.070299	0	0
833.120304	0	0
833.170309	0	0
833.220314	0	0
833.270319	0	0
833.320323	0	0
833.370329	0	0
833.420334	0	0
833.470339	0	0
833.520344	0	0
833.570349	0	0
833.620354	0	0
833.670359	0	0
833.720364	0	0
833.770369	0	0
833.820374	0	0
833.870378	0	0
833.920383	0	0
833.970389	0	0
834.020394	0	0
834.070399	0	0
834.120404	0	0
834.169409	0	0
834.219414	0	0
834.269419	0	0
834.319424	0	0
834.369429	0	0
834.419434	0	0
834.469439	0	0
834.519444	0	0
834.569448	0	0
834.619453	0	0
834.669458	0	0
834.719463	0	0
834.769469	0	0
834.819474	0	0
834.869479	0	0
834.919484	0	0
834.969489	0	0
835.019494	0	0
835.069499	0	0
835.119503	0	0
835.169508	0	0
835.219513	0	0
835.269518	0	0
835.319523	0	0
835.369529	0	0
835.419534	0	0
835.469539	0	0
835.519544	0	0
835.569549	0	0
835.619554	0	0
835.669559	0	0
835.719563	0	0
835.769568	0	0
835.819573	0	0
835.869578	0	0
835.919584	0	0
835.969589	0	0
836.019594	0	0
836.069599	0	0
836.119604	0	0
836.169609	0	0
836.219614	0	0
836.269619	0	0
836.319623	0	0
836.369628	0	0
836.419633	0	0
836.469638	0	0
836.519644	0	0
836.569649	0	0
836.619654	0	0
836.669659	0	0
836.719664	0	0
836.769669	0	0
836.819674	0	0
836.869678	0	0
836.919683	0	0
836.969688	0	0
837.019693	0	0
837.069698	0	0
837.119704	0	0
837.169709	0	0
837.219714	0	0
837.269719	0	0
837.319724	0	0
837.369729	0	0
837.419734	0	0
837.469738	0	0
837.519743	0	0
837.569748	0	0
837.619753	0	0
837.669759	0	0
837.719764	0	0
837.769769	0	0
837.819774	0	0
837.869779	0	0
837.919784	0	0
837.969789	0	0
838.019794	0	0
838.069798	0	0
838.119803	0	0
838.169808	0	0
838.219813	0	0
838.269819	0	0
838.319824	0	0
838.369829	0	0
838.419834	0	0
838.469839	0	0
838.519844	0	0
838.569849	0	0
838.619853	0	0
838.669858	0	0
838.719863	0	0
838.769868	0	0
838.819873	0	0
838.869879	0	0
838.919884	0	0
838.969889	0	0
839.019894	0	0
839.069899	0	0
839.119904	0	0
839.169909	0	0
839.219913	0	0
839.269918	0	0
839.319923	0	0
839.369928	0	0
839.419934	0	0
839.469939	0	0
839.519944	0	0
839.569949	0	0
839.619954	0	0
839.669959	0	0
839.719964	0	0
839.769969	0	0
839.819973	0	0
839.869978	0	0
839.919983	0	0
839.969988	0	0
840.019994	0	0
840.069999	0	0
840.120004	0	0
840.170009	0	0
840.220014	0	0
840.270019	0	0
840.320024	0	0
840.370028	0	0
840.420033	0	0
840.470038	0	0
840.520043	0	0
840.570048	0	0
840.620054	0	0
840.670059	0	0
840.720064	0	0
840.770069	0	0
840.820074	0	0
840.870079	0	0
840.920084	0	0
840.970088	0	0
841.020093	0	0
841.070098	0	0
841.120103	0	0
841.170109	0	0
841.220114	0	0
841.270119	0	0
841.320124	0	0
841.370129	0	0
841.420134	0	0
841.470139	0	0
841.520144	0	0
841.570148	0	0
841.620153	0	0
841.670158	0	0
841.720163	0	0
841.770169	0	0
841.820174	0	0
841.870179	0	0
841.920184	0	0
841.970189	0	0
842.020194	0	0
842.070199	0	0
842.120203	0	0
842.170208	0	0
842.220213	0	0
842.270218	0	0
842.320223	0	0
842.370229	0	0
842.420234	0	0
842.470239	0	0
842.520244	0	0
842.570249	0	0
842.620254	0	0
842.670259	0	0
842.720263	0	0
842.770268	0	0
842.820273	0	0
842.870278	0	0
842.920284	0	0
842.970289	0	0
843.020294	0	0
843.070299	0	0
843.120304	0	0
843.170309	0	0
843.220314	0	0
843.270319	0	0
843.320323	0	0
843.370328	0	0
843.420333	0	0
843.470338	0	0
843.520344	0	0
843.570349	0	0
843.620354	0	0
843.670359	0	0
843.720364	0	0
843.770369	0	0
843.820374	0	0
843.870378	0	0
843.920383	0	0
843.970388	0	0
844.020393	0	0
844.070399	0	0
844.120404	0	0
844.170409	0	0
844.220414	0	0
844.270419	0	0
844.320424	0	0
844.370429	0	0
844.420434	0	0
844.470438	0	0
844.520443	0	0
844.570448	0	0
844.620453	0	0
844.670459	0	0
844.720464	0	0
844.770469	0	0
844.820474	0	0
844.870479	0	0
844.920484	0	0
844.970489	0	0
845.020494	0	0
845.070498	0	0
845.120503	0	0
845.170508	0	0
845.220513	0	0
845.270519	0	0
845.320524	0	0
845.370529	0	0
845.420534	0	0
845.470539	0	0
845.520544	0	0
845.570549	0	0
845.620553	0	0
845.670558	0	0
845.720563	0	0
845.770568	0	0
845.820574	0	0
845.870579	0	0
845.920584	0	0
845.970589	0	0
846.020594	0	0
846.070599	0	0
846.120604	0	0
846.170609	0	0
846.220613	0	0
846.270618	0	0
846.320623	0	0
846.370628	0	0
846.420634	0	0
846.470639	0	0
846.520644	0	0
846.570649	0	0
846.620654	0	0
846.670659	0	0
846.720664	0	0
846.770669	0	0
846.820673	0	0
846.870678	0	0
846.920683	0	0
846.970688	0	0
847.020694	0	0
847.070699	0	0
847.120704	0	0
847.170709	0	0
847.220714	0	0
847.270719	0	0
847.320724	0	0
847.370728	0	0
847.420733	0	0
847.470738	0	0
847.520743	0	0
847.570749	0	0
847.620754	0	0
847.670759	0	0
847.720764	0	0
847.770769	0	0
847.820774	0	0
847.870779	0	0
847.920784	0	0
847.970788	0	0
848.020793	0	0
848.070798	0	0
848.120803	0	0
848.170809	0	0
848.220814	0	0
848.270819	0	0
848.320824	0	0
848.370829	0	0
848.420834	0	0
848.470839	0	0
848.520844	0	0
848.570848	0	0
848.620853	0	0
848.670858	0	0
848.720863	0	0
848.770869	0	0
848.820874	0	0
848.870879	0	0
848.920884	0	0
848.970889	0	0
849.020894	0	0
849.070899	0	0
849.120903	0	0
849.170908	0	0
849.220913	0	0
849.270918	0	0
849.320924	0	0
849.370929	0	0
849.420934	0	0
849.470939	0	0
849.520944	0	0
849.570949	0	0
849.620954	0	0
849.670959	0	0
849.720963	0	0
849.770968	0	0
849.820973	0	0
849.870978	0	0
849.920984	0	0
849.970989	0	0
850.020994	0	0
850.070999	0	0
850.121004	0	0
850.171009	0	0
850.221014	0	0
850.271019	0	0
850.321023	0	0
850.371028	0	0
850.421033	0	0
850.471038	0	0
850.521044	0	0
850.571049	0	0
850.621054	0	0
850.671059	0	0
850.721064	0	0
850.771069	0	0
850.821074	0	0
850.871078	0	0
850.921083	0	0
850.971088	0	0
851.021093	0	0
851.071099	0	0
851.121104	0	0
851.171109	0	0
851.221114	0	0
851.271119	0	0
851.321124	0	0
851.371129	0	0
851.421134	0	0
851.471138	0	0
851.521143	0	0
851.571148	0	0
851.621153	0	0
851.670158	0	0
851.720163	0	0
851.770168	0	0
851.820173	0	0
851.870179	0	0
851.920184	0	0
851.970189	0	0
852.020194	0	0
852.070199	0	0
852.120203	0	0
852.170208	0	0
852.220213	0	0
852.270218	0	0
852.320223	0	0
852.370228	0	0
852.420233	0	0
852.470239	0	0
852.520244	0	0
852.570249	0	0
852.620254	0	0
852.670259	0	0
852.720263	0	0
852.770268	0	0
852.820273	0	0
852.870278	0	0
852.920283	0	0
852.970288	0	0
853.020293	0	0
853.070299	0	0
853.120304	0	0
853.170309	0	0
853.220314	0	0
853.270319	0	0
853.320323	0	0
853.370328	0	0
853.420333	0	0
853.470338	0	0
853.520343	0	0
853.570348	0	0
853.620354	0	0
853.670359	0	0
853.720364	0	0
853.770369	0	0
853.820374	0	0
853.870378	0	0
853.920383	0	0
853.970388	0	0
854.020393	0	0
854.070398	0	0
854.120403	0	0
854.170408	0	0
854.220414	0	0
854.270419	0	0
854.320424	0	0
854.370429	0	0
854.420434	0	0
854.470438	0	0
854.520443	0	0
854.570448	0	0
854.620453	0	0
854.670458	0	0
854.720463	0	0
854.770468	0	0
854.820474	0	0
854.870479	0	0
854.920484	0	0
854.970489	0	0
855.020494	0	0
855.070498	0	0
855.120503	0	0
855.170508	0	0
855.220513	0	0
855.270518	0	0
855.320523	0	0
855.370529	0	0
855.420534	0	0
855.470539	0	0
855.520544	0	0
855.570549	0	0
855.620553	0	0
855.670558	0	0
855.720563	0	0
855.770568	0	0
855.820573	0	0
855.870578	0	0
855.920583	0	0
855.970589	0	0
856.020594	0	0
856.070599	0	0
856.120604	0	0
856.170609	0	0
856.220613	0	0
856.270618	0	0
856.320623	0	0
856.370628	0	0
856.420633	0	0
856.470638	0	0
856.520643	0	0
856.570649	0	0
856.620654	0	0
856.670659	0	0
856.720664	0	0
856.770669	0	0
856.820673	0	0
856.870678	0	0
856.920683	0	0
856.970688	0	0
857.020693	0	0
857.070698	0	0
857.120704	0	0
857.170709	0	0
857.220714	0	0
857.270719	0	0
857.320724	0	0
857.370728	0	0
857.420733	0	0
857.470738	0	0
857.520743	0	0
857.570748	0	0
857.620753	0	0
857.670758	0	0
857.720764	0	0
857.770769	0	0
857.820774	0	0
857.870779	0	0
857.920784	0	0
857.970788	0	0
858.020793	0	0
858.070798	0	0
858.120803	0	0
858.170808	0	0
858.220813	0	0
858.270818	0	0
858.320824	0	0
858.370829	0	0
858.420834	0	0
858.470839	0	0
858.520844	0	0
858.570848	0	0
858.620853	0	0
858.670858	0	0
858.720863	0	0
858.770868	0	0
858.820873	0	0
858.870879	0	0
858.920884	0	-13
858.970889	0	-137
859.020894	0	-361
859.070899	0	-405
859.120903	0	-441
859.170908	0	-449
859.220913	0	-521
859.270918	0	-569
859.320923	0	-781
859.370928	0	-989
859.420933	0	-1105
859.470939	0	-1165
859.520944	0	-1165
859.570949	0	-1273
859.620954	0	-1273
859.670959	0	-1425
859.720963	0	-1629
859.770968	-212	-1785
859.820973	-212	-1909
859.870978	-212	-2041
859.920983	-212	-2173
859.970988	-212	-2353
860.020993	-212	-2541
860.070999	-212	-2757
860.121004	-212	-2981
860.171009	-212	-3301
860.221014	-212	-3629
860.271019	-212	-3881
860.321023	-212	-4185
860.371028	-280	-4477
860.421033	-504	-4605
860.471038	-760	-4661
860.521043	-1092	-4789
860.571048	-1500	-5121
860.621054	-2016	-5201
860.671059	-2268	-5309
860.721064	-2280	-5570
860.771069	-2304	-5730
860.821074	-2356	-5846
860.871078	-2356	-5998
860.921083	-2356	-6078
860.971088	-2356	-6318
861.021093	-2356	-6510
861.071098	-2356	-6698
861.121103	-2356	-6954
861.171108	-2356	-7194
861.221114	-2356	-7194
861.271119	-2356	-7194
861.321124	-2356	-7194
861.371129	-2316	-7194
861.421134	-2208	-7194
861.471138	-2196	-7194
861.521143	-2120	-7194
861.571148	-2120	-7194
861.621153	-2072	-7194
861.671158	-2072	-7194
861.721163	-2072	-7194
861.771168	-2072	-7194
861.821174	-2072	-7194
861.871179	-2072	-7194
861.921184	-2072	-7194
861.971189	-2072	-7194
862.021194	-2072	-7194
862.071198	-2072	-7194
862.121203	-2060	-7194
862.171208	-1836	-7186
862.221213	-1612	-7074
862.271218	-1428	-6958
862.321223	-1148	-6902
862.371229	-1132	-6902
862.421234	-1056	-6902
862.471239	-900	-6902
862.521244	-576	-7162
862.571249	-296	-7454
862.621253	-92	-7554
862.671258	-68	-7594
862.721263	-68	-7594
862.771268	-68	-7594
862.821273	-68	-7594
862.871278	-68	-7642
862.921283	-68	-7782
862.971289	-68	-7950
863.021294	-68	-8054
863.071299	-68	-8102
863.121304	-68	-8102
863.171309	-68	-8102
863.221313	-68	-8102
863.271318	-68	-8102
863.321323	-68	-8102
863.371328	-68	-8102
863.421333	-68	-8102
863.471338	-68	-8102
863.521343	-68	-8102
863.571349	-68	-8102
863.621354	-68	-8146
863.671359	-68	-8214
863.721364	-68	-8282
863.771369	-68	-8338
863.821373	-68	-8378
863.871378	-68	-8466
863.921383	-68	-8510
863.971388	-64	-8546
864.021393	-64	-8594
864.071398	-52	-8598
864.121404	-52	-8606
864.171409	-28	-8606
864.221414	-28	-8606
864.271419	-28	-8606
864.321424	-20	-8606
864.371428	-20	-8606
864.421433	-20	-8606
864.471438	-20	-8606
864.521443	-20	-8606
864.571448	-20	-8606
864.621453	-20	-8606
864.671458	-20	-8606
864.721464	-20	-8606
864.771469	-20	-8606
864.821474	-20	-8606
864.871479	-20	-8606
864.921484	-20	-8606
864.971488	-20	-8606
865.021493	-20	-8606
865.071498	-20	-8606
865.121503	-20	-8606
865.171508	-20	-8606
865.221513	-20	-8606
865.271519	-20	-8606
865.321524	-20	-8606
865.371529	-20	-8606
865.421534	-20	-8606
865.471539	-20	-8606
865.521544	-20	-8606
865.571548	-20	-8606
865.621553	-20	-8606
865.671558	-20	-8606
865.721563	-20	-8606
865.771568	-20	-8606
865.821573	-20	-8606
865.871579	-20	-8606
865.921584	-20	-8606
865.971589	-20	-8606
866.021594	-20	-8606
866.071599	-20	-8606
866.121603	-20	-8606
866.171608	-20	-8606
866.221613	-20	-8606
866.271618	-20	-8606
866.321623	-20	-8606
866.371628	-20	-8606
866.421633	-20	-8606
866.471639	-20	-8606
866.521644	-20	-8606
866.571649	-20	-8606
866.621654	-20	-8606
866.671659	-20	-8606
866.721663	-20	-8606
866.771668	-20	-8606
866.821673	-20	-8606
866.871678	-20	-8606
866.921683	-20	-8606
866.971688	-20	-8606
867.021694	-20	-8606
867.071699	-20	-8606
867.121704	-20	-8602
867.171709	-20	-8602
867.221714	-20	-8602
867.271719	-20	-8602
867.321723	-20	-8578
867.371728	-20	-8542
867.421733	-20	-8542
867.471738	-20	-8542
867.521743	-20	-8518
867.571748	-20	-8506
867.621754	-20	-8470
867.671759	-20	-8458
867.721764	-20	-8458
867.771769	-20	-8446
867.821774	-20	-8442
867.871778	-20	-8414
867.921783	-20	-8414
867.971788	-20	-8414
868.021793	-20	-8410
868.071798	-20	-8410
868.121803	-20	-8410
868.171808	-20	-8406
868.221814	-20	-8406
868.271819	-20	-8406
868.321824	-20	-8406
868.371829	-20	-8406
868.421834	-20	-8402
868.471838	-20	-8402
868.521843	-20	-8402
868.571848	-20	-8402
868.621853	-20	-8402
868.671858	-20	-8402
868.721863	-20	-8402
868.771869	-20	-8402
868.821874	-20	-8402
868.871879	-20	-8402
868.921884	-20	-8402
868.971889	-20	-8402
869.021894	-20	-8402
869.071898	-20	-8402
869.121903	-20	-8402
869.170908	-20	-8402
869.220913	-20	-8402
869.270918	-20	-8402
869.320923	-20	-8402
869.370928	-20	-8402
869.420933	-20	-8402
869.470938	-20	-8402
869.520943	-20	-8402
869.570949	-20	-8402
869.620954	-20	-8402
869.670959	-20	-8402
869.720963	-20	-8402
869.770968	-20	-8402
869.820973	-20	-8402
869.870978	-20	-8402
869.920983	-20	-8402
869.970988	-20	-8402
870.020993	-20	-8402
870.070998	-20	-8402
870.121003	-20	-8402
870.171009	-20	-8402
870.221014	-20	-8402
870.271019	-20	-8402
870.321023	-20	-8402
870.371028	-20	-8402
870.421033	-20	-8402
870.471038	-20	-8402
870.521043	-20	-8402
870.571048	-20	-8402
870.621053	-20	-8402
870.671058	-20	-8402
870.721063	-20	-8402
870.771069	-20	-8402
870.821074	-20	-8402
870.871078	-20	-8402
870.921083	-20	-8402
870.971088	-20	-8402
871.021093	-20	-8402
871.071098	-20	-8402
871.121103	-20	-8402
871.171108	-20	-8402
871.221113	-20	-8402
871.271118	-20	-8362
871.321124	-116	-8302
871.371129	-284	-8266
871.421134	-432	-8226
871.471138	-576	-8206
871.521143	-656	-8174
871.571148	-708	-8166
871.621153	-764	-8162
871.671158	-764	-8162
871.721163	-764	-8162
871.771168	-776	-8162
871.821173	-780	-8162
871.871178	-784	-8162
871.921184	-784	-8162
871.971189	-788	-8150
872.021194	-788	-8150
872.071198	-796	-8150
872.121203	-796	-8150
872.171208	-796	-8150
872.221213	-796	-8150
872.271218	-796	-8150
872.321223	-796	-8150
872.371228	-796	-8150
872.421233	-796	-8150
872.471238	-796	-8150
872.521244	-796	-8150
872.571249	-796	-8150
872.621253	-796	-8150
872.671258	-796	-8126
872.721263	-796	-8126
872.771268	-796	-8126
872.821273	-796	-8126
872.871278	-796	-8126
872.921283	-796	-8126
872.971288	-796	-8126
873.021293	-796	-8126
873.071299	-796	-8126
873.121304	-796	-8126
873.171309	-796	-8126
873.221313	-796	-8126
873.271318	-796	-8126
873.321323	-796	-8126
873.371328	-796	-8126
873.421333	-796	-8126
873.471338	-796	-8126
873.521343	-796	-8126
873.571348	-796	-8126
873.621353	-796	-8126
873.671359	-796	-8126
873.721364	-796	-8126
873.771369	-796	-8126
873.821373	-796	-8126
873.871378	-796	-8126
873.921383	-796	-8126
873.971388	-796	-8126
874.021393	-796	-8126
874.071398	-796	-8126
874.121403	-796	-8126
874.171408	-796	-8126
874.221413	-796	-8126
874.271419	-796	-8126
874.321424	-796	-8126
874.371428	-796	-8126
874.421433	-804	-8126
874.471438	-804	-8126
874.521443	-804	-8126
874.571448	-804	-8126
874.621453	-804	-8126
874.671458	-804	-8126
874.721463	-812	-8126
874.771468	-812	-8126
874.821474	-812	-8126
874.871479	-812	-8126
874.921484	-812	-8126
874.971488	-812	-8126
875.021493	-812	-8126
875.071498	-812	-8126
875.121503	-812	-8126
875.171508	-812	-8126
875.221513	-812	-8126
875.271518	-812	-8126
875.321523	-812	-8126
875.371528	-812	-8126
875.421534	-812	-8126
875.471539	-812	-8126
875.521544	-812	-8126
875.571548	-812	-8126
875.621553	-812	-8126
875.671558	-812	-8126
875.721563	-812	-8126
875.771568	-812	-8126
875.821573	-812	-8126
875.871578	-812	-8126
875.921583	-812	-8126
875.971588	-812	-8126
876.021594	-812	-8126
876.071599	-812	-8126
876.121603	-812	-8126
876.171608	-812	-8126
876.221613	-812	-8126
876.271618	-812	-8126
876.321623	-812	-8126
876.371628	-812	-8126
876.421633	-812	-8126
876.471638	-812	-8126
876.521643	-812	-8126
876.571649	-812	-8126
876.621654	-812	-8126
876.671659	-812	-8126
876.721663	-812	-8126
876.771668	-812	-8126
876.821673	-812	-8126
876.871678	-812	-8126
876.921683	-812	-8126
876.971688	-812	-8126
877.021693	-812	-8126
877.071698	-812	-8126
877.121703	-812	-8126
877.171709	-812	-8126
877.221714	-812	-8126
877.271719	-812	-8126
877.321723	-812	-8126
877.371728	-812	-8126
877.421733	-812	-8126
877.471738	-820	-8126
877.521743	-820	-8126
877.571748	-820	-8126
877.621753	-820	-8126
877.671758	-820	-8126
877.721763	-820	-8126
877.771769	-820	-8126
877.821774	-824	-8126
877.871778	-824	-8126
877.921783	-824	-8126
877.971788	-828	-8126
878.021793	-828	-8126
878.071798	-836	-8126
878.121803	-836	-8126
878.171808	-836	-8126
878.221813	-836	-8126
878.271818	-844	-8126
878.321824	-852	-8126
878.371829	-852	-8126
878.421834	-864	-8126
878.471838	-864	-8126
878.521843	-900	-8126
878.571848	-964	-8126
878.621853	-988	-8126
878.671858	-1016	-8126
878.721863	-1028	-8126
878.771868	-1028	-8126
878.821873	-1028	-8126
878.871878	-1028	-8126
878.921884	-1028	-8126
878.971889	-1028	-8126
879.021894	-1028	-8126
879.071898	-1028	-8126
879.121903	-1028	-8126
879.171908	-1028	-8126
879.221913	-1028	-8126
879.271918	-1028	-8126
879.321923	-1028	-8126
879.371928	-1028	-8126
879.421933	-1028	-8126
879.471938	-1028	-8126
879.521944	-1028	-8126
879.571949	-1028	-8126
879.621953	-1028	-8126
879.671958	-1028	-8126
879.721963	-1028	-8126
879.771968	-1028	-8126
879.821973	-1028	-8126
879.871978	-1028	-8126
879.921983	-1028	-8126
879.971988	-1032	-8126
880.021993	-1036	-8126
880.071999	-1052	-8126
880.122004	-1060	-8126
880.172009	-1060	-8126
880.222013	-1068	-8126
880.272018	-1068	-8126
880.322023	-1080	-8126
880.372028	-1080	-8126
880.422033	-1088	-8126
880.472038	-1088	-8126
880.522043	-1092	-8126
880.572048	-1092	-8126
880.622053	-1092	-8126
880.672059	-1092	-8126
880.722064	-1092	-8126
880.772069	-1092	-8126
880.822073	-1104	-8126
880.872078	-1104	-8126
880.922083	-1104	-8126
880.972088	-1104	-8126
881.022093	-1104	-8126
881.072098	-1104	-8126
881.122103	-1104	-8126
881.172108	-1104	-8126
881.222113	-1104	-8126
881.272119	-1104	-8126
881.322124	-1104	-8126
881.372128	-1104	-8126
881.422133	-1104	-8126
881.472138	-1104	-8126
881.522143	-1104	-8126
881.572148	-1104	-8126
881.622153	-1104	-8126
881.672158	-1104	-8126
881.722163	-1104	-8126
881.772168	-1104	-8126
881.822174	-1104	-8126
881.872179	-1132	-8126
881.922184	-1132	-8126
881.972188	-1144	-8126
882.022193	-1144	-8126
882.072198	-1196	-8126
882.122203	-1204	-8126
882.172208	-1268	-8126
882.222213	-1288	-8126
882.272218	-1356	-8126
882.322223	-1432	-8126
882.372228	-1536	-8126
882.422234	-1684	-8126
882.472239	-1768	-8126
882.522243	-1868	-8126
882.572248	-1964	-8126
882.622253	-2040	-8126
882.672258	-2132	-8126
882.722263	-2256	-8126
882.772268	-2340	-8126
882.822273	-2444	-8126
882.872278	-2612	-8126
882.922283	-2824	-8126
882.972288	-3248	-8126
883.022294	-3556	-8146
883.072299	-3736	-8254
883.122303	-3888	-8314
883.172308	-4048	-8362
883.222313	-4136	-8394
883.272318	-4268	-8418
883.322323	-4356	-8514
883.372328	-4480	-8566
883.422333	-4528	-8610
883.472338	-4564	-8626
883.522343	-4620	-8666
883.572349	-4680	-8722
883.622354	-4760	-8790
883.672359	-4832	-8838
883.722363	-4848	-8850
883.772368	-4884	-8902
883.822373	-4896	-8910
883.872378	-4904	-8910
883.922383	-4908	-8910
883.972388	-4920	-8914
884.022393	-4952	-8938
884.072398	-5016	-8938
884.122403	-5092	-8938
884.172409	-5144	-8938
884.222414	-5160	-8938
884.272418	-5172	-8938
884.322423	-5208	-8938
884.372428	-5256	-8938
884.422433	-5352	-8938
884.472438	-5428	-8938
884.522443	-5532	-8938
884.572448	-5752	-8978
884.622453	-5872	-8978
884.672458	-5988	-8978
884.722463	-6128	-8978
884.772469	-6300	-8978
884.822474	-6360	-8978
884.872478	-6384	-8978
884.922483	-6396	-8978
884.972488	-6420	-8978
885.022493	-6448	-8978
885.072498	-6448	-8978
885.122503	-6464	-8978
885.172508	-6464	-8978
885.222513	-6464	-8978
885.272518	-6464	-8978
885.322524	-6464	-8978
885.372529	-6464	-8978
885.422534	-6472	-8978
885.472538	-6472	-8978
885.522543	-6472	-8978
885.572548	-6472	-8978
885.622553	-6472	-8978
885.672558	-6472	-8978
885.722563	-6480	-8978
885.772568	-6484	-8978
885.822573	-6484	-8978
885.872578	-6512	-8978
885.922584	-6520	-8978
885.972589	-6520	-8978
886.022593	-6528	-8978
886.072598	-6528	-8978
886.122603	-6552	-8978
886.172608	-6580	-8978
886.222613	-6580	-8978
886.272618	-6600	-8978
886.322623	-6600	-8978
886.372628	-6604	-8978
886.422633	-6604	-8978
886.472639	-6612	-8978
886.522644	-6612	-8978
886.572649	-6612	-8978
886.621653	-6612	-8978
886.671658	-6612	-8978
886.721663	-6616	-8978
886.771668	-6616	-8978
886.821673	-6616	-8978
886.871678	-6616	-8978
886.921683	-6616	-8978
886.971688	-6616	-8978
887.021693	-6616	-8978
887.071698	-6616	-8978
887.121703	-6616	-8978
887.171708	-6616	-8978
887.221713	-6616	-8978
887.271719	-6620	-8978
887.321723	-6620	-8978
887.371728	-6620	-8962
887.421733	-6620	-8962
887.471738	-6620	-8962
887.521743	-6620	-8962
887.571748	-6620	-8962
887.621753	-6628	-8934
887.671758	-6628	-8874
887.721763	-6672	-8794
887.771768	-6680	-8794
887.821773	-6688	-8790
887.871778	-6692	-8778
887.921783	-6700	-8778
887.971788	-6704	-8778
888.021793	-6704	-8778
888.071798	-6704	-8762
888.121803	-6720	-8762
888.171808	-6720	-8762
888.221813	-6720	-8762
888.271818	-6736	-8762
888.321823	-6736	-8750
888.371828	-6736	-8742
888.421833	-6736	-8726
888.471838	-6736	-8718
888.521843	-6736	-8718
888.571848	-6736	-8718
888.621853	-6736	-8710
888.671858	-6736	-8694
888.721863	-6736	-8694
888.771868	-6736	-8694
888.821873	-6736	-8682
888.871878	-6736	-8678
888.921883	-6736	-8678
888.971888	-6792	-8670
889.021894	-6792	-8670
889.071898	-6792	-8670
889.121903	-6792	-8658
889.171908	-6792	-8626
889.221913	-6792	-8626
889.271918	-6792	-8626
889.321923	-6792	-8626
889.371928	-6792	-8626
889.421933	-6792	-8626
889.471938	-6792	-8626
889.521943	-6792	-8626
889.571948	-6792	-8626
889.621953	-6792	-8626
889.671958	-6792	-8626
889.721963	-6792	-8626
889.771968	-6792	-8626
889.821973	-6792	-8626
889.871978	-6792	-8626
889.921983	-6792	-8626
889.971988	-6792	-8626
890.021993	-6792	-8626
890.071998	-6792	-8626
890.122003	-6792	-8626
890.172008	-6792	-8626
890.222013	-6792	-8626
890.272018	-6792	-8626
890.322023	-6792	-8626
890.372028	-6792	-8626
890.422033	-6792	-8626
890.472038	-6796	-8626
890.522043	-6820	-8626
890.572048	-6820	-8626
890.622053	-6824	-8626
890.672058	-6828	-8626
890.722063	-6852	-8626
890.772069	-6888	-8626
890.822073	-6900	-8626
890.872078	-6928	-8626
890.922083	-6964	-8626
890.972088	-7004	-8626
891.022093	-7028	-8626
891.072098	-7056	-8626
891.122103	-7080	-8626
891.172108	-7116	-8626
891.222113	-7136	-8626
891.272118	-7180	-8626
891.322123	-7236	-8626
891.372128	-7252	-8626
891.422133	-7260	-8626
891.472138	-7276	-8626
891.522143	-7280	-8626
891.572148	-7292	-8626
891.622153	-7300	-8626
891.672158	-7304	-8626
891.722163	-7304	-8626
891.772168	-7308	-8626
891.822173	-7316	-8626
891.872178	-7316	-8626
891.922183	-7316	-8626
891.972188	-7316	-8626
892.022193	-7316	-8626
892.072198	-7316	-8626
892.122203	-7316	-8626
892.172208	-7316	-8626
892.222213	-7316	-8626
892.272218	-7316	-8626
892.322223	-7316	-8626
892.372228	-7316	-8626
892.422233	-7316	-8626
892.472238	-7316	-8626
892.522243	-7316	-8626
892.572248	-7316	-8626
892.622253	-7316	-8626
892.672258	-7316	-8626
892.722263	-7316	-8626
892.772268	-7316	-8626
892.822273	-7316	-8626
892.872278	-7316	-8626
892.922283	-7316	-8626
892.972288	-7316	-8626
893.022293	-7316	-8626
893.072298	-7316	-8626
893.122303	-7316	-8626
893.172308	-7316	-8626
893.222313	-7316	-8626
893.272318	-7316	-8626
893.322323	-7316	-8626
893.372328	-7316	-8626
893.422333	-7316	-8626
893.472338	-7316	-8626
893.522343	-7316	-8626
893.572348	-7316	-8626
893.622353	-7316	-8626
893.672358	-7316	-8626
893.722363	-7316	-8626
893.772368	-7316	-8638
893.822373	-7316	-8638
893.872378	-7316	-8638
893.922383	-7316	-8682
893.972388	-7316	-8682
894.022393	-7316	-8682
894.072398	-7316	-8682
894.122403	-7316	-8682
894.172408	-7316	-8682
894.222413	-7316	-8682
894.272418	-7316	-8682
894.322423	-7316	-8682
894.372428	-7316	-8682
894.422433	-7316	-8682
894.472438	-7316	-8682
894.522443	-7316	-8682
894.572448	-7316	-8682
894.622453	-7316	-8682
894.672458	-7316	-8682
894.722463	-7316	-8682
894.772468	-7316	-8682
894.822473	-7316	-8682
894.872478	-7316	-8682
894.922483	-7316	-8682
894.972488	-7316	-8682
895.022493	-7316	-8682
895.072498	-7316	-8682
895.122503	-7316	-8682
895.172508	-7316	-8682
895.222513	-7316	-8682
895.272518	-7316	-8682
895.322523	-7316	-8682
895.372528	-7316	-8682
895.422533	-7316	-8682
895.472538	-7316	-8682
895.522543	-7316	-8682
895.572548	-7316	-8682
895.622553	-7316	-8682
895.672558	-7316	-8682
895.722563	-7316	-8682
895.772568	-7316	-8682
895.822573	-7316	-8682
895.872578	-7316	-8682
895.922583	-7316	-8682
895.972588	-7316	-8682
896.022593	-7316	-8682
896.072598	-7316	-8682
896.122603	-7316	-8682
896.172608	-7316	-8682
896.222613	-7316	-8682
896.272618	-7316	-8682
896.322623	-7316	-8682
896.372628	-7316	-8682
896.422633	-7316	-8682
896.472638	-7316	-8682
896.522643	-7316	-8682
896.572648	-7316	-8682
896.622653	-7316	-8682
896.672658	-7316	-8682
896.722663	-7316	-8682
896.772668	-7316	-8682
896.822673	-7316	-8682
896.872678	-7316	-8682
896.922683	-7316	-8682
896.972688	-7316	-8682
897.022693	-7316	-8682
897.072698	-7316	-8682
897.122703	-7316	-8682
897.172708	-7316	-8682
897.222713	-7316	-8682
897.272718	-7316	-8682
897.322723	-7316	-8682
897.372728	-7316	-8682
897.422733	-7316	-8682
897.472738	-7316	-8682
897.522743	-7316	-8682
897.572748	-7316	-8682
897.622753	-7316	-8682
897.672758	-7316	-8682
897.722763	-7316	-8682
897.772768	-7316	-8682
897.822773	-7316	-8682
897.872778	-7316	-8682
897.922783	-7316	-8682
897.972788	-7316	-8682
898.022793	-7316	-8682
898.072798	-7316	-8682
898.122803	-7316	-8682
898.172808	-7316	-8682
898.222813	-7316	-8682
898.272818	-7316	-8682
898.322823	-7316	-8682
898.372828	-7316	-8682
898.422833	-7316	-8682
898.472838	-7316	-8682
898.522843	-7316	-8682
898.572848	-7316	-8682
898.622853	-7316	-8682
898.672858	-7316	-8682
898.722863	-7316	-8682
898.772868	-7316	-8682
898.822873	-7316	-8682
898.872878	-7316	-8682
898.922883	-7316	-8682
898.972888	-7316	-8682
899.022893	-7316	-8682
899.072898	-7316	-8682
899.122903	-7316	-8682
899.172908	-7316	-8682
899.222913	-7316	-8682
899.272918	-7316	-8682
899.322923	-7316	-8682
899.372928	-7316	-8682
899.422933	-7316	-8682
899.472938	-7316	-8682
899.522943	-7316	-8682
899.572948	-7316	-8682
899.622953	-7316	-8682
899.672958	-7316	-8682
899.722963	-7316	-8682
899.772968	-7316	-8682
899.822973	-7316	-8682
899.872978	-7316	-8682
899.922983	-7316	-8682
899.972988	-7316	-8682
900.022993	-7316	-8682
900.072998	-7316	-8682
900.123003	-7316	-8682
900.173008	-7316	-8682
900.223013	-7316	-8682
900.273018	-7316	-8682
900.323023	-7316	-8682
900.373028	-7316	-8682
900.423033	-7316	-8682
900.473038	-7316	-8682
900.523043	-7316	-8682
900.573048	-7316	-8682
900.623053	-7316	-8682
900.673058	-7316	-8682
900.723063	-7316	-8682
900.773068	-7316	-8682
900.823073	-7316	-8682
900.873078	-7316	-8682
900.923083	-7316	-8682
900.973088	-7316	-8682
901.023093	-7316	-8682
901.073098	-7316	-8694
901.123103	-7316	-8710
901.173108	-7316	-8710
901.223113	-7316	-8710
901.273118	-7316	-8710
901.323123	-7316	-8710
901.373128	-7316	-8710
901.423133	-7316	-8710
901.473138	-7316	-8710
901.523143	-7316	-8710
901.573148	-7316	-8710
901.623153	-7316	-8710
901.673158	-7316	-8710
901.723163	-7316	-8710
901.773168	-7316	-8710
901.823173	-7316	-8710
901.873178	-7316	-8710
901.923183	-7316	-8710
901.973188	-7316	-8710
902.023193	-7316	-8710
902.073198	-7316	-8710
902.123203	-7316	-8710
902.173208	-7316	-8710
902.223213	-7316	-8710
902.273218	-7316	-8710
902.323223	-7316	-8710
902.373228	-7316	-8710
902.423233	-7316	-8710
902.473238	-7316	-8710
902.523243	-7316	-8710
902.573248	-7316	-8710
902.623253	-7316	-8710
902.673258	-7316	-8710
902.723263	-7316	-8710
902.773268	-7316	-8710
902.823273	-7316	-8710
902.873278	-7316	-8710
902.923283	-7316	-8710
902.973288	-7316	-8710
903.023293	-7316	-8710
903.073298	-7316	-8710
903.123303	-7316	-8710
903.173308	-7316	-8710
903.223313	-7316	-8710
903.273318	-7316	-8710
903.323323	-7316	-8710
903.373328	-7316	-8710
903.423333	-7316	-8710
903.473338	-7316	-8710
903.523343	-7316	-8710
903.573348	-7316	-8710
903.623353	-7316	-8710
903.673358	-7316	-8710
903.723363	-7316	-8710
903.773368	-7316	-8710
903.823373	-7316	-8710
903.873378	-7316	-8710
903.923383	-7316	-8710
903.973388	-7316	-8710
904.023393	-7316	-8710
904.073398	-7316	-8710
904.122403	-7316	-8710
904.172408	-7316	-8710
904.222413	-7316	-8710
904.272418	-7316	-8710
904.322423	-7316	-8710
904.372428	-7316	-8710
904.422433	-7316	-8710
904.472438	-7316	-8710
904.522443	-7316	-8710
904.572448	-7316	-8710
904.622453	-7316	-8710
904.672458	-7316	-8710
904.722463	-7316	-8710
904.772468	-7316	-8710
904.822473	-7316	-8710
904.872478	-7316	-8710
904.922483	-7316	-8710
904.972488	-7316	-8710
905.022493	-7316	-8710
905.072498	-7316	-8710
905.122503	-7316	-8710
905.172508	-7316	-8710
905.222513	-7316	-8710
905.272518	-7316	-8710
905.322523	-7316	-8710
905.372528	-7316	-8710
905.422533	-7316	-8710
905.472538	-7316	-8710
905.522543	-7316	-8710
905.572548	-7316	-8710
905.622553	-7316	-8710
905.672558	-7316	-8710
905.722563	-7316	-8710
905.772568	-7316	-8710
905.822573	-7316	-8710
905.872578	-7316	-8710
905.922583	-7316	-8710
905.972588	-7316	-8710
906.022593	-7316	-8710
906.072598	-7316	-8710
906.122603	-7316	-8710
906.172608	-7316	-8710
906.222613	-7316	-8710
906.272618	-7316	-8710
906.322623	-7316	-8710
906.372628	-7316	-8710
906.422633	-7316	-8710
906.472638	-7316	-8710
906.522643	-7316	-8710
906.572648	-7316	-8710
906.622653	-7316	-8710
906.672658	-7316	-8710
906.722663	-7316	-8710
906.772668	-7316	-8710
906.822673	-7316	-8710
906.872678	-7316	-8710
906.922683	-7316	-8710
906.972688	-7316	-8710
907.022693	-7316	-8710
907.072698	-7316	-8710
907.122703	-7316	-8710
907.172708	-7316	-8710
907.222713	-7316	-8710
907.272718	-7316	-8710
907.322723	-7316	-8710
907.372728	-7316	-8710
907.422733	-7316	-8710
907.472738	-7316	-8710
907.522743	-7316	-8710
907.572748	-7316	-8710
907.622753	-7316	-8710
907.672758	-7316	-8714
907.722763	-7316	-8722
907.772768	-7316	-8722
907.822773	-7316	-8722
907.872778	-7316	-8722
907.922783	-7316	-8734
907.972788	-7316	-8734
908.022793	-7316	-8734
908.072798	-7316	-8734
908.122803	-7316	-8734
908.172808	-7316	-8734
908.222813	-7316	-8734
908.272818	-7316	-8734
908.322823	-7316	-8734
908.372828	-7316	-8734
908.422833	-7316	-8734
908.472838	-7316	-8734
908.522843	-7316	-8734
908.572848	-7316	-8734
908.622853	-7316	-8734
908.672858	-7316	-8734
908.722863	-7316	-8734
908.772868	-7316	-8734
908.822873	-7316	-8734
908.872878	-7316	-8734
908.922883	-7316	-8734
908.972888	-7316	-8734
909.022893	-7316	-8734
909.072898	-7316	-8734
909.122903	-7316	-8734
909.172908	-7316	-8734
909.222913	-7316	-8734
909.272918	-7316	-8734
909.322923	-7316	-8734
909.372928	-7316	-8734
909.422933	-7316	-8734
909.472938	-7316	-8734
909.522943	-7316	-8734
909.572948	-7316	-8734
909.622953	-7316	-8734
909.672958	-7316	-8734
909.722963	-7316	-8734
909.772968	-7316	-8734
909.822973	-7316	-8734
909.872978	-7316	-8734
909.922983	-7316	-8734
909.972988	-7316	-8734
910.022993	-7316	-8734
910.072998	-7316	-8734
910.123003	-7316	-8734
910.173008	-7316	-8734
910.223013	-7316	-8734
910.273018	-7316	-8734
910.323023	-7316	-8734
910.373028	-7316	-8734
910.423033	-7316	-8734
910.473038	-7316	-8734
910.523043	-7316	-8734
910.573048	-7316	-8734
910.623053	-7316	-8734
910.673058	-7316	-8734
910.723063	-7316	-8734
910.773068	-7316	-8734
910.823073	-7316	-8734
910.873078	-7316	-8734
910.923083	-7316	-8734
910.973088	-7316	-8734
911.023093	-7316	-8734
911.073098	-7316	-8734
911.123103	-7316	-8734
911.173108	-7316	-8734
911.223113	-7316	-8734
911.273118	-7316	-8734
911.323123	-7316	-8734
911.373128	-7316	-8734
911.423133	-7316	-8734
911.473138	-7316	-8734
911.523143	-7316	-8734
911.573148	-7316	-8734
911.623153	-7316	-8734
911.673158	-7316	-8734
911.723163	-7316	-8734
911.773168	-7316	-8734
911.823173	-7316	-8734
911.873178	-7316	-8734
911.923183	-7316	-8734
911.973188	-7316	-8734
912.023193	-7316	-8734
912.073198	-7316	-8734
912.123203	-7316	-8734
912.173208	-7316	-8734
912.223213	-7316	-8734
912.273218	-7316	-8734
912.323223	-7316	-8734
912.373228	-7316	-8734
912.423233	-7316	-8734
912.473238	-7316	-8734
912.523243	-7316	-8734
912.573248	-7316	-8734
912.623253	-7316	-8734
912.673258	-7316	-8734
912.723263	-7316	-8734
912.773268	-7316	-8734
912.823273	-7316	-8734
912.873278	-7316	-8734
912.923283	-7316	-8734
912.973288	-7316	-8734
913.023293	-7316	-8734
913.073298	-7316	-8734
913.123303	-7316	-8734
913.173308	-7316	-8734
913.223313	-7316	-8734
913.273318	-7316	-8734
913.323323	-7316	-8734
913.373328	-7316	-8734
913.423333	-7316	-8734
913.473338	-7316	-8734
913.523343	-7316	-8734
913.573348	-7316	-8734
913.623353	-7316	-8734
913.673358	-7316	-8734
913.723363	-7316	-8734
913.773368	-7316	-8734
913.823373	-7316	-8734
913.873378	-7316	-8734
913.923383	-7316	-8734
913.973388	-7316	-8734
914.023393	-7316	-8734
914.073398	-7316	-8734
914.123403	-7316	-8734
914.173408	-7316	-8734
914.223413	-7316	-8734
914.273418	-7316	-8734
914.323423	-7316	-8734
914.373428	-7316	-8734
914.423433	-7316	-8734
914.473438	-7316	-8734
914.523443	-7316	-8734
914.573448	-7316	-8734
914.623453	-7316	-8734
914.673458	-7316	-8734
914.723463	-7316	-8734
914.773468	-7316	-8734
914.823473	-7316	-8734
914.873478	-7316	-8734
914.950486	-7316	-8734
914.973488	-7316	-8734
915.035494	-7316	-8734
915.080499	-7316	-8734
915.123503	-7332	-8734
915.173508	-7332	-8734
915.223513	-7332	-8734
915.273518	-7332	-8734
915.323523	-7332	-8734
915.373528	-7332	-8734
915.423533	-7332	-8734
915.473538	-7332	-8734
915.523543	-7332	-8734
915.573548	-7332	-8734
915.623553	-7332	-8734
915.673558	-7332	-8734
915.723563	-7332	-8734
915.773568	-7332	-8734
915.823573	-7332	-8734
915.873578	-7332	-8734
915.923583	-7332	-8734
915.973588	-7332	-8734
916.023593	-7332	-8734
916.073598	-7332	-8734
916.123603	-7332	-8734
916.173608	-7332	-8734
916.223613	-7332	-8734
916.273618	-7332	-8734
916.323623	-7332	-8734
916.373628	-7332	-8734
916.423633	-7332	-8734
916.473638	-7332	-8734
916.523643	-7332	-8734
916.573648	-7332	-8734
916.623653	-7332	-8734
916.673658	-7332	-8734
916.723663	-7332	-8734
916.773668	-7332	-8734
916.823673	-7348	-8734
916.873678	-7348	-8734
916.923683	-7348	-8734
916.973688	-7348	-8734
917.023693	-7348	-8734
917.073698	-7348	-8734
917.123703	-7348	-8734
917.173708	-7348	-8734
917.223713	-7348	-8734
917.273718	-7348	-8734
917.323723	-7348	-8734
917.373728	-7348	-8734
917.423733	-7348	-8734
917.473738	-7348	-8734
917.523743	-7348	-8734
917.573748	-7348	-8734
917.623753	-7348	-8734
917.673758	-7348	-8734
917.723763	-7348	-8734
917.773768	-7348	-8734
917.823773	-7348	-8734
917.873778	-7348	-8734
917.923783	-7348	-8734
917.973788	-7348	-8750
918.023793	-7348	-8750
918.073798	-7348	-8750
918.123803	-7348	-8774
918.173808	-7348	-8774
918.223813	-7348	-8774
918.273818	-7348	-8774
918.323823	-7348	-8774
918.373828	-7348	-8774
918.423833	-7348	-8774
918.473838	-7348	-8774
918.523843	-7348	-8774
918.573848	-7348	-8774
918.623853	-7348	-8782
918.673858	-7348	-8782
918.723863	-7348	-8782
918.773868	-7348	-8782
918.823873	-7348	-8782
918.873878	-7348	-8782
918.923883	-7348	-8782
918.973888	-7348	-8782
919.023893	-7348	-8782
919.073898	-7348	-8782
919.123903	-7348	-8782
919.173908	-7348	-8782
919.223913	-7348	-8782
919.273918	-7348	-8782
919.323923	-7348	-8782
919.373928	-7348	-8782
919.423933	-7348	-8782
919.473938	-7348	-8782
919.523943	-7348	-8782
919.573948	-7348	-8782
919.623953	-7348	-8782
919.673958	-7348	-8782
919.723963	-7348	-8782
919.773968	-7348	-8782
919.823973	-7348	-8782
919.873978	-7348	-8782
919.923983	-7348	-8782
919.973988	-7348	-8782
920.023993	-7348	-8782
920.073998	-7348	-8782
920.124003	-7348	-8782
920.174008	-7348	-8782
920.224013	-7348	-8782
920.274018	-7348	-8782
920.324023	-7348	-8782
920.374028	-7348	-8782
920.424033	-7348	-8782
920.474038	-7348	-8782
920.524043	-7348	-8782
920.574048	-7348	-8782
920.624053	-7348	-8782
920.674058	-7348	-8782
920.724063	-7348	-8782
920.774068	-7348	-8782
920.824073	-7348	-8782
920.874078	-7348	-8782
920.924083	-7348	-8782
920.974088	-7348	-8782
921.024093	-7348	-8782
921.074098	-7348	-8782
921.124103	-7348	-8782
921.174108	-7348	-8782
921.224113	-7348	-8782
921.274118	-7348	-8782
921.324123	-7348	-8782
921.374128	-7348	-8782
921.424133	-7348	-8782
921.474138	-7348	-8782
921.524143	-7348	-8782
921.574148	-7348	-8782
921.623153	-7348	-8782
921.673158	-7348	-8782
921.723163	-7348	-8782
921.773168	-7348	-8782
921.823173	-7348	-8782
921.873178	-7348	-8782
921.923183	-7348	-8782
921.973188	-7348	-8782
922.023193	-7348	-8782
922.073198	-7348	-8782
922.123203	-7348	-8782
922.173208	-7348	-8782
922.223213	-7348	-8782
922.273218	-7348	-8782
922.323223	-7348	-8782
922.373228	-7348	-8782
922.423233	-7348	-8782
922.473238	-7360	-8782
922.523243	-7360	-8782
922.573248	-7360	-8782
922.623253	-7360	-8782
922.673258	-7360	-8782
922.723263	-7360	-8782
922.773268	-7360	-8782
922.823273	-7360	-8782
922.873278	-7360	-8782
922.923283	-7360	-8782
922.973288	-7360	-8782
923.023293	-7360	-8782
923.073298	-7360	-8782
923.123303	-7360	-8782
923.173308	-7360	-8782
923.223313	-7360	-8782
923.273318	-7360	-8782
923.323323	-7360	-8782
923.373328	-7360	-8782
923.423333	-7360	-8782
923.473338	-7360	-8782
923.523343	-7360	-8782
923.573348	-7360	-8782
923.623353	-7360	-8782
923.673358	-7360	-8782
923.723363	-7360	-8782
923.773368	-7360	-8782
923.823373	-7360	-8782
923.873378	-7360	-8782
923.923383	-7360	-8782
923.973388	-7360	-8782
924.023393	-7360	-8782
924.073398	-7360	-8782
924.123403	-7360	-8782
924.173408	-7360	-8782
924.223413	-7360	-8782
924.273418	-7360	-8782
924.323423	-7360	-8782
924.373428	-7360	-8782
924.423433	-7360	-8782
924.473438	-7360	-8782
924.523443	-7360	-8782
924.573448	-7360	-8782
924.623453	-7360	-8782
924.673458	-7360	-8782
924.723463	-7360	-8782
924.773468	-7360	-8782
924.823473	-7360	-8782
924.873478	-7360	-8782
924.923483	-7360	-8782
924.973488	-7360	-8782
925.023493	-7360	-8782
925.073498	-7360	-8782
925.123503	-7360	-8782
925.173508	-7360	-8782
925.223513	-7360	-8782
925.273518	-7360	-8782
925.323523	-7360	-8782
925.373528	-7360	-8782
925.423533	-7360	-8782
925.473538	-7360	-8782
925.523543	-7360	-8782
925.573548	-7360	-8782
925.623553	-7360	-8782
925.673558	-7360	-8782
925.723563	-7360	-8782
925.773568	-7360	-8782
925.823573	-7360	-8782
925.873578	-7360	-8782
925.923583	-7360	-8782
925.973588	-7360	-8782
926.023593	-7360	-8782
926.073598	-7360	-8782
926.123603	-7360	-8782
926.173608	-7360	-8782
926.223613	-7360	-8782
926.273618	-7360	-8782
926.323623	-7360	-8782
926.373628	-7360	-8782
926.423633	-7360	-8782
926.473638	-7360	-8782
926.523643	-7360	-8782
926.573648	-7360	-8782
926.623653	-7360	-8782
926.673658	-7360	-8782
926.723663	-7360	-8782
926.773668	-7360	-8782
926.823673	-7360	-8782
926.873678	-7360	-8782
926.923683	-7360	-8782
926.973688	-7360	-8782
927.023693	-7360	-8782
927.073698	-7360	-8782
927.123703	-7360	-8782
927.173708	-7360	-8782
927.223713	-7360	-8782
927.273718	-7360	-8782
927.323723	-7360	-8782
927.373728	-7360	-8782
927.423733	-7360	-8782
927.473738	-7360	-8782
927.523743	-7360	-8782
927.573748	-7360	-8782
927.623753	-7360	-8782
927.673758	-7360	-8782
927.723763	-7360	-8782
927.773768	-7360	-8782
927.823773	-7360	-8782
927.873778	-7360	-8782
927.923783	-7360	-8782
927.973788	-7360	-8782
928.023793	-7360	-8782
928.073798	-7360	-8782
928.123803	-7360	-8782
928.173808	-7360	-8782
928.223813	-7360	-8818
928.273818	-7360	-8826
928.323823	-7360	-8826
928.373828	-7360	-8826
928.423833	-7360	-8838
928.473838	-7360	-8854
928.523843	-7360	-8866
928.573848	-7360	-8866
928.623853	-7360	-8906
928.673858	-7360	-8914
928.723863	-7360	-8914
928.773868	-7360	-8926
928.823873	-7360	-8926
928.873878	-7360	-8962
928.923883	-7360	-8966
928.973888	-7360	-8982
929.023893	-7360	-8982
929.073898	-7360	-8982
929.123903	-7360	-8982
929.173908	-7360	-8982
929.223913	-7360	-8982
929.273918	-7360	-8982
929.323923	-7360	-8982
929.373928	-7360	-8982
929.423933	-7360	-8982
929.473938	-7360	-8982
929.523943	-7360	-8982
929.573948	-7360	-8982
929.623953	-7360	-8982
929.673958	-7360	-8982
929.723963	-7360	-8982
929.773968	-7360	-8982
929.823973	-7360	-8982
929.873978	-7360	-8982
929.923983	-7360	-8982
929.973988	-7360	-8982
930.023993	-7360	-8982
930.073998	-7360	-8982
930.124003	-7360	-8982
930.174008	-7360	-8982
930.224013	-7360	-8982
930.274018	-7360	-8982
930.324023	-7360	-8982
930.374028	-7360	-8982
930.424033	-7360	-8982
930.474038	-7360	-8982
930.524043	-7360	-8982
930.574048	-7360	-8982
930.624053	-7360	-8982
930.674058	-7360	-8982
930.724063	-7360	-8982
930.774068	-7360	-8982
930.824073	-7360	-8982
930.874078	-7360	-8982
930.924083	-7360	-8982
930.974088	-7360	-8982
931.024093	-7360	-8982
931.074098	-7360	-8982
931.124103	-7360	-8982
931.174108	-7360	-8982
931.224113	-7360	-8982
931.274118	-7360	-8982
931.324123	-7360	-8982
931.374128	-7360	-8982
931.424133	-7360	-8982
931.474138	-7360	-8982
931.524143	-7360	-8982
931.574148	-7360	-8982
931.624153	-7360	-8982
931.674158	-7360	-8982
931.724163	-7360	-8982
931.774168	-7360	-8982
931.824173	-7360	-8982
931.874178	-7360	-8982
931.924183	-7360	-8982
931.974188	-7360	-8982
932.024193	-7360	-8982
932.074198	-7360	-8982
932.124203	-7360	-8982
932.174208	-7360	-8982
932.224213	-7360	-8982
932.274218	-7360	-8982
932.324223	-7360	-8982
932.374228	-7360	-8982
932.424233	-7360	-8982
932.474238	-7360	-8982
932.524243	-7360	-8982
932.574248	-7360	-8982
932.624253	-7360	-8982
932.674258	-7360	-8982
932.724263	-7360	-8982
932.774268	-7360	-8982
932.824273	-7360	-8982
932.874278	-7360	-8982
932.924283	-7360	-8982
932.974288	-7360	-8982
933.024293	-7360	-8982
933.074298	-7360	-8982
933.124303	-7360	-8982
933.174308	-7360	-8982
933.224313	-7360	-8982
933.274318	-7360	-8982
933.324323	-7360	-8982
933.374328	-7360	-8982
933.424333	-7360	-8982
933.474338	-7360	-8982
933.524343	-7360	-8982
933.574348	-7360	-8982
933.624353	-7360	-8982
933.674358	-7360	-8982
933.724363	-7360	-8982
933.774368	-7360	-8982
933.824373	-7360	-8982
933.874378	-7360	-8982
933.924383	-7360	-8982
933.974388	-7360	-8982
934.024393	-7360	-8982
934.074398	-7360	-8982
934.124403	-7360	-8982
934.174408	-7360	-8982
934.224413	-7360	-8982
934.274418	-7360	-8982
934.324423	-7360	-8982
934.374428	-7360	-8982
934.424433	-7360	-8982
934.474438	-7360	-8982
934.524443	-7360	-8982
934.574448	-7360	-8982
934.624453	-7360	-8982
934.674458	-7360	-8982
934.724463	-7360	-8982
934.774468	-7360	-8982
934.824473	-7360	-8982
934.874478	-7360	-8982
934.924483	-7360	-8982
934.974488	-7360	-8982
935.024493	-7360	-8982
935.074498	-7360	-8982
935.239514	-7360	-8982
935.274518	-7360	-8986
935.324523	-7360	-9030
935.374528	-7360	-9082
935.424533	-7360	-9082
935.474538	-7360	-9090
935.524543	-7360	-9106
935.574548	-7360	-9126
935.624553	-7360	-9166
935.674558	-7360	-9234
935.724563	-7360	-9258
935.774568	-7360	-9294
935.824573	-7360	-9314
935.874578	-7360	-9350
935.924583	-7360	-9426
935.974588	-7360	-9470
936.024593	-7360	-9474
936.074598	-7360	-9502
936.124603	-7360	-9534
936.174608	-7360	-9550
936.224613	-7360	-9550
936.274618	-7360	-9570
936.324623	-7360	-9582
936.374628	-7360	-9598
936.424633	-7360	-9638
936.474638	-7360	-9658
936.524643	-7360	-9694
936.574648	-7360	-9694
936.624653	-7360	-9722
936.674658	-7360	-9774
936.724663	-7360	-9774
936.774668	-7360	-9774
936.824673	-7360	-9818
936.874678	-7360	-9830
936.924683	-7360	-9830
936.974688	-7360	-9830
937.024693	-7360	-9830
937.074698	-7360	-9830
937.124703	-7360	-9830
937.174708	-7360	-9830
937.224713	-7360	-9830
937.274718	-7360	-9830
937.324723	-7360	-9830
937.374728	-7360	-9830
937.424733	-7360	-9830
937.474738	-7360	-9830
937.524743	-7360	-9830
937.574748	-7360	-9830
937.624753	-7360	-9830
937.674758	-7360	-9830
937.724763	-7360	-9830
937.774768	-7360	-9830
937.824773	-7360	-9830
937.874778	-7360	-9830
937.924783	-7360	-9830
937.974788	-7360	-9830
938.024793	-7360	-9830
938.074798	-7360	-9830
938.124803	-7360	-9830
938.174808	-7360	-9830
938.224813	-7360	-9830
938.274818	-7360	-9830
938.324823	-7360	-9830
938.374828	-7360	-9830
938.424833	-7360	-9830
938.474838	-7360	-9830
938.524843	-7360	-9830
938.574848	-7360	-9830
938.624853	-7360	-9830
938.674858	-7360	-9830
938.724863	-7360	-9830
938.774868	-7360	-9830
938.824873	-7360	-9830
938.874878	-7360	-9830
938.924883	-7360	-9830
938.974888	-7360	-9906
939.024893	-7360	-10006
939.073898	-7360	-10058
939.123903	-7348	-10118
939.173908	-7320	-10226
939.223913	-7312	-10226
939.273918	-7308	-10234
939.323923	-7308	-10314
939.373928	-7308	-10318
939.423933	-7304	-10318
939.473938	-7304	-10318
939.523943	-7304	-10318
939.573948	-7304	-10318
939.623953	-7304	-10318
939.673958	-7304	-10318
939.723963	-7304	-10318
939.773968	-7304	-10318
939.823973	-7304	-10318
939.873978	-7304	-10318
939.923983	-7304	-10318
939.973988	-7304	-10318
940.023993	-7304	-10318
940.073998	-7304	-10318
940.124003	-7304	-10318
940.174008	-7296	-10318
940.224013	-7256	-10318
940.274018	-7236	-10318
940.324023	-7208	-10366
940.374028	-7164	-10434
940.424033	-7164	-10434
940.474038	-7164	-10434
940.524043	-7164	-10434
940.574048	-7128	-10450
940.624053	-7104	-10494
940.674058	-7052	-10498
940.724063	-6948	-10586
940.774068	-6936	-10590
940.824073	-6908	-10618
940.874078	-6908	-10618
940.924083	-6908	-10618
940.974088	-6908	-10618
941.024093	-6908	-10618
941.074098	-6908	-10618
941.124103	-6908	-10550
941.174108	-6944	-10434
941.224113	-6944	-10422
941.274118	-6944	-10422
941.324123	-6944	-10422
941.374128	-6944	-10422
941.424133	-6944	-10422
941.474138	-6944	-10422
941.524143	-6944	-10382
941.574148	-6944	-10334
941.624153	-6944	-10310
941.674158	-6968	-10274
941.724163	-6968	-10270
941.774168	-7000	-10238
941.824173	-7036	-10230
941.874178	-7048	-10134
941.924183	-7120	-10094
941.974188	-7120	-10094
942.024193	-7140	-10094
942.074198	-7140	-10078
942.124203	-7140	-10074
942.174208	-7140	-10042
942.224213	-7140	-9982
942.274218	-7140	-9926
942.324223	-7140	-9878
942.374228	-7140	-9878
942.424233	-7140	-9878
942.474238	-7140	-9878
942.524243	-7140	-9878
942.574248	-7140	-9878
942.624253	-7140	-9878
942.674258	-7140	-9878
942.724263	-7140	-9850
942.774268	-7140	-9846
942.824273	-7140	-9846
942.874278	-7140	-9846
942.924283	-7140	-9846
942.974288	-7140	-9846
943.024293	-7140	-9846
943.074298	-7140	-9846
943.124303	-7140	-9846
943.174308	-7140	-9846
943.224313	-7140	-9846
943.274318	-7144	-9846
943.324323	-7144	-9846
943.374328	-7148	-9846
943.424333	-7148	-9846
943.474338	-7148	-9846
943.524343	-7160	-9846
943.574348	-7160	-9846
943.624353	-7160	-9846
943.674358	-7160	-9846
943.724363	-7160	-9846
943.774368	-7160	-9846
943.824373	-7160	-9846
943.874378	-7160	-9846
943.924383	-7160	-9846
943.974388	-7160	-9846
944.024393	-7160	-9854
944.074398	-7160	-9854
944.124403	-7160	-9854
944.174408	-7160	-9854
944.224413	-7160	-9854
944.274418	-7160	-9866
944.324423	-7160	-9890
944.374428	-7160	-9890
944.424433	-7160	-9890
944.474438	-7160	-9890
944.524443	-7160	-9890
944.574448	-7160	-9894
944.624453	-7160	-9894
944.674458	-7160	-9894
944.724463	-7160	-9894
944.774468	-7160	-9894
944.824473	-7160	-9894
944.874478	-7160	-9894
944.924483	-7160	-9894
944.974488	-7160	-9894
945.024493	-7160	-9894
945.074498	-7160	-9894
945.124503	-7160	-9894
945.174508	-7160	-9902
945.224513	-7160	-9922
945.274518	-7160	-9974
945.324523	-7160	-9974
945.374528	-7160	-9974
945.424533	-7160	-9982
945.474538	-7160	-9998
945.524543	-7160	-10014
945.574548	-7160	-10014
945.624553	-7160	-10014
945.674558	-7160	-10030
945.724563	-7160	-10034
945.774568	-7160	-10046
945.824573	-7160	-10046
945.874578	-7160	-10046
945.924583	-7160	-10046
945.974588	-7160	-10046
946.024593	-7160	-10046
946.074598	-7160	-10046
946.124603	-7160	-10046
946.174608	-7160	-10046
946.224613	-7160	-10046
946.274618	-7160	-10046
946.324623	-7160	-10046
946.374628	-7160	-10046
946.424633	-7160	-10046
946.474638	-7160	-10046
946.524643	-7160	-10046
946.574648	-7160	-10046
946.624653	-7160	-10046
946.674658	-7160	-10046
946.724663	-7160	-10046
946.774668	-7160	-10046
946.824673	-7160	-10046
946.874678	-7160	-10046
946.924683	-7160	-10046
946.974688	-7160	-10046
947.024693	-7160	-10046
947.074698	-7160	-10046
947.124703	-7160	-10046
947.174708	-7160	-10046
947.224713	-7160	-10046
947.274718	-7160	-10046
947.324723	-7160	-10046
947.374728	-7160	-10046
947.424733	-7160	-10046
947.474738	-7160	-10046
947.524743	-7160	-10046
947.574748	-7160	-10046
947.624753	-7160	-10046
947.674758	-7160	-10046
947.724763	-7160	-10046
947.774768	-7160	-10046
947.824773	-7160	-10046
947.874778	-7160	-10046
947.924783	-7160	-10046
947.974788	-7160	-10046
948.024793	-7160	-10046
948.074798	-7160	-10046
948.124803	-7160	-10046
948.174808	-7160	-10046
948.224813	-7160	-10046
948.274818	-7160	-10046
948.324823	-7160	-10046
948.374828	-7160	-10046
948.424833	-7160	-10046
948.474838	-7160	-10046
948.524843	-7160	-10046
948.574848	-7160	-10046
948.624853	-7160	-10046
948.674858	-7160	-10046
948.724863	-7160	-10046
948.774868	-7160	-10046
948.824873	-7160	-10046
948.874878	-7160	-10046
948.924883	-7160	-10046
948.974888	-7160	-10046
949.024893	-7160	-10046
949.074898	-7160	-10046
949.124903	-7160	-10046
949.174908	-7160	-10046
949.224913	-7160	-10066
949.274918	-7160	-10066
949.324923	-7160	-10066
949.374928	-7160	-10066
949.424933	-7160	-10066
949.474938	-7160	-10070
949.524943	-7160	-10090
949.574948	-7160	-10090
949.624953	-7160	-10090
949.674958	-7160	-10090
949.724963	-7160	-10090
949.774968	-7160	-10106
949.824973	-7160	-10106
949.874978	-7160	-10106
949.924983	-7160	-10110
949.974988	-7160	-10110
950.024993	-7160	-10110
950.074998	-7160	-10118
950.125003	-7160	-10126
950.175008	-7160	-10126
950.225013	-7160	-10126
950.275018	-7160	-10126
950.325023	-7160	-10126
950.375028	-7160	-10126
950.425033	-7160	-10146
950.475038	-7160	-10146
950.525043	-7160	-10146
950.575048	-7160	-10154
950.625053	-7160	-10162
950.675058	-7160	-10166
950.725063	-7160	-10166
950.775068	-7160	-10210
950.825073	-7160	-10226
950.875078	-7160	-10226
950.925083	-7160	-10226
950.975088	-7160	-10226
951.025093	-7160	-10226
951.075098	-7160	-10226
951.125103	-7160	-10226
951.175108	-7160	-10226
951.225113	-7160	-10226
951.275118	-7160	-10226
951.325123	-7160	-10226
951.375128	-7160	-10226
951.425133	-7160	-10226
951.475138	-7160	-10226
951.525143	-7160	-10226
951.575148	-7160	-10226
951.625153	-7160	-10226
951.675158	-7160	-10226
951.725163	-7160	-10226
951.775168	-7160	-10226
951.825173	-7160	-10226
951.875178	-7160	-10226
951.925183	-7160	-10226
951.975188	-7160	-10226
952.025193	-7160	-10226
952.075198	-7160	-10226
952.125203	-7160	-10226
952.175208	-7160	-10226
952.225213	-7160	-10226
952.275218	-7160	-10226
952.325223	-7160	-10226
952.375228	-7160	-10226
952.425233	-7160	-10226
952.475238	-7160	-10226
952.525243	-7160	-10226
952.575248	-7160	-10226
952.625253	-7160	-10226
952.675258	-7160	-10226
952.725263	-7160	-10226
952.775268	-7160	-10226
952.825273	-7160	-10226
952.875278	-7160	-10226
952.925283	-7160	-10226
952.975288	-7160	-10226
953.025293	-7160	-10226
953.075298	-7160	-10226
953.125303	-7160	-10226
953.175308	-7160	-10226
953.225313	-7160	-10226
953.275318	-7160	-10226
953.325323	-7160	-10226
953.375328	-7160	-10226
953.425333	-7160	-10226
953.475338	-7160	-10226
953.525343	-7160	-10226
953.575348	-7160	-10226
953.625353	-7160	-10226
953.675358	-7160	-10226
953.725363	-7160	-10226
953.775368	-7160	-10226
953.825373	-7160	-10226
953.875378	-7160	-10226
953.925383	-7160	-10226
953.975388	-7160	-10226
954.025393	-7160	-10226
954.075398	-7160	-10226
954.125403	-7160	-10226
954.175408	-7160	-10226
954.225413	-7160	-10226
954.275418	-7160	-10226
954.325423	-7160	-10226
954.375428	-7160	-10226
954.425433	-7160	-10226
954.475438	-7160	-10226
954.525443	-7160	-10226
954.575448	-7160	-10226
954.625453	-7160	-10226
954.675458	-7160	-10226
954.725463	-7160	-10226
954.775468	-7160	-10226
954.825473	-7160	-10226
954.875478	-7160	-10226
954.925483	-7160	-10226
954.975488	-7160	-10226
955.025493	-7160	-10226
955.075498	-7160	-10226
955.125503	-7160	-10226
955.175508	-7160	-10226
955.225513	-7160	-10226
955.275518	-7160	-10226
955.325523	-7160	-10230
955.375528	-7160	-10246
955.425533	-7160	-10246
955.475538	-7160	-10246
955.525543	-7160	-10246
955.575548	-7160	-10246
955.625553	-7160	-10246
955.675558	-7160	-10246
955.725563	-7160	-10246
955.775568	-7160	-10246
955.825573	-7160	-10246
955.875578	-7160	-10246
955.925583	-7160	-10246
955.975588	-7160	-10246
956.025593	-7160	-10246
956.075598	-7160	-10246
956.125603	-7160	-10246
956.175608	-7160	-10246
956.225613	-7160	-10246
956.275618	-7160	-10246
956.325623	-7160	-10246
956.375628	-7160	-10246
956.425633	-7168	-10246
956.475638	-7168	-10246
956.525643	-7192	-10246
956.574648	-7200	-10246
956.624653	-7204	-10246
956.674658	-7228	-10246
956.724663	-7240	-10246
956.774668	-7240	-10246
956.824673	-7272	-10246
956.874678	-7272	-10246
956.924683	-7292	-10246
956.974688	-7292	-10246
957.024693	-7336	-10246
957.074698	-7356	-10246
957.124703	-7412	-10246
957.174708	-7420	-10246
957.224713	-7452	-10246
957.274718	-7456	-10246
957.324723	-7460	-10246
957.374728	-7476	-10246
957.424733	-7492	-10246
957.474738	-7500	-10246
957.524743	-7500	-10246
957.574748	-7512	-10246
957.624753	-7512	-10246
957.674758	-7512	-10246
957.724763	-7512	-10246
957.774768	-7512	-10246
957.824773	-7512	-10246
957.874778	-7536	-10246
957.924783	-7536	-10246
957.974788	-7536	-10246
958.024793	-7536	-10246
958.074798	-7536	-10246
958.124803	-7536	-10246
958.174808	-7536	-10246
958.224813	-7536	-10246
958.274818	-7536	-10246
958.324823	-7536	-10246
958.374828	-7560	-10246
958.424833	-7560	-10246
958.474838	-7568	-10246
958.524843	-7568	-10246
958.574848	-7572	-10246
958.624853	-7600	-10246
958.674858	-7600	-10246
958.724863	-7600	-10246
958.774868	-7600	-10246
958.824873	-7600	-10246
958.874878	-7600	-10246
958.924883	-7600	-10246
958.974888	-7600	-10246
959.024893	-7600	-10246
959.074898	-7600	-10246
959.124903	-7600	-10246
959.174908	-7600	-10246
959.224913	-7604	-10246
959.274918	-7604	-10246
959.324923	-7604	-10246
959.374928	-7604	-10246
959.424933	-7604	-10246
959.474938	-7604	-10246
959.524943	-7604	-10246
959.574948	-7604	-10246
959.624953	-7604	-10246
959.674958	-7604	-10246
959.724963	-7604	-10246
959.774968	-7604	-10246
959.824973	-7604	-10246
959.874978	-7604	-10246
959.924983	-7604	-10246
959.974988	-7604	-10246
960.024993	-7604	-10246
960.074998	-7604	-10246
960.125003	-7604	-10246
960.175008	-7604	-10246
960.225013	-7604	-10246
960.275018	-7604	-10246
960.325023	-7604	-10246
960.375028	-7604	-10246
960.425033	-7604	-10246
960.475038	-7604	-10246
960.525043	-7604	-10246
960.575048	-7604	-10246
960.625053	-7604	-10246
960.675058	-7604	-10246
960.725063	-7604	-10246
960.775068	-7604	-10246
960.825073	-7604	-10246
960.875078	-7604	-10246
960.925083	-7604	-10246
960.975088	-7604	-10246
961.025093	-7604	-10246
961.075098	-7604	-10246
961.125103	-7604	-10246
961.175108	-7604	-10246
961.225113	-7604	-10246
961.275118	-7604	-10246
961.325123	-7604	-10246
961.375128	-7604	-10246
961.425133	-7604	-10246
961.475138	-7604	-10246
961.525143	-7604	-10246
961.575148	-7604	-10246
961.625153	-7604	-10246
961.675158	-7616	-10246
961.725163	-7660	-10246
961.775168	-7684	-10246
961.825173	-7756	-10246
961.875178	-7904	-10246
961.925183	-8060	-10246
961.975188	-8060	-10246
962.025193	-8060	-10246
962.075198	-8060	-10246
962.125203	-8060	-10246
962.175208	-8060	-10246
962.225213	-8060	-10246
962.275218	-8060	-10246
962.325223	-8060	-10246
962.375228	-8060	-10246
962.425233	-8060	-10246
962.475238	-8060	-10246
962.525243	-8060	-10246
962.575248	-8060	-10246
962.625253	-8060	-10246
962.675258	-8060	-10246
962.725263	-8060	-10246
962.775268	-8060	-10246
962.825273	-8060	-10246
962.875278	-8060	-10246
962.925283	-8060	-10246
962.975288	-8060	-10246
963.025293	-8060	-10246
963.075298	-8060	-10246
963.125303	-8060	-10246
963.175308	-8060	-10246
963.225313	-8060	-10246
963.275318	-8060	-10246
963.325323	-8060	-10246
963.375328	-8060	-10246
963.425333	-8060	-10238
963.475338	-8060	-10238
963.525343	-8060	-10238
963.575348	-8060	-10238
963.625353	-8060	-10238
963.675358	-8060	-10238
963.725363	-8060	-10238
963.775368	-8060	-10238
963.825373	-8060	-10238
963.875378	-8060	-10226
963.925383	-8060	-10182
963.975388	-8060	-10030
964.025393	-8060	-9822
964.075398	-8060	-9762
964.125403	-8060	-9654
964.175408	-8060	-9438
964.225413	-8060	-9246
964.275418	-8060	-8986
964.325423	-8060	-8858
964.375428	-8060	-8590
964.425433	-7772	-8430
964.475438	-7536	-8226
964.525443	-7452	-7938
964.575448	-7040	-7606
964.625453	-6504	-7350
964.675458	-5956	-7086
964.725463	-5600	-6862
964.775468	-5444	-6622
964.825473	-5308	-6466
964.875478	-5224	-6426
964.925483	-5196	-6386
964.975488	-5164	-6238
965.025493	-5120	-6222
965.075498	-4984	-6046
965.125503	-4632	-5742
965.175508	-3868	-5233
965.225513	-3240	-4717
965.275518	-2416	-4017
965.325523	-1508	-3153
965.375528	0	-1461
965.425533	0	0
965.475538	0	0
965.525543	0	0
965.575548	0	0
965.625553	0	0
965.675558	0	0
965.725563	0	0
965.775568	0	0
965.825573	0	0
965.875578	0	0
965.925583	0	0
965.975588	0	0
966.025593	0	0
966.075598	0	0
966.125603	0	0
966.175608	0	0
966.225613	0	0
966.275618	0	0
966.325623	0	0
966.375628	0	0
966.425633	0	0
966.475638	0	0
966.525643	0	0
966.575648	0	0
966.625653	0	0
966.675658	0	0
966.725663	0	0
966.775668	0	0
966.825673	0	0
966.875678	0	0
966.925683	0	0
966.975688	0	0
967.025693	0	0
967.075698	0	0
967.125703	0	0
967.175708	0	0
967.225713	0	0
967.275718	0	0
967.325723	0	0
967.375728	0	0
967.425733	0	0
967.475738	0	0
967.525743	0	0
967.575748	0	0
967.625753	0	0
967.675758	0	0
967.725763	0	0
967.775768	0	0
967.825773	0	0
967.875778	0	0
967.925783	0	0
967.975788	0	0
968.025793	0	0
968.075798	0	0
968.125803	0	0
968.175808	0	0
968.225813	0	0
968.275818	0	0
968.325823	0	0
968.375828	0	0
968.425833	0	0
968.475838	0	0
968.525843	0	0
968.575848	0	0
968.625853	0	0
968.675858	0	0
968.725863	0	0
968.775868	0	0
968.825873	0	0
968.875878	0	0
968.925883	0	0
968.975888	0	0
969.025893	0	0
969.075898	0	0
969.125903	0	0
969.175908	0	0
969.225913	0	0
969.275918	0	0
969.325923	0	0
969.375928	0	0
969.425933	0	0
969.475938	0	0
969.525943	0	0
969.575948	0	0
969.625953	0	0
969.675958	0	0
969.725963	0	0
969.775968	0	0
969.825973	0	0
969.875978	0	0
969.925983	0	0
969.975988	0	0
970.025993	0	0
970.075998	0	0
970.126003	0	0
970.176008	0	0
970.226013	0	0
970.276018	0	0
970.326023	0	0
970.376028	0	0
970.426033	0	0
970.476038	0	0
970.526043	0	0
970.576048	0	0
970.626053	0	0
970.676058	0	0
970.726063	0	0
970.776068	0	0
970.826073	0	0
970.876078	0	0
970.926083	0	0
970.976088	0	0
971.026093	0	0
971.076098	0	0
971.126103	0	0
971.176108	0	0
971.226113	0	0
971.276118	0	0
971.326123	0	0
971.376128	0	0
971.426133	0	0
971.476138	0	0
971.526143	0	0
971.576148	0	0
971.626153	0	0
971.676158	0	0
971.726163	0	0
971.776168	0	0
971.826173	0	0
971.876178	0	0
971.926183	0	0
971.976188	0	0
972.026193	0	0
972.076198	0	0
972.126203	0	0
972.176208	0	0
972.226213	0	0
972.276218	0	0
972.326223	0	0
972.376228	0	0
972.426233	0	0
972.476238	0	0
972.526243	0	0
972.576248	0	0
972.626253	0	0
972.676258	0	0
972.726263	0	0
972.776268	0	0
972.826273	0	0
972.876278	0	0
972.926283	0	0
972.976288	0	0
973.026293	0	0
973.076298	0	0
973.126303	0	0
973.176308	0	0
973.226313	0	0
973.276318	0	0
973.326323	0	0
973.376328	0	0
973.426333	0	0
973.476338	0	0
973.526343	0	0
973.576348	0	0
973.626353	0	0
973.676358	0	0
973.726363	0	0
973.776368	0	0
973.826373	0	0
973.876378	0	0
973.926383	0	0
973.976388	0	0
974.026393	0	0
974.075398	0	0
974.125403	0	0
974.175408	0	0
974.225413	0	0
974.275418	0	0
974.325423	0	0
974.375428	0	0
974.425433	0	0
974.475438	0	0
974.525443	0	0
974.575448	0	0
974.625453	0	0
974.675458	0	0
974.725463	0	0
974.775468	0	0
974.825473	0	0
974.875478	0	0
974.925483	0	0
974.975488	0	0
975.025493	0	0
975.075498	0	0
975.125503	0	0
975.175508	0	0
975.225513	0	0
975.275518	0	0
975.325523	0	0
975.375528	0	0
975.425533	0	0
975.475538	0	0
975.525543	0	0
975.575548	0	0
975.625553	0	0
975.675558	0	0
975.725563	0	0
975.775568	0	0
975.825573	0	0
975.875578	0	0
975.925583	0	0
975.975588	0	0
976.025593	0	0
976.075598	0	0
976.125603	0	0
976.175608	0	0
976.225613	0	0
976.275618	0	0
976.325623	0	0
976.375628	0	0
976.425633	0	0
976.475638	0	0
976.525643	0	0
976.575648	0	0
976.625653	0	0
976.675658	0	0
976.725663	0	0
976.775668	0	0
976.825673	0	0
976.875678	0	0
976.925683	0	0
976.975688	0	0
977.025693	0	0
977.075698	0	0
977.125703	0	0
977.175708	0	0
977.225713	0	0
977.275718	0	0
977.325723	0	0
977.375728	0	0
977.425733	0	0
977.475738	0	0
977.525743	0	0
977.575748	0	0
977.625753	0	0
977.675758	0	0
977.725763	0	0
977.775768	0	0
977.825773	0	0
977.875778	0	0
977.925783	0	0
977.975788	0	0
978.025793	0	0
978.075798	0	0
978.125803	0	0
978.175808	0	0
978.225813	0	0
978.275818	0	0
978.325823	0	0
978.375828	0	0
978.425833	0	0
978.475838	0	0
978.525843	0	0
978.575848	0	0
978.625853	0	0
978.675858	0	0
978.725863	0	0
978.775868	0	0
978.825873	0	0
978.875878	0	0
978.925883	0	0
978.975888	0	0
979.025893	0	0
979.075898	0	0
979.125903	0	0
979.175908	0	0
979.225913	0	0
979.275918	0	0
979.325923	0	0
979.375928	0	0
979.425933	0	0
979.475938	0	0
979.525943	0	0
979.575948	0	0
979.625953	0	0
979.675958	0	0
979.725963	0	0
979.775968	0	0
979.825973	0	0
979.875978	0	0
979.925983	0	0
979.975988	0	0
980.025993	0	0
980.075998	0	0
980.126003	0	0
980.176008	0	0
980.226013	0	0
980.276018	0	0
980.326023	0	0
980.376028	0	0
980.426033	0	0
980.476038	0	0
980.526043	0	0
980.576048	0	0
980.626053	0	0
980.676058	0	0
980.726063	0	0
980.776068	0	0
980.826073	0	0
980.876078	0	0
980.926083	0	0
980.976088	0	0
981.026093	0	0
981.076098	0	0
981.126103	0	0
981.176108	0	0
981.226113	0	0
981.276118	0	0
981.326123	0	0
981.376128	0	0
981.426133	0	0
981.476138	0	0
981.526143	0	0
981.576148	0	0
981.626153	0	0
981.676158	0	0
981.726163	0	0
981.776168	0	0
981.826173	0	0
981.876178	0	0
981.926183	0	0
981.976188	0	0
982.026193	0	0
982.076198	0	0
982.126203	0	0
982.176208	0	0
982.226213	0	0
982.276218	0	0
982.326223	0	0
982.376228	0	0
982.426233	0	0
982.476238	0	0
982.526243	0	0
982.576248	0	0
982.626253	0	0
982.676258	0	0
982.726263	0	0
982.776268	0	0
982.826273	0	0
982.876278	0	0
982.926283	0	0
982.976288	0	0
983.026293	0	0
983.076298	0	0
983.126303	0	0
983.176308	0	0
983.226313	0	0
983.276318	0	0
983.326323	0	0
983.376328	0	0
983.426333	0	0
983.476338	0	0
983.526343	0	0
983.576348	0	0
983.626353	0	0
983.676358	0	0
983.726363	0	0
983.776368	0	0
983.826373	0	0
983.876378	0	0
983.926383	0	0
983.976388	0	0
984.026393	0	0
984.076398	0	0
984.126403	0	0
984.176408	0	0
984.226413	0	0
984.276418	0	0
984.326423	0	0
984.376428	0	0
984.426433	0	0
984.476438	0	0
984.526443	0	0
984.576448	0	0
984.626453	0	0
984.676458	0	0
984.726463	0	0
984.776468	0	0
984.826473	0	0
984.876478	0	0
984.926483	0	0
984.976488	0	0
985.026493	0	0
985.076498	0	0
985.126503	0	0
985.176508	0	0
985.226513	0	0
985.276518	0	0
985.326523	0	0
985.376528	0	0
985.426533	0	0
985.476538	0	0
985.526543	0	0
985.576548	0	0
985.626553	0	0
985.676558	0	0
985.726563	0	0
985.776568	0	0
985.826573	0	0
985.876578	0	0
985.926583	0	0
985.976588	0	0
986.026593	0	0
986.076598	0	0
986.126603	0	0
986.176608	0	0
986.226613	0	0
986.276618	0	0
986.326623	0	0
986.376628	0	0
986.426633	0	0
986.476638	0	0
986.526643	0	0
986.576648	0	0
986.626653	0	0
986.676658	0	0
986.726663	0	0
986.776668	0	0
986.826673	0	0
986.876678	0	0
986.926683	0	0
986.976688	0	0
987.026693	0	0
987.076698	0	0
987.126703	0	0
987.176708	0	0
987.226713	0	0
987.276718	0	0
987.326723	0	0
987.376728	0	0
987.426733	0	0
987.476738	0	0
987.526743	0	0
987.576748	0	0
987.626753	0	0
987.676758	0	0
987.726763	0	0
987.776768	0	0
987.826773	0	0
987.876778	0	0
987.926783	0	0
987.976788	0	0
988.026793	0	0
988.076798	0	0
988.126803	0	0
988.176808	0	0
988.226813	0	0
988.276818	0	0
988.326823	0	0
988.376828	0	0
988.426833	0	0
988.476838	0	0
988.526843	0	0
988.576848	0	0
988.626853	0	0
988.676858	0	0
988.726863	0	0
988.776868	0	0
988.826873	0	0
988.876878	0	0
988.926883	0	0
988.976888	0	0
989.026893	0	0
989.076898	0	0
989.126903	0	0
989.176908	0	0
989.226913	0	0
989.276918	0	0
989.326923	0	0
989.376928	0	0
989.426933	0	0
989.476938	0	0
989.526943	0	0
989.578948	0	0
989.626953	0	0
989.676958	0	0
989.726963	0	0
989.776968	0	0
989.826973	0	0
989.876978	0	0
989.926983	0	0
989.976988	0	0
990.026993	0	0
990.076998	0	0
990.127003	0	0
990.177008	0	0
990.227013	0	0
990.277018	0	0
990.327023	0	0
990.377028	0	0
990.427033	0	0
990.477038	0	0
990.527043	0	0
990.577048	0	0
990.627053	0	0
990.678058	0	0
990.727063	0	0
990.777068	0	0
990.827073	0	0
990.877078	0	0
990.927083	0	0
990.977088	0	0
991.027093	0	0
991.077098	0	0
991.149105	0	0
991.177108	0	0
991.227113	0	0
991.277118	0	0
991.327123	0	0
991.377128	0	0
991.427133	0	0
991.477138	0	0
991.526143	0	0
991.576148	0	0
991.626153	0	0
991.676157	0	0
991.726162	0	0
991.776168	0	0
991.826173	0	0
991.876178	0	0
991.926183	0	0
991.976188	0	0
992.026193	0	0
992.076198	0	0
992.126203	0	0
992.176208	0	0
992.226213	0	0
992.276217	0	0
992.326223	0	0
992.376228	0	0
992.426233	0	0
992.476238	0	0
992.526243	0	0
992.576248	0	0
992.626253	0	0
992.676258	0	0
992.726263	0	0
992.776268	0	0
992.826272	0	0
992.876277	0	0
992.926283	0	0
992.976288	0	0
993.026293	0	0
993.076298	0	0
993.126303	0	0
993.176308	0	0
993.226313	0	0
993.276318	0	0
993.326323	0	0
993.376328	0	0
993.426332	0	0
993.476337	0	0
993.526343	0	0
993.576348	0	0
993.626353	0	0
993.676358	0	0
993.726363	0	0
993.776368	0	0
993.826373	0	0
993.876378	0	0
993.926383	0	0
993.976388	0	0
994.026392	0	0
994.076398	0	0
994.126403	0	0
994.176408	0	0
994.226413	0	0
994.276418	0	0
994.326423	0	0
994.376428	0	0
994.426433	0	0
994.476438	0	0
994.526443	0	0
994.576447	0	0
994.626452	0	0
994.676458	0	0
994.726463	0	0
994.776468	0	0
994.826473	0	0
994.876478	0	0
994.926483	0	0
994.976488	0	0
995.026493	0	0
995.076498	0	0
995.126503	0	0
995.176507	0	0
995.226512	0	0
995.276518	0	0
995.326523	0	0
995.376528	0	0
995.426533	0	0
995.476538	0	0
995.526543	0	0
995.576548	0	0
995.626553	0	0
995.676558	0	0
995.726562	0	0
995.776567	0	0
995.826573	0	0
995.876578	0	0
995.926583	0	0
995.976588	0	0
996.026593	0	0
996.076598	0	0
996.126603	0	0
996.176608	0	0
996.226613	0	0
996.276618	0	0
996.326622	0	0
996.376627	0	0
996.426633	0	0
996.476638	0	0
996.526643	0	0
996.576648	0	0
996.626653	0	0
996.676658	0	0
996.726663	0	0
996.776668	0	0
996.826673	0	0
996.876678	0	0
996.926682	0	0
996.976687	0	0
997.026693	0	0
997.076698	0	0
997.126703	0	0
997.176708	0	0
997.226713	0	0
997.276718	0	0
997.326723	0	0
997.376728	0	0
997.426733	0	0
997.476737	0	0
997.526742	0	0
997.576748	0	0
997.626753	0	0
997.676758	0	0
997.726763	0	0
997.776768	0	0
997.826773	0	0
997.876778	0	0
997.926783	0	0
997.976788	0	0
998.026793	0	0
998.076797	0	0
998.126802	0	0
998.176808	0	0
998.226813	0	0
998.276818	0	0
998.326823	0	0
998.376828	0	0
998.426833	0	0
998.476838	0	0
998.526843	0	0
998.576848	0	0
998.626853	0	0
998.676857	0	0
998.726862	0	0
998.776868	0	0
998.826873	0	0
998.876878	0	0
998.926883	0	0
998.976888	0	0
999.026893	0	0
999.076898	0	0
999.126903	0	0
999.176908	0	0
999.226912	0	0
999.276917	0	0
999.326923	0	0
999.376928	0	0
999.426933	0	0
999.476938	0	0
999.526943	0	0
999.576948	0	0
999.626953	0	0
999.676958	0	0
999.726963	0	0
999.776968	0	0
999.826972	0	0
999.876977	0	0
999.926983	0	0
999.976988	0	0
1000.026993	0	0
1000.076998	0	0
1000.127003	0	0
1000.177008	0	0
1000.227013	0	0
1000.277018	0	0
1000.327023	0	0
1000.377028	0	0
1000.427032	0	0
1000.477038	0	0
1000.527043	0	0
1000.577048	0	0
1000.627053	0	0
1000.677058	0	0
1000.727063	0	0
1000.777068	0	0
1000.827073	0	0
1000.877078	0	0
1000.927083	0	0
1000.977087	0	0
1001.027092	0	0
1001.077098	0	0
1001.127103	0	0
1001.177108	0	0
1001.227113	0	0
1001.277118	0	0
1001.327123	0	0
1001.377128	0	0
1001.427133	0	0
1001.477138	0	0
1001.527143	0	0
1001.577147	0	0
1001.627152	0	0
1001.677158	0	0
1001.727163	0	0
1001.777168	0	0
1001.827173	0	0
1001.877178	0	0
1001.927183	0	0
1001.977188	0	0
1002.027193	0	0
1002.077198	0	0
1002.127203	0	0
1002.177207	0	0
1002.227213	0	0
1002.277218	0	0
1002.327223	0	0
1002.377228	0	0
1002.427233	0	0
1002.477238	0	0
1002.527243	0	0
1002.577248	0	0
1002.627253	0	0
1002.677258	0	0
1002.727262	0	0
1002.777267	0	0
1002.827273	0	0
1002.877278	0	0
1002.927283	0	0
1002.977288	0	0
1003.027293	0	0
1003.077298	0	0
1003.127303	0	0
1003.177308	0	0
1003.227313	0	0
1003.277318	0	0
1003.327322	0	0
1003.377327	0	0
1003.427333	0	0
1003.477338	0	0
1003.527343	0	0
1003.577348	0	0
1003.627353	0	0
1003.677358	0	0
1003.727363	0	0
1003.777368	0	0
1003.827373	0	0
1003.877378	0	0
1003.927382	0	0
1003.977388	0	0
1004.027393	0	0
1004.077398	0	0
1004.127403	0	0
1004.177408	0	0
1004.227413	0	0
1004.277418	0	0
1004.327423	0	0
1004.377428	0	0
1004.427433	0	0
1004.477437	0	0
1004.527442	0	0
1004.577448	0	0
1004.627453	0	0
1004.677458	0	0
1004.727463	0	0
1004.777468	0	0
1004.827473	0	0
1004.877478	0	0
1004.927483	0	0
1004.977488	0	0
1005.027493	0	0
1005.077497	0	0
1005.127502	0	0
1005.177508	0	0
1005.227513	0	0
1005.277518	0	0
1005.327523	0	0
1005.377528	0	0
1005.427533	0	0
1005.477538	0	0
1005.527543	0	0
1005.577548	0	0
1005.627553	0	0
1005.677557	0	0
1005.727563	0	0
1005.777568	0	0
1005.827573	0	0
1005.877578	0	0
1005.927583	0	0
1005.977588	0	0
1006.027593	0	0
1006.077598	0	0
1006.127603	0	0
1006.177608	0	0
1006.227612	0	0
1006.277617	0	0
1006.327623	0	0
1006.377628	0	0
1006.427633	0	0
1006.477638	0	0
1006.527643	0	0
1006.577648	0	0
1006.627653	0	0
1006.677658	0	0
1006.727663	0	0
1006.777668	0	0
1006.827672	0	0
1006.877677	0	0
1006.927683	0	0
1006.977688	0	0
1007.027693	0	0
1007.077698	0	0
1007.127703	0	0
1007.177708	0	0
1007.227713	0	0
1007.277718	0	0
1007.327723	0	0
1007.377728	0	0
1007.427732	0	0
1007.477738	0	0
1007.527743	0	0
1007.577748	0	0
1007.627753	0	0
1007.677758	0	0
1007.727763	0	0
1007.777768	0	0
1007.827773	0	0
1007.877778	0	0
1007.927783	0	0
1007.977787	0	0
1008.027792	0	0
1008.077798	0	0
1008.127803	0	0
1008.177808	0	0
1008.227813	0	0
1008.277818	0	0
1008.327823	0	0
1008.377828	0	0
1008.427833	0	0
1008.477838	0	0
1008.527843	0	0
1008.577847	0	0
1008.627852	0	0
1008.677858	0	0
1008.727863	0	0
1008.777868	0	0
1008.827873	0	0
1008.877878	0	0
1008.927883	0	0
1008.977888	0	0
1009.026893	0	0
1009.076898	0	0
1009.126903	0	0
1009.176908	0	0
1009.226912	0	0
1009.276917	0	0
1009.326922	0	0
1009.376927	0	0
1009.426932	0	0
1009.476938	0	0
1009.526943	0	0
1009.576948	0	0
1009.626953	0	0
1009.676958	0	0
1009.726963	0	0
1009.776968	0	0
1009.826972	0	0
1009.876977	0	0
1009.926982	0	0
1009.976987	0	0
1010.026993	0	0
1010.076998	0	0
1010.127003	0	0
1010.177008	0	0
1010.227013	0	0
1010.277018	0	0
1010.327023	0	0
1010.377028	0	0
1010.427032	0	0
1010.477037	0	0
1010.527042	0	0
1010.577047	0	0
1010.627053	0	0
1010.677058	0	0
1010.727063	0	0
1010.777068	0	0
1010.827073	0	0
1010.877078	0	0
1010.927083	0	0
1010.977087	0	0
1011.027092	0	0
1011.077097	0	0
1011.127102	0	0
1011.177107	0	0
1011.227113	0	0
1011.277118	0	0
1011.327123	0	0
1011.377128	0	0
1011.427133	0	0
1011.477138	0	0
1011.527143	0	0
1011.577147	0	0
1011.627152	0	0
1011.677157	0	0
1011.727162	0	0
1011.777168	0	0
1011.827173	0	0
1011.877178	0	0
1011.927183	0	0
1011.977188	0	0
1012.027193	0	0
1012.077198	0	0
1012.127203	0	0
1012.177207	0	0
1012.227212	0	0
1012.277217	0	0
1012.327222	0	0
1012.377228	0	0
1012.427233	0	0
1012.477238	0	0
1012.527243	0	0
1012.577248	0	0
1012.627253	0	0
1012.677258	0	0
1012.727262	0	0
1012.777267	0	0
1012.827272	0	0
1012.877277	0	0
1012.927282	0	0
1012.977288	0	0
1013.027293	0	0
1013.077298	0	0
1013.127303	0	0
1013.177308	0	0
1013.227313	0	0
1013.277318	0	0
1013.327322	0	0
1013.377327	0	0
1013.427332	0	0
1013.477337	0	0
1013.527343	0	0
1013.577348	0	0
1013.627353	0	0
1013.677358	0	0
1013.727363	0	0
1013.777368	0	0
1013.827373	0	0
1013.877378	0	0
1013.927382	0	0
1013.977387	0	0
1014.027392	0	0
1014.077397	0	0
1014.127403	0	0
1014.177408	0	0
1014.227413	0	0
1014.277418	0	0
1014.327423	0	0
1014.377428	0	0
1014.427433	0	0
1014.477437	0	0
1014.527442	0	0
1014.577447	0	0
1014.627452	0	0
1014.677457	0	0
1014.727463	0	0
1014.777468	0	0
1014.827473	0	0
1014.877478	0	0
1014.927483	0	0
1014.977488	0	0
1015.027493	0	0
1015.077497	0	0
1015.127502	0	0
1015.177507	0	0
1015.227512	0	0
1015.277518	0	0
1015.327523	0	0
1015.377528	0	0
1015.427533	0	0
1015.477538	0	0
1015.527543	0	0
1015.577548	0	0
1015.627553	0	0
1015.677557	0	0
1015.727562	0	0
1015.777567	0	0
1015.827572	0	0
1015.877578	0	0
1015.927583	0	0
1015.977588	0	0
1016.027593	0	0
1016.077598	0	0
1016.127603	0	0
1016.177608	0	0
1016.227612	0	0
1016.277617	0	0
1016.327622	0	0
1016.377627	0	0
1016.427632	0	0
1016.477638	0	0
1016.527643	0	0
1016.577648	0	0
1016.627653	0	0
1016.677658	0	0
1016.727663	0	0
1016.777668	0	0
1016.827672	0	0
1016.877677	0	0
1016.927682	0	0
1016.977687	0	0
1017.027693	0	0
1017.077698	0	0
1017.127703	0	0
1017.177708	0	0
1017.227713	0	0
1017.277718	0	0
1017.327723	0	0
1017.377728	0	0
1017.427732	0	0
1017.477737	0	0
1017.527742	0	0
1017.577747	0	0
1017.627753	0	0
1017.677758	0	0
1017.727763	0	0
1017.777768	0	0
1017.827773	0	0
1017.877778	0	0
1017.927783	0	0
1017.977787	0	0
1018.027792	0	0
1018.077797	0	0
1018.127802	0	0
1018.177807	0	0
1018.227813	0	0
1018.277818	0	0
1018.327823	0	0
1018.377828	0	0
1018.427833	0	0
1018.477838	0	0
1018.527843	0	0
1018.577847	0	0
1018.627852	0	0
1018.677857	0	0
1018.727862	0	0
1018.777868	0	0
1018.827873	0	0
1018.877878	0	0
1018.927883	0	0
1018.977888	0	0
1019.027893	0	0
1019.077898	0	0
1019.127903	0	0
1019.177907	0	0
1019.227912	0	0
1019.277917	0	0
1019.327922	0	0
1019.377928	0	0
1019.427933	0	0
1019.477938	0	0
1019.527943	0	0
1019.577948	0	0
1019.627953	0	0
1019.677958	0	0
1019.727962	0	0
1019.777967	0	0
1019.827972	0	0
1019.877977	0	0
1019.927983	0	0
1019.977988	0	0
1020.027993	0	0
1020.077998	0	0
1020.128003	0	0
1020.178008	0	0
1020.228013	0	0
1020.278018	0	0
1020.328022	0	0
1020.378027	0	0
1020.428032	0	0
1020.478037	0	0
1020.528043	0	0
1020.578048	0	0
1020.628053	0	0
1020.678058	0	0
1020.728063	0	0
1020.778068	0	0
1020.828073	0	0
1020.878078	0	0
1020.928082	0	0
1020.978087	0	0
1021.028092	0	0
1021.078097	0	0
1021.128103	0	0
1021.178108	0	0
1021.228113	0	0
1021.278118	0	0
1021.328123	0	0
1021.378128	0	0
1021.428133	0	0
1021.478137	0	0
1021.528142	0	0
1021.578147	0	0
1021.628152	0	0
1021.678158	0	0
1021.728163	0	0
1021.778168	0	0
1021.828173	0	0
1021.878178	0	0
1021.928183	0	0
1021.978188	0	0
1022.028193	0	0
1022.078197	0	0
1022.128202	0	0
1022.178207	0	0
1022.228212	0	0
1022.278218	0	0
1022.328223	0	0
1022.378228	0	0
1022.428233	0	0
1022.478238	0	0
1022.528243	0	0
1022.578248	0	0
1022.628253	0	0
1022.678257	0	0
1022.728262	0	0
1022.778267	0	0
1022.828272	0	0
1022.878278	0	0
1022.928283	0	0
1022.978288	0	0
1023.028293	0	0
1023.078298	0	0
1023.128303	0	0
1023.178308	0	0
1023.228312	0	0
1023.278317	0	0
1023.328322	0	0
1023.378327	0	0
1023.428333	0	0
1023.478338	0	0
1023.528343	0	0
1023.578348	0	0
1023.628353	0	0
1023.678358	0	0
1023.728363	0	0
1023.778368	0	0
1023.828372	0	0
1023.878377	0	0
1023.928382	0	0
1023.978387	0	0
1024.028393	0	0
1024.080398	0	0
1024.128403	0	0
1024.178408	0	0
1024.228413	0	0
1024.278418	0	0
1024.328423	0	0
1024.378428	0	0
1024.428432	0	0
1024.478437	0	0
1024.528442	0	0
1024.578447	0	0
1024.628453	0	0
1024.678458	0	0
1024.728463	0	0
1024.778468	0	0
1024.828473	0	0
1024.878478	0	0
1024.928483	0	0
1024.978487	0	0
1025.028492	0	0
1025.078497	0	0
1025.128502	0	0
1025.178508	0	0
1025.228513	0	0
1025.278518	0	0
1025.328523	0	0
1025.378528	0	0
1025.428533	0	0
1025.478538	0	0
1025.528543	0	0
1025.578547	0	0
1025.628552	0	0
1025.678557	0	0
1025.728562	0	0
1025.778568	0	0
1025.828573	0	0
1025.878578	0	0
1025.928583	0	0
1025.978588	0	0
1026.028593	0	0
1026.078598	0	0
1026.128603	0	0
1026.178607	0	0
1026.228612	0	0
1026.278617	0	0
1026.328622	0	0
1026.378628	0	0
1026.428633	0	0
1026.478638	0	0
1026.527642	0	0
1026.577648	0	0
1026.627653	0	0
1026.677658	0	0
1026.727663	0	0
1026.777668	0	0
1026.827672	0	0
1026.877677	0	0
1026.927682	0	0
1026.977687	0	0
1027.027692	0	0
1027.077697	0	0
1027.127702	0	0
1027.177708	0	0
1027.227713	0	0
1027.277718	0	0
1027.327723	0	0
1027.377728	0	0
1027.427732	0	0
1027.477737	0	0
1027.527742	0	0
1027.577747	0	0
1027.627752	0	0
1027.677757	0	0
1027.727763	0	0
1027.777768	0	0
1027.827773	0	0
1027.877778	0	0
1027.927783	0	0
1027.977787	0	0
1028.027792	0	0
1028.077797	0	0
1028.127802	0	0
1028.177807	0	0
1028.227812	0	0
1028.277817	0	0
1028.327823	0	0
1028.377828	0	0
1028.427833	0	0
1028.477838	0	0
1028.527843	0	0
1028.577847	0	0
1028.627852	0	0
1028.677857	0	0
1028.727862	0	0
1028.777867	0	0
1028.827872	0	0
1028.877877	0	0
1028.927883	0	0
1028.977888	0	0
1029.027893	0	0
1029.077898	0	0
1029.127903	0	0
1029.177907	0	0
1029.227912	0	0
1029.277917	0	0
1029.327922	0	0
1029.377927	0	0
1029.427932	0	0
1029.477938	0	0
1029.527943	0	0
1029.577948	0	0
1029.627953	0	0
1029.677958	0	0
1029.727962	0	0
1029.777967	0	0
1029.827972	0	0
1029.877977	0	0
1029.927982	0	0
1029.977987	0	0
1030.027992	0	0
1030.077998	0	0
1030.128003	0	0
1030.178008	0	0
1030.228013	0	0
1030.278018	0	0
1030.328022	0	0
1030.378027	0	0
1030.428032	0	0
1030.478037	0	0
1030.528042	0	0
1030.578047	0	0
1030.628052	0	0
1030.678058	0	0
1030.728063	0	0
1030.778068	0	0
1030.828073	0	0
1030.878078	0	0
1030.928082	0	0
1030.978087	0	0
1031.028092	0	0
1031.078097	0	0
1031.128102	0	0
1031.178107	0	0
1031.228113	0	0
1031.278118	0	0
1031.328123	0	0
1031.378128	0	0
1031.428133	0	0
1031.478137	0	0
1031.528142	0	0
1031.578147	0	0
1031.628152	0	0
1031.678157	0	0
1031.728162	0	0
1031.778167	0	0
1031.828173	0	0
1031.878178	0	0
1031.928183	0	0
1031.978188	0	0
1032.028193	0	0
1032.078197	0	0
1032.128202	0	0
1032.178207	0	0
1032.228212	0	0
1032.278217	0	0
1032.328222	0	0
1032.378227	0	0
1032.428233	0	0
1032.478238	0	0
1032.528243	0	0
1032.578248	0	0
1032.628253	0	0
1032.678257	0	0
1032.728262	0	0
1032.778267	0	0
1032.828272	0	0
1032.878277	0	0
1032.928282	0	0
1032.978288	0	0
1033.028293	0	0
1033.078298	0	0
1033.128303	0	0
1033.178308	0	0
1033.228312	0	0
1033.278317	0	0
1033.328322	0	0
1033.378327	0	0
1033.428332	0	0
1033.478337	0	0
1033.528342	0	0
1033.578348	0	0
1033.628353	0	0
1033.678358	0	0
1033.728363	0	0
1033.778368	0	0
1033.828372	0	0
1033.878377	0	0
1033.928382	0	0
1033.978387	0	0
1034.028392	0	0
1034.078397	0	0
1034.128402	0	0
1034.178408	0	0
1034.228413	0	0
1034.278418	0	0
1034.328423	0	0
1034.378428	0	0
1034.428432	0	0
1034.478437	0	0
1034.528442	0	0
1034.578447	0	0
1034.628452	0	0
1034.678457	0	0
1034.728463	0	0
1034.778468	0	0
1034.828473	0	0
1034.878478	0	0
1034.928483	0	0
1034.978487	0	0
1035.028492	0	0
1035.078497	0	0
1035.128502	0	0
1035.178507	0	0
1035.228512	0	0
1035.278517	0	0
1035.328523	0	0
1035.378528	0	0
1035.428533	0	0
1035.478538	0	0
1035.528543	0	0
1035.578547	0	0
1035.628552	0	0
1035.678557	0	0
1035.728562	0	0
1035.778567	0	0
1035.828572	0	0
1035.878577	0	0
1035.928583	0	0
1035.978588	0	0
1036.028593	0	0
1036.078598	0	0
1036.128603	0	0
1036.178607	0	0
1036.228612	0	0
1036.278617	0	0
1036.328622	0	0
1036.378627	0	0
1036.428632	0	0
1036.478638	0	0
1036.528643	0	0
1036.578648	0	0
1036.628653	0	0
1036.678658	0	0
1036.728662	0	0
1036.778667	0	0
1036.828672	0	0
1036.878677	0	0
1036.928682	0	0
1036.978687	0	0
1037.028692	0	0
1037.078698	0	0
1037.128703	0	0
1037.178708	0	0
1037.228713	0	0
1037.278718	0	0
1037.328722	0	0
1037.378727	0	0
1037.428732	0	0
1037.478737	0	0
1037.528742	0	0
1037.578747	0	0
1037.628752	0	0
1037.678758	0	0
1037.728763	0	0
1037.778768	0	0
1037.828773	0	0
1037.878778	0	0
1037.928782	0	0
1037.978787	0	0
1038.028792	0	0
1038.078797	0	0
1038.128802	0	0
1038.178807	0	0
1038.228813	0	0
1038.278818	0	0
1038.328823	0	0
1038.378828	0	0
1038.428833	0	0
1038.478837	0	0
1038.528842	0	0
1038.578847	0	0
1038.628852	0	0
1038.678857	0	0
1038.728862	0	0
1038.778867	0	0
1038.828873	0	0
1038.878878	0	0
1038.928883	0	0
1038.978888	0	0
1039.028893	0	0
1039.078897	0	0
1039.128902	0	0
1039.178907	0	0
1039.228912	0	0
1039.278917	0	0
1039.328922	0	0
1039.378927	0	0
1039.428933	0	0
1039.478938	0	0
1039.528943	0	0
1039.578948	0	0
1039.628953	0	0
1039.678957	0	0
1039.728962	0	0
1039.778967	0	0
1039.828972	0	0
1039.878977	0	0
1039.928982	0	0
1039.978988	0	0
1040.028993	0	0
1040.078998	0	0
1040.129003	0	0
1040.179008	0	0
1040.229012	0	0
1040.279017	0	0
1040.329022	0	0
1040.379027	0	0
1040.429032	0	0
1040.479037	0	0
1040.529042	0	0
1040.579048	0	0
1040.629053	0	0
1040.679058	0	0
1040.729063	0	0
1040.779068	0	0
1040.829072	0	0
1040.879077	0	0
1040.929082	0	0
1040.979087	0	0
1041.029092	0	0
1041.079097	0	0
1041.129103	0	0
1041.179108	0	0
1041.229113	0	0
1041.279118	0	0
1041.329123	0	0
1041.379128	0	0
1041.429132	0	0
1041.479137	0	0
1041.529142	0	0
1041.579147	0	0
1041.629152	0	0
1041.679157	0	0
1041.729163	0	0
1041.779168	0	0
1041.829173	0	0
1041.879178	0	0
1041.929183	0	0
1041.979187	0	0
1042.029192	0	0
1042.079197	0	0
1042.129202	0	0
1042.179207	0	0
1042.229212	0	0
1042.279217	0	0
1042.329223	0	0
1042.379228	0	0
1042.429233	0	0
1042.479238	0	0
1042.529243	0	0
1042.579247	0	0
1042.629252	0	0
1042.679257	0	0
1042.729262	0	0
1042.779267	0	0
1042.829272	0	0
1042.879278	0	0
1042.929283	0	0
1042.979288	0	0
1043.029293	0	0
1043.079298	0	0
1043.129303	0	0
1043.179307	0	0
1043.229312	0	0
1043.279317	0	0
1043.329322	0	0
1043.379327	0	0
1043.429332	0	0
1043.479338	0	0
1043.529343	0	0
1043.579348	0	0
1043.629353	0	0
1043.679358	0	0
1043.729362	0	0
1043.779367	0	0
1043.829372	0	0
1043.879377	0	0
1043.929382	0	0
1043.978387	0	0
1044.028392	0	0
1044.078397	0	0
1044.128402	0	0
1044.178407	0	0
1044.228412	0	0
1044.278418	0	0
1044.328423	0	0
1044.378428	0	0
1044.428432	0	0
1044.478437	0	0
1044.528442	0	0
1044.578447	0	0
1044.628452	0	0
1044.678457	0	0
1044.728462	0	0
1044.778467	0	0
1044.828472	0	0
1044.878478	0	0
1044.928483	0	0
1044.978487	0	0
1045.028492	0	0
1045.078497	0	0
1045.128502	0	0
1045.178507	0	0
1045.228512	0	0
1045.278517	0	0
1045.328522	0	0
1045.378527	0	0
1045.428533	0	0
1045.478538	0	0
1045.528543	0	0
1045.578547	0	0
1045.628552	0	0
1045.678557	0	0
1045.728562	0	0
1045.778567	0	0
1045.828572	0	0
1045.878577	0	0
1045.928582	0	0
1045.978587	0	0
1046.028593	0	0
1046.078598	0	0
1046.128603	0	0
1046.178607	0	0
1046.228612	0	0
1046.278617	0	0
1046.328622	0	0
1046.378627	0	0
1046.428632	0	0
1046.478637	0	0
1046.528642	0	0
1046.578647	0	0
1046.628653	0	0
1046.678658	0	0
1046.728662	0	0
1046.778667	0	0
1046.828672	0	0
1046.878677	0	0
1046.928682	0	0
1046.978687	0	0
1047.028692	0	0
1047.078697	0	0
1047.128702	0	0
1047.178708	0	0
1047.228713	0	0
1047.278718	0	0
1047.328722	0	0
1047.378727	0	0
1047.428732	0	0
1047.478737	0	0
1047.528742	0	0
1047.578747	0	0
1047.628752	0	0
1047.678757	0	0
1047.728762	0	0
1047.778768	0	0
1047.828773	0	0
1047.878778	0	0
1047.928782	0	0
1047.978787	0	0
1048.028792	0	0
1048.078797	0	0
1048.128802	0	0
1048.178807	0	0
1048.228812	0	0
1048.278817	0	0
1048.328822	0	0
1048.378828	0	0
1048.428833	0	0
1048.478837	0	0
1048.528842	0	0
1048.578847	0	0
1048.628852	0	0
1048.678857	0	0
1048.728862	0	0
1048.778867	0	0
1048.828872	0	0
1048.878877	0	0
1048.928883	0	0
1048.978888	0	0
1049.028893	0	0
1049.078897	0	0
1049.128902	0	0
1049.178907	0	0
1049.228912	0	0
1049.278917	0	0
1049.328922	0	0
1049.378927	0	0
1049.428932	0	0
1049.478937	0	0
1049.528943	0	0
1049.578948	0	0
1049.628953	0	0
1049.678957	0	0
1049.728962	0	0
1049.778967	0	0
1049.828972	0	0
1049.878977	0	0
1049.928982	0	0
1049.978987	0	0
1050.028992	0	0
1050.078997	0	0
1050.129003	0	0
1050.179008	0	0
1050.229012	0	0
1050.279017	0	0
1050.329022	0	0
1050.379027	0	0
1050.429032	0	0
1050.479037	0	0
1050.529042	0	0
1050.579047	0	0
1050.629052	0	0
1050.679058	0	0
1050.729063	0	0
1050.779068	0	0
1050.829072	0	0
1050.879077	0	0
1050.929082	0	0
1050.979087	0	0
1051.029092	0	0
1051.079097	0	0
1051.129102	0	0
1051.179107	0	0
1051.229112	0	0
1051.279118	0	0
1051.329123	0	0
1051.379128	0	0
1051.429132	0	0
1051.479137	0	0
1051.529142	0	0
1051.579147	0	0
1051.629152	0	0
1051.679157	0	0
1051.729162	0	0
1051.779167	0	0
1051.829172	0	0
1051.879178	0	0
1051.929183	0	0
1051.979187	0	0
1052.029192	0	0
1052.079197	0	0
1052.129202	0	0
1052.179207	0	0
1052.229212	0	0
1052.279217	0	0
1052.329222	0	0
1052.379227	0	0
1052.429233	0	0
1052.479238	0	0
1052.529243	0	0
1052.579247	0	0
1052.629252	0	0
1052.679257	0	0
1052.729262	0	0
1052.779267	0	0
1052.829272	0	0
1052.879277	0	0
1052.929282	0	0
1052.979287	0	0
1053.029293	0	0
1053.079298	0	0
1053.129303	0	0
1053.179307	0	0
1053.229312	0	0
1053.279317	0	0
1053.329322	0	0
1053.379327	0	0
1053.429332	0	0
1053.479337	0	0
1053.529342	0	0
1053.579347	0	0
1053.629353	0	0
1053.679358	0	0
1053.729362	0	0
1053.779367	0	0
1053.829372	0	0
1053.879377	0	0
1053.929382	0	0
1053.979387	0	0
1054.029392	0	0
1054.079397	0	0
1054.129402	0	0
1054.179408	0	0
1054.229413	0	0
1054.279418	0	0
1054.329422	0	0
1054.379427	0	0
1054.429432	0	0
1054.479437	0	0
1054.529442	0	0
1054.579447	0	0
1054.629452	0	0
1054.679457	0	0
1054.729462	0	0
1054.779468	0	0
1054.829473	0	0
1054.879478	0	0
1054.929482	0	0
1054.979487	0	0
1055.029492	0	0
1055.079497	0	0
1055.129502	0	0
1055.179507	0	0
1055.229512	0	0
1055.279517	0	0
1055.329522	0	0
1055.379528	0	0
1055.429533	0	0
1055.479537	0	0
1055.529542	0	0
1055.579547	0	0
1055.629552	0	0
1055.679557	0	0
1055.729562	0	0
1055.779567	0	0
1055.829572	0	0
1055.879577	0	0
1055.929583	0	0
1055.979588	0	0
1056.029593	0	0
1056.079597	0	0
1056.129602	0	0
1056.179607	0	0
1056.229612	0	0
1056.279617	0	0
1056.329622	0	0
1056.379627	0	0
1056.429632	0	0
1056.479637	0	0
1056.529643	0	0
1056.579648	0	0
1056.629653	0	0
1056.679657	0	0
1056.729662	0	0
1056.779667	0	0
1056.829672	0	0
1056.879677	0	0
1056.929682	0	0
1056.979687	0	0
1057.029692	0	0
1057.079697	0	0
1057.129703	0	0
1057.179708	0	0
1057.229712	0	0
1057.279717	0	0
1057.329722	0	0
1057.379727	0	0
1057.429732	0	0
1057.479737	0	0
1057.529742	0	0
1057.579747	0	0
1057.629752	0	0
1057.679758	0	0
1057.729763	0	0
1057.779768	0	0
1057.829772	0	0
1057.879777	0	0
1057.929782	0	0
1057.979787	0	0
1058.029792	0	0
1058.079797	0	0
1058.129802	0	0
1058.179807	0	0
1058.229812	0	0
1058.279818	0	0
1058.329823	0	0
1058.379827	0	0
1058.429832	0	0
1058.479837	0	0
1058.529842	0	0
1058.579847	0	0
1058.629852	0	0
1058.679857	0	0
1058.729862	0	0
1058.779867	0	0
1058.829872	0	0
1058.879878	0	0
1058.929883	0	0
1058.979887	0	0
1059.029892	0	0
1059.079897	0	0
1059.129902	0	0
1059.179907	0	0
1059.229912	0	0
1059.279917	0	0
1059.329922	0	0
1059.379927	0	0
1059.429933	0	0
1059.479938	0	0
1059.529943	0	0
1059.579947	0	0
1059.629952	0	0
1059.679957	0	0
1059.729962	0	0
1059.779967	0	0
1059.829972	0	0
1059.879977	0	0
1059.929982	0	0
1059.979987	0	0
1060.029993	0	0
1060.079998	0	0
1060.130002	0	0
1060.180007	0	0
1060.230012	0	0
1060.280017	0	0
1060.330022	0	0
1060.380027	0	0
1060.430032	0	0
1060.480037	0	0
1060.530042	0	0
1060.580047	0	0
1060.630053	0	0
1060.680058	0	0
1060.730062	0	0
1060.780067	0	0
1060.830072	0	0
1060.880077	0	0
1060.930082	0	0
1060.980087	0	0
1061.030092	0	0
1061.080097	0	0
1061.130102	0	0
1061.180108	0	0
1061.230113	0	0
1061.280118	0	0
1061.330122	0	0
1061.380127	0	0
1061.430132	0	0
1061.479137	0	0
1061.529142	0	0
1061.579147	0	0
1061.629152	0	0
1061.679157	0	0
1061.729162	0	0
1061.779167	0	0
1061.829172	0	0
1061.879177	0	0
1061.929182	0	0
1061.979187	0	0
1062.029192	0	0
1062.079197	0	0
1062.129202	0	0
1062.179207	0	0
1062.229212	0	0
1062.279217	0	0
1062.329222	0	0
1062.379227	0	0
1062.429232	0	0
1062.479237	0	0
1062.529242	0	0
1062.579247	0	0
1062.629252	0	0
1062.679257	0	0
1062.729262	0	0
1062.779267	0	0
1062.829272	0	0
1062.879277	0	0
1062.929282	0	0
1062.979287	0	0
1063.029292	0	0
1063.079297	0	0
1063.151304	0	0
1063.179307	0	0
1063.229312	0	0
1063.279317	0	0
1063.329322	0	0
1063.379327	0	0
1063.429332	0	0
1063.479337	0	0
1063.529342	0	0
1063.579347	0	0
1063.629352	0	0
1063.679357	0	0
1063.729362	0	0
1063.779367	0	0
1063.829372	0	0
1063.879377	0	0
1063.929382	0	0
1063.979387	0	0
1064.029392	0	0
1064.079397	0	0
1064.129402	0	0
1064.179407	0	0
1064.229412	0	0
1064.279417	0	0
1064.329422	0	0
1064.379427	0	0
1064.429432	0	0
1064.479437	0	0
1064.529442	0	0
1064.579447	0	0
1064.629452	0	0
1064.679457	0	0
1064.729462	0	0
1064.779467	0	0
1064.829472	0	0
1064.879478	0	0
1064.929482	0	0
1064.979487	0	0
1065.029492	0	0
1065.079497	0	0
1065.129502	0	0
1065.179507	0	0
1065.229512	0	0
1065.279517	0	0
1065.329522	0	0
1065.379527	0	0
1065.429532	0	0
1065.479537	0	0
1065.529542	0	0
1065.579547	0	0
1065.629552	0	0
1065.679557	0	0
1065.729562	0	0
1065.779567	0	0
1065.829572	0	0
1065.879577	0	0
1065.929582	0	0
1065.979587	0	0
1066.029592	0	0
1066.079597	0	0
1066.129602	0	0
1066.179607	0	0
1066.229612	0	0
1066.279617	0	0
1066.329622	0	0
1066.379627	0	0
1066.429632	0	0
1066.479637	0	0
1066.529642	0	0
1066.579647	0	0
1066.629653	0	0
1066.679657	0	0
1066.729662	0	0
1066.779667	0	0
1066.829672	0	0
1066.879677	0	0
1066.929682	0	0
1066.979687	0	0
1067.029692	0	0
1067.079697	0	0
1067.129702	0	0
1067.179707	0	0
1067.229712	0	0
1067.279717	0	0
1067.329722	0	0
1067.379727	0	0
1067.429732	0	0
1067.479737	0	0
1067.529742	0	0
1067.579747	0	0
1067.629752	0	0
1067.679757	0	0
1067.729762	0	0
1067.779767	0	0
1067.829772	0	0
1067.879777	0	0
1067.929782	0	0
1067.979787	0	0
1068.029792	0	0
1068.079797	0	0
1068.129802	0	0
1068.179807	0	0
1068.229812	0	0
1068.279817	0	0
1068.329822	0	0
1068.379827	0	0
1068.429832	0	0
1068.479837	0	0
1068.529842	0	0
1068.579847	0	0
1068.629852	0	0
1068.679857	0	0
1068.729862	0	0
1068.779867	0	0
1068.829872	0	0
1068.879877	0	0
1068.929882	0	0
1068.979887	0	0
1069.029892	0	0
1069.079897	0	0
1069.129902	0	0
1069.179907	0	0
1069.229912	0	0
1069.279917	0	0
1069.329922	0	0
1069.379927	0	0
1069.429932	0	0
1069.479937	0	0
1069.529942	0	0
1069.579947	0	0
1069.629952	0	0
1069.679957	0	0
1069.729962	0	0
1069.779967	0	0
1069.829972	0	0
1069.879977	0	0
1069.929982	0	0
1069.979987	0	0
1070.029992	0	0
1070.079997	0	0
1070.130002	0	0
1070.180007	0	0
1070.230012	0	0
1070.280017	0	0
1070.330022	0	0
1070.380027	0	0
1070.430032	0	0
1070.480037	0	0
1070.530042	0	0
1070.580047	0	0
1070.630052	0	0
1070.680057	0	0
1070.730062	0	0
1070.780067	0	0
1070.830072	0	0
1070.880077	0	0
1070.930082	0	0
1070.980087	0	0
1071.030092	0	0
1071.080097	0	0
1071.130102	0	0
1071.180107	0	0
1071.230112	0	0
1071.280117	0	0
1071.330122	0	0
1071.380127	0	0
1071.430132	0	0
1071.480137	0	0
1071.530142	0	0
1071.580147	0	0
1071.630152	0	0
1071.680157	0	0
1071.730162	0	0
1071.780167	0	0
1071.830172	0	0
1071.880177	0	0
1071.930182	0	0
1071.980187	0	0
1072.030192	0	0
1072.080197	0	0
1072.130202	0	0
1072.180207	0	0
1072.230212	0	0
1072.280217	0	0
1072.330222	0	0
1072.380227	0	0
1072.430232	0	0
1072.480237	0	0
1072.530242	0	0
1072.580247	0	0
1072.630252	0	0
1072.680257	0	0
1072.730262	0	0
1072.780267	0	0
1072.830272	0	0
1072.880277	0	0
1072.930282	0	0
1072.980287	0	0
1073.030292	0	0
1073.080297	0	0
1073.130302	0	0
1073.180307	0	0
1073.230312	0	0
1073.280317	0	0
1073.330322	0	0
1073.380327	0	0
1073.430332	0	0
1073.480337	0	0
1073.530342	0	0
1073.580347	0	0
1073.630352	0	0
1073.680357	0	0
1073.730362	0	0
1073.780367	0	0
1073.830372	0	0
1073.880377	0	0
1073.930382	0	0
1073.980387	0	0
1074.030392	0	0
1074.080397	0	0
1074.130402	0	0
1074.180407	0	0
1074.230412	0	0
1074.280417	0	0
1074.330422	0	0
1074.380427	0	0
1074.430432	0	0
1074.480437	0	0
1074.530442	0	0
1074.580447	0	0
1074.630452	0	0
1074.680457	0	0
1074.730462	0	0
1074.780467	0	0
1074.830472	0	0
1074.880477	0	0
1074.930482	0	0
1074.980487	0	0
1075.030492	0	0
1075.080497	0	0
1075.130502	0	0
1075.180507	0	0
1075.230512	0	0
1075.280517	0	0
1075.330522	0	0
1075.380527	0	0
1075.430532	0	0
1075.480537	0	0
1075.530542	0	0
1075.580547	0	0
1075.630552	0	0
1075.680557	0	0
1075.730562	0	0
1075.780567	0	0
1075.830572	0	0
1075.880577	0	0
1075.930582	0	0
1075.980587	0	0
1076.030592	0	0
1076.080597	0	0
1076.130602	0	0
1076.180607	0	0
1076.230612	0	0
1076.280617	0	0
1076.330622	0	0
1076.380627	0	0
1076.430632	0	0
1076.480637	0	0
1076.530642	0	0
1076.580647	0	0
1076.630652	0	0
1076.680657	0	0
1076.730662	0	0
1076.780667	0	0
1076.830672	0	0
1076.880677	0	0
1076.930682	0	0
1076.980687	0	0
1077.030692	0	0
1077.080697	0	0
1077.130702	0	0
1077.180707	0	0
1077.230712	0	0
1077.280717	0	0
1077.330722	0	0
1077.380727	0	0
1077.430732	0	0
1077.480737	0	0
1077.530742	0	0
1077.580747	0	0
1077.630752	0	0
1077.680757	0	0
1077.730762	0	0
1077.780767	0	0
1077.830772	0	0
1077.880777	0	0
1077.930782	0	0
1077.980787	0	0
1078.030792	0	0
1078.080797	0	0
1078.130802	0	0
1078.180807	0	0
1078.230812	0	0
1078.280817	0	0
1078.330822	0	0
1078.380827	0	0
1078.430832	0	0
1078.480837	0	0
1078.530842	0	0
1078.580847	0	0
1078.630852	0	0
1078.680857	0	0
1078.730862	0	0
1078.780867	0	0
1078.830872	0	0
1078.880877	0	0
1078.930882	0	0
1078.979887	0	0
1079.029892	0	0
1079.079897	0	0
1079.129902	0	0
1079.179907	0	0
1079.229912	0	0
1079.279917	0	0
1079.329922	0	0
1079.379927	0	0
1079.429932	0	0
1079.479937	0	0
1079.529942	0	0
1079.579947	0	0
1079.629952	0	0
1079.679957	0	0
1079.729962	0	0
1079.779967	0	0
1079.829972	0	0
1079.879977	0	0
1079.929982	0	0
1079.979987	0	0
1080.029992	0	0
1080.079997	0	0
1080.130002	0	0
1080.180007	0	0
1080.230012	0	0
1080.280017	0	0
1080.330022	0	0
1080.380027	0	0
1080.430032	0	0
1080.480037	0	0
1080.530042	0	0
1080.580047	0	0
1080.630052	0	0
1080.680057	0	0
1080.730062	0	0
1080.780067	0	0
1080.830072	0	0
1080.880077	0	0
1080.930082	0	0
1080.980087	0	0
1081.030092	0	0
1081.080097	0	0
1081.130102	0	0
1081.180107	0	0
1081.230112	0	0
1081.280117	0	0
1081.330122	0	-49
1081.380127	0	-49
1081.430132	0	-49
1081.480137	0	-41
1081.530142	0	0
1081.580147	0	0
1081.630152	0	0
1081.680157	0	0
1081.730162	0	0
1081.780167	0	0
1081.830172	0	0
1081.880177	0	0
1081.930182	0	0
1081.980187	0	0
1082.030192	0	0
1082.080197	0	0
1082.130202	0	0
1082.180207	0	0
1082.230212	0	0
1082.280217	0	0
1082.330222	0	0
1082.380227	0	0
1082.430232	0	0
1082.480237	0	0
1082.530242	0	0
1082.580247	0	0
1082.630252	0	0
1082.680257	0	0
1082.730262	0	0
1082.780267	0	0
1082.830272	0	0
1082.880277	0	0
1082.930282	0	0
1082.980287	0	0
1083.030292	0	0
1083.080297	0	0
1083.130302	0	0
1083.180307	0	0
1083.230312	0	0
1083.280317	0	0
1083.330322	0	0
1083.380327	0	0
1083.430332	0	0
1083.480337	0	0
1083.530342	0	0
1083.580347	0	0
1083.630352	0	0
1083.680357	0	0
1083.730362	0	0
1083.780367	0	0
1083.830372	0	0
1083.880377	0	0
1083.930382	0	0
1083.980387	0	0
1084.030392	0	0
1084.080397	0	0
1084.130402	0	0
1084.180407	0	0
1084.230412	0	0
1084.280417	0	0
1084.330422	0	0
1084.380427	0	0
1084.430432	0	0
1084.480437	0	0
1084.530442	0	0
1084.580447	0	0
1084.630452	0	0
1084.680457	0	0
1084.730462	0	0
1084.780467	0	0
1084.830472	0	0
1084.880477	0	0
1084.930482	0	0
1084.980487	0	0
1085.030492	0	0
1085.080497	0	0
1085.130502	0	0
1085.180507	0	0
1085.230512	0	0
1085.280517	0	0
1085.330522	0	0
1085.380527	0	0
1085.430532	0	0
1085.480537	0	0
1085.530542	0	0
1085.580547	0	0
1085.630552	0	0
1085.680557	0	0
1085.730562	0	0
1085.780567	0	0
1085.830572	0	0
1085.880577	0	0
1085.930582	0	0
1085.980587	0	0
1086.030592	0	0
1086.080597	0	0
1086.130602	0	0
1086.180607	0	0
1086.230612	0	0
1086.280617	0	0
1086.330622	0	0
1086.380627	0	0
1086.430632	0	0
1086.480637	0	0
1086.530642	0	0
1086.580647	0	0
1086.630652	0	0
1086.680657	0	0
1086.730662	0	0
1086.780667	0	0
1086.830672	0	0
1086.880677	0	0
1086.930682	0	0
1086.980687	0	0
1087.030692	0	0
1087.080697	0	0
1087.130702	0	0
1087.180707	0	0
1087.230712	0	0
1087.280717	0	0
1087.330722	0	0
1087.380727	0	0
1087.430732	0	0
1087.480737	0	0
1087.530742	0	0
1087.580747	0	0
1087.630752	0	0
1087.680757	0	0
1087.730762	0	0
1087.780767	0	0
1087.830772	0	0
1087.880777	0	0
1087.930782	0	0
1087.980787	0	0
1088.030792	0	0
1088.080797	0	0
1088.130802	0	0
1088.180807	0	0
1088.230812	0	0
1088.280817	0	0
1088.330822	0	0
1088.380827	0	0
1088.430832	0	0
1088.480837	0	0
1088.530842	0	0
1088.580847	0	0
1088.630852	0	0
1088.680857	0	0
1088.730862	0	0
1088.780867	0	0
1088.830872	0	0
1088.880877	0	0
1088.930882	0	0
1088.980887	0	0
1089.030892	0	0
1089.080897	0	0
1089.130902	0	0
1089.180907	0	0
1089.230912	0	0
1089.280917	0	0
1089.330922	0	0
1089.380927	0	0
1089.430932	0	0
1089.480937	0	0
1089.530942	0	0
1089.580947	0	0
1089.630952	0	0
1089.680957	0	0
1089.730962	0	0
1089.780967	0	0
1089.830972	0	0
1089.880977	0	0
1089.930982	0	0
1089.980987	0	0
1090.030992	0	0
1090.080997	0	0
1090.131002	0	0
1090.181007	0	0
1090.231012	0	0
1090.281017	0	0
1090.331022	0	0
1090.381027	0	0
1090.431032	0	0
1090.481037	0	0
1090.531042	0	0
1090.581047	0	0
1090.631052	0	0
1090.681057	0	0
1090.731062	0	0
1090.781067	0	0
1090.831072	0	0
1090.881077	0	0
1090.931082	0	0
1090.981087	0	0
1091.031092	0	0
1091.081097	0	0
1091.131102	0	0
1091.181107	0	0
1091.231112	0	0
1091.281117	0	0
1091.331122	0	0
1091.381127	0	0
1091.431132	0	0
1091.481137	0	0
1091.531142	0	0
1091.581147	0	0
1091.631152	0	0
1091.681157	0	0
1091.731162	0	0
1091.781167	0	0
1091.831172	0	0
1091.881177	0	0
1091.931182	0	0
1091.981187	0	0
1092.031192	0	0
1092.081197	0	0
1092.131202	0	0
1092.181207	0	0
1092.231212	0	0
1092.281217	0	0
1092.331222	0	0
1092.381227	0	0
1092.431232	0	0
1092.481237	0	0
1092.531242	0	0
1092.581247	0	0
1092.631252	0	0
1092.681257	0	0
1092.731262	0	0
1092.781267	0	0
1092.831272	0	0
1092.881277	0	0
1092.931282	0	0
1092.981287	0	0
1093.031292	0	0
1093.081297	0	0
1093.131302	0	0
1093.181307	0	0
1093.231312	0	0
1093.281317	0	0
1093.331322	0	0
1093.381327	0	0
1093.431332	0	0
1093.481337	0	0
1093.531342	0	0
1093.581347	0	0
1093.631352	0	0
1093.681357	0	0
1093.731362	0	0
1093.781367	0	0
1093.831372	0	0
1093.881377	0	0
1093.931382	0	0
1093.981387	0	0
1094.031392	0	0
1094.081397	0	0
1094.131402	0	0
1094.181407	0	0
1094.231412	0	0
1094.281417	0	0
1094.331422	0	0
1094.381427	0	0
1094.431432	0	0
1094.481437	0	0
1094.531442	0	0
1094.581447	0	0
1094.631452	0	0
1094.681457	0	0
1094.731462	0	0
1094.781467	0	0
1094.831472	0	0
1094.881477	0	0
1094.931482	0	0
1094.981487	0	0
1095.031492	0	0
1095.108500	0	0
1095.131502	0	0
1095.181507	0	0
1095.231512	0	0
1095.281517	0	0
1095.331522	0	0
1095.381527	0	0
1095.431532	0	0
1095.481537	0	0
1095.531542	0	0
1095.581547	0	0
1095.631552	0	0
1095.681557	0	0
1095.731562	0	0
1095.781567	0	0
1095.831572	0	0
1095.881577	0	0
1095.931582	0	0
1095.981587	0	0
1096.031592	0	0
1096.081597	0	0
1096.131602	0	0
1096.181607	0	0
1096.231612	0	0
1096.281617	0	0
1096.331622	0	0
1096.381627	0	0
1096.430632	0	0
1096.480637	0	0
1096.530642	0	0
1096.580647	0	0
1096.630652	0	0
1096.680657	0	0
1096.730662	0	0
1096.780667	0	0
1096.830672	0	0
1096.880677	0	0
1096.930682	0	0
1096.980687	0	0
1097.030692	0	0
1097.080697	0	0
1097.130702	0	0
1097.180707	0	0
1097.230712	0	0
1097.280717	0	0
1097.330722	0	0
1097.380727	0	0
1097.430732	0	0
1097.480737	0	0
1097.530742	0	0
1097.580747	0	0
1097.630752	0	0
1097.680757	0	0
1097.730762	0	0
1097.780767	0	0
1097.830772	0	0
1097.880777	0	0
1097.930782	0	0
1097.980787	0	0
1098.030792	0	0
1098.080797	0	0
1098.130802	0	0
1098.180807	0	0
1098.230812	0	0
1098.280817	0	0
1098.330822	0	0
1098.380827	0	0
1098.430832	0	0
1098.480837	0	0
1098.530842	0	0
1098.580847	0	0
1098.630852	0	0
1098.680857	0	0
1098.730862	0	0
1098.780867	0	0
1098.830872	0	0
1098.880877	0	0
1098.930882	0	0
1098.980887	0	0
1099.030892	0	0
1099.080897	0	0
1099.130902	0	0
1099.180907	0	0
1099.230912	0	0
1099.280917	0	0
1099.330922	0	0
1099.380927	0	0
1099.430932	0	0
1099.480937	0	0
1099.530942	0	0
1099.580947	0	0
1099.630952	0	0
1099.680957	0	0
1099.730962	0	0
1099.780967	0	0
1099.830972	0	0
1099.880977	0	0
1099.930982	0	0
1099.980987	0	0
1100.030992	0	0
1100.080997	0	0
1100.131002	0	0
1100.181007	0	0
1100.231012	0	0
1100.281017	0	0
1100.331022	0	0
1100.381027	0	0
1100.431032	0	0
1100.481037	0	0
1100.531042	0	0
1100.581047	0	0
1100.631052	0	0
1100.681057	0	0
1100.731062	0	0
1100.781067	0	0
1100.831072	0	0
1100.881077	0	0
1100.931082	0	0
1100.981087	0	0
1101.031092	0	0
1101.081097	0	0
1101.131102	0	0
1101.181107	0	0
1101.231112	0	0
1101.281117	0	0
1101.331122	0	0
1101.381127	0	0
1101.431132	0	0
1101.481137	0	0
1101.531142	0	0
1101.581147	0	0
1101.631152	0	0
1101.681157	0	0
1101.731162	0	-77
1101.781167	0	-245
1101.831172	0	-577
1101.881177	0	-737
1101.931182	0	-953
1101.981187	0	-1257
1102.031192	0	-1513
1102.081197	0	-1641
1102.131202	-200	-1733
1102.181207	-200	-1861
1102.231212	-200	-1917
1102.281217	-200	-1997
1102.331222	-200	-2045
1102.381227	-200	-2341
1102.431232	-200	-2669
1102.481237	-200	-2833
1102.531242	-200	-2885
1102.581247	-200	-3013
1102.631252	-200	-3129
1102.681257	-200	-3269
1102.731262	-200	-3377
1102.781267	-200	-3417
1102.831272	-200	-3417
1102.881277	-200	-3417
1102.931282	-200	-3417
1102.981287	-200	-3417
1103.031292	-200	-3557
1103.081297	-200	-3893
1103.131302	-200	-4353
1103.181307	-200	-4705
1103.231312	-180	-4789
1103.281317	-148	-4841
1103.331322	-144	-4929
1103.381327	-144	-5053
1103.431332	-144	-5201
1103.481337	-144	-5453
1103.531342	-144	-5630
1103.581347	-144	-5734
1103.631352	-144	-5734
1103.681357	-144	-5778
1103.731362	-144	-5902
1103.781367	-144	-6078
1103.831372	-144	-6150
1103.881377	-144	-6150
1103.931382	-144	-6298
1103.981387	-104	-6510
1104.031392	-96	-6754
1104.081397	-80	-7074
1104.131402	-80	-7346
1104.181407	61	-7606
1104.231412	73	-7794
1104.281417	73	-7934
1104.331422	85	-8258
1104.381427	133	-8510
1104.431432	133	-8518
1104.481437	133	-8518
1104.531442	169	-8518
1104.581447	173	-8518
1104.631452	173	-8518
1104.681457	189	-8518
1104.731462	189	-8518
1104.781467	189	-8518
1104.831472	189	-8518
1104.881477	189	-8518
1104.931482	189	-8518
1104.981487	189	-8518
1105.031492	189	-8518
1105.081497	189	-8518
1105.131502	189	-8518
1105.181507	193	-8518
1105.231512	213	-8518
1105.281517	229	-8518
1105.331522	229	-8518
1105.381527	233	-8518
1105.431532	257	-8518
1105.481537	257	-8518
1105.531542	257	-8518
1105.581547	265	-8518
1105.631552	265	-8518
1105.681557	277	-8518
1105.731562	277	-8518
1105.781567	277	-8514
1105.831572	277	-8514
1105.881577	277	-8478
1105.931582	277	-8478
1105.981587	277	-8430
1106.031592	277	-8426
1106.081597	277	-8414
1106.131602	277	-8406
1106.181607	277	-8374
1106.231612	277	-8374
1106.281617	277	-8366
1106.331622	277	-8338
1106.381627	277	-8338
1106.431632	277	-8338
1106.481637	277	-8338
1106.531642	277	-8338
1106.581647	277	-8338
1106.631652	277	-8338
1106.681657	277	-8338
1106.731662	277	-8338
1106.781667	277	-8338
1106.831672	277	-8338
1106.881677	277	-8338
1106.931682	277	-8338
1106.981687	277	-8338
1107.031692	277	-8338
1107.081697	277	-8338
1107.131702	277	-8338
1107.181707	277	-8338
1107.231712	277	-8338
1107.281717	277	-8338
1107.331722	277	-8338
1107.381727	277	-8338
1107.431732	277	-8338
1107.481737	277	-8338
1107.531742	277	-8338
1107.581747	277	-8338
1107.631752	277	-8338
1107.681757	277	-8338
1107.731762	277	-8338
1107.781767	277	-8338
1107.831772	277	-8338
1107.881777	277	-8338
1107.931782	277	-8338
1107.981787	277	-8322
1108.031792	277	-8322
1108.081797	277	-8322
1108.131802	277	-8278
1108.181807	277	-8258
1108.231812	277	-8258
1108.281817	277	-8258
1108.331822	277	-8258
1108.381827	277	-8250
1108.431832	277	-8222
1108.481837	277	-8214
1108.531842	277	-8190
1108.581847	277	-8190
1108.631852	277	-8190
1108.681857	277	-8186
1108.731862	277	-8186
1108.781867	277	-8170
1108.831872	277	-8150
1108.881877	277	-8150
1108.931882	277	-8150
1108.981887	277	-8150
1109.031892	277	-8150
1109.081897	277	-8150
1109.131902	277	-8150
1109.181907	277	-8150
1109.231912	277	-8150
1109.281917	277	-8150
1109.331922	277	-8150
1109.381927	277	-8150
1109.431932	277	-8138
1109.481937	277	-8138
1109.531942	277	-8138
1109.581947	277	-8138
1109.631952	277	-8138
1109.681957	277	-8138
1109.731962	277	-8138
1109.781967	277	-8138
1109.831972	277	-8138
1109.881977	277	-8138
1109.931982	277	-8138
1109.981987	277	-8138
1110.031992	277	-8138
1110.081997	277	-8138
1110.132002	277	-8138
1110.182007	277	-8138
1110.232012	277	-8138
1110.282017	277	-8138
1110.332022	277	-8138
1110.382027	277	-8138
1110.432032	277	-8138
1110.482037	277	-8138
1110.532042	277	-8138
1110.582047	277	-8138
1110.632052	277	-8138
1110.682057	277	-8138
1110.732062	277	-8138
1110.782067	277	-8138
1110.832072	277	-8138
1110.882077	277	-8138
1110.932082	277	-8138
1110.982087	277	-8138
1111.032092	277	-8138
1111.082097	277	-8138
1111.132102	277	-8138
1111.182107	277	-8138
1111.232112	277	-8138
1111.282117	277	-8138
1111.332122	277	-8138
1111.382127	277	-8138
1111.432132	277	-8138
1111.482137	277	-8138
1111.532142	277	-8138
1111.582147	277	-8138
1111.632152	277	-8138
1111.682157	277	-8138
1111.732162	277	-8138
1111.782167	277	-8138
1111.832172	277	-8138
1111.882177	277	-8138
1111.932182	277	-8138
1111.982187	277	-8138
1112.032192	277	-8138
1112.082197	277	-8138
1112.132202	277	-8138
1112.182207	277	-8138
1112.232212	277	-8138
1112.282217	277	-8138
1112.332222	277	-8138
1112.382227	277	-8138
1112.432232	277	-8138
1112.482237	277	-8138
1112.532242	277	-8138
1112.582247	277	-8138
1112.632252	277	-8138
1112.682257	277	-8138
1112.732262	277	-8138
1112.782267	277	-8138
1112.832272	277	-8138
1112.882277	277	-8138
1112.932282	277	-8138
1112.982287	277	-8138
1113.032292	277	-8138
1113.082297	277	-8138
1113.132302	277	-8130
1113.182307	277	-8130
1113.232312	277	-8130
1113.282317	277	-8130
1113.332322	277	-8130
1113.382327	277	-8130
1113.432332	277	-8130
1113.482337	277	-8130
1113.532342	277	-8130
1113.582347	277	-8130
1113.632352	277	-8130
1113.682357	277	-8130
1113.732362	277	-8130
1113.782367	277	-8130
1113.832372	277	-8130
1113.882377	277	-8130
1113.931382	277	-8130
1113.981387	277	-8130
1114.031392	277	-8130
1114.081397	277	-8130
1114.131402	277	-8130
1114.181407	277	-8130
1114.231412	277	-8130
1114.281417	277	-8130
1114.331422	277	-8130
1114.381427	277	-8130
1114.431432	277	-8130
1114.481437	277	-8130
1114.531442	277	-8130
1114.581447	277	-8130
1114.631452	277	-8130
1114.681457	277	-8130
1114.731462	277	-8130
1114.781467	277	-8130
1114.831472	277	-8130
1114.881477	277	-8130
1114.931482	277	-8130
1114.981487	277	-8130
1115.031492	277	-8130
1115.081497	277	-8130
1115.131502	277	-8130
1115.181507	277	-8130
1115.231512	277	-8130
1115.281517	277	-8130
1115.331522	277	-8130
1115.381527	277	-8130
1115.431532	277	-8130
1115.481537	277	-8130
1115.531542	277	-8130
1115.581547	277	-8130
1115.631552	277	-8130
1115.681557	277	-8130
1115.731562	277	-8130
1115.781567	277	-8130
1115.831572	277	-8130
1115.881577	277	-8130
1115.931582	277	-8130
1115.981587	277	-8130
1116.031592	277	-8130
1116.081597	277	-8130
1116.131602	277	-8130
1116.181607	277	-8130
1116.231612	277	-8130
1116.281617	277	-8130
1116.331622	277	-8130
1116.381627	277	-8130
1116.431632	277	-8130
1116.481637	277	-8130
1116.531642	277	-8130
1116.581647	277	-8130
1116.631652	277	-8130
1116.681657	277	-8130
1116.731662	277	-8130
1116.781667	277	-8130
1116.831672	277	-8130
1116.881677	277	-8130
1116.931682	277	-8130
1116.981687	277	-8130
1117.031692	277	-8130
1117.081697	277	-8130
1117.131702	277	-8130
1117.181707	277	-8130
1117.231712	277	-8130
1117.281717	277	-8130
1117.331722	277	-8130
1117.381727	277	-8130
1117.431732	277	-8130
1117.481737	277	-8130
1117.531742	277	-8130
1117.581747	277	-8130
1117.631752	277	-8130
1117.681757	277	-8130
1117.731762	277	-8130
1117.781767	277	-8130
1117.831772	277	-8130
1117.881777	277	-8130
1117.931782	277	-8130
1117.981787	277	-8130
1118.031792	277	-8130
1118.081797	277	-8130
1118.131802	277	-8130
1118.181807	277	-8130
1118.231812	277	-8130
1118.281817	277	-8130
1118.331822	277	-8130
1118.381827	277	-8130
1118.431832	277	-8130
1118.481837	277	-8130
1118.531842	277	-8130
1118.581847	277	-8130
1118.631852	277	-8130
1118.681857	277	-8130
1118.731862	277	-8130
1118.781867	277	-8130
1118.831872	277	-8130
1118.881877	277	-8130
1118.931882	277	-8130
1118.981887	277	-8130
1119.031892	277	-8130
1119.104899	277	-8130
1119.154904	277	-8130
1119.181907	277	-8130
1119.231912	277	-8130
1119.281917	277	-8130
1119.331922	277	-8130
1119.381927	277	-8130
1119.431932	277	-8130
1119.481937	277	-8130
1119.531942	277	-8130
1119.581947	277	-8130
1119.631952	277	-8130
1119.681957	277	-8130
1119.731962	277	-8130
1119.781967	277	-8130
1119.831972	277	-8130
1119.881977	277	-8130
1119.931982	277	-8130
1119.981987	277	-8130
1120.031992	277	-8130
1120.081997	277	-8130
1120.132002	277	-8130
1120.182007	277	-8130
1120.232012	277	-8130
1120.282017	277	-8130
1120.332022	277	-8130
1120.382027	277	-8130
1120.432032	277	-8130
1120.482037	277	-8130
1120.532042	277	-8130
1120.582047	277	-8130
1120.632052	277	-8130
1120.682057	277	-8130
1120.732062	277	-8130
1120.782067	277	-8130
1120.832072	277	-8130
1120.882077	277	-8130
1120.932082	277	-8130
1120.982087	277	-8130
1121.032092	277	-8130
1121.082097	277	-8130
1121.132102	277	-8130
1121.182107	277	-8130
1121.232112	277	-8130
1121.282117	277	-8130
1121.332122	277	-8130
1121.382127	277	-8130
1121.432132	277	-8130
1121.482137	277	-8130
1121.532142	277	-8130
1121.582147	277	-8130
1121.632152	277	-8130
1121.682157	277	-8130
1121.732162	277	-8130
1121.782167	277	-8130
1121.832172	277	-8130
1121.882177	277	-8130
1121.932182	277	-8130
1121.982187	277	-8130
1122.032192	277	-8130
1122.082197	277	-8130
1122.132202	277	-8130
1122.182207	277	-8130
1122.232212	277	-8130
1122.282217	277	-8130
1122.332222	277	-8130
1122.382227	277	-8130
1122.432232	277	-8130
1122.482237	277	-8130
1122.532242	277	-8130
1122.582247	277	-8130
1122.632252	277	-8130
1122.682257	277	-8130
1122.732262	277	-8130
1122.782267	277	-8130
1122.832272	277	-8130
1122.882277	277	-8130
1122.932282	277	-8130
1122.982287	277	-8130
1123.032292	277	-8130
1123.082297	277	-8130
1123.132302	277	-8130
1123.182307	277	-8130
1123.232312	277	-8130
1123.282317	277	-8130
1123.332322	277	-8130
1123.382327	277	-8130
1123.432332	277	-8130
1123.482337	277	-8130
1123.532342	277	-8130
1123.582347	277	-8130
1123.632352	277	-8130
1123.682357	277	-8126
1123.732362	277	-8126
1123.782367	277	-8126
1123.832372	277	-8126
1123.882377	277	-8122
1123.932382	277	-8122
1123.982387	277	-8122
1124.032392	277	-8122
1124.082397	277	-8114
1124.132402	277	-8114
1124.182407	277	-8114
1124.232412	277	-8098
1124.282417	277	-8086
1124.332422	277	-8062
1124.382427	277	-8062
1124.432432	277	-8062
1124.482437	277	-8062
1124.532442	277	-8062
1124.582447	277	-8062
1124.632452	277	-8062
1124.682457	277	-8058
1124.732462	277	-8058
1124.782467	277	-8058
1124.832472	277	-8058
1124.882477	277	-8058
1124.932482	277	-8058
1124.982487	277	-8058
1125.032492	277	-8058
1125.082497	277	-8058
1125.132502	277	-8058
1125.182507	277	-8058
1125.232512	277	-8058
1125.282517	277	-8058
1125.332522	277	-8058
1125.382527	277	-8058
1125.432532	277	-8058
1125.482537	277	-8058
1125.532542	277	-8058
1125.582547	277	-8058
1125.632552	277	-8058
1125.682557	277	-8058
1125.732562	277	-8058
1125.782567	277	-8062
1125.832572	277	-8098
1125.882577	277	-8166
1125.932582	277	-8178
1125.982587	277	-8202
1126.032592	277	-8278
1126.082597	277	-8326
1126.132602	277	-8394
1126.182607	277	-8398
1126.232612	277	-8438
1126.282617	277	-8454
1126.332622	277	-8486
1126.382627	277	-8486
1126.432632	277	-8526
1126.482637	277	-8526
1126.532642	277	-8546
1126.582647	277	-8546
1126.632652	277	-8546
1126.682657	277	-8546
1126.732662	277	-8546
1126.782667	277	-8546
1126.832672	277	-8546
1126.882677	277	-8546
1126.932682	277	-8546
1126.982687	277	-8554
1127.032692	277	-8566
1127.082697	277	-8610
1127.132702	277	-8610
1127.182707	277	-8646
1127.232712	277	-8646
1127.282717	277	-8694
1127.332722	277	-8718
1127.382727	277	-8718
1127.432732	277	-8770
1127.482737	277	-8786
1127.532742	277	-8834
1127.582747	277	-8854
1127.632752	277	-8886
1127.682757	277	-8906
1127.732762	277	-8914
1127.782767	277	-8938
1127.832772	277	-8938
1127.882777	277	-8938
1127.932782	277	-8938
1127.982787	277	-8938
1128.032792	277	-8938
1128.082797	277	-8938
1128.132802	277	-8938
1128.182807	277	-8938
1128.232812	277	-8938
1128.282817	277	-8938
1128.332822	277	-8938
1128.382827	277	-8938
1128.432832	277	-8938
1128.482837	277	-8938
1128.532842	277	-8938
1128.582847	277	-8938
1128.632852	277	-8938
1128.682857	277	-8938
1128.732862	277	-8938
1128.782867	277	-8938
1128.832872	277	-8938
1128.882877	277	-8938
1128.932882	277	-8938
1128.982887	277	-8938
1129.032892	277	-8938
1129.082897	277	-8938
1129.132902	277	-8938
1129.182907	277	-8938
1129.232912	277	-8938
1129.282917	277	-8938
1129.332922	277	-8938
1129.382927	277	-8938
1129.432932	277	-8938
1129.482937	277	-8938
1129.532942	277	-8938
1129.582947	277	-8938
1129.632952	277	-8938
1129.682957	277	-8938
1129.732962	277	-8938
1129.782967	277	-8938
1129.832972	277	-8938
1129.882977	277	-8938
1129.932982	277	-8938
1129.982987	277	-8938
1130.032992	277	-8938
1130.082997	277	-8938
1130.133002	277	-8938
1130.183007	277	-8938
1130.233012	277	-8938
1130.283017	277	-8938
1130.333022	277	-8938
1130.383027	277	-8938
1130.433032	277	-8938
1130.483037	277	-8938
1130.533042	277	-8938
1130.583047	277	-8938
1130.633052	277	-8938
1130.683057	277	-8938
1130.733062	277	-8938
1130.783067	277	-8938
1130.833072	277	-8938
1130.883077	277	-8938
1130.933082	277	-8938
1130.983087	277	-8938
1131.033092	277	-8938
1131.083097	277	-8938
1131.133102	277	-8938
1131.183107	277	-8938
1131.233112	277	-8938
1131.283117	277	-8938
1131.333122	277	-8938
1131.383127	277	-8938
1131.432132	277	-8938
1131.482137	277	-8938
1131.532142	277	-8938
1131.582147	277	-8938
1131.632152	277	-8938
1131.682157	277	-8938
1131.732162	277	-8938
1131.782167	277	-8938
1131.832172	277	-8938
1131.882177	277	-8938
1131.932182	277	-8938
1131.982187	277	-8938
1132.032192	277	-8938
1132.082197	277	-8938
1132.132202	277	-8938
1132.182207	277	-8938
1132.232212	277	-8938
1132.282217	277	-8938
1132.332222	277	-8938
1132.382227	277	-8938
1132.432232	277	-8938
1132.482237	277	-8938
1132.532242	277	-8938
1132.582247	277	-8938
1132.632252	277	-8938
1132.682257	277	-8938
1132.732262	277	-8938
1132.782267	277	-8938
1132.832272	277	-8938
1132.882277	277	-8938
1132.932282	277	-8938
1132.982287	277	-8938
1133.032292	277	-8938
1133.082297	277	-8938
1133.132302	277	-8938
1133.182307	277	-8938
1133.232312	277	-8938
1133.282317	277	-8938
1133.332322	277	-8938
1133.382327	277	-8938
1133.432332	277	-8938
1133.482337	277	-8938
1133.532342	277	-8938
1133.582347	277	-8938
1133.632352	277	-8938
1133.682357	277	-8938
1133.732362	277	-8938
1133.782367	277	-8938
1133.832372	277	-8938
1133.882377	277	-8938
1133.932382	277	-8938
1133.982387	277	-8938
1134.032392	277	-8938
1134.082397	277	-8938
1134.132402	277	-8938
1134.182407	277	-8938
1134.232412	277	-8938
1134.282417	277	-8938
1134.332422	277	-8938
1134.382427	277	-8938
1134.432432	277	-8938
1134.482437	277	-8938
1134.532442	277	-8938
1134.582447	277	-8938
1134.632452	277	-8938
1134.682457	277	-8938
1134.732462	277	-8938
1134.782467	277	-8938
1134.832472	277	-8938
1134.882477	277	-8938
1134.932482	277	-8938
1134.982487	277	-8938
1135.032492	277	-8938
1135.082497	277	-8938
1135.132502	277	-8938
1135.182507	273	-8938
1135.232512	217	-8938
1135.282517	217	-8938
1135.332522	217	-8938
1135.382527	189	-8938
1135.432532	181	-8938
1135.482537	181	-8938
1135.532542	165	-8938
1135.582547	113	-8938
1135.632552	101	-8938
1135.682557	49	-8938
1135.732562	-12	-8938
1135.782567	-28	-8938
1135.832572	-128	-8938
1135.882577	-220	-8938
1135.932582	-452	-8938
1135.982587	-892	-8938
1136.032592	-1236	-8938
1136.082597	-1368	-8938
1136.132602	-1412	-8938
1136.182607	-1460	-8938
1136.232612	-1532	-8938
1136.282617	-1612	-8938
1136.332622	-1792	-8938
1136.382627	-2028	-8938
1136.432632	-2152	-8938
1136.482637	-2264	-8926
1136.532642	-2372	-8926
1136.582647	-2472	-8922
1136.632652	-2564	-8922
1136.682657	-2712	-8922
1136.732662	-2868	-8914
1136.782667	-3056	-8914
1136.832672	-3276	-8914
1136.882677	-3496	-8914
1136.932682	-3684	-8914
1136.982687	-3880	-8914
1137.032692	-4044	-8914
1137.082697	-4208	-8914
1137.132702	-4376	-8914
1137.182707	-4532	-8914
1137.232712	-4668	-8914
1137.282717	-4816	-8914
1137.332722	-4924	-8914
1137.382727	-5016	-8914
1137.432732	-5132	-8914
1137.482737	-5292	-8914
1137.532742	-5464	-8914
1137.582747	-5620	-8914
1137.632752	-5748	-8914
1137.682757	-5852	-8914
1137.732762	-6116	-8914
1137.782767	-6372	-8914
1137.832772	-6464	-8914
1137.882777	-6568	-8914
1137.932782	-6756	-8914
1137.982787	-7040	-8914
1138.032792	-7216	-8914
1138.082797	-7288	-8914
1138.132802	-7336	-8914
1138.182807	-7356	-8914
1138.232812	-7484	-8914
1138.282817	-7512	-8914
1138.332822	-7512	-8914
1138.382827	-7580	-8914
1138.432832	-7600	-8914
1138.482837	-7624	-8914
1138.532842	-7624	-8914
1138.582847	-7624	-8914
1138.632852	-7624	-8914
1138.682857	-7624	-8914
1138.732862	-7624	-8914
1138.782867	-7624	-8914
1138.832872	-7624	-8914
1138.882877	-7644	-8914
1138.932882	-7648	-8914
1138.982887	-7676	-8914
1139.032892	-7676	-8914
1139.082897	-7804	-8914
1139.132902	-7900	-8914
1139.182907	-7900	-8914
1139.232912	-7900	-8914
1139.282917	-7900	-8914
1139.332922	-7900	-8914
1139.382927	-7900	-8914
1139.432932	-7900	-8914
1139.482937	-7900	-8914
1139.532942	-7900	-8914
1139.582947	-7900	-8914
1139.632952	-7900	-8914
1139.682957	-7900	-8914
1139.732962	-7900	-8914
1139.782967	-7900	-8914
1139.832972	-7900	-8914
1139.882977	-7900	-8914
1139.932982	-7900	-8914
1139.982987	-7900	-8914
1140.032992	-7900	-8914
1140.082997	-7900	-8914
1140.133002	-7900	-8914
1140.183007	-7900	-8914
1140.233012	-7900	-8914
1140.283017	-7900	-8914
1140.333022	-7900	-8914
1140.383027	-7900	-8914
1140.433032	-7900	-8914
1140.483037	-7900	-8886
1140.533042	-7900	-8850
1140.588048	-7900	-8850
1140.633052	-7900	-8826
1140.683057	-7900	-8826
1140.733062	-7900	-8802
1140.783067	-7900	-8786
1140.833072	-7900	-8754
1140.883077	-7900	-8714
1140.933082	-7900	-8678
1140.983087	-7900	-8678
1141.033092	-7900	-8666
1141.083097	-7900	-8666
1141.133102	-7900	-8638
1141.183107	-7900	-8618
1141.233112	-7908	-8618
1141.283117	-7908	-8618
1141.333122	-7912	-8606
1141.383127	-7916	-8606
1141.433132	-7924	-8606
1141.483137	-7940	-8606
1141.533142	-7940	-8606
1141.583147	-7940	-8606
1141.633152	-7940	-8606
1141.683157	-7940	-8606
1141.733162	-7940	-8606
1141.783167	-7940	-8606
1141.833172	-7952	-8606
1141.883177	-7952	-8606
1141.933182	-7952	-8606
1141.983187	-7952	-8606
1142.033192	-7952	-8606
1142.083197	-7952	-8606
1142.133202	-7956	-8606
1142.183207	-7956	-8606
1142.233212	-7960	-8606
1142.283217	-7960	-8606
1142.333222	-7960	-8606
1142.383227	-7960	-8606
1142.433232	-7960	-8610
1142.483237	-7960	-8626
1142.533242	-7960	-8666
1142.583247	-7960	-8694
1142.633252	-7960	-8694
1142.683257	-7960	-8694
1142.733262	-7960	-8694
1142.783267	-7960	-8694
1142.833272	-7960	-8694
1142.883277	-7960	-8694
1142.933282	-7960	-8694
1142.983287	-7968	-8694
1143.033292	-7968	-8694
1143.083297	-7968	-8694
1143.133302	-7968	-8694
1143.183307	-7968	-8694
1143.233312	-7968	-8694
1143.283317	-7968	-8694
1143.333322	-7968	-8694
1143.383327	-7968	-8694
1143.433332	-7968	-8694
1143.483337	-7968	-8694
1143.533342	-7968	-8694
1143.583347	-7968	-8694
1143.633352	-7968	-8694
1143.683357	-7968	-8694
1143.733362	-7968	-8694
1143.783367	-7968	-8694
1143.833372	-7968	-8694
1143.883377	-7968	-8694
1143.933382	-7968	-8694
1143.983387	-7968	-8694
1144.033392	-7968	-8694
1144.083397	-7968	-8694
1144.133402	-7968	-8694
1144.183407	-7968	-8694
1144.233412	-7968	-8694
1144.283417	-7968	-8694
1144.333422	-7968	-8694
1144.383427	-7968	-8694
1144.433432	-7968	-8694
1144.483437	-7968	-8694
1144.533442	-7968	-8694
1144.583447	-7968	-8694
1144.633452	-7968	-8694
1144.683457	-7972	-8694
1144.733462	-7972	-8694
1144.783467	-7972	-8694
1144.833472	-7976	-8694
1144.883477	-7988	-8694
1144.933482	-7988	-8694
1144.983487	-7988	-8694
1145.033492	-7988	-8694
1145.083497	-7988	-8694
1145.133502	-7988	-8694
1145.183507	-7988	-8694
1145.233512	-7988	-8694
1145.283517	-7988	-8694
1145.333522	-7988	-8694
1145.383527	-7988	-8694
1145.433532	-7988	-8694
1145.483537	-7988	-8694
1145.533542	-7988	-8694
1145.583547	-7988	-8694
1145.633552	-7988	-8694
1145.683557	-7988	-8694
1145.733562	-7988	-8694
1145.783567	-7988	-8694
1145.833572	-7988	-8694
1145.883577	-7992	-8694
1145.933582	-7992	-8694
1145.983587	-7992	-8694
1146.033592	-7992	-8694
1146.083597	-7992	-8694
1146.133602	-7992	-8694
1146.183607	-7992	-8694
1146.233612	-7992	-8694
1146.283617	-7992	-8694
1146.333622	-7992	-8694
1146.383627	-7996	-8694
1146.433632	-7996	-8694
1146.483637	-7996	-8694
1146.533642	-7996	-8694
1146.583647	-7996	-8694
1146.633652	-7996	-8694
1146.683657	-7996	-8694
1146.733662	-7996	-8694
1146.783667	-7996	-8694
1146.833672	-7996	-8694
1146.883677	-7996	-8694
1146.933682	-7996	-8694
1146.983687	-7996	-8694
1147.033692	-7996	-8694
1147.083697	-7996	-8694
1147.133702	-7996	-8694
1147.183707	-7996	-8694
1147.233712	-7996	-8694
1147.283717	-7996	-8694
1147.333722	-7996	-8694
1147.383727	-7996	-8694
1147.433732	-7996	-8694
1147.483737	-7996	-8694
1147.533742	-7996	-8694
1147.583747	-7996	-8694
1147.633752	-7996	-8694
1147.683757	-7996	-8694
1147.733762	-7996	-8694
1147.783767	-7996	-8694
1147.833772	-7996	-8694
1147.883777	-7996	-8702
1147.933782	-7996	-8722
1147.983787	-7996	-8746
1148.033792	-7996	-8746
1148.083797	-7996	-8746
1148.133802	-7996	-8746
1148.183807	-7996	-8746
1148.233812	-7996	-8746
1148.283817	-7996	-8746
1148.333822	-7996	-8746
1148.383827	-7996	-8746
1148.433832	-7996	-8786
1148.483837	-7996	-8802
1148.533842	-7996	-8802
1148.589848	-7996	-8826
1148.633852	-7996	-8826
1148.683857	-7996	-8826
1148.733862	-7996	-8830
1148.783867	-7996	-8830
1148.833872	-7996	-8830
1148.882877	-7996	-8830
1148.932882	-7996	-8830
1148.982887	-7996	-8830
1149.032892	-7996	-8830
1149.086897	-7996	-8830
1149.132902	-7996	-8830
1149.182907	-7996	-8830
1149.232912	-7996	-8830
1149.282917	-7996	-8830
1149.332922	-7996	-8830
1149.382927	-7996	-8830
1149.432932	-7996	-8830
1149.482937	-7996	-8830
1149.532942	-7996	-8830
1149.582947	-7996	-8830
1149.632952	-7996	-8830
1149.682957	-7996	-8830
1149.732962	-7996	-8830
1149.782967	-7996	-8830
1149.832972	-7996	-8830
1149.882977	-7996	-8830
1149.932982	-7996	-8830
1149.982987	-7996	-8830
1150.032992	-7996	-8830
1150.082997	-7996	-8830
1150.133002	-7996	-8830
1150.183007	-7996	-8830
1150.233012	-7996	-8830
1150.283017	-7996	-8830
1150.333022	-7996	-8830
1150.383027	-7996	-8830
1150.433032	-7996	-8830
1150.483037	-7996	-8830
1150.533042	-7996	-8830
1150.583047	-7996	-8830
1150.633052	-7996	-8830
1150.683057	-7996	-8830
1150.733062	-8000	-8830
1150.783067	-8000	-8834
1150.833072	-8004	-8834
1150.883077	-8004	-8854
1150.933082	-8004	-8854
1150.983087	-8004	-8854
1151.033092	-8004	-8854
1151.083097	-8052	-8854
1151.133102	-8052	-8854
1151.183107	-8052	-8854
1151.233112	-8052	-8854
1151.283117	-8052	-8854
1151.333122	-8056	-8854
1151.383127	-8056	-8854
1151.433132	-8056	-8854
1151.483137	-8060	-8854
1151.533142	-8076	-8854
1151.583147	-8080	-8854
1151.633152	-8084	-8854
1151.683157	-8084	-8854
1151.733162	-8088	-8854
1151.783167	-8088	-8854
1151.833172	-8088	-8854
1151.883177	-8088	-8854
1151.933182	-8088	-8854
1151.983187	-8088	-8854
1152.033192	-8088	-8854
1152.083197	-8088	-8926
1152.133202	-8088	-8962
1152.183207	-8088	-8982
1152.233212	-8088	-9002
1152.283217	-8088	-9046
1152.333222	-8088	-9082
1152.383227	-8088	-9082
1152.433232	-8088	-9082
1152.483237	-8088	-9082
1152.533242	-8088	-9114
1152.583247	-8088	-9122
1152.633252	-8088	-9142
1152.683257	-8088	-9150
1152.733262	-8088	-9150
1152.783267	-8088	-9150
1152.833272	-8088	-9150
1152.883277	-8088	-9150
1152.933282	-8088	-9162
1152.983287	-8088	-9174
1153.033292	-8088	-9174
1153.083297	-8088	-9174
1153.133302	-8088	-9174
1153.183307	-8112	-9178
1153.233312	-8112	-9178
1153.283317	-8112	-9178
1153.333322	-8112	-9178
1153.383327	-8112	-9182
1153.433332	-8112	-9182
1153.483337	-8112	-9182
1153.533342	-8112	-9182
1153.586347	-8116	-9182
1153.633352	-8136	-9182
1153.683357	-8136	-9182
1153.733362	-8136	-9182
1153.783367	-8136	-9194
1153.833372	-8136	-9194
1153.883377	-8136	-9194
1153.933382	-8136	-9194
1153.983387	-8136	-9194
1154.033392	-8136	-9194
1154.086397	-8136	-9194
1154.133402	-8148	-9194
1154.183407	-8148	-9194
1154.233412	-8152	-9194
1154.283417	-8152	-9194
1154.333422	-8156	-9194
1154.383427	-8156	-9194
1154.433432	-8160	-9194
1154.483437	-8160	-9194
1154.533442	-8160	-9194
1154.583447	-8168	-9194
1154.633452	-8168	-9194
1154.683457	-8168	-9194
1154.733462	-8180	-9194
1154.783467	-8188	-9194
1154.833472	-8188	-9194
1154.883477	-8188	-9194
1154.933482	-8188	-9194
1154.983487	-8188	-9194
1155.033492	-8188	-9194
1155.083497	-8188	-9194
1155.133502	-8188	-9194
1155.183507	-8200	-9194
1155.233512	-8200	-9194
1155.283517	-8200	-9194
1155.333522	-8200	-9194
1155.383527	-8200	-9194
1155.433532	-8200	-9194
1155.483537	-8200	-9194
1155.533542	-8200	-9194
1155.586547	-8200	-9194
1155.633552	-8200	-9194
1155.683557	-8200	-9194
1155.733562	-8200	-9194
1155.783567	-8200	-9194
1155.833572	-8200	-9202
1155.883577	-8200	-9222
1155.933582	-8200	-9342
1155.983587	-8200	-9362
1156.033592	-8220	-9382
1156.088597	-8240	-9426
1156.133602	-8272	-9494
1156.183607	-8320	-9546
1156.233612	-8372	-9598
1156.283617	-8388	-9630
1156.333622	-8432	-9702
1156.383627	-8432	-9710
1156.433632	-8436	-9746
1156.483637	-8448	-9794
1156.533642	-8448	-9822
1156.587647	-8460	-9938
1156.633652	-8500	-9974
1156.683657	-8536	-10054
1156.733662	-8568	-10170
1156.783667	-8568	-10322
1156.833672	-8568	-10418
1156.883677	-8568	-10510
1156.933682	-8568	-10586
1156.983687	-8568	-10726
1157.033692	-8568	-10846
1157.083697	-8568	-10910
1157.133702	-8572	-10975
1157.183707	-8588	-11111
1157.233712	-8612	-11187
1157.283717	-8620	-11219
1157.333722	-8620	-11259
1157.383727	-8620	-11307
1157.433732	-8644	-11355
1157.483737	-8668	-11427
1157.533742	-8668	-11483
1157.583747	-8712	-11583
1157.633752	-8752	-11663
1157.683757	-8796	-11751
1157.733762	-8828	-11839
1157.783767	-8880	-11959
1157.833772	-8936	-12083
1157.883777	-8944	-12243
1157.933782	-9048	-12399
1157.983787	-9092	-12583
1158.033792	-9164	-12687
1158.083797	-9208	-12787
1158.133802	-9260	-12867
1158.183807	-9292	-12959
1158.233812	-9312	-13043
1158.283817	-9316	-13071
1158.333822	-9328	-13171
1158.383827	-9328	-13243
1158.433832	-9328	-13279
1158.483837	-9328	-13367
1158.533842	-9364	-13367
1158.583847	-9364	-13391
1158.633852	-9368	-13431
1158.683857	-9368	-13431
1158.733862	-9368	-13431
1158.783867	-9368	-13431
1158.833872	-9368	-13439
1158.883877	-9368	-13471
1158.933882	-9368	-13471
1158.983887	-9368	-13471
1159.033892	-9368	-13475
1159.083897	-9368	-13487
1159.133902	-9368	-13503
1159.183907	-9368	-13503
1159.233912	-9376	-13503
1159.283917	-9376	-13503
1159.333922	-9376	-13503
1159.383927	-9380	-13503
1159.433932	-9412	-13503
1159.483937	-9412	-13503
1159.533942	-9416	-13503
1159.583947	-9416	-13503
1159.633952	-9424	-13503
1159.683957	-9424	-13503
1159.733962	-9424	-13503
1159.783967	-9424	-13503
1159.833972	-9424	-13503
1159.883977	-9424	-13503
1159.933982	-9424	-13503
1159.983987	-9424	-13503
1160.033992	-9424	-13503
1160.083997	-9424	-13503
1160.134002	-9440	-13503
1160.184007	-9440	-13503
1160.234012	-9440	-13519
1160.284017	-9440	-13567
1160.334022	-9440	-13567
1160.384027	-9440	-13599
1160.434032	-9440	-13599
1160.484037	-9440	-13627
1160.534042	-9440	-13635
1160.584047	-9440	-13635
1160.634052	-9440	-13635
1160.684057	-9440	-13635
1160.734062	-9440	-13635
1160.784067	-9440	-13635
1160.834072	-9440	-13635
1160.884077	-9440	-13635
1160.934082	-9440	-13635
1160.984087	-9440	-13635
1161.034092	-9440	-13635
1161.084097	-9448	-13635
1161.134102	-9448	-13635
1161.184107	-9448	-13635
1161.234112	-9448	-13635
1161.284117	-9448	-13635
1161.334122	-9448	-13635
1161.384127	-9448	-13635
1161.434132	-9448	-13635
1161.484137	-9448	-13635
1161.534142	-9448	-13635
1161.584147	-9448	-13635
1161.634152	-9448	-13635
1161.684157	-9448	-13635
1161.734162	-9448	-13635
1161.784167	-9448	-13635
1161.834172	-9448	-13635
1161.884177	-9448	-13635
1161.934182	-9448	-13635
1161.984187	-9448	-13635
1162.034192	-9448	-13635
1162.086197	-9448	-13635
1162.134202	-9448	-13635
1162.184207	-9452	-13635
1162.234212	-9452	-13635
1162.284217	-9452	-13635
1162.334222	-9452	-13635
1162.384227	-9452	-13635
1162.434232	-9452	-13635
1162.484237	-9452	-13635
1162.534242	-9452	-13635
1162.584247	-9452	-13635
1162.634252	-9452	-13635
1162.684257	-9452	-13635
1162.734262	-9452	-13635
1162.784267	-9452	-13635
1162.834272	-9452	-13635
1162.884277	-9472	-13635
1162.934282	-9472	-13635
1162.984287	-9476	-13635
1163.034292	-9476	-13635
1163.084297	-9476	-13635
1163.134302	-9476	-13635
1163.184307	-9476	-13635
1163.234312	-9476	-13635
1163.284317	-9476	-13635
1163.334322	-9476	-13635
1163.384327	-9476	-13635
1163.434332	-9476	-13635
1163.484337	-9476	-13635
1163.534342	-9476	-13635
1163.584347	-9476	-13635
1163.634352	-9476	-13635
1163.684357	-9476	-13635
1163.734362	-9476	-13635
1163.784367	-9476	-13635
1163.834372	-9476	-13635
1163.884377	-9476	-13635
1163.934382	-9476	-13635
1163.984387	-9476	-13635
1164.034392	-9476	-13635
1164.084397	-9476	-13635
1164.134402	-9476	-13635
1164.184407	-9476	-13635
1164.234412	-9476	-13635
1164.284417	-9476	-13635
1164.334422	-9476	-13635
1164.384427	-9476	-13635
1164.434432	-9476	-13635
1164.484437	-9476	-13635
1164.534442	-9476	-13635
1164.584447	-9476	-13635
1164.634452	-9476	-13635
1164.684457	-9476	-13635
1164.734462	-9476	-13635
1164.784467	-9476	-13635
1164.834472	-9476	-13635
1164.884477	-9476	-13635
1164.934482	-9476	-13635
1164.984487	-9476	-13635
1165.034492	-9476	-13635
1165.084497	-9476	-13635
1165.134502	-9476	-13635
1165.184507	-9476	-13635
1165.234512	-9476	-13635
1165.284517	-9476	-13635
1165.334522	-9476	-13635
1165.384527	-9476	-13635
1165.434532	-9476	-13635
1165.484537	-9476	-13635
1165.534542	-9476	-13635
1165.584547	-9484	-13635
1165.634552	-9484	-13635
1165.684557	-9492	-13635
1165.734562	-9508	-13635
1165.784567	-9508	-13635
1165.834572	-9508	-13635
1165.884577	-9508	-13635
1165.934582	-9508	-13635
1165.984587	-9508	-13635
1166.034592	-9508	-13635
1166.084597	-9508	-13635
1166.134602	-9508	-13635
1166.184607	-9508	-13635
1166.234612	-9508	-13635
1166.284617	-9508	-13635
1166.334622	-9508	-13635
1166.383626	-9516	-13635
1166.433632	-9516	-13635
1166.483637	-9516	-13635
1166.533642	-9516	-13635
1166.583647	-9516	-13635
1166.633652	-9516	-13635
1166.683657	-9516	-13635
1166.733662	-9528	-13635
1166.783667	-9528	-13635
1166.833672	-9528	-13635
1166.883677	-9528	-13635
1166.933681	-9528	-13635
1166.983686	-9556	-13635
1167.033692	-9556	-13635
1167.083697	-9576	-13635
1167.133702	-9608	-13635
1167.183707	-9608	-13635
1167.233712	-9624	-13635
1167.283717	-9720	-13635
1167.333722	-9728	-13635
1167.383727	-9764	-13635
1167.433732	-9792	-13635
1167.483737	-9904	-13635
1167.533741	-10004	-13635
1167.583746	-10056	-13635
1167.633752	-10056	-13635
1167.683757	-10084	-13635
1167.733762	-10088	-13635
1167.783767	-10096	-13635
1167.833772	-10132	-13635
1167.883777	-10132	-13635
1167.933782	-10168	-13635
1167.983787	-10188	-13635
1168.033792	-10200	-13635
1168.083797	-10236	-13635
1168.133801	-10264	-13635
1168.183807	-10304	-13635
1168.233812	-10320	-13635
1168.284817	-10328	-13635
1168.333822	-10388	-13635
1168.383827	-10452	-13635
1168.433832	-10464	-13619
1168.483837	-10524	-13615
1168.533842	-10528	-13599
1168.583847	-10540	-13575
1168.633852	-10540	-13575
1168.683856	-10560	-13567
1168.733861	-10560	-13567
1168.783867	-10588	-13559
1168.833872	-10592	-13539
1168.883877	-10592	-13539
1168.933882	-10628	-13539
1168.983887	-10628	-13539
1169.033892	-10652	-13539
1169.083897	-10652	-13539
1169.133902	-10656	-13507
1169.183907	-10664	-13507
1169.233912	-10672	-13507
1169.283916	-10684	-13507
1169.333921	-10716	-13479
1169.383927	-10724	-13479
1169.433932	-10736	-13443
1169.483937	-10760	-13443
1169.533942	-10780	-13443
1169.583947	-10788	-13443
1169.633952	-10788	-13443
1169.683957	-10788	-13439
1169.733962	-10828	-13439
1169.783967	-10828	-13439
1169.833972	-10828	-13435
1169.883976	-10836	-13435
1169.933982	-10836	-13435
1169.983987	-10856	-13435
1170.033992	-10864	-13435
1170.083997	-10864	-13427
1170.134002	-10888	-13415
1170.184007	-10912	-13399
1170.234012	-10912	-13395
1170.284017	-10912	-13395
1170.334022	-10912	-13395
1170.384027	-10912	-13395
1170.434031	-10912	-13395
1170.484036	-10912	-13375
1170.534042	-10912	-13375
1170.584047	-10912	-13375
1170.634052	-10916	-13375
1170.684057	-10948	-13375
1170.734062	-10948	-13375
1170.784067	-10948	-13375
1170.834072	-10948	-13375
1170.884077	-10968	-13375
1170.934082	-10984	-13375
1170.984087	-11004	-13375
1171.034091	-11004	-13367
1171.084096	-11024	-13359
1171.134102	-11024	-13359
1171.184107	-11048	-13355
1171.234112	-11096	-13339
1171.284117	-11104	-13339
1171.334122	-11144	-13339
1171.384127	-11240	-13339
1171.434132	-11284	-13339
1171.484137	-11292	-13327
1171.534142	-11348	-13327
1171.584146	-11348	-13327
1171.634151	-11360	-13327
1171.684157	-11360	-13327
1171.734162	-11360	-13327
1171.784167	-11360	-13327
1171.834172	-11392	-13327
1171.884177	-11396	-13311
1171.934182	-11420	-13311
1171.984187	-11432	-13287
1172.034192	-11432	-13287
1172.084197	-11432	-13287
1172.134202	-11452	-13287
1172.184206	-11460	-13287
1172.234211	-11460	-13287
1172.284217	-11488	-13287
1172.334222	-11488	-13287
1172.384227	-11488	-13287
1172.434232	-11488	-13287
1172.484237	-11488	-13287
1172.534242	-11488	-13287
1172.584247	-11488	-13287
1172.634252	-11488	-13287
1172.684257	-11488	-13287
1172.734262	-11488	-13287
1172.784266	-11488	-13287
1172.834271	-11488	-13287
1172.884277	-11488	-13287
1172.934282	-11488	-13287
1172.984287	-11488	-13287
1173.034292	-11488	-13287
1173.084297	-11488	-13287
1173.134302	-11488	-13287
1173.184307	-11488	-13287
1173.234312	-11488	-13287
1173.284317	-11488	-13287
1173.334321	-11488	-13287
1173.384326	-11488	-13287
1173.434332	-11488	-13287
1173.484337	-11488	-13287
1173.534342	-11488	-13287
1173.584347	-11488	-13287
1173.634352	-11488	-13287
1173.684357	-11488	-13287
1173.734362	-11488	-13287
1173.784367	-11488	-13287
1173.834372	-11488	-13287
1173.884377	-11488	-13287
1173.934381	-11488	-13287
1173.984386	-11488	-13287
1174.034392	-11488	-13287
1174.084397	-11488	-13287
1174.134402	-11488	-13287
1174.184407	-11488	-13287
1174.234412	-11488	-13279
1174.284417	-11488	-13279
1174.334422	-11488	-13271
1174.384427	-11488	-13239
1174.434432	-11488	-13239
1174.484437	-11488	-13239
1174.534441	-11488	-13227
1174.584447	-11488	-13227
1174.634452	-11488	-13199
1174.684457	-11488	-13199
1174.734462	-11488	-13199
1174.784467	-11488	-13179
1174.834472	-11488	-13179
1174.884477	-11488	-13179
1174.934482	-11488	-13179
1174.984487	-11488	-13171
1175.034492	-11488	-13159
1175.084496	-11488	-13159
1175.134501	-11488	-13143
1175.184507	-11488	-13143
1175.234512	-11488	-13143
1175.284517	-11488	-13143
1175.334522	-11488	-13143
1175.384527	-11488	-13143
1175.434532	-11488	-13143
1175.484537	-11488	-13143
1175.534542	-11488	-13143
1175.584547	-11488	-13143
1175.634552	-11488	-13143
1175.684556	-11488	-13143
1175.734561	-11488	-13131
1175.784567	-11488	-13131
1175.834572	-11488	-13131
1175.884577	-11488	-13127
1175.934582	-11488	-13103
1175.984587	-11488	-13103
1176.034592	-11488	-13103
1176.084597	-11488	-13103
1176.134602	-11488	-13103
1176.184607	-11488	-13095
1176.234612	-11488	-13095
1176.284616	-11488	-13095
1176.334622	-11488	-13095
1176.384627	-11488	-13095
1176.434632	-11488	-13095
1176.484637	-11488	-13095
1176.534642	-11488	-13095
1176.584647	-11488	-13095
1176.634652	-11488	-13079
1176.684657	-11488	-13079
1176.734662	-11488	-13079
1176.784667	-11488	-13079
1176.834671	-11488	-13079
1176.884676	-11488	-13079
1176.934682	-11488	-13079
1176.984687	-11488	-13067
1177.034692	-11488	-13067
1177.084697	-11488	-13067
1177.134702	-11488	-13067
1177.184707	-11488	-13067
1177.234712	-11488	-13067
1177.284717	-11488	-13047
1177.334722	-11488	-13047
1177.384727	-11488	-13047
1177.434731	-11488	-13047
1177.484736	-11488	-13047
1177.534742	-11488	-13047
1177.584747	-11488	-13047
1177.634752	-11488	-13047
1177.684757	-11488	-13047
1177.734762	-11488	-13047
1177.784767	-11488	-13047
1177.834772	-11488	-13047
1177.884777	-11488	-13047
1177.934782	-11488	-13047
1177.984787	-11488	-13047
1178.034791	-11488	-13047
1178.084797	-11488	-13047
1178.134802	-11488	-13047
1178.184807	-11488	-13047
1178.234812	-11488	-13047
1178.284817	-11488	-13047
1178.334822	-11488	-13047
1178.384827	-11488	-13047
1178.434832	-11488	-13047
1178.484837	-11488	-13047
1178.534842	-11488	-13047
1178.584846	-11488	-13047
1178.634851	-11488	-13047
1178.684857	-11488	-13047
1178.734862	-11488	-13047
1178.784867	-11488	-13047
1178.834872	-11488	-13047
1178.884877	-11488	-13047
1178.934882	-11488	-13047
1178.984887	-11488	-13047
1179.034892	-11488	-13047
1179.084897	-11488	-13047
1179.134902	-11488	-13047
1179.184906	-11488	-13047
1179.234911	-11488	-13047
1179.284917	-11488	-13047
1179.334922	-11488	-13047
1179.384927	-11488	-13047
1179.434932	-11488	-13047
1179.484937	-11488	-13047
1179.534942	-11488	-13047
1179.584947	-11488	-13047
1179.634952	-11488	-13047
1179.684957	-11488	-13047
1179.734962	-11488	-13047
1179.784966	-11488	-13047
1179.834972	-11488	-13047
1179.884977	-11488	-13047
1179.934982	-11488	-13047
1179.984987	-11488	-13047
1180.034992	-11488	-13047
1180.084997	-11488	-13047
1180.135002	-11488	-13047
1180.185007	-11488	-13047
1180.235012	-11488	-13047
1180.285017	-11488	-13047
1180.335021	-11488	-13047
1180.385026	-11488	-13047
1180.435032	-11488	-13047
1180.485037	-11488	-13047
1180.535042	-11488	-13047
1180.585047	-11488	-13047
1180.635052	-11488	-13047
1180.685057	-11488	-13047
1180.735062	-11488	-13047
1180.785067	-11488	-13047
1180.835072	-11508	-13047
1180.885077	-11508	-13047
1180.935081	-11508	-13047
1180.985086	-11508	-13047
1181.035092	-11508	-13047
1181.085097	-11508	-13047
1181.135102	-11508	-13047
1181.185107	-11508	-13047
1181.235112	-11508	-13047
1181.285117	-11508	-13047
1181.335122	-11508	-13047
1181.385127	-11508	-13047
1181.435132	-11508	-13019
1181.485137	-11508	-13019
1181.535141	-11508	-13019
1181.585147	-11508	-13019
1181.635152	-11508	-13003
1181.685157	-11508	-13003
1181.735162	-11508	-13003
1181.785167	-11508	-13003
1181.835172	-11508	-12983
1181.885177	-11508	-12983
1181.935182	-11508	-12983
1181.985187	-11508	-12983
1182.035192	-11508	-12983
1182.085196	-11508	-12983
1182.135201	-11508	-12979
1182.185207	-11508	-12979
1182.235212	-11508	-12951
1182.285217	-11508	-12951
1182.335222	-11508	-12951
1182.385227	-11508	-12951
1182.435232	-11508	-12951
1182.485237	-11516	-12951
1182.535242	-11516	-12951
1182.585247	-11516	-12951
1182.635252	-11516	-12939
1182.685256	-11516	-12939
1182.735261	-11516	-12939
1182.785267	-11516	-12939
1182.835272	-11516	-12939
1182.885277	-11516	-12939
1182.935282	-11516	-12939
1182.985287	-11524	-12939
1183.035292	-11524	-12939
1183.108299	-11524	-12911
1183.135302	-11524	-12843
1183.190307	-11524	-12843
1183.235312	-11536	-12815
1183.285316	-11536	-12815
1183.335322	-11560	-12803
1183.385327	-11560	-12803
1183.435332	-11560	-12803
1183.485337	-11560	-12799
1183.535342	-11560	-12787
1183.585347	-11560	-12787
1183.635352	-11560	-12787
1183.685357	-11588	-12787
1183.735362	-11588	-12787
1183.785367	-11588	-12763
1183.835371	-11588	-12763
1183.884377	-11588	-12763
1183.934381	-11588	-12763
1183.984386	-11588	-12755
1184.034391	-11588	-12755
1184.084396	-11588	-12755
1184.134402	-11588	-12755
1184.184407	-11588	-12755
1184.234412	-11588	-12755
1184.284417	-11588	-12755
1184.334422	-11588	-12755
1184.384427	-11588	-12755
1184.434432	-11588	-12755
1184.484437	-11588	-12755
1184.534441	-11588	-12755
1184.584446	-11588	-12755
1184.634451	-11588	-12755
1184.684456	-11588	-12755
1184.734462	-11588	-12755
1184.784467	-11588	-12755
1184.834472	-11588	-12755
1184.884477	-11588	-12755
1184.934482	-11588	-12755
1184.984487	-11588	-12755
1185.034492	-11588	-12755
1185.084496	-11588	-12755
1185.134501	-11588	-12755
1185.184506	-11588	-12755
1185.234511	-11588	-12755
1185.284516	-11588	-12755
1185.334522	-11588	-12755
1185.384527	-11588	-12755
1185.434532	-11588	-12755
1185.484537	-11588	-12755
1185.534542	-11588	-12755
1185.584547	-11588	-12755
1185.634552	-11588	-12755
1185.684556	-11588	-12755
1185.734561	-11588	-12755
1185.784566	-11588	-12755
1185.834571	-11588	-12755
1185.884577	-11588	-12755
1185.934582	-11588	-12755
1185.984587	-11588	-12755
1186.034592	-11588	-12755
1186.084597	-11588	-12755
1186.134602	-11588	-12755
1186.184607	-11588	-12755
1186.234612	-11588	-12755
1186.284616	-11588	-12755
1186.334621	-11588	-12755
1186.384626	-11588	-12755
1186.434631	-11588	-12755
1186.484637	-11588	-12755
1186.534642	-11588	-12755
1186.584647	-11588	-12755
1186.634652	-11588	-12755
1186.684657	-11588	-12755
1186.734662	-11588	-12755
1186.784667	-11588	-12755
1186.834671	-11588	-12755
1186.884676	-11588	-12755
1186.934681	-11588	-12755
1186.984686	-11588	-12755
1187.034691	-11588	-12755
1187.084697	-11588	-12755
1187.134702	-11588	-12755
1187.184707	-11588	-12755
1187.234712	-11588	-12755
1187.284717	-11588	-12755
1187.334722	-11588	-12755
1187.384727	-11588	-12755
1187.434731	-11588	-12755
1187.484736	-11588	-12755
1187.534741	-11588	-12755
1187.584746	-11588	-12755
1187.634752	-11588	-12755
1187.684757	-11588	-12755
1187.734762	-11588	-12755
1187.784767	-11588	-12755
1187.834772	-11588	-12755
1187.884777	-11588	-12755
1187.934782	-11588	-12755
1187.984787	-11588	-12755
1188.034791	-11588	-12755
1188.084796	-11588	-12755
1188.134801	-11588	-12755
1188.184806	-11588	-12755
1188.234812	-11588	-12755
1188.284817	-11588	-12755
1188.334822	-11588	-12755
1188.384827	-11588	-12755
1188.434832	-11588	-12755
1188.484837	-11588	-12755
1188.534842	-11588	-12755
1188.584846	-11588	-12755
1188.634851	-11588	-12755
1188.684856	-11588	-12755
1188.734861	-11588	-12755
1188.784866	-11588	-12755
1188.834872	-11588	-12755
1188.884877	-11588	-12755
1188.934882	-11588	-12755
1188.984887	-11588	-12755
1189.034892	-11588	-12755
1189.084897	-11588	-12755
1189.134902	-11588	-12755
1189.184906	-11588	-12755
1189.234911	-11588	-12755
1189.284916	-11588	-12755
1189.334921	-11588	-12755
1189.384927	-11588	-12755
1189.434932	-11588	-12755
1189.484937	-11588	-12755
1189.534942	-11588	-12723
1189.584947	-11588	-12687
1189.634952	-11588	-12683
1189.684957	-11588	-12683
1189.734962	-11588	-12683
1189.784966	-11588	-12675
1189.834971	-11588	-12675
1189.884976	-11588	-12675
1189.934981	-11588	-12675
1189.984987	-11588	-12647
1190.034992	-11588	-12647
1190.084997	-11588	-12647
1190.135002	-11588	-12623
1190.185007	-11588	-12623
1190.235012	-11588	-12623
1190.285017	-11588	-12623
1190.335021	-11588	-12623
1190.385026	-11588	-12591
1190.435031	-11588	-12555
1190.485036	-11612	-12487
1190.535041	-11612	-12487
1190.585047	-11612	-12487
1190.635052	-11612	-12487
1190.685057	-11612	-12483
1190.735062	-11612	-12459
1190.785067	-11616	-12455
1190.835072	-11616	-12375
1190.885077	-11616	-12339
1190.935081	-11616	-12339
1190.985086	-11616	-12339
1191.035091	-11616	-12339
1191.085096	-11624	-12339
1191.135102	-11624	-12339
1191.185107	-11624	-12339
1191.235112	-11632	-12339
1191.285117	-11632	-12339
1191.335122	-11632	-12339
1191.385127	-11636	-12339
1191.435132	-11636	-12339
1191.485137	-11656	-12339
1191.535141	-11660	-12339
1191.585146	-11668	-12339
1191.635151	-11672	-12339
1191.685156	-11672	-12339
1191.735162	-11672	-12339
1191.785167	-11692	-12339
1191.835172	-11692	-12339
1191.885177	-11692	-12339
1191.935182	-11692	-12339
1191.985187	-11692	-12339
1192.035192	-11700	-12339
1192.085196	-11704	-12339
1192.135201	-11704	-12339
1192.185206	-11716	-12339
1192.235211	-11716	-12339
1192.285216	-11740	-12339
1192.335222	-11740	-12339
1192.385227	-11756	-12339
1192.435232	-11756	-12339
1192.485237	-11788	-12339
1192.535242	-11788	-12339
1192.585247	-11812	-12339
1192.635252	-11812	-12339
1192.685256	-11812	-12339
1192.735261	-11812	-12339
1192.785266	-11812	-12339
1192.835271	-11812	-12339
1192.885277	-11816	-12339
1192.935282	-11816	-12339
1192.985287	-11848	-12339
1193.035292	-11848	-12339
1193.085297	-11848	-12339
1193.135302	-11848	-12339
1193.185307	-11848	-12339
1193.235312	-11848	-12339
1193.285316	-11848	-12339
1193.335321	-11848	-12339
1193.385326	-11848	-12339
1193.435331	-11848	-12339
1193.485337	-11848	-12339
1193.535342	-11848	-12339
1193.585347	-11848	-12339
1193.635352	-11848	-12339
1193.685357	-11848	-12339
1193.735362	-11848	-12339
1193.785367	-11848	-12339
1193.835371	-11848	-12339
1193.885376	-11848	-12339
1193.935381	-11848	-12339
1193.985386	-11848	-12339
1194.035391	-11848	-12339
1194.085397	-11848	-12339
1194.135402	-11848	-12339
1194.185407	-11848	-12339
1194.235412	-11848	-12339
1194.285417	-11848	-12339
1194.335422	-11848	-12339
1194.385427	-11848	-12339
1194.435431	-11848	-12339
1194.485436	-11848	-12339
1194.535441	-11848	-12339
1194.585446	-11848	-12339
1194.635452	-11848	-12339
1194.685457	-11848	-12339
1194.735462	-11848	-12339
1194.785467	-11848	-12339
1194.835472	-11848	-12339
1194.885477	-11848	-12339
1194.935482	-11848	-12339
1194.985487	-11848	-12339
1195.035491	-11848	-12339
1195.085496	-11848	-12339
1195.135501	-11848	-12339
1195.185506	-11848	-12339
1195.235512	-11848	-12339
1195.285517	-11848	-12339
1195.335522	-11848	-12339
1195.385527	-11848	-12339
1195.435532	-11848	-12339
1195.485537	-11848	-12339
1195.535542	-11848	-12339
1195.585546	-11848	-12339
1195.635551	-11848	-12339
1195.685556	-11848	-12339
1195.735561	-11848	-12339
1195.785567	-11848	-12339
1195.835572	-11848	-12339
1195.885577	-11848	-12339
1195.935582	-11848	-12339
1195.985587	-11848	-12339
1196.035592	-11848	-12339
1196.085597	-11848	-12339
1196.135602	-11848	-12339
1196.185606	-11848	-12339
1196.235611	-11848	-12339
1196.285616	-11848	-12339
1196.335621	-11848	-12339
1196.385627	-11848	-12339
1196.435632	-11848	-12339
1196.485637	-11848	-12339
1196.535642	-11848	-12339
1196.585647	-11848	-12339
1196.635652	-11848	-12339
1196.685657	-11848	-12339
1196.735662	-11848	-12339
1196.785666	-11848	-12339
1196.835671	-11848	-12339
1196.885676	-11848	-12339
1196.935681	-11848	-12339
1196.985687	-11848	-12339
1197.035692	-11848	-12339
1197.085697	-11848	-12339
1197.135702	-11848	-12339
1197.185707	-11848	-12339
1197.235712	-11848	-12339
1197.285717	-11848	-12339
1197.335721	-11848	-12339
1197.385726	-11848	-12339
1197.435731	-11848	-12339
1197.485736	-11848	-12339
1197.535742	-11848	-12339
1197.585747	-11848	-12339
1197.635752	-11848	-12339
1197.685757	-11848	-12339
1197.735762	-11848	-12339
1197.785767	-11848	-12339
1197.835772	-11848	-12339
1197.885777	-11848	-12339
1197.935781	-11848	-12339
1197.985786	-11848	-12339
1198.035791	-11848	-12339
1198.085796	-11848	-12339
1198.135802	-11848	-12339
1198.185807	-11848	-12339
1198.235812	-11848	-12339
1198.285817	-11848	-12339
1198.335822	-11848	-12339
1198.385827	-11848	-12339
1198.435832	-11848	-12339
1198.485837	-11848	-12339
1198.535841	-11848	-12339
1198.585846	-11848	-12339
1198.635851	-11848	-12339
1198.685856	-11848	-12339
1198.735862	-11848	-12339
1198.785867	-11848	-12339
1198.835872	-11848	-12339
1198.885877	-11848	-12339
1198.935882	-11848	-12339
1198.985887	-11848	-12339
1199.035892	-11848	-12339
1199.085896	-11848	-12339
1199.135901	-11848	-12339
1199.185906	-11848	-12339
1199.235911	-11848	-12339
1199.285917	-11848	-12339
1199.335922	-11848	-12339
1199.385927	-11848	-12339
1199.435932	-11848	-12339
1199.485937	-11848	-12339
1199.535942	-11848	-12339
1199.585947	-11848	-12339
1199.635952	-11848	-12339
1199.685956	-11848	-12339
1199.735961	-11848	-12339
1199.785966	-11848	-12339
1199.835971	-11848	-12339
1199.885977	-11848	-12339
1199.935982	-11848	-12339
1199.985987	-11848	-12339
1200.035992	-11848	-12339
1200.085997	-11848	-12339
1200.136002	-11848	-12339
1200.186007	-11848	-12339
1200.236012	-11848	-12339
1200.286016	-11848	-12339
1200.336021	-11848	-12339
1200.386026	-11848	-12339
1200.436031	-11860	-12339
1200.486037	-11864	-12339
1200.536042	-11864	-12339
1200.586047	-11864	-12339
1200.636052	-11864	-12339
1200.686057	-11868	-12339
1200.736062	-11872	-12339
1200.786067	-11872	-12339
1200.836071	-11872	-12339
1200.886076	-11872	-12323
1200.936081	-11872	-12311
1200.986086	-11872	-12311
1201.036092	-11884	-12311
1201.086097	-11892	-12311
1201.136102	-11892	-12311
1201.186107	-11892	-12311
1201.236112	-11908	-12311
1201.286117	-11908	-12311
1201.335122	-11908	-12311
1201.385127	-11908	-12311
1201.435132	-11908	-12311
1201.485137	-11908	-12311
1201.535141	-11908	-12311
1201.585146	-11908	-12311
1201.635151	-11908	-12311
1201.685156	-11908	-12311
1201.735161	-11908	-12311
1201.785166	-11920	-12311
1201.835172	-11920	-12311
1201.885177	-11920	-12311
1201.935182	-11920	-12311
1201.985187	-11920	-12311
1202.035192	-11920	-12311
1202.085196	-11920	-12267
1202.135201	-11920	-12267
1202.185206	-11920	-12267
1202.235211	-11932	-12267
1202.285216	-11936	-12267
1202.335221	-11936	-12263
1202.385226	-11936	-12263
1202.435232	-11936	-12251
1202.485237	-11944	-12247
1202.535242	-11944	-12247
1202.585247	-11952	-12247
1202.635252	-11964	-12247
1202.685256	-11972	-12247
1202.735261	-11972	-12215
1202.785266	-11992	-12195
1202.835271	-11992	-12171
1202.885276	-12004	-12171
1202.935281	-12004	-12171
1202.985286	-12004	-12167
1203.035292	-12004	-12151
1203.085297	-12036	-12139
1203.135302	-12040	-12139
1203.185307	-12056	-12139
1203.235312	-12064	-12131
1203.285316	-12072	-12091
1203.335321	-12072	-12091
1203.385326	-12096	-12091
1203.435331	-12096	-12091
1203.485336	-12096	-12091
1203.535341	-12096	-12091
1203.585347	-12096	-12091
1203.635352	-12096	-12091
1203.685357	-12096	-12091
1203.735362	-12096	-12091
1203.785367	-12096	-12091
1203.835371	-12096	-12091
1203.885376	-12096	-12091
1203.935381	-12096	-12091
1203.985386	-12096	-12091
1204.035391	-12096	-12091
1204.085396	-12096	-12091
1204.135401	-12096	-12091
1204.185407	-12096	-12091
1204.235412	-12096	-12091
1204.285417	-12096	-12091
1204.335422	-12096	-12091
1204.385427	-12096	-12091
1204.435431	-12096	-12091
1204.485436	-12096	-12091
1204.535441	-12096	-12091
1204.585446	-12096	-12091
1204.635451	-12096	-12091
1204.685456	-12096	-12091
1204.735461	-12096	-12091
1204.785467	-12096	-12091
1204.835472	-12096	-12091
1204.885477	-12096	-12091
1204.935482	-12116	-12091
1204.985487	-12116	-12091
1205.035491	-12116	-12091
1205.085496	-12128	-12091
1205.135501	-12128	-12091
1205.185506	-12136	-12091
1205.235511	-12136	-12091
1205.285516	-12148	-12091
1205.335522	-12148	-12091
1205.385527	-12148	-12091
1205.435532	-12148	-12091
1205.485537	-12148	-12091
1205.535542	-12148	-12091
1205.585546	-12148	-12091
1205.635551	-12148	-12091
1205.685556	-12148	-12091
1205.735561	-12148	-12091
1205.785566	-12148	-12091
1205.835571	-12148	-12091
1205.885576	-12148	-12091
1205.935582	-12148	-12091
1205.985587	-12148	-12091
1206.035592	-12148	-12091
1206.085597	-12148	-12091
1206.135602	-12148	-12091
1206.185606	-12148	-12091
1206.235611	-12148	-12091
1206.285616	-12148	-12091
1206.335621	-12148	-12091
1206.385626	-12148	-12091
1206.435631	-12148	-12091
1206.485636	-12148	-12091
1206.535642	-12148	-12091
1206.585647	-12148	-12091
1206.635652	-12148	-12091
1206.685657	-12148	-12091
1206.735662	-12148	-12091
1206.785666	-12148	-12091
1206.835671	-12148	-12091
1206.885676	-12148	-12091
1206.935681	-12148	-12091
1206.985686	-12148	-12091
1207.035691	-12148	-12091
1207.085697	-12148	-12091
1207.135702	-12148	-12091
1207.185707	-12148	-12091
1207.235712	-12148	-12091
1207.285717	-12148	-12091
1207.335721	-12148	-12091
1207.385726	-12148	-12091
1207.435731	-12148	-12091
1207.485736	-12148	-12091
1207.535741	-12148	-12091
1207.585746	-12148	-12091
1207.635751	-12148	-12091
1207.685757	-12148	-12091
1207.735762	-12148	-12091
1207.785767	-12148	-12091
1207.835772	-12148	-12091
1207.885777	-12148	-12091
1207.935781	-12148	-12091
1207.985786	-12148	-12091
1208.035791	-12148	-12091
1208.085796	-12148	-12091
1208.135801	-12148	-12091
1208.185806	-12148	-12091
1208.235811	-12148	-12091
1208.285817	-12148	-12091
1208.335822	-12148	-12091
1208.385827	-12148	-12083
1208.435832	-12148	-12083
1208.485837	-12148	-12083
1208.535841	-12148	-12083
1208.585846	-12148	-12083
1208.635851	-12148	-12083
1208.685856	-12148	-12083
1208.735861	-12148	-12083
1208.785866	-12148	-12083
1208.835872	-12148	-12083
1208.885877	-12148	-12083
1208.935882	-12148	-12083
1208.985887	-12148	-12083
1209.035892	-12148	-12083
1209.085896	-12148	-12083
1209.135901	-12148	-12083
1209.185906	-12148	-12083
1209.235911	-12148	-12083
1209.285916	-12148	-12083
1209.335921	-12148	-12083
1209.385926	-12148	-12083
1209.435932	-12148	-12083
1209.485937	-12148	-12083
1209.535942	-12148	-12083
1209.585947	-12148	-12083
1209.635952	-12148	-12083
1209.685956	-12148	-12067
1209.735961	-12148	-12067
1209.785966	-12148	-12067
1209.835971	-12148	-12067
1209.885976	-12148	-12067
1209.935981	-12148	-12067
1209.985986	-12148	-12067
1210.035992	-12148	-12063
1210.085997	-12148	-12063
1210.136002	-12148	-12063
1210.186007	-12148	-12063
1210.236012	-12148	-12063
1210.286016	-12148	-12063
1210.336021	-12148	-12063
1210.386026	-12148	-12063
1210.436031	-12148	-12063
1210.486036	-12148	-12063
1210.536041	-12148	-12063
1210.586047	-12148	-12063
1210.636052	-12148	-12063
1210.686057	-12148	-12063
1210.736062	-12148	-12063
1210.786067	-12148	-12063
1210.836071	-12148	-12063
1210.886076	-12148	-12063
1210.936081	-12148	-12039
1210.986086	-12148	-12039
1211.036091	-12148	-12035
1211.086096	-12148	-12035
1211.136101	-12148	-12019
1211.186107	-12148	-12019
1211.236112	-12148	-12011
1211.286117	-12148	-11999
1211.336122	-12148	-11995
1211.386127	-12148	-11995
1211.436131	-12148	-11995
1211.486136	-12160	-11983
1211.536141	-12160	-11959
1211.586146	-12160	-11959
1211.636151	-12176	-11959
1211.686156	-12192	-11959
1211.736161	-12192	-11959
1211.786167	-12200	-11951
1211.836172	-12200	-11951
1211.886177	-12212	-11943
1211.936182	-12236	-11943
1211.986187	-12236	-11943
1212.036191	-12236	-11943
1212.086196	-12236	-11943
1212.136201	-12236	-11935
1212.186206	-12240	-11915
1212.236211	-12240	-11915
1212.286216	-12272	-11915
1212.336222	-12272	-11915
1212.386227	-12276	-11915
1212.436232	-12292	-11915
1212.486237	-12292	-11915
1212.536242	-12292	-11915
1212.586246	-12292	-11915
1212.636251	-12292	-11915
1212.686256	-12308	-11903
1212.736261	-12308	-11887
1212.786266	-12312	-11887
1212.836271	-12312	-11883
1212.886276	-12312	-11883
1212.936282	-12324	-11883
1212.986287	-12324	-11879
1213.036292	-12324	-11879
1213.086297	-12328	-11879
1213.136302	-12328	-11879
1213.186306	-12352	-11879
1213.236311	-12352	-11879
1213.286316	-12352	-11879
1213.336321	-12352	-11879
1213.386326	-12360	-11879
1213.436331	-12364	-11879
1213.486336	-12372	-11875
1213.536342	-12408	-11795
1213.586347	-12536	-11795
1213.636352	-12536	-11795
1213.686357	-12536	-11795
1213.736362	-12536	-11795
1213.786366	-12536	-11795
1213.836371	-12536	-11795
1213.886376	-12536	-11795
1213.936381	-12536	-11791
1213.986386	-12536	-11767
1214.036391	-12536	-11767
1214.086397	-12536	-11755
1214.136402	-12536	-11755
1214.186407	-12536	-11755
1214.236412	-12536	-11727
1214.286417	-12536	-11727
1214.336421	-12536	-11727
1214.386426	-12536	-11727
1214.436431	-12536	-11727
1214.486436	-12536	-11727
1214.536441	-12540	-11727
1214.586446	-12544	-11715
1214.636451	-12544	-11715
1214.686457	-12544	-11715
1214.736462	-12544	-11715
1214.786467	-12544	-11715
1214.836472	-12544	-11715
1214.886477	-12544	-11715
1214.936481	-12544	-11715
1214.986486	-12544	-11715
1215.036491	-12544	-11715
1215.110499	-12544	-11715
1215.136501	-12544	-11715
1215.186506	-12544	-11715
1215.236512	-12544	-11715
1215.286517	-12548	-11715
1215.336522	-12548	-11715
1215.386527	-12548	-11715
1215.436532	-12556	-11715
1215.486537	-12580	-11715
1215.536541	-12580	-11715
1215.586546	-12580	-11715
1215.636551	-12580	-11715
1215.686556	-12592	-11715
1215.736561	-12592	-11715
1215.786566	-12592	-11715
1215.836572	-12592	-11715
1215.886577	-12592	-11715
1215.936582	-12592	-11715
1215.986587	-12592	-11715
1216.036592	-12596	-11715
1216.086596	-12596	-11715
1216.136601	-12596	-11715
1216.186606	-12612	-11715
1216.236611	-12612	-11715
1216.286616	-12612	-11715
1216.336621	-12612	-11715
1216.386626	-12612	-11695
1216.436632	-12612	-11695
1216.486637	-12612	-11695
1216.536642	-12612	-11695
1216.586647	-12624	-11695
1216.636652	-12624	-11695
1216.686656	-12628	-11695
1216.736661	-12628	-11695
1216.786666	-12628	-11695
1216.836671	-12628	-11695
1216.886676	-12628	-11695
1216.936681	-12628	-11695
1216.986687	-12640	-11695
1217.036692	-12640	-11695
1217.086697	-12640	-11695
1217.136702	-12640	-11695
1217.186707	-12640	-11695
1217.236712	-12672	-11695
1217.286716	-12684	-11659
1217.336721	-12748	-11659
1217.386726	-12748	-11659
1217.436731	-12752	-11659
1217.486736	-12764	-11655
1217.536741	-12800	-11631
1217.586747	-12840	-11619
1217.636752	-12856	-11619
1217.686757	-12892	-11607
1217.736762	-12892	-11595
1217.786767	-12900	-11595
1217.836771	-12928	-11595
1217.886776	-12948	-11595
1217.936781	-12952	-11595
1217.986786	-12984	-11595
1218.036791	-12984	-11595
1218.086796	-12996	-11595
1218.136801	-12996	-11595
1218.186807	-13004	-11595
1218.236812	-13016	-11595
1218.286817	-13056	-11595
1218.336822	-13056	-11595
1218.386827	-13060	-11595
1218.436831	-13064	-11595
1218.486836	-13068	-11595
1218.536841	-13076	-11595
1218.586846	-13092	-11595
1218.636851	-13092	-11595
1218.686856	-13092	-11595
1218.736862	-13092	-11595
1218.786867	-13092	-11595
1218.835871	-13104	-11595
1218.885876	-13104	-11595
1218.935881	-13108	-11595
1218.985887	-13124	-11595
1219.035892	-13140	-11595
1219.085896	-13144	-11595
1219.135901	-13144	-11595
1219.185906	-13144	-11595
1219.235911	-13144	-11595
1219.285916	-13152	-11595
1219.335921	-13152	-11595
1219.385926	-13152	-11595
1219.435931	-13152	-11595
1219.485936	-13152	-11595
1219.535942	-13152	-11595
1219.585947	-13152	-11595
1219.635952	-13152	-11595
1219.685956	-13152	-11595
1219.735961	-13160	-11595
1219.785966	-13160	-11595
1219.835971	-13160	-11595
1219.885976	-13160	-11595
1219.935981	-13160	-11595
1219.985986	-13172	-11595
1220.035991	-13172	-11595
1220.085996	-13180	-11595
1220.136002	-13180	-11595
1220.186007	-13180	-11595
1220.236012	-13180	-11595
1220.286016	-13180	-11595
1220.336021	-13180	-11595
1220.386026	-13184	-11595
1220.436031	-13184	-11595
1220.486036	-13200	-11595
1220.536041	-13200	-11595
1220.586046	-13200	-11595
1220.636051	-13200	-11595
1220.686056	-13208	-11595
1220.736062	-13208	-11595
1220.786067	-13208	-11595
1220.836071	-13208	-11595
1220.886076	-13212	-11595
1220.936081	-13212	-11595
1220.986086	-13212	-11595
1221.036091	-13212	-11595
1221.086096	-13212	-11595
1221.136101	-13212	-11595
1221.186106	-13212	-11595
1221.236111	-13220	-11595
1221.286117	-13224	-11595
1221.336122	-13232	-11595
1221.386127	-13248	-11595
1221.436131	-13248	-11595
1221.486136	-13248	-11595
1221.536141	-13252	-11595
1221.586146	-13252	-11595
1221.636151	-13252	-11595
1221.686156	-13252	-11595
1221.736161	-13252	-11595
1221.786166	-13252	-11595
1221.836171	-13252	-11595
1221.886177	-13264	-11595
1221.936182	-13264	-11595
1221.986187	-13264	-11595
1222.036191	-13276	-11595
1222.086196	-13276	-11595
1222.136201	-13300	-11595
1222.186206	-13300	-11595
1222.236211	-13300	-11595
1222.286216	-13308	-11595
1222.336221	-13308	-11595
1222.386226	-13308	-11595
1222.436231	-13308	-11595
1222.486237	-13308	-11595
1222.536242	-13312	-11595
1222.586246	-13312	-11595
1222.636251	-13312	-11595
1222.686256	-13320	-11595
1222.736261	-13320	-11595
1222.786266	-13324	-11595
1222.836271	-13324	-11595
1222.886276	-13324	-11595
1222.936281	-13324	-11595
1222.986286	-13324	-11595
1223.036292	-13324	-11595
1223.086297	-13324	-11595
1223.136302	-13332	-11595
1223.186306	-13332	-11595
1223.236311	-13332	-11595
1223.286316	-13332	-11595
1223.336321	-13348	-11595
1223.386326	-13348	-11595
1223.436331	-13356	-11595
1223.486336	-13356	-11595
1223.536341	-13360	-11595
1223.586346	-13360	-11595
1223.636352	-13360	-11595
1223.686357	-13360	-11595
1223.736362	-13360	-11595
1223.786366	-13376	-11595
1223.836371	-13376	-11595
1223.886376	-13376	-11595
1223.936381	-13376	-11595
1223.986386	-13384	-11595
1224.036391	-13404	-11595
1224.086396	-13404	-11595
1224.136401	-13404	-11595
1224.186406	-13428	-11595
1224.236412	-13428	-11595
1224.286417	-13428	-11595
1224.336421	-13428	-11595
1224.386426	-13428	-11595
1224.436431	-13428	-11595
1224.486436	-13428	-11595
1224.536441	-13428	-11595
1224.586446	-13428	-11595
1224.636451	-13428	-11595
1224.686456	-13428	-11595
1224.736461	-13428	-11595
1224.786467	-13428	-11595
1224.836472	-13428	-11595
1224.886477	-13428	-11595
1224.936481	-13428	-11595
1224.986486	-13436	-11595
1225.036491	-13436	-11595
1225.086496	-13436	-11595
1225.136501	-13436	-11595
1225.186506	-13436	-11595
1225.236511	-13436	-11595
1225.286516	-13436	-11595
1225.336521	-13436	-11595
1225.386527	-13436	-11595
1225.436532	-13436	-11595
1225.486537	-13436	-11595
1225.536541	-13436	-11595
1225.586546	-13436	-11595
1225.636551	-13436	-11595
1225.686556	-13436	-11595
1225.736561	-13436	-11595
1225.786566	-13436	-11595
1225.836571	-13436	-11595
1225.886576	-13436	-11595
1225.936581	-13436	-11595
1225.986587	-13436	-11595
1226.036592	-13436	-11595
1226.086596	-13436	-11595
1226.136601	-13436	-11595
1226.186606	-13436	-11595
1226.236611	-13436	-11595
1226.286616	-13436	-11595
1226.336621	-13436	-11595
1226.386626	-13436	-11595
1226.436631	-13436	-11595
1226.486636	-13436	-11595
1226.536642	-13436	-11595
1226.586647	-13436	-11595
1226.636652	-13436	-11595
1226.686656	-13440	-11595
1226.736661	-13440	-11595
1226.786666	-13440	-11595
1226.836671	-13440	-11595
1226.886676	-13464	-11595
1226.936681	-13484	-11595
1226.986686	-13484	-11595
1227.036691	-13492	-11595
1227.086696	-13492	-11595
1227.136702	-13548	-11595
1227.186707	-13548	-11595
1227.236712	-13548	-11595
1227.286716	-13564	-11595
1227.336721	-13620	-11595
1227.386726	-13656	-11595
1227.436731	-13692	-11595
1227.486736	-13696	-11595
1227.536741	-13776	-11595
1227.586746	-13816	-11595
1227.636751	-13852	-11595
1227.686756	-13860	-11595
1227.736762	-13864	-11595
1227.786767	-13864	-11595
1227.836771	-13864	-11595
1227.886776	-13864	-11595
1227.936781	-13864	-11595
1227.986786	-13864	-11595
1228.036791	-13864	-11595
1228.086796	-13864	-11595
1228.136801	-13864	-11595
1228.186806	-13864	-11595
1228.236811	-13864	-11595
1228.286817	-13864	-11595
1228.336822	-13864	-11595
1228.386827	-13864	-11595
1228.436831	-13864	-11595
1228.486836	-13864	-11595
1228.536841	-13864	-11595
1228.586846	-13864	-11595
1228.636851	-13864	-11595
1228.686856	-13864	-11595
1228.736861	-13864	-11595
1228.786866	-13864	-11595
1228.836871	-13864	-11595
1228.886877	-13864	-11539
1228.936882	-13864	-11383
1228.986887	-13760	-11159
1229.036891	-13736	-10910
1229.086896	-13584	-10810
1229.136901	-13416	-10802
1229.186906	-13260	-10690
1229.236911	-12908	-10690
1229.286916	-12332	-10602
1229.336921	-11472	-10386
1229.386926	-10248	-10018
1229.436931	-9304	-9666
1229.486937	-8332	-9258
1229.536942	-7488	-8662
1229.586946	-6704	-8086
1229.636951	-5892	-7462
1229.686956	-5172	-6854
1229.736961	-4360	-6094
1229.786966	-3220	-5053
1229.836971	-2412	-4101
1229.886976	-1596	-3285
1229.936981	-712	-2333
1229.986986	0	-1041
1230.036992	0	-265
1230.086997	0	0
1230.137002	0	0
1230.187006	0	0
1230.237011	0	0
1230.287016	0	0
1230.337021	0	0
1230.387026	0	0
1230.437031	0	0
1230.487036	0	0
1230.537041	0	0
1230.587046	0	0
1230.637052	0	0
1230.687057	0	0
1230.737062	0	0
1230.787066	0	0
1230.837071	0	0
1230.887076	0	0
1230.937081	0	0
1230.987086	0	0
1231.037091	0	0
1231.087096	0	0
1231.137101	0	0
1231.187106	0	0
1231.237112	0	0
1231.287117	0	0
1231.337121	0	0
1231.387126	0	0
1231.437131	0	0
1231.487136	0	0
1231.537141	0	0
1231.587146	0	0
1231.637151	0	0
1231.687156	0	0
1231.737161	0	0
1231.787167	0	0
1231.837172	0	0
1231.887177	0	0
1231.937181	0	0
1231.987186	0	0
1232.037191	0	0
1232.087196	0	0
1232.137201	0	0
1232.187206	0	0
1232.237211	0	0
1232.287216	0	0
1232.337221	0	0
1232.387227	0	0
1232.437232	0	0
1232.487236	0	0
1232.537241	0	0
1232.587246	0	0
1232.637251	0	0
1232.687256	0	0
1232.737261	0	0
1232.787266	0	0
1232.837271	0	0
1232.887276	0	0
1232.937281	0	0
1232.987287	0	0
1233.037292	0	0
1233.087296	0	0
1233.137301	0	0
1233.187306	0	0
1233.237311	0	0
1233.287316	0	0
1233.337321	0	0
1233.387326	0	0
1233.437331	0	0
1233.487336	0	0
1233.537342	0	0
1233.587347	0	0
1233.637352	0	0
1233.687356	0	0
1233.737361	0	0
1233.787366	0	0
1233.837371	0	0
1233.887376	0	0
1233.937381	0	0
1233.987386	0	0
1234.037391	0	0
1234.087396	0	0
1234.137402	0	0
1234.187407	0	0
1234.237411	0	0
1234.287416	0	0
1234.337421	0	0
1234.387426	0	0
1234.437431	0	0
1234.487436	0	0
1234.537441	0	0
1234.587446	0	0
1234.637451	0	0
1234.687456	0	0
1234.737462	0	0
1234.787467	0	0
1234.837471	0	0
1234.887476	0	0
1234.937481	0	0
1234.987486	0	0
1235.037491	0	0
1235.087496	0	0
1235.137501	0	0
1235.187506	0	0
1235.237511	0	0
1235.287517	0	0
1235.337522	0	0
1235.387527	0	0
1235.437531	0	0
1235.487536	0	0
1235.537541	0	0
1235.587546	0	0
1235.637551	0	0
1235.687556	0	0
1235.737561	0	0
1235.787566	0	0
1235.837571	0	0
1235.887577	0	0
1235.937582	0	0
1235.987586	0	0
1236.037591	0	0
1236.087596	0	0
1236.137601	0	0
1236.187606	0	0
1236.237611	0	0
1236.287616	0	0
1236.336621	0	0
1236.386626	0	0
1236.436631	0	0
1236.486636	0	0
1236.536641	0	0
1236.586646	0	0
1236.636651	0	0
1236.686656	0	0
1236.736661	0	0
1236.786666	0	0
1236.836671	0	0
1236.886676	0	0
1236.936681	0	0
1236.986686	0	0
1237.036691	0	0
1237.086696	0	0
1237.136701	0	0
1237.186706	0	0
1237.236712	0	0
1237.286716	0	0
1237.336721	0	0
1237.386726	0	0
1237.436731	0	0
1237.486736	0	0
1237.536741	0	0
1237.586746	0	0
1237.636751	0	0
1237.686756	0	0
1237.736761	0	0
1237.786766	0	0
1237.836771	0	0
1237.886776	0	0
1237.936781	0	0
1237.986786	0	0
1238.036791	0	0
1238.086796	0	0
1238.136801	0	0
1238.186806	0	0
1238.236811	0	0
1238.286816	0	0
1238.336821	0	0
1238.386826	0	0
1238.436831	0	0
1238.486836	0	0
1238.536841	0	0
1238.586846	0	0
1238.636851	0	0
1238.686856	0	0
1238.736861	0	0
1238.786866	0	0
1238.836871	0	0
1238.886876	0	0
1238.936881	0	0
1238.986887	0	0
1239.036891	0	0
1239.086896	0	0
1239.136901	0	0
1239.186906	0	0
1239.236911	0	0
1239.286916	0	0
1239.336921	0	0
1239.386926	0	0
1239.436931	0	0
1239.486936	0	0
1239.536941	0	0
1239.586946	0	0
1239.636951	0	0
1239.686956	0	0
1239.736961	0	0
1239.786966	0	0
1239.836971	0	0
1239.886976	0	0
1239.936981	0	0
1239.986986	0	0
1240.036991	0	0
1240.086996	0	0
1240.137001	0	0
1240.187006	0	0
1240.237011	0	0
1240.287016	0	0
1240.337021	0	0
1240.387026	0	0
1240.437031	0	0
1240.487036	0	0
1240.537041	0	0
1240.587046	0	0
1240.637051	0	0
1240.687056	0	0
1240.737062	0	0
1240.787066	0	0
1240.837071	0	0
1240.887076	0	0
1240.937081	0	0
1240.987086	0	0
1241.037091	0	0
1241.087096	0	0
1241.137101	0	0
1241.187106	0	0
1241.237111	0	0
1241.287116	0	0
1241.337121	0	0
1241.387126	0	0
1241.437131	0	0
1241.487136	0	0
1241.537141	0	0
1241.587146	0	0
1241.637151	0	0
1241.687156	0	0
1241.737161	0	0
1241.787166	0	0
1241.837171	0	0
1241.887176	0	0
1241.937181	0	0
1241.987186	0	0
1242.037191	0	0
1242.087196	0	0
1242.137201	0	0
1242.187206	0	0
1242.237211	0	0
1242.287216	0	0
1242.337221	0	0
1242.387226	0	0
1242.437231	0	0
1242.487236	0	0
1242.537241	0	0
1242.587246	0	0
1242.637251	0	0
1242.687256	0	0
1242.737261	0	0
1242.787266	0	0
1242.837271	0	0
1242.887276	0	0
1242.937281	0	0
1242.987286	0	0
1243.037291	0	0
1243.087296	0	0
1243.137301	0	0
1243.187306	0	0
1243.237311	0	0
1243.287316	0	0
1243.337321	0	0
1243.387326	0	0
1243.437331	0	0
1243.487336	0	0
1243.537341	0	0
1243.587346	0	0
1243.637351	0	0
1243.687356	0	0
1243.737361	0	0
1243.787366	0	0
1243.837371	0	0
1243.887376	0	0
1243.937381	0	0
1243.987386	0	0
1244.037391	0	0
1244.087396	0	0
1244.137401	0	0
1244.187406	0	0
1244.237411	0	0
1244.287416	0	0
1244.337421	0	0
1244.387426	0	0
1244.437431	0	0
1244.487436	0	0
1244.537441	0	0
1244.587446	0	0
1244.637451	0	0
1244.687456	0	0
1244.737461	0	0
1244.787466	0	0
1244.837471	0	0
1244.887476	0	0
1244.937481	0	0
1244.987486	0	0
1245.037491	0	0
1245.087496	0	0
1245.137501	0	0
1245.187506	0	0
1245.237511	0	0
1245.287516	0	0
1245.337521	0	0
1245.387526	0	0
1245.437531	0	0
1245.487536	0	0
1245.537541	0	0
1245.587546	0	0
1245.637551	0	0
1245.687556	0	0
1245.737561	0	0
1245.787566	0	0
1245.837571	0	0
1245.887576	0	0
1245.937581	0	0
1245.987586	0	0
1246.037591	0	0
1246.087596	0	0
1246.137601	0	0
1246.187606	0	0
1246.237611	0	0
1246.287616	0	0
1246.337621	0	0
1246.387626	0	0
1246.437631	0	0
1246.487636	0	0
1246.537641	0	0
1246.587646	0	0
1246.637651	0	0
1246.687656	0	0
1246.737661	0	0
1246.787666	0	0
1246.837671	0	0
1246.887676	0	0
1246.937681	0	0
1246.987686	0	0
1247.037691	0	0
1247.087696	0	0
1247.137701	0	0
1247.187706	0	0
1247.237711	0	0
1247.287716	0	0
1247.337721	0	0
1247.387726	0	0
1247.437731	0	0
1247.487736	0	0
1247.537741	0	0
1247.587746	0	0
1247.637751	0	0
1247.687756	0	0
1247.737761	0	0
1247.787766	0	0
1247.837771	0	0
1247.887776	0	0
1247.937781	0	0
1247.987786	0	0
1248.037791	0	0
1248.087796	0	0
1248.137801	0	0
1248.187806	0	0
1248.237811	0	0
1248.287816	0	0
1248.337821	0	0
1248.387826	0	0
1248.437831	0	0
1248.487836	0	0
1248.537841	0	0
1248.587846	0	0
1248.637851	0	0
1248.687856	0	0
1248.737861	0	0
1248.787866	0	0
1248.837871	0	0
1248.887876	0	0
1248.937881	0	0
1248.987886	0	0
1249.037891	0	0
1249.087896	0	0
1249.137901	0	0
1249.187906	0	0
1249.237911	0	0
1249.287916	0	0
1249.337921	0	0
1249.387926	0	0
1249.437931	0	0
1249.487936	0	0
1249.537941	0	0
1249.587946	0	0
1249.637951	0	0
1249.687956	0	0
1249.737961	0	0
1249.787966	0	0
1249.837971	0	0
1249.887976	0	0
1249.937981	0	0
1249.987986	0	0
1250.037991	0	0
1250.087996	0	0
1250.138001	0	0
1250.188006	0	0
1250.238011	0	0
1250.288016	0	0
1250.338021	0	0
1250.388026	0	0
1250.438031	0	0
1250.488036	0	0
1250.538041	0	0
1250.588046	0	0
1250.638051	0	0
1250.688056	0	0
1250.738061	0	0
1250.788066	0	0
1250.838071	0	0
1250.888076	0	0
1250.938081	0	0
1250.988086	0	0
1251.038091	0	0
1251.088096	0	0
1251.138101	0	0
1251.188106	0	0
1251.238111	0	0
1251.288116	0	0
1251.338121	0	0
1251.388126	0	0
1251.438131	0	0
1251.488136	0	0
1251.538141	0	0
1251.588146	0	0
1251.638151	0	0
1251.688156	0	0
1251.738161	0	0
1251.788166	0	0
1251.838171	0	0
1251.888176	0	0
1251.938181	0	0
1251.988186	0	0
1252.038191	0	0
1252.088196	0	0
1252.138201	0	0
1252.188206	0	0
1252.238211	0	0
1252.288216	0	0
1252.338221	0	0
1252.388226	0	0
1252.438231	0	0
1252.488236	0	0
1252.538241	0	0
1252.588246	0	0
1252.638251	0	0
1252.688256	0	0
1252.738261	0	0
1252.788266	0	0
1252.838271	0	0
1252.888276	0	0
1252.938281	0	0
1252.988286	0	0
1253.038291	0	0
1253.088296	0	0
1253.138301	0	0
1253.188306	0	0
1253.238311	0	0
1253.288316	0	0
1253.338321	0	0
1253.388326	0	0
1253.438331	0	0
1253.488336	0	0
1253.538341	0	0
1253.588346	0	0
1253.638351	0	0
1253.688356	0	0
1253.738361	0	0
1253.787366	0	0
1253.837371	0	0
1253.887376	0	0
1253.937381	0	0
1253.987386	0	0
1254.037391	0	0
1254.087396	0	0
1254.137401	0	0
1254.187406	0	0
1254.237411	0	0
1254.287416	0	0
1254.337421	0	0
1254.387426	0	0
1254.437431	0	0
1254.487436	0	0
1254.537441	0	0
1254.587446	0	0
1254.637451	0	0
1254.687456	0	0
1254.737461	0	0
1254.787466	0	0
1254.837471	0	0
1254.887476	0	0
1254.937481	0	0
1254.987486	0	0
1255.037491	0	0
1255.087496	0	0
1255.137501	0	0
1255.187506	0	0
1255.237511	0	0
1255.287516	0	0
1255.337521	0	0
1255.387526	0	0
1255.437531	0	0
1255.487536	0	0
1255.537541	0	0
1255.587546	0	0
1255.637551	0	0
1255.687556	0	0
1255.737561	0	0
1255.787566	0	0
1255.837571	0	0
1255.887576	0	0
1255.937581	0	0
1255.987586	0	0
1256.037591	0	0
1256.087596	0	0
1256.137601	0	0
1256.187606	0	0
1256.237611	0	0
1256.287616	0	0
1256.337621	0	0
1256.387626	0	0
1256.437631	0	0
1256.487636	0	0
1256.537641	0	0
1256.587646	0	0
1256.637651	0	0
1256.687656	0	0
1256.737661	0	0
1256.787666	0	0
1256.837671	0	0
1256.887676	0	0
1256.937681	0	0
1256.987686	0	0
1257.037691	0	0
1257.087696	0	0
1257.137701	0	0
1257.187706	0	0
1257.237711	0	0
1257.287716	0	0
1257.337721	0	0
1257.387726	0	0
1257.437731	0	0
1257.487736	0	0
1257.537741	0	0
1257.587746	0	0
1257.637751	0	0
1257.687756	0	0
1257.737761	0	0
1257.787766	0	0
1257.837771	0	0
1257.887776	0	0
1257.937781	0	0
1257.987786	0	0
1258.037791	0	0
1258.087796	0	0
1258.137801	0	0
1258.187806	0	0
1258.237811	0	0
1258.287816	0	0
1258.337821	0	0
1258.387826	0	0
1258.437831	0	0
1258.487836	0	0
1258.537841	0	0
1258.587846	0	0
1258.637851	0	0
1258.687856	0	0
1258.737861	0	0
1258.787866	0	0
1258.837871	0	0
1258.887876	0	0
1258.937881	0	0
1258.987886	0	0
1259.037891	0	0
1259.087896	0	0
1259.137901	0	0
1259.187906	0	0
1259.237911	0	0
1259.287916	0	0
1259.337921	0	0
1259.387926	0	0
1259.437931	0	0
1259.487936	0	0
1259.537941	0	0
1259.587946	0	0
1259.637951	0	0
1259.687956	0	0
1259.737961	0	0
1259.787966	0	0
1259.837971	0	0
1259.887976	0	0
1259.937981	0	0
1259.987986	0	0
1260.037991	0	0
1260.087996	0	0
1260.138001	0	0
1260.188006	0	0
1260.238011	0	0
1260.288016	0	0
1260.338021	0	0
1260.388026	0	0
1260.438031	0	0
1260.488036	0	0
1260.538041	0	0
1260.588046	0	0
1260.638051	0	0
1260.688056	0	0
1260.738061	0	0
1260.788066	0	0
1260.838071	0	0
1260.888076	0	0
1260.938081	0	0
1260.988086	0	0
1261.038091	0	0
1261.088096	0	0
1261.138101	0	0
1261.188106	0	0
1261.238111	0	0
1261.288116	0	0
1261.338121	0	0
1261.388126	0	0
1261.438131	0	0
1261.488136	0	0
1261.538141	0	0
1261.588146	0	0
1261.638151	0	0
1261.688156	0	0
1261.738161	0	0
1261.788166	0	0
1261.838171	0	0
1261.888176	0	0
1261.938181	0	0
1261.988186	0	0
1262.038191	0	0
1262.088196	0	0
1262.138201	0	0
1262.188206	0	0
1262.238211	0	0
1262.288216	0	0
1262.338221	0	0
1262.388226	0	0
1262.438231	0	0
1262.488236	0	0
1262.538241	0	0
1262.588246	0	0
1262.638251	0	0
1262.688256	0	0
1262.738261	0	0
1262.788266	0	0
1262.838271	0	0
1262.888276	0	0
1262.938281	0	0
1262.988286	0	0
1263.038291	0	0
1263.088296	0	0
1263.138301	0	0
1263.188306	0	0
1263.238311	0	0
1263.288316	0	0
1263.338321	0	0
1263.388326	0	0
1263.438331	0	0
1263.488336	0	0
1263.538341	0	0
1263.588346	0	0
1263.638351	0	0
1263.688356	0	0
1263.738361	0	0
1263.788366	0	0
1263.838371	0	0
1263.888376	0	0
1263.938381	0	0
1263.988386	0	0
1264.038391	0	0
1264.088396	0	0
1264.138401	0	0
1264.188406	0	0
1264.238411	0	0
1264.288416	0	0
1264.338421	0	0
1264.388426	0	0
1264.438431	0	0
1264.488436	0	0
1264.538441	0	0
1264.588446	0	0
1264.638451	0	0
1264.688456	0	0
1264.738461	0	0
1264.788466	0	0
1264.838471	0	0
1264.888476	0	0
1264.938481	0	0
1264.988486	0	0
1265.038491	0	0
1265.088496	0	0
1265.138501	0	0
1265.188506	0	0
1265.238511	0	0
1265.288516	0	0
1265.338521	0	0
1265.388526	0	0
1265.438531	0	0
1265.488536	0	0
1265.538541	0	0
1265.588546	0	0
1265.638551	0	0
1265.688556	0	0
1265.738561	0	0
1265.788566	0	0
1265.838571	0	0
1265.888576	0	0
1265.938581	0	0
1265.988586	0	0
1266.038591	0	0
1266.088596	0	0
1266.138601	0	0
1266.188606	0	0
1266.238611	0	0
1266.288616	0	0
1266.338621	0	0
1266.388626	0	0
1266.438631	0	0
1266.488636	0	0
1266.538641	0	0
1266.588646	0	0
1266.638651	0	0
1266.688656	0	0
1266.738661	0	0
1266.788666	0	0
1266.838671	0	0
1266.888676	0	0
1266.938681	0	0
1266.988686	0	0
1267.038691	0	0
1267.088696	0	0
1267.138701	0	0
1267.188706	0	0
1267.238711	0	0
1267.288716	0	0
1267.338721	0	0
1267.388726	0	0
1267.438731	0	0
1267.488736	0	0
1267.538741	0	0
1267.588746	0	0
1267.638751	0	0
1267.688756	0	0
1267.738761	0	0
1267.788766	0	0
1267.838771	0	0
1267.888776	0	0
1267.938781	0	0
1267.988786	0	0
1268.038791	0	0
1268.088796	0	0
1268.138801	0	0
1268.188806	0	0
1268.238811	0	0
1268.288816	0	0
1268.338821	0	0
1268.388826	0	0
1268.438831	0	0
1268.488836	0	0
1268.538841	0	0
1268.588846	0	0
1268.638851	0	0
1268.688856	0	0
1268.738861	0	0
1268.788866	0	0
1268.838871	0	0
1268.888876	0	0
1268.938881	0	0
1268.988886	0	0
1269.038891	0	0
1269.088896	0	0
1269.138901	0	0
1269.188906	0	0
1269.238911	0	0
1269.288916	0	0
1269.338921	0	0
1269.388926	0	0
1269.438931	0	0
1269.488936	0	0
1269.538941	0	0
1269.588946	0	0
1269.638951	0	0
1269.688956	0	0
1269.738961	0	0
1269.788966	0	0
1269.838971	0	0
1269.888976	0	0
1269.938981	0	0
1269.988986	0	0
1270.038991	0	0
1270.088996	0	0
1270.139001	0	0
1270.189006	0	0
1270.239011	0	0
1270.289016	0	0
1270.339021	0	0
1270.389026	0	0
1270.439031	0	0
1270.489036	0	0
1270.539041	0	0
1270.589046	0	0
1270.639051	0	0
1270.689056	0	0
1270.739061	0	0
1270.789066	0	0
1270.839071	0	0
1270.889076	0	0
1270.939081	0	0
1270.989086	0	0
1271.039091	0	0
1271.089096	0	0
1271.139101	0	0
1271.189106	0	0
1271.239111	0	0
1271.288116	0	0
1271.338121	0	0
1271.388126	0	0
1271.438131	0	0
1271.488136	0	0
1271.538141	0	0
1271.588146	0	0
1271.638151	0	0
1271.688156	0	0
1271.738161	0	0
1271.788166	0	0
1271.838171	0	0
1271.888176	0	0
1271.938181	0	0
1271.988186	0	0
1272.038191	0	0
1272.088196	0	0
1272.138201	0	0
1272.188206	0	0
1272.238211	0	0
1272.288216	0	0
1272.338221	0	0
1272.388226	0	0
1272.438231	0	0
1272.488236	0	0
1272.538241	0	0
1272.588246	0	0
1272.638251	0	0
1272.688256	0	0
1272.738261	0	0
1272.788266	0	0
1272.838271	0	0
1272.888276	0	0
1272.938281	0	0
1272.988286	0	0
1273.038291	0	0
1273.088296	0	0
1273.138301	0	0
1273.188306	0	0
1273.238311	0	0
1273.288316	0	0
1273.338321	0	0
1273.388326	0	0
1273.438331	0	0
1273.488336	0	0
1273.538341	0	0
1273.588346	0	0
1273.638351	0	0
1273.688356	0	0
1273.738361	0	0
1273.788366	0	0
1273.838371	0	0
1273.888376	0	0
1273.938381	0	0
1273.988386	0	0
1274.038391	0	0
1274.088396	0	0
1274.138401	0	0
1274.188406	0	0
1274.238411	0	0
1274.288416	0	0
1274.338421	0	0
1274.388426	0	0
1274.438431	0	0
1274.488436	0	0
1274.538441	0	0
1274.588446	0	0
1274.638451	0	0
1274.688456	0	0
1274.738461	0	0
1274.788466	0	0
1274.838471	0	0
1274.888476	0	0
1274.938481	0	0
1274.988486	0	0
1275.038491	0	0
1275.088496	0	0
1275.138501	0	0
1275.188506	0	0
1275.238511	0	0
1275.288516	0	0
1275.338521	0	0
1275.388526	0	0
1275.438531	0	0
1275.488536	0	0
1275.538541	0	0
1275.588546	0	0
1275.638551	0	0
1275.688556	0	0
1275.738561	0	0
1275.788566	0	0
1275.838571	0	0
1275.888576	0	0
1275.938581	0	0
1275.988586	0	0
1276.038591	0	0
1276.088596	0	0
1276.138601	0	0
1276.188606	0	0
1276.238611	0	0
1276.288616	0	0
1276.338621	0	0
1276.388626	0	0
1276.438631	0	0
1276.488636	0	0
1276.538641	0	0
1276.588646	0	0
1276.638651	0	0
1276.688656	0	0
1276.738661	0	0
1276.788666	0	0
1276.838671	0	0
1276.888676	0	0
1276.938681	0	0
1276.988686	0	0
1277.038691	0	0
1277.088696	0	0
1277.138701	0	0
1277.188706	0	0
1277.238711	0	0
1277.288716	0	0
1277.338721	0	0
1277.388726	0	0
1277.438731	0	0
1277.488736	0	0
1277.538741	0	0
1277.588746	0	0
1277.638751	0	0
1277.688756	0	0
1277.738761	0	0
1277.788766	0	0
1277.838771	0	0
1277.888776	0	0
1277.938781	0	0
1277.988786	0	0
1278.038791	0	0
1278.088796	0	0
1278.138801	0	0
1278.188806	0	0
1278.238811	0	0
1278.288816	0	0
1278.338821	0	0
1278.388826	0	0
1278.438831	0	0
1278.488836	0	0
1278.538841	0	0
1278.588846	0	0
1278.638851	0	0
1278.688856	0	0
1278.738861	0	0
1278.788866	0	0
1278.838871	0	0
1278.888876	0	0
1278.938881	0	0
1278.988886	0	0
1279.038891	0	0
1279.088896	0	0
1279.138901	0	0
1279.188906	0	0
1279.238911	0	0
1279.288916	0	0
1279.338921	0	0
1279.388926	0	0
1279.438931	0	0
1279.488936	0	0
1279.538941	0	0
1279.588946	0	0
1279.638951	0	0
1279.688956	0	0
1279.738961	0	0
1279.788966	0	0
1279.838971	0	0
1279.888976	0	0
1279.938981	0	0
1279.988986	0	0
1280.038991	0	0
1280.088996	0	0
1280.139001	0	0
1280.189006	0	0
1280.239011	0	0
1280.289016	0	0
1280.339021	0	0
1280.389026	0	0
1280.439031	0	0
1280.489036	0	0
1280.539041	0	0
1280.589046	0	0
1280.639051	0	0
1280.689056	0	0
1280.739061	0	0
1280.789066	0	0
1280.839071	0	0
1280.889076	0	0
1280.939081	0	0
1280.989086	0	0
1281.039091	0	0
1281.089096	0	0
1281.139101	0	0
1281.189106	0	0
1281.239111	0	0
1281.289116	0	0
1281.339121	0	0
1281.389126	0	0
1281.439131	0	0
1281.489136	0	0
1281.539141	0	0
1281.589146	0	0
1281.639151	0	0
1281.689156	0	0
1281.739161	0	0
1281.789166	0	0
1281.839171	0	0
1281.889176	0	0
1281.939181	0	0
1281.989186	0	0
1282.039191	0	0
1282.089196	0	0
1282.139201	0	0
1282.189206	0	0
1282.239211	0	0
1282.289216	0	0
1282.339221	0	0
1282.389226	0	0
1282.439231	0	0
1282.489236	0	0
1282.539241	0	0
1282.589246	0	0
1282.639251	0	0
1282.689256	0	0
1282.739261	0	0
1282.789266	0	0
1282.839271	0	0
1282.889276	0	0
1282.939281	0	0
1282.989286	0	0
1283.039291	0	0
1283.089296	0	0
1283.139301	0	0
1283.189306	0	0
1283.239311	0	0
1283.289316	0	0
1283.339321	0	0
1283.389326	0	0
1283.439331	0	0
1283.489336	0	0
1283.539341	0	0
1283.589346	0	0
1283.639351	0	0
1283.689356	0	0
1283.739361	0	0
1283.789366	0	0
1283.839371	0	0
1283.889376	0	0
1283.939381	0	0
1283.989386	0	0
1284.039391	0	0
1284.089396	0	0
1284.139401	0	0
1284.189406	0	0
1284.239411	0	0
1284.289416	0	0
1284.339421	0	0
1284.389426	0	0
1284.439431	0	0
1284.489436	0	0
1284.539441	0	0
1284.589446	0	0
1284.639451	0	0
1284.689456	0	0
1284.739461	0	0
1284.789466	0	0
1284.839471	0	0
1284.889476	0	0
1284.939481	0	0
1284.989486	0	0
1285.039491	0	0
1285.089496	0	0
1285.139501	0	0
1285.189506	0	0
1285.239511	0	0
1285.289516	0	0
1285.339521	0	0
1285.389526	0	0
1285.439531	0	0
1285.489536	0	0
1285.539541	0	0
1285.589546	0	0
1285.639551	0	0
1285.689556	0	0
1285.739561	0	0
1285.789566	0	0
1285.839571	0	0
1285.889576	0	0
1285.939581	0	0
1285.989586	0	0
1286.039591	0	0
1286.089596	0	0
1286.139601	0	0
1286.189606	0	0
1286.239611	0	0
1286.289616	0	0
1286.339621	0	0
1286.389626	0	0
1286.439631	0	0
1286.489636	0	0
1286.539641	0	0
1286.589646	0	0
1286.639651	0	0
1286.689656	0	0
1286.739661	0	0
1286.789666	0	0
1286.839671	0	0
1286.889676	0	0
1286.939681	0	0
1286.989686	0	0
1287.039691	0	0
1287.089696	0	0
1287.139701	0	0
1287.189706	0	0
1287.239711	0	0
1287.289716	0	0
1287.339721	0	0
1287.389726	0	0
1287.439731	0	0
1287.489736	0	0
1287.539741	0	0
1287.589746	0	0
1287.639751	0	0
1287.689756	0	0
1287.739761	0	0
1287.789766	0	0
1287.839771	0	0
1287.889776	0	0
1287.939781	0	0
1287.989786	0	0
1288.039791	0	0
1288.089796	0	0
1288.139801	0	0
1288.189806	0	0
1288.239811	0	0
1288.289816	0	0
1288.339821	0	0
1288.389826	0	0
1288.439831	0	0
1288.489836	0	0
1288.539841	0	0
1288.589846	0	0
1288.639851	0	0
1288.696857	0	0
1288.739861	0	0
1288.788866	0	0
1288.838871	0	0
1288.888876	0	0
1288.938881	0	0
1288.988886	0	0
1289.038891	0	0
1289.088896	0	0
1289.138901	0	0
1289.188906	0	0
1289.238911	0	0
1289.288916	0	0
1289.338921	0	0
1289.388926	0	0
1289.438931	0	0
1289.488936	0	0
1289.538941	0	0
1289.588946	0	0
1289.638951	0	0
1289.688956	0	0
1289.738961	0	0
1289.788966	0	0
1289.838971	0	0
1289.888976	0	0
1289.938981	0	0
1289.988986	0	0
1290.038991	0	0
1290.088996	0	0
1290.139001	0	0
1290.189006	0	0
1290.239011	0	0
1290.289016	0	0
1290.339021	0	0
1290.389026	0	0
1290.439031	0	0
1290.489036	0	0
1290.539041	0	0
1290.589046	0	0
1290.639051	0	0
1290.689056	0	0
1290.739061	0	0
1290.789066	0	0
1290.839071	0	0
1290.889076	0	0
1290.939081	0	0
1290.989086	0	0
1291.039091	0	0
1291.089096	0	0
1291.139101	0	0
1291.189106	0	0
1291.239111	0	0
1291.289116	0	0
1291.339121	0	0
1291.389126	0	0
1291.439131	0	0
1291.489136	0	0
1291.539141	0	0
1291.589146	0	0
1291.639151	0	0
1291.689156	0	0
1291.739161	0	0
1291.789166	0	0
1291.839171	0	0
1291.889176	0	0
1291.939181	0	0
1291.989186	0	0
1292.039191	0	0
1292.089196	0	0
1292.139201	0	0
1292.189206	0	0
1292.239211	0	0
1292.289216	0	0
1292.339221	0	0
1292.389226	0	0
1292.439231	0	0
1292.489236	0	0
1292.539241	0	0
1292.589246	0	0
1292.639251	0	0
1292.689256	0	0
1292.739261	0	0
1292.789266	0	0
1292.839271	0	0
1292.889276	0	0
1292.939281	0	0
1292.989286	0	0
1293.039291	0	0
1293.089296	0	0
1293.139301	0	0
1293.189306	0	0
1293.239311	0	0
1293.289316	0	0
1293.339321	0	0
1293.389326	0	0
1293.439331	0	0
1293.489336	0	0
1293.539341	0	0
1293.589346	0	0
1293.639351	0	0
1293.689356	0	0
1293.739361	0	0
1293.789366	0	0
1293.839371	0	0
1293.889376	0	0
1293.939381	0	0
1293.989386	0	0
1294.039391	0	0
1294.089396	0	0
1294.139401	0	0
1294.189406	0	0
1294.239411	0	0
1294.289416	0	0
1294.339421	0	0
1294.389426	0	0
1294.439431	0	0
1294.489436	0	0
1294.539441	0	0
1294.589446	0	0
1294.639451	0	0
1294.689456	0	0
1294.739461	0	0
1294.789466	0	0
1294.839471	0	0
1294.889476	0	0
1294.939481	0	0
1294.989486	0	0
1295.039491	0	0
1295.089496	0	0
1295.139501	0	0
1295.189506	0	0
1295.239511	0	0
1295.289516	0	0
1295.339521	0	0
1295.389526	0	0
1295.439531	0	0
1295.489536	0	0
1295.539541	0	0
1295.589546	0	0
1295.639551	0	0
1295.689556	0	0
1295.739561	0	0
1295.789566	0	0
1295.839571	0	0
1295.889576	0	0
1295.939581	0	0
1295.989586	0	0
1296.039591	0	0
1296.089596	0	0
1296.139601	0	0
1296.189606	0	0
1296.239611	0	0
1296.289616	0	0
1296.339621	0	0
1296.389626	0	0
1296.439631	0	0
1296.489636	0	0
1296.539641	0	0
1296.589646	0	0
1296.639651	0	0
1296.689656	0	0
1296.739661	0	0
1296.789666	0	0
1296.839671	0	0
1296.889676	0	0
1296.939681	0	0
1296.989686	0	0
1297.039691	0	0
1297.089696	0	0
1297.139701	0	0
1297.189706	0	0
1297.239711	0	0
1297.289716	0	0
1297.339721	0	0
1297.389726	0	0
1297.439731	0	0
1297.489736	0	0
1297.539741	0	0
1297.589746	0	0
1297.639751	0	0
1297.689756	0	0
1297.739761	0	0
1297.789766	0	0
1297.839771	0	0
1297.889776	0	0
1297.939781	0	0
1297.989786	0	0
1298.039791	0	0
1298.089796	0	0
1298.139801	0	0
1298.189806	0	0
1298.239811	0	0
1298.289816	0	0
1298.339821	0	0
1298.389826	0	0
1298.439831	0	0
1298.489836	0	0
1298.539841	0	0
1298.589846	0	0
1298.639851	0	0
1298.689856	0	0
1298.739861	0	0
1298.789866	0	0
1298.839871	0	0
1298.889876	0	0
1298.939881	0	0
1298.989886	0	0
1299.039891	0	0
1299.089896	0	0
1299.139901	0	0
1299.189906	0	0
1299.239911	0	0
1299.289916	0	0
1299.339921	0	0
1299.389926	0	0
1299.439931	0	0
1299.489936	0	0
1299.539941	0	0
1299.589946	0	0
1299.639951	0	0
1299.689956	0	0
1299.739961	0	0
1299.789966	0	0
1299.839971	0	0
1299.889976	0	0
1299.939981	0	0
1299.989986	0	0
1300.039991	0	0
1300.089996	0	0
1300.140001	0	0
1300.190006	0	0
1300.240011	0	0
1300.290016	0	0
1300.340021	0	0
1300.390026	0	0
1300.440031	0	0
1300.490036	0	0
1300.540041	0	0
1300.590046	0	0
1300.640051	0	0
1300.690056	0	0
1300.740061	0	0
1300.790066	0	0
1300.840071	0	0
1300.890076	0	0
1300.940081	0	0
1300.990086	0	0
1301.040091	0	0
1301.090096	0	0
1301.140101	0	0
1301.190106	0	0
1301.240111	0	0
1301.290116	0	0
1301.340121	0	0
1301.390126	0	0
1301.440131	0	0
1301.490136	0	0
1301.540141	0	0
1301.590146	0	0
1301.640151	0	0
1301.690156	0	0
1301.740161	0	0
1301.790166	0	0
1301.840171	0	0
1301.890176	0	0
1301.940181	0	0
1301.990186	0	0
1302.040191	0	0
1302.090196	0	0
1302.140201	0	0
1302.190206	0	0
1302.240211	0	0
1302.290216	0	0
1302.340221	0	0
1302.390226	0	0
1302.440231	0	0
1302.490236	0	0
1302.540241	0	0
1302.590246	0	0
1302.640251	0	0
1302.690256	0	0
1302.740261	0	0
1302.790266	0	0
1302.840271	0	0
1302.890276	0	0
1302.940281	0	0
1302.990286	0	0
1303.040291	0	0
1303.090296	0	0
1303.164303	0	0
1303.190306	0	0
1303.240311	0	0
1303.290316	0	0
1303.340321	0	0
1303.390326	0	0
1303.440331	0	0
1303.490336	0	0
1303.540341	0	0
1303.590346	0	0
1303.640351	0	0
1303.690356	0	0
1303.740361	0	0
1303.790366	0	0
1303.840371	0	0
1303.890376	0	0
1303.940381	0	0
1303.990386	0	0
1304.040391	0	0
1304.090396	0	0
1304.140401	0	0
1304.190406	0	0
1304.240411	0	0
1304.290416	0	0
1304.340421	0	0
1304.390426	0	0
1304.440431	0	0
1304.490436	0	0
1304.540441	0	0
1304.590446	0	0
1304.640451	0	0
1304.690456	0	0
1304.740461	0	0
1304.790466	0	0
1304.840471	0	0
1304.890476	0	0
1304.940481	0	0
1304.990486	0	0
1305.040491	0	0
1305.090496	0	0
1305.140501	0	0
1305.190506	0	0
1305.240511	0	0
1305.290516	0	0
1305.340521	0	0
1305.390526	0	0
1305.440531	0	0
1305.490536	0	0
1305.540541	0	0
1305.591546	0	0
1305.640551	0	0
1305.690556	0	0
1305.740561	0	0
1305.790566	0	0
1305.840571	0	0
1305.890576	0	0
1305.940581	0	0
1305.990586	0	0
1306.040591	0	0
1306.091596	0	0
1306.140601	0	0
1306.190606	0	0
1306.239611	0	0
1306.289616	0	0
1306.339621	0	0
1306.389626	0	0
1306.439631	0	0
1306.489636	0	0
1306.539641	0	0
1306.589646	0	0
1306.639651	0	0
1306.689656	0	0
1306.739661	0	0
1306.789666	0	0
1306.839671	0	0
1306.889676	0	0
1306.939681	0	0
1306.989686	0	0
1307.039691	0	0
1307.089696	0	0
1307.139701	0	0
1307.189706	0	0
1307.239711	0	0
1307.289716	0	0
1307.339721	0	0
1307.389726	0	0
1307.439731	0	0
1307.489736	0	0
1307.539741	0	0
1307.589746	0	0
1307.639751	0	0
1307.689756	0	0
1307.739761	0	0
1307.789766	0	0
1307.839771	0	0
1307.889776	0	0
1307.939781	0	0
1307.989786	0	0
1308.039791	0	0
1308.089796	0	0
1308.139801	0	0
1308.189806	0	0
1308.239811	0	0
1308.289816	0	0
1308.339821	0	0
1308.389826	0	0
1308.439831	0	0
1308.489836	0	0
1308.539841	0	0
1308.589846	0	0
1308.639851	0	0
1308.689856	0	0
1308.739861	0	0
1308.789866	0	0
1308.839871	0	0
1308.889876	0	0
1308.939881	0	0
1308.989886	0	0
1309.039891	0	0
1309.089896	0	0
1309.139901	0	0
1309.189906	0	0
1309.239911	0	0
1309.289916	0	0
1309.339921	0	0
1309.389926	0	0
1309.439931	0	0
1309.489936	0	0
1309.539941	0	0
1309.589946	0	0
1309.639951	0	0
1309.689956	0	0
1309.739961	0	0
1309.789966	0	0
1309.839971	0	0
1309.889976	0	0
1309.939981	0	0
1309.989986	0	0
1310.039991	0	0
1310.089996	0	0
1310.140001	0	0
1310.190006	0	0
1310.240011	0	0
1310.290016	0	0
1310.340021	0	0
1310.390026	0	0
1310.440031	0	0
1310.490036	0	0
1310.540041	0	0
1310.590046	0	0
1310.640051	0	0
1310.690056	0	0
1310.740061	0	0
1310.790066	0	0
1310.840071	0	0
1310.890076	0	0
1310.940081	0	0
1310.990086	0	0
1311.040091	0	0
1311.090096	0	0
1311.140101	0	0
1311.190106	0	0
1311.240111	0	0
1311.290116	0	0
1311.340121	0	0
1311.390126	0	0
1311.440131	0	0
1311.490136	0	0
1311.540141	0	0
1311.590146	0	0
1311.640151	0	0
1311.690156	0	0
1311.740161	0	0
1311.790166	0	0
1311.840171	0	0
1311.890176	0	0
1311.940181	0	0
1311.990186	0	0
1312.040191	0	0
1312.090196	0	0
1312.140201	0	0
1312.190206	0	0
1312.240211	0	0
1312.290216	0	0
1312.340221	0	0
1312.390226	0	0
1312.440231	0	0
1312.490236	0	0
1312.540241	0	0
1312.590246	0	0
1312.640251	0	0
1312.690256	0	0
1312.740261	0	0
1312.790266	0	0
1312.840271	0	0
1312.890276	0	0
1312.940281	0	0
1312.990286	0	0
1313.040291	0	0
1313.092296	0	0
1313.140301	0	0
1313.190306	0	0
1313.240311	0	0
1313.290316	0	0
1313.340321	0	0
1313.390326	0	0
1313.440331	0	0
1313.490336	0	0
1313.540341	0	0
1313.590346	0	0
1313.640351	0	0
1313.690356	0	0
1313.740361	0	0
1313.790366	0	0
1313.840371	0	0
1313.890376	0	0
1313.940381	0	0
1313.990386	0	0
1314.040391	0	0
1314.090396	0	0
1314.140401	0	0
1314.190406	0	0
1314.240411	0	0
1314.290416	0	0
1314.340421	0	0
1314.390426	0	0
1314.440431	0	0
1314.490436	0	0
1314.540441	0	0
1314.592446	0	0
1314.640451	0	0
1314.690456	0	0
1314.740461	0	0
1314.790466	0	0
1314.840471	0	0
1314.890476	0	0
1314.940481	0	0
1314.990486	0	0
1315.040491	0	0
1315.092496	0	0
1315.140501	0	0
1315.190506	0	0
1315.240511	0	0
1315.290516	0	0
1315.340521	0	0
1315.390526	0	0
1315.440531	0	0
1315.490536	0	0
1315.540541	0	0
1315.590546	0	0
1315.640551	0	0
1315.690556	0	0
1315.740561	0	0
1315.790566	0	0
1315.840571	0	0
1315.890576	0	0
1315.940581	0	0
1315.990586	0	0
1316.040591	0	0
1316.092596	0	0
1316.140601	0	0
1316.190606	0	0
1316.240611	0	0
1316.290616	0	0
1316.340621	0	0
1316.390626	0	0
1316.440631	0	0
1316.490636	0	0
1316.540641	0	0
1316.592646	0	0
1316.640651	0	0
1316.690656	0	0
1316.740661	0	0
1316.790666	0	0
1316.840671	0	0
1316.890676	0	0
1316.940681	0	0
1316.990686	0	0
1317.040691	0	0
1317.090696	0	0
1317.140701	0	0
1317.190706	0	0
1317.240711	0	0
1317.290716	0	0
1317.340721	0	0
1317.390726	0	0
1317.440731	0	0
1317.490736	0	0
1317.540741	0	0
1317.592746	0	0
1317.640751	0	0
1317.690756	0	0
1317.740761	0	0
1317.790766	0	0
1317.840771	0	0
1317.890776	0	0
1317.940781	0	0
1317.990786	0	0
1318.040791	0	0
1318.090796	0	0
1318.140801	0	0
1318.190806	0	0
1318.240811	0	0
1318.290816	0	0
1318.340821	0	0
1318.390826	0	0
1318.440831	0	0
1318.490836	0	0
1318.540841	0	0
1318.590846	0	0
1318.640851	0	0
1318.690856	0	0
1318.740861	0	0
1318.790866	0	0
1318.840871	0	0
1318.890876	0	0
1318.940881	0	0
1318.990886	0	0
1319.040891	0	0
1319.090896	0	0
1319.140901	0	0
1319.190906	0	0
1319.240911	0	0
1319.290916	0	0
1319.340921	0	0
1319.390926	0	0
1319.440931	0	0
1319.490936	0	0
1319.540941	0	0
1319.590946	0	0
1319.640951	0	0
1319.690956	0	0
1319.740961	0	0
1319.790966	0	0
1319.840971	0	0
1319.890976	0	0
1319.940981	0	0
1319.990986	0	0
1320.040991	0	0
1320.090996	0	0
1320.141001	0	0
1320.191006	0	0
1320.241011	0	0
1320.291016	0	0
1320.341021	0	0
1320.391026	0	0
1320.441031	0	0
1320.491036	0	0
1320.541041	0	0
1320.593046	0	0
1320.641051	0	0
1320.691056	0	0
1320.741061	0	0
1320.791066	0	0
1320.841071	0	0
1320.891076	0	0
1320.941081	0	0
1320.991086	0	0
1321.041091	0	0
1321.093096	0	0
1321.141101	0	0
1321.191106	0	0
1321.241111	0	0
1321.291116	0	0
1321.341121	0	0
1321.391126	0	0
1321.441131	0	0
1321.491136	0	0
1321.541141	0	0
1321.591146	0	0
1321.641151	0	0
1321.691156	0	0
1321.741161	0	0
1321.791166	0	0
1321.841171	0	0
1321.891176	0	0
1321.941181	0	0
1321.991186	0	0
1322.041191	0	0
1322.091196	0	0
1322.141201	0	0
1322.191206	0	0
1322.241211	0	0
1322.291216	0	0
1322.341221	0	0
1322.391226	0	0
1322.441231	0	0
1322.491236	0	0
1322.541241	0	0
1322.593246	0	0
1322.641251	0	0
1322.691256	0	0
1322.741261	0	0
1322.791266	0	0
1322.841271	0	0
1322.891276	0	0
1322.941281	0	0
1322.991286	0	0
1323.041291	0	0
1323.091296	0	0
1323.141301	0	0
1323.191306	0	0
1323.241311	0	0
1323.291316	0	0
1323.341321	0	0
1323.391326	0	0
1323.441331	0	0
1323.491336	0	0
1323.541341	0	0
1323.591346	0	0
1323.641351	0	0
1323.691356	0	0
1323.740361	0	0
1323.790366	0	0
1323.840371	0	0
1323.890376	0	0
1323.940381	0	0
1323.990386	0	0
1324.040391	0	0
1324.092396	0	0
1324.140401	0	0
1324.190406	0	0
1324.240411	0	0
1324.290416	0	0
1324.340421	0	0
1324.390426	0	0
1324.440431	0	0
1324.490436	0	0
1324.540441	0	0
1324.590446	0	0
1324.640451	0	0
1324.690456	0	0
1324.740461	0	0
1324.790466	0	0
1324.840471	0	0
1324.890476	0	0
1324.940481	0	0
1324.990486	0	0
1325.040491	0	0
1325.090496	0	0
1325.140501	0	0
1325.190506	0	0
1325.240511	0	0
1325.290516	0	0
1325.340521	0	0
1325.390526	0	0
1325.440531	0	0
1325.490536	0	0
1325.540541	0	0
1325.592546	0	0
1325.640551	0	0
1325.690556	0	0
1325.740561	0	0
1325.790566	0	0
1325.840571	0	0
1325.890576	0	0
1325.940581	0	0
1325.990586	0	0
1326.040591	0	0
1326.090596	0	0
1326.140601	0	0
1326.190606	0	0
1326.240611	0	0
1326.290616	0	0
1326.340621	0	0
1326.390626	0	0
1326.440631	0	0
1326.490636	0	0
1326.540641	0	0
1326.590646	0	0
1326.640651	0	0
1326.690656	0	0
1326.740661	0	0
1326.790666	0	0
1326.840671	0	0
1326.890676	0	0
1326.940681	0	0
1326.990686	0	0
1327.040691	0	0
1327.090696	0	0
1327.140701	0	0
1327.190706	0	0
1327.240711	0	0
1327.290716	0	0
1327.340721	0	0
1327.390726	0	0
1327.440731	0	0
1327.490736	0	0
1327.540741	0	0
1327.590746	0	0
1327.640751	0	0
1327.690756	0	0
1327.740761	0	0
1327.790766	0	0
1327.840771	0	0
1327.890776	0	0
1327.940781	0	0
1327.990786	0	0
1328.040791	0	0
1328.090796	0	0
1328.140801	0	0
1328.190806	0	0
1328.240811	0	0
1328.290816	0	0
1328.340821	0	0
1328.390826	0	0
1328.440831	0	0
1328.490836	0	0
1328.540841	0	0
1328.590846	0	0
1328.640851	0	0
1328.690856	0	0
1328.740861	0	0
1328.790866	0	0
1328.840871	0	0
1328.890876	0	0
1328.940881	0	0
1328.990886	0	0
1329.040891	0	0
1329.090896	0	0
1329.140901	0	0
1329.190906	0	0
1329.240911	0	0
1329.290916	0	0
1329.340921	0	0
1329.390926	0	0
1329.440931	0	0
1329.490936	0	0
1329.540941	0	0
1329.592946	0	0
1329.640951	0	0
1329.690956	0	0
1329.740961	0	0
1329.790966	0	0
1329.840971	0	0
1329.890976	0	0
1329.940981	0	0
1329.990986	0	0
1330.040991	0	0
1330.090996	0	0
1330.141001	0	0
1330.191006	0	0
1330.241011	0	0
1330.291016	0	0
1330.341021	0	0
1330.391026	0	0
1330.441031	0	0
1330.491036	0	0
1330.541041	0	0
1330.591046	0	0
1330.641051	0	0
1330.691056	0	0
1330.741061	0	0
1330.791066	0	0
1330.841071	0	0
1330.891076	0	0
1330.941081	0	0
1330.991086	0	0
1331.041091	0	0
1331.093096	0	0
1331.141101	0	0
1331.191106	0	0
1331.241111	0	0
1331.291116	0	0
1331.341121	0	0
1331.391126	0	0
1331.441131	0	0
1331.491136	0	0
1331.541141	0	0
1331.591146	0	0
1331.641151	0	0
1331.691156	0	0
1331.741161	0	0
1331.791166	0	0
1331.841171	0	0
1331.891176	0	0
1331.941181	0	0
1331.991186	0	0
1332.041191	0	0
1332.091196	0	0
1332.141201	0	0
1332.191206	0	0
1332.241211	0	0
1332.291216	0	0
1332.341221	0	0
1332.391226	0	0
1332.441231	0	0
1332.491236	0	0
1332.541241	0	0
1332.591246	0	0
1332.641251	0	0
1332.691256	0	0
1332.741261	0	0
1332.791266	0	0
1332.841271	0	0
1332.891276	0	0
1332.941281	0	0
1332.991286	0	0
1333.041291	0	0
1333.091296	0	0
1333.141301	0	0
1333.191306	0	0
1333.241311	0	0
1333.291316	0	0
1333.341321	0	0
1333.391326	0	0
1333.441331	0	0
1333.491336	0	0
1333.541341	0	0
1333.591346	0	0
1333.641351	0	0
1333.691356	0	0
1333.741361	0	0
1333.791366	0	0
1333.841371	0	0
1333.891376	0	0
1333.941381	0	0
1333.991386	0	0
1334.041391	0	0
1334.091396	0	0
1334.141401	0	0
1334.191406	0	0
1334.241411	0	0
1334.291416	0	0
1334.341421	0	0
1334.391426	0	0
1334.441431	0	0
1334.491436	0	0
1334.541441	0	0
1334.591446	0	0
1334.641451	0	0
1334.691456	0	0
1334.741461	0	0
1334.791466	0	0
1334.841471	0	0
1334.891476	0	0
1334.941481	0	0
1334.991486	0	0
1335.041491	0	0
1335.091496	0	0
1335.141501	0	0
1335.191506	0	0
1335.241511	0	0
1335.291516	0	0
1335.341521	0	0
1335.391526	0	0
1335.441531	0	0
1335.491536	0	0
1335.541541	0	0
1335.591546	0	0
1335.641551	0	0
1335.691556	0	0
1335.741561	0	0
1335.791566	0	0
1335.841571	0	0
1335.891576	0	0
1335.941581	0	0
1335.991586	0	0
1336.041591	0	0
1336.091596	0	0
1336.141601	0	0
1336.191606	0	0
1336.241611	0	0
1336.291616	0	0
1336.341621	0	0
1336.391626	0	0
1336.441631	0	0
1336.491636	0	0
1336.541641	0	0
1336.591646	0	0
1336.641651	0	0
1336.691656	0	0
1336.741661	0	0
1336.791666	0	0
1336.841671	0	0
1336.891676	0	0
1336.941681	0	0
1336.991686	0	0
1337.041691	0	0
1337.091696	0	0
1337.141701	0	0
1337.191706	0	0
1337.241711	0	0
1337.291716	0	0
1337.341721	0	0
1337.391726	0	0
1337.441731	0	0
1337.491736	0	0
1337.541741	0	0
1337.591746	0	0
1337.641751	0	0
1337.691756	0	0
1337.741761	0	0
1337.791766	0	0
1337.841771	0	0
1337.891776	0	0
1337.941781	0	0
1337.991786	0	0
1338.041791	0	0
1338.091796	0	0
1338.141801	0	0
1338.191806	0	0
1338.241811	0	0
1338.291816	0	0
1338.341821	0	0
1338.391826	0	0
1338.441831	0	0
1338.491836	0	0
1338.541841	0	0
1338.591846	0	0
1338.641851	0	0
1338.691856	0	0
1338.741861	0	0
1338.791866	0	0
1338.841871	0	0
1338.891876	0	0
1338.941881	0	0
1338.991886	0	0
1339.041891	0	0
1339.091896	0	0
1339.141901	0	0
1339.191906	0	0
1339.241911	0	0
1339.291916	0	0
1339.341921	0	0
1339.391926	0	0
1339.441931	0	0
1339.491936	0	0
1339.541941	0	0
1339.591946	0	0
1339.641951	0	0
1339.691956	0	0
1339.741961	0	0
1339.791966	0	0
1339.841971	0	0
1339.891976	0	0
1339.941981	0	0
1339.991986	0	0
1340.041991	0	0
1340.091996	0	0
1340.142001	0	0
1340.192006	0	0
1340.242011	0	0
1340.292016	0	0
1340.342021	0	0
1340.392026	0	0
1340.442031	0	0
1340.492036	0	0
1340.542041	0	0
1340.592046	0	0
1340.642051	0	0
1340.692056	0	0
1340.742061	0	0
1340.792066	0	0
1340.842071	0	0
1340.892076	0	0
1340.942081	0	0
1340.992086	0	0
1341.042091	0	0
1341.092096	0	0
1341.142101	0	0
1341.192106	0	0
1341.241111	0	0
1341.291116	0	0
1341.341121	0	0
1341.391126	0	0
1341.441131	0	0
1341.491136	0	0
1341.541141	0	0
1341.591146	0	0
1341.641150	0	0
1341.691155	0	0
1341.741161	0	0
1341.791166	0	0
1341.841171	0	0
1341.891176	0	0
1341.941181	0	0
1341.991186	0	0
1342.041191	0	0
1342.091196	0	0
1342.141201	0	0
1342.191206	0	0
1342.241210	0	0
1342.291216	0	0
1342.341221	0	0
1342.391226	0	0
1342.441231	0	0
1342.491236	0	0
1342.541241	0	0
1342.591246	0	0
1342.641251	0	0
1342.691256	0	0
1342.741261	0	0
1342.791265	0	0
1342.841270	0	0
1342.891276	0	0
1342.941281	0	0
1342.991286	0	0
1343.041291	0	0
1343.091296	0	0
1343.141301	0	0
1343.191306	0	0
1343.241311	0	0
1343.291316	0	0
1343.341321	0	0
1343.391325	0	0
1343.441330	0	0
1343.491336	0	0
1343.541341	0	0
1343.591346	0	0
1343.641351	0	0
1343.691356	0	0
1343.741361	0	0
1343.791366	0	0
1343.841371	0	0
1343.891376	0	0
1343.941381	0	0
1343.991385	0	0
1344.041391	0	0
1344.091396	0	0
1344.141401	0	0
1344.191406	0	0
1344.241411	0	0
1344.291416	0	0
1344.341421	0	0
1344.391426	0	0
1344.441431	0	0
1344.491436	0	0
1344.541440	0	0
1344.591445	0	0
1344.641451	0	0
1344.691456	0	0
1344.741461	0	0
1344.791466	0	0
1344.841471	0	0
1344.891476	0	0
1344.941481	0	0
1344.991486	0	0
1345.041491	0	0
1345.091496	0	0
1345.141500	0	0
1345.191505	0	0
1345.241511	0	0
1345.291516	0	0
1345.341521	0	0
1345.391526	0	0
1345.441531	0	0
1345.491536	0	0
1345.541541	0	0
1345.591546	0	0
1345.641551	0	0
1345.691556	0	0
1345.741560	0	0
1345.791566	0	0
1345.841571	0	0
1345.891576	0	0
1345.941581	0	0
1345.991586	0	0
1346.041591	0	0
1346.091596	0	0
1346.141601	0	0
1346.191606	0	0
1346.241611	0	0
1346.291615	0	0
1346.341620	0	0
1346.391626	0	0
1346.441631	0	0
1346.491636	0	0
1346.541641	0	0
1346.591646	0	0
1346.641651	0	0
1346.691656	0	-93
1346.741661	0	-93
1346.791666	0	-209
1346.841671	0	-181
1346.891675	0	0
1346.941680	0	0
1346.991686	0	0
1347.041691	0	0
1347.091696	0	0
1347.141701	0	0
1347.191706	0	0
1347.241711	0	0
1347.291716	0	0
1347.341721	0	0
1347.391726	0	0
1347.441730	0	0
1347.491735	0	0
1347.541741	0	0
1347.591746	0	0
1347.641751	0	0
1347.691756	0	0
1347.741761	0	0
1347.791766	0	0
1347.841771	0	0
1347.891776	0	0
1347.941781	0	0
1347.991786	0	0
1348.041790	0	0
1348.091795	0	0
1348.141801	0	0
1348.191806	0	0
1348.241811	0	0
1348.291816	0	0
1348.341821	0	0
1348.391826	0	0
1348.441831	0	0
1348.491836	0	0
1348.541841	0	0
1348.591846	0	0
1348.641850	0	0
1348.691856	0	0
1348.741861	0	0
1348.791866	0	0
1348.841871	0	0
1348.891876	0	0
1348.941881	0	0
1348.991886	0	0
1349.041891	0	0
1349.091896	0	0
1349.141901	0	0
1349.191905	0	0
1349.241910	0	0
1349.291916	0	0
1349.341921	0	0
1349.391926	0	0
1349.441931	0	0
1349.491936	0	0
1349.541941	0	0
1349.591946	0	0
1349.641951	0	0
1349.691956	0	0
1349.741961	0	0
1349.791965	0	0
1349.841970	0	0
1349.891976	0	0
1349.941981	0	0
1349.991986	0	0
1350.041991	0	0
1350.091996	0	0
1350.142001	0	0
1350.192006	0	0
1350.242011	0	0
1350.292016	0	0
1350.342021	0	0
1350.392025	0	0
1350.442031	0	0
1350.492036	0	0
1350.542041	0	0
1350.592046	0	0
1350.642051	0	0
1350.692056	0	0
1350.742061	0	0
1350.792066	0	0
1350.842071	0	0
1350.892076	0	0
1350.942080	0	0
1350.992085	0	0
1351.042091	0	0
1351.092096	0	0
1351.142101	0	0
1351.192106	0	0
1351.242111	0	0
1351.292116	0	0
1351.342121	0	0
1351.392126	0	0
1351.442131	0	0
1351.492136	0	0
1351.542140	0	0
1351.592145	0	0
1351.642151	0	0
1351.692156	0	0
1351.742161	0	0
1351.792166	0	0
1351.842171	0	0
1351.892176	0	0
1351.942181	0	0
1351.992186	0	0
1352.042191	0	0
1352.092196	0	0
1352.142200	0	0
1352.192206	0	0
1352.242211	0	0
1352.292216	0	0
1352.342221	0	0
1352.392226	0	0
1352.442231	0	0
1352.492236	0	0
1352.542241	0	0
1352.592246	0	0
1352.642251	0	0
1352.692255	0	0
1352.742260	0	0
1352.792266	0	0
1352.842271	0	0
1352.892276	0	0
1352.942281	0	0
1352.992286	0	0
1353.042291	0	0
1353.092296	0	0
1353.142301	0	0
1353.192306	0	0
1353.242311	0	0
1353.292315	0	0
1353.342320	0	0
1353.392326	0	0
1353.442331	0	0
1353.492336	0	0
1353.542341	0	0
1353.592346	0	0
1353.642351	0	0
1353.692356	0	0
1353.742361	0	0
1353.792366	0	0
1353.842371	0	0
1353.892375	0	0
1353.942381	0	0
1353.992386	0	0
1354.042391	0	0
1354.092396	0	0
1354.142401	0	0
1354.192406	0	0
1354.242411	0	0
1354.292416	0	0
1354.342421	0	0
1354.392426	0	0
1354.442430	0	0
1354.492435	0	0
1354.542441	0	0
1354.592446	0	0
1354.642451	0	0
1354.692456	0	0
1354.742461	0	0
1354.792466	0	0
1354.842471	0	0
1354.892476	0	0
1354.942481	0	0
1354.992486	0	0
1355.042490	0	0
1355.092495	0	0
1355.142501	0	0
1355.192506	0	0
1355.242511	0	0
1355.292516	0	0
1355.342521	0	0
1355.392526	0	0
1355.442531	0	0
1355.492536	0	0
1355.542541	0	0
1355.592546	0	0
1355.642550	0	0
1355.692556	0	0
1355.742561	0	0
1355.792566	0	0
1355.842571	0	0
1355.892576	0	0
1355.942581	0	0
1355.992586	0	0
1356.042591	0	0
1356.092596	0	0
1356.142601	0	0
1356.192605	0	0
1356.242610	0	0
1356.292616	0	0
1356.342621	0	0
1356.392626	0	0
1356.442631	0	0
1356.492636	0	0
1356.542641	0	0
1356.592646	0	0
1356.642651	0	0
1356.692656	0	0
1356.742661	0	0
1356.792665	0	0
1356.842670	0	0
1356.892676	0	0
1356.942681	0	0
1356.992686	0	0
1357.042691	0	0
1357.092696	0	0
1357.142701	0	0
1357.192706	0	0
1357.242711	0	0
1357.292716	0	0
1357.342721	0	0
1357.392725	0	0
1357.442731	0	0
1357.492736	0	0
1357.542741	0	0
1357.592746	0	0
1357.642751	0	0
1357.692756	0	0
1357.742761	0	0
1357.792766	0	0
1357.842771	0	0
1357.892776	0	0
1357.942780	0	0
1357.992785	0	0
1358.042791	0	0
1358.092796	0	0
1358.142801	0	0
1358.192806	0	0
1358.242811	0	0
1358.292816	0	0
1358.342821	0	0
1358.392826	0	0
1358.442831	0	0
1358.492836	0	0
1358.542840	0	0
1358.592845	0	0
1358.642851	0	0
1358.691855	0	0
1358.741860	0	0
1358.791865	0	0
1358.841871	0	0
1358.891876	0	0
1358.941881	0	0
1358.991886	0	0
1359.041891	0	0
1359.091896	0	0
1359.141901	0	0
1359.191905	0	0
1359.241910	0	0
1359.291915	0	0
1359.341920	0	0
1359.391925	0	0
1359.441931	0	0
1359.491936	0	0
1359.541941	0	0
1359.591946	0	0
1359.641951	0	0
1359.691956	0	0
1359.741961	0	0
1359.791965	0	0
1359.841970	0	0
1359.891975	0	0
1359.941980	0	0
1359.991986	0	0
1360.041991	0	0
1360.091996	0	0
1360.142001	0	0
1360.192006	0	0
1360.242011	0	0
1360.292016	0	0
1360.342021	0	0
1360.392025	0	0
1360.442030	0	0
1360.492035	0	0
1360.542040	0	0
1360.592046	0	0
1360.642051	0	0
1360.692056	0	0
1360.742061	0	0
1360.792066	0	0
1360.842071	0	0
1360.892076	0	0
1360.942080	0	0
1360.992085	0	0
1361.042090	0	0
1361.092095	0	0
1361.142100	0	0
1361.192106	0	0
1361.242111	0	0
1361.292116	0	0
1361.342121	0	0
1361.392126	0	0
1361.442131	0	0
1361.492136	0	0
1361.542140	0	0
1361.592145	0	0
1361.642150	0	0
1361.692155	0	0
1361.742161	0	0
1361.792166	0	0
1361.842171	0	0
1361.892176	0	0
1361.942181	0	0
1361.992186	0	0
1362.042191	0	0
1362.092196	0	0
1362.142200	0	0
1362.192205	0	0
1362.242210	0	0
1362.292215	0	0
1362.342221	0	0
1362.392226	0	0
1362.442231	0	0
1362.492236	0	0
1362.542241	0	0
1362.592246	0	0
1362.642251	0	0
1362.692255	0	0
1362.742260	0	0
1362.792265	0	0
1362.842270	0	0
1362.892275	0	0
1362.942281	0	0
1362.992286	0	0
1363.042291	0	0
1363.092296	0	0
1363.142301	0	0
1363.192306	0	0
1363.242311	0	0
1363.292315	0	0
1363.342320	0	0
1363.392325	0	0
1363.442330	0	0
1363.492336	0	0
1363.542341	0	0
1363.592346	0	0
1363.642351	0	0
1363.692356	0	0
1363.742361	0	0
1363.792366	0	0
1363.842371	0	0
1363.892375	0	0
1363.942380	0	0
1363.992385	0	0
1364.042390	0	0
1364.092396	0	0
1364.142401	0	0
1364.192406	0	0
1364.242411	0	0
1364.292416	0	0
1364.342421	0	0
1364.392426	0	0
1364.442430	0	0
1364.492435	0	0
1364.542440	0	0
1364.592445	0	0
1364.642450	0	0
1364.692456	0	0
1364.742461	0	0
1364.792466	0	0
1364.842471	0	0
1364.892476	0	0
1364.942481	0	0
1364.992486	0	0
1365.042490	0	0
1365.092495	0	0
1365.142500	0	0
1365.192505	0	0
1365.242511	0	0
1365.292516	0	0
1365.342521	0	0
1365.392526	0	0
1365.442531	0	0
1365.492536	0	0
1365.542541	0	0
1365.592546	0	0
1365.642550	0	0
1365.692555	0	0
1365.742560	0	0
1365.792565	0	0
1365.842571	0	0
1365.892576	0	0
1365.942581	0	0
1365.992586	0	0
1366.042591	0	0
1366.092596	0	0
1366.142601	0	0
1366.192605	0	0
1366.242610	0	0
1366.292615	0	0
1366.342620	0	0
1366.392625	0	0
1366.442631	0	0
1366.492636	0	0
1366.542641	0	0
1366.592646	0	0
1366.642651	0	0
1366.692656	0	0
1366.742661	0	0
1366.792665	0	0
1366.842670	0	0
1366.892675	0	0
1366.942680	0	0
1366.992686	0	0
1367.042691	0	0
1367.092696	0	0
1367.142701	0	0
1367.192706	0	0
1367.242711	0	0
1367.292716	0	0
1367.342721	0	0
1367.392725	0	0
1367.442730	0	0
1367.492735	0	0
1367.542740	0	0
1367.592746	0	0
1367.642751	0	0
1367.692756	0	0
1367.742761	0	0
1367.792766	0	0
1367.842771	0	0
1367.892776	0	0
1367.942780	0	0
1367.992785	0	0
1368.042790	0	0
1368.092795	0	0
1368.142800	0	0
1368.192806	0	0
1368.242811	0	0
1368.292816	0	0
1368.342821	0	0
1368.392826	0	0
1368.442831	0	0
1368.492836	0	0
1368.542840	0	0
1368.592845	0	0
1368.642850	0	0
1368.692855	0	0
1368.742861	0	0
1368.792866	0	0
1368.842871	0	0
1368.892876	0	0
1368.942881	0	0
1368.992886	0	0
1369.042891	0	0
1369.092896	0	0
1369.142900	0	0
1369.192905	0	0
1369.242910	0	0
1369.292915	0	0
1369.342921	0	0
1369.392926	0	0
1369.442931	0	0
1369.492936	0	0
1369.542941	0	0
1369.592946	0	0
1369.642951	0	0
1369.692955	0	0
1369.742960	0	0
1369.792965	0	0
1369.842970	0	0
1369.892976	0	0
1369.942981	0	0
1369.992986	0	0
1370.042991	0	0
1370.092996	0	0
1370.143001	0	0
1370.193006	0	0
1370.243011	0	0
1370.293015	0	0
1370.343020	0	0
1370.393025	0	0
1370.443030	0	0
1370.493036	0	0
1370.543041	0	0
1370.593046	0	0
1370.643051	0	0
1370.693056	0	0
1370.743061	0	0
1370.793066	0	0
1370.843071	0	0
1370.893075	0	0
1370.943080	0	0
1370.993085	0	0
1371.043090	0	0
1371.093096	0	0
1371.143101	0	0
1371.193106	0	0
1371.243111	0	0
1371.293116	0	0
1371.343121	0	0
1371.393126	0	0
1371.443130	0	0
1371.493135	0	0
1371.543140	0	0
1371.593145	0	0
1371.643151	0	0
1371.693156	0	0
1371.743161	0	0
1371.793166	0	0
1371.843171	0	0
1371.893176	0	0
1371.943181	0	0
1371.993186	0	0
1372.043190	0	0
1372.093195	0	0
1372.143200	0	0
1372.193205	0	0
1372.243211	0	0
1372.293216	0	0
1372.343221	0	0
1372.393226	0	0
1372.443231	0	0
1372.493236	0	0
1372.543241	0	0
1372.593246	0	0
1372.643250	0	0
1372.693255	0	0
1372.743260	0	0
1372.793265	0	0
1372.843271	0	0
1372.893276	0	0
1372.943281	0	0
1372.993286	0	0
1373.043291	0	0
1373.093296	0	0
1373.143301	0	0
1373.193305	0	0
1373.243310	0	0
1373.293315	0	0
1373.343320	0	0
1373.393326	0	0
1373.443331	0	0
1373.493336	0	0
1373.543341	0	0
1373.593346	0	0
1373.643351	0	0
1373.693356	0	0
1373.743361	0	0
1373.793365	0	0
1373.843370	0	0
1373.893375	0	0
1373.943380	0	0
1373.993386	0	0
1374.043391	0	0
1374.093396	0	0
1374.143401	0	0
1374.193406	0	0
1374.243411	0	0
1374.293416	0	0
1374.343421	0	0
1374.393425	0	0
1374.443430	0	0
1374.493435	0	0
1374.543440	0	0
1374.593446	0	0
1374.643451	0	0
1374.693456	0	0
1374.743461	0	0
1374.793466	0	0
1374.843471	0	0
1374.893476	0	0
1374.943480	0	0
1374.993485	0	0
1375.043490	0	0
1375.093495	0	0
1375.143501	0	0
1375.193506	0	0
1375.243511	0	0
1375.293516	0	0
1375.343521	0	0
1375.393526	0	0
1375.443531	0	0
1375.493536	0	0
1375.543540	0	0
1375.593545	0	0
1375.643550	0	0
1375.693555	0	0
1375.743561	0	0
1375.793566	0	0
1375.843571	0	0
1375.893576	0	0
1375.943581	0	0
1375.993586	0	0
1376.043591	0	0
1376.093596	0	0
1376.143600	0	0
1376.192605	0	0
1376.242610	0	0
1376.292615	0	0
1376.342620	0	0
1376.392625	0	0
1376.442630	0	0
1376.492635	0	0
1376.542641	0	0
1376.592646	0	0
1376.642651	0	0
1376.692656	0	0
1376.742661	0	0
1376.792665	0	0
1376.842670	0	0
1376.892675	0	0
1376.942680	0	0
1376.992685	0	0
1377.042690	0	0
1377.092695	0	0
1377.142701	0	0
1377.192706	0	0
1377.242711	0	0
1377.292716	0	0
1377.342721	0	0
1377.392725	0	0
1377.442730	0	0
1377.492735	0	0
1377.542740	0	0
1377.592745	0	0
1377.642750	0	0
1377.692756	0	0
1377.742761	0	0
1377.792766	0	0
1377.842771	0	0
1377.892776	0	0
1377.942780	0	0
1377.992785	0	0
1378.042790	0	0
1378.092795	0	0
1378.142800	0	0
1378.192805	0	0
1378.242810	0	0
1378.292816	0	0
1378.342821	0	0
1378.392826	0	0
1378.442831	0	0
1378.492836	0	0
1378.542840	0	0
1378.592845	0	0
1378.642850	0	0
1378.692855	0	0
1378.742860	0	0
1378.792865	0	0
1378.842870	0	0
1378.892876	0	0
1378.942881	0	0
1378.992886	0	0
1379.042891	0	0
1379.092896	0	0
1379.142900	0	0
1379.192905	0	0
1379.242910	0	0
1379.292915	0	0
1379.342920	0	0
1379.392925	0	0
1379.442931	0	0
1379.492936	0	0
1379.542941	0	0
1379.592946	0	0
1379.642951	0	0
1379.692955	0	0
1379.742960	0	0
1379.792965	0	0
1379.842970	0	0
1379.892975	0	0
1379.942980	0	0
1379.992985	0	0
1380.042991	0	0
1380.092996	0	0
1380.143001	0	0
1380.193006	0	0
1380.243011	0	0
1380.293015	0	0
1380.343020	0	0
1380.393025	0	0
1380.443030	0	0
1380.493035	0	0
1380.543040	0	0
1380.593045	0	0
1380.643051	0	0
1380.693056	0	0
1380.743061	0	0
1380.793066	0	0
1380.843071	0	0
1380.893075	0	0
1380.943080	0	0
1380.993085	0	0
1381.043090	0	0
1381.093095	0	0
1381.143100	0	0
1381.193106	0	0
1381.243111	0	0
1381.293116	0	0
1381.343121	0	0
1381.393126	0	0
1381.443130	0	0
1381.493135	0	0
1381.543140	0	0
1381.593145	0	0
1381.643150	0	0
1381.693155	0	0
1381.743160	0	0
1381.793166	0	0
1381.843171	0	0
1381.893176	0	0
1381.943181	0	0
1381.993186	0	0
1382.043190	0	0
1382.093195	0	0
1382.143200	0	0
1382.193205	0	0
1382.243210	0	0
1382.293215	0	0
1382.343220	0	0
1382.393226	0	0
1382.443231	0	0
1382.493236	0	0
1382.543241	0	0
1382.593246	0	0
1382.643250	0	0
1382.693255	0	0
1382.743260	0	0
1382.793265	0	0
1382.843270	0	0
1382.893275	0	0
1382.943281	0	0
1382.993286	0	0
1383.043291	0	0
1383.093296	0	0
1383.143301	0	0
1383.193305	0	0
1383.243310	0	0
1383.293315	0	0
1383.343320	0	0
1383.393325	0	0
1383.443330	0	0
1383.493335	0	0
1383.543341	0	0
1383.593346	0	0
1383.643351	0	0
1383.693356	0	0
1383.743361	0	0
1383.793365	0	0
1383.843370	0	0
1383.893375	0	0
1383.943380	0	0
1383.993385	0	0
1384.043390	0	0
1384.093395	0	0
1384.143401	0	0
1384.193406	0	0
1384.243411	0	0
1384.293416	0	0
1384.343421	0	0
1384.393425	0	0
1384.443430	0	0
1384.493435	0	0
1384.543440	0	0
1384.593445	0	0
1384.643450	0	0
1384.693456	0	0
1384.743461	0	0
1384.793466	0	0
1384.843471	0	0
1384.893476	0	0
1384.943480	0	0
1384.993485	0	0
1385.043490	0	0
1385.093495	0	0
1385.143500	0	0
1385.193505	0	0
1385.243510	0	0
1385.293516	0	0
1385.343521	0	0
1385.393526	0	0
1385.443531	0	0
1385.493536	0	0
1385.543540	0	0
1385.593545	0	0
1385.643550	0	0
1385.693555	0	0
1385.743560	0	0
1385.793565	0	0
1385.843570	0	0
1385.893576	0	0
1385.943581	0	0
1385.993586	0	0
1386.043591	0	0
1386.093596	0	0
1386.143600	0	0
1386.193605	0	0
1386.243610	0	0
1386.293615	0	0
1386.343620	0	0
1386.393625	0	0
1386.443631	0	0
1386.493636	0	0
1386.543641	0	0
1386.593646	0	0
1386.643651	0	0
1386.693655	0	0
1386.743660	0	0
1386.793665	0	0
1386.843670	0	0
1386.893675	0	0
1386.943680	0	0
1386.993685	0	0
1387.043691	0	0
1387.093696	0	0
1387.143701	0	0
1387.193706	0	0
1387.243711	0	0
1387.293715	0	0
1387.343720	0	0
1387.393725	0	0
1387.443730	0	0
1387.493735	0	0
1387.543740	0	0
1387.593745	0	0
1387.643751	0	0
1387.693756	0	0
1387.743761	0	0
1387.793766	0	0
1387.843771	0	0
1387.893775	0	0
1387.943780	0	0
1387.993785	0	0
1388.043790	0	0
1388.093795	0	0
1388.143800	0	0
1388.193806	0	0
1388.243811	0	0
1388.293816	0	0
1388.343821	0	0
1388.393826	0	0
1388.443830	0	0
1388.493835	0	0
1388.543840	0	0
1388.593845	0	0
1388.643850	0	0
1388.693855	0	0
1388.743860	0	0
1388.793866	0	0
1388.843871	0	0
1388.893876	0	0
1388.943881	0	0
1388.993886	0	0
1389.043890	0	0
1389.093895	0	0
1389.143900	0	0
1389.193905	0	0
1389.243910	0	0
1389.293915	0	0
1389.343920	0	0
1389.393926	0	0
1389.443931	0	0
1389.493936	0	0
1389.543941	0	0
1389.593946	0	0
1389.643950	0	0
1389.693955	0	0
1389.743960	0	0
1389.793965	0	0
1389.843970	0	0
1389.893975	0	0
1389.943981	0	0
1389.993986	0	0
1390.043991	0	0
1390.093996	0	0
1390.144001	0	0
1390.194005	0	0
1390.244010	0	0
1390.294015	0	0
1390.344020	0	0
1390.394025	0	0
1390.444030	0	0
1390.494035	0	0
1390.544041	0	0
1390.594046	0	0
1390.644051	0	0
1390.694056	0	0
1390.744061	0	0
1390.794065	0	0
1390.844070	0	0
1390.894075	0	0
1390.944080	0	0
1390.994085	0	0
1391.044090	0	0
1391.094096	0	0
1391.144101	0	0
1391.194106	0	0
1391.244111	0	0
1391.294116	0	0
1391.344121	0	0
1391.394125	0	0
1391.444130	0	0
1391.494135	0	0
1391.544140	0	0
1391.594145	0	0
1391.644150	0	0
1391.694156	0	0
1391.744161	0	0
1391.794166	0	0
1391.844171	0	0
1391.894176	0	0
1391.944180	0	0
1391.994185	0	0
1392.044190	0	0
1392.094195	0	0
1392.144200	0	0
1392.194205	0	0
1392.244210	0	0
1392.294216	0	0
1392.344221	0	0
1392.394226	0	0
1392.444231	0	0
1392.494236	0	0
1392.544240	0	0
1392.594245	0	0
1392.644250	0	0
1392.694255	0	0
1392.744260	0	0
1392.794265	0	0
1392.844271	0	0
1392.894276	0	0
1392.944281	0	0
1392.994286	0	0
1393.044291	0	0
1393.094296	0	0
1393.144300	0	0
1393.194305	0	0
1393.244310	0	0
1393.294315	0	0
1393.344320	0	0
1393.394325	0	0
1393.444331	0	0
1393.494336	0	0
1393.544341	0	0
1393.594346	0	0
1393.644351	0	0
1393.693356	0	0
1393.743361	0	0
1393.793365	0	0
1393.843370	0	0
1393.893375	0	0
1393.943380	0	0
1393.993385	0	0
1394.043390	0	0
1394.093395	0	0
1394.143400	0	0
1394.193405	0	0
1394.243411	0	0
1394.293416	0	0
1394.343421	0	0
1394.393425	0	0
1394.443430	0	0
1394.493435	0	0
1394.543440	0	0
1394.593445	0	0
1394.643450	0	0
1394.693455	0	0
1394.743460	0	0
1394.793465	0	0
1394.843471	0	0
1394.893476	0	0
1394.943480	0	0
1394.993485	0	0
1395.043490	0	0
1395.093495	0	0
1395.143500	0	0
1395.193505	0	0
1395.243510	0	0
1395.293515	0	0
1395.343520	0	0
1395.393526	0	0
1395.443531	0	0
1395.493536	0	0
1395.543540	0	0
1395.593545	0	0
1395.643550	0	0
1395.693555	0	0
1395.743560	0	0
1395.793565	0	0
1395.843570	0	0
1395.893575	0	0
1395.943580	0	0
1395.993586	0	0
1396.043591	0	0
1396.093596	0	0
1396.143600	0	0
1396.193605	0	0
1396.243610	0	0
1396.293615	0	0
1396.343620	0	0
1396.393625	0	0
1396.443630	0	0
1396.493635	0	0
1396.543640	0	0
1396.593646	0	0
1396.643651	0	0
1396.693655	0	0
1396.743660	0	0
1396.793665	0	0
1396.843670	0	0
1396.893675	0	0
1396.943680	0	0
1396.993685	0	0
1397.043690	0	0
1397.093695	0	0
1397.143701	0	0
1397.193706	0	0
1397.243711	0	0
1397.293715	0	0
1397.343720	0	0
1397.393725	0	0
1397.443730	0	0
1397.493735	0	0
1397.543740	0	0
1397.593745	0	0
1397.643750	0	0
1397.693755	0	0
1397.743761	0	0
1397.793766	0	0
1397.843771	0	0
1397.893775	0	0
1397.943780	0	0
1397.993785	0	0
1398.043790	0	0
1398.093795	0	0
1398.143800	0	0
1398.193805	0	0
1398.243810	0	0
1398.293815	0	0
1398.343821	0	0
1398.393826	0	0
1398.443830	0	0
1398.493835	0	0
1398.543840	0	0
1398.593845	0	0
1398.643850	0	0
1398.693855	0	0
1398.743860	0	0
1398.793865	0	0
1398.843870	0	0
1398.893876	0	0
1398.943881	0	0
1398.993886	0	0
1399.043890	0	0
1399.093895	0	0
1399.143900	0	0
1399.193905	0	0
1399.243910	0	0
1399.293915	0	0
1399.343920	0	0
1399.393925	0	0
1399.443930	0	0
1399.493936	0	0
1399.543941	0	0
1399.593946	0	0
1399.643950	0	0
1399.693955	0	0
1399.743960	0	0
1399.793965	0	0
1399.843970	0	0
1399.893975	0	0
1399.943980	0	0
1399.993985	0	0
1400.043990	0	0
1400.093996	0	0
1400.144001	0	0
1400.194005	0	0
1400.244010	0	0
1400.294015	0	0
1400.344020	0	0
1400.394025	0	0
1400.444030	0	0
1400.494035	0	0
1400.544040	0	0
1400.594045	0	0
1400.644051	0	0
1400.694056	0	0
1400.744061	0	0
1400.794065	0	0
1400.844070	0	0
1400.894075	0	0
1400.944080	0	0
1400.994085	0	0
1401.044090	0	0
1401.094095	0	0
1401.144100	0	0
1401.194105	0	0
1401.244111	0	0
1401.294116	0	0
1401.344121	0	0
1401.394125	0	0
1401.444130	0	0
1401.494135	0	0
1401.544140	0	0
1401.594145	0	0
1401.644150	0	0
1401.694155	0	0
1401.744160	0	0
1401.794165	0	32
1401.844171	0	32
1401.894176	0	32
1401.944180	0	32
1401.994185	0	32
1402.044190	0	32
1402.094195	0	32
1402.144200	0	32
1402.194205	0	32
1402.244210	0	32
1402.294215	0	32
1402.344220	0	32
1402.394226	0	32
1402.444231	0	32
1402.494236	0	32
1402.544240	0	32
1402.594245	0	32
1402.644250	0	32
1402.694255	0	32
1402.744260	0	32
1402.794265	0	32
1402.844270	0	32
1402.894275	0	8
1402.944280	0	0
1402.994286	0	0
1403.044291	0	0
1403.094296	0	0
1403.144300	0	0
1403.194305	0	0
1403.244310	0	0
1403.294315	0	0
1403.344320	0	0
1403.394325	0	0
1403.444330	0	0
1403.494335	0	0
1403.544340	0	0
1403.594346	0	0
1403.644351	0	0
1403.694355	0	0
1403.744360	0	0
1403.794365	0	0
1403.844370	0	0
1403.894375	0	0
1403.944380	0	0
1403.994385	0	0
1404.044390	0	0
1404.094395	0	0
1404.144401	0	0
1404.194406	0	0
1404.244411	0	0
1404.294415	0	0
1404.344420	0	0
1404.394425	0	0
1404.444430	0	0
1404.494435	0	0
1404.544440	0	0
1404.594445	0	0
1404.644450	0	0
1404.694455	0	0
1404.744461	0	0
1404.794466	0	0
1404.844471	0	188
1404.894475	0	340
1404.944480	0	504
1404.994485	0	760
1405.044490	0	856
1405.094495	0	996
1405.144500	0	1144
1405.194505	0	1268
1405.244510	0	1372
1405.294515	0	1512
1405.344521	-112	1620
1405.394526	-112	1732
1405.444530	-112	1868
1405.494535	-112	2012
1405.544540	-112	2164
1405.594545	-112	2232
1405.644550	-112	2300
1405.694555	-112	2336
1405.744560	-112	2392
1405.794565	-112	2484
1405.844570	-112	2548
1405.894576	-112	2612
1405.944581	-112	2644
1405.994586	-112	2644
1406.044590	-112	2644
1406.094595	-112	2644
1406.144600	-112	2644
1406.194605	-112	2644
1406.244610	-112	2644
1406.294615	-112	2644
1406.344620	-112	2664
1406.394625	-112	2684
1406.444630	-112	2700
1406.494636	-112	2700
1406.544641	-112	2700
1406.594646	-112	2700
1406.644650	-112	2700
1406.694655	-112	2700
1406.744660	-112	2700
1406.794665	-112	2724
1406.844670	-112	2872
1406.894675	-112	3044
1406.944680	-112	3208
1406.994685	-112	3384
1407.044690	-112	3500
1407.094696	-112	3748
1407.144701	-112	3980
1407.194705	-112	4224
1407.244710	-112	4476
1407.294715	-112	4660
1407.344720	-112	4796
1407.394725	-112	4964
1407.444730	-160	5124
1407.494735	-240	5328
1407.544740	-248	5392
1407.594745	-248	5448
1407.644751	-248	5448
1407.694756	-248	5448
1407.744761	-248	5448
1407.794765	-248	5448
1407.844770	-248	5448
1407.894775	-248	5448
1407.944780	-248	5448
1407.994785	-248	5448
1408.044790	-248	5448
1408.094795	-248	5448
1408.144800	-248	5448
1408.194805	-248	5448
1408.244811	-248	5492
1408.294816	-248	5600
1408.344820	-248	5676
1408.394825	-248	5720
1408.444830	-248	5752
1408.494835	-248	5752
1408.544840	-248	5788
1408.594845	-248	5860
1408.644850	-248	5928
1408.694855	-248	5980
1408.744860	-240	6040
1408.794865	-192	6128
1408.844871	-148	6196
1408.894876	-68	6228
1408.944880	-32	6240
1408.994885	-12	6268
1409.044890	25	6312
1409.094895	53	6332
1409.144900	53	6392
1409.194905	101	6464
1409.244910	117	6520
1409.294915	141	6552
1409.344920	177	6608
1409.394926	193	6660
1409.444931	217	6720
1409.494936	221	6740
1409.544940	225	6772
1409.594945	233	6848
1409.644950	241	6864
1409.694955	253	6884
1409.744960	265	6884
1409.794965	265	6884
1409.844970	265	6884
1409.894975	265	6884
1409.944980	265	6884
1409.994986	265	6884
1410.044991	265	6884
1410.094995	269	6884
1410.145000	277	6884
1410.195005	285	6884
1410.245010	285	6884
1410.295015	285	6884
1410.345020	285	6836
1410.395025	285	6792
1410.445030	285	6736
1410.495035	285	6736
1410.545041	285	6736
1410.595046	285	6704
1410.645051	285	6704
1410.695055	305	6704
1410.745060	305	6704
1410.795065	305	6704
1410.845070	305	6704
1410.895075	305	6704
1410.945080	305	6704
1410.995085	305	6704
1411.045090	305	6704
1411.095095	305	6704
1411.144100	305	6704
1411.194105	305	6704
1411.244110	305	6704
1411.294115	305	6704
1411.344121	305	6704
1411.394125	305	6704
1411.444130	305	6704
1411.494135	305	6704
1411.544140	305	6704
1411.594145	305	6704
1411.644150	305	6704
1411.694155	305	6704
1411.744160	305	6704
1411.794165	305	6704
1411.844170	305	6704
1411.894175	305	6704
1411.944180	305	6704
1411.994185	305	6704
1412.044190	305	6704
1412.094195	305	6704
1412.144200	305	6704
1412.194205	305	6704
1412.244210	305	6704
1412.294215	305	6704
1412.344220	305	6704
1412.394225	305	6704
1412.444230	305	6704
1412.494235	305	6704
1412.544240	305	6704
1412.594245	305	6704
1412.644250	305	6704
1412.694255	305	6704
1412.744260	305	6704
1412.794265	305	6704
1412.844270	305	6704
1412.894275	305	6704
1412.944280	305	6704
1412.994285	305	6704
1413.044290	305	6704
1413.094296	305	6704
1413.144300	305	6704
1413.194305	305	6704
1413.244310	305	6704
1413.294315	305	6704
1413.344320	305	6704
1413.394325	305	6704
1413.444330	305	6704
1413.494335	305	6704
1413.544340	305	6704
1413.594345	305	6704
1413.644350	305	6704
1413.694355	305	6704
1413.744360	305	6704
1413.794365	305	6704
1413.844370	305	6704
1413.894375	305	6704
1413.944380	305	6704
1413.994385	305	6704
1414.044390	305	6704
1414.094395	305	6704
1414.144400	305	6704
1414.194405	305	6704
1414.244410	305	6704
1414.294415	305	6704
1414.344420	305	6704
1414.394425	305	6704
1414.444430	305	6704
1414.494435	305	6704
1414.544440	305	6704
1414.594445	305	6704
1414.644450	305	6704
1414.694455	305	6704
1414.744460	305	6704
1414.794465	305	6704
1414.844471	305	6704
1414.894475	305	6704
1414.944480	305	6704
1414.994485	305	6704
1415.044490	305	6704
1415.094495	305	6704
1415.144500	305	6704
1415.194505	305	6704
1415.244510	305	6704
1415.294515	305	6704
1415.344520	305	6704
1415.394525	305	6704
1415.444530	305	6704
1415.494535	305	6704
1415.544540	305	6704
1415.594545	305	6704
1415.644550	305	6704
1415.694555	305	6704
1415.744560	305	6704
1415.794565	305	6704
1415.844570	305	6704
1415.894575	305	6704
1415.944580	305	6704
1415.994585	305	6704
1416.044590	305	6704
1416.094595	305	6704
1416.144600	305	6704
1416.194605	305	6704
1416.244610	305	6704
1416.294615	305	6704
1416.344620	305	6704
1416.394625	305	6704
1416.444630	305	6704
1416.494635	305	6704
1416.544640	305	6704
1416.594646	305	6704
1416.644650	305	6704
1416.694655	305	6704
1416.744660	305	6704
1416.794665	305	6704
1416.844670	305	6704
1416.894675	305	6704
1416.944680	305	6704
1416.994685	305	6704
1417.044690	305	6704
1417.094695	305	6704
1417.144700	305	6704
1417.194705	305	6704
1417.244710	305	6704
1417.294715	305	6704
1417.344720	305	6704
1417.394725	305	6704
1417.444730	305	6704
1417.494735	305	6704
1417.544740	305	6704
1417.594745	305	6704
1417.644750	305	6704
1417.694755	305	6704
1417.744760	305	6704
1417.794765	305	6704
1417.844770	305	6704
1417.894775	305	6704
1417.944780	305	6704
1417.994785	305	6704
1418.044790	305	6704
1418.094795	305	6704
1418.144800	305	6704
1418.194805	305	6704
1418.244810	305	6704
1418.294815	305	6704
1418.344820	305	6704
1418.394825	305	6704
1418.444830	305	6704
1418.494835	305	6704
1418.544840	305	6704
1418.594845	305	6704
1418.644850	305	6704
1418.694855	305	6704
1418.744860	305	6704
1418.794865	305	6704
1418.844870	305	6704
1418.894875	305	6704
1418.944880	305	6704
1418.994885	305	6704
1419.044890	305	6704
1419.094895	305	6704
1419.144900	305	6704
1419.194905	305	6724
1419.244910	305	6748
1419.294915	305	6780
1419.344920	305	6792
1419.394925	305	6840
1419.444930	305	6872
1419.494935	305	6888
1419.544940	305	6900
1419.594945	305	6916
1419.644950	305	6928
1419.694955	305	6956
1419.744960	305	6988
1419.794965	305	6988
1419.844970	305	6988
1419.894975	305	6988
1419.944980	305	6988
1419.994985	305	6988
1420.044990	305	6988
1420.094995	305	6988
1420.145000	305	6988
1420.195005	305	6988
1420.245010	305	6988
1420.295015	305	6988
1420.345020	305	6988
1420.395025	305	6988
1420.445030	305	6988
1420.495035	305	6988
1420.545040	305	6988
1420.595045	305	6988
1420.645050	305	6988
1420.695055	305	6988
1420.745060	305	6988
1420.795065	305	6988
1420.845070	305	6988
1420.895075	305	6988
1420.945080	305	6988
1420.995085	305	6988
1421.045090	305	6988
1421.095095	305	6988
1421.145100	305	6988
1421.195105	305	6988
1421.245110	305	6988
1421.295115	305	6988
1421.345120	305	6988
1421.395125	305	6988
1421.445130	305	6988
1421.495135	305	6988
1421.545140	305	6988
1421.595145	305	6988
1421.645150	305	6988
1421.695155	305	6988
1421.745160	305	6988
1421.795165	305	6988
1421.845170	305	6988
1421.895175	305	6988
1421.945180	305	6988
1421.995185	305	6988
1422.045190	305	6988
1422.095195	305	6988
1422.145200	305	6988
1422.195205	305	6988
1422.245210	305	6988
1422.295215	305	6988
1422.345220	305	6988
1422.395225	305	6988
1422.445230	305	6988
1422.495235	305	6988
1422.545240	305	6988
1422.595245	305	6988
1422.645250	305	6988
1422.695255	305	6988
1422.745260	305	6988
1422.795265	305	6988
1422.845270	305	6988
1422.895275	305	6988
1422.945280	305	6988
1422.995285	305	6988
1423.045290	305	6988
1423.095295	305	6988
1423.145300	305	6988
1423.195305	305	6988
1423.245310	305	6988
1423.295315	305	6988
1423.345320	305	6988
1423.395325	305	6988
1423.445330	305	6988
1423.495335	305	6988
1423.545340	305	6988
1423.595345	305	6988
1423.645350	305	6988
1423.695355	305	6988
1423.745360	305	6988
1423.795365	305	6988
1423.845370	305	6988
1423.895375	305	6988
1423.945380	305	6988
1423.995385	305	6988
1424.045390	305	6988
1424.095395	305	6988
1424.145400	305	6988
1424.195405	305	6988
1424.245410	305	6988
1424.295415	305	6988
1424.345420	305	6988
1424.395425	305	6988
1424.445430	305	6988
1424.495435	305	6988
1424.545440	305	6988
1424.595445	305	6988
1424.645450	305	6988
1424.695455	305	6988
1424.745460	305	6988
1424.795465	305	6988
1424.845470	305	6988
1424.895475	305	6988
1424.945480	305	6988
1424.995485	305	6988
1425.045490	305	6988
1425.095495	305	6988
1425.145500	305	6988
1425.195505	305	6988
1425.245510	305	6988
1425.295515	305	6988
1425.345520	305	6988
1425.395525	305	6988
1425.445530	305	6988
1425.495535	305	6988
1425.545540	305	6988
1425.595545	305	6988
1425.645550	305	6988
1425.695555	305	6988
1425.745560	305	6988
1425.795565	305	6988
1425.845570	305	6988
1425.895575	305	6988
1425.945580	305	6988
1425.995585	305	6988
1426.045590	305	6988
1426.095595	305	6988
1426.145600	305	6988
1426.195605	305	6988
1426.245610	305	6988
1426.295615	305	6988
1426.345620	305	6988
1426.395625	305	6988
1426.445630	305	6988
1426.495635	305	6988
1426.545640	305	6988
1426.595645	305	6988
1426.645650	305	6988
1426.695655	305	6988
1426.745660	305	6988
1426.795665	305	6988
1426.845670	305	6988
1426.895675	305	6988
1426.945680	305	6988
1426.995685	305	6988
1427.045690	305	6988
1427.095695	305	6988
1427.145700	305	6988
1427.195705	305	6988
1427.245710	305	6988
1427.295715	305	6988
1427.345720	305	6988
1427.395725	305	6988
1427.445730	305	6988
1427.495735	305	6988
1427.545740	305	6988
1427.595745	305	6988
1427.645750	305	6988
1427.695755	305	6988
1427.745760	305	6988
1427.795765	305	6988
1427.845770	305	6988
1427.895775	305	6988
1427.945780	305	6988
1427.995785	305	6988
1428.045790	305	6988
1428.095795	305	6988
1428.145800	305	6988
1428.195805	305	6988
1428.245810	305	6988
1428.295815	305	6988
1428.345820	305	6988
1428.395825	305	6988
1428.445830	305	6988
1428.495835	305	6988
1428.545840	305	6988
1428.595845	305	6988
1428.644850	305	6988
1428.694855	305	6988
1428.744860	305	6988
1428.794865	305	6988
1428.844870	305	6988
1428.894875	305	6988
1428.944880	305	6988
1428.994885	305	6988
1429.044890	305	6988
1429.094895	305	6988
1429.144900	305	6988
1429.194905	305	6988
1429.244910	305	6988
1429.294915	305	6988
1429.344920	305	6988
1429.394925	305	6988
1429.444930	305	6988
1429.494935	305	6988
1429.544940	305	6988
1429.594945	305	6988
1429.644950	305	6988
1429.694955	305	6988
1429.744960	305	6988
1429.794965	305	6988
1429.844970	305	6988
1429.894975	305	6988
1429.944980	305	6988
1429.994985	305	6988
1430.044990	305	6988
1430.094995	305	6988
1430.145000	305	6988
1430.195005	305	6988
1430.245010	305	6988
1430.295015	305	6988
1430.345020	305	6988
1430.395025	285	6988
1430.445030	285	6988
1430.495035	285	6988
1430.545040	285	6988
1430.595045	285	6988
1430.645050	281	6988
1430.695055	265	6988
1430.745060	241	6988
1430.795065	205	6988
1430.845070	161	6988
1430.895075	53	6988
1430.945080	-72	6988
1430.995085	-236	6988
1431.045090	-280	6988
1431.095095	-356	6988
1431.145100	-416	7000
1431.195105	-464	7000
1431.245110	-484	7000
1431.295115	-520	7012
1431.345120	-584	7012
1431.395125	-656	7012
1431.445130	-696	7020
1431.495135	-720	7024
1431.545140	-748	7024
1431.595145	-816	7028
1431.645150	-840	7036
1431.695155	-856	7052
1431.745160	-932	7064
1431.795165	-1088	7064
1431.845170	-1248	7064
1431.895175	-1392	7064
1431.945180	-1480	7064
1431.995185	-1504	7084
1432.045190	-1552	7084
1432.095195	-1584	7084
1432.145200	-1668	7084
1432.195205	-1716	7088
1432.245210	-1796	7088
1432.295215	-1860	7120
1432.345220	-1896	7128
1432.395225	-1992	7152
1432.445230	-2052	7180
1432.495235	-2144	7212
1432.545240	-2208	7228
1432.595245	-2316	7228
1432.645250	-2376	7228
1432.695255	-2456	7252
1432.745260	-2532	7268
1432.795265	-2596	7292
1432.845270	-2680	7304
1432.895275	-2756	7348
1432.945280	-2836	7352
1432.995285	-3016	7360
1433.045290	-3100	7396
1433.095295	-3180	7416
1433.145300	-3252	7432
1433.195305	-3312	7432
1433.245310	-3368	7440
1433.295315	-3424	7488
1433.345320	-3512	7488
1433.395325	-3580	7488
1433.445330	-3636	7488
1433.495335	-3688	7488
1433.545340	-3744	7512
1433.595345	-3816	7516
1433.645350	-3912	7516
1433.695355	-3972	7524
1433.745360	-4024	7524
1433.795365	-4068	7540
1433.845370	-4084	7540
1433.895375	-4136	7540
1433.945380	-4180	7540
1433.995385	-4180	7540
1434.045390	-4244	7540
1434.095395	-4264	7552
1434.145400	-4328	7552
1434.195405	-4380	7552
1434.245410	-4460	7552
1434.295415	-4488	7552
1434.345420	-4528	7552
1434.395425	-4580	7552
1434.445430	-4588	7552
1434.495435	-4612	7552
1434.545440	-4632	7568
1434.595445	-4676	7568
1434.645450	-4700	7568
1434.695455	-4716	7572
1434.745460	-4728	7572
1434.795465	-4768	7636
1434.845470	-4852	7648
1434.895475	-4876	7648
1434.945480	-4980	7660
1434.995485	-5052	7676
1435.045490	-5136	7676
1435.095495	-5200	7708
1435.145500	-5240	7716
1435.195505	-5304	7752
1435.245510	-5344	7752
1435.295515	-5448	7764
1435.345520	-5528	7776
1435.395525	-5632	7800
1435.445530	-5688	7812
1435.495535	-5736	7824
1435.545540	-5808	7836
1435.595545	-5816	7872
1435.645550	-5844	7892
1435.695555	-5900	7920
1435.745560	-5900	7920
1435.795565	-5932	7944
1435.845570	-5972	7968
1435.895575	-5992	7992
1435.945580	-6004	7992
1435.995585	-6028	7992
1436.045590	-6044	8004
1436.095595	-6052	8004
1436.145600	-6060	8016
1436.195605	-6080	8040
1436.245610	-6100	8040
1436.295615	-6100	8044
1436.345620	-6124	8068
1436.395625	-6136	8068
1436.445630	-6136	8068
1436.495635	-6144	8068
1436.545640	-6152	8068
1436.595645	-6156	8072
1436.645650	-6156	8088
1436.695655	-6156	8096
1436.745660	-6156	8096
1436.795665	-6164	8096
1436.845670	-6176	8096
1436.895675	-6176	8096
1436.945680	-6180	8096
1436.995685	-6200	8096
1437.045690	-6200	8096
1437.095695	-6200	8096
1437.145700	-6204	8096
1437.195705	-6204	8096
1437.245710	-6204	8096
1437.295715	-6204	8096
1437.345720	-6208	8096
1437.395725	-6208	8096
1437.445730	-6208	8096
1437.495735	-6208	8096
1437.545740	-6208	8096
1437.595745	-6208	8096
1437.645750	-6208	8096
1437.695755	-6208	8096
1437.745760	-6208	8096
1437.795765	-6208	8096
1437.845770	-6208	8096
1437.895775	-6208	8096
1437.945780	-6208	8096
1437.995785	-6208	8096
1438.045790	-6208	8096
1438.095795	-6208	8096
1438.145800	-6208	8096
1438.195805	-6208	8096
1438.245810	-6208	8096
1438.295815	-6208	8096
1438.345820	-6208	8096
1438.395825	-6208	8096
1438.445830	-6208	8096
1438.495835	-6208	8096
1438.545840	-6208	8096
1438.595845	-6208	8096
1438.645850	-6208	8096
1438.695855	-6208	8096
1438.745860	-6208	8096
1438.795865	-6208	8096
1438.845870	-6208	8096
1438.895875	-6208	8096
1438.945880	-6208	8096
1438.995885	-6208	8096
1439.045890	-6208	8096
1439.095895	-6208	8096
1439.145900	-6208	8096
1439.195905	-6208	8100
1439.245910	-6208	8104
1439.295915	-6208	8132
1439.345920	-6208	8132
1439.395925	-6208	8132
1439.445930	-6208	8132
1439.495935	-6208	8132
1439.545940	-6208	8132
1439.595945	-6208	8132
1439.645950	-6208	8136
1439.695955	-6208	8136
1439.745960	-6208	8136
1439.795965	-6208	8136
1439.845970	-6208	8136
1439.895975	-6208	8136
1439.945980	-6208	8136
1439.995985	-6208	8136
1440.045990	-6208	8136
1440.095995	-6208	8136
1440.146000	-6208	8136
1440.196005	-6208	8136
1440.246010	-6208	8136
1440.296015	-6208	8136
1440.346020	-6208	8136
1440.396025	-6208	8136
1440.446030	-6208	8136
1440.496035	-6208	8136
1440.546040	-6208	8136
1440.596045	-6208	8136
1440.646050	-6208	8136
1440.696055	-6208	8136
1440.746060	-6208	8136
1440.796065	-6208	8136
1440.846070	-6208	8136
1440.896075	-6208	8136
1440.946080	-6208	8136
1440.996085	-6208	8136
1441.046090	-6208	8136
1441.096095	-6208	8136
1441.146100	-6208	8136
1441.196105	-6208	8136
1441.246110	-6208	8136
1441.296115	-6208	8136
1441.346120	-6208	8136
1441.396125	-6208	8136
1441.446130	-6208	8136
1441.496135	-6208	8136
1441.546140	-6208	8136
1441.596145	-6208	8136
1441.646150	-6208	8136
1441.696155	-6208	8136
1441.746160	-6208	8136
1441.796165	-6208	8136
1441.846170	-6208	8136
1441.896175	-6208	8136
1441.946180	-6208	8164
1441.996185	-6208	8164
1442.046190	-6208	8164
1442.096195	-6208	8168
1442.146200	-6208	8168
1442.196205	-6208	8168
1442.246210	-6208	8168
1442.296215	-6208	8168
1442.346220	-6208	8188
1442.396225	-6208	8212
1442.446230	-6208	8212
1442.496235	-6208	8212
1442.546240	-6208	8212
1442.596245	-6208	8212
1442.646250	-6208	8220
1442.696255	-6208	8220
1442.746260	-6208	8228
1442.796265	-6208	8232
1442.846270	-6208	8232
1442.896275	-6208	8240
1442.946280	-6208	8240
1442.996285	-6208	8240
1443.046290	-6208	8240
1443.096295	-6208	8244
1443.146300	-6208	8256
1443.196305	-6208	8260
1443.246310	-6208	8260
1443.296315	-6208	8260
1443.346320	-6208	8260
1443.396325	-6208	8264
1443.446330	-6208	8264
1443.496335	-6208	8264
1443.546340	-6208	8264
1443.596345	-6208	8264
1443.646350	-6208	8264
1443.696355	-6208	8264
1443.746360	-6208	8264
1443.796365	-6208	8264
1443.846370	-6208	8264
1443.896375	-6208	8264
1443.946380	-6208	8264
1443.996385	-6208	8264
1444.046390	-6208	8264
1444.096395	-6208	8264
1444.146400	-6208	8264
1444.196405	-6208	8264
1444.246410	-6208	8264
1444.296415	-6208	8264
1444.346420	-6208	8264
1444.396425	-6208	8264
1444.446430	-6208	8264
1444.496435	-6208	8264
1444.546440	-6208	8264
1444.596445	-6208	8264
1444.646450	-6208	8264
1444.696455	-6208	8264
1444.746460	-6208	8264
1444.796465	-6208	8264
1444.846470	-6208	8264
1444.896475	-6208	8264
1444.946480	-6208	8264
1444.996485	-6208	8264
1445.046490	-6208	8264
1445.096495	-6208	8264
1445.146500	-6208	8264
1445.196505	-6208	8264
1445.246510	-6208	8264
1445.296515	-6208	8264
1445.346520	-6208	8264
1445.396525	-6208	8272
1445.446530	-6208	8280
1445.496535	-6208	8280
1445.546540	-6208	8280
1445.596545	-6208	8280
1445.646550	-6208	8280
1445.696555	-6208	8280
1445.746560	-6208	8300
1445.796565	-6208	8300
1445.846570	-6208	8300
1445.896575	-6208	8300
1445.946580	-6208	8320
1445.996585	-6208	8320
1446.046590	-6208	8320
1446.096595	-6208	8320
1446.145600	-6208	8320
1446.195605	-6208	8320
1446.245610	-6208	8368
1446.295615	-6212	8368
1446.345620	-6224	8368
1446.395625	-6224	8368
1446.445630	-6252	8368
1446.495635	-6252	8368
1446.545640	-6252	8368
1446.595645	-6260	8388
1446.645650	-6260	8388
1446.695655	-6260	8388
1446.745660	-6260	8412
1446.795665	-6280	8432
1446.845670	-6296	8436
1446.895675	-6296	8436
1446.945680	-6320	8436
1446.995685	-6328	8436
1447.045690	-6328	8440
1447.095695	-6328	8456
1447.145700	-6364	8468
1447.195705	-6364	8468
1447.245710	-6368	8468
1447.295715	-6368	8520
1447.345720	-6368	8544
1447.395725	-6388	8560
1447.445730	-6388	8588
1447.495735	-6460	8612
1447.545740	-6460	8620
1447.595745	-6480	8624
1447.645750	-6480	8624
1447.695755	-6480	8644
1447.745760	-6488	8648
1447.795765	-6488	8648
1447.845770	-6488	8648
1447.895775	-6488	8652
1447.945780	-6500	8652
1447.995785	-6500	8652
1448.045790	-6500	8652
1448.095795	-6500	8652
1448.145800	-6500	8652
1448.195805	-6512	8652
1448.245810	-6512	8652
1448.295815	-6512	8652
1448.345820	-6512	8652
1448.395825	-6512	8652
1448.445830	-6512	8652
1448.495835	-6512	8652
1448.545840	-6512	8652
1448.595845	-6512	8684
1448.645850	-6512	8724
1448.695855	-6512	8748
1448.745860	-6512	8760
1448.795865	-6552	8760
1448.845870	-6564	8760
1448.895875	-6584	8792
1448.945880	-6620	8844
1448.995885	-6748	8964
1449.045890	-6836	9064
1449.095895	-6900	9168
1449.145900	-6912	9216
1449.195905	-6972	9260
1449.245910	-7020	9336
1449.295915	-7052	9404
1449.345920	-7088	9500
1449.395925	-7112	9608
1449.445930	-7152	9692
1449.495935	-7156	9760
1449.545940	-7208	9804
1449.595945	-7208	9912
1449.645950	-7208	9968
1449.695955	-7208	10068
1449.745960	-7208	10140
1449.795965	-7224	10292
1449.845970	-7264	10432
1449.895975	-7324	10536
1449.945980	-7360	10624
1449.995985	-7376	10772
1450.045990	-7392	10836
1450.095995	-7400	10924
1450.146000	-7432	11020
1450.196005	-7504	11112
1450.246010	-7512	11212
1450.296015	-7560	11260
1450.346020	-7604	11324
1450.396025	-7624	11388
1450.446030	-7624	11452
1450.496035	-7640	11468
1450.546040	-7668	11496
1450.596045	-7672	11520
1450.646050	-7676	11520
1450.696055	-7676	11568
1450.746060	-7684	11576
1450.796065	-7692	11600
1450.846070	-7692	11600
1450.896075	-7692	11600
1450.946080	-7692	11600
1450.996085	-7692	11600
1451.046090	-7692	11600
1451.096095	-7692	11600
1451.146100	-7692	11600
1451.196105	-7692	11600
1451.246110	-7692	11600
1451.296115	-7692	11600
1451.346120	-7692	11600
1451.396125	-7692	11600
1451.446130	-7692	11600
1451.496135	-7692	11600
1451.546140	-7692	11600
1451.596145	-7692	11596
1451.646150	-7692	11588
1451.696155	-7692	11560
1451.746160	-7692	11548
1451.796165	-7692	11532
1451.846170	-7692	11532
1451.896175	-7692	11476
1451.946180	-7692	11476
1451.996185	-7692	11476
1452.046190	-7692	11440
1452.096195	-7692	11428
1452.146200	-7692	11420
1452.196205	-7692	11408
1452.246210	-7692	11400
1452.296215	-7692	11400
1452.346220	-7692	11400
1452.396225	-7692	11400
1452.446230	-7692	11376
1452.496235	-7692	11376
1452.546240	-7692	11376
1452.596245	-7692	11376
1452.646250	-7692	11376
1452.696255	-7692	11372
1452.746260	-7692	11372
1452.796265	-7692	11360
1452.846270	-7692	11360
1452.896275	-7692	11360
1452.946280	-7692	11360
1452.996285	-7692	11344
1453.046290	-7692	11344
1453.096295	-7692	11336
1453.146300	-7692	11320
1453.196305	-7692	11288
1453.246310	-7692	11288
1453.296315	-7692	11288
1453.346320	-7692	11288
1453.396325	-7692	11288
1453.446330	-7692	11276
1453.496335	-7692	11276
1453.546340	-7692	11248
1453.596345	-7692	11224
1453.646350	-7692	11204
1453.696355	-7692	11196
1453.746360	-7696	11196
1453.796365	-7716	11196
1453.846370	-7724	11188
1453.896375	-7724	11188
1453.946380	-7724	11188
1453.996385	-7724	11188
1454.046390	-7724	11188
1454.096395	-7724	11180
1454.146400	-7724	11172
1454.196405	-7724	11172
1454.246410	-7724	11172
1454.296415	-7724	11172
1454.346420	-7724	11172
1454.396425	-7724	11172
1454.446430	-7724	11172
1454.496435	-7724	11172
1454.546440	-7724	11172
1454.596445	-7724	11172
1454.646450	-7724	11172
1454.696455	-7724	11172
1454.746460	-7724	11172
1454.796465	-7724	11172
1454.846470	-7724	11172
1454.896475	-7724	11172
1454.946480	-7724	11172
1454.996485	-7724	11172
1455.046490	-7724	11172
1455.096495	-7724	11172
1455.146500	-7724	11172
1455.196505	-7724	11172
1455.246510	-7724	11172
1455.296515	-7724	11172
1455.346520	-7724	11172
1455.396525	-7724	11172
1455.446530	-7724	11172
1455.496535	-7724	11172
1455.546540	-7724	11172
1455.596545	-7724	11172
1455.646550	-7724	11172
1455.696555	-7724	11172
1455.746560	-7724	11172
1455.796565	-7724	11172
1455.846570	-7724	11172
1455.896575	-7724	11172
1455.946580	-7724	11172
1455.996585	-7724	11172
1456.046590	-7724	11172
1456.096595	-7724	11172
1456.146600	-7724	11172
1456.196605	-7724	11172
1456.246610	-7724	11172
1456.296615	-7724	11172
1456.346620	-7724	11172
1456.396625	-7724	11172
1456.446630	-7724	11172
1456.496635	-7724	11172
1456.546640	-7724	11172
1456.596645	-7724	11172
1456.646650	-7724	11172
1456.696655	-7724	11172
1456.746660	-7724	11172
1456.796665	-7724	11172
1456.846670	-7724	11172
1456.896675	-7724	11172
1456.946680	-7724	11172
1456.996685	-7724	11172
1457.046690	-7724	11172
1457.096695	-7724	11172
1457.146700	-7724	11172
1457.196705	-7724	11172
1457.246710	-7728	11172
1457.296715	-7728	11172
1457.346720	-7728	11172
1457.396725	-7728	11172
1457.446730	-7728	11172
1457.496735	-7728	11172
1457.546740	-7728	11172
1457.596745	-7728	11172
1457.646750	-7728	11172
1457.696755	-7728	11172
1457.746760	-7728	11172
1457.796765	-7728	11172
1457.846770	-7728	11172
1457.896775	-7728	11172
1457.946780	-7728	11172
1457.996785	-7728	11172
1458.046790	-7728	11172
1458.096795	-7728	11172
1458.146800	-7728	11172
1458.196805	-7728	11172
1458.246810	-7728	11172
1458.296815	-7728	11172
1458.346820	-7728	11172
1458.396825	-7728	11172
1458.446830	-7728	11172
1458.496835	-7728	11172
1458.546840	-7728	11172
1458.596845	-7728	11172
1458.646850	-7728	11172
1458.696855	-7728	11172
1458.746860	-7728	11172
1458.796865	-7728	11172
1458.846870	-7728	11172
1458.896875	-7728	11172
1458.946880	-7728	11172
1458.996885	-7728	11172
1459.046890	-7728	11172
1459.096895	-7728	11172
1459.146900	-7728	11172
1459.196905	-7728	11172
1459.246910	-7728	11172
1459.296915	-7728	11172
1459.346920	-7728	11172
1459.396925	-7728	11172
1459.446930	-7728	11172
1459.496935	-7728	11172
1459.546940	-7728	11172
1459.596945	-7728	11172
1459.646950	-7728	11172
1459.696955	-7728	11172
1459.746960	-7728	11172
1459.796965	-7728	11172
1459.846970	-7728	11172
1459.896975	-7728	11172
1459.946980	-7728	11172
1459.996985	-7728	11172
1460.046990	-7728	11172
1460.096995	-7728	11172
1460.147000	-7728	11188
1460.197005	-7728	11292
1460.247010	-7728	11320
1460.297015	-7728	11384
1460.347020	-7728	11432
1460.397025	-7728	11432
1460.447030	-7728	11480
1460.497035	-7728	11512
1460.547040	-7728	11624
1460.597045	-7728	11688
1460.647050	-7728	11728
1460.697055	-7728	11864
1460.747060	-7728	11912
1460.797065	-7744	11996
1460.847070	-7748	12008
1460.897075	-7768	12064
1460.947080	-7780	12112
1460.997085	-7812	12164
1461.047090	-7840	12208
1461.097095	-7840	12268
1461.147100	-7852	12344
1461.197105	-7880	12492
1461.247110	-7916	12648
1461.297115	-7940	12768
1461.347120	-7964	12900
1461.397125	-7964	12996
1461.447130	-7964	13132
1461.497135	-7964	13244
1461.547140	-7964	13416
1461.597145	-7964	13576
1461.647150	-7964	13760
1461.697155	-7964	13924
1461.747160	-7964	14052
1461.797165	-7964	14236
1461.847170	-7964	14336
1461.897175	-7964	14436
1461.947180	-7964	14544
1461.997185	-7964	14704
1462.047190	-7964	14856
1462.097195	-7964	15004
1462.147200	-7964	15116
1462.197205	-7964	15156
1462.247210	-7964	15212
1462.297215	-7964	15272
1462.347220	-7964	15272
1462.397225	-7964	15320
1462.447230	-7964	15404
1462.497235	-7964	15440
1462.547240	-7964	15468
1462.597245	-7964	15512
1462.647250	-7964	15532
1462.697255	-7964	15608
1462.747260	-7964	15628
1462.797265	-7964	15732
1462.847270	-7964	15788
1462.897275	-7964	15792
1462.947280	-7964	15804
1462.997285	-7964	15832
1463.047290	-7964	15856
1463.097295	-7964	15888
1463.147300	-7964	15940
1463.197305	-7964	15972
1463.281313	-7964	16004
1463.297315	-7964	16020
1463.347320	-7964	16020
1463.397325	-7964	16020
1463.447330	-7964	16020
1463.497335	-7964	16020
1463.547340	-7964	16020
1463.596345	-7964	16020
1463.646350	-7964	16020
1463.696355	-7964	16020
1463.746360	-7964	16020
1463.796365	-7964	16020
1463.846370	-7964	16020
1463.896375	-7964	16020
1463.946380	-7964	16020
1463.996385	-7964	16020
1464.046390	-7964	16020
1464.096395	-7964	16020
1464.146400	-7964	16020
1464.196405	-7964	16020
1464.246410	-7964	16020
1464.296415	-7964	16020
1464.346420	-7964	16020
1464.396425	-7964	16020
1464.446430	-7964	16020
1464.496435	-7964	16020
1464.546440	-7964	16020
1464.596445	-7964	16032
1464.646450	-7964	16056
1464.696455	-7964	16080
1464.746460	-7964	16092
1464.796465	-7964	16092
1464.846470	-7964	16092
1464.896475	-7964	16092
1464.946480	-7964	16100
1464.996485	-7964	16100
1465.046490	-7964	16116
1465.096495	-7964	16132
1465.146500	-7964	16136
1465.196505	-7964	16136
1465.246510	-7964	16140
1465.296515	-7964	16156
1465.346520	-7964	16164
1465.396525	-7964	16164
1465.446530	-7964	16188
1465.496535	-7964	16188
1465.546540	-7964	16188
1465.596545	-7964	16188
1465.646550	-7964	16188
1465.696555	-7964	16188
1465.746560	-7964	16188
1465.796565	-7964	16188
1465.846570	-7964	16188
1465.896575	-7964	16188
1465.946580	-7964	16188
1465.996585	-7964	16188
1466.046590	-7964	16188
1466.096595	-7964	16188
1466.146600	-7964	16188
1466.196605	-7964	16188
1466.246610	-7964	16188
1466.296615	-7964	16188
1466.346620	-7964	16188
1466.396625	-7964	16188
1466.446630	-7964	16188
1466.496635	-7964	16188
1466.546640	-7964	16188
1466.596645	-7964	16188
1466.646650	-7964	16188
1466.696655	-7964	16188
1466.746660	-7964	16188
1466.796665	-7964	16188
1466.846670	-7964	16188
1466.896675	-7964	16188
1466.946680	-7964	16188
1466.996685	-7964	16188
1467.046690	-7964	16188
1467.096695	-7964	16188
1467.146700	-7964	16188
1467.196705	-7964	16188
1467.246710	-7964	16188
1467.296715	-7964	16188
1467.346720	-7964	16188
1467.396725	-7964	16188
1467.446730	-7964	16188
1467.496735	-7964	16188
1467.546740	-7964	16188
1467.596745	-7964	16188
1467.646750	-7964	16188
1467.696755	-7964	16188
1467.746760	-7964	16188
1467.796765	-7964	16188
1467.846770	-7964	16188
1467.896775	-7964	16188
1467.946780	-7964	16188
1467.996785	-7964	16188
1468.046790	-7964	16188
1468.096795	-7964	16188
1468.146800	-7964	16188
1468.196805	-7964	16188
1468.246810	-7964	16188
1468.296815	-7964	16188
1468.346820	-7964	16188
1468.396825	-7964	16188
1468.446830	-7964	16188
1468.496835	-7964	16188
1468.546840	-7964	16188
1468.596845	-7964	16188
1468.646850	-7964	16188
1468.696855	-7964	16188
1468.746860	-7964	16188
1468.796865	-7964	16188
1468.846870	-7964	16188
1468.896875	-7964	16188
1468.946880	-7964	16188
1468.996885	-7964	16188
1469.046890	-7964	16188
1469.096895	-7964	16188
1469.146900	-7964	16188
1469.196905	-7964	16188
1469.246910	-7964	16188
1469.296915	-7964	16188
1469.346920	-7964	16188
1469.396925	-7964	16188
1469.446930	-7964	16188
1469.496935	-7964	16188
1469.546940	-7964	16188
1469.596945	-7964	16188
1469.646950	-7964	16188
1469.696955	-7964	16188
1469.746960	-7964	16188
1469.796965	-7964	16188
1469.846970	-7964	16188
1469.896975	-7964	16188
1469.946980	-7964	16188
1469.996985	-7964	16188
1470.046990	-7964	16188
1470.096995	-7964	16188
1470.147000	-7964	16188
1470.197005	-7964	16188
1470.247010	-7964	16188
1470.297015	-7964	16188
1470.347020	-7964	16188
1470.397025	-7964	16188
1470.447030	-7964	16188
1470.497035	-7964	16188
1470.547040	-7976	16188
1470.597045	-7976	16188
1470.647050	-7976	16188
1470.697055	-7976	16188
1470.747060	-7976	16188
1470.797065	-7976	16188
1470.847070	-7976	16188
1470.897075	-7976	16188
1470.947080	-7976	16188
1470.997085	-7976	16188
1471.047090	-7976	16188
1471.097095	-7976	16188
1471.147100	-7980	16188
1471.197105	-7984	16188
1471.247110	-8004	16188
1471.297115	-8048	16188
1471.347120	-8048	16188
1471.397125	-8140	16188
1471.447130	-8320	16188
1471.497135	-8780	16188
1471.547140	-9296	16188
1471.597145	-9444	16188
1471.647150	-9444	16188
1471.697155	-9444	16188
1471.747160	-9444	16188
1471.797165	-9444	16188
1471.847170	-9444	16188
1471.897175	-9444	16188
1471.947180	-9444	16188
1471.997185	-9444	16188
1472.047190	-9444	16188
1472.097195	-9444	16188
1472.147200	-9444	16188
1472.197205	-9444	16188
1472.247210	-9444	16188
1472.297215	-9444	16188
1472.347220	-9444	16188
1472.397225	-9444	16188
1472.447230	-9444	16188
1472.497235	-9444	16188
1472.547240	-9444	16188
1472.597245	-9444	16188
1472.647250	-9444	16188
1472.697255	-9444	16188
1472.747260	-9444	16188
1472.797265	-9424	16188
1472.847270	-9424	16188
1472.897275	-9416	16188
1472.947280	-9400	16188
1472.997285	-9400	16188
1473.047290	-9376	16188
1473.097295	-9376	16188
1473.147300	-9376	16188
1473.197305	-9368	16188
1473.247310	-9356	16188
1473.297315	-9344	16188
1473.347320	-9344	16188
1473.397325	-9344	16188
1473.447330	-9344	16188
1473.497335	-9344	16188
1473.547340	-9340	16188
1473.597345	-9340	16188
1473.647350	-9340	16188
1473.697355	-9340	16180
1473.747360	-9340	16180
1473.797365	-9340	16180
1473.847370	-9340	16180
1473.897375	-9340	16180
1473.947380	-9340	16180
1473.997385	-9340	16180
1474.047390	-9340	16180
1474.097395	-9340	16180
1474.147400	-9340	16180
1474.197405	-9340	16180
1474.247410	-9340	16180
1474.297415	-9340	16180
1474.347420	-9340	16180
1474.397425	-9340	16180
1474.447430	-9340	16180
1474.497435	-9340	16180
1474.547440	-9340	16180
1474.597445	-9340	16180
1474.647450	-9340	16180
1474.697455	-9340	16180
1474.747460	-9340	16180
1474.797465	-9340	16180
1474.847470	-9340	16180
1474.897475	-9340	16180
1474.947480	-9340	16180
1474.997485	-9340	16180
1475.047490	-9340	16180
1475.097495	-9340	16180
1475.147500	-9340	16180
1475.197505	-9340	16180
1475.247510	-9340	16180
1475.297515	-9340	16180
1475.347520	-9340	16180
1475.397525	-9340	16180
1475.447530	-9340	16180
1475.497535	-9340	16180
1475.547540	-9340	16180
1475.597545	-9340	16180
1475.647550	-9340	16180
1475.697555	-9340	16180
1475.747560	-9340	16180
1475.797565	-9340	16180
1475.847570	-9340	16180
1475.897575	-9340	16180
1475.947580	-9340	16180
1475.997585	-9340	16180
1476.047590	-9340	16180
1476.097595	-9340	16180
1476.147600	-9340	16180
1476.197605	-9340	16180
1476.247610	-9340	16180
1476.297615	-9340	16180
1476.347620	-9340	16180
1476.397625	-9340	16180
1476.447630	-9340	16180
1476.497635	-9340	16180
1476.547640	-9340	16180
1476.597645	-9340	16180
1476.647650	-9340	16180
1476.697655	-9340	16180
1476.747660	-9340	16180
1476.797665	-9340	16180
1476.847670	-9340	16180
1476.897675	-9340	16180
1476.947680	-9340	16180
1476.997685	-9340	16180
1477.047690	-9340	16180
1477.097695	-9340	16180
1477.147700	-9340	16180
1477.197705	-9340	16180
1477.247710	-9340	16180
1477.297715	-9340	16180
1477.347720	-9340	16180
1477.397725	-9340	16180
1477.447730	-9340	16180
1477.497735	-9340	16180
1477.547740	-9340	16180
1477.597745	-9340	16180
1477.647750	-9340	16180
1477.697755	-9340	16180
1477.747760	-9340	16180
1477.797765	-9340	16180
1477.847770	-9340	16180
1477.897775	-9340	16180
1477.947780	-9340	16180
1477.997785	-9340	16180
1478.047790	-9340	16180
1478.097795	-9340	16180
1478.147800	-9340	16180
1478.197805	-9340	16180
1478.247810	-9340	16180
1478.297815	-9340	16180
1478.347820	-9340	16180
1478.397825	-9340	16180
1478.447830	-9340	16180
1478.497835	-9340	16180
1478.547840	-9340	16180
1478.597845	-9340	16180
1478.647850	-9340	16180
1478.697855	-9340	16180
1478.747860	-9340	16180
1478.797865	-9340	16180
1478.847870	-9340	16180
1478.897875	-9340	16180
1478.947880	-9340	16180
1478.997885	-9340	16180
1479.047890	-9340	16180
1479.105896	-9340	16180
1479.147900	-9340	16180
1479.197905	-9340	16180
1479.247910	-9340	16180
1479.297915	-9340	16180
1479.347920	-9340	16180
1479.397925	-9340	16180
1479.447930	-9340	16180
1479.497935	-9340	16180
1479.547940	-9340	16180
1479.597945	-9340	16180
1479.647950	-9340	16180
1479.697955	-9340	16180
1479.747960	-9340	16180
1479.797965	-9340	16180
1479.847970	-9340	16180
1479.897975	-9340	16180
1479.947980	-9340	16180
1479.997985	-9340	16180
1480.047990	-9340	16180
1480.097995	-9340	16180
1480.148000	-9340	16180
1480.198005	-9340	16180
1480.248010	-9340	16180
1480.298015	-9340	16180
1480.348020	-9340	16180
1480.398025	-9340	16180
1480.448030	-9340	16180
1480.498033	-9340	16180
1480.548033	-9340	16180
1480.598033	-9340	16180
1480.648033	-9340	16180
1480.698033	-9340	16180
1480.748033	-9340	16180
1480.798033	-9340	16180
1480.848033	-9340	16180
1480.898033	-9340	16180
1480.948033	-9340	16176
1480.998033	-9340	16144
1481.048033	-9340	16144
1481.097033	-9340	16140
1481.147033	-9340	16140
1481.197033	-9340	16140
1481.247033	-9340	16140
1481.297033	-9340	16124
1481.347033	-9340	16124
1481.397033	-9340	16124
1481.447033	-9340	16092
1481.497033	-9340	16072
1481.547033	-9340	16072
1481.597033	-9340	16044
1481.647033	-9340	16024
1481.697033	-9340	16000
1481.747033	-9340	16000
1481.797033	-9340	16000
1481.847033	-9340	16000
1481.897033	-9340	16000
1481.947033	-9340	16000
1481.997033	-9340	15988
1482.047033	-9340	15988
1482.097033	-9340	15988
1482.147033	-9340	15988
1482.197033	-9340	15988
1482.247033	-9340	15988
1482.297033	-9340	15988
1482.347033	-9340	15988
1482.397033	-9340	15972
1482.447033	-9340	15972
1482.497033	-9340	15972
1482.547033	-9340	15972
1482.597033	-9340	15972
1482.647033	-9340	15972
1482.697033	-9340	15972
1482.747033	-9340	15972
1482.797033	-9340	15972
1482.847033	-9340	15972
1482.897033	-9340	15972
1482.947033	-9340	15968
1482.997033	-9340	15968
1483.047033	-9340	15968
1483.097033	-9340	15968
1483.147033	-9340	15968
1483.197033	-9340	15968
1483.247033	-9340	15968
1483.297033	-9340	15968
1483.347033	-9340	15968
1483.397033	-9340	15968
1483.447033	-9340	15968
1483.497033	-9340	15968
1483.547033	-9340	15968
1483.597033	-9340	15968
1483.647033	-9340	15968
1483.697033	-9340	15968
1483.747033	-9340	15968
1483.797033	-9340	15968
1483.847033	-9340	15968
1483.897033	-9340	15968
1483.947033	-9340	15968
1483.997033	-9340	15968
1484.047033	-9340	15968
1484.097033	-9340	15968
1484.147033	-9340	15968
1484.197033	-9340	15968
1484.247033	-9340	15968
1484.297033	-9340	15968
1484.347033	-9340	15968
1484.397033	-9340	15968
1484.447033	-9340	15968
1484.497033	-9340	15968
1484.547033	-9340	15968
1484.597033	-9340	15968
1484.647033	-9340	15968
1484.697033	-9340	15968
1484.747033	-9340	15968
1484.797033	-9340	15968
1484.847033	-9340	15968
1484.897033	-9340	15968
1484.947033	-9340	15968
1484.997033	-9340	15968
1485.047033	-9340	15968
1485.097033	-9340	15968
1485.147033	-9340	15968
1485.197033	-9340	15968
1485.247033	-9340	15968
1485.297033	-9340	15968
1485.347033	-9340	15968
1485.397033	-9340	15968
1485.447033	-9340	15968
1485.497033	-9340	15968
1485.547033	-9340	15968
1485.597033	-9340	15968
1485.647033	-9340	15968
1485.697033	-9340	15968
1485.747033	-9340	15968
1485.797033	-9340	15968
1485.847033	-9340	15968
1485.897033	-9340	15968
1485.947033	-9340	15968
1485.997033	-9340	15968
1486.047033	-9340	15968
1486.097033	-9340	15968
1486.147033	-9340	15968
1486.197033	-9340	15968
1486.247033	-9340	15968
1486.297033	-9340	15968
1486.347033	-9340	15968
1486.397033	-9340	15968
1486.447033	-9340	15968
1486.497033	-9340	15968
1486.547033	-9340	15968
1486.597033	-9340	15968
1486.647033	-9340	15968
1486.697033	-9340	15968
1486.747033	-9340	15968
1486.797033	-9340	15968
1486.847033	-9340	15968
1486.897033	-9340	15968
1486.947033	-9340	15968
1486.997033	-9340	15968
1487.047033	-9340	15968
1487.097033	-9340	15968
1487.147033	-9340	15968
1487.197033	-9340	15968
1487.247033	-9340	15968
1487.297033	-9340	15968
1487.347033	-9340	15968
1487.397033	-9340	15968
1487.447033	-9340	15968
1487.497033	-9340	15968
1487.547033	-9340	15968
1487.597033	-9340	15968
1487.647033	-9340	15968
1487.697033	-9340	15968
1487.747033	-9340	15968
1487.797033	-9340	15968
1487.847033	-9340	15968
1487.897033	-9340	15968
1487.947033	-9340	15968
1487.997033	-9340	15968
1488.047033	-9340	15968
1488.097033	-9340	15968
1488.147033	-9340	15968
1488.197033	-9340	15968
1488.247033	-9340	15968
1488.297033	-9340	15968
1488.347033	-9340	15968
1488.397033	-9340	15968
1488.447033	-9340	15968
1488.497033	-9340	15968
1488.547033	-9340	15968
1488.597033	-9340	15968
1488.647033	-9340	15968
1488.697033	-9340	15968
1488.747033	-9340	15968
1488.797033	-9340	15968
1488.847033	-9340	15968
1488.897033	-9340	15968
1488.947033	-9340	15968
1488.997033	-9340	15968
1489.047033	-9340	15968
1489.097033	-9340	15968
1489.147033	-9340	15968
1489.197033	-9340	15968
1489.247033	-9340	15968
1489.297033	-9340	15968
1489.347033	-9340	15968
1489.397033	-9340	15968
1489.447033	-9340	15968
1489.497033	-9340	15968
1489.547033	-9340	15968
1489.597033	-9340	15968
1489.647033	-9340	15968
1489.697033	-9340	15968
1489.747033	-9340	15968
1489.797033	-9340	15968
1489.847033	-9340	15968
1489.897033	-9340	15968
1489.947033	-9340	15968
1489.997033	-9340	15968
1490.047033	-9340	15968
1490.097033	-9340	15968
1490.147033	-9340	15968
1490.197033	-9340	15968
1490.247033	-9340	15968
1490.297033	-9340	15968
1490.347033	-9340	15968
1490.397033	-9340	15968
1490.447033	-9340	15968
1490.497033	-9340	15968
1490.547033	-9340	15968
1490.597033	-9340	15968
1490.647033	-9340	15968
1490.697033	-9340	15968
1490.747033	-9340	15968
1490.797033	-9340	15968
1490.847033	-9340	15968
1490.897033	-9340	15968
1490.947033	-9340	15968
1490.997033	-9340	15968
1491.047033	-9340	15968
1491.097033	-9340	15968
1491.147033	-9340	15968
1491.197033	-9340	15968
1491.247033	-9340	15968
1491.297033	-9340	15968
1491.347033	-9340	15968
1491.397033	-9340	15968
1491.447033	-9340	15968
1491.497033	-9340	15968
1491.547033	-9340	15968
1491.597033	-9340	15968
1491.647033	-9340	15968
1491.697033	-9340	15968
1491.747033	-9340	15968
1491.797033	-9340	15968
1491.847033	-9340	15968
1491.897033	-9340	15968
1491.947033	-9340	15968
1491.997033	-9340	15968
1492.047033	-9340	15968
1492.097033	-9340	15968
1492.147033	-9340	15968
1492.197033	-9340	15968
1492.247033	-9340	15968
1492.297033	-9340	15968
1492.347033	-9340	15968
1492.397033	-9340	15968
1492.447033	-9340	15968
1492.497033	-9340	15968
1492.547033	-9340	15968
1492.597033	-9340	15968
1492.647033	-9340	15968
1492.697033	-9340	15968
1492.747033	-9340	15968
1492.797033	-9340	15968
1492.847033	-9340	15968
1492.897033	-9340	15968
1492.947033	-9340	15968
1492.997033	-9340	15968
1493.047033	-9340	15968
1493.097033	-9340	15968
1493.147033	-9340	15968
1493.197033	-9340	15968
1493.247033	-9340	15968
1493.297033	-9340	15968
1493.347033	-9340	15960
1493.397033	-9340	15920
1493.447033	-9340	15880
1493.497033	-9340	15880
1493.547033	-9340	15848
1493.597033	-9340	15844
1493.647033	-9340	15792
1493.697033	-9340	15744
1493.747033	-9340	15728
1493.797033	-9340	15648
1493.847033	-9340	15632
1493.897033	-9340	15564
1493.947033	-9340	15520
1493.997033	-9340	15492
1494.047033	-9340	15416
1494.097033	-9340	15404
1494.147033	-9352	15380
1494.197033	-9352	15336
1494.247033	-9388	15336
1494.297033	-9388	15336
1494.347033	-9388	15328
1494.397033	-9388	15300
1494.447033	-9388	15292
1494.497033	-9388	15288
1494.547033	-9388	15264
1494.597033	-9388	15236
1494.647033	-9388	15220
1494.697033	-9388	15132
1494.747033	-9388	14964
1494.797033	-9392	14800
1494.847033	-9396	14696
1494.897033	-9396	14628
1494.947033	-9396	14472
1494.997033	-9396	14272
1495.047033	-9396	14000
1495.097033	-9268	13724
1495.147033	-9048	13468
1495.197033	-8904	13052
1495.247033	-8568	12620
1495.297033	-8040	12084
1495.347033	-7408	11448
1495.397033	-6660	10628
1495.447033	-5856	9832
1495.497033	-5024	9024
1495.547033	-4380	8308
1495.597033	-3844	7616
1495.647033	-3424	6832
1495.697033	-2864	5932
1495.747033	-2364	4836
1495.797033	-1688	3580
1495.847033	-1324	2572
1495.897033	-948	1712
1495.947033	0	668
1495.997033	0	0
1496.047033	0	0
1496.097033	0	0
1496.147033	0	0
1496.197033	0	0
1496.247033	0	0
1496.297033	0	0
1496.347033	0	0
1496.397033	0	0
1496.447033	0	0
1496.497033	0	0
1496.547033	0	0
1496.597033	0	0
1496.647033	0	0
1496.697033	0	0
1496.747033	0	0
1496.797033	0	0
1496.847033	0	0
1496.897033	0	0
1496.947033	0	0
1496.997033	0	0
1497.047033	0	0
1497.097033	0	0
1497.147033	0	0
1497.197033	0	0
1497.247033	0	0
1497.297033	0	0
1497.347033	0	0
1497.397033	0	0
1497.447033	0	0
1497.497033	0	0
1497.547033	0	0
1497.597033	0	0
1497.647033	0	0
1497.697033	0	0
1497.747033	0	0
1497.797033	0	0
1497.847033	0	0
1497.897033	0	0
1497.947033	0	0
1497.997033	0	0
1498.047033	0	0
1498.097033	0	0
1498.147033	0	0
1498.197033	0	0
1498.247033	0	0
1498.297033	0	0
1498.347033	0	0
1498.397033	0	0
1498.447033	0	0
1498.497033	0	0
1498.547033	0	0
1498.596033	0	0
1498.646033	0	0
1498.696033	0	0
1498.746033	0	0
1498.796033	0	0
1498.846033	0	0
1498.896033	0	0
1498.946033	0	0
1498.996033	0	0
1499.046033	0	0
1499.096033	0	0
1499.153033	0	0
1499.202033	0	0
1499.246033	0	0
1499.296033	0	0
1499.346033	0	0
1499.396033	0	0
1499.446033	0	0
1499.496033	0	0
1499.546033	0	0
1499.596033	0	0
1499.646033	0	0
1499.696033	0	0
1499.746033	0	0
1499.796033	0	0
1499.846033	0	0
1499.896033	0	0
1499.946033	0	0
1499.996033	0	0
1500.046033	0	0
1500.096033	0	0
1500.146033	0	0
1500.196033	0	0
1500.246033	0	0
1500.296033	0	0
1500.346033	0	0
1500.396033	0	0
1500.446033	0	0
1500.496033	0	0
1500.546033	0	0
1500.596033	0	0
1500.646033	0	0
1500.696033	0	0
1500.746033	0	0
1500.796033	0	0
1500.846033	0	0
1500.896033	0	0
1500.946033	0	0
1500.996033	0	0
1501.046033	0	0
1501.096033	0	0
1501.146033	0	0
1501.196033	0	0
1501.246033	0	0
1501.296033	0	0
1501.346033	0	0
1501.396033	0	0
1501.446033	0	0
1501.496033	0	0
1501.546033	0	0
1501.596033	0	0
1501.646033	0	0
1501.696033	0	0
1501.746033	0	0
1501.796033	0	0
1501.846033	0	0
1501.896033	0	0
1501.946033	0	0
1501.996033	0	0
1502.046033	0	0
1502.096033	0	0
1502.146033	0	0
1502.196033	0	0
1502.246033	0	0
1502.296033	0	0
1502.346033	0	0
1502.396033	0	0
1502.446033	0	0
1502.496033	0	0
1502.546033	0	0
1502.596033	0	0
1502.646033	0	0
1502.696033	0	0
1502.746033	0	0
1502.796033	0	0
1502.846033	0	0
1502.896033	0	0
1502.946033	0	0
1502.996033	0	0
1503.046033	0	0
1503.096033	0	0
1503.146033	0	0
1503.196033	0	0
1503.246033	0	0
1503.296033	0	0
1503.346033	0	0
1503.396033	0	0
1503.446033	0	0
1503.496033	0	0
1503.546033	0	0
1503.596033	0	0
1503.646033	0	0
1503.696033	0	0
1503.746033	0	0
1503.796033	0	0
1503.846033	0	0
1503.896033	0	0
1503.946033	0	0
1503.996033	0	0
1504.046033	0	0
1504.096033	0	0
1504.146033	0	0
1504.196033	0	0
1504.246033	0	0
1504.296033	0	0
1504.346033	0	0
1504.396033	0	0
1504.446033	0	0
1504.496033	0	0
1504.546033	0	0
1504.596033	0	0
1504.646033	0	0
1504.696033	0	0
1504.746033	0	0
1504.796033	0	0
1504.846033	0	0
1504.896033	0	0
1504.946033	0	0
1504.996033	0	0
1505.046033	0	0
1505.096033	0	0
1505.146033	0	0
1505.196033	0	0
1505.246033	0	0
1505.296033	0	0
1505.346033	0	0
1505.396033	0	0
1505.446033	0	0
1505.496033	0	0
1505.546033	0	0
1505.596033	0	0
1505.646033	0	0
1505.696033	0	0
1505.746033	0	0
1505.796033	0	0
1505.846033	0	0
1505.896033	0	0
1505.946033	0	0
1505.996033	0	0
1506.046033	0	0
1506.096033	0	0
1506.146033	0	0
1506.196033	0	0
1506.246033	0	0
1506.296033	0	0
1506.346033	0	0
1506.396033	0	0
1506.446033	0	0
1506.496033	0	0
1506.546033	0	0
1506.596033	0	0
1506.646033	0	0
1506.696033	0	0
1506.746033	0	0
1506.796033	0	0
1506.846033	0	0
1506.896033	0	0
1506.946033	0	0
1506.996033	0	0
1507.046033	0	0
1507.096033	0	0
1507.146033	0	0
1507.196033	0	0
1507.246033	0	0
1507.296033	0	0
1507.346033	0	0
1507.396033	0	0
1507.446033	0	0
1507.496033	0	0
1507.546033	0	0
1507.596033	0	0
1507.646033	0	0
1507.696033	0	0
1507.746033	0	0
1507.796033	0	0
1507.846033	0	0
1507.896033	0	0
1507.946033	0	0
1507.996033	0	0
1508.046033	0	0
1508.096033	0	0
1508.146033	0	0
1508.196033	0	0
1508.246033	0	0
1508.296033	0	0
1508.346033	0	0
1508.396033	0	0
1508.446033	0	0
1508.496033	0	0
1508.546033	0	0
1508.596033	0	0
1508.646033	0	0
1508.696033	0	0
1508.746033	0	0
1508.796033	0	0
1508.846033	0	0
1508.896033	0	0
1508.946033	0	0
1508.996033	0	0
1509.046033	0	0
1509.096033	0	0
1509.146033	0	0
1509.196033	0	0
1509.246033	0	0
1509.296033	0	0
1509.346033	0	0
1509.396033	0	0
1509.446033	0	0
1509.496033	0	0
1509.546033	0	0
1509.596033	0	0
1509.646033	0	0
1509.696033	0	0
1509.746033	0	0
1509.796033	0	0
1509.846033	0	0
1509.896033	0	0
1509.946033	0	0
1509.996033	0	0
1510.046033	0	0
1510.096033	0	0
1510.146033	0	0
1510.196033	0	0
1510.246033	0	0
1510.296033	0	0
1510.346033	0	0
1510.396033	0	0
1510.446033	0	0
1510.496033	0	0
1510.546033	0	0
1510.596033	0	0
1510.646033	0	0
1510.696033	0	0
1510.746033	0	0
1510.796033	0	0
1510.846033	0	0
1510.896033	0	0
1510.946033	0	0
1510.996033	0	0
1511.046033	0	0
1511.096033	0	0
1511.146033	0	0
1511.196033	0	0
1511.246033	0	0
1511.296033	0	0
1511.346033	0	0
1511.396033	0	0
1511.446033	0	0
1511.496033	0	0
1511.546033	0	0
1511.596033	0	0
1511.646033	0	0
1511.696033	0	0
1511.746033	0	0
1511.796033	0	0
1511.846033	0	0
1511.896033	0	0
1511.946033	0	0
1511.996033	0	0
1512.046033	0	0
1512.096033	0	0
1512.146033	0	0
1512.196033	0	0
1512.246033	0	0
1512.296033	0	0
1512.346033	0	0
1512.396033	0	0
1512.446033	0	0
1512.496033	0	0
1512.546033	0	0
1512.596033	0	0
1512.646033	0	0
1512.696033	0	0
1512.746033	0	0
1512.796033	0	0
1512.846033	0	0
1512.896033	0	0
1512.946033	0	0
1512.996033	0	0
1513.046033	0	0
1513.096033	0	0
1513.146033	0	0
1513.196033	0	0
1513.246033	0	0
1513.296033	0	0
1513.346033	0	0
1513.396033	0	0
1513.446033	0	0
1513.496033	0	0
1513.546033	0	0
1513.596033	0	0
1513.646033	0	0
1513.696033	0	0
1513.746033	0	0
1513.796033	0	0
1513.846033	0	0
1513.896033	0	0
1513.946033	0	0
1513.996033	0	0
1514.046033	0	0
1514.096033	0	0
1514.146033	0	0
1514.196033	0	0
1514.246033	0	0
1514.296033	0	0
1514.346033	0	0
1514.396033	0	0
1514.446033	0	0
1514.496033	0	0
1514.546033	0	0
1514.596033	0	0
1514.646033	0	0
1514.696033	0	0
1514.746033	0	0
1514.796033	0	0
1514.846033	0	0
1514.896033	0	0
1514.946033	0	0
1514.996033	0	0
1515.046033	0	0
1515.096033	0	0
1515.146033	0	0
1515.196033	0	0
1515.246033	0	0
1515.296033	0	0
1515.346033	0	0
1515.396033	0	0
1515.446033	0	0
1515.496033	0	0
1515.546033	0	0
1515.596033	0	0
1515.646033	0	0
1515.696033	0	0
1515.746033	0	0
1515.796033	0	0
1515.846033	0	0
1515.896033	0	0
1515.946033	0	0
1515.996033	0	0
1516.045033	0	0
1516.095033	0	0
1516.145033	0	0
1516.195033	0	0
1516.245033	0	0
1516.295033	0	0
1516.345033	0	0
1516.395033	0	0
1516.445033	0	0
1516.495033	0	0
1516.545033	0	0
1516.595033	0	0
1516.645033	0	0
1516.695033	0	0
1516.745033	0	0
1516.795033	0	0
1516.845033	0	0
1516.895033	0	0
1516.945033	0	0
1516.995033	0	0
1517.045033	0	0
1517.095033	0	0
1517.145033	0	0
1517.195033	0	0
1517.245033	0	0
1517.295033	0	0
1517.345033	0	0
1517.395033	0	0
1517.445033	0	0
1517.495033	0	0
1517.545033	0	0
1517.595033	0	0
1517.645033	0	0
1517.695033	0	0
1517.745033	0	0
1517.795033	0	0
1517.845033	0	0
1517.895033	0	0
1517.945033	0	0
1517.995033	0	0
1518.045033	0	0
1518.095033	0	0
1518.145033	0	0
1518.195033	0	0
1518.245033	0	0
1518.295033	0	0
1518.345033	0	0
1518.395033	0	0
1518.445033	0	0
1518.495033	0	0
1518.545033	0	0
1518.595033	0	0
1518.645033	0	0
1518.695033	0	0
1518.745033	0	0
1518.795033	0	0
1518.845033	0	0
1518.895033	0	0
1518.945033	0	0
1518.995033	0	0
1519.045033	0	0
1519.095033	0	0
1519.149033	0	0
1519.199033	0	0
1519.245033	0	0
1519.295033	0	0
1519.345033	0	0
1519.395033	0	0
1519.445033	0	0
1519.495033	0	0
1519.545033	0	0
1519.595033	0	0
1519.645033	0	0
1519.695033	0	0
1519.745033	0	0
1519.795033	0	0
1519.845033	0	0
1519.895033	0	0
1519.945033	0	0
1519.995033	0	0
1520.045033	0	0
1520.095033	0	0
1520.145033	0	0
1520.195033	0	0
1520.245033	0	0
1520.295033	0	0
1520.345033	0	0
1520.395033	0	0
1520.445033	0	0
1520.495033	0	0
1520.545033	0	0
1520.595033	0	0
1520.645033	0	0
1520.695033	0	0
1520.745033	0	0
1520.795033	0	0
1520.845033	0	0
1520.895033	0	0
1520.945033	0	0
1520.995033	0	0
1521.045033	0	0
1521.095033	0	0
1521.145033	0	0
1521.195033	0	0
1521.245033	0	0
1521.295033	0	0
1521.345033	0	0
1521.395033	0	0
1521.445033	0	0
1521.495033	0	0
1521.545033	0	0
1521.595033	0	0
1521.645033	0	0
1521.695033	0	0
1521.745033	0	0
1521.795033	0	0
1521.845033	0	0
1521.895033	0	0
1521.945033	0	0
1521.995033	0	0
1522.045033	0	0
1522.095033	0	0
1522.145033	0	0
1522.195033	0	0
1522.245033	0	0
1522.295033	0	0
1522.345033	0	0
1522.395033	0	0
1522.445033	0	0
1522.495033	0	0
1522.545033	0	0
1522.595033	0	0
1522.645033	0	0
1522.695033	0	0
1522.745033	0	0
1522.795033	0	0
1522.845033	0	0
1522.895033	0	0
1522.945033	0	0
1522.995033	0	0
1523.045033	0	0
1523.095033	0	0
1523.145033	0	0
1523.195033	0	0
1523.245033	0	0
1523.295033	0	0
1523.345033	0	0
1523.395033	0	0
1523.445033	0	0
1523.495033	0	0
1523.545033	0	0
1523.595033	0	0
1523.645033	0	0
1523.695033	0	0
1523.745033	0	0
1523.795033	0	0
1523.845033	0	0
1523.895033	0	0
1523.945033	0	0
1523.995033	0	0
1524.045033	0	0
1524.095033	0	0
1524.145033	0	0
1524.195033	0	0
1524.245033	0	0
1524.295033	0	0
1524.345033	0	0
1524.395033	0	0
1524.445033	0	0
1524.495033	0	0
1524.545033	0	0
1524.595033	0	0
1524.645033	0	0
1524.695033	0	0
1524.745033	0	0
1524.795033	0	0
1524.845033	0	0
1524.895033	0	0
1524.945033	0	0
1524.995033	0	0
1525.045033	0	0
1525.095033	0	0
1525.145033	0	0
1525.195033	0	0
1525.245033	0	0
1525.295033	0	0
1525.345033	0	0
1525.395033	0	0
1525.445033	0	0
1525.495033	0	0
1525.545033	0	0
1525.595033	0	0
1525.645033	0	0
1525.695033	0	0
1525.745033	0	0
1525.795033	0	0
1525.845033	0	0
1525.895033	0	0
1525.945033	0	0
1525.995033	0	0
1526.045033	0	0
1526.095033	0	0
1526.145033	0	0
1526.195033	0	0
1526.245033	0	0
1526.295033	0	0
1526.345033	0	0
1526.395033	0	0
1526.445033	0	0
1526.495033	0	0
1526.545033	0	0
1526.595033	0	0
1526.645033	0	0
1526.695033	0	0
1526.745033	0	0
1526.795033	0	0
1526.845033	0	0
1526.895033	0	0
1526.945033	0	0
1526.995033	0	0
1527.045033	0	0
1527.095033	0	0
1527.145033	0	0
1527.195033	0	0
1527.245033	0	0
1527.295033	0	0
1527.345033	0	0
1527.395033	0	0
1527.445033	0	0
1527.495033	0	0
1527.545033	0	0
1527.595033	0	0
1527.645033	0	0
1527.695033	0	0
1527.745033	0	0
1527.795033	0	0
1527.845033	0	0
1527.895033	0	0
1527.945033	0	0
1527.995033	0	0
1528.045033	0	0
1528.095033	0	0
1528.145033	0	0
1528.195033	0	0
1528.245033	0	0
1528.295033	0	0
1528.345033	0	0
1528.395033	0	0
1528.445033	0	0
1528.495033	0	0
1528.545033	0	0
1528.595033	0	0
1528.645033	0	0
1528.695033	0	0
1528.745033	0	0
1528.795033	0	0
1528.845033	0	0
1528.895033	0	0
1528.945033	0	0
1528.995033	0	0
1529.045033	0	0
1529.095033	0	0
1529.145033	0	0
1529.195033	0	0
1529.245033	0	0
1529.295033	0	0
1529.345033	0	0
1529.395033	0	0
1529.445033	0	0
1529.495033	0	0
1529.545033	0	0
1529.595033	0	0
1529.645033	0	0
1529.695033	0	0
1529.745033	0	0
1529.795033	0	0
1529.845033	0	0
1529.895033	0	0
1529.945033	0	0
1529.995033	0	0
1530.045033	0	0
1530.095033	0	0
1530.145033	0	0
1530.195033	0	0
1530.245033	0	0
1530.295033	0	0
1530.345033	0	0
1530.395033	0	0
1530.445033	0	0
1530.495033	0	0
1530.545033	0	0
1530.595033	0	0
1530.645033	0	0
1530.695033	0	0
1530.745033	0	0
1530.795033	0	0
1530.845033	0	0
1530.895033	0	0
1530.945033	0	0
1530.995033	0	0
1531.045033	0	0
1531.095033	0	0
1531.145033	0	0
1531.195033	0	0
1531.245033	0	0
1531.295033	0	0
1531.345033	0	0
1531.395033	0	0
1531.445033	0	0
1531.495033	0	0
1531.545033	0	0
1531.595033	0	0
1531.645033	0	0
1531.695033	0	0
1531.745033	0	0
1531.795033	0	0
1531.845033	0	0
1531.895033	0	0
1531.945033	0	0
1531.995033	0	0
1532.045033	0	0
1532.095033	0	0
1532.145033	0	0
1532.195033	0	0
1532.245033	0	0
1532.295033	0	0
1532.345033	0	0
1532.395033	0	0
1532.445033	0	0
1532.495033	0	0
1532.545033	0	0
1532.595033	0	0
1532.645033	0	0
1532.695033	0	0
1532.745033	0	0
1532.795033	0	0
1532.845033	0	0
1532.895033	0	0
1532.945033	0	0
1532.995033	0	0
1533.045033	0	0
1533.095033	0	0
1533.145033	0	0
1533.195033	0	0
1533.245033	0	0
1533.295033	0	0
1533.345033	0	0
1533.395033	0	0
1533.445033	0	0
1533.495033	0	0
1533.544033	0	0
1533.594033	0	0
1533.644033	0	0
1533.694033	0	0
1533.744033	0	0
1533.794033	0	0
1533.844033	0	0
1533.894033	0	0
1533.944033	0	0
1533.994033	0	0
1534.044033	0	0
1534.094033	0	0
1534.144033	0	0
1534.194033	0	0
1534.244033	0	0
1534.294033	0	0
1534.344033	0	0
1534.394033	0	0
1534.444033	0	0
1534.494033	0	0
1534.544033	0	0
1534.594033	0	0
1534.644033	0	0
1534.694033	0	0
1534.744033	0	0
1534.794033	0	0
1534.844033	0	0
1534.894033	0	0
1534.944033	0	0
1534.994033	0	0
1535.044033	0	0
1535.094033	0	0
1535.144033	0	0
1535.194033	0	0
1535.244033	0	0
1535.294033	0	0
1535.344033	0	0
1535.394033	0	0
1535.444033	0	0
1535.494033	0	0
1535.544033	0	0
1535.594033	0	0
1535.644033	0	0
1535.694033	0	0
1535.744033	0	0
1535.794033	0	0
1535.844033	0	0
1535.894033	0	0
1535.944033	0	0
1535.994033	0	0
1536.044033	0	0
1536.094033	0	0
1536.144033	0	0
1536.194033	0	0
1536.244033	0	0
1536.294033	0	0
1536.344033	0	0
1536.394033	0	0
1536.444033	0	0
1536.494033	0	0
1536.544033	0	0
1536.594033	0	0
1536.644033	0	0
1536.694033	0	0
1536.744033	0	0
1536.794033	0	0
1536.844033	0	0
1536.894033	0	0
1536.944033	0	0
1536.994033	0	0
1537.044033	0	0
1537.094033	0	0
1537.144033	0	0
1537.194033	0	0
1537.244033	0	0
1537.294033	0	0
1537.344033	0	0
1537.394033	0	0
1537.444033	0	0
1537.494033	0	0
1537.544033	0	0
1537.594033	0	0
1537.644033	0	0
1537.694033	0	0
1537.744033	0	0
1537.794033	0	0
1537.844033	0	0
1537.894033	0	0
1537.944033	0	0
1537.994033	0	0
1538.044033	0	0
1538.094033	0	0
1538.144033	0	0
1538.194033	0	0
1538.244033	0	0
1538.294033	0	0
1538.344033	0	0
1538.394033	0	0
1538.444033	0	0
1538.494033	0	0
1538.544033	0	0
1538.594033	0	0
1538.644033	0	0
1538.694033	0	0
1538.744033	0	0
1538.794033	0	0
1538.844033	0	0
1538.894033	0	0
1538.944033	0	0
1538.994033	0	0
1539.044033	0	0
1539.094033	0	0
1539.144033	0	0
1539.194033	0	0
1539.244033	0	0
1539.294033	0	0
1539.344033	0	0
1539.394033	0	0
1539.444033	0	0
1539.494033	0	0
1539.544033	0	0
1539.594033	0	0
1539.644033	0	0
1539.694033	0	0
1539.744033	0	0
1539.794033	0	0
1539.844033	0	0
1539.894033	0	0
1539.944033	0	0
1539.994033	0	0
1540.044033	0	0
1540.094033	0	0
1540.144033	0	0
1540.194033	0	0
1540.244033	0	0
1540.294033	0	0
1540.344033	0	0
1540.394033	0	0
1540.444033	0	0
1540.494033	0	0
1540.544033	0	0
1540.594033	0	0
1540.644033	0	0
1540.694033	0	0
1540.744033	0	0
1540.794033	0	0
1540.844033	0	0
1540.894033	0	0
1540.944033	0	0
1540.994033	0	0
1541.044033	0	0
1541.094033	0	0
1541.144033	0	0
1541.194033	0	0
1541.244033	0	0
1541.294033	0	0
1541.344033	0	0
1541.394033	0	0
1541.444033	0	0
1541.494033	0	0
1541.544033	0	0
1541.594033	0	0
1541.644033	0	0
1541.694033	0	0
1541.744033	0	0
1541.794033	0	0
1541.844033	0	0
1541.894033	0	0
1541.944033	0	0
1541.994033	0	0
1542.044033	0	0
1542.094033	0	0
1542.144033	0	0
1542.194033	0	0
1542.244033	0	0
1542.294033	0	0
1542.344033	0	0
1542.394033	0	0
1542.444033	0	0
1542.494033	0	0
1542.544033	0	0
1542.594033	0	0
1542.644033	0	0
1542.694033	0	0
1542.744033	0	0
1542.794033	0	0
1542.844033	0	0
1542.894033	0	0
1542.944033	0	0
1542.994033	0	0
1543.044033	0	0
1543.094033	0	0
1543.144033	0	0
1543.194033	0	0
1543.244033	0	0
1543.294033	0	0
1543.344033	0	0
1543.394033	0	0
1543.444033	0	0
1543.494033	0	0
1543.544033	0	0
1543.594033	0	0
1543.644033	0	0
1543.694033	0	0
1543.744033	0	0
1543.794033	0	0
1543.844033	0	0
1543.894033	0	0
1543.944033	0	0
1543.994033	0	0
1544.044033	0	0
1544.094033	0	0
1544.144033	0	0
1544.194033	0	0
1544.244033	0	0
1544.294033	0	0
1544.344033	0	0
1544.394033	0	0
1544.444033	0	0
1544.494033	0	0
1544.544033	0	0
1544.594033	0	0
1544.644033	0	0
1544.694033	0	0
1544.744033	0	0
1544.794033	0	0
1544.844033	0	0
1544.894033	0	0
1544.944033	0	0
1544.994033	0	0
1545.044033	0	0
1545.094033	0	0
1545.144033	0	0
1545.194033	0	0
1545.244033	0	0
1545.294033	0	0
1545.344033	0	0
1545.394033	0	0
1545.444033	0	0
1545.494033	0	0
1545.544033	0	0
1545.594033	0	0
1545.644033	0	0
1545.694033	0	0
1545.744033	0	0
1545.794033	0	0
1545.844033	0	0
1545.894033	0	0
1545.944033	0	0
1545.994033	0	0
1546.044033	0	0
1546.094033	0	0
1546.144033	0	0
1546.194033	0	0
1546.244033	0	0
1546.294033	0	0
1546.344033	0	0
1546.394033	0	0
1546.444033	0	0
1546.494033	0	0
1546.544033	0	0
1546.594033	0	0
1546.644033	0	0
1546.694033	0	0
1546.744033	0	0
1546.794033	0	0
1546.844033	0	0
1546.894033	0	0
1546.944033	0	0
1546.994033	0	0
1547.044033	0	0
1547.094033	0	0
1547.144033	0	0
1547.194033	0	0
1547.244033	0	0
1547.294033	0	0
1547.344033	0	0
1547.394033	0	0
1547.444033	0	0
1547.494033	0	0
1547.544033	0	0
1547.594033	0	0
1547.644033	0	0
1547.694033	0	0
1547.744033	0	0
1547.794033	0	0
1547.844033	0	0
1547.894033	0	0
1547.944033	0	0
1547.994033	0	0
1548.044033	0	0
1548.094033	0	0
1548.144033	0	0
1548.194033	0	0
1548.244033	0	0
1548.294033	0	0
1548.344033	0	0
1548.394033	0	0
1548.444033	0	0
1548.494033	0	0
1548.544033	0	0
1548.594033	0	0
1548.644033	0	0
1548.694033	0	0
1548.744033	0	0
1548.794033	0	0
1548.844033	0	0
1548.894033	0	0
1548.944033	0	0
1548.994033	0	0
1549.044033	0	0
1549.094033	0	0
1549.144033	0	0
1549.194033	0	0
1549.244033	0	0
1549.294033	0	0
1549.344033	0	0
1549.394033	0	0
1549.444033	0	0
1549.494033	0	0
1549.544033	0	0
1549.594033	0	0
1549.644033	0	0
1549.694033	0	0
1549.744033	0	0
1549.794033	0	0
1549.844033	0	0
1549.894033	0	0
1549.944033	0	0
1549.994033	0	0
1550.044033	0	0
1550.094033	0	0
1550.144033	0	0
1550.194033	0	0
1550.244033	0	0
1550.294033	0	0
1550.344033	0	0
1550.394033	0	0
1550.444033	0	0
1550.494033	0	0
1550.544033	0	0
1550.594033	0	0
1550.644033	0	0
1550.694033	0	0
1550.744033	0	0
1550.794033	0	0
1550.844033	0	0
1550.894033	0	0
1550.944033	0	0
1550.994033	0	0
1551.043033	0	0
1551.093033	0	0
1551.143033	0	0
1551.193033	0	0
1551.243033	0	0
1551.293033	0	0
1551.343033	0	0
1551.393033	0	0
1551.443033	0	0
1551.493033	0	0
1551.543033	0	0
1551.593033	0	0
1551.643033	0	0
1551.693033	0	0
1551.743033	0	0
1551.793033	0	0
1551.843033	0	0
1551.893033	0	0
1551.943033	0	0
1551.993033	0	0
1552.043033	0	0
1552.093033	0	0
1552.143033	0	0
1552.193033	0	0
1552.243033	0	0
1552.293033	0	0
1552.343033	0	0
1552.393033	0	0
1552.443033	0	0
1552.493033	0	0
1552.543033	0	0
1552.593033	0	0
1552.643033	0	0
1552.693033	0	0
1552.743033	0	0
1552.793033	0	0
1552.843033	0	0
1552.893033	0	0
1552.943033	0	0
1552.993033	0	0
1553.043033	0	0
1553.093033	0	0
1553.143033	0	0
1553.193033	0	0
1553.243033	0	0
1553.293033	0	0
1553.343033	0	0
1553.393033	0	0
1553.443033	0	0
1553.493033	0	0
1553.543033	0	0
1553.593033	0	0
1553.643033	0	0
1553.693033	0	0
1553.743033	0	0
1553.793033	0	0
1553.843033	0	0
1553.893033	0	0
1553.943033	0	0
1553.993033	0	0
1554.043033	0	0
1554.093033	0	0
1554.143033	0	0
1554.193033	0	0
1554.243033	0	0
1554.293033	0	0
1554.343033	0	0
1554.393033	0	0
1554.443033	0	0
1554.493033	0	0
1554.543033	0	0
1554.593033	0	0
1554.643033	0	0
1554.693033	0	0
1554.743033	0	0
1554.793033	0	0
1554.843033	0	0
1554.893033	0	0
1554.943033	0	0
1554.993033	0	0
1555.043033	0	0
1555.093033	0	0
1555.143033	0	0
1555.193033	0	0
1555.243033	0	0
1555.293033	0	0
1555.343033	0	0
1555.393033	0	0
1555.443033	0	0
1555.493033	0	0
1555.543033	0	0
1555.593033	0	0
1555.643033	0	0
1555.693033	0	0
1555.743033	0	0
1555.793033	0	0
1555.843033	0	0
1555.893033	0	0
1555.943033	0	0
1555.993033	0	0
1556.043033	0	0
1556.093033	0	0
1556.143033	0	0
1556.193033	0	0
1556.243033	0	0
1556.293033	0	0
1556.343033	0	0
1556.393033	0	0
1556.443033	0	0
1556.493033	0	0
1556.543033	0	0
1556.593033	0	0
1556.643033	0	0
1556.693033	0	0
1556.743033	0	0
1556.793033	0	0
1556.843033	0	0
1556.893033	0	0
1556.943033	0	0
1556.993033	0	0
1557.043033	0	0
1557.093033	0	0
1557.143033	0	0
1557.193033	0	0
1557.243033	0	0
1557.293033	0	0
1557.343033	0	0
1557.393033	0	0
1557.443033	0	0
1557.493033	0	0
1557.543033	0	0
1557.593033	0	0
1557.643033	0	0
1557.693033	0	0
1557.743033	0	0
1557.793033	0	0
1557.843033	0	0
1557.893033	0	0
1557.943033	0	0
1557.993033	0	0
1558.043033	0	0
1558.093033	0	0
1558.143033	0	0
1558.193033	0	0
1558.243033	0	0
1558.293033	0	0
1558.343033	0	0
1558.393033	0	0
1558.443033	0	0
1558.493033	0	0
1558.543033	0	0
1558.593033	0	0
1558.643033	0	0
1558.693033	0	0
1558.743033	0	0
1558.793033	0	0
1558.843033	0	0
1558.893033	0	0
1558.943033	0	0
1558.993033	0	0
1559.043033	0	0
1559.093033	0	0
1559.143033	0	0
1559.193033	0	0
1559.243033	0	0
1559.293033	0	0
1559.343033	0	0
1559.393033	0	0
1559.443033	0	0
1559.493033	0	0
1559.543033	0	0
1559.593033	0	0
1559.643033	0	0
1559.693033	0	0
1559.743033	0	0
1559.793033	0	0
1559.843033	0	0
1559.893033	0	0
1559.943033	0	0
1559.993033	0	0
1560.043033	0	0
1560.093033	0	0
1560.143033	0	0
1560.193033	0	0
1560.243033	0	0
1560.293033	0	0
1560.343033	0	0
1560.393033	0	0
1560.443033	0	0
1560.493033	0	0
1560.543033	0	0
1560.593033	0	0
1560.643033	0	0
1560.693033	0	0
1560.743033	0	0
1560.793033	0	0
1560.843033	0	0
1560.893033	0	0
1560.943033	0	0
1560.993033	0	0
1561.043033	0	0
1561.093033	0	0
1561.143033	0	0
1561.193033	0	0
1561.243033	0	0
1561.293033	0	0
1561.343033	0	0
1561.393033	0	0
1561.443033	0	0
1561.493033	0	0
1561.543033	0	0
1561.593033	0	0
1561.643033	0	0
1561.693033	0	0
1561.743033	0	0
1561.793033	0	0
1561.843033	0	0
1561.893033	0	0
1561.943033	0	0
1561.993033	0	0
1562.043033	0	0
1562.093033	0	0
1562.143033	0	0
1562.193033	0	0
1562.243033	0	0
1562.293033	0	0
1562.343033	0	0
1562.393033	0	0
1562.443033	0	0
1562.493033	0	0
1562.543033	0	0
1562.593033	0	0
1562.643033	0	0
1562.693033	0	0
1562.743033	0	0
1562.793033	0	0
1562.843033	0	0
1562.893033	0	0
1562.943033	0	0
1562.993033	0	0
1563.043033	0	0
1563.093033	0	0
1563.143033	0	0
1563.193033	0	0
1563.243033	0	0
1563.293033	0	0
1563.343033	0	0
1563.393033	0	0
1563.443033	0	0
1563.493033	0	0
1563.543033	0	0
1563.593033	0	0
1563.643033	0	0
1563.693033	0	0
1563.743033	0	0
1563.793033	0	0
1563.843033	0	0
1563.893033	0	0
1563.943033	0	0
1563.993033	0	0
1564.043033	0	0
1564.093033	0	0
1564.143033	0	0
1564.193033	0	0
1564.243033	0	0
1564.293033	0	0
1564.343033	0	0
1564.393033	0	0
1564.443033	0	0
1564.493033	0	0
1564.543033	0	0
1564.593033	0	0
1564.643033	0	0
1564.693033	0	0
1564.743033	0	0
1564.793033	0	0
1564.843033	0	0
1564.893033	0	0
1564.943033	0	0
1564.993033	0	0
1565.043033	0	0
1565.093033	0	0
1565.143033	0	0
1565.193033	0	0
1565.243033	0	0
1565.293033	0	0
1565.343033	0	0
1565.393033	0	0
1565.443033	0	0
1565.493033	0	0
1565.543033	0	0
1565.593033	0	0
1565.643033	0	0
1565.693033	0	0
1565.743033	0	0
1565.793033	0	0
1565.843033	0	0
1565.893033	0	0
1565.943033	0	0
1565.993033	0	0
1566.043033	0	0
1566.093033	0	0
1566.143033	0	0
1566.193033	0	0
1566.243033	0	0
1566.293033	0	0
1566.343033	0	0
1566.393033	0	0
1566.443033	0	0
1566.493033	0	0
1566.543033	0	0
1566.593033	0	0
1566.643033	0	0
1566.693033	0	0
1566.743033	0	0
1566.793033	0	0
1566.843033	0	0
1566.893033	0	0
1566.943033	0	0
1566.993033	0	0
1567.043033	0	0
1567.093033	0	0
1567.143033	0	0
1567.193033	0	0
1567.243033	0	0
1567.293033	0	0
1567.343033	0	0
1567.393033	0	0
1567.443033	0	0
1567.493033	0	0
1567.543033	0	0
1567.593033	0	0
1567.643033	0	0
1567.693033	0	0
1567.743033	0	0
1567.793033	0	0
1567.843033	0	0
1567.893033	0	0
1567.943033	0	0
1567.993033	0	0
1568.043033	0	0
1568.093033	0	0
1568.143033	0	0
1568.193033	0	0
1568.243033	0	0
1568.293033	0	0
1568.343033	0	0
1568.393033	0	0
1568.443033	0	0
1568.492033	0	0
1568.542033	0	0
1568.592033	0	0
1568.642033	0	0
1568.692033	0	0
1568.742033	0	0
1568.792033	0	0
1568.842033	0	0
1568.892033	0	0
1568.942033	0	0
1568.992033	0	0
1569.042033	0	0
1569.092033	0	0
1569.142033	0	0
1569.192033	0	0
1569.242033	0	0
1569.292033	0	0
1569.342033	0	0
1569.392033	0	0
1569.442033	0	0
1569.492033	0	0
1569.542033	0	0
1569.592033	0	0
1569.642033	0	0
1569.692033	0	0
1569.742033	0	0
1569.792033	0	0
1569.842033	0	0
1569.892033	0	0
1569.942033	0	0
1569.992033	0	0
1570.042033	0	0
1570.092033	0	0
1570.142033	0	0
1570.192033	0	0
1570.242033	0	0
1570.292033	0	0
1570.342033	0	0
1570.392033	0	0
1570.442033	0	0
1570.492033	0	0
1570.542033	0	0
1570.592033	0	0
1570.642033	0	0
1570.692033	0	0
1570.742033	0	0
1570.792033	0	0
1570.842033	0	0
1570.892033	0	0
1570.942033	0	0
1570.992033	0	0
1571.042033	0	0
1571.092033	0	0
1571.142033	0	0
1571.192033	0	0
1571.242033	0	0
1571.292033	0	0
1571.342033	0	0
1571.392033	0	0
1571.442033	0	0
1571.492033	0	0
1571.542033	0	0
1571.592033	0	0
1571.642033	0	0
1571.692033	0	0
1571.742033	0	0
1571.792033	0	0
1571.842033	0	0
1571.892033	0	0
1571.942033	0	0
1571.992033	0	0
1572.042033	0	0
1572.092033	0	0
1572.142033	0	0
1572.192033	0	0
1572.242033	0	0
1572.292033	0	0
1572.342033	0	0
1572.392033	0	0
1572.442033	0	0
1572.492033	0	0
1572.542033	0	0
1572.592033	0	0
1572.642033	0	0
1572.692033	0	0
1572.742033	0	0
1572.792033	0	0
1572.842033	0	0
1572.892033	0	0
1572.942033	0	0
1572.992033	0	0
1573.042033	0	0
1573.092033	0	0
1573.142033	0	0
1573.192033	0	0
1573.242033	0	0
1573.292033	0	0
1573.342033	0	0
1573.392033	0	0
1573.442033	0	0
1573.492033	0	0
1573.542033	0	0
1573.592033	0	0
1573.642033	0	0
1573.692033	0	0
1573.742033	0	0
1573.792033	0	0
1573.842033	0	0
1573.892033	0	0
1573.942033	0	0
1573.992033	0	0
1574.042033	0	0
1574.092033	0	0
1574.142033	0	0
1574.192033	0	0
1574.242033	0	0
1574.292033	0	0
1574.342033	0	0
1574.394033	0	0
1574.442033	0	0
1574.492033	0	0
1574.542033	0	0
1574.592033	0	0
1574.642033	0	0
1574.692033	0	0
1574.742033	0	0
1574.792033	0	0
1574.842033	0	0
1574.892033	0	0
1574.942033	0	0
1574.992033	0	0
1575.042033	0	0
1575.092033	0	0
1575.142033	0	0
1575.192033	0	0
1575.242033	0	0
1575.292033	0	0
1575.342033	0	0
1575.392033	0	0
1575.442033	0	0
1575.492033	0	0
1575.542033	0	0
1575.592033	0	0
1575.642033	0	0
1575.692033	0	0
1575.742033	0	0
1575.792033	0	0
1575.842033	0	0
1575.892033	0	0
1575.942033	0	0
1575.992033	0	0
1576.042033	0	0
1576.092033	0	0
1576.142033	0	0
1576.192033	0	0
1576.242033	0	0
1576.292033	0	0
1576.342033	0	0
1576.392033	0	0
1576.442033	0	0
1576.492033	0	0
1576.542033	0	0
1576.592033	0	0
1576.642033	0	0
1576.692033	0	0
1576.742033	0	0
1576.792033	0	0
1576.842033	0	0
1576.892033	0	0
1576.942033	0	0
1576.992033	0	0
1577.042033	0	0
1577.092033	0	0
1577.142033	0	0
1577.192033	0	0
1577.242033	0	0
1577.292033	0	0
1577.342033	0	0
1577.392033	0	0
1577.442033	0	0
1577.492033	0	0
1577.542033	0	0
1577.592033	0	0
1577.642033	0	0
1577.692033	0	0
1577.742033	0	0
1577.792033	0	0
1577.842033	0	0
1577.892033	0	0
1577.942033	0	0
1577.992033	0	0
1578.042033	0	0
1578.092033	0	0
1578.142033	0	0
1578.192033	0	0
1578.242033	0	0
1578.292033	0	0
1578.342033	0	0
1578.392033	0	0
1578.442033	0	0
1578.492033	0	0
1578.542033	0	0
1578.592033	0	0
1578.642033	0	0
1578.692033	0	0
1578.742033	0	0
1578.792033	0	0
1578.842033	0	0
1578.892033	0	0
1578.942033	0	0
1578.992033	0	0
1579.042033	0	0
1579.092033	0	0
1579.142033	0	0
1579.192033	0	0
1579.242033	0	0
1579.292033	0	0
1579.342033	0	0
1579.392033	0	0
1579.442033	0	0
1579.492033	0	0
1579.542033	0	0
1579.592033	0	0
1579.642033	0	0
1579.692033	0	0
1579.742033	0	0
1579.792033	0	0
1579.842033	0	0
1579.892033	0	0
1579.942033	0	0
1579.992033	0	0
1580.042033	0	0
1580.092033	0	0
1580.142033	0	0
1580.192033	0	0
1580.242033	0	0
1580.292033	0	0
1580.342033	0	0
1580.392033	0	0
1580.442033	0	0
1580.492033	0	0
1580.542033	0	0
1580.592033	0	0
1580.642033	0	0
1580.692033	0	0
1580.742033	0	0
1580.792033	0	0
1580.842033	0	0
1580.892033	0	0
1580.942033	0	0
1580.992033	0	0
1581.042033	0	0
1581.092033	0	0
1581.142033	0	0
1581.192033	0	0
1581.242033	0	0
1581.292033	0	0
1581.342033	0	0
1581.392033	0	0
1581.442033	0	0
1581.492033	0	0
1581.542033	0	0
1581.592033	0	0
1581.642033	0	0
1581.692033	0	0
1581.742033	0	0
1581.792033	0	0
1581.842033	0	0
1581.892033	0	0
1581.942033	0	0
1581.992033	0	0
1582.042033	0	0
1582.092033	0	0
1582.142033	0	0
1582.192033	0	0
1582.242033	0	0
1582.292033	0	0
1582.342033	0	0
1582.392033	0	0
1582.442033	0	0
1582.492033	0	0
1582.542033	0	0
1582.592033	0	0
1582.642033	0	0
1582.692033	0	0
1582.742033	0	0
1582.792033	0	0
1582.842033	0	0
1582.892033	0	0
1582.942033	0	0
1582.992033	0	0
1583.042033	0	0
1583.092033	0	0
1583.142033	0	0
1583.192033	0	0
1583.242033	0	0
1583.292033	0	0
1583.342033	0	0
1583.392033	0	0
1583.442033	0	0
1583.492033	0	0
1583.542033	0	0
1583.592033	0	0
1583.642033	0	0
1583.692033	0	0
1583.742033	0	0
1583.792033	0	0
1583.842033	0	0
1583.892033	0	0
1583.942033	0	0
1583.992033	0	0
1584.042033	0	0
1584.092033	0	0
1584.142033	0	0
1584.192033	0	0
1584.242033	0	0
1584.292033	0	0
1584.342033	0	0
1584.392033	0	0
1584.442033	0	0
1584.492033	0	0
1584.542033	0	0
1584.592033	0	0
1584.642033	0	0
1584.692033	0	0
1584.742033	0	0
1584.792033	0	0
1584.842033	0	0
1584.892033	0	0
1584.942033	0	0
1584.992033	0	0
1585.042033	0	0
1585.092033	0	0
1585.142033	0	0
1585.192033	0	0
1585.242033	0	0
1585.292033	0	0
1585.342033	0	0
1585.392033	0	0
1585.442033	0	0
1585.492033	0	0
1585.542033	0	0
1585.592033	0	0
1585.642033	0	0
1585.692033	0	0
1585.742033	0	0
1585.792033	0	0
1585.842033	0	0
1585.892033	0	0
1585.942033	0	0
1585.991033	0	0
1586.041033	0	0
1586.091033	0	0
1586.141033	0	0
1586.191033	0	0
1586.241033	0	0
1586.291033	0	0
1586.341033	0	0
1586.391033	0	0
1586.441033	0	0
1586.491033	0	0
1586.541033	0	0
1586.591033	0	0
1586.641033	0	0
1586.691033	0	0
1586.741033	0	0
1586.791033	0	0
1586.841033	0	0
1586.891033	0	0
1586.941033	0	0
1586.991033	0	0
1587.041033	0	0
1587.091033	0	0
1587.141033	0	0
1587.191033	0	0
1587.241033	0	0
1587.291033	0	0
1587.341033	0	0
1587.391033	0	0
1587.441033	0	0
1587.491033	0	0
1587.541033	0	0
1587.591033	0	0
1587.641033	0	0
1587.691033	0	0
1587.741033	0	0
1587.791033	0	0
1587.841033	0	0
1587.891033	0	0
1587.941033	0	0
1587.991033	0	0
1588.041033	0	0
1588.091033	0	0
1588.141033	0	0
1588.191033	0	0
1588.241033	0	0
1588.291033	0	0
1588.341033	0	0
1588.391033	0	0
1588.441033	0	0
1588.491033	0	0
1588.541033	0	0
1588.591033	0	0
1588.641033	0	0
1588.691033	0	0
1588.741033	0	0
1588.791033	0	0
1588.841033	0	0
1588.891033	0	0
1588.941033	0	0
1588.991033	0	0
1589.041033	0	0
1589.091033	0	0
1589.141033	0	0
1589.191033	0	0
1589.241033	0	0
1589.291033	0	0
1589.341033	0	0
1589.391033	0	0
1589.441033	0	0
1589.491033	0	0
1589.541033	0	0
1589.591033	0	0
1589.641033	0	0
1589.691033	0	0
1589.741033	0	0
1589.791033	0	0
1589.841033	0	0
1589.891033	0	0
1589.941033	0	0
1589.991033	0	0
1590.041033	0	0
1590.091033	0	0
1590.141033	0	0
1590.191033	0	0
1590.241033	0	0
1590.291033	0	0
1590.341033	0	0
1590.391033	0	0
1590.441033	0	0
1590.491033	0	0
1590.541033	0	0
1590.591033	0	0
1590.641033	0	0
1590.691033	0	0
1590.741033	0	0
1590.791033	0	0
1590.841033	0	0
1590.891033	0	0
1590.941033	0	0
1590.991033	0	0
1591.041033	0	0
1591.091033	0	0
1591.141033	0	0
1591.191033	0	0
1591.241033	0	0
1591.291033	0	0
1591.341033	0	0
1591.391033	0	0
1591.441033	0	0
1591.491033	0	0
1591.541033	0	0
1591.591033	0	0
1591.641033	0	0
1591.691033	0	0
1591.741033	0	0
1591.791033	0	0
1591.841033	0	0
1591.891033	0	0
1591.941033	0	0
1591.991033	0	0
1592.041033	0	0
1592.091033	0	0
1592.141033	0	0
1592.191033	0	0
1592.241033	0	0
1592.291033	0	0
1592.341033	0	0
1592.391033	0	0
1592.441033	0	0
1592.491033	0	0
1592.541033	0	0
1592.591033	0	0
1592.641033	0	0
1592.691033	0	0
1592.741033	0	0
1592.791033	0	0
1592.841033	0	0
1592.891033	0	0
1592.941033	0	0
1592.991033	0	0
1593.041033	0	0
1593.091033	0	0
1593.141033	0	0
1593.191033	0	0
1593.241033	0	0
1593.291033	0	0
1593.341033	0	0
1593.391033	0	0
1593.441033	0	0
1593.491033	0	0
1593.541033	0	0
1593.591033	0	0
1593.641033	0	0
1593.691033	0	0
1593.741033	0	0
1593.791033	0	0
1593.841033	0	0
1593.891033	0	0
1593.941033	0	0
1593.991033	0	0
1594.041033	0	0
1594.091033	0	0
1594.141033	0	0
1594.191033	0	0
1594.241033	0	0
1594.291033	0	0
1594.341033	0	0
1594.391033	0	0
1594.441033	0	0
1594.491033	0	0
1594.541033	0	0
1594.591033	0	0
1594.641033	0	0
1594.691033	0	0
1594.741033	0	0
1594.791033	0	0
1594.841033	0	0
1594.891033	0	0
1594.941033	0	0
1594.991033	0	0
1595.041033	0	0
1595.091033	0	0
1595.141033	0	0
1595.191033	0	0
1595.241033	0	0
1595.291033	0	0
1595.341033	0	0
1595.391033	0	0
1595.441033	0	0
1595.491033	0	0
1595.541033	0	0
1595.591033	0	0
1595.641033	0	0
1595.691033	0	0
1595.741033	0	0
1595.791033	0	0
1595.841033	0	0
1595.891033	0	0
1595.941033	0	0
1595.991033	0	0
1596.041033	0	0
1596.091033	0	0
1596.141033	0	0
1596.191033	0	0
1596.241033	0	0
1596.291033	0	0
1596.341033	0	0
1596.391033	0	0
1596.441033	0	0
1596.491033	0	0
1596.541033	0	0
1596.591033	0	0
1596.641033	0	0
1596.691033	0	0
1596.741033	0	0
1596.791033	0	0
1596.841033	0	0
1596.891033	0	0
1596.941033	0	0
1596.991033	0	0
1597.041033	0	0
1597.091033	0	0
1597.141033	0	0
1597.191033	0	0
1597.241033	0	0
1597.291033	0	0
1597.341033	0	0
1597.391033	0	0
1597.441033	0	0
1597.491033	0	0
1597.541033	0	0
1597.591033	0	0
1597.641033	0	0
1597.691033	0	0
1597.741033	0	0
1597.791033	0	0
1597.841033	0	0
1597.891033	0	0
1597.941033	0	0
1597.991033	0	0
1598.041033	0	0
1598.091033	0	0
1598.141033	0	0
1598.191033	0	0
1598.241033	0	0
1598.291033	0	0
1598.341033	0	0
1598.391033	0	0
1598.441033	0	0
1598.491033	0	0
1598.541033	0	0
1598.591033	0	0
1598.641033	0	0
1598.691033	0	0
1598.741033	0	0
1598.791033	0	0
1598.841033	0	0
1598.891033	0	0
1598.941033	0	0
1598.991033	0	0
1599.041033	0	0
1599.091033	0	0
1599.141033	0	0
1599.191033	0	0
1599.241033	0	0
1599.291033	0	0
1599.341033	0	0
1599.391033	0	0
1599.441033	0	0
1599.491033	0	0
1599.541033	0	0
1599.591033	0	0
1599.641033	0	0
1599.691033	0	0
1599.741033	0	0
1599.791033	0	0
1599.841033	0	0
1599.891033	0	0
1599.941033	0	0
1599.991033	0	0
1600.041033	0	0
1600.091033	0	0
1600.141033	0	0
1600.191033	0	0
1600.241033	0	0
1600.291033	0	0
1600.341033	0	0
1600.391033	0	0
1600.441033	0	0
1600.491033	0	0
1600.541033	0	0
1600.591033	0	0
1600.641033	0	0
1600.691033	0	0
1600.741033	0	0
1600.791033	0	0
1600.841033	0	0
1600.891033	0	0
1600.941033	0	0
1600.991033	0	0
1601.041033	0	0
1601.091033	0	0
1601.141033	0	0
1601.191033	0	0
1601.241033	0	0
1601.291033	0	0
1601.341033	0	0
1601.391033	0	0
1601.441033	0	0
1601.491033	0	0
1601.541033	0	0
1601.591033	0	0
1601.641033	0	0
1601.691033	0	0
1601.741033	0	0
1601.791033	0	0
1601.841033	0	0
1601.891033	0	0
1601.941033	0	0
1601.991033	0	0
1602.041033	0	0
1602.091033	0	0
1602.141033	0	0
1602.191033	0	0
1602.241033	0	0
1602.291033	0	0
1602.341033	0	0
1602.391033	0	0
1602.441033	0	0
1602.491033	0	0
1602.541033	0	0
1602.591033	0	0
1602.641033	0	0
1602.691033	0	0
1602.741033	0	0
1602.791033	0	0
1602.841033	0	0
1602.891033	0	0
1602.941033	0	0
1602.991033	0	0
1603.041033	0	0
1603.091033	0	0
1603.141033	0	0
1603.191033	0	0
1603.241033	0	0
1603.291033	0	0
1603.341033	0	0
1603.391033	0	0
1603.441033	0	0
1603.490033	0	0
1603.540033	0	0
1603.590033	0	0
1603.640033	0	0
1603.690033	0	0
1603.740033	0	0
1603.790033	0	0
1603.840033	0	0
1603.890033	0	0
1603.940033	0	0
1603.990033	0	0
1604.040033	0	0
1604.090033	0	0
1604.140033	0	0
1604.190033	0	0
1604.240033	0	0
1604.290033	0	0
1604.340033	0	0
1604.390033	0	0
1604.440033	0	0
1604.490033	0	0
1604.540033	0	0
1604.590033	0	0
1604.640033	0	0
1604.690033	0	0
1604.740033	0	0
1604.790033	0	0
1604.840033	0	0
1604.890033	0	0
1604.940033	0	0
1604.990033	0	0
1605.040033	0	0
1605.090033	0	0
1605.140033	0	0
1605.190033	0	0
1605.240033	0	0
1605.290033	0	0
1605.340033	0	0
1605.390033	0	0
1605.440033	0	0
1605.490033	0	0
1605.540033	0	0
1605.590033	0	0
1605.640033	0	0
1605.690033	0	0
1605.740033	0	0
1605.790033	0	0
1605.840033	0	0
1605.890033	0	0
1605.940033	0	0
1605.990033	0	0
1606.040033	0	0
1606.090033	0	0
1606.140033	0	0
1606.190033	0	0
1606.240033	0	0
1606.290033	0	0
1606.340033	0	0
1606.390033	0	0
1606.440033	0	0
1606.490033	0	0
1606.540033	0	0
1606.590033	0	0
1606.640033	0	0
1606.690033	0	0
1606.740033	0	0
1606.790033	0	0
1606.840033	0	0
1606.890033	0	0
1606.940033	0	0
1606.990033	0	0
1607.040033	0	0
1607.090033	0	0
1607.140033	0	0
1607.190033	0	0
1607.240033	0	0
1607.290033	0	0
1607.340033	0	0
1607.390033	0	0
1607.440033	0	0
1607.490033	0	0
1607.540033	0	0
1607.590033	0	0
1607.640033	0	0
1607.690033	0	0
1607.740033	0	0
1607.790033	0	0
1607.840033	0	0
1607.890033	0	0
1607.940033	0	0
1607.990033	0	0
1608.040033	0	0
1608.090033	0	0
1608.140033	0	0
1608.190033	0	0
1608.240033	0	0
1608.290033	0	0
1608.340033	0	0
1608.390033	0	0
1608.440033	0	0
1608.490033	0	0
1608.540033	0	0
1608.590033	0	0
1608.640033	0	0
1608.690033	0	0
1608.740033	0	0
1608.790033	0	0
1608.840033	0	0
1608.890033	0	0
1608.940033	0	0
1608.990033	0	0
1609.040033	0	0
1609.090033	0	0
1609.140033	0	0
1609.190033	0	0
1609.240033	0	0
1609.290033	0	0
1609.340033	0	0
1609.390033	0	0
1609.440033	0	0
1609.490033	0	0
1609.540033	0	0
1609.590033	0	0
1609.640033	0	0
1609.690033	0	0
1609.740033	0	0
1609.790033	0	0
1609.840033	0	0
1609.890033	0	0
1609.940033	0	0
1609.990033	0	0
1610.040033	0	0
1610.090033	0	0
1610.140033	0	0
1610.190033	0	0
1610.240033	0	0
1610.290033	0	0
1610.340033	0	0
1610.390033	0	0
1610.440033	0	0
1610.490033	0	0
1610.540033	0	0
1610.590033	0	0
1610.640033	0	0
1610.690033	0	0
1610.740033	0	0
1610.790033	0	0
1610.840033	0	0
1610.890033	0	0
1610.940033	0	0
1610.990033	0	0
1611.040033	0	0
1611.090033	0	0
1611.140033	0	0
1611.190033	0	0
1611.240033	0	0
1611.290033	0	0
1611.340033	0	0
1611.390033	0	0
1611.440033	0	0
1611.490033	0	0
1611.540033	0	0
1611.590033	0	0
1611.640033	0	0
1611.690033	0	0
1611.740033	0	0
1611.790033	0	0
1611.840033	0	0
1611.890033	0	0
1611.940033	0	0
1611.990033	0	0
1612.040033	0	0
1612.090033	0	0
1612.140033	0	0
1612.190033	0	0
1612.240033	0	0
1612.290033	0	0
1612.340033	0	0
1612.390033	0	0
1612.440033	0	0
1612.490033	0	0
1612.540033	0	0
1612.590033	0	0
1612.640033	0	0
1612.690033	0	0
1612.740033	0	0
1612.790033	0	0
1612.840033	0	0
1612.890033	0	0
1612.940033	0	0
1612.990033	0	0
1613.040033	0	0
1613.090033	0	0
1613.140033	0	0
1613.190033	0	0
1613.240033	0	0
1613.290033	0	0
1613.340033	0	0
1613.390033	0	0
1613.440033	0	0
1613.490033	0	0
1613.540033	0	0
1613.590033	0	0
1613.640033	0	0
1613.690033	0	0
1613.740033	0	0
1613.790033	0	0
1613.840033	0	0
1613.890033	0	0
1613.940033	0	0
1613.990033	0	0
1614.040033	0	0
1614.090033	0	0
1614.140033	0	0
1614.190033	0	0
1614.240033	0	0
1614.290033	0	0
1614.340033	0	0
1614.390033	0	0
1614.440033	0	0
1614.490033	0	0
1614.540033	0	0
1614.590033	0	0
1614.640033	0	0
1614.690033	0	0
1614.740033	0	0
1614.790033	0	0
1614.840033	0	0
1614.890033	0	0
1614.940033	0	0
1614.990033	0	0
1615.040033	0	0
1615.090033	0	0
1615.140033	0	0
1615.190033	0	0
1615.240033	0	0
1615.290033	0	0
1615.340033	0	0
1615.390033	0	0
1615.440033	0	0
1615.490033	0	0
1615.540033	0	0
1615.590033	0	0
1615.640033	0	0
1615.690033	0	0
1615.740033	0	0
1615.790033	0	0
1615.840033	0	0
1615.890033	0	0
1615.940033	0	0
1615.990033	0	0
1616.040033	0	0
1616.090033	0	0
1616.140033	0	0
1616.190033	0	0
1616.240033	0	0
1616.290033	0	0
1616.340033	0	0
1616.390033	0	0
1616.440033	0	0
1616.490033	0	0
1616.540033	0	0
1616.590033	0	0
1616.640033	0	0
1616.690033	0	0
1616.740033	0	0
1616.790033	0	0
1616.840033	0	0
1616.890033	0	0
1616.940033	0	0
1616.990033	0	0
1617.040033	0	0
1617.090033	0	0
1617.140033	0	0
1617.190033	0	0
1617.240033	0	0
1617.290033	0	0
1617.340033	0	0
1617.390033	0	0
1617.440033	0	0
1617.490033	0	0
1617.540033	0	0
1617.590033	0	0
1617.640033	0	0
1617.690033	0	0
1617.740033	0	0
1617.790033	0	0
1617.840033	0	0
1617.890033	0	0
1617.940033	0	0
1617.990033	0	0
1618.040033	0	0
1618.090033	0	0
1618.140033	0	0
1618.190033	0	0
1618.240033	0	0
1618.290033	0	0
1618.340033	0	0
1618.390033	0	0
1618.440033	0	0
1618.490033	0	0
1618.540033	0	0
1618.590033	0	0
1618.640033	0	0
1618.690033	0	0
1618.740033	0	0
1618.790033	0	0
1618.840033	0	0
1618.890033	0	0
1618.940033	0	0
1618.990033	0	0
1619.040033	0	0
1619.090033	0	0
1619.140033	0	0
1619.190033	0	0
1619.240033	0	0
1619.290033	0	0
1619.340033	0	0
1619.390033	0	0
1619.440033	0	0
1619.490033	0	0
1619.540033	0	0
1619.590033	0	0
1619.640033	0	0
1619.690033	0	0
1619.740033	0	0
1619.790033	0	0
1619.840033	0	0
1619.890033	0	0
1619.940033	0	0
1619.990033	0	0
1620.040033	0	0
1620.090033	0	0
1620.140033	0	0
1620.190033	0	0
1620.240033	0	0
1620.290033	0	0
1620.340033	0	0
1620.390033	0	0
1620.440033	0	0
1620.490033	0	0
1620.540033	0	0
1620.590033	0	0
1620.640033	0	0
1620.690033	0	0
1620.740033	0	0
1620.790033	0	0
1620.840033	0	0
1620.890033	0	0
1620.939033	0	0
1620.989033	0	0
1621.039033	0	0
1621.089033	0	0
1621.139033	0	0
1621.189033	0	0
1621.239033	0	0
1621.289033	0	0
1621.339033	0	0
1621.389033	0	0
1621.439033	0	0
1621.489033	0	0
1621.539033	0	0
1621.589033	0	0
1621.639033	0	0
1621.689033	0	0
1621.739033	0	0
1621.789033	0	0
1621.839033	0	0
1621.889033	0	0
1621.939033	0	0
1621.989033	0	0
1622.039033	0	0
1622.089033	0	0
1622.139033	0	0
1622.189033	0	0
1622.239033	0	0
1622.289033	0	0
1622.339033	0	0
1622.389033	0	0
1622.439033	0	0
1622.489033	0	0
1622.539033	0	0
1622.589033	0	0
1622.639033	0	0
1622.689033	0	0
1622.739033	0	0
1622.789033	0	0
1622.839033	0	0
1622.889033	0	0
1622.939033	0	0
1622.989033	0	0
1623.039033	0	0
1623.089033	0	0
1623.139033	0	0
1623.189033	0	0
1623.239033	0	0
1623.289033	0	0
1623.339033	0	0
1623.389033	0	0
1623.439033	0	0
1623.489033	0	0
1623.539033	0	0
1623.589033	0	0
1623.639033	0	0
1623.689033	0	0
1623.739033	0	0
1623.789033	0	0
1623.839033	0	0
1623.889033	0	0
1623.939033	0	0
1623.989033	0	0
1624.039033	0	0
1624.089033	0	0
1624.139033	0	0
1624.189033	0	0
1624.239033	0	0
1624.289033	0	0
1624.339033	0	0
1624.389033	0	0
1624.439033	0	0
1624.489033	0	0
1624.539033	0	0
1624.589033	0	0
1624.639033	0	0
1624.689033	0	0
1624.739033	0	0
1624.789033	0	0
1624.839033	0	0
1624.889033	0	0
1624.939033	0	0
1624.989033	0	0
1625.039033	0	0
1625.089033	0	0
1625.139033	0	0
1625.189033	0	0
1625.239033	0	0
1625.289033	0	0
1625.339033	0	0
1625.389033	0	0
1625.439033	0	0
1625.489033	0	0
1625.539033	0	0
1625.589033	0	0
1625.639033	0	0
1625.689033	0	0
1625.739033	0	0
1625.789033	0	0
1625.839033	0	0
1625.889033	0	0
1625.939033	0	0
1625.989033	0	0
1626.039033	0	0
1626.089033	0	0
1626.139033	0	0
1626.189033	0	0
1626.239033	0	0
1626.289033	0	0
1626.339033	0	0
1626.389033	0	0
1626.439033	0	0
1626.489033	0	0
1626.539033	0	0
1626.589033	0	0
1626.639033	0	0
1626.689033	0	0
1626.739033	0	0
1626.789033	0	0
1626.839033	0	0
1626.889033	0	0
1626.939033	0	0
1626.989033	0	0
1627.039033	0	0
1627.089033	0	0
1627.139033	0	0
1627.189033	0	0
1627.239033	0	0
1627.289033	0	0
1627.339033	0	0
1627.389033	0	0
1627.439033	0	0
1627.489033	0	-101
1627.539033	0	-405
1627.589033	0	-533
1627.639033	0	-613
1627.689033	0	-613
1627.739033	0	-613
1627.789033	0	-613
1627.839033	0	-613
1627.889033	0	-673
1627.939033	0	-673
1627.989033	0	-673
1628.039033	0	-673
1628.089033	0	-673
1628.139033	0	-673
1628.189033	0	-673
1628.239033	0	-673
1628.289033	0	-673
1628.339033	0	-673
1628.389033	0	-673
1628.439033	0	-673
1628.489033	0	-693
1628.539033	0	-905
1628.589033	0	-1505
1628.639033	9	-1861
1628.689033	9	-2097
1628.739033	9	-2221
1628.789033	9	-2449
1628.839033	9	-2481
1628.889033	9	-2481
1628.939033	9	-2653
1628.989033	9	-2789
1629.039033	9	-2901
1629.089033	9	-3013
1629.139033	9	-3013
1629.189033	9	-3057
1629.239033	9	-3109
1629.289033	9	-3317
1629.339033	9	-3721
1629.389033	9	-4145
1629.439033	9	-4297
1629.489033	9	-4297
1629.539033	9	-4297
1629.589033	9	-4297
1629.639033	9	-4297
1629.689033	9	-4297
1629.739033	9	-4297
1629.789033	9	-4365
1629.839033	9	-4429
1629.889033	9	-4553
1629.939033	9	-4553
1629.989033	9	-4553
1630.039033	9	-4661
1630.089033	9	-4773
1630.139033	9	-4929
1630.189033	9	-5077
1630.239033	9	-5137
1630.289033	9	-5229
1630.339033	9	-5389
1630.389033	9	-5554
1630.439033	5	-5642
1630.489033	5	-5734
1630.539033	-20	-5834
1630.589033	-40	-5914
1630.639033	-56	-5914
1630.689033	-56	-5934
1630.739033	-56	-6034
1630.789033	-60	-6118
1630.839033	-60	-6298
1630.889033	-60	-6562
1630.939033	-60	-6838
1630.989033	-60	-7366
1631.039033	-60	-7554
1631.089033	-60	-7670
1631.139033	-60	-7670
1631.189033	-60	-7722
1631.239033	-40	-7782
1631.289033	57	-7902
1631.339033	237	-8058
1631.389033	313	-8294
1631.439033	385	-8426
1631.489033	457	-8426
1631.539033	457	-8426
1631.589033	457	-8426
1631.639033	457	-8426
1631.689033	457	-8426
1631.739033	457	-8426
1631.789033	457	-8426
1631.839033	457	-8426
1631.889033	457	-8426
1631.939033	457	-8426
1631.989033	457	-8426
1632.039033	457	-8426
1632.089033	457	-8426
1632.139033	457	-8418
1632.189033	457	-8418
1632.239033	457	-8418
1632.289033	457	-8418
1632.339033	457	-8418
1632.389033	457	-8418
1632.439033	457	-8418
1632.489033	457	-8418
1632.539033	457	-8418
1632.589033	457	-8418
1632.639033	457	-8418
1632.689033	457	-8490
1632.739033	457	-8550
1632.789033	457	-8626
1632.839033	457	-8714
1632.889033	457	-8738
1632.939033	457	-8750
1632.989033	457	-8762
1633.039033	457	-8762
1633.089033	457	-8762
1633.139033	457	-8762
1633.189033	457	-8762
1633.239033	457	-8762
1633.289033	457	-8762
1633.339033	457	-8762
1633.389033	457	-8762
1633.439033	457	-8762
1633.489033	457	-8762
1633.539033	457	-8762
1633.589033	457	-8762
1633.639033	457	-8762
1633.689033	457	-8762
1633.739033	457	-8762
1633.789033	457	-8762
1633.839033	457	-8762
1633.889033	457	-8762
1633.939033	457	-8762
1633.989033	457	-8762
1634.039033	457	-8762
1634.089033	457	-8762
1634.139033	457	-8762
1634.189033	457	-8762
1634.239033	457	-8762
1634.289033	457	-8762
1634.339033	457	-8762
1634.389033	457	-8762
1634.439033	457	-8762
1634.489033	457	-8762
1634.539033	457	-8762
1634.589033	457	-8762
1634.639033	457	-8762
1634.689033	457	-8762
1634.739033	457	-8762
1634.789033	457	-8762
1634.839033	457	-8762
1634.889033	457	-8762
1634.939033	457	-8762
1634.989033	457	-8762
1635.039033	457	-8762
1635.095033	457	-8762
1635.139033	457	-8762
1635.189033	457	-8762
1635.239033	457	-8762
1635.289033	457	-8762
1635.339033	457	-8762
1635.389033	457	-8762
1635.439033	457	-8762
1635.489033	457	-8762
1635.539033	457	-8762
1635.589033	457	-8762
1635.639033	457	-8762
1635.689033	457	-8762
1635.739033	457	-8762
1635.789033	457	-8762
1635.839033	457	-8762
1635.889033	457	-8762
1635.939033	457	-8762
1635.989033	457	-8762
1636.039033	457	-8762
1636.089033	457	-8762
1636.139033	457	-8762
1636.189033	457	-8762
1636.239033	457	-8762
1636.289033	457	-8762
1636.339033	457	-8762
1636.389033	457	-8762
1636.439033	457	-8762
1636.489033	457	-8762
1636.539033	457	-8762
1636.589033	457	-8762
1636.639033	457	-8762
1636.689033	457	-8762
1636.739033	457	-8762
1636.789033	457	-8762
1636.839033	457	-8762
1636.889033	457	-8762
1636.939033	457	-8762
1636.989033	457	-8762
1637.039033	457	-8762
1637.089033	457	-8762
1637.139033	457	-8762
1637.189033	457	-8762
1637.239033	457	-8762
1637.289033	457	-8762
1637.339033	457	-8762
1637.389033	457	-8762
1637.439033	457	-8762
1637.489033	457	-8762
1637.539033	457	-8762
1637.589033	457	-8762
1637.639033	457	-8762
1637.689033	457	-8762
1637.739033	457	-8762
1637.789033	457	-8762
1637.839033	457	-8762
1637.889033	457	-8762
1637.939033	457	-8762
1637.989033	457	-8762
1638.039033	457	-8762
1638.089033	457	-8762
1638.139033	457	-8762
1638.189033	457	-8762
1638.239033	457	-8762
1638.289033	457	-8762
1638.339033	457	-8762
1638.389033	457	-8762
1638.438033	457	-8762
1638.488033	457	-8762
1638.538033	457	-8762
1638.588033	457	-8762
1638.638033	457	-8762
1638.688033	457	-8762
1638.738033	457	-8762
1638.788033	457	-8762
1638.838033	457	-8762
1638.888033	457	-8762
1638.938033	457	-8762
1638.988033	457	-8762
1639.038033	457	-8762
1639.088033	457	-8762
1639.138033	457	-8762
1639.188033	457	-8762
1639.238033	457	-8762
1639.288033	457	-8762
1639.338033	457	-8762
1639.388033	457	-8762
1639.438033	457	-8762
1639.488033	457	-8762
1639.538033	457	-8762
1639.588033	457	-8762
1639.638033	457	-8762
1639.688033	457	-8762
1639.738033	457	-8762
1639.788033	457	-8762
1639.838033	457	-8762
1639.888033	457	-8762
1639.938033	457	-8762
1639.988033	457	-8762
1640.038033	457	-8762
1640.088033	457	-8762
1640.138033	457	-8762
1640.188033	457	-8762
1640.238033	457	-8762
1640.288033	457	-8762
1640.338033	457	-8762
1640.388033	457	-8762
1640.438033	457	-8762
1640.488033	457	-8762
1640.538033	457	-8762
1640.588033	457	-8762
1640.638033	457	-8762
1640.688033	457	-8762
1640.738033	457	-8762
1640.788033	457	-8762
1640.838033	457	-8762
1640.888033	457	-8762
1640.938033	457	-8762
1640.988033	457	-8762
1641.038033	457	-8762
1641.088033	457	-8762
1641.138033	457	-8762
1641.188033	457	-8762
1641.238033	457	-8762
1641.288033	457	-8762
1641.338033	457	-8762
1641.388033	457	-8762
1641.438033	457	-8762
1641.488033	457	-8762
1641.538033	457	-8762
1641.588033	457	-8762
1641.638033	457	-8762
1641.688033	457	-8762
1641.738033	457	-8762
1641.788033	457	-8762
1641.838033	457	-8762
1641.888033	457	-8762
1641.938033	457	-8762
1641.988033	457	-8762
1642.038033	457	-8762
1642.088033	457	-8762
1642.138033	457	-8762
1642.188033	457	-8762
1642.238033	457	-8762
1642.288033	457	-8762
1642.338033	457	-8762
1642.388033	457	-8762
1642.438033	457	-8762
1642.488033	457	-8762
1642.538033	457	-8762
1642.588033	457	-8762
1642.638033	457	-8762
1642.688033	457	-8762
1642.738033	457	-8762
1642.788033	457	-8762
1642.838033	457	-8762
1642.888033	457	-8762
1642.938033	457	-8762
1642.988033	457	-8762
1643.038033	457	-8762
1643.088033	457	-8762
1643.138033	457	-8762
1643.188033	457	-8762
1643.238033	457	-8762
1643.288033	457	-8762
1643.338033	457	-8762
1643.388033	457	-8762
1643.438033	457	-8762
1643.488033	457	-8762
1643.538033	457	-8762
1643.588033	457	-8762
1643.638033	457	-8762
1643.688033	457	-8762
1643.738033	457	-8762
1643.788033	457	-8762
1643.838033	457	-8762
1643.888033	457	-8762
1643.938033	457	-8762
1643.988033	457	-8762
1644.038033	457	-8762
1644.088033	457	-8762
1644.138033	457	-8762
1644.188033	457	-8762
1644.238033	457	-8762
1644.288033	457	-8762
1644.338033	457	-8762
1644.388033	457	-8762
1644.438033	457	-8762
1644.488033	457	-8762
1644.538033	457	-8762
1644.588033	457	-8762
1644.638033	457	-8762
1644.688033	457	-8762
1644.738033	457	-8762
1644.788033	457	-8762
1644.838033	457	-8762
1644.888033	457	-8762
1644.938033	457	-8762
1644.988033	457	-8762
1645.038033	457	-8762
1645.088033	457	-8762
1645.138033	457	-8762
1645.188033	457	-8762
1645.238033	457	-8762
1645.288033	457	-8762
1645.338033	457	-8762
1645.388033	457	-8762
1645.438033	457	-8762
1645.488033	457	-8762
1645.538033	457	-8762
1645.588033	457	-8762
1645.638033	457	-8762
1645.688033	457	-8762
1645.738033	457	-8762
1645.788033	457	-8762
1645.838033	457	-8762
1645.888033	457	-8762
1645.938033	457	-8762
1645.988033	457	-8762
1646.038033	457	-8762
1646.088033	457	-8762
1646.138033	457	-8762
1646.188033	457	-8762
1646.238033	457	-8762
1646.288033	457	-8762
1646.338033	457	-8762
1646.388033	457	-8762
1646.438033	457	-8762
1646.488033	457	-8762
1646.538033	457	-8762
1646.588033	457	-8762
1646.638033	457	-8762
1646.688033	457	-8762
1646.738033	457	-8762
1646.788033	457	-8762
1646.838033	457	-8762
1646.888033	457	-8762
1646.938033	457	-8762
1646.988033	457	-8762
1647.038033	457	-8762
1647.088033	457	-8762
1647.138033	457	-8762
1647.188033	457	-8762
1647.238033	457	-8762
1647.288033	457	-8762
1647.338033	457	-8762
1647.388033	457	-8762
1647.438033	457	-8762
1647.488033	457	-8762
1647.538033	457	-8762
1647.588033	457	-8762
1647.638033	457	-8762
1647.688033	457	-8762
1647.759033	457	-8762
1647.788033	457	-8762
1647.838033	457	-8762
1647.888033	457	-8762
1647.938033	457	-8762
1647.988033	457	-8762
1648.038033	457	-8762
1648.088033	457	-8762
1648.138033	457	-8762
1648.188033	457	-8762
1648.238033	457	-8762
1648.288033	457	-8762
1648.338033	457	-8762
1648.388033	457	-8762
1648.438033	457	-8762
1648.488033	457	-8762
1648.538033	457	-8762
1648.588033	457	-8762
1648.638033	457	-8762
1648.688033	457	-8762
1648.738033	457	-8762
1648.788033	457	-8762
1648.838033	457	-8762
1648.888033	457	-8762
1648.938033	457	-8762
1648.988033	457	-8762
1649.038033	457	-8762
1649.088033	457	-8762
1649.138033	457	-8762
1649.188033	457	-8762
1649.238033	457	-8762
1649.288033	457	-8762
1649.338033	457	-8762
1649.388033	457	-8762
1649.438033	457	-8762
1649.488033	457	-8762
1649.538033	457	-8762
1649.588033	457	-8762
1649.638033	457	-8762
1649.688033	457	-8762
1649.738033	457	-8762
1649.788033	457	-8762
1649.838033	457	-8762
1649.888033	457	-8762
1649.938033	457	-8762
1649.988033	457	-8762
1650.038033	457	-8762
1650.088033	457	-8762
1650.138033	457	-8762
1650.188033	457	-8762
1650.238033	457	-8762
1650.288033	457	-8762
1650.338033	457	-8762
1650.388033	457	-8762
1650.438033	457	-8762
1650.488033	457	-8762
1650.538033	457	-8762
1650.588033	457	-8762
1650.638033	457	-8762
1650.688033	457	-8762
1650.738033	457	-8762
1650.788033	457	-8762
1650.838033	457	-8762
1650.888033	457	-8762
1650.938033	457	-8762
1650.988033	457	-8762
1651.038033	457	-8762
1651.088033	457	-8762
1651.138033	457	-8762
1651.188033	457	-8762
1651.238033	457	-8762
1651.288033	457	-8762
1651.338033	457	-8762
1651.388033	457	-8762
1651.438033	457	-8762
1651.488033	457	-8762
1651.538033	457	-8762
1651.588033	457	-8762
1651.638033	457	-8762
1651.688033	457	-8762
1651.738033	457	-8762
1651.788033	457	-8762
1651.838033	457	-8762
1651.888033	457	-8762
1651.938033	457	-8762
1651.988033	457	-8762
1652.038033	457	-8762
1652.088033	457	-8762
1652.138033	457	-8762
1652.188033	457	-8762
1652.238033	457	-8762
1652.288033	457	-8762
1652.338033	457	-8762
1652.388033	457	-8762
1652.438033	457	-8762
1652.488033	457	-8762
1652.538033	457	-8762
1652.588033	457	-8762
1652.638033	457	-8762
1652.688033	457	-8762
1652.738033	457	-8762
1652.788033	457	-8762
1652.838033	457	-8762
1652.888033	457	-8762
1652.938033	457	-8762
1652.988033	457	-8762
1653.038033	457	-8762
1653.088033	457	-8762
1653.138033	457	-8762
1653.188033	457	-8762
1653.238033	457	-8762
1653.288033	457	-8762
1653.338033	457	-8762
1653.388033	457	-8762
1653.438033	457	-8762
1653.488033	457	-8762
1653.538033	457	-8762
1653.588033	457	-8762
1653.638033	457	-8762
1653.688033	457	-8762
1653.738033	457	-8762
1653.788033	457	-8762
1653.838033	457	-8762
1653.888033	457	-8762
1653.938033	457	-8762
1653.988033	457	-8762
1654.038033	457	-8762
1654.088033	457	-8762
1654.138033	457	-8762
1654.188033	457	-8762
1654.238033	457	-8762
1654.288033	457	-8762
1654.338033	457	-8762
1654.388033	457	-8762
1654.438033	457	-8762
1654.488033	457	-8762
1654.538033	457	-8762
1654.588033	457	-8762
1654.638033	457	-8762
1654.688033	457	-8762
1654.738033	457	-8762
1654.788033	457	-8762
1654.838033	457	-8762
1654.888033	457	-8762
1654.938033	457	-8762
1654.988033	457	-8762
1655.038033	457	-8762
1655.088033	457	-8762
1655.138033	457	-8762
1655.188033	457	-8762
1655.238033	457	-8762
1655.288033	457	-8762
1655.338033	457	-8762
1655.388033	457	-8762
1655.438033	457	-8762
1655.488033	457	-8762
1655.538033	457	-8762
1655.588033	457	-8762
1655.638033	457	-8762
1655.688033	457	-8762
1655.738033	457	-8762
1655.788033	457	-8762
1655.838033	457	-8762
1655.888033	457	-8762
1655.937033	457	-8762
1655.987033	457	-8762
1656.037033	457	-8762
1656.087033	457	-8762
1656.137033	457	-8762
1656.187033	457	-8762
1656.237033	457	-8762
1656.287033	457	-8762
1656.337033	457	-8762
1656.387033	457	-8762
1656.437033	457	-8762
1656.487033	457	-8762
1656.537033	457	-8762
1656.587033	457	-8762
1656.637033	457	-8762
1656.687033	457	-8762
1656.737033	457	-8762
1656.787033	457	-8762
1656.837033	457	-8762
1656.887033	457	-8762
1656.937033	457	-8762
1656.987033	457	-8762
1657.037033	457	-8762
1657.087033	457	-8762
1657.199033	457	-8762
1657.237033	457	-8762
1657.287033	457	-8762
1657.337033	457	-8762
1657.387033	457	-8762
1657.437033	457	-8762
1657.487033	457	-8762
1657.537033	457	-8762
1657.587033	457	-8762
1657.637033	457	-8762
1657.687033	457	-8762
1657.737033	457	-8762
1657.787033	457	-8762
1657.837033	457	-8762
1657.887033	457	-8762
1657.937033	457	-8762
1657.987033	457	-8762
1658.037033	457	-8762
1658.087033	457	-8762
1658.137033	457	-8762
1658.187033	457	-8762
1658.237033	457	-8762
1658.287033	457	-8762
1658.337033	457	-8762
1658.387033	457	-8762
1658.437033	457	-8762
1658.487033	457	-8762
1658.537033	457	-8762
1658.587033	457	-8762
1658.637033	457	-8762
1658.687033	457	-8762
1658.737033	457	-8762
1658.787033	457	-8762
1658.837033	457	-8762
1658.887033	457	-8762
1658.937033	457	-8762
1658.987033	457	-8762
1659.037033	457	-8762
1659.087033	457	-8762
1659.137033	457	-8762
1659.187033	457	-8762
1659.237033	457	-8762
1659.287033	457	-8762
1659.337033	457	-8762
1659.387033	457	-8762
1659.437033	457	-8762
1659.487033	457	-8762
1659.537033	457	-8762
1659.587033	457	-8762
1659.637033	457	-8762
1659.687033	457	-8762
1659.737033	457	-8762
1659.787033	457	-8762
1659.837033	457	-8762
1659.887033	457	-8762
1659.937033	457	-8762
1659.987033	457	-8762
1660.037033	457	-8762
1660.087033	457	-8762
1660.137033	457	-8762
1660.187033	457	-8762
1660.237033	457	-8762
1660.287033	457	-8762
1660.337033	457	-8762
1660.387033	457	-8762
1660.437033	457	-8762
1660.487033	457	-8762
1660.537033	457	-8762
1660.587033	457	-8762
1660.637033	457	-8762
1660.687033	457	-8762
1660.737033	457	-8762
1660.787033	457	-8762
1660.837033	457	-8762
1660.887033	457	-8762
1660.937033	457	-8762
1660.987033	457	-8762
1661.037033	457	-8762
1661.087033	457	-8762
1661.137033	457	-8762
1661.187033	457	-8762
1661.237033	457	-8762
1661.287033	457	-8762
1661.337033	457	-8762
1661.387033	457	-8762
1661.437033	457	-8762
1661.487033	457	-8762
1661.537033	457	-8762
1661.587033	457	-8762
1661.637033	457	-8762
1661.687033	457	-8762
1661.737033	457	-8762
1661.787033	457	-8762
1661.837033	457	-8762
1661.887033	457	-8762
1661.937033	457	-8762
1661.987033	457	-8762
1662.037033	457	-8762
1662.087033	457	-8762
1662.137033	457	-8762
1662.187033	457	-8762
1662.237033	457	-8762
1662.287033	457	-8762
1662.337033	457	-8762
1662.387033	457	-8762
1662.437033	457	-8762
1662.487033	457	-8762
1662.537033	457	-8762
1662.587033	457	-8762
1662.637033	457	-8762
1662.687033	457	-8762
1662.737033	457	-8762
1662.787033	457	-8762
1662.837033	457	-8762
1662.887033	457	-8762
1662.937033	457	-8762
1662.987033	457	-8762
1663.037033	457	-8762
1663.087033	457	-8762
1663.137033	457	-8762
1663.187033	457	-8762
1663.237033	457	-8762
1663.287033	457	-8762
1663.337033	457	-8762
1663.387033	457	-8762
1663.437033	457	-8762
1663.487033	457	-8762
1663.537033	457	-8762
1663.587033	457	-8762
1663.637033	457	-8762
1663.687033	457	-8762
1663.737033	457	-8762
1663.787033	457	-8762
1663.837033	457	-8762
1663.887033	457	-8762
1663.937033	457	-8762
1663.987033	457	-8762
1664.037033	457	-8762
1664.087033	457	-8762
1664.137033	457	-8762
1664.187033	457	-8762
1664.237033	457	-8762
1664.287033	457	-8762
1664.337033	457	-8762
1664.387033	457	-8762
1664.437033	457	-8762
1664.487033	457	-8762
1664.537033	457	-8762
1664.587033	457	-8762
1664.637033	457	-8762
1664.687033	457	-8762
1664.737033	457	-8762
1664.787033	457	-8762
1664.837033	457	-8762
1664.887033	457	-8762
1664.937033	457	-8762
1664.987033	457	-8762
1665.037033	457	-8762
1665.087033	457	-8762
1665.137033	457	-8762
1665.187033	457	-8762
1665.237033	457	-8762
1665.287033	457	-8762
1665.337033	457	-8762
1665.387033	457	-8762
1665.437033	457	-8762
1665.487033	457	-8762
1665.537033	457	-8762
1665.587033	457	-8762
1665.637033	457	-8762
1665.687033	457	-8762
1665.737033	457	-8762
1665.787033	457	-8762
1665.837033	457	-8762
1665.887033	457	-8762
1665.937033	457	-8762
1665.987033	457	-8762
1666.037033	457	-8762
1666.087033	457	-8762
1666.137033	457	-8762
1666.187033	457	-8762
1666.237033	457	-8762
1666.287033	457	-8762
1666.337033	457	-8762
1666.387033	457	-8762
1666.437033	457	-8762
1666.487033	457	-8762
1666.537033	457	-8762
1666.587033	457	-8762
1666.637033	457	-8762
1666.687033	457	-8762
1666.737033	457	-8762
1666.787033	457	-8762
1666.837033	457	-8762
1666.887033	457	-8762
1666.937033	457	-8762
1666.987033	457	-8762
1667.037033	457	-8762
1667.087033	457	-8770
1667.137033	457	-8778
1667.187033	457	-8778
1667.237033	457	-8782
1667.287033	457	-8802
1667.337033	457	-8802
1667.387033	457	-8802
1667.437033	457	-8802
1667.487033	457	-8802
1667.537033	457	-8802
1667.587033	457	-8802
1667.637033	457	-8802
1667.687033	457	-8802
1667.737033	457	-8802
1667.787033	457	-8802
1667.837033	457	-8802
1667.887033	457	-8802
1667.937033	457	-8802
1667.987033	457	-8802
1668.037033	457	-8802
1668.087033	457	-8802
1668.137033	457	-8802
1668.187033	457	-8802
1668.237033	457	-8802
1668.287033	457	-8802
1668.337033	457	-8802
1668.387033	457	-8802
1668.437033	457	-8802
1668.487033	457	-8802
1668.537033	457	-8802
1668.587033	457	-8802
1668.637033	457	-8802
1668.687033	457	-8802
1668.737033	457	-8802
1668.787033	457	-8802
1668.837033	457	-8802
1668.887033	457	-8802
1668.937033	457	-8802
1668.987033	457	-8802
1669.037033	457	-8802
1669.087033	457	-8802
1669.137033	457	-8802
1669.187033	457	-8802
1669.237033	457	-8802
1669.287033	457	-8802
1669.337033	457	-8802
1669.387033	457	-8802
1669.437033	457	-8802
1669.487033	457	-8802
1669.537033	457	-8802
1669.587033	457	-8802
1669.637033	457	-8802
1669.687033	457	-8802
1669.737033	457	-8802
1669.787033	457	-8802
1669.837033	457	-8802
1669.887033	457	-8802
1669.937033	457	-8802
1669.987033	457	-8802
1670.037033	457	-8802
1670.087033	457	-8802
1670.137033	457	-8802
1670.187033	457	-8802
1670.237033	457	-8802
1670.287033	457	-8802
1670.337033	457	-8802
1670.387033	457	-8802
1670.437033	457	-8802
1670.487033	457	-8802
1670.537033	457	-8802
1670.587033	457	-8802
1670.637033	457	-8802
1670.687033	457	-8802
1670.737033	457	-8802
1670.787033	457	-8802
1670.837033	457	-8802
1670.887033	457	-8802
1670.937033	457	-8802
1670.987033	457	-8802
1671.037033	457	-8802
1671.087033	457	-8802
1671.137033	457	-8802
1671.187033	457	-8802
1671.237033	457	-8802
1671.287033	457	-8802
1671.337033	457	-8802
1671.387033	457	-8802
1671.437033	457	-8802
1671.487033	457	-8802
1671.537033	457	-8802
1671.587033	457	-8802
1671.637033	457	-8802
1671.687033	457	-8802
1671.737033	457	-8802
1671.787033	457	-8802
1671.837033	457	-8802
1671.887033	457	-8802
1671.937033	457	-8802
1671.987033	457	-8802
1672.037033	457	-8802
1672.087033	457	-8802
1672.137033	457	-8802
1672.187033	457	-8802
1672.237033	457	-8802
1672.287033	457	-8802
1672.337033	457	-8802
1672.387033	457	-8802
1672.437033	457	-8802
1672.487033	457	-8802
1672.537033	457	-8802
1672.587033	457	-8802
1672.637033	457	-8802
1672.687033	457	-8802
1672.737033	457	-8802
1672.787033	457	-8802
1672.837033	457	-8802
1672.887033	457	-8802
1672.937033	457	-8802
1672.987033	457	-8802
1673.037033	457	-8802
1673.087033	457	-8802
1673.137033	457	-8802
1673.187033	457	-8802
1673.237033	457	-8802
1673.287033	457	-8802
1673.337033	457	-8802
1673.386033	457	-8802
1673.436033	457	-8802
1673.486033	457	-8802
1673.536033	457	-8802
1673.586033	457	-8802
1673.636033	457	-8802
1673.686033	457	-8802
1673.736033	457	-8802
1673.786033	457	-8802
1673.836033	457	-8802
1673.886033	457	-8802
1673.936033	457	-8802
1673.986033	457	-8802
1674.036033	457	-8802
1674.086033	457	-8802
1674.136033	457	-8802
1674.186033	457	-8802
1674.236033	457	-8802
1674.286033	457	-8802
1674.336033	457	-8802
1674.386033	457	-8802
1674.436033	457	-8802
1674.486033	457	-8802
1674.536033	457	-8802
1674.586033	457	-8802
1674.636033	457	-8802
1674.686033	457	-8802
1674.736033	457	-8802
1674.786033	457	-8802
1674.836033	457	-8802
1674.886033	457	-8802
1674.936033	457	-8802
1674.986033	457	-8802
1675.036033	457	-8802
1675.086033	457	-8802
1675.136033	457	-8802
1675.186033	457	-8802
1675.236033	457	-8802
1675.286033	457	-8802
1675.336033	457	-8802
1675.386033	457	-8802
1675.436033	457	-8802
1675.486033	457	-8802
1675.536033	457	-8802
1675.586033	457	-8802
1675.636033	457	-8802
1675.686033	457	-8802
1675.736033	457	-8802
1675.786033	457	-8802
1675.836033	457	-8802
1675.886033	457	-8802
1675.936033	457	-8802
1675.986033	457	-8802
1676.036033	457	-8802
1676.086033	457	-8802
1676.136033	457	-8802
1676.186033	457	-8802
1676.236033	457	-8802
1676.286033	457	-8802
1676.336033	457	-8802
1676.386033	457	-8802
1676.436033	457	-8802
1676.486033	457	-8802
1676.536033	457	-8802
1676.586033	457	-8802
1676.636033	457	-8802
1676.686033	457	-8802
1676.736033	457	-8802
1676.786033	457	-8802
1676.836033	457	-8802
1676.886033	457	-8802
1676.936033	457	-8802
1676.986033	457	-8802
1677.036033	457	-8802
1677.086033	457	-8802
1677.136033	457	-8802
1677.186033	457	-8802
1677.236033	457	-8802
1677.286033	457	-8802
1677.336033	457	-8802
1677.386033	457	-8802
1677.436033	457	-8802
1677.486033	457	-8802
1677.536033	457	-8802
1677.586033	457	-8802
1677.636033	457	-8802
1677.686033	457	-8802
1677.736033	457	-8802
1677.786033	457	-8802
1677.836033	457	-8802
1677.886033	457	-8802
1677.936033	457	-8802
1677.986033	457	-8802
1678.036033	457	-8802
1678.086033	457	-8802
1678.136033	457	-8802
1678.186033	457	-8802
1678.236033	457	-8802
1678.286033	457	-8802
1678.336033	457	-8802
1678.386033	457	-8802
1678.436033	457	-8802
1678.486033	457	-8802
1678.536033	457	-8802
1678.586033	457	-8802
1678.636033	457	-8802
1678.686033	457	-8802
1678.736033	457	-8802
1678.786033	457	-8802
1678.836033	457	-8802
1678.886033	457	-8802
1678.936033	457	-8802
1678.986033	457	-8802
1679.036033	457	-8802
1679.086033	457	-8802
1679.136033	457	-8802
1679.186033	457	-8802
1679.236033	457	-8802
1679.286033	457	-8802
1679.336033	457	-8802
1679.386033	457	-8802
1679.436033	457	-8802
1679.486033	457	-8802
1679.536033	457	-8802
1679.586033	457	-8802
1679.636033	457	-8802
1679.686033	457	-8802
1679.736033	457	-8802
1679.786033	457	-8802
1679.836033	457	-8802
1679.886033	457	-8802
1679.936033	457	-8802
1679.986033	457	-8802
1680.036033	457	-8802
1680.086033	457	-8802
1680.136033	457	-8802
1680.186033	457	-8802
1680.236033	457	-8802
1680.286033	457	-8802
1680.336033	457	-8802
1680.386033	457	-8802
1680.436033	457	-8802
1680.486033	457	-8802
1680.536033	457	-8802
1680.586033	457	-8802
1680.636033	457	-8802
1680.686033	457	-8802
1680.736033	457	-8802
1680.786033	457	-8802
1680.836033	457	-8802
1680.886033	457	-8802
1680.936033	457	-8802
1680.986033	457	-8802
1681.036033	457	-8802
1681.086033	457	-8802
1681.136033	457	-8802
1681.186033	457	-8802
1681.236033	457	-8802
1681.286033	457	-8802
1681.336033	457	-8802
1681.386033	457	-8802
1681.436033	457	-8802
1681.486033	457	-8802
1681.536033	457	-8802
1681.586033	457	-8802
1681.636033	457	-8802
1681.686033	457	-8802
1681.736033	457	-8802
1681.786033	457	-8802
1681.836033	457	-8802
1681.886033	457	-8802
1681.936033	457	-8802
1681.986033	457	-8802
1682.036033	457	-8802
1682.086033	457	-8802
1682.136033	457	-8802
1682.186033	457	-8802
1682.236033	457	-8802
1682.286033	457	-8802
1682.336033	457	-8802
1682.386033	457	-8802
1682.436033	457	-8802
1682.486033	457	-8802
1682.536033	457	-8802
1682.586033	457	-8802
1682.636033	457	-8802
1682.686033	457	-8802
1682.736033	457	-8802
1682.786033	457	-8802
1682.836033	457	-8802
1682.886033	457	-8802
1682.936033	457	-8802
1682.986033	457	-8802
1683.036033	457	-8802
1683.086033	457	-8802
1683.136033	457	-8802
1683.186033	457	-8802
1683.236033	457	-8802
1683.286033	457	-8802
1683.336033	457	-8802
1683.386033	457	-8802
1683.436033	457	-8802
1683.486033	457	-8802
1683.536033	457	-8802
1683.586033	457	-8802
1683.636033	457	-8802
1683.686033	457	-8802
1683.736033	457	-8802
1683.786033	457	-8802
1683.836033	457	-8802
1683.886033	457	-8802
1683.936033	457	-8802
1683.986033	457	-8802
1684.036033	457	-8802
1684.086033	457	-8802
1684.136033	457	-8802
1684.186033	457	-8802
1684.236033	457	-8802
1684.286033	457	-8802
1684.336033	457	-8802
1684.386033	457	-8802
1684.436033	457	-8802
1684.486033	457	-8802
1684.536033	457	-8802
1684.586033	457	-8802
1684.636033	457	-8802
1684.686033	457	-8802
1684.736033	457	-8802
1684.786033	457	-8802
1684.836033	457	-8802
1684.886033	457	-8802
1684.936033	457	-8802
1684.986033	457	-8802
1685.036033	457	-8802
1685.086033	457	-8802
1685.136033	457	-8802
1685.186033	457	-8802
1685.236033	457	-8802
1685.286033	457	-8802
1685.336033	457	-8802
1685.386033	457	-8802
1685.436033	457	-8802
1685.486033	457	-8802
1685.536033	457	-8802
1685.586033	457	-8802
1685.636033	457	-8802
1685.686033	457	-8802
1685.736033	457	-8802
1685.786033	457	-8802
1685.836033	457	-8802
1685.886033	457	-8802
1685.936033	457	-8802
1685.986033	457	-8802
1686.036033	457	-8802
1686.086033	457	-8802
1686.136033	457	-8802
1686.186033	457	-8802
1686.236033	457	-8802
1686.286033	457	-8802
1686.336033	457	-8802
1686.386033	457	-8802
1686.436033	457	-8802
1686.486033	457	-8802
1686.536033	457	-8802
1686.586033	457	-8802
1686.636033	457	-8802
1686.686033	457	-8802
1686.736033	457	-8802
1686.786033	457	-8802
1686.836033	457	-8802
1686.886033	457	-8802
1686.936033	457	-8802
1686.986033	457	-8802
1687.036033	457	-8802
1687.086033	457	-8802
1687.136033	457	-8802
1687.186033	457	-8802
1687.236033	457	-8802
1687.286033	457	-8802
1687.336033	457	-8802
1687.386033	457	-8802
1687.436033	457	-8802
1687.486033	457	-8802
1687.536033	457	-8802
1687.586033	457	-8802
1687.636033	457	-8802
1687.686033	457	-8802
1687.736033	457	-8802
1687.786033	457	-8802
1687.836033	457	-8802
1687.886033	457	-8802
1687.936033	457	-8802
1687.986033	457	-8802
1688.036033	457	-8802
1688.086033	457	-8802
1688.136033	457	-8802
1688.186033	457	-8802
1688.236033	457	-8802
1688.286033	457	-8802
1688.336033	457	-8802
1688.386033	457	-8802
1688.436033	457	-8802
1688.486033	457	-8802
1688.536033	457	-8802
1688.586033	457	-8802
1688.636033	457	-8802
1688.686033	457	-8802
1688.736033	457	-8802
1688.786033	457	-8802
1688.836033	457	-8802
1688.886033	457	-8802
1688.936033	457	-8802
1688.986033	457	-8802
1689.036033	457	-8802
1689.086033	457	-8802
1689.136033	457	-8802
1689.186033	457	-8802
1689.236033	457	-8802
1689.286033	457	-8802
1689.336033	457	-8802
1689.386033	457	-8802
1689.436033	457	-8802
1689.486033	457	-8802
1689.536033	457	-8802
1689.586033	457	-8802
1689.636033	457	-8802
1689.686033	457	-8802
1689.736033	457	-8802
1689.786033	457	-8802
1689.836033	457	-8802
1689.886033	457	-8802
1689.936033	457	-8802
1689.986033	457	-8802
1690.036033	457	-8802
1690.086033	457	-8802
1690.136033	457	-8802
1690.186033	457	-8802
1690.236033	457	-8802
1690.286033	457	-8802
1690.336033	457	-8802
1690.386033	457	-8802
1690.436033	457	-8802
1690.486033	457	-8802
1690.536033	457	-8802
1690.586033	457	-8802
1690.636033	457	-8802
1690.686033	457	-8802
1690.736033	457	-8802
1690.786033	457	-8802
1690.836033	457	-8802
1690.885033	457	-8802
1690.935033	457	-8802
1690.985033	457	-8802
1691.035033	457	-8802
1691.085033	457	-8802
1691.135033	457	-8802
1691.185033	457	-8802
1691.235033	457	-8802
1691.285033	457	-8802
1691.335033	457	-8802
1691.385033	457	-8802
1691.435033	457	-8802
1691.485033	457	-8802
1691.535033	457	-8802
1691.585033	457	-8802
1691.635033	457	-8802
1691.685033	457	-8802
1691.735033	457	-8802
1691.785033	457	-8802
1691.835033	457	-8802
1691.885033	457	-8802
1691.935033	457	-8802
1691.985033	457	-8802
1692.035033	457	-8802
1692.085033	457	-8802
1692.135033	457	-8802
1692.185033	457	-8802
1692.235033	457	-8802
1692.285033	457	-8802
1692.335033	457	-8802
1692.385033	457	-8802
1692.435033	457	-8802
1692.485033	457	-8802
1692.535033	457	-8802
1692.585033	457	-8802
1692.635033	457	-8802
1692.685033	457	-8802
1692.735033	457	-8802
1692.785033	457	-8802
1692.835033	457	-8802
1692.885033	457	-8802
1692.935033	457	-8802
1692.985033	457	-8802
1693.035033	457	-8802
1693.085033	457	-8802
1693.135033	457	-8802
1693.185033	457	-8802
1693.235033	457	-8802
1693.285033	457	-8802
1693.335033	457	-8802
1693.385033	457	-8802
1693.435033	457	-8802
1693.485033	457	-8802
1693.535033	457	-8802
1693.585033	457	-8802
1693.635033	457	-8802
1693.685033	457	-8802
1693.735033	457	-8802
1693.785033	457	-8802
1693.835033	457	-8802
1693.885033	457	-8802
1693.935033	457	-8802
1693.985033	457	-8802
1694.035033	457	-8802
1694.085033	457	-8810
1694.135033	457	-8810
1694.185033	457	-8810
1694.235033	457	-8810
1694.285033	457	-8810
1694.335033	457	-8810
1694.385033	457	-8810
1694.435033	457	-8810
1694.485033	457	-8810
1694.535033	457	-8810
1694.585033	457	-8810
1694.635033	457	-8810
1694.685033	457	-8810
1694.735033	457	-8810
1694.785033	457	-8810
1694.835033	457	-8810
1694.885033	457	-8810
1694.935033	457	-8810
1694.985033	457	-8810
1695.035033	457	-8810
1695.085033	457	-8810
1695.135033	457	-8810
1695.185033	457	-8810
1695.235033	457	-8810
1695.285033	457	-8810
1695.335033	457	-8810
1695.385033	457	-8810
1695.435033	457	-8810
1695.485033	457	-8810
1695.535033	457	-8810
1695.585033	457	-8810
1695.635033	457	-8810
1695.685033	457	-8810
1695.735033	457	-8810
1695.785033	457	-8810
1695.835033	457	-8810
1695.885033	457	-8810
1695.935033	457	-8810
1695.985033	457	-8810
1696.035033	457	-8810
1696.085033	457	-8810
1696.135033	457	-8810
1696.185033	457	-8810
1696.235033	457	-8810
1696.285033	457	-8810
1696.335033	457	-8810
1696.385033	457	-8810
1696.435033	457	-8810
1696.485033	457	-8810
1696.535033	457	-8810
1696.585033	457	-8810
1696.635033	457	-8810
1696.685033	457	-8810
1696.735033	457	-8810
1696.785033	457	-8810
1696.835033	457	-8810
1696.885033	457	-8810
1696.935033	457	-8810
1696.985033	457	-8810
1697.035033	457	-8810
1697.085033	457	-8810
1697.135033	457	-8810
1697.185033	457	-8810
1697.235033	457	-8810
1697.285033	457	-8810
1697.335033	457	-8810
1697.385033	457	-8810
1697.435033	457	-8810
1697.485033	457	-8810
1697.535033	457	-8810
1697.585033	457	-8810
1697.635033	457	-8810
1697.685033	457	-8810
1697.735033	457	-8810
1697.785033	457	-8810
1697.835033	457	-8810
1697.885033	457	-8810
1697.935033	457	-8810
1697.985033	457	-8810
1698.035033	457	-8810
1698.085033	457	-8810
1698.135033	457	-8810
1698.185033	457	-8810
1698.235033	457	-8810
1698.285033	457	-8810
1698.335033	457	-8810
1698.385033	457	-8810
1698.435033	457	-8810
1698.485033	457	-8810
1698.535033	457	-8810
1698.585033	457	-8810
1698.635033	457	-8810
1698.685033	457	-8810
1698.735033	457	-8810
1698.785033	457	-8810
1698.835033	457	-8810
1698.885033	457	-8810
1698.935033	457	-8810
1698.985033	457	-8810
1699.035033	457	-8810
1699.085033	457	-8810
1699.135033	457	-8810
1699.185033	457	-8810
1699.235033	457	-8810
1699.285033	457	-8810
1699.335033	457	-8810
1699.385033	457	-8810
1699.435033	457	-8810
1699.485033	457	-8810
1699.535033	457	-8810
1699.585033	457	-8810
1699.635033	457	-8810
1699.685033	457	-8810
1699.735033	457	-8810
1699.785033	457	-8810
1699.835033	457	-8810
1699.885033	457	-8810
1699.935033	457	-8810
1699.985033	457	-8810
1700.035033	457	-8810
1700.085033	457	-8810
1700.135033	457	-8810
1700.185033	457	-8810
1700.235033	457	-8810
1700.285033	457	-8810
1700.335033	457	-8810
1700.385033	457	-8810
1700.435033	457	-8810
1700.485033	457	-8810
1700.535033	457	-8810
1700.585033	457	-8810
1700.635033	457	-8810
1700.685033	457	-8810
1700.735033	457	-8810
1700.785033	457	-8810
1700.835033	457	-8810
1700.885033	457	-8810
1700.935033	457	-8810
1700.985033	457	-8810
1701.035033	457	-8810
1701.085033	457	-8810
1701.135033	457	-8810
1701.185033	457	-8810
1701.235033	457	-8810
1701.285033	457	-8810
1701.335033	457	-8810
1701.385033	457	-8810
1701.435033	457	-8810
1701.485033	457	-8810
1701.535033	457	-8810
1701.585033	457	-8810
1701.635033	457	-8810
1701.685033	457	-8810
1701.735033	457	-8810
1701.785033	457	-8810
1701.835033	457	-8810
1701.885033	457	-8810
1701.935033	457	-8810
1701.985033	457	-8810
1702.035033	457	-8810
1702.085033	457	-8810
1702.135033	457	-8810
1702.185033	457	-8810
1702.235033	457	-8810
1702.285033	457	-8810
1702.335033	457	-8810
1702.385033	457	-8810
1702.435033	457	-8810
1702.485033	457	-8810
1702.535033	457	-8810
1702.585033	457	-8810
1702.635033	457	-8810
1702.685033	457	-8810
1702.735033	457	-8810
1702.785033	457	-8810
1702.835033	457	-8810
1702.885033	457	-8810
1702.935033	457	-8810
1702.985033	457	-8810
1703.035033	457	-8810
1703.085033	457	-8810
1703.135033	457	-8810
1703.185033	457	-8810
1703.235033	457	-8810
1703.285033	457	-8810
1703.335033	457	-8810
1703.385033	457	-8810
1703.435033	457	-8810
1703.485033	457	-8810
1703.535033	457	-8810
1703.585033	457	-8810
1703.635033	457	-8810
1703.685033	457	-8810
1703.735033	457	-8810
1703.785033	457	-8810
1703.835033	457	-8810
1703.885033	457	-8810
1703.935033	457	-8810
1703.985033	457	-8810
1704.035033	457	-8810
1704.085033	457	-8810
1704.135033	457	-8810
1704.185033	457	-8810
1704.235033	457	-8810
1704.285033	457	-8810
1704.335033	457	-8810
1704.385033	457	-8810
1704.435033	457	-8810
1704.485033	457	-8810
1704.535033	457	-8810
1704.585033	457	-8810
1704.635033	457	-8810
1704.685033	457	-8810
1704.735033	457	-8810
1704.785033	457	-8810
1704.835033	457	-8810
1704.885033	457	-8810
1704.935033	457	-8810
1704.985033	457	-8810
1705.035033	457	-8810
1705.085033	457	-8810
1705.135033	457	-8810
1705.185033	457	-8810
1705.235033	457	-8810
1705.285033	457	-8810
1705.335033	457	-8810
1705.385033	457	-8810
1705.435033	457	-8810
1705.485033	457	-8810
1705.535033	457	-8810
1705.585033	457	-8810
1705.635033	457	-8810
1705.685033	457	-8810
1705.735033	457	-8810
1705.785033	457	-8810
1705.835033	457	-8810
1705.885033	457	-8810
1705.935033	457	-8810
1705.985033	457	-8810
1706.035033	457	-8810
1706.085033	457	-8810
1706.135033	457	-8810
1706.185033	457	-8810
1706.235033	457	-8810
1706.285033	457	-8810
1706.335033	457	-8810
1706.385033	457	-8810
1706.435033	457	-8810
1706.485033	457	-8810
1706.535033	457	-8810
1706.585033	457	-8810
1706.635033	457	-8810
1706.685033	457	-8810
1706.735033	457	-8810
1706.785033	457	-8810
1706.835033	457	-8810
1706.885033	457	-8810
1706.935033	457	-8810
1706.985033	457	-8810
1707.035033	457	-8810
1707.085033	457	-8810
1707.135033	457	-8810
1707.185033	457	-8810
1707.235033	457	-8810
1707.285033	457	-8810
1707.335033	457	-8810
1707.385033	457	-8810
1707.435033	457	-8810
1707.485033	457	-8810
1707.535033	457	-8810
1707.585033	457	-8810
1707.635033	457	-8810
1707.685033	457	-8810
1707.735033	457	-8810
1707.785033	457	-8810
1707.835033	457	-8810
1707.885033	457	-8810
1707.935033	457	-8810
1707.985033	457	-8810
1708.035033	457	-8810
1708.085033	457	-8810
1708.135033	457	-8810
1708.185033	457	-8810
1708.235033	457	-8810
1708.285033	457	-8810
1708.335033	457	-8810
1708.384033	457	-8810
1708.434033	457	-8810
1708.484033	457	-8810
1708.534033	457	-8810
1708.584033	457	-8810
1708.634033	457	-8810
1708.684033	457	-8810
1708.734033	457	-8810
1708.784033	457	-8810
1708.834033	457	-8810
1708.884033	457	-8810
1708.934033	457	-8810
1708.984033	457	-8810
1709.034033	457	-8810
1709.084033	457	-8810
1709.134033	457	-8810
1709.184033	457	-8810
1709.234033	457	-8810
1709.284033	457	-8810
1709.334033	457	-8810
1709.384033	457	-8810
1709.434033	457	-8810
1709.484033	457	-8810
1709.534033	457	-8810
1709.584033	457	-8810
1709.634033	457	-8810
1709.684033	457	-8810
1709.734033	457	-8810
1709.784033	457	-8810
1709.834033	457	-8810
1709.884033	457	-8810
1709.934033	457	-8810
1709.984033	457	-8810
1710.034033	457	-8810
1710.084033	457	-8810
1710.134033	457	-8810
1710.184033	457	-8810
1710.234033	457	-8810
1710.284033	457	-8810
1710.334033	457	-8810
1710.384033	457	-8810
1710.434033	457	-8810
1710.484033	457	-8810
1710.534033	457	-8810
1710.584033	457	-8810
1710.634033	457	-8810
1710.684033	457	-8810
1710.734033	457	-8810
1710.784033	457	-8810
1710.834033	457	-8810
1710.884033	457	-8810
1710.934033	457	-8810
1710.984033	457	-8810
1711.034033	457	-8810
1711.084033	457	-8810
1711.134033	457	-8810
1711.184033	457	-8810
1711.234033	457	-8810
1711.284033	457	-8810
1711.334033	457	-8810
1711.384033	457	-8810
1711.434033	457	-8810
1711.484033	457	-8810
1711.534033	457	-8810
1711.584033	457	-8810
1711.634033	457	-8810
1711.684033	457	-8810
1711.734033	457	-8810
1711.784033	457	-8810
1711.834033	457	-8810
1711.884033	457	-8810
1711.934033	457	-8810
1711.984033	457	-8810
1712.034033	457	-8810
1712.084033	457	-8810
1712.134033	457	-8810
1712.184033	457	-8810
1712.234033	457	-8810
1712.284033	457	-8810
1712.334033	457	-8810
1712.384033	457	-8810
1712.434033	457	-8810
1712.484033	457	-8810
1712.534033	457	-8810
1712.584033	457	-8810
1712.634033	457	-8810
1712.684033	457	-8810
1712.734033	457	-8810
1712.784033	457	-8810
1712.834033	457	-8810
1712.884033	457	-8810
1712.934033	457	-8810
1712.984033	457	-8810
1713.034033	457	-8810
1713.084033	457	-8810
1713.134033	457	-8810
1713.184033	457	-8810
1713.234033	457	-8810
1713.284033	457	-8810
1713.334033	457	-8810
1713.384033	457	-8810
1713.434033	457	-8810
1713.484033	457	-8810
1713.534033	457	-8810
1713.584033	457	-8810
1713.634033	457	-8810
1713.684033	457	-8810
1713.734033	457	-8810
1713.784033	457	-8810
1713.834033	457	-8810
1713.884033	457	-8810
1713.934033	457	-8810
1713.984033	457	-8810
1714.034033	457	-8810
1714.084033	457	-8810
1714.134033	457	-8810
1714.184033	457	-8810
1714.234033	457	-8810
1714.284033	457	-8810
1714.334033	457	-8810
1714.384033	457	-8810
1714.434033	457	-8810
1714.484033	457	-8810
1714.534033	457	-8810
1714.584033	457	-8810
1714.634033	457	-8810
1714.684033	457	-8810
1714.734033	457	-8810
1714.784033	457	-8810
1714.834033	457	-8810
1714.884033	457	-8810
1714.934033	457	-8810
1714.984033	457	-8810
1715.034033	457	-8810
1715.084033	457	-8810
1715.134033	457	-8810
1715.184033	457	-8810
1715.234033	457	-8810
1715.284033	457	-8810
1715.334033	457	-8810
1715.384033	457	-8810
1715.434033	457	-8810
1715.484033	457	-8810
1715.534033	457	-8810
1715.584033	457	-8810
1715.634033	457	-8810
1715.684033	457	-8810
1715.734033	457	-8810
1715.784033	457	-8810
1715.834033	457	-8810
1715.884033	457	-8810
1715.934033	457	-8810
1715.984033	457	-8810
1716.034033	457	-8810
1716.084033	457	-8810
1716.134033	457	-8810
1716.184033	457	-8810
1716.234033	457	-8810
1716.284033	457	-8810
1716.334033	457	-8810
1716.384033	457	-8810
1716.434033	457	-8810
1716.484033	457	-8810
1716.534033	457	-8810
1716.584033	457	-8810
1716.634033	457	-8810
1716.684033	457	-8810
1716.734033	457	-8810
1716.784033	457	-8810
1716.834033	457	-8810
1716.884033	457	-8810
1716.934033	457	-8810
1716.984033	457	-8810
1717.034033	457	-8810
1717.084033	457	-8810
1717.134033	457	-8810
1717.184033	457	-8810
1717.234033	457	-8810
1717.284033	457	-8810
1717.334033	457	-8810
1717.384033	457	-8810
1717.434033	457	-8810
1717.484033	457	-8810
1717.534033	457	-8810
1717.584033	457	-8810
1717.634033	457	-8810
1717.684033	457	-8810
1717.734033	457	-8810
1717.784033	457	-8810
1717.834033	457	-8810
1717.884033	457	-8810
1717.934033	457	-8810
1717.984033	457	-8810
1718.034033	457	-8810
1718.084033	457	-8810
1718.134033	457	-8810
1718.184033	457	-8810
1718.234033	457	-8810
1718.284033	457	-8810
1718.334033	457	-8810
1718.384033	457	-8810
1718.434033	457	-8810
1718.484033	457	-8810
1718.534033	457	-8810
1718.584033	457	-8810
1718.634033	457	-8810
1718.684033	457	-8810
1718.734033	457	-8810
1718.784033	457	-8810
1718.834033	457	-8810
1718.884033	457	-8810
1718.934033	457	-8810
1718.984033	457	-8810
1719.034033	457	-8810
1719.084033	457	-8810
1719.134033	457	-8810
1719.184033	457	-8810
1719.234033	457	-8810
1719.284033	457	-8810
1719.334033	457	-8810
1719.384033	457	-8810
1719.434033	457	-8810
1719.484033	457	-8810
1719.534033	457	-8810
1719.584033	457	-8810
1719.634033	457	-8810
1719.684033	457	-8810
1719.734033	457	-8810
1719.784033	457	-8810
1719.834033	457	-8810
1719.884033	457	-8810
1719.934033	457	-8810
1719.984033	457	-8810
1720.034033	457	-8810
1720.084033	457	-8810
1720.134033	457	-8810
1720.184033	457	-8810
1720.234033	457	-8810
1720.284033	457	-8810
1720.334033	457	-8810
1720.384033	457	-8810
1720.434033	457	-8810
1720.484033	457	-8810
1720.534033	457	-8810
1720.584033	457	-8810
1720.634033	457	-8810
1720.684033	457	-8810
1720.734033	457	-8810
1720.784033	457	-8810
1720.834033	457	-8810
1720.884033	457	-8810
1720.934033	457	-8810
1720.984033	457	-8810
1721.034033	457	-8810
1721.084033	457	-8810
1721.134033	457	-8810
1721.184033	457	-8810
1721.234033	457	-8810
1721.284033	457	-8810
1721.334033	457	-8810
1721.384033	457	-8810
1721.434033	457	-8810
1721.484033	457	-8810
1721.534033	457	-8810
1721.584033	457	-8810
1721.634033	457	-8810
1721.684033	457	-8810
1721.734033	457	-8810
1721.784033	457	-8810
1721.834033	457	-8810
1721.884033	457	-8810
1721.934033	457	-8810
1721.984033	457	-8810
1722.034033	457	-8810
1722.084033	457	-8810
1722.134033	457	-8810
1722.184033	457	-8810
1722.234033	457	-8810
1722.284033	457	-8810
1722.334033	457	-8810
1722.384033	457	-8810
1722.434033	457	-8810
1722.484033	457	-8810
1722.534033	457	-8810
1722.584033	457	-8810
1722.634033	457	-8810
1722.684033	457	-8810
1722.734033	457	-8810
1722.784033	457	-8810
1722.834033	457	-8810
1722.884033	457	-8810
1722.934033	457	-8810
1722.984033	457	-8810
1723.034033	457	-8810
1723.084033	457	-8810
1723.134033	457	-8810
1723.184033	457	-8810
1723.234033	457	-8810
1723.284033	457	-8810
1723.334033	457	-8810
1723.384033	457	-8810
1723.434033	457	-8810
1723.484033	457	-8810
1723.534033	457	-8810
1723.584033	457	-8810
1723.634033	457	-8810
1723.684033	457	-8810
1723.734033	457	-8810
1723.784033	457	-8810
1723.834033	457	-8810
1723.885033	457	-8810
1723.934033	457	-8810
1723.984033	457	-8810
1724.034033	457	-8810
1724.084033	457	-8810
1724.134033	457	-8810
1724.184033	457	-8810
1724.234033	457	-8810
1724.284033	457	-8810
1724.334033	457	-8810
1724.384033	457	-8810
1724.434033	457	-8810
1724.484033	457	-8810
1724.534033	457	-8810
1724.584033	457	-8810
1724.634033	457	-8810
1724.684033	457	-8810
1724.734033	457	-8810
1724.784033	457	-8810
1724.834033	457	-8810
1724.884033	457	-8810
1724.934033	457	-8810
1724.984033	457	-8810
1725.034033	457	-8810
1725.084033	457	-8810
1725.134033	457	-8810
1725.184033	457	-8810
1725.234033	457	-8810
1725.284033	457	-8810
1725.334033	457	-8810
1725.384033	457	-8810
1725.434033	457	-8810
1725.484033	457	-8810
1725.534033	457	-8810
1725.584033	457	-8810
1725.634033	457	-8810
1725.684033	457	-8810
1725.734033	457	-8810
1725.784033	457	-8810
1725.833033	457	-8810
1725.884033	457	-8810
1725.933033	457	-8810
1725.983033	457	-8810
1726.033033	457	-8810
1726.083033	457	-8810
1726.133033	457	-8810
1726.183033	457	-8810
1726.233033	457	-8810
1726.283033	457	-8810
1726.333033	457	-8810
1726.383033	457	-8810
1726.433033	457	-8810
1726.483033	457	-8810
1726.533033	457	-8810
1726.583033	457	-8810
1726.633033	457	-8810
1726.683033	457	-8810
1726.733033	457	-8810
1726.783033	457	-8810
1726.833033	457	-8810
1726.883033	457	-8810
1726.933033	457	-8810
1726.983033	457	-8810
1727.033033	457	-8810
1727.083033	457	-8810
1727.133033	457	-8810
1727.183033	457	-8810
1727.233033	457	-8810
1727.283033	457	-8810
1727.333033	457	-8810
1727.383033	457	-8810
1727.433033	457	-8810
1727.483033	457	-8810
1727.533033	457	-8810
1727.583033	457	-8810
1727.633033	457	-8810
1727.683033	457	-8810
1727.733033	457	-8810
1727.783033	457	-8810
1727.833033	457	-8810
1727.883033	457	-8810
1727.933033	457	-8810
1727.983033	457	-8810
1728.033033	457	-8810
1728.083033	457	-8810
1728.133033	457	-8810
1728.183033	457	-8810
1728.233033	457	-8810
1728.283033	457	-8810
1728.333033	457	-8810
1728.383033	457	-8810
1728.433033	457	-8810
1728.483033	457	-8810
1728.533033	457	-8810
1728.583033	457	-8810
1728.633033	457	-8810
1728.683033	457	-8810
1728.733033	457	-8810
1728.783033	457	-8810
1728.833033	457	-8810
1728.883033	457	-8810
1728.933033	457	-8810
1728.983033	457	-8810
1729.033033	457	-8810
1729.083033	457	-8810
1729.133033	457	-8810
1729.183033	457	-8810
1729.233033	457	-8810
1729.283033	457	-8810
1729.333033	457	-8810
1729.383033	457	-8810
1729.433033	457	-8810
1729.483033	457	-8810
1729.533033	457	-8826
1729.583033	457	-8834
1729.633033	457	-8834
1729.683033	457	-8862
1729.733033	457	-8862
1729.783033	457	-8862
1729.833033	457	-8862
1729.883033	457	-8862
1729.933033	457	-8862
1729.983033	457	-8890
1730.033033	457	-8890
1730.083033	457	-8890
1730.133033	457	-8890
1730.183033	457	-8890
1730.233033	457	-8890
1730.283033	457	-8890
1730.333033	457	-8890
1730.383033	457	-8890
1730.433033	457	-8890
1730.483033	457	-8890
1730.533033	457	-8890
1730.583033	457	-8890
1730.633033	457	-8890
1730.683033	457	-8890
1730.733033	457	-8890
1730.783033	457	-8890
1730.833033	457	-8890
1730.883033	457	-8890
1730.933033	457	-8890
1730.983033	457	-8890
1731.033033	457	-8890
1731.083033	457	-8890
1731.133033	457	-8890
1731.183033	457	-8890
1731.233033	457	-8890
1731.283033	457	-8890
1731.333033	457	-8890
1731.383033	457	-8890
1731.433033	457	-8890
1731.483033	457	-8890
1731.533033	457	-8890
1731.583033	457	-8890
1731.633033	457	-8890
1731.683033	457	-8890
1731.733033	457	-8890
1731.783033	457	-8890
1731.833033	457	-8890
1731.883033	457	-8890
1731.933033	457	-8890
1731.983033	457	-8890
1732.033033	457	-8890
1732.083033	457	-8890
1732.133033	457	-8890
1732.183033	457	-8890
1732.233033	457	-8890
1732.283033	457	-8890
1732.333033	457	-8890
1732.383033	457	-8890
1732.433033	457	-8890
1732.483033	457	-8890
1732.533033	457	-8890
1732.583033	457	-8890
1732.633033	457	-8890
1732.683033	457	-8890
1732.733033	457	-8890
1732.783033	457	-8890
1732.833033	457	-8890
1732.883033	457	-8890
1732.933033	457	-8890
1732.983033	457	-8890
1733.033033	457	-8890
1733.083033	457	-8890
1733.133033	457	-8890
1733.183033	457	-8890
1733.233033	457	-8890
1733.283033	457	-8890
1733.333033	457	-8890
1733.383033	457	-8890
1733.433033	457	-8890
1733.483033	457	-8890
1733.533033	457	-8890
1733.583033	457	-8890
1733.633033	457	-8890
1733.683033	457	-8890
1733.733033	457	-8890
1733.783033	457	-8890
1733.833033	457	-8890
1733.883033	457	-8890
1733.933033	457	-8890
1733.983033	457	-8890
1734.033033	457	-8890
1734.083033	457	-8890
1734.133033	457	-8890
1734.183033	457	-8890
1734.233033	457	-8890
1734.283033	457	-8890
1734.333033	457	-8890
1734.383033	457	-8890
1734.433033	457	-8890
1734.483033	457	-8890
1734.533033	457	-8890
1734.583033	457	-8890
1734.633033	457	-8890
1734.683033	457	-8890
1734.733033	457	-8890
1734.783033	457	-8890
1734.833033	457	-8890
1734.883033	457	-8890
1734.933033	457	-8890
1734.983033	457	-8890
1735.033033	457	-8890
1735.083033	457	-8890
1735.133033	457	-8890
1735.183033	457	-8890
1735.233033	457	-8890
1735.283033	457	-8890
1735.333033	457	-8890
1735.383033	457	-8890
1735.433033	457	-8890
1735.483033	457	-8890
1735.533033	457	-8890
1735.583033	457	-8890
1735.633033	457	-8890
1735.683033	457	-8890
1735.733033	457	-8890
1735.783033	457	-8890
1735.833033	457	-8890
1735.883033	457	-8890
1735.933033	457	-8890
1735.983033	457	-8890
1736.033033	457	-8890
1736.083033	457	-8890
1736.133033	457	-8890
1736.183033	457	-8890
1736.233033	457	-8890
1736.283033	457	-8890
1736.333033	457	-8890
1736.383033	457	-8890
1736.433033	457	-8890
1736.483033	457	-8890
1736.533033	457	-8890
1736.583033	457	-8890
1736.633033	457	-8890
1736.683033	457	-8890
1736.733033	457	-8890
1736.783033	457	-8890
1736.833033	457	-8890
1736.883033	457	-8890
1736.933033	457	-8890
1736.983033	457	-8890
1737.033033	457	-8890
1737.083033	457	-8890
1737.133033	457	-8890
1737.183033	457	-8890
1737.233033	457	-8890
1737.283033	457	-8890
1737.333033	457	-8890
1737.383033	457	-8890
1737.433033	457	-8890
1737.483033	457	-8890
1737.533033	457	-8890
1737.583033	457	-8890
1737.633033	457	-8890
1737.683033	457	-8890
1737.733033	457	-8890
1737.783033	457	-8890
1737.833033	457	-8890
1737.883033	457	-8890
1737.933033	457	-8890
1737.983033	457	-8890
1738.033033	457	-8890
1738.083033	457	-8890
1738.133033	457	-8890
1738.183033	457	-8890
1738.233033	457	-8890
1738.283033	457	-8890
1738.333033	457	-8890
1738.384033	457	-8890
1738.433033	457	-8890
1738.483033	457	-8890
1738.533033	457	-8890
1738.583033	457	-8890
1738.633033	457	-8890
1738.683033	457	-8890
1738.733033	453	-8890
1738.783033	453	-8890
1738.833033	453	-8890
1738.883033	453	-8890
1738.933033	453	-8890
1738.983033	453	-8890
1739.033033	453	-8890
1739.083033	453	-8890
1739.133033	453	-8890
1739.183033	453	-8890
1739.233033	453	-8890
1739.283033	453	-8890
1739.333033	453	-8890
1739.383033	453	-8890
1739.433033	453	-8890
1739.483033	453	-8890
1739.533033	453	-8890
1739.583033	437	-8890
1739.633033	437	-8890
1739.683033	437	-8890
1739.733033	437	-8890
1739.783033	437	-8890
1739.833033	437	-8890
1739.884033	437	-8890
1739.933033	433	-8890
1739.983033	433	-8890
1740.033033	433	-8890
1740.083033	433	-8890
1740.133033	433	-8890
1740.183033	433	-8890
1740.233033	433	-8890
1740.283033	433	-8890
1740.333033	433	-8890
1740.383033	433	-8890
1740.433033	433	-8890
1740.483033	433	-8890
1740.533033	433	-8890
1740.583033	429	-8890
1740.633033	429	-8890
1740.683033	429	-8890
1740.733033	429	-8890
1740.783033	429	-8890
1740.833033	429	-8890
1740.884033	429	-8890
1740.933033	429	-8890
1740.983033	429	-8890
1741.033033	429	-8890
1741.083033	429	-8890
1741.133033	429	-8890
1741.183033	429	-8890
1741.233033	429	-8890
1741.283033	429	-8890
1741.333033	429	-8890
1741.383033	429	-8890
1741.433033	429	-8890
1741.483033	429	-8890
1741.533033	429	-8890
1741.583033	429	-8890
1741.633033	429	-8890
1741.683033	429	-8890
1741.733033	429	-8890
1741.783033	429	-8890
1741.833033	429	-8890
1741.883033	429	-8890
1741.933033	429	-8890
1741.983033	429	-8890
1742.033033	429	-8890
1742.083033	429	-8890
1742.133033	429	-8890
1742.183033	429	-8890
1742.233033	429	-8890
1742.283033	429	-8890
1742.333033	429	-8890
1742.383033	429	-8890
1742.433033	429	-8890
1742.483033	429	-8890
1742.533033	429	-8890
1742.583033	429	-8890
1742.633033	429	-8890
1742.683033	429	-8890
1742.733033	429	-8890
1742.783033	429	-8890
1742.833033	429	-8890
1742.884033	429	-8890
1742.933033	429	-8890
1742.983033	429	-8890
1743.033033	429	-8890
1743.112033	429	-8890
1743.133033	429	-8890
1743.183033	429	-8890
1743.233033	429	-8890
1743.283033	429	-8890
1743.332033	429	-8890
1743.382033	429	-8890
1743.432033	429	-8890
1743.482033	429	-8890
1743.532033	429	-8890
1743.582033	429	-8890
1743.632033	429	-8890
1743.682033	429	-8890
1743.732033	429	-8890
1743.782033	429	-8890
1743.832033	429	-8890
1743.882033	429	-8890
1743.932033	429	-8890
1743.982033	429	-8890
1744.032033	429	-8890
1744.082033	429	-8890
1744.132033	429	-8890
1744.182033	429	-8890
1744.232033	429	-8890
1744.282033	429	-8890
1744.332033	429	-8890
1744.382033	429	-8890
1744.432033	429	-8890
1744.482033	429	-8890
1744.532033	429	-8890
1744.582033	429	-8890
1744.632033	429	-8890
1744.682033	429	-8890
1744.732033	429	-8890
1744.782033	429	-8890
1744.832033	429	-8890
1744.882033	429	-8890
1744.932033	429	-8890
1744.982033	429	-8890
1745.032033	429	-8890
1745.082033	429	-8890
1745.132033	429	-8890
1745.182033	429	-8890
1745.232033	429	-8890
1745.282033	429	-8890
1745.332033	429	-8890
1745.382033	429	-8890
1745.432033	429	-8890
1745.482033	429	-8890
1745.532033	429	-8890
1745.582033	429	-8890
1745.632033	429	-8890
1745.682033	429	-8890
1745.732033	429	-8890
1745.782033	429	-8890
1745.832033	429	-8890
1745.882033	429	-8890
1745.932033	429	-8890
1745.982033	429	-8890
1746.032033	429	-8890
1746.082033	429	-8890
1746.132033	429	-8890
1746.182033	429	-8890
1746.232033	429	-8890
1746.282033	429	-8890
1746.332033	429	-8890
1746.382033	429	-8890
1746.432033	429	-8890
1746.482033	429	-8890
1746.532033	429	-8890
1746.582033	429	-8890
1746.632033	429	-8890
1746.682033	429	-8890
1746.732033	429	-8890
1746.782033	429	-8890
1746.832033	429	-8890
1746.882033	429	-8890
1746.932033	429	-8890
1746.982033	429	-8890
1747.032033	429	-8890
1747.082033	429	-8890
1747.132033	429	-8890
1747.182033	429	-8890
1747.232033	429	-8890
1747.282033	429	-8890
1747.332033	429	-8890
1747.382033	429	-8890
1747.432033	429	-8890
1747.482033	429	-8890
1747.532033	429	-8890
1747.582033	429	-8890
1747.632033	429	-8890
1747.682033	429	-8890
1747.732033	429	-8890
1747.782033	429	-8890
1747.832033	429	-8890
1747.882033	429	-8890
1747.932033	429	-8890
1747.982033	429	-8890
1748.032033	429	-8890
1748.082033	429	-8890
1748.132033	429	-8890
1748.182033	429	-8890
1748.232033	429	-8890
1748.282033	429	-8890
1748.332033	429	-8890
1748.382033	429	-8890
1748.432033	429	-8890
1748.482033	429	-8890
1748.532033	429	-8890
1748.582033	429	-8890
1748.632033	429	-8890
1748.682033	429	-8890
1748.732033	429	-8890
1748.782033	429	-8890
1748.832033	429	-8890
1748.882033	429	-8890
1748.932033	429	-8890
1748.982033	429	-8890
1749.032033	429	-8890
1749.082033	429	-8890
1749.132033	429	-8890
1749.182033	429	-8890
1749.232033	429	-8890
1749.282033	429	-8890
1749.332033	429	-8890
1749.382033	429	-8890
1749.432033	429	-8890
1749.482033	429	-8890
1749.532033	429	-8890
1749.582033	429	-8890
1749.632033	429	-8890
1749.682033	429	-8890
1749.732033	429	-8890
1749.782033	429	-8890
1749.832033	429	-8890
1749.882033	429	-8890
1749.932033	429	-8890
1749.982033	429	-8890
1750.032033	429	-8890
1750.082033	429	-8890
1750.132033	429	-8890
1750.182033	429	-8890
1750.232033	429	-8890
1750.282033	429	-8890
1750.332033	429	-8890
1750.382033	429	-8890
1750.432033	429	-8890
1750.482033	429	-8890
1750.532033	429	-8890
1750.582033	429	-8890
1750.632033	429	-8890
1750.682033	429	-8890
1750.732033	429	-8890
1750.782033	429	-8890
1750.832033	429	-8890
1750.882033	429	-8890
1750.932033	429	-8890
1750.982033	429	-8890
1751.032033	429	-8890
1751.082033	429	-8890
1751.132033	429	-8890
1751.182033	429	-8890
1751.232033	429	-8890
1751.282033	429	-8890
1751.332033	429	-8890
1751.382033	429	-8890
1751.432033	429	-8890
1751.482033	429	-8890
1751.532033	429	-8890
1751.582033	429	-8890
1751.632033	429	-8906
1751.682033	429	-8906
1751.732033	429	-8906
1751.782033	429	-8906
1751.832033	429	-8906
1751.883033	429	-8906
1751.932033	429	-8906
1751.982033	429	-8906
1752.032033	429	-8906
1752.082033	429	-8906
1752.132033	429	-8906
1752.182033	429	-8906
1752.232033	429	-8906
1752.282033	429	-8906
1752.332033	429	-8906
1752.383033	429	-8906
1752.432033	429	-8906
1752.482033	429	-8906
1752.532033	429	-8906
1752.582033	429	-8906
1752.632033	429	-8906
1752.682033	429	-8910
1752.732033	429	-8914
1752.782033	429	-8934
1752.832033	429	-8934
1752.882033	429	-8946
1752.932033	429	-8946
1752.982033	429	-8946
1753.032033	429	-8946
1753.082033	429	-8946
1753.132033	429	-8946
1753.182033	429	-8946
1753.232033	429	-8946
1753.282033	429	-8954
1753.332033	429	-8966
1753.382033	429	-8966
1753.432033	429	-8970
1753.482033	429	-8978
1753.532033	429	-9002
1753.582033	429	-9002
1753.632033	429	-9010
1753.682033	429	-9018
1753.732033	429	-9018
1753.782033	429	-9046
1753.832033	429	-9054
1753.882033	429	-9098
1753.932033	429	-9098
1753.982033	429	-9106
1754.032033	429	-9118
1754.082033	429	-9126
1754.132033	429	-9126
1754.182033	429	-9150
1754.232033	429	-9158
1754.282033	429	-9178
1754.332033	429	-9178
1754.382033	429	-9178
1754.432033	429	-9178
1754.482033	429	-9178
1754.532033	429	-9178
1754.582033	429	-9178
1754.632033	429	-9178
1754.682033	429	-9178
1754.732033	421	-9178
1754.782033	409	-9178
1754.832033	409	-9178
1754.882033	409	-9178
1754.932033	409	-9178
1754.982033	393	-9178
1755.032033	393	-9178
1755.082033	393	-9178
1755.132033	393	-9178
1755.182033	393	-9206
1755.232033	393	-9206
1755.282033	389	-9206
1755.332033	385	-9210
1755.382033	385	-9210
1755.432033	381	-9254
1755.482033	345	-9254
1755.532033	345	-9274
1755.582033	345	-9286
1755.632033	329	-9346
1755.682033	329	-9346
1755.732033	329	-9346
1755.782033	329	-9346
1755.832033	329	-9358
1755.883033	329	-9362
1755.932033	325	-9362
1755.982033	325	-9362
1756.032033	325	-9366
1756.082033	325	-9398
1756.132033	325	-9442
1756.182033	321	-9442
1756.232033	301	-9442
1756.282033	285	-9442
1756.332033	281	-9442
1756.382033	281	-9442
1756.432033	281	-9442
1756.482033	281	-9442
1756.532033	281	-9442
1756.582033	281	-9442
1756.632033	281	-9442
1756.682033	281	-9442
1756.732033	281	-9442
1756.782033	277	-9442
1756.832033	277	-9442
1756.882033	277	-9442
1756.932033	277	-9442
1756.982033	277	-9442
1757.032033	277	-9442
1757.082033	277	-9442
1757.132033	273	-9442
1757.182033	273	-9442
1757.232033	273	-9442
1757.282033	273	-9442
1757.332033	269	-9442
1757.382033	265	-9442
1757.432033	265	-9442
1757.482033	265	-9442
1757.532033	265	-9442
1757.582033	265	-9442
1757.632033	265	-9442
1757.682033	265	-9442
1757.732033	265	-9442
1757.782033	265	-9442
1757.832033	261	-9442
1757.882033	261	-9442
1757.932033	261	-9442
1757.982033	261	-9442
1758.032033	261	-9442
1758.082033	261	-9442
1758.132033	261	-9442
1758.182033	261	-9442
1758.232033	261	-9442
1758.282033	261	-9442
1758.332033	261	-9442
1758.383033	261	-9442
1758.432033	261	-9442
1758.482033	261	-9466
1758.532033	237	-9506
1758.582033	237	-9550
1758.632033	237	-9550
1758.682033	237	-9550
1758.732033	237	-9550
1758.782033	237	-9550
1758.832033	237	-9550
1758.882033	237	-9550
1758.932033	237	-9550
1758.982033	237	-9550
1759.032033	237	-9550
1759.082033	237	-9446
1759.132033	237	-9258
1759.182033	237	-8946
1759.232033	237	-8602
1759.282033	237	-8314
1759.332033	237	-8098
1759.382033	237	-7606
1759.432033	237	-7130
1759.482033	237	-6434
1759.532033	237	-6054
1759.582033	237	-5506
1759.632033	317	-5073
1759.682033	457	-4441
1759.732033	713	-3725
1759.782033	837	-2885
1759.832033	837	-2309
1759.882033	837	-1957
1759.932033	21	-1577
1759.982033	21	-449
1760.032033	0	0
1760.082033	0	0
1760.132033	0	0
1760.182033	0	0
1760.232033	0	0
1760.282033	0	0
1760.332033	0	0
1760.382033	0	0
1760.432033	0	0
1760.482033	0	0
1760.532033	0	0
1760.582033	0	0
1760.632033	0	0
1760.682033	0	0
1760.732033	0	0
1760.782033	0	0
1760.831033	0	0
1760.881033	0	0
1760.931033	0	0
1760.981033	0	0
1761.031033	0	0
1761.081033	0	0
1761.131033	0	0
1761.181033	0	0
1761.231033	0	0
1761.281033	0	0
1761.331033	0	0
1761.381033	0	0
1761.431033	0	0
1761.481033	0	0
1761.531033	0	0
1761.581033	0	0
1761.631033	0	0
1761.681033	0	0
1761.731033	0	0
1761.781033	0	0
1761.831033	0	0
1761.881033	0	0
1761.931033	0	0
1761.981033	0	0
1762.031033	0	0
1762.081033	0	0
1762.131033	0	0
1762.181033	0	0
1762.231033	0	0
1762.281033	0	0
1762.331033	0	0
1762.381033	0	0
1762.431033	0	0
1762.481033	0	0
1762.531033	0	0
1762.581033	0	0
1762.631033	0	0
1762.681033	0	0
1762.731033	0	0
1762.781033	0	0
1762.831033	0	0
1762.881033	0	0
1762.931033	0	0
1762.981033	0	0
1763.031033	0	0
1763.081033	0	0
1763.131033	0	0
1763.181033	0	0
1763.231033	0	0
1763.281033	0	0
1763.331033	0	0
1763.381033	0	0
1763.431033	0	0
1763.481033	0	0
1763.531033	0	0
1763.581033	0	0
1763.631033	0	0
1763.681033	0	0
1763.731033	0	0
1763.781033	0	0
1763.831033	0	0
1763.881033	0	0
1763.931033	0	0
1763.981033	0	0
1764.031033	0	0
1764.081033	0	0
1764.131033	0	0
1764.181033	0	0
1764.231033	0	0
1764.281033	0	0
1764.331033	0	0
1764.381033	0	0
1764.431033	0	0
1764.481033	0	0
1764.531033	0	0
1764.581033	0	0
1764.631033	0	0
1764.681033	0	0
1764.731033	0	0
1764.781033	0	0
1764.831033	0	0
1764.881033	0	0
1764.931033	0	0
1764.981033	0	0
1765.031033	0	0
1765.081033	0	0
1765.131033	0	0
1765.181033	0	0
1765.231033	0	0
1765.281033	0	0
1765.331033	0	0
1765.381033	0	0
1765.431033	0	0
1765.481033	0	0
1765.531033	0	0
1765.581033	0	0
1765.631033	0	0
1765.681033	0	0
1765.731033	0	0
1765.781033	0	0
1765.831033	0	0
1765.881033	0	0
1765.931033	0	0
1765.981033	0	0
1766.031033	0	0
1766.081033	0	0
1766.131033	0	0
1766.181033	0	0
1766.231033	0	0
1766.281033	0	0
1766.331033	0	0
1766.383033	0	0
1766.431033	0	0
1766.481033	0	0
1766.531033	0	0
1766.581033	0	0
1766.631033	0	0
1766.681033	0	0
1766.731033	0	0
1766.781033	0	0
1766.831033	0	0
1766.881033	0	0
1766.931033	0	0
1766.981033	0	0
1767.031033	0	0
1767.081033	0	0
1767.131033	0	0
1767.181033	0	0
1767.231033	0	0
1767.281033	0	0
1767.331033	0	0
1767.381033	0	0
1767.431033	0	0
1767.481033	0	0
1767.531033	0	0
1767.581033	0	0
1767.631033	0	0
1767.681033	0	0
1767.731033	0	0
1767.781033	0	0
1767.831033	0	0
1767.881033	0	0
1767.931033	0	0
1767.981033	0	0
1768.031033	0	0
1768.081033	0	0
1768.131033	0	0
1768.181033	0	0
1768.231033	0	0
1768.281033	0	0
1768.331033	0	0
1768.383033	0	0
1768.431033	0	0
1768.481033	0	0
1768.531033	0	0
1768.581033	0	0
1768.631033	0	0
1768.681033	0	0
1768.731033	0	0
1768.781033	0	0
1768.831033	0	0
1768.881033	0	0
1768.931033	0	0
1768.981033	0	0
1769.031033	0	0
1769.081033	0	0
1769.131033	0	0
1769.181033	0	0
1769.231033	0	0
1769.281033	0	0
1769.331033	0	0
1769.381033	0	0
1769.431033	0	0
1769.481033	0	0
1769.531033	0	0
1769.581033	0	0
1769.631033	0	0
1769.681033	0	0
1769.731033	0	0
1769.781033	0	0
1769.831033	0	0
1769.881033	0	0
1769.931033	0	0
1769.981033	0	0
1770.031033	0	0
1770.081033	0	0
1770.131033	0	0
1770.181033	0	0
1770.231033	0	0
1770.281033	0	0
1770.331033	0	0
1770.383033	0	0
1770.431033	0	0
1770.481033	0	0
1770.531033	0	0
1770.581033	0	0
1770.631033	0	0
1770.681033	0	0
1770.731033	0	0
1770.781033	0	0
1770.831033	0	0
1770.881033	0	0
1770.931033	0	0
1770.981033	0	0
1771.031033	0	0
1771.081033	0	0
1771.131033	0	0
1771.181033	0	0
1771.231033	0	0
1771.281033	0	0
1771.331033	0	0
1771.381033	0	0
1771.431033	0	0
1771.481033	0	0
1771.531033	0	0
1771.581033	0	0
1771.631033	0	0
1771.681033	0	0
1771.731033	0	0
1771.781033	0	0
1771.831033	0	0
1771.881033	0	0
1771.931033	0	0
1771.981033	0	0
1772.031033	0	0
1772.081033	0	0
1772.131033	0	0
1772.181033	0	0
1772.231033	0	0
1772.281033	0	0
1772.331033	0	0
1772.381033	0	0
1772.431033	0	0
1772.481033	0	0
1772.531033	0	0
1772.581033	0	0
1772.631033	0	0
1772.681033	0	0
1772.731033	0	0
1772.781033	0	0
1772.831033	0	0
1772.881033	0	0
1772.931033	0	0
1772.981033	0	0
1773.031033	0	0
1773.081033	0	0
1773.131033	0	0
1773.181033	0	0
1773.231033	0	0
1773.281033	0	0
1773.331033	0	0
1773.382033	0	0
1773.431033	0	0
1773.481033	0	0
1773.531033	0	0
1773.581033	0	0
1773.631033	0	0
1773.681033	0	0
1773.731033	0	0
1773.781033	0	0
1773.831033	0	0
1773.881033	0	0
1773.931033	0	0
1773.981033	0	0
1774.031033	0	0
1774.081033	0	0
1774.131033	0	0
1774.181033	0	0
1774.231033	0	0
1774.281033	0	0
1774.331033	0	0
1774.381033	0	0
1774.431033	0	0
1774.481033	0	0
1774.531033	0	0
1774.581033	0	0
1774.631033	0	0
1774.681033	0	0
1774.731033	0	0
1774.781033	0	0
1774.831033	0	0
1774.881033	0	0
1774.931033	0	0
1774.981033	0	0
1775.031033	0	0
1775.081033	0	0
1775.131033	0	0
1775.181033	0	0
1775.231033	0	0
1775.281033	0	0
1775.331033	0	0
1775.381033	0	0
1775.431033	0	0
1775.481033	0	0
1775.531033	0	0
1775.581033	0	0
1775.631033	0	0
1775.681033	0	0
1775.731033	0	0
1775.781033	0	0
1775.831033	0	0
1775.881033	0	0
1775.931033	0	0
1775.981033	0	0
1776.031033	0	0
1776.081033	0	0
1776.131033	0	0
1776.181033	0	0
1776.231033	0	0
1776.281033	0	0
1776.331033	0	0
1776.381033	0	0
1776.431033	0	0
1776.481033	0	0
1776.531033	0	0
1776.581033	0	0
1776.631033	0	0
1776.681033	0	0
1776.731033	0	0
1776.781033	0	0
1776.831033	0	0
1776.881033	0	0
1776.931033	0	0
1776.981033	0	0
1777.031033	0	0
1777.081033	0	0
1777.131033	0	0
1777.181033	0	0
1777.231033	0	0
1777.281033	0	0
1777.331033	0	0
1777.381033	0	0
1777.431033	0	0
1777.481033	0	0
1777.531033	0	0
1777.581033	0	0
1777.631033	0	0
1777.681033	0	0
1777.731033	0	0
1777.781033	0	0
1777.831033	0	0
1777.881033	0	0
1777.931033	0	0
1777.981033	0	0
1778.031033	0	0
1778.081033	0	0
1778.131033	0	0
1778.181033	0	0
1778.231033	0	0
1778.280033	0	0
1778.330033	0	0
1778.380033	0	0
1778.430033	0	0
1778.480033	0	0
1778.530033	0	0
1778.580033	0	0
1778.630033	0	0
1778.680033	0	0
1778.730033	0	0
1778.780033	0	0
1778.830033	0	0
1778.880033	0	0
1778.930033	0	0
1778.980033	0	0
1779.030033	0	0
1779.080033	0	0
1779.130033	0	0
1779.180033	0	0
1779.230033	0	0
1779.280033	0	0
1779.330033	0	0
1779.380033	0	0
1779.430033	0	0
1779.480033	0	0
1779.530033	0	0
1779.580033	0	0
1779.630033	0	0
1779.680033	0	0
1779.730033	0	0
1779.780033	0	0
1779.830033	0	0
1779.880033	0	0
1779.930033	0	0
1779.980033	0	0
1780.030033	0	0
1780.081033	0	0
1780.130033	0	0
1780.180033	0	0
1780.230033	0	0
1780.280033	0	0
1780.330033	0	0
1780.380033	0	0
1780.430033	0	0
1780.480033	0	0
1780.530033	0	0
1780.580033	0	0
1780.630033	0	0
1780.680033	0	0
1780.730033	0	0
1780.780033	0	0
1780.830033	0	0
1780.880033	0	0
1780.930033	0	0
1780.980033	0	0
1781.030033	0	0
1781.081033	0	0
1781.130033	0	0
1781.180033	0	0
1781.230033	0	0
1781.280033	0	0
1781.330033	0	0
1781.382033	0	0
1781.430033	0	0
1781.480033	0	0
1781.530033	0	0
1781.580033	0	0
1781.630033	0	0
1781.680033	0	0
1781.730033	0	0
1781.780033	0	0
1781.830033	0	0
1781.889033	0	0
1781.930033	0	0
1781.980033	0	0
1782.030033	0	0
1782.080033	0	0
1782.130033	0	0
1782.180033	0	0
1782.230033	0	0
1782.280033	0	0
1782.330033	0	0
1782.382033	0	0
1782.430033	0	0
1782.480033	0	0
1782.530033	0	0
1782.580033	0	0
1782.630033	0	0
1782.680033	0	0
1782.730033	0	0
1782.780033	0	0
1782.830033	0	0
1782.880033	0	0
1782.930033	0	0
1782.980033	0	0
1783.030033	0	0
1783.080033	0	0
1783.130033	0	0
1783.180033	0	0
1783.230033	0	0
1783.280033	0	0
1783.330033	0	0
1783.380033	0	0
1783.430033	0	0
1783.480033	0	0
1783.530033	0	0
1783.580033	0	0
1783.630033	0	0
1783.680033	0	0
1783.730033	0	0
1783.780033	0	0
1783.830033	0	0
1783.880033	0	0
1783.930033	0	0
1783.980033	0	0
1784.030033	0	0
1784.080033	0	0
1784.130033	0	0
1784.180033	0	0
1784.230033	0	0
1784.280033	0	0
1784.330033	0	0
1784.380033	0	0
1784.430033	0	0
1784.480033	0	0
1784.530033	0	0
1784.580033	0	0
1784.630033	0	0
1784.680033	0	0
1784.730033	0	0
1784.780033	0	0
1784.830033	0	0
1784.880033	0	0
1784.930033	0	0
1784.980033	0	0
1785.030033	0	0
1785.080033	0	0
1785.130033	0	0
1785.180033	0	0
1785.230033	0	0
1785.280033	0	0
1785.330033	0	0
1785.382033	0	0
1785.430033	0	0
1785.480033	0	0
1785.530033	0	0
1785.580033	0	0
1785.630033	0	0
1785.680033	0	0
1785.730033	0	0
1785.780033	0	0
1785.830033	0	0
1785.880033	0	0
1785.930033	0	0
1785.980033	0	0
1786.030033	0	0
1786.101033	0	0
1786.130033	0	0
1786.182033	0	0
1786.230033	0	0
1786.280033	0	0
1786.330033	0	0
1786.381033	0	0
1786.430033	0	0
1786.480033	0	0
1786.530033	0	0
1786.580033	0	0
1786.630033	0	0
1786.680033	0	0
1786.730033	0	0
1786.780033	0	0
1786.830033	0	0
1786.880033	0	0
1786.930033	0	0
1786.980033	0	0
1787.030033	0	0
1787.080033	0	0
1787.130033	0	0
1787.180033	0	0
1787.230033	0	0
1787.280033	0	0
1787.330033	0	0
1787.380033	0	0
1787.430033	0	0
1787.480033	0	0
1787.530033	0	0
1787.580033	0	0
1787.630033	0	0
1787.680033	0	0
1787.730033	0	0
1787.780033	0	0
1787.830033	0	0
1787.880033	0	0
1787.930033	0	0
1787.980033	0	0
1788.030033	0	0
1788.080033	0	0
1788.130033	0	0
1788.180033	0	0
1788.230033	0	0
1788.280033	0	0
1788.330033	0	0
1788.382033	0	0
1788.430033	0	0
1788.480033	0	0
1788.530033	0	0
1788.580033	0	0
1788.630033	0	0
1788.680033	0	0
1788.730033	0	0
1788.780033	0	0
1788.830033	0	0
1788.881033	0	0
1788.930033	0	0
1788.980033	0	0
1789.030033	0	0
1789.080033	0	0
1789.130033	0	0
1789.180033	0	0
1789.230033	0	0
1789.280033	0	0
1789.330033	0	0
1789.380033	0	0
1789.430033	0	0
1789.480033	0	0
1789.530033	0	0
1789.580033	0	0
1789.630033	0	0
1789.680033	0	0
1789.730033	0	0
1789.780033	0	0
1789.830033	0	0
1789.880033	0	0
1789.930033	0	0
1789.980033	0	0
1790.030033	0	0
1790.080033	0	0
1790.130033	0	0
1790.180033	0	0
1790.230033	0	0
1790.280033	0	0
1790.330033	0	0
1790.380033	0	0
1790.430033	0	0
1790.480033	0	0
1790.530033	0	0
1790.580033	0	0
1790.630033	0	0
1790.680033	0	0
1790.730033	0	0
1790.780033	0	0
1790.830033	0	0
1790.880033	0	0
1790.930033	0	0
1790.980033	0	0
1791.030033	0	0
1791.080033	0	0
1791.130033	0	0
1791.180033	0	0
1791.230033	0	0
1791.280033	0	0
1791.330033	0	0
1791.381033	0	0
1791.430033	0	0
1791.480033	0	0
1791.530033	0	0
1791.580033	0	0
1791.630033	0	0
1791.680033	0	0
1791.730033	0	0
1791.780033	0	0
1791.830033	0	0
1791.880033	0	0
1791.930033	0	0
1791.980033	0	0
1792.030033	0	0
1792.080033	0	0
1792.130033	0	0
1792.180033	0	0
1792.230033	0	0
1792.280033	0	0
1792.330033	0	0
1792.381033	0	0
1792.430033	0	0
1792.480033	0	0
1792.530033	0	0
1792.580033	0	0
1792.630033	0	0
1792.680033	0	0
1792.730033	0	0
1792.780033	0	0
1792.830033	0	0
1792.880033	0	0
1792.930033	0	0
1792.980033	0	0
1793.030033	0	0
1793.080033	0	0
1793.130033	0	0
1793.180033	0	0
1793.230033	0	0
1793.280033	0	0
1793.330033	0	0
1793.381033	0	0
1793.430033	0	0
1793.480033	0	0
1793.530033	0	0
1793.580033	0	0
1793.630033	0	0
1793.680033	0	0
1793.730033	0	0
1793.780033	0	0
1793.830033	0	0
1793.880033	0	0
1793.930033	0	0
1793.980033	0	0
1794.030033	0	0
1794.080033	0	0
1794.130033	0	0
1794.180033	0	0
1794.230033	0	0
1794.280033	0	0
1794.330033	0	0
1794.380033	0	0
1794.430033	0	0
1794.480033	0	0
1794.530033	0	0
1794.580033	0	0
1794.630033	0	0
1794.680033	0	0
1794.730033	0	0
1794.780033	0	0
1794.830033	0	0
1794.880033	0	0
1794.930033	0	0
1794.980033	0	0
1795.030033	0	0
1795.080033	0	0
1795.130033	0	0
1795.180033	0	0
1795.230033	0	0
1795.280033	0	0
1795.330033	0	0
1795.380033	0	0
1795.430033	0	0
1795.480033	0	0
1795.530033	0	0
1795.580033	0	0
1795.630033	0	0
1795.680033	0	0
1795.730033	0	0
1795.779033	0	0
1795.829033	0	0
1795.879033	0	0
1795.929033	0	0
1795.979033	0	0
1796.029033	0	0
1796.079033	0	0
1796.129033	0	0
1796.179033	0	0
1796.229033	0	0
1796.279033	0	0
1796.329033	0	0
1796.380033	0	0
1796.429033	0	0
1796.479033	0	0
1796.529033	0	0
1796.579033	0	0
1796.629033	0	0
1796.679033	0	0
1796.729033	0	0
1796.779033	0	0
1796.829033	0	0
1796.879033	0	0
1796.929033	0	0
1796.979033	0	0
1797.029033	0	0
1797.079033	0	0
1797.129033	0	0
1797.179033	0	0
1797.229033	0	0
1797.279033	0	0
1797.329033	0	0
1797.379033	0	0
1797.429033	0	0
1797.479033	0	0
1797.529033	0	0
1797.579033	0	0
1797.629033	0	0
1797.679033	0	0
1797.729033	0	0
1797.779033	0	0
1797.829033	0	0
1797.879033	0	0
1797.929033	0	0
1797.979033	0	0
1798.029033	0	0
1798.079033	0	0
1798.129033	0	0
1798.179033	0	0
1798.229033	0	0
1798.279033	0	0
1798.329033	0	0
1798.381033	0	0
1798.429033	0	0
1798.479033	0	0
1798.529033	0	0
1798.579033	0	0
1798.629033	0	0
1798.679033	0	0
1798.729033	0	0
1798.779033	0	0
1798.829033	0	0
1798.879033	0	0
1798.929033	0	0
1798.979033	0	0
1799.029033	0	0
1799.079033	0	0
1799.129033	0	0
1799.179033	0	0
1799.229033	0	0
1799.279033	0	0
1799.329033	0	0
1799.379033	0	0
1799.429033	0	0
1799.479033	0	0
1799.529033	0	0
1799.579033	0	0
1799.629033	0	0
1799.679033	0	0
1799.729033	0	0
1799.779033	0	0
1799.829033	0	0
1799.879033	0	0
1799.929033	0	0
1799.979033	0	0
1800.029033	0	0
1800.079033	0	0
1800.129033	0	0
1800.179033	0	0
1800.229033	0	0
1800.279033	0	0
1800.329033	0	0
1800.379033	0	0
1800.429033	0	0
1800.479033	0	0
1800.529033	0	0
1800.579033	0	0
1800.629033	0	0
1800.679033	0	0
1800.729033	0	0
1800.779033	0	0
1800.829033	0	0
1800.879033	0	0
1800.929033	0	0
1800.979033	0	0
1801.029033	0	0
1801.079033	0	0
1801.129033	0	0
1801.179033	0	0
1801.229033	0	0
1801.279033	0	0
1801.329033	0	0
1801.381033	0	0
1801.429033	0	0
1801.479033	0	0
1801.529033	0	0
1801.579033	0	0
1801.629033	0	0
1801.679033	0	0
1801.729033	0	0
1801.779033	0	0
1801.829033	0	0
1801.879033	0	0
1801.929033	0	0
1801.979033	0	0
1802.029033	0	0
1802.079033	0	0
1802.129033	0	0
1802.179033	0	0
1802.229033	0	0
1802.279033	0	0
1802.329033	0	0
1802.379033	0	0
1802.429033	0	0
1802.479033	0	0
1802.529033	0	0
1802.579033	0	0
1802.629033	0	0
1802.679033	0	0
1802.729033	0	0
1802.779033	0	0
1802.829033	0	0
1802.879033	0	0
1802.929033	0	0
1802.979033	0	0
1803.029033	0	0
1803.079033	0	0
1803.129033	0	0
1803.179033	0	0
1803.229033	0	0
1803.279033	0	0
1803.329033	0	0
1803.379033	0	0
1803.429033	0	0
1803.479033	0	0
1803.529033	0	0
1803.579033	0	0
1803.629033	0	0
1803.679033	0	0
1803.729033	0	0
1803.779033	0	0
1803.829033	0	0
1803.879033	0	0
1803.929033	0	0
1803.979033	0	0
1804.029033	0	0
1804.079033	0	0
1804.129033	0	0
1804.179033	0	0
1804.229033	0	0
1804.279033	0	0
1804.329033	0	0
1804.379033	0	0
1804.429033	0	0
1804.479033	0	0
1804.529033	0	0
1804.579033	0	0
1804.629033	0	0
1804.679033	0	0
1804.729033	0	0
1804.779033	0	0
1804.829033	0	0
1804.879033	0	0
1804.929033	0	0
1804.979033	0	0
1805.029033	0	0
1805.079033	0	0
1805.129033	0	0
1805.179033	0	0
1805.229033	0	0
1805.279033	0	0
1805.329033	0	0
1805.379033	0	0
1805.429033	0	0
1805.479033	0	0
1805.529033	0	0
1805.579033	0	0
1805.629033	0	0
1805.679033	0	0
1805.729033	0	0
1805.779033	0	0
1805.829033	0	0
1805.879033	0	0
1805.929033	0	0
1805.979033	0	0
1806.029033	0	0
1806.079033	0	0
1806.129033	0	0
1806.179033	0	0
1806.229033	0	0
1806.279033	0	0
1806.329033	0	0
1806.379033	0	0
1806.429033	0	0
1806.479033	0	0
1806.529033	0	0
1806.579033	0	0
1806.629033	0	0
1806.679033	0	0
1806.729033	0	0
1806.779033	0	0
1806.829033	0	0
1806.879033	0	0
1806.929033	0	0
1806.979033	0	0
1807.029033	0	0
1807.079033	0	0
1807.129033	0	0
1807.179033	0	0
1807.229033	0	0
1807.279033	0	0
1807.329033	0	0
1807.379033	0	0
1807.429033	0	0
1807.479033	0	0
1807.529033	0	0
1807.579033	0	0
1807.629033	0	0
1807.679033	0	0
1807.729033	0	0
1807.779033	0	0
1807.829033	0	0
1807.879033	0	0
1807.929033	0	0
1807.979033	0	0
1808.029033	0	0
1808.079033	0	0
1808.129033	0	0
1808.179033	0	0
1808.229033	0	0
1808.279033	0	0
1808.329033	0	0
1808.379033	0	0
1808.429033	0	0
1808.479033	0	0
1808.529033	0	0
1808.579033	0	0
1808.629033	0	0
1808.679033	0	0
1808.729033	0	0
1808.779033	0	0
1808.829033	0	0
1808.879033	0	0
1808.929033	0	0
1808.979033	0	0
1809.029033	0	0
1809.098033	0	0
1809.134033	0	0
1809.180033	0	0
1809.229033	0	0
1809.279033	0	0
1809.329033	0	0
1809.379033	0	0
1809.429033	0	0
1809.479033	0	0
1809.529033	0	0
1809.579033	0	0
1809.629033	0	0
1809.679033	0	0
1809.729033	0	0
1809.779033	0	0
1809.829033	0	0
1809.879033	0	0
1809.929033	0	0
1809.979033	0	0
1810.029033	0	0
1810.079033	0	0
1810.129033	0	0
1810.179033	0	0
1810.229033	0	0
1810.279033	0	0
1810.329033	0	0
1810.379033	0	0
1810.429033	0	0
1810.479033	0	0
1810.529033	0	0
1810.579033	0	0
1810.629033	0	0
1810.679033	0	0
1810.729033	0	0
1810.779033	0	0
1810.829033	0	0
1810.879033	0	0
1810.929033	0	0
1810.979033	0	0
1811.029033	0	0
1811.079033	0	0
1811.129033	0	0
1811.179033	0	0
1811.229033	0	0
1811.279033	0	0
1811.329033	0	0
1811.380033	0	0
1811.429033	0	0
1811.479033	0	0
1811.529033	0	0
1811.579033	0	0
1811.629033	0	0
1811.679033	0	0
1811.729033	0	0
1811.779033	0	0
1811.829033	0	0
1811.879033	0	0
1811.929033	0	0
1811.979033	0	0
1812.029033	0	0
1812.079033	0	0
1812.129033	0	0
1812.179033	0	0
1812.229033	0	0
1812.279033	0	0
1812.329033	0	0
1812.380033	0	0
1812.429033	0	0
1812.479033	0	0
1812.529033	0	0
1812.579033	0	0
1812.629033	0	0
1812.679033	0	0
1812.729033	0	0
1812.779033	0	0
1812.829033	0	0
1812.880033	0	0
1812.929033	0	0
1812.979033	0	0
1813.029033	0	0
1813.079033	0	0
1813.129033	0	0
1813.179033	0	0
1813.229033	0	0
1813.278033	0	0
1813.328033	0	0
1813.378033	0	0
1813.428033	0	0
1813.478033	0	0
1813.528033	0	0
1813.578033	0	0
1813.628033	0	0
1813.678033	0	0
1813.728033	0	0
1813.778033	0	0
1813.828033	0	0
1813.878033	0	0
1813.928033	0	0
1813.978033	0	0
1814.028033	0	0
1814.078033	0	0
1814.128033	0	0
1814.178033	0	0
1814.228033	0	0
1814.278033	0	0
1814.328033	0	0
1814.378033	0	0
1814.428033	0	0
1814.478033	0	0
1814.528033	0	0
1814.578033	0	0
1814.628033	0	0
1814.678033	0	0
1814.728033	0	0
1814.778033	0	0
1814.828033	0	0
1814.878033	0	0
1814.928033	0	0
1814.978033	0	0
1815.028033	0	0
1815.078033	0	0
1815.128033	0	0
1815.178033	0	0
1815.228033	0	0
1815.278033	0	0
1815.328033	0	0
1815.378033	0	0
1815.428033	0	0
1815.478033	0	0
1815.528033	0	0
1815.578033	0	0
1815.628033	0	0
1815.678033	0	0
1815.728033	0	0
1815.778033	0	0
1815.828033	0	0
1815.878033	0	0
1815.928033	0	0
1815.978033	0	0
1816.028033	0	0
1816.078033	0	0
1816.128033	0	0
1816.178033	0	0
1816.228033	0	0
1816.278033	0	0
1816.328033	0	0
1816.378033	0	0
1816.428033	0	0
1816.478033	0	0
1816.528033	0	0
1816.578033	0	0
1816.628033	0	0
1816.678033	0	0
1816.728033	0	0
1816.778033	0	0
1816.828033	0	0
1816.878033	0	0
1816.928033	0	0
1816.978033	0	0
1817.028033	0	0
1817.078033	0	0
1817.128033	0	0
1817.178033	0	0
1817.228033	0	0
1817.278033	0	56
1817.328033	0	144
1817.378033	0	144
1817.428033	0	144
1817.478033	0	144
1817.528033	0	144
1817.578033	0	144
1817.628033	0	112
1817.678033	0	48
1817.728033	0	0
1817.778033	0	0
1817.828033	0	0
1817.878033	0	0
1817.928033	0	0
1817.978033	0	0
1818.028033	0	0
1818.078033	0	0
1818.128033	0	0
1818.178033	0	0
1818.228033	0	0
1818.278033	0	0
1818.328033	0	0
1818.378033	0	0
1818.428033	0	0
1818.478033	0	0
1818.528033	0	0
1818.578033	0	0
1818.628033	0	0
1818.678033	0	0
1818.728033	0	0
1818.778033	0	0
1818.828033	0	0
1818.878033	0	0
1818.928033	0	0
1818.978033	0	0
1819.028033	0	0
1819.078033	0	0
1819.128033	0	0
1819.178033	0	0
1819.228033	0	0
1819.278033	0	0
1819.328033	0	0
1819.378033	0	0
1819.428033	0	0
1819.478033	0	0
1819.528033	0	0
1819.578033	0	0
1819.628033	0	0
1819.678033	0	0
1819.728033	0	0
1819.778033	0	0
1819.828033	0	0
1819.878033	0	0
1819.928033	0	0
1819.978033	0	0
1820.028033	0	0
1820.078033	0	0
1820.128033	0	0
1820.178033	0	0
1820.228033	0	0
1820.278033	0	0
1820.328033	0	0
1820.378033	0	0
1820.428033	0	0
1820.478033	0	0
1820.528033	0	0
1820.578033	0	0
1820.628033	0	0
1820.678033	0	0
1820.728033	0	0
1820.778033	0	0
1820.828033	0	0
1820.880033	0	0
1820.928033	0	0
1820.978033	0	0
1821.028033	0	0
1821.245033	0	0
1821.328033	0	0
1821.377033	0	0
1821.439033	0	0
1821.477033	0	0
1821.527033	0	0
1821.577033	0	0
1821.627033	0	0
1821.677033	0	0
1821.727033	0	0
1821.777033	0	0
1821.827033	0	0
1821.877033	0	0
1821.927033	0	0
1821.977033	0	0
1822.027033	0	0
1822.077033	0	0
1822.127033	0	0
1822.177033	0	0
1822.227033	0	0
1822.277033	0	0
1822.327033	0	0
1822.377033	0	0
1822.427033	0	0
1822.477033	0	0
1822.527033	0	0
1822.577033	0	0
1822.627033	0	0
1822.677033	0	0
1822.727033	0	0
1822.777033	0	0
1822.827033	0	0
1822.877033	0	0
1822.927033	0	0
1822.977033	0	0
1823.027033	0	0
1823.077033	0	0
1823.127033	0	0
1823.177033	0	0
1823.227033	0	0
1823.277033	0	0
1823.327033	0	0
1823.377033	0	0
1823.427033	0	0
1823.477033	0	0
1823.527033	0	0
1823.577033	0	0
1823.627033	0	0
1823.677033	0	0
1823.727033	0	0
1823.777033	0	0
1823.827033	0	0
1823.877033	0	0
1823.927033	0	0
1823.977033	0	0
1824.027033	0	0
1824.077033	0	0
1824.127033	0	0
1824.177033	0	0
1824.227033	0	0
1824.277033	0	0
1824.327033	0	0
1824.377033	0	0
1824.427033	0	0
1824.477033	0	0
1824.527033	0	0
1824.577033	0	0
1824.627033	0	0
1824.677033	0	0
1824.727033	0	0
1824.778033	0	0
1824.827033	0	0
1824.877033	0	0
1824.927033	0	0
1824.977033	0	0
1825.027033	0	0
1825.077033	0	0
1825.127033	0	0
1825.177033	0	0
1825.227033	0	0
1825.277033	0	0
1825.327033	0	0
1825.377033	0	0
1825.427033	0	0
1825.477033	0	0
1825.527033	0	0
1825.577033	0	0
1825.627033	0	0
1825.678033	0	0
1825.727033	0	0
1825.777033	0	0
1825.827033	0	0
1825.877033	0	0
1825.927033	0	0
1825.977033	0	0
1826.027033	0	0
1826.077033	0	0
1826.127033	0	0
1826.177033	0	0
1826.227033	0	0
1826.277033	0	0
1826.327033	0	0
1826.377033	0	0
1826.427033	0	0
1826.477033	0	0
1826.527033	0	0
1826.577033	0	0
1826.627033	0	0
1826.677033	0	0
1826.727033	0	0
1826.777033	0	0
1826.827033	0	0
1826.877033	0	0
1826.927033	0	0
1826.977033	0	0
1827.027033	0	0
1827.077033	0	0
1827.127033	0	0
1827.177033	0	0
1827.227033	0	0
1827.277033	0	0
1827.327033	0	0
1827.377033	0	0
1827.427033	0	0
1827.477033	0	0
1827.527033	0	0
1827.577033	0	0
1827.627033	0	0
1827.677033	0	0
1827.727033	0	0
1827.777033	0	0
1827.827033	0	0
1827.877033	0	0
1827.927033	0	0
1827.977033	0	0
1828.027033	0	0
1828.077033	0	0
1828.127033	0	0
1828.177033	0	0
1828.227033	0	0
1828.277033	0	0
1828.327033	0	0
1828.377033	0	0
1828.427033	0	0
1828.477033	0	0
1828.527033	0	0
1828.577033	0	0
1828.627033	0	0
1828.677033	0	0
1828.727033	0	0
1828.777033	0	0
1828.827033	0	0
1828.877033	0	0
1828.927033	0	0
1828.977033	0	0
1829.027033	0	0
1829.077033	0	0
1829.127033	0	0
1829.177033	0	0
1829.227033	0	0
1829.277033	0	0
1829.327033	0	0
1829.377033	0	0
1829.427033	0	0
1829.477033	0	0
1829.527033	0	0
1829.577033	0	0
1829.627033	0	0
1829.677033	0	0
1829.727033	0	0
1829.777033	0	0
1829.827033	0	0
1829.877033	0	0
1829.927033	0	0
1829.977033	0	0
1830.027033	0	0
1830.077033	0	0
1830.127033	0	0
1830.177033	0	0
1830.227033	0	0
1830.277033	0	0
1830.327033	0	0
1830.377033	0	0
1830.427033	0	0
1830.477033	0	0
1830.527033	0	0
1830.577033	0	0
1830.627033	0	0
1830.677033	0	0
1830.726033	0	0
1830.776033	0	0
1830.826033	0	0
1830.876033	0	0
1830.926033	0	0
1830.976033	0	0
1831.026033	0	0
1831.076033	0	0
1831.126033	0	0
1831.176033	0	0
1831.226033	0	0
1831.276033	0	0
1831.326033	0	0
1831.376033	0	0
1831.426033	0	0
1831.476033	0	0
1831.526033	0	0
1831.576033	0	0
1831.626033	0	0
1831.676033	0	0
1831.726033	0	0
1831.776033	0	0
1831.826033	0	0
1831.876033	0	0
1831.926033	0	0
1831.976033	0	0
1832.026033	0	0
1832.076033	0	0
1832.126033	0	0
1832.176033	0	0
1832.226033	0	0
1832.276033	0	0
1832.326033	0	0
1832.376033	0	0
1832.426033	0	0
1832.476033	0	0
1832.526033	0	0
1832.576033	0	0
1832.626033	0	0
1832.676033	0	0
1832.726033	0	0
1832.776033	0	0
1832.826033	0	0
1832.876033	0	0
1832.926033	0	0
1832.976033	0	0
1833.026033	0	0
1833.076033	0	0
1833.126033	0	0
1833.176033	0	0
1833.226033	0	0
1833.276033	0	0
1833.326033	0	0
1833.376033	0	0
1833.426033	0	0
1833.476033	0	0
1833.526033	0	0
1833.576033	0	0
1833.626033	0	0
1833.676033	0	0
1833.726033	0	0
1833.776033	0	0
1833.826033	0	0
1833.876033	0	0
1833.926033	0	0
1833.976033	0	0
1834.026033	0	0
1834.076033	0	0
1834.126033	0	0
1834.176033	0	0
1834.226033	0	0
1834.276033	0	0
1834.326033	0	0
1834.376033	0	0
1834.426033	0	0
1834.476033	0	0
1834.526033	0	0
1834.576033	0	0
1834.626033	0	0
1834.676033	0	0
1834.726033	0	0
1834.776033	0	0
1834.826033	0	0
1834.876033	0	0
1834.926033	0	0
1834.976033	0	0
1835.026033	0	0
1835.076033	0	0
1835.126033	0	0
1835.176033	0	0
1835.226033	0	0
1835.276033	0	0
1835.326033	0	0
1835.376033	0	0
1835.426033	0	0
1835.476033	0	0
1835.526033	0	0
1835.576033	0	0
1835.626033	0	0
1835.676033	0	0
1835.726033	0	0
1835.776033	0	0
1835.826033	0	0
1835.876033	0	0
1835.926033	0	0
1835.976033	0	0
1836.026033	0	0
1836.076033	0	0
1836.126033	0	0
1836.176033	0	0
1836.226033	0	0
1836.276033	0	0
1836.326033	0	0
1836.376033	0	0
1836.426033	0	0
1836.476033	0	0
1836.526033	0	0
1836.576033	0	0
1836.626033	0	0
1836.676033	0	0
1836.726033	0	0
1836.776033	0	0
1836.826033	0	0
1836.876033	0	0
1836.926033	0	0
1836.976033	0	0
1837.026033	0	0
1837.076033	0	0
1837.126033	0	0
1837.176033	0	0
1837.226033	0	0
1837.276033	0	0
1837.326033	0	0
1837.376033	0	0
1837.426033	0	0
1837.476033	0	0
1837.526033	0	0
1837.576033	0	0
1837.626033	0	0
1837.676033	0	0
1837.726033	0	0
1837.776033	0	0
1837.826033	0	0
1837.876033	0	0
1837.926033	0	0
1837.976033	0	0
1838.026033	0	0
1838.076033	0	0
1838.126033	0	0
1838.176033	0	0
1838.226033	0	0
1838.276033	0	0
1838.326033	0	0
1838.376033	0	0
1838.426033	0	0
1838.476033	0	0
1838.526033	0	0
1838.576033	0	0
1838.626033	0	0
1838.676033	0	0
1838.726033	0	0
1838.776033	0	0
1838.826033	0	0
1838.876033	0	0
1838.926033	0	0
1838.976033	0	0
1839.026033	0	0
1839.076033	0	0
1839.126033	0	0
1839.176033	0	0
1839.226033	0	0
1839.276033	0	0
1839.326033	0	0
1839.376033	0	0
1839.426033	0	0
1839.476033	0	0
1839.526033	0	0
1839.576033	0	0
1839.626033	0	0
1839.676033	0	0
1839.726033	0	0
1839.776033	0	0
1839.826033	0	0
1839.876033	0	0
1839.926033	0	0
1839.976033	0	0
1840.026033	0	0
1840.076033	0	0
1840.126033	0	0
1840.176033	0	0
1840.226033	0	0
1840.276033	0	0
1840.326033	0	0
1840.376033	0	0
1840.426033	0	0
1840.476033	0	0
1840.526033	0	0
1840.576033	0	0
1840.626033	0	0
1840.676033	0	0
1840.726033	0	0
1840.776033	0	0
1840.826033	0	0
1840.876033	0	0
1840.926033	0	0
1840.976033	0	0
1841.026033	0	0
1841.097033	0	0
1841.126033	0	0
1841.176033	0	0
1841.226033	0	0
1841.276033	0	0
1841.326033	0	0
1841.376033	0	0
1841.426033	0	0
1841.476033	0	0
1841.526033	0	0
1841.576033	0	0
1841.626033	0	0
1841.676033	0	0
1841.726033	0	0
1841.776033	0	0
1841.826033	0	0
1841.876033	0	0
1841.926033	0	0
1841.976033	0	0
1842.026033	0	0
1842.076033	0	0
1842.126033	0	0
1842.176033	0	0
1842.226033	0	0
1842.276033	0	0
1842.326033	0	0
1842.376033	0	0
1842.426033	0	0
1842.476033	0	0
1842.526033	0	0
1842.576033	0	0
1842.626033	0	0
1842.676033	0	0
1842.726033	0	0
1842.776033	0	0
1842.826033	0	0
1842.876033	0	0
1842.926033	0	0
1842.976033	0	0
1843.026033	0	0
1843.076033	0	0
1843.126033	0	0
1843.176033	0	0
1843.226033	0	0
1843.276033	0	0
1843.326033	0	0
1843.376033	0	0
1843.426033	0	0
1843.476033	0	0
1843.526033	0	0
1843.576033	0	0
1843.626033	0	0
1843.676033	0	0
1843.726033	0	0
1843.776033	0	0
1843.826033	0	0
1843.876033	0	0
1843.926033	0	0
1843.976033	0	0
1844.026033	0	0
1844.076033	0	0
1844.126033	0	0
1844.176033	0	0
1844.226033	0	0
1844.276033	0	0
1844.326033	0	0
1844.376033	0	0
1844.426033	0	0
1844.476033	0	0
1844.526033	0	0
1844.576033	0	0
1844.626033	0	0
1844.676033	0	0
1844.726033	0	0
1844.776033	0	0
1844.826033	0	0
1844.876033	0	0
1844.926033	0	0
1844.976033	0	0
1845.026033	0	0
1845.076033	0	0
1845.126033	0	0
1845.176033	0	0
1845.226033	0	0
1845.276033	0	0
1845.326033	0	0
1845.376033	0	0
1845.426033	0	0
1845.476033	0	0
1845.526033	0	0
1845.576033	0	0
1845.626033	0	0
1845.676033	0	0
1845.726033	0	0
1845.776033	0	0
1845.826033	0	0
1845.876033	0	0
1845.926033	0	0
1845.976033	0	0
1846.026033	0	0
1846.076033	0	0
1846.126033	0	0
1846.176033	0	0
1846.226033	0	0
1846.276033	0	0
1846.326033	0	0
1846.376033	0	0
1846.426033	0	0
1846.476033	0	0
1846.526033	0	0
1846.576033	0	0
1846.626033	0	0
1846.676033	0	0
1846.726033	0	0
1846.776033	0	0
1846.826033	0	0
1846.876033	0	0
1846.926033	0	0
1846.976033	0	0
1847.026033	0	0
1847.076033	0	0
1847.126033	0	0
1847.176033	0	0
1847.226033	0	0
1847.276033	0	0
1847.326033	0	0
1847.376033	0	0
1847.426033	0	0
1847.476033	0	0
1847.526033	0	0
1847.576033	0	0
1847.626033	0	0
1847.676033	0	0
1847.726033	0	0
1847.776033	0	0
1847.826033	0	0
1847.876033	0	0
1847.926033	0	0
1847.976033	0	0
1848.026033	0	0
1848.076033	0	0
1848.126033	0	0
1848.176033	0	0
1848.225033	0	0
1848.275033	0	0
1848.325033	0	0
1848.375033	0	0
1848.425033	0	0
1848.475033	0	0
1848.525033	0	0
1848.575033	0	0
1848.625033	0	0
1848.675033	0	0
1848.725033	0	0
1848.775033	0	0
1848.825033	0	0
1848.875033	0	0
1848.925033	0	0
1848.975033	0	0
1849.025033	0	0
1849.075033	0	0
1849.125033	0	0
1849.175033	0	0
1849.225033	0	0
1849.275033	0	0
1849.325033	0	0
1849.375033	0	0
1849.425033	0	0
1849.475033	0	0
1849.525033	0	0
1849.575033	0	0
1849.625033	0	0
1849.675033	0	0
1849.725033	0	0
1849.775033	0	0
1849.825033	0	0
1849.875033	0	0
1849.925033	0	0
1849.975033	0	0
1850.025033	0	0
1850.075033	0	0
1850.125033	0	0
1850.175033	0	0
1850.225033	0	0
1850.275033	0	0
1850.325033	0	0
1850.375033	0	0
1850.425033	0	0
1850.475033	0	0
1850.525033	0	0
1850.575033	0	0
1850.625033	0	0
1850.675033	0	0
1850.725033	0	0
1850.775033	0	0
1850.825033	0	0
1850.875033	0	0
1850.925033	0	0
1850.975033	0	0
1851.025033	0	0
1851.075033	0	0
1851.125033	0	0
1851.175033	0	0
1851.225033	0	0
1851.275033	0	0
1851.325033	0	0
1851.375033	0	0
1851.425033	0	0
1851.475033	0	0
1851.525033	0	0
1851.575033	0	0
1851.625033	0	0
1851.675033	0	0
1851.725033	0	0
1851.775033	0	0
1851.825033	0	0
1851.875033	0	0
1851.925033	0	0
1851.975033	0	0
1852.025033	0	0
1852.075033	0	0
1852.125033	0	0
1852.175033	0	0
1852.225033	0	0
1852.275033	0	0
1852.325033	0	0
1852.375033	0	0
1852.425033	0	0
1852.475033	0	0
1852.525033	0	0
1852.575033	0	0
1852.625033	0	0
1852.675033	0	0
1852.725033	0	0
1852.775033	0	0
1852.825033	0	0
1852.875033	0	0
1852.925033	0	0
1852.975033	0	0
1853.025033	0	0
1853.075033	0	0
1853.125033	0	0
1853.175033	0	0
1853.225033	0	0
1853.275033	0	0
1853.325033	0	0
1853.375033	0	0
1853.425033	0	0
1853.475033	0	0
1853.525033	0	0
1853.575033	0	0
1853.625033	0	0
1853.675033	0	0
1853.725033	0	0
1853.775033	0	0
1853.825033	0	0
1853.875033	0	0
1853.925033	0	0
1853.975033	0	0
1854.025033	0	0
1854.075033	0	0
1854.125033	0	0
1854.175033	0	0
1854.225033	0	0
1854.275033	0	0
1854.325033	0	0
1854.375033	0	0
1854.425033	0	0
1854.475033	0	0
1854.525033	0	0
1854.575033	0	0
1854.625033	0	0
1854.675033	0	0
1854.725033	0	0
1854.775033	0	0
1854.825033	0	0
1854.875033	0	0
1854.925033	0	0
1854.975033	0	0
1855.025033	0	0
1855.075033	0	0
1855.125033	0	0
1855.175033	0	0
1855.225033	0	0
1855.275033	0	0
1855.325033	0	0
1855.375033	0	0
1855.425033	0	0
1855.475033	0	0
1855.525033	0	0
1855.575033	0	0
1855.625033	0	0
1855.675033	0	0
1855.725033	0	0
1855.775033	0	0
1855.825033	0	0
1855.875033	0	0
1855.925033	0	0
1855.975033	0	0
1856.025033	0	0
1856.075033	0	0
1856.125033	0	0
1856.175033	0	0
1856.225033	0	0
1856.275033	0	0
1856.325033	0	0
1856.375033	0	0
1856.425033	0	0
1856.475033	0	0
1856.525033	0	0
1856.575033	0	0
1856.625033	0	0
1856.675033	0	0
1856.725033	0	0
1856.775033	0	0
1856.825033	0	0
1856.875033	0	0
1856.925033	0	0
1856.975033	0	0
1857.025033	0	0
1857.075033	0	0
1857.125033	0	0
1857.175033	0	0
1857.225033	0	0
1857.275033	0	0
1857.325033	0	0
1857.375033	0	0
1857.425033	0	0
1857.475033	0	0
1857.525033	0	0
1857.575033	0	0
1857.625033	0	0
1857.675033	0	0
1857.725033	0	0
1857.775033	0	0
1857.825033	0	0
1857.875033	0	0
1857.925033	0	0
1857.975033	0	0
1858.025033	0	0
1858.075033	0	0
1858.125033	0	0
1858.175033	0	0
1858.225033	0	0
1858.275033	0	0
1858.325033	0	0
1858.375033	0	0
1858.425033	0	0
1858.475033	0	0
1858.525033	0	0
1858.575033	0	0
1858.625033	0	0
1858.675033	0	0
1858.725033	0	0
1858.775033	0	0
1858.825033	0	0
1858.875033	0	0
1858.925033	0	0
1858.975033	0	0
1859.025033	0	0
1859.075033	0	0
1859.125033	0	0
1859.175033	0	0
1859.225033	0	0
1859.275033	0	0
1859.325033	0	0
1859.375033	0	0
1859.425033	0	0
1859.475033	0	0
1859.525033	0	0
1859.575033	0	0
1859.625033	0	0
1859.675033	0	0
1859.725033	0	0
1859.775033	0	0
1859.825033	0	0
1859.875033	0	0
1859.925033	0	0
1859.975033	0	0
1860.025033	0	0
1860.075033	0	0
1860.125033	0	0
1860.175033	0	0
1860.225033	0	0
1860.275033	0	0
1860.325033	0	0
1860.375033	0	0
1860.425033	0	0
1860.475033	0	0
1860.525033	0	0
1860.575033	0	0
1860.625033	0	0
1860.675033	0	0
1860.725033	0	0
1860.775033	0	0
1860.825033	0	0
1860.875033	0	0
1860.925033	0	0
1860.975033	0	0
1861.025033	0	0
1861.075033	0	0
1861.125033	0	0
1861.175033	0	0
1861.225033	0	0
1861.275033	0	0
1861.325033	0	0
1861.375033	0	0
1861.425033	0	0
1861.475033	0	0
1861.525033	0	0
1861.575033	0	0
1861.625033	0	0
1861.675033	0	0
1861.725033	0	0
1861.775033	0	0
1861.825033	0	0
1861.875033	0	0
1861.925033	0	0
1861.975033	0	0
1862.025033	0	0
1862.075033	0	0
1862.125033	0	0
1862.175033	0	0
1862.225033	0	0
1862.275033	0	0
1862.325033	0	0
1862.375033	0	0
1862.425033	0	0
1862.475033	0	0
1862.525033	0	0
1862.575033	0	0
1862.625033	0	0
1862.675033	0	0
1862.725033	0	0
1862.775033	0	0
1862.825033	0	0
1862.875033	0	0
1862.925033	0	0
1862.975033	0	0
1863.025033	0	0
1863.075033	0	0
1863.125033	0	0
1863.175033	0	0
1863.225033	0	0
1863.275033	0	0
1863.325033	0	0
1863.375033	0	0
1863.425033	0	0
1863.475033	0	0
1863.525033	0	0
1863.575033	0	0
1863.625033	0	0
1863.675033	0	0
1863.725033	0	0
1863.775033	0	0
1863.825033	0	0
1863.875033	0	0
1863.925033	0	0
1863.975033	0	0
1864.025033	0	0
1864.075033	0	0
1864.125033	0	0
1864.175033	0	0
1864.225033	0	0
1864.275033	0	0
1864.325033	0	0
1864.375033	0	0
1864.425033	0	0
1864.475033	0	0
1864.525033	0	0
1864.575033	0	0
1864.625033	0	0
1864.675033	0	0
1864.725033	0	0
1864.775033	0	0
1864.825033	0	0
1864.875033	0	0
1864.925033	0	0
1864.975033	0	0
1865.025033	0	0
1865.075033	0	0
1865.125033	0	0
1865.175033	0	0
1865.225033	0	0
1865.275033	0	0
1865.325033	0	0
1865.375033	0	0
1865.425033	0	0
1865.475033	0	0
1865.525033	0	0
1865.575033	0	0
1865.625033	0	0
1865.675033	0	0
1865.724033	0	0
1865.774033	0	0
1865.824033	0	0
1865.874033	0	0
1865.924033	0	0
1865.974033	0	0
1866.024033	0	0
1866.074033	0	0
1866.124033	0	0
1866.174033	0	0
1866.224033	0	0
1866.274033	0	0
1866.324033	0	0
1866.374033	0	0
1866.424033	0	0
1866.474033	0	0
1866.524033	0	0
1866.574033	0	0
1866.624033	0	0
1866.674033	0	0
1866.724033	0	0
1866.774033	0	0
1866.824033	0	0
1866.874033	0	0
1866.924033	0	0
1866.974033	0	0
1867.024033	0	0
1867.074033	0	0
1867.124033	0	0
1867.174033	0	0
1867.224033	0	0
1867.274033	0	0
1867.324033	0	0
1867.374033	0	0
1867.424033	0	0
1867.474033	0	0
1867.524033	0	0
1867.574033	0	0
1867.624033	0	0
1867.674033	0	0
1867.724033	0	0
1867.774033	0	0
1867.824033	0	0
1867.874033	0	0
1867.924033	0	0
1867.974033	0	0
1868.024033	0	0
1868.074033	0	0
1868.124033	0	0
1868.174033	0	0
1868.224033	0	0
1868.274033	0	0
1868.324033	0	0
1868.374033	0	0
1868.424033	0	0
1868.474033	0	0
1868.524033	0	0
1868.574033	0	0
1868.624033	0	0
1868.674033	0	0
1868.724033	0	0
1868.774033	0	0
1868.824033	0	0
1868.874033	0	0
1868.924033	0	0
1868.974033	0	0
1869.024033	0	0
1869.074033	0	0
1869.124033	0	0
1869.174033	0	0
1869.224033	0	0
1869.274033	0	0
1869.324033	0	0
1869.374033	0	0
1869.424033	0	0
1869.474033	0	0
1869.524033	0	0
1869.574033	0	0
1869.624033	0	0
1869.674033	0	0
1869.724033	0	0
1869.774033	0	0
1869.824033	0	0
1869.874033	0	0
1869.924033	0	0
1869.974033	0	0
1870.024033	0	0
1870.074033	0	0
1870.124033	0	0
1870.174033	0	0
1870.224033	0	0
1870.274033	0	0
1870.324033	0	0
1870.374033	0	0
1870.424033	0	0
1870.474033	0	0
1870.524033	0	0
1870.574033	0	0
1870.624033	0	0
1870.674033	0	0
1870.724033	0	0
1870.774033	0	0
1870.824033	0	0
1870.874033	0	0
1870.924033	0	0
1870.974033	0	0
1871.024033	0	0
1871.074033	0	0
1871.124033	0	0
1871.174033	0	0
1871.224033	0	0
1871.274033	0	0
1871.324033	0	0
1871.374033	0	0
1871.424033	0	0
1871.474033	0	0
1871.524033	0	0
1871.574033	0	0
1871.624033	0	0
1871.674033	0	0
1871.724033	0	0
1871.774033	0	0
1871.824033	0	0
1871.874033	0	0
1871.924033	0	0
1871.974033	0	0
1872.024033	0	0
1872.074033	0	0
1872.124033	0	0
1872.174033	0	0
1872.224033	0	0
1872.274033	0	0
1872.324033	0	0
1872.374033	0	0
1872.424033	0	0
1872.474033	0	0
1872.524033	0	0
1872.574033	0	0
1872.624033	0	0
1872.674033	0	0
1872.724033	0	0
1872.774033	0	0
1872.824033	0	0
1872.874033	0	0
1872.924033	0	0
1872.974033	0	0
1873.024033	0	0
1873.074033	0	0
1873.124033	0	0
1873.174033	0	0
1873.224033	0	0
1873.274033	0	0
1873.324033	0	0
1873.374033	0	0
1873.424033	0	0
1873.474033	0	0
1873.524033	0	0
1873.574033	0	0
1873.624033	0	0
1873.674033	0	0
1873.724033	0	0
1873.774033	0	0
1873.824033	0	0
1873.874033	0	0
1873.924033	0	0
1873.974033	0	0
1874.024033	0	0
1874.074033	0	0
1874.124033	0	0
1874.174033	0	0
1874.224033	0	0
1874.274033	0	0
1874.324033	0	0
1874.374033	0	0
1874.424033	0	0
1874.474033	0	0
1874.524033	0	0
1874.574033	0	0
1874.624033	0	0
1874.674033	0	0
1874.724033	0	0
1874.774033	0	0
1874.824033	0	0
1874.874033	0	0
1874.924033	0	0
1874.974033	0	0
1875.024033	0	0
1875.074033	0	0
1875.124033	0	0
1875.174033	0	0
1875.224033	0	0
1875.274033	0	0
1875.324033	0	0
1875.374033	0	0
1875.424033	0	0
1875.474033	0	0
1875.524033	0	0
1875.574033	0	0
1875.624033	0	0
1875.674033	0	0
1875.724033	0	0
1875.774033	0	0
1875.824033	0	0
1875.874033	0	0
1875.924033	0	0
1875.974033	0	0
1876.024033	0	0
1876.074033	0	0
1876.124033	0	0
1876.174033	0	0
1876.224033	0	0
1876.274033	0	0
1876.324033	0	0
1876.374033	0	0
1876.424033	0	64
1876.474033	0	96
1876.524033	0	112
1876.574033	0	112
1876.624033	0	112
1876.674033	0	112
1876.724033	0	112
1876.774033	0	112
1876.824033	0	112
1876.874033	0	112
1876.924033	0	112
1876.974033	0	112
1877.024033	0	112
1877.074033	0	112
1877.124033	0	112
1877.174033	0	112
1877.224033	0	112
1877.274033	0	112
1877.324033	0	112
1877.374033	0	112
1877.424033	0	112
1877.474033	0	112
1877.524033	0	112
1877.574033	0	112
1877.624033	0	112
1877.674033	0	112
1877.724033	0	112
1877.774033	0	112
1877.824033	0	112
1877.874033	0	112
1877.924033	0	112
1877.974033	0	112
1878.024033	0	112
1878.081033	0	112
1878.124033	0	112
1878.174033	0	112
1878.224033	0	112
1878.274033	0	112
1878.324033	0	112
1878.374033	0	112
1878.424033	0	112
1878.474033	0	112
1878.524033	0	112
1878.574033	0	112
1878.624033	0	112
1878.674033	0	112
1878.724033	0	112
1878.774033	0	112
1878.824033	0	112
1878.874033	0	112
1878.924033	0	112
1878.974033	0	112
1879.024033	0	112
1879.074033	0	112
1879.124033	0	112
1879.174033	0	112
1879.224033	0	112
1879.274033	0	112
1879.324033	0	112
1879.374033	0	112
1879.424033	0	112
1879.474033	0	112
1879.524033	0	112
1879.574033	0	112
1879.624033	0	112
1879.674033	0	112
1879.724033	0	112
1879.774033	0	112
1879.824033	0	112
1879.874033	0	112
1879.924033	0	112
1879.974033	0	112
1880.024033	0	112
1880.074033	0	112
1880.124033	0	112
1880.174033	0	112
1880.224033	0	112
1880.274033	0	112
1880.324033	0	112
1880.374033	0	112
1880.424033	0	112
1880.474033	0	112
1880.524033	0	112
1880.585033	0	112
1880.624033	0	112
1880.674033	0	112
1880.724033	0	112
1880.774033	0	112
1880.824033	0	112
1880.881033	0	112
1880.924033	0	112
1880.974033	0	112
1881.024033	0	88
1881.074033	0	88
1881.124033	0	0
1881.174033	0	0
1881.224033	0	0
1881.274033	0	0
1881.324033	0	0
1881.374033	0	0
1881.424033	0	0
1881.474033	0	0
1881.524033	0	0
1881.574033	0	0
1881.624033	0	0
1881.674033	0	0
1881.724033	0	0
1881.774033	0	0
1881.824033	0	0
1881.874033	0	0
1881.924033	0	0
1881.974033	0	0
1882.024033	0	0
1882.074033	0	0
1882.124033	0	0
1882.174033	0	0
1882.224033	0	0
1882.274033	0	0
1882.324033	0	0
1882.374033	0	0
1882.424033	0	0
1882.474033	0	0
1882.524033	0	0
1882.574033	0	0
1882.624033	0	0
1882.674033	0	0
1882.724033	0	0
1882.774033	0	0
1882.824033	0	0
1882.874033	0	0
1882.924033	0	0
1882.974033	0	0
1883.024033	0	0
1883.074033	0	0
1883.124033	0	0
1883.173033	0	0
1883.223033	0	0
1883.273033	0	0
1883.323033	0	0
1883.373033	0	0
1883.423033	0	0
1883.473033	0	0
1883.523033	0	0
1883.573033	0	0
1883.623033	0	0
1883.673033	0	0
1883.723033	0	0
1883.773033	0	0
1883.823033	0	0
1883.873033	0	0
1883.923033	0	0
1883.973033	0	0
1884.023033	0	0
1884.073033	0	0
1884.123033	0	0
1884.173033	0	0
1884.223033	0	0
1884.273033	0	0
1884.323033	0	0
1884.373033	0	0
1884.423033	0	0
1884.473033	0	0
1884.523033	0	0
1884.573033	0	0
1884.623033	0	0
1884.673033	0	0
1884.723033	0	0
1884.773033	0	0
1884.823033	0	0
1884.873033	0	0
1884.923033	0	0
1884.973033	0	0
1885.023033	0	0
1885.073033	0	0
1885.123033	0	0
1885.173033	0	0
1885.223033	0	0
1885.273033	0	0
1885.323033	0	0
1885.373033	0	0
1885.423033	0	0
1885.473033	0	0
1885.523033	0	0
1885.573033	0	0
1885.623033	0	0
1885.673033	0	0
1885.723033	0	0
1885.773033	0	0
1885.823033	0	0
1885.873033	0	0
1885.923033	0	0
1885.973033	0	0
1886.023033	0	0
1886.073033	0	0
1886.123033	0	0
1886.173033	0	0
1886.223033	0	0
1886.273033	0	0
1886.323033	0	0
1886.373033	0	0
1886.423033	0	0
1886.473033	0	0
1886.523033	0	0
1886.573033	0	0
1886.623033	0	0
1886.673033	0	0
1886.723033	0	0
1886.773033	0	0
1886.823033	0	0
1886.873033	0	0
1886.923033	0	0
1886.973033	0	0
1887.023033	0	0
1887.073033	0	0
1887.123033	0	0
1887.173033	0	0
1887.223033	0	0
1887.273033	0	0
1887.323033	0	0
1887.373033	0	0
1887.423033	0	0
1887.473033	0	0
1887.523033	0	0
1887.573033	0	0
1887.623033	0	0
1887.673033	0	0
1887.723033	0	0
1887.773033	0	0
1887.823033	0	0
1887.873033	0	0
1887.923033	0	0
1887.973033	0	0
1888.023033	0	0
1888.073033	0	0
1888.123033	0	0
1888.173033	0	0
1888.223033	0	0
1888.273033	0	0
1888.323033	0	0
1888.373033	0	0
1888.423033	0	0
1888.473033	0	0
1888.523033	0	0
1888.573033	0	0
1888.623033	0	0
1888.673033	0	0
1888.723033	0	0
1888.773033	0	0
1888.823033	0	0
1888.873033	0	0
1888.923033	0	0
1888.973033	0	0
1889.023033	0	0
1889.073033	0	0
1889.123033	0	0
1889.173033	0	0
1889.223033	0	0
1889.273033	0	0
1889.323033	0	0
1889.373033	0	0
1889.423033	0	0
1889.473033	0	0
1889.523033	0	0
1889.573033	0	0
1889.623033	0	0
1889.673033	0	0
1889.723033	0	0
1889.773033	0	0
1889.823033	0	0
1889.873033	0	0
1889.923033	0	0
1889.973033	0	0
1890.023033	0	0
1890.073033	0	0
1890.123033	0	0
1890.173033	0	0
1890.223033	0	0
1890.273033	0	0
1890.323033	0	0
1890.373033	0	0
1890.423033	0	0
1890.473033	0	0
1890.523033	0	0
1890.573033	0	0
1890.623033	0	0
1890.673033	0	0
1890.723033	0	0
1890.773033	0	0
1890.823033	0	0
1890.873033	0	0
1890.923033	0	0
1890.973033	0	0
1891.023033	0	0
1891.073033	0	0
1891.123033	0	0
1891.173033	0	0
1891.223033	0	0
1891.273033	0	0
1891.323033	0	0
1891.373033	0	0
1891.423033	0	0
1891.473033	0	0
1891.523033	0	0
1891.573033	0	0
1891.623033	0	0
1891.673033	0	0
1891.723033	0	0
1891.773033	0	0
1891.823033	0	0
1891.873033	0	0
1891.923033	0	0
1891.973033	0	0
1892.023033	0	0
1892.073033	0	0
1892.123033	0	0
1892.173033	0	0
1892.223033	0	0
1892.273033	0	0
1892.323033	0	0
1892.373033	0	0
1892.423033	0	0
1892.473033	0	0
1892.523033	0	0
1892.573033	0	0
1892.623033	0	0
1892.673033	0	0
1892.723033	0	0
1892.773033	0	0
1892.823033	0	0
1892.873033	0	0
1892.923033	0	0
1892.973033	0	0
1893.023033	0	0
1893.073033	0	0
1893.123033	0	0
1893.173033	0	0
1893.223033	0	0
1893.273033	0	0
1893.323033	0	0
1893.373033	0	0
1893.423033	0	0
1893.473033	0	0
1893.523033	0	0
1893.573033	0	0
1893.623033	0	0
1893.673033	0	0
1893.723033	0	0
1893.773033	0	0
1893.823033	0	0
1893.873033	0	0
1893.923033	0	0
1893.973033	0	0
1894.023033	0	0
1894.073033	0	0
1894.123033	0	0
1894.173033	0	0
1894.223033	0	0
1894.273033	0	0
1894.323033	0	0
1894.373033	0	0
1894.423033	0	0
1894.473033	0	0
1894.523033	0	0
1894.573033	0	0
1894.623033	0	0
1894.673033	0	0
1894.723033	0	0
1894.773033	0	0
1894.823033	0	0
1894.873033	0	0
1894.923033	0	0
1894.973033	0	0
1895.023033	0	0
1895.073033	0	0
1895.123033	0	0
1895.173033	0	0
1895.223033	0	0
1895.273033	0	0
1895.323033	0	0
1895.373033	0	0
1895.423033	0	0
1895.473033	0	0
1895.523033	0	0
1895.573033	0	0
1895.623033	0	0
1895.673033	0	0
1895.723033	0	0
1895.773033	0	0
1895.823033	0	0
1895.873033	0	0
1895.923033	0	0
1895.973033	0	0
1896.023033	0	0
1896.073033	0	0
1896.123033	0	0
1896.173033	0	0
1896.223033	0	0
1896.273033	0	0
1896.323033	0	0
1896.373033	0	0
1896.423033	0	0
1896.473033	0	0
1896.523033	0	-165
1896.573033	0	-265
1896.623033	0	-729
1896.673033	0	-781
1896.723033	0	-853
1896.773033	0	-1093
1896.823033	0	-1549
1896.873033	33	-1885
1896.923033	41	-1937
1896.973033	41	-1937
1897.023033	69	-1937
1897.073033	85	-1937
1897.123033	85	-1937
1897.173033	85	-1993
1897.223033	85	-2121
1897.273033	149	-2165
1897.323033	269	-2717
1897.373033	385	-3141
1897.423033	437	-3569
1897.473033	441	-3833
1897.523033	441	-4141
1897.573033	441	-4213
1897.623033	441	-4273
1897.678033	441	-4321
1897.723033	441	-4329
1897.773033	441	-4361
1897.823033	441	-4505
1897.873033	441	-4625
1897.923033	441	-5053
1897.973033	441	-5161
1898.023033	441	-5261
1898.073033	441	-5261
1898.123033	441	-5285
1898.173033	421	-5433
1898.223033	305	-5626
1898.273033	269	-5694
1898.323033	177	-5734
1898.373033	109	-5790
1898.423033	-12	-5790
1898.473033	-136	-5798
1898.523033	-304	-5954
1898.573033	-548	-6334
1898.623033	-780	-6766
1898.673033	-872	-7274
1898.723033	-872	-7658
1898.773033	-872	-7918
1898.823033	-872	-8146
1898.873033	-872	-8442
1898.923033	-872	-8542
1898.973033	-840	-8542
1899.023033	-664	-8238
1899.073033	-572	-8170
1899.123033	-572	-8094
1899.173033	-560	-8094
1899.223033	-556	-8094
1899.273033	-556	-8094
1899.323033	-556	-8094
1899.373033	-556	-8094
1899.423033	-556	-8094
1899.473033	-556	-8094
1899.523033	-556	-8094
1899.573033	-556	-8094
1899.623033	-556	-8094
1899.673033	-556	-8094
1899.723033	-556	-8106
1899.773033	-556	-8138
1899.823033	-556	-8138
1899.873033	-556	-8186
1899.923033	-556	-8202
1899.973033	-556	-8250
1900.023033	-556	-8398
1900.073033	-512	-8518
1900.123033	-412	-8622
1900.173033	-368	-8622
1900.223033	-352	-8718
1900.273033	-292	-8770
1900.323033	-244	-8810
1900.373033	-220	-8830
1900.423033	-128	-8870
1900.473033	-100	-8898
1900.523033	-36	-8898
1900.573033	-24	-8906
1900.623033	-12	-8906
1900.672033	0	-8906
1900.722033	9	-8906
1900.772033	9	-8906
1900.822033	9	-8906
1900.872033	9	-8906
1900.922033	9	-8906
1900.972033	9	-8906
1901.022033	9	-8906
1901.072033	9	-8906
1901.122033	9	-8910
1901.172033	9	-8942
1901.222033	9	-8942
1901.272033	9	-8942
1901.322033	9	-8942
1901.372033	9	-8942
1901.422033	9	-8942
1901.472033	9	-8942
1901.522033	9	-8942
1901.572033	9	-8942
1901.622033	9	-8942
1901.672033	9	-8942
1901.722033	9	-8942
1901.772033	9	-8942
1901.822033	9	-8942
1901.872033	9	-8942
1901.922033	9	-8942
1901.972033	9	-8942
1902.022033	9	-8942
1902.072033	9	-8946
1902.122033	9	-8946
1902.172033	9	-8974
1902.222033	9	-8974
1902.272033	9	-8974
1902.322033	9	-8974
1902.372033	9	-8998
1902.422033	9	-8998
1902.472033	9	-8998
1902.522033	9	-8998
1902.572033	9	-8998
1902.622033	9	-8998
1902.672033	9	-8998
1902.722033	9	-8998
1902.772033	9	-8998
1902.822033	9	-8998
1902.872033	9	-8998
1902.922033	9	-8998
1902.972033	9	-8998
1903.022033	9	-8998
1903.072033	9	-8998
1903.122033	9	-8998
1903.172033	9	-8998
1903.222033	37	-8998
1903.272033	37	-8998
1903.322033	37	-8998
1903.372033	41	-8998
1903.422033	69	-8998
1903.472033	69	-8998
1903.522033	69	-8998
1903.572033	69	-8998
1903.622033	77	-8998
1903.672033	85	-8998
1903.722033	113	-8998
1903.772033	149	-8998
1903.822033	149	-8998
1903.872033	149	-8998
1903.922033	149	-8998
1903.972033	149	-8998
1904.022033	149	-8978
1904.072033	153	-8970
1904.122033	153	-8902
1904.172033	153	-8834
1904.222033	153	-8826
1904.272033	153	-8638
1904.322033	153	-8314
1904.372033	185	-8290
1904.422033	201	-8182
1904.472033	201	-8166
1904.522033	329	-7734
1904.572033	353	-7666
1904.622033	353	-7666
1904.672033	357	-7666
1904.722033	357	-7666
1904.772033	357	-7666
1904.822033	361	-7666
1904.872033	361	-7666
1904.922033	361	-7666
1904.972033	361	-7666
1905.022033	361	-7674
1905.072033	361	-7746
1905.136033	361	-7910
1905.172033	361	-8038
1905.222033	361	-8290
1905.272033	361	-8434
1905.322033	361	-8446
1905.372033	361	-8466
1905.422033	361	-8466
1905.472033	313	-8466
1905.522033	233	-8490
1905.572033	157	-8490
1905.622033	137	-8490
1905.672033	101	-8490
1905.722033	25	-8490
1905.772033	13	-8490
1905.822033	13	-8490
1905.872033	13	-8490
1905.922033	13	-8490
1905.972033	13	-8490
1906.022033	13	-8566
1906.084033	13	-8566
1906.122033	13	-8590
1906.172033	13	-8590
1906.222033	13	-8590
1906.272033	13	-8590
1906.322033	13	-8590
1906.372033	13	-8590
1906.422033	13	-8590
1906.472033	13	-8590
1906.522033	13	-8590
1906.572033	13	-8590
1906.622033	13	-8590
1906.672033	13	-8590
1906.722033	13	-8590
1906.772033	13	-8590
1906.822033	13	-8590
1906.872033	13	-8590
1906.922033	13	-8590
1906.972033	13	-8590
1907.022033	13	-8590
1907.072033	13	-8590
1907.122033	13	-8590
1907.172033	13	-8590
1907.222033	13	-8590
1907.272033	5	-8590
1907.322033	-4	-8590
1907.372033	-12	-8590
1907.422033	-28	-8590
1907.472033	-40	-8590
1907.522033	-40	-8590
1907.572033	-40	-8590
1907.622033	-40	-8590
1907.672033	-40	-8590
1907.722033	-40	-8590
1907.772033	-48	-8590
1907.822033	-48	-8590
1907.872033	-48	-8590
1907.922033	-48	-8590
1907.972033	-48	-8590
1908.022033	-72	-8590
1908.072033	-72	-8590
1908.122033	-72	-8590
1908.172033	-72	-8590
1908.222033	-72	-8590
1908.272033	-72	-8590
1908.322033	-96	-8590
1908.372033	-96	-8590
1908.422033	-96	-8590
1908.475033	-96	-8590
1908.522033	-112	-8590
1908.572033	-112	-8590
1908.622033	-112	-8590
1908.672033	-116	-8590
1908.722033	-120	-8590
1908.772033	-120	-8590
1908.822033	-124	-8590
1908.872033	-124	-8590
1908.922033	-128	-8590
1908.972033	-128	-8590
1909.022033	-128	-8590
1909.072033	-128	-8590
1909.122033	-128	-8590
1909.172033	-128	-8590
1909.222033	-132	-8590
1909.272033	-144	-8590
1909.322033	-144	-8590
1909.372033	-144	-8590
1909.422033	-144	-8590
1909.472033	-144	-8590
1909.522033	-164	-8590
1909.572033	-164	-8590
1909.622033	-164	-8590
1909.672033	-164	-8590
1909.722033	-164	-8590
1909.772033	-164	-8590
1909.822033	-164	-8590
1909.872033	-164	-8590
1909.922033	-164	-8590
1909.972033	-164	-8590
1910.022033	-164	-8590
1910.072033	-164	-8590
1910.122033	-164	-8590
1910.172033	-164	-8590
1910.222033	-164	-8590
1910.272033	-164	-8590
1910.322033	-164	-8590
1910.372033	-164	-8590
1910.422033	-164	-8590
1910.472033	-164	-8590
1910.522033	-164	-8590
1910.572033	-164	-8590
1910.622033	-164	-8590
1910.672033	-164	-8590
1910.722033	-164	-8590
1910.772033	-164	-8590
1910.822033	-164	-8590
1910.875033	-164	-8590
1910.922033	-164	-8590
1910.972033	-164	-8590
1911.022033	-164	-8590
1911.072033	-164	-8590
1911.122033	-164	-8590
1911.172033	-164	-8590
1911.222033	-164	-8590
1911.272033	-164	-8590
1911.322033	-164	-8590
1911.372033	-164	-8590
1911.422033	-164	-8590
1911.475033	-172	-8590
1911.522033	-196	-8590
1911.572033	-196	-8590
1911.622033	-200	-8590
1911.672033	-208	-8590
1911.722033	-240	-8590
1911.772033	-240	-8590
1911.822033	-244	-8590
1911.872033	-280	-8590
1911.922033	-300	-8590
1911.972033	-324	-8590
1912.022033	-356	-8590
1912.072033	-388	-8590
1912.122033	-396	-8590
1912.172033	-404	-8590
1912.222033	-424	-8590
1912.272033	-452	-8590
1912.322033	-452	-8590
1912.372033	-472	-8590
1912.422033	-496	-8590
1912.472033	-500	-8590
1912.522033	-500	-8590
1912.572033	-504	-8590
1912.622033	-508	-8590
1912.672033	-508	-8590
1912.722033	-512	-8590
1912.772033	-512	-8590
1912.822033	-512	-8590
1912.872033	-528	-8590
1912.922033	-540	-8590
1912.972033	-540	-8590
1913.022033	-540	-8590
1913.072033	-548	-8590
1913.122033	-560	-8590
1913.172033	-592	-8590
1913.222033	-604	-8590
1913.272033	-696	-8590
1913.322033	-812	-8590
1913.372033	-928	-8590
1913.422033	-1012	-8590
1913.472033	-1248	-8590
1913.522033	-1456	-8590
1913.572033	-1524	-8590
1913.622033	-1584	-8590
1913.672033	-1624	-8590
1913.722033	-1624	-8590
1913.772033	-1628	-8590
1913.822033	-1628	-8590
1913.872033	-1628	-8590
1913.922033	-1628	-8590
1913.972033	-1628	-8590
1914.022033	-1628	-8590
1914.072033	-1628	-8590
1914.122033	-1628	-8590
1914.172033	-1628	-8590
1914.222033	-1628	-8590
1914.272033	-1628	-8590
1914.322033	-1628	-8590
1914.372033	-1628	-8590
1914.422033	-1628	-8590
1914.475033	-1628	-8590
1914.522033	-1628	-8590
1914.572033	-1628	-8590
1914.622033	-1628	-8590
1914.672033	-1628	-8590
1914.722033	-1628	-8590
1914.772033	-1628	-8590
1914.822033	-1628	-8590
1914.872033	-1628	-8590
1914.922033	-1628	-8590
1914.972033	-1628	-8590
1915.022033	-1628	-8590
1915.072033	-1628	-8590
1915.122033	-1628	-8590
1915.172033	-1628	-8590
1915.222033	-1628	-8590
1915.272033	-1628	-8590
1915.322033	-1628	-8590
1915.372033	-1628	-8590
1915.422033	-1628	-8590
1915.472033	-1628	-8590
1915.522033	-1628	-8590
1915.572033	-1628	-8590
1915.622033	-1628	-8590
1915.672033	-1628	-8590
1915.722033	-1628	-8590
1915.772033	-1628	-8590
1915.822033	-1628	-8590
1915.872033	-1628	-8590
1915.922033	-1628	-8590
1915.972033	-1628	-8590
1916.022033	-1628	-8590
1916.072033	-1628	-8590
1916.122033	-1628	-8590
1916.172033	-1628	-8590
1916.222033	-1628	-8590
1916.272033	-1628	-8590
1916.322033	-1628	-8590
1916.372033	-1628	-8602
1916.422033	-1628	-8610
1916.472033	-1628	-8610
1916.522033	-1628	-8618
1916.579033	-1628	-8626
1916.622033	-1628	-8650
1916.672033	-1628	-8650
1916.722033	-1628	-8650
1916.772033	-1628	-8662
1916.822033	-1628	-8662
1916.872033	-1628	-8686
1916.922033	-1628	-8686
1916.972033	-1628	-8718
1917.022033	-1628	-8718
1917.072033	-1628	-8718
1917.122033	-1628	-8746
1917.172033	-1628	-8746
1917.222033	-1628	-8746
1917.272033	-1628	-8758
1917.322033	-1628	-8758
1917.372033	-1628	-8782
1917.422033	-1628	-8794
1917.475033	-1628	-8794
1917.522033	-1628	-8794
1917.572033	-1628	-8794
1917.622033	-1628	-8794
1917.672033	-1628	-8822
1917.722033	-1628	-8822
1917.772033	-1628	-8822
1917.822033	-1628	-8822
1917.872033	-1628	-8822
1917.922033	-1628	-8822
1917.972033	-1628	-8822
1918.022033	-1628	-8822
1918.072033	-1628	-8822
1918.122033	-1628	-8822
1918.171033	-1628	-8822
1918.221033	-1628	-8822
1918.271033	-1628	-8822
1918.321033	-1628	-8822
1918.371033	-1628	-8822
1918.421033	-1628	-8822
1918.471033	-1628	-8822
1918.521033	-1628	-8822
1918.571033	-1628	-8822
1918.621033	-1628	-8822
1918.671033	-1628	-8822
1918.721033	-1628	-8822
1918.771033	-1628	-8822
1918.821033	-1628	-8822
1918.871033	-1628	-8822
1918.921033	-1628	-8822
1918.971033	-1628	-8822
1919.021033	-1628	-8822
1919.071033	-1628	-8822
1919.121033	-1628	-8822
1919.171033	-1628	-8822
1919.221033	-1628	-8822
1919.271033	-1628	-8822
1919.321033	-1628	-8822
1919.371033	-1628	-8822
1919.421033	-1628	-8822
1919.471033	-1628	-8822
1919.521033	-1628	-8822
1919.571033	-1628	-8822
1919.621033	-1628	-8822
1919.671033	-1628	-8822
1919.721033	-1628	-8822
1919.771033	-1628	-8822
1919.821033	-1628	-8822
1919.871033	-1628	-8822
1919.921033	-1628	-8822
1919.971033	-1628	-8822
1920.021033	-1628	-8822
1920.071033	-1628	-8822
1920.121033	-1628	-8822
1920.171033	-1628	-8822
1920.221033	-1628	-8822
1920.271033	-1628	-8822
1920.321033	-1628	-8822
1920.371033	-1628	-8822
1920.421033	-1628	-8822
1920.471033	-1628	-8822
1920.521033	-1628	-8822
1920.571033	-1628	-8822
1920.621033	-1628	-8822
1920.671033	-1628	-8822
1920.721033	-1628	-8822
1920.771033	-1628	-8822
1920.821033	-1628	-8822
1920.871033	-1628	-8822
1920.921033	-1628	-8822
1920.971033	-1628	-8822
1921.021033	-1628	-8822
1921.071033	-1628	-8822
1921.121033	-1628	-8822
1921.171033	-1628	-8822
1921.221033	-1628	-8822
1921.271033	-1628	-8822
1921.321033	-1628	-8822
1921.371033	-1628	-8822
1921.421033	-1628	-8822
1921.471033	-1628	-8822
1921.521033	-1628	-8822
1921.571033	-1628	-8822
1921.621033	-1628	-8822
1921.671033	-1628	-8822
1921.721033	-1628	-8822
1921.771033	-1628	-8822
1921.821033	-1628	-8822
1921.871033	-1628	-8822
1921.921033	-1628	-8822
1921.971033	-1628	-8822
1922.021033	-1628	-8822
1922.071033	-1628	-8822
1922.121033	-1628	-8822
1922.171033	-1628	-8822
1922.221033	-1628	-8822
1922.271033	-1628	-8822
1922.321033	-1628	-8822
1922.371033	-1628	-8822
1922.421033	-1628	-8822
1922.471033	-1628	-8822
1922.521033	-1628	-8822
1922.571033	-1628	-8822
1922.621033	-1628	-8822
1922.671033	-1628	-8822
1922.721033	-1628	-8822
1922.771033	-1628	-8822
1922.821033	-1628	-8822
1922.871033	-1628	-8822
1922.921033	-1628	-8822
1922.971033	-1628	-8822
1923.021033	-1628	-8822
1923.071033	-1628	-8822
1923.121033	-1628	-8822
1923.171033	-1628	-8822
1923.221033	-1628	-8822
1923.271033	-1628	-8822
1923.321033	-1628	-8822
1923.371033	-1628	-8822
1923.421033	-1628	-8822
1923.471033	-1628	-8822
1923.521033	-1628	-8822
1923.571033	-1628	-8822
1923.621033	-1628	-8822
1923.671033	-1628	-8822
1923.721033	-1628	-8822
1923.771033	-1628	-8822
1923.821033	-1628	-8822
1923.871033	-1628	-8822
1923.921033	-1628	-8822
1923.971033	-1628	-8822
1924.021033	-1628	-8822
1924.071033	-1628	-8822
1924.121033	-1628	-8822
1924.171033	-1628	-8822
1924.221033	-1628	-8822
1924.271033	-1628	-8822
1924.321033	-1628	-8822
1924.399033	-1628	-8822
1924.421033	-1628	-8822
1924.481033	-1628	-8822
1924.521033	-1628	-8822
1924.571033	-1628	-8822
1924.621033	-1628	-8822
1924.671033	-1628	-8822
1924.721033	-1628	-8822
1924.771033	-1628	-8822
1924.821033	-1628	-8822
1924.871033	-1628	-8822
1924.921033	-1628	-8822
1924.971033	-1628	-8822
1925.021033	-1628	-8822
1925.071033	-1628	-8822
1925.121033	-1628	-8822
1925.171033	-1628	-8822
1925.221033	-1628	-8822
1925.271033	-1628	-8822
1925.321033	-1628	-8822
1925.371033	-1628	-8822
1925.421033	-1628	-8822
1925.471033	-1628	-8822
1925.521033	-1628	-8822
1925.571033	-1628	-8822
1925.621033	-1628	-8822
1925.671033	-1628	-8822
1925.721033	-1628	-8822
1925.771033	-1628	-8822
1925.821033	-1628	-8822
1925.871033	-1628	-8822
1925.921033	-1628	-8822
1925.971033	-1628	-8822
1926.021033	-1628	-8822
1926.071033	-1628	-8822
1926.121033	-1628	-8822
1926.171033	-1628	-8822
1926.221033	-1628	-8822
1926.271033	-1628	-8822
1926.321033	-1628	-8822
1926.371033	-1628	-8822
1926.421033	-1628	-8822
1926.473033	-1628	-8822
1926.521033	-1628	-8822
1926.571033	-1628	-8822
1926.621033	-1628	-8822
1926.671033	-1628	-8822
1926.721033	-1628	-8822
1926.771033	-1628	-8822
1926.821033	-1628	-8822
1926.871033	-1628	-8822
1926.921033	-1628	-8822
1926.971033	-1628	-8822
1927.021033	-1628	-8834
1927.071033	-1628	-8866
1927.121033	-1628	-8866
1927.171033	-1628	-8866
1927.221033	-1628	-8866
1927.271033	-1628	-8866
1927.321033	-1628	-8866
1927.377033	-1628	-8866
1927.421033	-1628	-8866
1927.471033	-1628	-8866
1927.521033	-1628	-8906
1927.571033	-1628	-8946
1927.621033	-1628	-8946
1927.671033	-1628	-8974
1927.721033	-1628	-8974
1927.771033	-1628	-8978
1927.821033	-1628	-8998
1927.871033	-1628	-9018
1927.921033	-1628	-9046
1927.974033	-1628	-9062
1928.021033	-1628	-9062
1928.071033	-1628	-9066
1928.121033	-1628	-9066
1928.171033	-1628	-9066
1928.221033	-1628	-9066
1928.273033	-1628	-9102
1928.321033	-1628	-9150
1928.371033	-1628	-9150
1928.421033	-1628	-9162
1928.471033	-1628	-9162
1928.521033	-1628	-9162
1928.571033	-1628	-9162
1928.621033	-1628	-9162
1928.671033	-1628	-9170
1928.721033	-1628	-9198
1928.771033	-1628	-9198
1928.821033	-1628	-9206
1928.871033	-1628	-9250
1928.921033	-1628	-9250
1928.971033	-1628	-9250
1929.021033	-1628	-9258
1929.071033	-1628	-9270
1929.121033	-1628	-9290
1929.171033	-1628	-9298
1929.221033	-1628	-9314
1929.271033	-1628	-9314
1929.321033	-1628	-9318
1929.371033	-1628	-9322
1929.421033	-1628	-9326
1929.471033	-1628	-9330
1929.521033	-1628	-9330
1929.571033	-1628	-9330
1929.621033	-1628	-9330
1929.671033	-1628	-9330
1929.721033	-1628	-9342
1929.771033	-1628	-9342
1929.821033	-1628	-9342
1929.871033	-1628	-9342
1929.921033	-1628	-9342
1929.971033	-1628	-9342
1930.021033	-1628	-9342
1930.071033	-1628	-9342
1930.121033	-1628	-9342
1930.171033	-1628	-9358
1930.221033	-1628	-9358
1930.271033	-1628	-9358
1930.321033	-1628	-9358
1930.377033	-1628	-9358
1930.421033	-1628	-9358
1930.471033	-1628	-9358
1930.521033	-1628	-9358
1930.571033	-1628	-9358
1930.621033	-1628	-9358
1930.671033	-1628	-9358
1930.721033	-1628	-9358
1930.771033	-1628	-9358
1930.821033	-1628	-9358
1930.871033	-1628	-9358
1930.921033	-1628	-9358
1930.972033	-1628	-9358
1931.021033	-1628	-9358
1931.071033	-1628	-9358
1931.121033	-1628	-9358
1931.171033	-1628	-9358
1931.221033	-1628	-9358
1931.271033	-1628	-9358
1931.321033	-1628	-9358
1931.371033	-1628	-9358
1931.421033	-1628	-9358
1931.471033	-1628	-9358
1931.521033	-1628	-9358
1931.571033	-1628	-9358
1931.621033	-1628	-9358
1931.671033	-1628	-9358
1931.721033	-1628	-9358
1931.771033	-1628	-9358
1931.821033	-1628	-9358
1931.871033	-1628	-9358
1931.921033	-1628	-9358
1931.971033	-1628	-9358
1932.021033	-1628	-9358
1932.071033	-1628	-9358
1932.121033	-1628	-9358
1932.171033	-1628	-9358
1932.221033	-1628	-9358
1932.271033	-1628	-9358
1932.321033	-1628	-9358
1932.371033	-1628	-9358
1932.421033	-1628	-9358
1932.471033	-1628	-9358
1932.521033	-1628	-9358
1932.571033	-1628	-9358
1932.621033	-1628	-9358
1932.671033	-1628	-9358
1932.721033	-1628	-9358
1932.771033	-1628	-9358
1932.821033	-1628	-9358
1932.871033	-1628	-9358
1932.921033	-1628	-9358
1932.971033	-1628	-9358
1933.021033	-1628	-9358
1933.071033	-1628	-9358
1933.121033	-1628	-9358
1933.171033	-1628	-9358
1933.221033	-1628	-9358
1933.271033	-1628	-9358
1933.321033	-1628	-9358
1933.371033	-1628	-9358
1933.421033	-1628	-9358
1933.471033	-1628	-9358
1933.521033	-1628	-9358
1933.571033	-1628	-9358
1933.621033	-1628	-9358
1933.672033	-1628	-9358
1933.721033	-1628	-9358
1933.771033	-1628	-9358
1933.821033	-1628	-9358
1933.871033	-1628	-9358
1933.921033	-1628	-9358
1933.971033	-1628	-9358
1934.021033	-1628	-9358
1934.071033	-1628	-9358
1934.121033	-1628	-9358
1934.171033	-1628	-9358
1934.221033	-1628	-9358
1934.272033	-1628	-9358
1934.321033	-1628	-9358
1934.371033	-1628	-9358
1934.421033	-1628	-9358
1934.471033	-1628	-9358
1934.521033	-1628	-9358
1934.571033	-1628	-9358
1934.621033	-1628	-9358
1934.671033	-1628	-9358
1934.721033	-1628	-9358
1934.771033	-1628	-9358
1934.821033	-1628	-9358
1934.871033	-1628	-9358
1934.921033	-1628	-9358
1934.971033	-1628	-9358
1935.021033	-1628	-9358
1935.071033	-1628	-9358
1935.121033	-1628	-9358
1935.171033	-1628	-9358
1935.221033	-1628	-9358
1935.271033	-1628	-9358
1935.321033	-1628	-9358
1935.371033	-1628	-9358
1935.421033	-1628	-9358
1935.471033	-1628	-9358
1935.521033	-1628	-9358
1935.571033	-1628	-9358
1935.620033	-1628	-9358
1935.670033	-1628	-9358
1935.720033	-1628	-9358
1935.770033	-1628	-9358
1935.820033	-1628	-9358
1935.870033	-1628	-9358
1935.920033	-1628	-9358
1935.970033	-1628	-9358
1936.020033	-1628	-9358
1936.072033	-1628	-9358
1936.120033	-1628	-9358
1936.170033	-1628	-9358
1936.220033	-1628	-9358
1936.270033	-1628	-9358
1936.320033	-1628	-9358
1936.370033	-1628	-9358
1936.420033	-1628	-9358
1936.471033	-1628	-9358
1936.520033	-1628	-9358
1936.570033	-1628	-9358
1936.620033	-1628	-9358
1936.672033	-1628	-9358
1936.720033	-1628	-9358
1936.770033	-1628	-9358
1936.820033	-1628	-9358
1936.870033	-1628	-9358
1936.920033	-1628	-9358
1936.970033	-1628	-9358
1937.020033	-1628	-9358
1937.070033	-1628	-9358
1937.120033	-1628	-9358
1937.170033	-1628	-9358
1937.220033	-1628	-9358
1937.272033	-1628	-9358
1937.320033	-1628	-9358
1937.370033	-1628	-9358
1937.420033	-1628	-9358
1937.470033	-1628	-9358
1937.520033	-1628	-9358
1937.572033	-1628	-9358
1937.620033	-1628	-9358
1937.670033	-1628	-9358
1937.720033	-1628	-9358
1937.770033	-1628	-9358
1937.820033	-1628	-9358
1937.876033	-1628	-9358
1937.920033	-1628	-9358
1937.970033	-1628	-9358
1938.020033	-1628	-9358
1938.070033	-1628	-9358
1938.120033	-1628	-9358
1938.172033	-1628	-9358
1938.220033	-1628	-9358
1938.270033	-1628	-9358
1938.320033	-1628	-9358
1938.370033	-1628	-9358
1938.420033	-1628	-9358
1938.470033	-1628	-9358
1938.520033	-1628	-9358
1938.570033	-1628	-9358
1938.620033	-1628	-9358
1938.670033	-1628	-9362
1938.720033	-1628	-9362
1938.772033	-1628	-9362
1938.820033	-1628	-9382
1938.870033	-1628	-9386
1938.920033	-1628	-9386
1938.970033	-1628	-9386
1939.020033	-1628	-9386
1939.070033	-1628	-9386
1939.120033	-1628	-9386
1939.170033	-1628	-9386
1939.220033	-1628	-9386
1939.270033	-1628	-9386
1939.320033	-1628	-9386
1939.370033	-1628	-9386
1939.420033	-1628	-9386
1939.470033	-1628	-9386
1939.520033	-1628	-9386
1939.570033	-1628	-9386
1939.620033	-1628	-9386
1939.670033	-1628	-9386
1939.720033	-1628	-9386
1939.770033	-1628	-9386
1939.820033	-1628	-9386
1939.870033	-1628	-9386
1939.920033	-1628	-9386
1939.970033	-1628	-9386
1940.020033	-1628	-9386
1940.070033	-1628	-9386
1940.120033	-1628	-9386
1940.170033	-1628	-9386
1940.220033	-1628	-9386
1940.270033	-1628	-9386
1940.320033	-1628	-9386
1940.370033	-1628	-9386
1940.420033	-1628	-9386
1940.470033	-1628	-9386
1940.520033	-1628	-9386
1940.570033	-1628	-9386
1940.620033	-1628	-9386
1940.670033	-1628	-9386
1940.720033	-1628	-9386
1940.770033	-1628	-9386
1940.820033	-1628	-9386
1940.875033	-1628	-9386
1940.920033	-1628	-9386
1940.971033	-1628	-9386
1941.020033	-1628	-9386
1941.072033	-1628	-9386
1941.120033	-1628	-9386
1941.171033	-1628	-9386
1941.220033	-1628	-9386
1941.270033	-1628	-9386
1941.320033	-1628	-9386
1941.370033	-1628	-9386
1941.420033	-1628	-9386
1941.470033	-1628	-9386
1941.520033	-1628	-9386
1941.570033	-1628	-9386
1941.620033	-1628	-9386
1941.670033	-1628	-9386
1941.720033	-1628	-9386
1941.770033	-1628	-9386
1941.820033	-1628	-9386
1941.870033	-1628	-9386
1941.920033	-1628	-9386
1941.971033	-1628	-9386
1942.020033	-1628	-9386
1942.070033	-1628	-9386
1942.120033	-1628	-9386
1942.170033	-1628	-9386
1942.220033	-1628	-9386
1942.270033	-1628	-9386
1942.320033	-1628	-9386
1942.375033	-1628	-9386
1942.420033	-1628	-9386
1942.470033	-1628	-9386
1942.520033	-1628	-9386
1942.570033	-1628	-9386
1942.620033	-1628	-9386
1942.671033	-1628	-9386
1942.720033	-1628	-9386
1942.770033	-1628	-9386
1942.820033	-1628	-9386
1942.870033	-1628	-9386
1942.920033	-1628	-9386
1942.970033	-1628	-9386
1943.020033	-1628	-9386
1943.070033	-1628	-9386
1943.120033	-1628	-9386
1943.170033	-1628	-9386
1943.220033	-1628	-9386
1943.270033	-1628	-9386
1943.320033	-1628	-9386
1943.370033	-1628	-9386
1943.420033	-1628	-9386
1943.470033	-1628	-9386
1943.520033	-1628	-9386
1943.570033	-1628	-9386
1943.620033	-1628	-9386
1943.670033	-1628	-9386
1943.720033	-1628	-9386
1943.770033	-1628	-9386
1943.820033	-1628	-9386
1943.870033	-1628	-9386
1943.920033	-1628	-9386
1943.970033	-1628	-9386
1944.020033	-1628	-9386
1944.070033	-1628	-9386
1944.120033	-1628	-9386
1944.171033	-1628	-9386
1944.220033	-1628	-9386
1944.270033	-1628	-9386
1944.320033	-1628	-9386
1944.370033	-1628	-9386
1944.420033	-1628	-9386
1944.470033	-1628	-9386
1944.520033	-1628	-9386
1944.570033	-1628	-9386
1944.620033	-1628	-9386
1944.670033	-1628	-9386
1944.720033	-1628	-9386
1944.770033	-1628	-9386
1944.820033	-1628	-9386
1944.870033	-1628	-9386
1944.920033	-1628	-9386
1944.970033	-1628	-9386
1945.020033	-1628	-9386
1945.070033	-1628	-9386
1945.120033	-1628	-9386
1945.170033	-1628	-9386
1945.220033	-1628	-9386
1945.270033	-1628	-9386
1945.320033	-1628	-9386
1945.370033	-1628	-9386
1945.420033	-1628	-9386
1945.470033	-1628	-9386
1945.520033	-1628	-9386
1945.570033	-1628	-9386
1945.620033	-1628	-9386
1945.670033	-1628	-9386
1945.720033	-1628	-9386
1945.770033	-1628	-9386
1945.820033	-1628	-9386
1945.870033	-1628	-9386
1945.920033	-1628	-9386
1945.970033	-1628	-9386
1946.020033	-1628	-9386
1946.070033	-1628	-9386
1946.120033	-1628	-9386
1946.170033	-1628	-9386
1946.220033	-1628	-9386
1946.270033	-1628	-9386
1946.320033	-1628	-9386
1946.370033	-1628	-9386
1946.420033	-1628	-9386
1946.470033	-1628	-9386
1946.520033	-1628	-9386
1946.570033	-1628	-9386
1946.620033	-1628	-9386
1946.670033	-1628	-9386
1946.720033	-1628	-9386
1946.770033	-1628	-9386
1946.820033	-1628	-9386
1946.870033	-1628	-9386
1946.920033	-1628	-9386
1946.970033	-1628	-9386
1947.020033	-1628	-9386
1947.070033	-1628	-9386
1947.120033	-1628	-9386
1947.170033	-1628	-9386
1947.220033	-1628	-9386
1947.270033	-1628	-9386
1947.320033	-1628	-9386
1947.370033	-1628	-9386
1947.420033	-1628	-9386
1947.470033	-1628	-9386
1947.520033	-1628	-9386
1947.570033	-1628	-9386
1947.620033	-1628	-9386
1947.670033	-1628	-9386
1947.720033	-1628	-9386
1947.770033	-1628	-9386
1947.820033	-1628	-9386
1947.870033	-1628	-9386
1947.920033	-1628	-9386
1947.970033	-1628	-9386
1948.020033	-1628	-9410
1948.070033	-1628	-9466
1948.120033	-1628	-9514
1948.170033	-1628	-9538
1948.220033	-1628	-9538
1948.270033	-1628	-9538
1948.320033	-1628	-9538
1948.370033	-1628	-9538
1948.420033	-1628	-9538
1948.470033	-1628	-9538
1948.520033	-1628	-9538
1948.570033	-1628	-9538
1948.620033	-1628	-9538
1948.670033	-1628	-9538
1948.720033	-1628	-9538
1948.770033	-1628	-9538
1948.820033	-1628	-9542
1948.870033	-1628	-9542
1948.920033	-1628	-9554
1948.970033	-1628	-9554
1949.020033	-1628	-9562
1949.070033	-1628	-9562
1949.120033	-1628	-9574
1949.170033	-1628	-9574
1949.220033	-1628	-9574
1949.270033	-1628	-9574
1949.320033	-1628	-9582
1949.370033	-1628	-9582
1949.420033	-1628	-9602
1949.470033	-1628	-9618
1949.520033	-1628	-9630
1949.575033	-1628	-9630
1949.620033	-1628	-9630
1949.670033	-1628	-9630
1949.720033	-1628	-9630
1949.770033	-1628	-9630
1949.820033	-1628	-9634
1949.870033	-1628	-9634
1949.920033	-1628	-9646
1949.970033	-1628	-9646
1950.020033	-1628	-9646
1950.070033	-1628	-9646
1950.120033	-1628	-9646
1950.170033	-1628	-9646
1950.220033	-1628	-9646
1950.270033	-1628	-9646
1950.320033	-1628	-9646
1950.370033	-1628	-9646
1950.420033	-1628	-9646
1950.470033	-1624	-9646
1950.520033	-1596	-9646
1950.570033	-1596	-9646
1950.620033	-1588	-9646
1950.670033	-1588	-9646
1950.720033	-1576	-9646
1950.770033	-1560	-9646
1950.820033	-1560	-9646
1950.870033	-1548	-9646
1950.920033	-1544	-9646
1950.970033	-1544	-9646
1951.020033	-1536	-9646
1951.070033	-1524	-9646
1951.120033	-1524	-9646
1951.170033	-1512	-9646
1951.220033	-1504	-9646
1951.270033	-1504	-9646
1951.320033	-1504	-9646
1951.370033	-1496	-9646
1951.420033	-1496	-9646
1951.470033	-1468	-9646
1951.520033	-1468	-9646
1951.570033	-1468	-9646
1951.620033	-1468	-9646
1951.670033	-1468	-9646
1951.720033	-1468	-9646
1951.770033	-1468	-9646
1951.820033	-1468	-9646
1951.874033	-1468	-9646
1951.920033	-1468	-9646
1951.970033	-1468	-9646
1952.020033	-1468	-9646
1952.070033	-1468	-9646
1952.120033	-1468	-9646
1952.170033	-1468	-9646
1952.220033	-1468	-9646
1952.270033	-1468	-9646
1952.320033	-1460	-9646
1952.370033	-1460	-9646
1952.420033	-1460	-9646
1952.470033	-1460	-9646
1952.520033	-1460	-9646
1952.570033	-1460	-9646
1952.620033	-1460	-9646
1952.670033	-1460	-9646
1952.720033	-1460	-9646
1952.770033	-1460	-9646
1952.820033	-1460	-9646
1952.870033	-1460	-9646
1952.920033	-1460	-9646
1952.970033	-1460	-9646
1953.020033	-1460	-9646
1953.070033	-1460	-9646
1953.119033	-1460	-9646
1953.169033	-1460	-9646
1953.219033	-1460	-9646
1953.269033	-1460	-9646
1953.319033	-1460	-9646
1953.369033	-1460	-9646
1953.419033	-1460	-9646
1953.469033	-1460	-9646
1953.519033	-1460	-9646
1953.569033	-1460	-9646
1953.619033	-1460	-9646
1953.669033	-1460	-9646
1953.719033	-1444	-9650
1953.769033	-1444	-9658
1953.819033	-1436	-9690
1953.870033	-1428	-9690
1953.919033	-1416	-9690
1953.969033	-1404	-9690
1954.019033	-1404	-9690
1954.069033	-1404	-9690
1954.119033	-1404	-9690
1954.169033	-1404	-9690
1954.219033	-1404	-9690
1954.269033	-1404	-9690
1954.319033	-1404	-9690
1954.369033	-1404	-9690
1954.419033	-1404	-9690
1954.469033	-1404	-9690
1954.519033	-1404	-9690
1954.569033	-1404	-9690
1954.619033	-1404	-9690
1954.669033	-1404	-9690
1954.719033	-1404	-9690
1954.769033	-1404	-9690
1954.819033	-1404	-9690
1954.869033	-1404	-9690
1954.919033	-1404	-9690
1954.969033	-1404	-9690
1955.019033	-1404	-9690
1955.069033	-1404	-9690
1955.119033	-1404	-9690
1955.169033	-1404	-9690
1955.219033	-1404	-9690
1955.282033	-1404	-9690
1955.319033	-1404	-9690
1955.369033	-1404	-9690
1955.419033	-1404	-9690
1955.469033	-1404	-9690
1955.519033	-1404	-9690
1955.569033	-1404	-9690
1955.619033	-1404	-9690
1955.669033	-1404	-9690
1955.719033	-1404	-9690
1955.769033	-1404	-9690
1955.819033	-1404	-9690
1955.869033	-1404	-9690
1955.919033	-1404	-9690
1955.969033	-1404	-9690
1956.019033	-1404	-9690
1956.069033	-1404	-9690
1956.119033	-1404	-9690
1956.169033	-1404	-9690
1956.219033	-1404	-9690
1956.269033	-1404	-9690
1956.319033	-1404	-9690
1956.369033	-1404	-9690
1956.419033	-1404	-9690
1956.469033	-1404	-9690
1956.519033	-1404	-9690
1956.569033	-1404	-9690
1956.619033	-1404	-9690
1956.669033	-1404	-9690
1956.719033	-1404	-9690
1956.769033	-1404	-9690
1956.819033	-1404	-9690
1956.869033	-1404	-9690
1956.919033	-1404	-9690
1956.969033	-1404	-9690
1957.019033	-1404	-9690
1957.069033	-1404	-9690
1957.119033	-1404	-9690
1957.169033	-1404	-9690
1957.219033	-1404	-9690
1957.269033	-1404	-9690
1957.319033	-1404	-9690
1957.369033	-1404	-9690
1957.419033	-1404	-9690
1957.469033	-1404	-9690
1957.519033	-1404	-9690
1957.569033	-1404	-9690
1957.619033	-1404	-9690
1957.669033	-1404	-9690
1957.719033	-1404	-9690
1957.769033	-1404	-9690
1957.819033	-1404	-9690
1957.869033	-1404	-9690
1957.919033	-1404	-9690
1957.969033	-1404	-9690
1958.019033	-1404	-9690
1958.069033	-1404	-9694
1958.119033	-1404	-9694
1958.169033	-1404	-9694
1958.219033	-1404	-9694
1958.269033	-1404	-9694
1958.319033	-1404	-9702
1958.369033	-1404	-9702
1958.419033	-1404	-9706
1958.469033	-1404	-9722
1958.519033	-1404	-9722
1958.569033	-1404	-9742
1958.619033	-1380	-9742
1958.669033	-1380	-9742
1958.719033	-1380	-9762
1958.769033	-1380	-9762
1958.819033	-1380	-9762
1958.869033	-1380	-9766
1958.919033	-1380	-9778
1958.969033	-1380	-9778
1959.019033	-1380	-9778
1959.069033	-1380	-9778
1959.119033	-1380	-9778
1959.169033	-1380	-9794
1959.219033	-1380	-9794
1959.269033	-1380	-9794
1959.319033	-1380	-9794
1959.369033	-1380	-9794
1959.419033	-1380	-9794
1959.469033	-1380	-9794
1959.519033	-1380	-9794
1959.569033	-1380	-9794
1959.619033	-1380	-9794
1959.669033	-1380	-9794
1959.719033	-1380	-9794
1959.769033	-1380	-9794
1959.819033	-1380	-9794
1959.869033	-1380	-9794
1959.919033	-1380	-9794
1959.969033	-1380	-9794
1960.019033	-1380	-9794
1960.069033	-1380	-9794
1960.119033	-1380	-9794
1960.169033	-1380	-9794
1960.219033	-1380	-9794
1960.269033	-1380	-9794
1960.319033	-1380	-9794
1960.369033	-1380	-9794
1960.419033	-1380	-9794
1960.469033	-1380	-9794
1960.519033	-1380	-9794
1960.569033	-1380	-9794
1960.619033	-1380	-9794
1960.669033	-1380	-9794
1960.719033	-1380	-9794
1960.769033	-1380	-9794
1960.819033	-1380	-9794
1960.869033	-1380	-9794
1960.919033	-1380	-9794
1960.969033	-1380	-9794
1961.019033	-1380	-9794
1961.069033	-1380	-9794
1961.119033	-1380	-9794
1961.169033	-1380	-9794
1961.219033	-1380	-9794
1961.269033	-1380	-9794
1961.319033	-1380	-9794
1961.369033	-1380	-9794
1961.419033	-1380	-9794
1961.469033	-1380	-9794
1961.519033	-1380	-9794
1961.572033	-1380	-9794
1961.619033	-1380	-9794
1961.669033	-1380	-9794
1961.719033	-1380	-9794
1961.769033	-1380	-9794
1961.819033	-1380	-9794
1961.869033	-1380	-9794
1961.919033	-1380	-9794
1961.969033	-1380	-9794
1962.019033	-1380	-9794
1962.069033	-1380	-9794
1962.119033	-1380	-9794
1962.169033	-1380	-9794
1962.219033	-1380	-9794
1962.269033	-1380	-9794
1962.319033	-1380	-9794
1962.369033	-1380	-9794
1962.419033	-1380	-9794
1962.469033	-1380	-9794
1962.519033	-1380	-9794
1962.569033	-1380	-9794
1962.619033	-1380	-9794
1962.669033	-1380	-9794
1962.719033	-1380	-9794
1962.769033	-1380	-9794
1962.819033	-1380	-9794
1962.869033	-1380	-9794
1962.919033	-1380	-9794
1962.969033	-1380	-9794
1963.019033	-1380	-9794
1963.069033	-1380	-9794
1963.119033	-1380	-9794
1963.169033	-1380	-9794
1963.219033	-1380	-9794
1963.269033	-1380	-9794
1963.319033	-1380	-9794
1963.369033	-1380	-9794
1963.419033	-1380	-9794
1963.469033	-1380	-9794
1963.519033	-1380	-9794
1963.569033	-1380	-9794
1963.619033	-1380	-9794
1963.669033	-1380	-9794
1963.719033	-1380	-9794
1963.769033	-1380	-9794
1963.819033	-1380	-9794
1963.869033	-1380	-9794
1963.919033	-1380	-9794
1963.969033	-1380	-9794
1964.019033	-1380	-9794
1964.069033	-1380	-9794
1964.119033	-1372	-9794
1964.169033	-1372	-9794
1964.219033	-1372	-9794
1964.269033	-1372	-9794
1964.319033	-1372	-9794
1964.369033	-1364	-9794
1964.419033	-1364	-9794
1964.469033	-1364	-9794
1964.519033	-1356	-9794
1964.569033	-1356	-9794
1964.619033	-1356	-9794
1964.669033	-1336	-9794
1964.719033	-1336	-9794
1964.769033	-1336	-9794
1964.819033	-1336	-9794
1964.869033	-1336	-9794
1964.919033	-1336	-9794
1964.969033	-1336	-9794
1965.019033	-1336	-9794
1965.069033	-1336	-9794
1965.119033	-1336	-9794
1965.169033	-1336	-9794
1965.219033	-1336	-9794
1965.269033	-1336	-9794
1965.319033	-1336	-9794
1965.369033	-1336	-9794
1965.419033	-1336	-9794
1965.469033	-1336	-9794
1965.519033	-1336	-9794
1965.569033	-1336	-9794
1965.619033	-1336	-9794
1965.669033	-1336	-9794
1965.719033	-1336	-9794
1965.769033	-1336	-9794
1965.819033	-1336	-9794
1965.869033	-1336	-9794
1965.919033	-1336	-9794
1965.969033	-1336	-9794
1966.019033	-1336	-9794
1966.069033	-1336	-9794
1966.119033	-1336	-9794
1966.169033	-1336	-9794
1966.219033	-1336	-9794
1966.269033	-1336	-9794
1966.319033	-1336	-9794
1966.369033	-1336	-9794
1966.419033	-1336	-9794
1966.469033	-1336	-9794
1966.519033	-1336	-9794
1966.569033	-1336	-9794
1966.619033	-1336	-9794
1966.669033	-1336	-9794
1966.719033	-1336	-9794
1966.769033	-1336	-9794
1966.819033	-1336	-9794
1966.869033	-1336	-9794
1966.919033	-1336	-9794
1966.969033	-1336	-9794
1967.019033	-1336	-9794
1967.069033	-1336	-9794
1967.119033	-1336	-9794
1967.169033	-1336	-9794
1967.219033	-1336	-9794
1967.269033	-1336	-9794
1967.319033	-1336	-9794
1967.369033	-1336	-9794
1967.419033	-1336	-9794
1967.469033	-1336	-9794
1967.519033	-1336	-9794
1967.569033	-1336	-9794
1967.619033	-1336	-9794
1967.669033	-1336	-9794
1967.719033	-1336	-9794
1967.769033	-1336	-9794
1967.819033	-1336	-9794
1967.869033	-1336	-9794
1967.919033	-1336	-9794
1967.969033	-1336	-9794
1968.019033	-1336	-9794
1968.069033	-1336	-9794
1968.119033	-1336	-9794
1968.169033	-1336	-9794
1968.219033	-1336	-9794
1968.269033	-1336	-9794
1968.319033	-1336	-9794
1968.369033	-1336	-9794
1968.419033	-1336	-9794
1968.469033	-1336	-9794
1968.519033	-1336	-9794
1968.569033	-1340	-9794
1968.619033	-1372	-9794
1968.669033	-1412	-9794
1968.719033	-1508	-9794
1968.769033	-1584	-9794
1968.819033	-1700	-9794
1968.869033	-1748	-9794
1968.919033	-1936	-9790
1968.969033	-2204	-9770
1969.019033	-2412	-9726
1969.129033	-2564	-9714
1969.169033	-2576	-9714
1969.219033	-2596	-9714
1969.269033	-2608	-9714
1969.319033	-2608	-9706
1969.369033	-2624	-9706
1969.419033	-2624	-9706
1969.469033	-2624	-9706
1969.519033	-2624	-9702
1969.569033	-2632	-9694
1969.619033	-2640	-9670
1969.669033	-2664	-9670
1969.719033	-2724	-9658
1969.769033	-2772	-9654
1969.819033	-2880	-9590
1969.869033	-2880	-9582
1969.919033	-2892	-9582
1969.969033	-2892	-9582
1970.019033	-2892	-9582
1970.069033	-2892	-9582
1970.119033	-2892	-9582
1970.169033	-2896	-9582
1970.219033	-2896	-9582
1970.269033	-2896	-9582
1970.319033	-2912	-9582
1970.369033	-2912	-9582
1970.419033	-2912	-9582
1970.469033	-2912	-9582
1970.519033	-2912	-9582
1970.569033	-2912	-9582
1970.618033	-2912	-9582
1970.668033	-2912	-9582
1970.718033	-2912	-9582
1970.768033	-2912	-9582
1970.818033	-2912	-9582
1970.868033	-2912	-9582
1970.918033	-2912	-9582
1970.968033	-2912	-9582
1971.018033	-2912	-9582
1971.068033	-2912	-9582
1971.118033	-2912	-9582
1971.168033	-2912	-9582
1971.218033	-2912	-9582
1971.268033	-2912	-9582
1971.318033	-2912	-9582
1971.368033	-2912	-9582
1971.418033	-2912	-9534
1971.468033	-2956	-9522
1971.518033	-2976	-9522
1971.568033	-3024	-9498
1971.618033	-3060	-9498
1971.668033	-3076	-9486
1971.718033	-3168	-9450
1971.768033	-3200	-9446
1971.818033	-3300	-9446
1971.868033	-3356	-9446
1971.918033	-3400	-9446
1971.968033	-3416	-9426
1972.018033	-3464	-9374
1972.068033	-3488	-9374
1972.118033	-3508	-9374
1972.168033	-3532	-9354
1972.218033	-3584	-9334
1972.268033	-3612	-9334
1972.318033	-3636	-9334
1972.368033	-3652	-9318
1972.418033	-3692	-9274
1972.468033	-3692	-9270
1972.518033	-3732	-9190
1972.568033	-3760	-9190
1972.618033	-3768	-9190
1972.669033	-3768	-9190
1972.718033	-3780	-9174
1972.768033	-3796	-9174
1972.818033	-3804	-9174
1972.868033	-3808	-9170
1972.918033	-3808	-9162
1972.968033	-3816	-9158
1973.018033	-3828	-9150
1973.068033	-3828	-9114
1973.118033	-3840	-9098
1973.168033	-3840	-9098
1973.218033	-3840	-9098
1973.268033	-3840	-9098
1973.318033	-3840	-9098
1973.368033	-3840	-9098
1973.418033	-3840	-9066
1973.468033	-3864	-9042
1973.518033	-3888	-9042
1973.568033	-3944	-9042
1973.618033	-3956	-9038
1973.668033	-3992	-9018
1973.718033	-4000	-9018
1973.768033	-4028	-9014
1973.818033	-4064	-9010
1973.868033	-4076	-9010
1973.918033	-4112	-8990
1973.968033	-4112	-8982
1974.018033	-4116	-8982
1974.068033	-4116	-8954
1974.118033	-4136	-8954
1974.168033	-4136	-8954
1974.218033	-4148	-8954
1974.268033	-4148	-8954
1974.318033	-4148	-8954
1974.368033	-4148	-8950
1974.418033	-4148	-8950
1974.469033	-4188	-8906
1974.518033	-4200	-8886
1974.568033	-4212	-8886
1974.618033	-4216	-8846
1974.668033	-4256	-8802
1974.718033	-4292	-8750
1974.768033	-4296	-8746
1974.818033	-4356	-8682
1974.868033	-4368	-8670
1974.918033	-4420	-8626
1974.968033	-4432	-8586
1975.018033	-4488	-8522
1975.071033	-4488	-8510
1975.118033	-4564	-8474
1975.168033	-4572	-8474
1975.218033	-4572	-8474
1975.268033	-4576	-8434
1975.318033	-4612	-8434
1975.368033	-4612	-8434
1975.418033	-4652	-8418
1975.468033	-4668	-8410
1975.518033	-4672	-8394
1975.568033	-4720	-8290
1975.618033	-4736	-8290
1975.668033	-4796	-8262
1975.718033	-4796	-8262
1975.768033	-4816	-8262
1975.818033	-4840	-8226
1975.868033	-4852	-8174
1975.918033	-4900	-8174
1975.968033	-4908	-8170
1976.018033	-4940	-8142
1976.068033	-4940	-8126
1976.118033	-4960	-8122
1976.168033	-4960	-8122
1976.218033	-4960	-8114
1976.268033	-4980	-8114
1976.318033	-4980	-8114
1976.368033	-4984	-8102
1976.418033	-4988	-8054
1976.468033	-5000	-8030
1976.518033	-5024	-8014
1976.571033	-5040	-7998
1976.618033	-5080	-7998
1976.668033	-5080	-7958
1976.718033	-5092	-7958
1976.768033	-5092	-7958
1976.818033	-5092	-7958
1976.868033	-5092	-7958
1976.918033	-5112	-7958
1976.968033	-5112	-7958
1977.018033	-5112	-7958
1977.068033	-5116	-7958
1977.118033	-5116	-7958
1977.168033	-5116	-7958
1977.218033	-5116	-7958
1977.268033	-5116	-7958
1977.318033	-5116	-7958
1977.368033	-5116	-7958
1977.418033	-5116	-7958
1977.468033	-5116	-7958
1977.518033	-5116	-7958
1977.568033	-5116	-7958
1977.618033	-5116	-7958
1977.668033	-5116	-7958
1977.718033	-5116	-7958
1977.768033	-5116	-7958
1977.818033	-5116	-7958
1977.868033	-5116	-7958
1977.918033	-5116	-7958
1977.968033	-5116	-7958
1978.018033	-5116	-7958
1978.068033	-5116	-7958
1978.118033	-5116	-7958
1978.168033	-5116	-7958
1978.218033	-5120	-7958
1978.268033	-5140	-7958
1978.318033	-5140	-7954
1978.368033	-5140	-7954
1978.418033	-5164	-7954
1978.468033	-5164	-7942
1978.518033	-5184	-7934
1978.568033	-5184	-7934
1978.618033	-5188	-7934
1978.668033	-5200	-7934
1978.718033	-5208	-7918
1978.768033	-5212	-7898
1978.818033	-5232	-7898
1978.868033	-5280	-7886
1978.918033	-5356	-7874
1978.968033	-5480	-7874
1979.018033	-5480	-7874
1979.068033	-5480	-7874
1979.118033	-5500	-7874
1979.168033	-5500	-7874
1979.218033	-5516	-7874
1979.268033	-5528	-7874
1979.318033	-5580	-7874
1979.368033	-5580	-7874
1979.418033	-5596	-7874
1979.468033	-5616	-7874
1979.518033	-5648	-7870
1979.568033	-5704	-7870
1979.618033	-5768	-7870
1979.668033	-5800	-7870
1979.718033	-5864	-7870
1979.768033	-5896	-7870
1979.818033	-5952	-7870
1979.872033	-6012	-7870
1979.918033	-6032	-7866
1979.968033	-6060	-7846
1980.018033	-6068	-7846
1980.068033	-6120	-7826
1980.118033	-6196	-7818
1980.168033	-6244	-7818
1980.218033	-6396	-7818
1980.268033	-6488	-7818
1980.318033	-6576	-7818
1980.368033	-6668	-7818
1980.418033	-6720	-7818
1980.468033	-6772	-7818
1980.518033	-6876	-7818
1980.568033	-7008	-7818
1980.618033	-7088	-7818
1980.668033	-7156	-7818
1980.718033	-7220	-7818
1980.768033	-7256	-7818
1980.818033	-7296	-7742
1980.868033	-7344	-7614
1980.918033	-7372	-7590
1980.968033	-7400	-7590
1981.018033	-7448	-7550
1981.113033	-7484	-7534
1981.118033	-7496	-7514
1981.169033	-7560	-7474
1981.219033	-7560	-7466
1981.269033	-7608	-7462
1981.319033	-7612	-7398
1981.372033	-7696	-7382
1981.419033	-7696	-7342
1981.469033	-7756	-7330
1981.519033	-7828	-7254
1981.569033	-7828	-7254
1981.619033	-7872	-7214
1981.669033	-7904	-7198
1981.719033	-7960	-7178
1981.769033	-7984	-7134
1981.819033	-8008	-7130
1981.869033	-8048	-7110
1981.919033	-8116	-7042
1981.969033	-8136	-7010
1982.019033	-8180	-6986
1982.069033	-8192	-6986
1982.119033	-8244	-6986
1982.169033	-8260	-6986
1982.219033	-8284	-6986
1982.269033	-8296	-6986
1982.319033	-8304	-6986
1982.371033	-8316	-6986
1982.419033	-8332	-6986
1982.469033	-8352	-6986
1982.519033	-8376	-6986
1982.569033	-8396	-6986
1982.619033	-8396	-6986
1982.669033	-8404	-6986
1982.719033	-8440	-6986
1982.769033	-8440	-6986
1982.819033	-8464	-6986
1982.871033	-8480	-6986
1982.919033	-8504	-6986
1982.969033	-8520	-6986
1983.019033	-8532	-6986
1983.069033	-8540	-6986
1983.119033	-8584	-6986
1983.169033	-8596	-6986
1983.219033	-8600	-6986
1983.269033	-8612	-6986
1983.319033	-8620	-6986
1983.369033	-8644	-6986
1983.419033	-8668	-6986
1983.469033	-8692	-6986
1983.519033	-8692	-6986
1983.569033	-8696	-6986
1983.619033	-8704	-6986
1983.669033	-8732	-6986
1983.719033	-8736	-6986
1983.769033	-8740	-6986
1983.819033	-8756	-6986
1983.871033	-8756	-6986
1983.919033	-8760	-6986
1983.969033	-8828	-6986
1984.019033	-8828	-6986
1984.069033	-8840	-6986
1984.119033	-8860	-6986
1984.169033	-8860	-6986
1984.219033	-8880	-6986
1984.269033	-8880	-6986
1984.319033	-8928	-6986
1984.371033	-8928	-6986
1984.419033	-8952	-6986
1984.469033	-8960	-6986
1984.519033	-8964	-6986
1984.569033	-9000	-6986
1984.619033	-9040	-6986
1984.669033	-9056	-6986
1984.719033	-9104	-6986
1984.769033	-9120	-6986
1984.819033	-9188	-6986
1984.872033	-9216	-6986
1984.919033	-9220	-6986
1984.969033	-9284	-6986
1985.019033	-9296	-6986
1985.069033	-9320	-6986
1985.119033	-9352	-6986
1985.169033	-9364	-6986
1985.219033	-9380	-6986
1985.269033	-9420	-6986
1985.319033	-9428	-6986
1985.369033	-9428	-6986
1985.419033	-9480	-6986
1985.469033	-9480	-6986
1985.519033	-9480	-6986
1985.569033	-9480	-6986
1985.619033	-9480	-6986
1985.669033	-9480	-6986
1985.719033	-9480	-6986
1985.769033	-9480	-6986
1985.819033	-9480	-6986
1985.869033	-9480	-6986
1985.919033	-9492	-6986
1985.969033	-9492	-6986
1986.019033	-9492	-6986
1986.069033	-9492	-6986
1986.119033	-9492	-6986
1986.169033	-9492	-6986
1986.219033	-9504	-6986
1986.269033	-9504	-6986
1986.319033	-9504	-6986
1986.369033	-9504	-6986
1986.419033	-9504	-6986
1986.469033	-9504	-6986
1986.519033	-9504	-6986
1986.569033	-9504	-6986
1986.619033	-9504	-6986
1986.669033	-9504	-6986
1986.719033	-9504	-6986
1986.769033	-9504	-6986
1986.819033	-9508	-6986
1986.869033	-9508	-6986
1986.919033	-9508	-6986
1986.969033	-9508	-6986
1987.019033	-9508	-6986
1987.069033	-9508	-6986
1987.119033	-9508	-6986
1987.169033	-9508	-6986
1987.219033	-9508	-6986
1987.269033	-9508	-6986
1987.319033	-9508	-6986
1987.369033	-9508	-6986
1987.419033	-9508	-6986
1987.469033	-9508	-6986
1987.519033	-9508	-6986
1987.569033	-9508	-6986
1987.619033	-9508	-6986
1987.669033	-9508	-6986
1987.719033	-9508	-6986
1987.769033	-9508	-6986
1987.819033	-9508	-6986
1987.869033	-9508	-6986
1987.919033	-9508	-6986
1987.969033	-9508	-6986
1988.019033	-9508	-6986
1988.068033	-9508	-6986
1988.118033	-9508	-6986
1988.168033	-9508	-6986
1988.218033	-9520	-6986
1988.268033	-9520	-6986
1988.318033	-9528	-6986
1988.371033	-9548	-6986
1988.418033	-9560	-6986
1988.468033	-9580	-6986
1988.518033	-9612	-6986
1988.568033	-9744	-6986
1988.618033	-9848	-6986
1988.668033	-9932	-6994
1988.718033	-9992	-7042
1988.768033	-10012	-7082
1988.818033	-10016	-7082
1988.868033	-10024	-7082
1988.918033	-10032	-7082
1988.968033	-10032	-7082
1989.018033	-10032	-7082
1989.068033	-10032	-7082
1989.118033	-10032	-7082
1989.168033	-10032	-7082
1989.218033	-10032	-7082
1989.268033	-10032	-7098
1989.318033	-10056	-7118
1989.368033	-10056	-7194
1989.418033	-10056	-7218
1989.468033	-10056	-7250
1989.518033	-10056	-7270
1989.568033	-10056	-7306
1989.618033	-10056	-7306
1989.668033	-10056	-7306
1989.718033	-10056	-7350
1989.768033	-10056	-7390
1989.818033	-10056	-7426
1989.871033	-10056	-7458
1989.918033	-10056	-7506
1989.968033	-10056	-7514
1990.018033	-10056	-7522
1990.068033	-10056	-7558
1990.118033	-10056	-7566
1990.168033	-10056	-7578
1990.218033	-10056	-7630
1990.268033	-10056	-7630
1990.318033	-10056	-7654
1990.371033	-10056	-7674
1990.418033	-10056	-7674
1990.468033	-10056	-7674
1990.518033	-10056	-7690
1990.568033	-10056	-7690
1990.618033	-10076	-7690
1990.668033	-10088	-7690
1990.718033	-10128	-7690
1990.768033	-10144	-7690
1990.818033	-10188	-7690
1990.868033	-10236	-7690
1990.918033	-10340	-7690
1990.968033	-10440	-7690
1991.018033	-10556	-7690
1991.068033	-10588	-7690
1991.127033	-10616	-7690
1991.168033	-10628	-7690
1991.218033	-10636	-7690
1991.268033	-10636	-7690
1991.318033	-10636	-7690
1991.368033	-10636	-7690
1991.418033	-10636	-7690
1991.468033	-10636	-7690
1991.518033	-10636	-7690
1991.568033	-10636	-7690
1991.618033	-10636	-7690
1991.668033	-10636	-7690
1991.718033	-10636	-7690
1991.768033	-10636	-7690
1991.818033	-10636	-7690
1991.868033	-10636	-7746
1991.918033	-10636	-7878
1991.968033	-10636	-7902
1992.018033	-10636	-7946
1992.068033	-10636	-7982
1992.118033	-10640	-8026
1992.168033	-10656	-8030
1992.218033	-10688	-8086
1992.268033	-10728	-8122
1992.318033	-10756	-8134
1992.371033	-10764	-8134
1992.418033	-10764	-8134
1992.468033	-10764	-8134
1992.518033	-10764	-8166
1992.568033	-10764	-8198
1992.618033	-10764	-8226
1992.668033	-10764	-8302
1992.718033	-10764	-8318
1992.768033	-10764	-8334
1992.818033	-10764	-8370
1992.871033	-10764	-8434
1992.918033	-10764	-8446
1992.968033	-10784	-8506
1993.018033	-10784	-8506
1993.068033	-10792	-8522
1993.118033	-10820	-8534
1993.169033	-10820	-8558
1993.218033	-10820	-8558
1993.268033	-10832	-8586
1993.318033	-10840	-8594
1993.372033	-10840	-8594
1993.418033	-10844	-8594
1993.468033	-10844	-8626
1993.518033	-10844	-8626
1993.568033	-10844	-8626
1993.618033	-10844	-8626
1993.668033	-10844	-8626
1993.718033	-10844	-8626
1993.768033	-10844	-8626
1993.818033	-10844	-8626
1993.868033	-10844	-8626
1993.918033	-10844	-8626
1993.968033	-10844	-8626
1994.018033	-10856	-8626
1994.068033	-10856	-8626
1994.118033	-10868	-8626
1994.168033	-10868	-8626
1994.218033	-10868	-8626
1994.268033	-10868	-8626
1994.318033	-10868	-8626
1994.371033	-10868	-8626
1994.418033	-10868	-8626
1994.468033	-10884	-8626
1994.518033	-10884	-8626
1994.568033	-10896	-8626
1994.618033	-10908	-8626
1994.668033	-10908	-8626
1994.718033	-10908	-8626
1994.768033	-10908	-8626
1994.818033	-10908	-8626
1994.868033	-10908	-8626
1994.918033	-10908	-8626
1994.968033	-10908	-8626
1995.018033	-10908	-8626
1995.068033	-10908	-8626
1995.118033	-10912	-8626
1995.168033	-10912	-8626
1995.218033	-10924	-8626
1995.268033	-10924	-8626
1995.318033	-10924	-8626
1995.368033	-10924	-8626
1995.418033	-10924	-8626
1995.468033	-10924	-8626
1995.518033	-10924	-8626
1995.568033	-10924	-8626
1995.618033	-10924	-8626
1995.668033	-10924	-8626
1995.718033	-10924	-8626
1995.768033	-10924	-8626
1995.818033	-10932	-8626
1995.871033	-10936	-8626
1995.918033	-10936	-8626
1995.968033	-10936	-8626
1996.018033	-10936	-8626
1996.068033	-10940	-8626
1996.118033	-10940	-8626
1996.168033	-10940	-8626
1996.218033	-10948	-8626
1996.268033	-10972	-8626
1996.318033	-10972	-8626
1996.371033	-10972	-8626
1996.418033	-10972	-8626
1996.468033	-10972	-8626
1996.518033	-10984	-8626
1996.568033	-10984	-8626
1996.618033	-10984	-8626
1996.668033	-10984	-8626
1996.718033	-10984	-8626
1996.768033	-10984	-8626
1996.818033	-10988	-8626
1996.868033	-11008	-8626
1996.918033	-11008	-8626
1996.968033	-11008	-8626
1997.018033	-11008	-8626
1997.068033	-11008	-8626
1997.118033	-11016	-8626
1997.168033	-11016	-8626
1997.218033	-11020	-8626
1997.268033	-11020	-8626
1997.318033	-11020	-8626
1997.370033	-11020	-8626
1997.418033	-11020	-8626
1997.468033	-11024	-8626
1997.518033	-11024	-8626
1997.568033	-11024	-8626
1997.618033	-11024	-8626
1997.668033	-11024	-8626
1997.718033	-11024	-8626
1997.768033	-11024	-8626
1997.818033	-11024	-8626
1997.868033	-11024	-8626
1997.918033	-11024	-8626
1997.968033	-11024	-8626
1998.018033	-11024	-8626
1998.068033	-11024	-8626
1998.118033	-11024	-8626
1998.168033	-11024	-8626
1998.218033	-11024	-8626
1998.268033	-11024	-8626
1998.318033	-11024	-8626
1998.368033	-11024	-8626
1998.418033	-11024	-8626
1998.468033	-11024	-8626
1998.518033	-11024	-8626
1998.568033	-11024	-8626
1998.618033	-11024	-8626
1998.668033	-11024	-8626
1998.718033	-11024	-8626
1998.768033	-11024	-8626
1998.818033	-11024	-8626
1998.868033	-11024	-8626
1998.918033	-11024	-8626
1998.968033	-11024	-8626
1999.018033	-11024	-8626
1999.068033	-11024	-8626
1999.118033	-11024	-8626
1999.168033	-11024	-8626
1999.218033	-11024	-8626
1999.268033	-11024	-8626
1999.318033	-11024	-8626
1999.371033	-11024	-8626
1999.418033	-11024	-8626
1999.468033	-11024	-8626
1999.518033	-11024	-8626
1999.568033	-11024	-8626
1999.618033	-11024	-8626
1999.668033	-11024	-8626
1999.718033	-11036	-8626
1999.768033	-11036	-8626
1999.818033	-11048	-8626
1999.868033	-11056	-8626
1999.918033	-11068	-8626
1999.968033	-11068	-8626
2000.018033	-11068	-8626
2000.068033	-11092	-8626
2000.118033	-11092	-8626
2000.168033	-11092	-8626
2000.218033	-11124	-8626
2000.268033	-11124	-8626
2000.318033	-11124	-8626
2000.368033	-11124	-8626
2000.418033	-11124	-8626
2000.468033	-11124	-8626
2000.518033	-11124	-8626
2000.568033	-11136	-8626
2000.618033	-11140	-8626
2000.668033	-11140	-8626
2000.718033	-11140	-8626
2000.768033	-11144	-8626
2000.818033	-11152	-8626
2000.868033	-11164	-8626
2000.918033	-11172	-8626
2000.968033	-11188	-8626
2001.018033	-11192	-8626
2001.098033	-11208	-8626
2001.118033	-11208	-8626
2001.168033	-11220	-8626
2001.218033	-11236	-8626
2001.268033	-11252	-8626
2001.318033	-11252	-8626
2001.368033	-11252	-8626
2001.418033	-11264	-8626
2001.468033	-11268	-8626
2001.518033	-11268	-8626
2001.568033	-11268	-8626
2001.618033	-11268	-8626
2001.668033	-11276	-8626
2001.718033	-11276	-8626
2001.768033	-11276	-8626
2001.818033	-11276	-8626
2001.868033	-11276	-8626
2001.918033	-11276	-8626
2001.968033	-11288	-8626
2002.018033	-11288	-8626
2002.068033	-11292	-8626
2002.118033	-11300	-8626
2002.168033	-11300	-8626
2002.218033	-11300	-8626
2002.268033	-11300	-8626
2002.318033	-11316	-8626
2002.368033	-11316	-8626
2002.418033	-11328	-8626
2002.468033	-11332	-8626
2002.518033	-11344	-8626
2002.568033	-11344	-8598
2002.618033	-11344	-8598
2002.668033	-11344	-8598
2002.718033	-11344	-8598
2002.768033	-11356	-8598
2002.818033	-11376	-8598
2002.868033	-11376	-8598
2002.918033	-11376	-8594
2002.968033	-11376	-8594
2003.018033	-11376	-8594
2003.068033	-11376	-8590
2003.118033	-11376	-8586
2003.168033	-11376	-8586
2003.218033	-11376	-8566
2003.268033	-11388	-8566
2003.318033	-11392	-8566
2003.368033	-11392	-8566
2003.418033	-11392	-8546
2003.468033	-11392	-8546
2003.518033	-11392	-8546
2003.568033	-11392	-8546
2003.618033	-11392	-8546
2003.668033	-11392	-8546
2003.718033	-11400	-8546
2003.768033	-11420	-8546
2003.818033	-11420	-8546
2003.868033	-11424	-8546
2003.918033	-11424	-8546
2003.968033	-11432	-8546
2004.018033	-11448	-8546
2004.068033	-11472	-8546
2004.118033	-11472	-8546
2004.168033	-11476	-8546
2004.218033	-11488	-8546
2004.268033	-11512	-8546
2004.318033	-11512	-8546
2004.368033	-11516	-8546
2004.418033	-11536	-8546
2004.468033	-11540	-8546
2004.518033	-11544	-8546
2004.568033	-11572	-8546
2004.618033	-11572	-8546
2004.668033	-11572	-8546
2004.718033	-11572	-8546
2004.768033	-11572	-8546
2004.818033	-11572	-8546
2004.868033	-11572	-8546
2004.918033	-11572	-8546
2004.968033	-11572	-8546
2005.018033	-11572	-8546
2005.068033	-11572	-8546
2005.118033	-11572	-8546
2005.168033	-11572	-8546
2005.218033	-11572	-8546
2005.268033	-11572	-8546
2005.318033	-11572	-8546
2005.368033	-11572	-8546
2005.418033	-11572	-8546
2005.468033	-11572	-8546
2005.518033	-11572	-8546
2005.567033	-11572	-8546
2005.617033	-11572	-8546
2005.667033	-11572	-8546
2005.717033	-11572	-8546
2005.767033	-11572	-8546
2005.817033	-11572	-8546
2005.867033	-11572	-8546
2005.917033	-11572	-8546
2005.967033	-11572	-8546
2006.017033	-11572	-8546
2006.067033	-11572	-8546
2006.117033	-11572	-8546
2006.167033	-11572	-8546
2006.217033	-11572	-8546
2006.267033	-11572	-8546
2006.317033	-11572	-8546
2006.367033	-11572	-8546
2006.417033	-11572	-8546
2006.467033	-11572	-8546
2006.517033	-11572	-8546
2006.567033	-11572	-8546
2006.617033	-11572	-8546
2006.667033	-11572	-8546
2006.717033	-11572	-8546
2006.767033	-11572	-8546
2006.817033	-11572	-8546
2006.867033	-11572	-8546
2006.917033	-11572	-8546
2006.967033	-11572	-8546
2007.017033	-11572	-8546
2007.067033	-11572	-8546
2007.117033	-11572	-8546
2007.167033	-11572	-8546
2007.217033	-11572	-8546
2007.267033	-11572	-8546
2007.317033	-11572	-8546
2007.367033	-11572	-8546
2007.417033	-11572	-8546
2007.467033	-11572	-8546
2007.517033	-11596	-8546
2007.567033	-11596	-8546
2007.617033	-11596	-8546
2007.667033	-11596	-8546
2007.717033	-11596	-8546
2007.767033	-11612	-8546
2007.817033	-11612	-8546
2007.867033	-11616	-8546
2007.917033	-11628	-8546
2007.967033	-11628	-8546
2008.017033	-11628	-8546
2008.067033	-11628	-8546
2008.117033	-11652	-8546
2008.167033	-11656	-8546
2008.217033	-11656	-8546
2008.267033	-11656	-8546
2008.317033	-11664	-8546
2008.367033	-11664	-8546
2008.417033	-11664	-8546
2008.467033	-11664	-8530
2008.517033	-11664	-8510
2008.567033	-11664	-8502
2008.617033	-11668	-8482
2008.667033	-11672	-8482
2008.717033	-11672	-8478
2008.767033	-11672	-8478
2008.817033	-11672	-8478
2008.867033	-11672	-8478
2008.917033	-11672	-8454
2008.967033	-11672	-8454
2009.017033	-11672	-8454
2009.067033	-11672	-8454
2009.117033	-11672	-8454
2009.167033	-11672	-8454
2009.217033	-11672	-8454
2009.267033	-11672	-8454
2009.317033	-11672	-8454
2009.367033	-11672	-8454
2009.417033	-11672	-8454
2009.467033	-11672	-8454
2009.517033	-11672	-8454
2009.567033	-11672	-8450
2009.617033	-11672	-8450
2009.667033	-11672	-8450
2009.717033	-11672	-8438
2009.767033	-11672	-8438
2009.817033	-11672	-8438
2009.867033	-11692	-8438
2009.917033	-11692	-8438
2009.967033	-11692	-8438
2010.017033	-11692	-8430
2010.067033	-11692	-8430
2010.117033	-11692	-8430
2010.167033	-11692	-8430
2010.217033	-11692	-8430
2010.267033	-11692	-8430
2010.317033	-11692	-8430
2010.367033	-11692	-8430
2010.417033	-11692	-8430
2010.467033	-11692	-8430
2010.517033	-11692	-8430
2010.567033	-11692	-8430
2010.617033	-11692	-8430
2010.667033	-11692	-8430
2010.717033	-11692	-8430
2010.767033	-11692	-8430
2010.817033	-11692	-8430
2010.867033	-11692	-8430
2010.917033	-11692	-8430
2010.967033	-11692	-8430
2011.017033	-11692	-8430
2011.067033	-11692	-8430
2011.117033	-11692	-8430
2011.167033	-11692	-8430
2011.217033	-11692	-8430
2011.267033	-11692	-8430
2011.317033	-11692	-8430
2011.367033	-11692	-8430
2011.417033	-11692	-8430
2011.467033	-11692	-8430
2011.517033	-11692	-8430
2011.567033	-11692	-8430
2011.617033	-11692	-8430
2011.667033	-11692	-8430
2011.717033	-11692	-8430
2011.767033	-11692	-8446
2011.817033	-11692	-8446
2011.867033	-11692	-8446
2011.917033	-11692	-8494
2011.967033	-11692	-8494
2012.017033	-11692	-8506
2012.067033	-11692	-8526
2012.117033	-11692	-8526
2012.167033	-11692	-8566
2012.217033	-11692	-8570
2012.267033	-11692	-8570
2012.317033	-11692	-8570
2012.367033	-11692	-8582
2012.417033	-11692	-8610
2012.467033	-11692	-8634
2012.517033	-11692	-8634
2012.567033	-11692	-8634
2012.617033	-11692	-8634
2012.667033	-11692	-8634
2012.717033	-11692	-8634
2012.767033	-11692	-8634
2012.817033	-11692	-8638
2012.867033	-11692	-8662
2012.917033	-11692	-8662
2012.967033	-11692	-8662
2013.017033	-11692	-8662
2013.086033	-11692	-8662
2013.117033	-11692	-8662
2013.167033	-11692	-8662
2013.217033	-11692	-8662
2013.267033	-11692	-8662
2013.317033	-11692	-8662
2013.367033	-11692	-8662
2013.417033	-11692	-8662
2013.467033	-11692	-8662
2013.517033	-11692	-8662
2013.567033	-11692	-8662
2013.617033	-11692	-8662
2013.667033	-11692	-8662
2013.717033	-11692	-8662
2013.767033	-11692	-8662
2013.817033	-11692	-8662
2013.867033	-11692	-8662
2013.917033	-11692	-8662
2013.967033	-11692	-8662
2014.017033	-11692	-8662
2014.067033	-11692	-8662
2014.117033	-11692	-8662
2014.167033	-11692	-8662
2014.217033	-11692	-8662
2014.267033	-11692	-8662
2014.317033	-11692	-8662
2014.367033	-11692	-8662
2014.417033	-11692	-8662
2014.467033	-11692	-8662
2014.517033	-11696	-8662
2014.567033	-11696	-8662
2014.617033	-11700	-8662
2014.667033	-11700	-8662
2014.717033	-11716	-8662
2014.767033	-11748	-8662
2014.817033	-11748	-8662
2014.867033	-11748	-8662
2014.917033	-11748	-8662
2014.967033	-11752	-8662
2015.017033	-11752	-8662
2015.067033	-11752	-8662
2015.117033	-11764	-8662
2015.167033	-11764	-8662
2015.217033	-11772	-8662
2015.267033	-11784	-8662
2015.317033	-11784	-8662
2015.367033	-11784	-8662
2015.417033	-11784	-8662
2015.467033	-11808	-8662
2015.517033	-11808	-8662
2015.567033	-11808	-8662
2015.617033	-11808	-8602
2015.667033	-11812	-8602
2015.717033	-11828	-8602
2015.767033	-11828	-8602
2015.817033	-11828	-8602
2015.867033	-11828	-8602
2015.917033	-11828	-8594
2015.967033	-11832	-8594
2016.017033	-11832	-8590
2016.067033	-11832	-8590
2016.117033	-11852	-8590
2016.167033	-11852	-8586
2016.217033	-11852	-8578
2016.267033	-11852	-8578
2016.317033	-11852	-8578
2016.367033	-11852	-8578
2016.417033	-11888	-8578
2016.467033	-11888	-8578
2016.517033	-11888	-8558
2016.567033	-11888	-8534
2016.617033	-11888	-8534
2016.667033	-11888	-8534
2016.717033	-11888	-8534
2016.767033	-11900	-8534
2016.817033	-11904	-8534
2016.867033	-11904	-8534
2016.917033	-11904	-8534
2016.967033	-11904	-8534
2017.017033	-11904	-8534
2017.067033	-11904	-8534
2017.117033	-11904	-8534
2017.167033	-11904	-8534
2017.217033	-11904	-8534
2017.267033	-11904	-8534
2017.317033	-11904	-8534
2017.367033	-11904	-8534
2017.417033	-11904	-8534
2017.467033	-11904	-8534
2017.517033	-11904	-8534
2017.567033	-11904	-8534
2017.617033	-11904	-8534
2017.667033	-11904	-8534
2017.717033	-11904	-8534
2017.767033	-11904	-8534
2017.817033	-11904	-8534
2017.867033	-11904	-8534
2017.917033	-11904	-8534
2017.967033	-11904	-8566
2018.017033	-11904	-8650
2018.067033	-11904	-8702
2018.117033	-11904	-8722
2018.167033	-11904	-8754
2018.217033	-11904	-8754
2018.267033	-11904	-8770
2018.317033	-11904	-8770
2018.367033	-11904	-8786
2018.417033	-11904	-8810
2018.467033	-11904	-8834
2018.517033	-11904	-8846
2018.567033	-11904	-8846
2018.617033	-11904	-8866
2018.667033	-11904	-8874
2018.717033	-11904	-8874
2018.767033	-11904	-8910
2018.817033	-11904	-8934
2018.867033	-11904	-8938
2018.917033	-11904	-8938
2018.967033	-11904	-8942
2019.017033	-11904	-8950
2019.067033	-11904	-8966
2019.117033	-11904	-9002
2019.167033	-11904	-9002
2019.217033	-11904	-9002
2019.267033	-11904	-9002
2019.317033	-11904	-9002
2019.367033	-11904	-9002
2019.417033	-11904	-9002
2019.467033	-11904	-9002
2019.517033	-11904	-9002
2019.567033	-11904	-9002
2019.617033	-11904	-9002
2019.667033	-11904	-9002
2019.717033	-11904	-9002
2019.767033	-11904	-9002
2019.817033	-11904	-9002
2019.867033	-11904	-9002
2019.917033	-11904	-9046
2019.967033	-11904	-9078
2020.017033	-11904	-9130
2020.067033	-11904	-9182
2020.117033	-11904	-9222
2020.167033	-11904	-9230
2020.217033	-11964	-9238
2020.267033	-11964	-9242
2020.317033	-11964	-9298
2020.367033	-11964	-9322
2020.417033	-11964	-9402
2020.467033	-11964	-9410
2020.517033	-11964	-9446
2020.567033	-11964	-9498
2020.617033	-11964	-9526
2020.667033	-11964	-9586
2020.717033	-11964	-9610
2020.767033	-11964	-9650
2020.817033	-11964	-9746
2020.867033	-11964	-9842
2020.917033	-11964	-10030
2020.967033	-11964	-10070
2021.017033	-11964	-10106
2021.067033	-11964	-10126
2021.117033	-11964	-10162
2021.167033	-11964	-10250
2021.217033	-12004	-10294
2021.267033	-12028	-10322
2021.317033	-12052	-10322
2021.367033	-12052	-10374
2021.417033	-12052	-10458
2021.467033	-12052	-10462
2021.517033	-12052	-10474
2021.567033	-12052	-10530
2021.617033	-12052	-10530
2021.667033	-12052	-10590
2021.717033	-12052	-10670
2021.767033	-12052	-10682
2021.817033	-12052	-10702
2021.907033	-12052	-10734
2021.963033	-12052	-10734
2022.021033	-12052	-10734
2022.066033	-12052	-10746
2022.116033	-12052	-10782
2022.166033	-12052	-10834
2022.216033	-12052	-10858
2022.266033	-12052	-10874
2022.316033	-12052	-10894
2022.366033	-12052	-10931
2022.416033	-12052	-10999
2022.466033	-12052	-11003
2022.516033	-12052	-11067
2022.566033	-12088	-11187
2022.616033	-12088	-11255
2022.666033	-12112	-11291
2022.716033	-12144	-11327
2022.766033	-12152	-11327
2022.816033	-12168	-11327
2022.866033	-12168	-11327
2022.916033	-12176	-11383
2022.966033	-12208	-11415
2023.016033	-12232	-11491
2023.065033	-12276	-11575
2023.115033	-12348	-11675
2023.165033	-12360	-11747
2023.215033	-12444	-11831
2023.265033	-12452	-11887
2023.315033	-12484	-11919
2023.365033	-12552	-11999
2023.415033	-12556	-12027
2023.465033	-12628	-12079
2023.515033	-12628	-12103
2023.565033	-12628	-12111
2023.615033	-12652	-12175
2023.665033	-12668	-12223
2023.715033	-12708	-12259
2023.765033	-12708	-12291
2023.815033	-12732	-12299
2023.865033	-12732	-12319
2023.915033	-12740	-12319
2023.965033	-12740	-12319
2024.015033	-12740	-12319
2024.065033	-12740	-12319
2024.115033	-12752	-12319
2024.165033	-12752	-12319
2024.215033	-12752	-12375
2024.265033	-12752	-12471
2024.315033	-12764	-12547
2024.365033	-12808	-12559
2024.415033	-12852	-12595
2024.465033	-12872	-12599
2024.515033	-12884	-12603
2024.565033	-12916	-12643
2024.615033	-12940	-12643
2024.665033	-12944	-12667
2024.715033	-12968	-12723
2024.765033	-13076	-12755
2024.815033	-13200	-12875
2024.866033	-13300	-12955
2024.915033	-13300	-12979
2024.965033	-13300	-12983
2025.015033	-13300	-12983
2025.065033	-13300	-12983
2025.115033	-13300	-12983
2025.165033	-13300	-12983
2025.215033	-13300	-12983
2025.265033	-13300	-13003
2025.315033	-13300	-13043
2025.365033	-13300	-13055
2025.415033	-13300	-13055
2025.465033	-13300	-13059
2025.515033	-13300	-13131
2025.565033	-13300	-13147
2025.615033	-13300	-13147
2025.665033	-13300	-13147
2025.715033	-13300	-13147
2025.765033	-13300	-13147
2025.815033	-13300	-13147
2025.865033	-13300	-13147
2025.915033	-13300	-13147
2025.965033	-13300	-13147
2026.015033	-13300	-13147
2026.065033	-13300	-13147
2026.115033	-13300	-13147
2026.165033	-13300	-13147
2026.215033	-13300	-13147
2026.265033	-13300	-13147
2026.315033	-13300	-13147
2026.365033	-13300	-13147
2026.415033	-13300	-13147
2026.465033	-13300	-13147
2026.515033	-13300	-13147
2026.565033	-13300	-13147
2026.615033	-13300	-13147
2026.665033	-13300	-13147
2026.715033	-13300	-13147
2026.765033	-13300	-13147
2026.815033	-13308	-13147
2026.865033	-13316	-13147
2026.915033	-13316	-13147
2026.965033	-13332	-13147
2027.015033	-13368	-13147
2027.065033	-13380	-13147
2027.115033	-13380	-13147
2027.165033	-13380	-13147
2027.215033	-13380	-13147
2027.265033	-13380	-13147
2027.315033	-13380	-13147
2027.365033	-13464	-13147
2027.415033	-13464	-13147
2027.465033	-13488	-13147
2027.515033	-13488	-13147
2027.565033	-13488	-13147
2027.615033	-13488	-13147
2027.665033	-13488	-13147
2027.715033	-13488	-13155
2027.765033	-13488	-13171
2027.815033	-13488	-13171
2027.865033	-13488	-13195
2027.915033	-13488	-13207
2027.965033	-13488	-13211
2028.015033	-13488	-13215
2028.065033	-13488	-13235
2028.115033	-13488	-13259
2028.165033	-13488	-13271
2028.215033	-13488	-13271
2028.265033	-13488	-13319
2028.315033	-13488	-13335
2028.365033	-13488	-13335
2028.415033	-13488	-13335
2028.465033	-13488	-13363
2028.515033	-13488	-13387
2028.565033	-13488	-13411
2028.615033	-13488	-13411
2028.665033	-13488	-13411
2028.715033	-13488	-13411
2028.765033	-13488	-13411
2028.815033	-13488	-13411
2028.865033	-13488	-13411
2028.915033	-13488	-13411
2028.965033	-13488	-13411
2029.015033	-13488	-13451
2029.065033	-13488	-13451
2029.115033	-13488	-13451
2029.165033	-13488	-13451
2029.215033	-13488	-13451
2029.265033	-13488	-13451
2029.315033	-13488	-13451
2029.365033	-13488	-13451
2029.415033	-13488	-13451
2029.465033	-13488	-13451
2029.515033	-13488	-13451
2029.565033	-13488	-13451
2029.615033	-13488	-13455
2029.665033	-13488	-13455
2029.715033	-13488	-13455
2029.765033	-13488	-13455
2029.815033	-13488	-13483
2029.865033	-13488	-13491
2029.915033	-13488	-13491
2029.965033	-13488	-13491
2030.015033	-13488	-13491
2030.065033	-13488	-13491
2030.115033	-13488	-13491
2030.165033	-13488	-13491
2030.215033	-13488	-13491
2030.265033	-13488	-13491
2030.315033	-13488	-13491
2030.365033	-13488	-13491
2030.415033	-13488	-13491
2030.465033	-13488	-13491
2030.515033	-13488	-13491
2030.565033	-13488	-13491
2030.615033	-13488	-13491
2030.665033	-13488	-13491
2030.715033	-13488	-13491
2030.765033	-13488	-13511
2030.815033	-13488	-13539
2030.865033	-13488	-13539
2030.915033	-13488	-13539
2030.965033	-13488	-13539
2031.015033	-13488	-13539
2031.065033	-13488	-13539
2031.115033	-13488	-13539
2031.165033	-13488	-13539
2031.215033	-13488	-13539
2031.265033	-13488	-13539
2031.315033	-13488	-13539
2031.365033	-13488	-13539
2031.415033	-13488	-13539
2031.465033	-13488	-13539
2031.515033	-13488	-13539
2031.565033	-13488	-13539
2031.615033	-13488	-13539
2031.665033	-13488	-13539
2031.715033	-13488	-13539
2031.765033	-13488	-13539
2031.815033	-13488	-13539
2031.865033	-13488	-13539
2031.915033	-13488	-13539
2031.965033	-13488	-13539
2032.015033	-13488	-13539
2032.065033	-13488	-13539
2032.115033	-13488	-13539
2032.165033	-13488	-13539
2032.215033	-13488	-13539
2032.265033	-13488	-13539
2032.315033	-13488	-13539
2032.365033	-13488	-13539
2032.415033	-13488	-13539
2032.465033	-13488	-13539
2032.515033	-13488	-13539
2032.565033	-13488	-13539
2032.615033	-13488	-13539
2032.665033	-13488	-13539
2032.715033	-13488	-13539
2032.765033	-13488	-13539
2032.815033	-13488	-13539
2032.865033	-13488	-13539
2032.915033	-13488	-13539
2032.965033	-13488	-13539
2033.015033	-13488	-13539
2033.065033	-13488	-13539
2033.115033	-13488	-13539
2033.165033	-13488	-13539
2033.215033	-13488	-13539
2033.265033	-13488	-13539
2033.315033	-13488	-13539
2033.365033	-13488	-13539
2033.415033	-13488	-13539
2033.465033	-13488	-13539
2033.515033	-13488	-13539
2033.565033	-13488	-13539
2033.615033	-13488	-13539
2033.665033	-13488	-13539
2033.715033	-13488	-13539
2033.765033	-13488	-13539
2033.815033	-13488	-13539
2033.865033	-13488	-13539
2033.915033	-13488	-13539
2033.965033	-13488	-13539
2034.015033	-13488	-13539
2034.065033	-13488	-13539
2034.115033	-13488	-13539
2034.165033	-13488	-13539
2034.215033	-13488	-13539
2034.265033	-13488	-13539
2034.315033	-13488	-13539
2034.365033	-13488	-13539
2034.415033	-13488	-13539
2034.465033	-13488	-13539
2034.515033	-13488	-13539
2034.565033	-13488	-13539
2034.615033	-13488	-13539
2034.665033	-13488	-13539
2034.715033	-13488	-13539
2034.765033	-13488	-13539
2034.815033	-13488	-13539
2034.865033	-13488	-13539
2034.915033	-13488	-13539
2034.965033	-13488	-13539
2035.015033	-13488	-13539
2035.098033	-13488	-13539
2035.115033	-13488	-13539
2035.165033	-13488	-13539
2035.215033	-13488	-13539
2035.265033	-13488	-13539
2035.315033	-13488	-13539
2035.365033	-13488	-13539
2035.415033	-13488	-13539
2035.465033	-13488	-13539
2035.515033	-13488	-13539
2035.565033	-13488	-13539
2035.615033	-13488	-13539
2035.665033	-13488	-13539
2035.715033	-13488	-13539
2035.765033	-13488	-13539
2035.815033	-13488	-13539
2035.865033	-13488	-13539
2035.915033	-13488	-13539
2035.965033	-13488	-13539
2036.015033	-13488	-13539
2036.065033	-13488	-13539
2036.115033	-13488	-13539
2036.165033	-13488	-13539
2036.215033	-13488	-13539
2036.265033	-13488	-13539
2036.315033	-13488	-13539
2036.365033	-13488	-13539
2036.415033	-13488	-13539
2036.465033	-13488	-13539
2036.515033	-13488	-13539
2036.565033	-13488	-13539
2036.615033	-13488	-13539
2036.665033	-13488	-13539
2036.715033	-13488	-13539
2036.765033	-13488	-13539
2036.815033	-13488	-13539
2036.865033	-13488	-13539
2036.915033	-13488	-13539
2036.965033	-13488	-13539
2037.015033	-13488	-13539
2037.065033	-13488	-13539
2037.115033	-13488	-13539
2037.165033	-13488	-13539
2037.215033	-13488	-13539
2037.265033	-13488	-13539
2037.315033	-13488	-13539
2037.365033	-13488	-13539
2037.415033	-13488	-13539
2037.465033	-13488	-13539
2037.515033	-13488	-13539
2037.565033	-13488	-13539
2037.615033	-13488	-13539
2037.665033	-13488	-13539
2037.715033	-13488	-13539
2037.765033	-13488	-13539
2037.815033	-13488	-13539
2037.865033	-13488	-13539
2037.915033	-13488	-13539
2037.965033	-13488	-13539
2038.015033	-13488	-13539
2038.065033	-13488	-13539
2038.115033	-13488	-13539
2038.165033	-13488	-13539
2038.215033	-13488	-13539
2038.265033	-13488	-13539
2038.315033	-13488	-13539
2038.365033	-13488	-13539
2038.415033	-13488	-13539
2038.465033	-13488	-13539
2038.515033	-13488	-13539
2038.565033	-13488	-13539
2038.615033	-13488	-13539
2038.665033	-13488	-13539
2038.715033	-13488	-13539
2038.765033	-13488	-13539
2038.815033	-13488	-13539
2038.865033	-13488	-13539
2038.915033	-13488	-13539
2038.965033	-13488	-13539
2039.015033	-13488	-13539
2039.065033	-13488	-13539
2039.115033	-13488	-13539
2039.165033	-13488	-13539
2039.215033	-13488	-13539
2039.265033	-13488	-13539
2039.315033	-13488	-13539
2039.365033	-13488	-13539
2039.415033	-13488	-13523
2039.465033	-13488	-13487
2039.515033	-13488	-13379
2039.565033	-13488	-13259
2039.615033	-13488	-13211
2039.665033	-13488	-13211
2039.715033	-13488	-13143
2039.765033	-13452	-13083
2039.815033	-13392	-13003
2039.865033	-13324	-12855
2039.915033	-13244	-12791
2039.965033	-13116	-12555
2040.015033	-12960	-12399
2040.065033	-12652	-12215
2040.115033	-12200	-11979
2040.165033	-11688	-11567
2040.215033	-10844	-11119
2040.265033	-10008	-10931
2040.315033	-9104	-10510
2040.365033	-8684	-10202
2040.415033	-8028	-9766
2040.465033	-7180	-9210
2040.514033	-6232	-8542
2040.564033	-5112	-7778
2040.614033	-3384	-6394
2040.664033	-2400	-5502
2040.714033	-1244	-4277
2040.764033	-580	-3429
2040.814033	133	-2085
2040.865033	0	-969
2040.914033	0	0
2040.964033	0	0
2041.014033	0	0
2041.064033	0	0
2041.114033	0	0
2041.164033	0	0
2041.214033	0	0
2041.264033	0	0
2041.314033	0	0
2041.364033	0	0
2041.414033	0	0
2041.464033	0	0
2041.514033	0	0
2041.564033	0	0
2041.614033	0	0
2041.664033	0	0
2041.714033	0	0
2041.764033	0	0
2041.814033	0	0
2041.864033	0	0
2041.914033	0	0
2041.964033	0	0
2042.014033	0	0
2042.064033	0	0
2042.114033	0	0
2042.164033	0	0
2042.214033	0	0
2042.264033	0	0
2042.314033	0	0
2042.364033	0	0
2042.414033	0	0
2042.464033	0	0
2042.514033	0	0
2042.564033	0	0
2042.614033	0	0
2042.664033	0	0
2042.714033	0	0
2042.764033	0	0
2042.814033	0	0
2042.864033	0	0
2042.914033	0	0
2042.964033	0	0
2043.014033	0	0
2043.064033	0	0
2043.114033	0	0
2043.168033	0	0
2043.214033	0	0
2043.264033	0	0
2043.314033	0	0
2043.364033	0	0
2043.414033	0	0
2043.464033	0	0
2043.514033	0	0
2043.564033	0	0
2043.614033	0	0
2043.664033	0	0
2043.714033	0	0
2043.764033	0	0
2043.814033	0	0
2043.864033	0	0
2043.914033	0	0
2043.964033	0	0
2044.014033	0	0
2044.064033	0	0
2044.114033	0	0
2044.164033	0	0
2044.214033	0	0
2044.264033	0	0
2044.314033	0	0
2044.364033	0	0
2044.414033	0	0
2044.464033	0	0
2044.514033	0	0
2044.564033	0	0
2044.614033	0	0
2044.666033	0	0
2044.714033	0	0
2044.764033	0	0
2044.814033	0	0
2044.864033	0	0
2044.914033	0	0
2044.964033	0	0
2045.014033	0	0
2045.064033	0	0
2045.114033	0	0
2045.164033	0	0
2045.214033	0	0
2045.264033	0	0
2045.314033	0	0
2045.364033	0	0
2045.414033	0	0
2045.464033	0	0
2045.514033	0	0
2045.564033	0	0
2045.614033	0	0
2045.664033	0	0
2045.714033	0	0
2045.764033	0	0
2045.814033	0	0
2045.864033	0	0
2045.914033	0	0
2045.964033	0	0
2046.014033	0	0
2046.064033	0	0
2046.114033	0	0
2046.164033	0	0
2046.214033	0	0
2046.264033	0	0
2046.314033	0	0
2046.364033	0	0
2046.414033	0	0
2046.464033	0	0
2046.514033	0	0
2046.564033	0	0
2046.614033	0	0
2046.664033	0	0
2046.714033	0	0
2046.764033	0	0
2046.814033	0	0
2046.864033	0	0
2046.914033	0	0
2046.964033	0	0
2047.014033	0	0
2047.064033	0	0
2047.114033	0	0
2047.164033	0	0
2047.214033	0	0
2047.264033	0	0
2047.314033	0	0
2047.364033	0	0
2047.414033	0	0
2047.464033	0	0
2047.514033	0	0
2047.564033	0	0
2047.614033	0	0
2047.665033	0	0
2047.714033	0	0
2047.764033	0	0
2047.814033	0	0
2047.864033	0	0
2047.914033	0	0
2047.964033	0	0
2048.014033	0	0
2048.064033	0	0
2048.114033	0	0
2048.164033	0	0
2048.214033	0	0
2048.264033	0	0
2048.314033	0	0
2048.364033	0	0
2048.414033	0	0
2048.464033	0	0
2048.514033	0	0
2048.564033	0	0
2048.614033	0	0
2048.664033	0	0
2048.714033	0	0
2048.764033	0	0
2048.814033	0	0
2048.864033	0	0
2048.914033	0	0
2048.964033	0	0
2049.014033	0	0
2049.064033	0	0
2049.114033	0	0
2049.167033	0	0
2049.214033	0	0
2049.264033	0	0
2049.314033	0	0
2049.364033	0	0
2049.414033	0	0
2049.464033	0	0
2049.514033	0	0
2049.564033	0	0
2049.614033	0	0
2049.664033	0	0
2049.714033	0	0
2049.764033	0	0
2049.814033	0	0
2049.864033	0	0
2049.914033	0	0
2049.964033	0	0
2050.014033	0	0
2050.064033	0	0
2050.114033	0	0
2050.164033	0	0
2050.214033	0	0
2050.264033	0	0
2050.314033	0	0
2050.364033	0	0
2050.414033	0	0
2050.464033	0	0
2050.514033	0	0
2050.564033	0	0
2050.614033	0	0
2050.664033	0	0
2050.714033	0	0
2050.764033	0	0
2050.814033	0	0
2050.864033	0	0
2050.914033	0	0
2050.964033	0	0
2051.014033	0	0
2051.064033	0	0
2051.114033	0	0
2051.164033	0	0
2051.214033	0	0
2051.264033	0	0
2051.314033	0	0
2051.364033	0	0
2051.414033	0	0
2051.464033	0	0
2051.514033	0	0
2051.564033	0	0
2051.614033	0	0
2051.664033	0	0
2051.714033	0	0
2051.764033	0	0
2051.814033	0	0
2051.864033	0	0
2051.914033	0	0
2051.964033	0	0
2052.014033	0	0
2052.064033	0	0
2052.114033	0	0
2052.166033	0	0
2052.214033	0	0
2052.264033	0	0
2052.314033	0	0
2052.364033	0	0
2052.414033	0	0
2052.464033	0	0
2052.514033	0	0
2052.564033	0	0
2052.614033	0	0
2052.664033	0	0
2052.714033	0	0
2052.764033	0	0
2052.814033	0	0
2052.864033	0	0
2052.914033	0	0
2052.964033	0	0
2053.014033	0	0
2053.064033	0	0
2053.114033	0	0
2053.164033	0	0
2053.214033	0	0
2053.264033	0	0
2053.314033	0	0
2053.364033	0	0
2053.414033	0	0
2053.464033	0	0
2053.514033	0	0
2053.564033	0	0
2053.614033	0	0
2053.664033	0	0
2053.714033	0	0
2053.764033	0	0
2053.814033	0	0
2053.864033	0	0
2053.914033	0	0
2053.964033	0	0
2054.014033	0	0
2054.064033	0	0
2054.114033	0	0
2054.164033	0	0
2054.214033	0	0
2054.264033	0	0
2054.314033	0	0
2054.364033	0	0
2054.414033	0	0
2054.464033	0	0
2054.514033	0	0
2054.564033	0	0
2054.614033	0	0
2054.664033	0	0
2054.714033	0	0
2054.764033	0	0
2054.814033	0	0
2054.864033	0	0
2054.914033	0	0
2054.964033	0	0
2055.014033	0	0
2055.064033	0	0
2055.114033	0	0
2055.172033	0	0
2055.214033	0	0
2055.264033	0	0
2055.314033	0	0
2055.364033	0	0
2055.414033	0	0
2055.464033	0	0
2055.514033	0	0
2055.564033	0	0
2055.614033	0	0
2055.664033	0	0
2055.714033	0	0
2055.764033	0	0
2055.814033	0	0
2055.864033	0	0
2055.914033	0	0
2055.964033	0	0
2056.014033	0	0
2056.064033	0	0
2056.114033	0	0
2056.164033	0	0
2056.214033	0	0
2056.264033	0	0
2056.314033	0	0
2056.364033	0	0
2056.414033	0	0
2056.464033	0	0
2056.514033	0	0
2056.564033	0	0
2056.614033	0	0
2056.664033	0	0
2056.714033	0	0
2056.764033	0	0
2056.814033	0	0
2056.864033	0	0
2056.914033	0	0
2056.965033	0	0
2057.014033	0	0
2057.064033	0	0
2057.114033	0	0
2057.164033	0	0
2057.214033	0	0
2057.264033	0	0
2057.314033	0	0
2057.364033	0	0
2057.414033	0	0
2057.464033	0	0
2057.514033	0	0
2057.564033	0	0
2057.614033	0	0
2057.664033	0	0
2057.714033	0	0
2057.764033	0	0
2057.814033	0	0
2057.864033	0	0
2057.914033	0	0
2057.964033	0	0
2058.013033	0	0
2058.063033	0	0
2058.113033	0	0
2058.163033	0	0
2058.213033	0	0
2058.263033	0	0
2058.313033	0	0
2058.363033	0	0
2058.413033	0	0
2058.463033	0	0
2058.513033	0	0
2058.563033	0	0
2058.613033	0	0
2058.663033	0	0
2058.713033	0	0
2058.763033	0	0
2058.813033	0	0
2058.863033	0	0
2058.913033	0	0
2058.963033	0	0
2059.013033	0	0
2059.063033	0	0
2059.113033	0	0
2059.163033	0	0
2059.213033	0	0
2059.263033	0	0
2059.313033	0	0
2059.364033	0	0
2059.413033	0	0
2059.463033	0	0
2059.513033	0	0
2059.563033	0	0
2059.613033	0	0
2059.663033	0	0
2059.713033	0	0
2059.763033	0	0
2059.813033	0	0
2059.863033	0	0
2059.913033	0	0
2059.963033	0	0
2060.013033	0	0
2060.063033	0	0
2060.113033	0	0
2060.163033	0	0
2060.213033	0	0
2060.263033	0	0
2060.313033	0	0
2060.363033	0	0
2060.413033	0	0
2060.463033	0	0
2060.513033	0	0
2060.563033	0	0
2060.613033	0	0
2060.663033	0	0
2060.713033	0	0
2060.763033	0	0
2060.813033	0	0
2060.864033	0	0
2060.913033	0	0
2060.963033	0	0
2061.013033	0	0
2061.063033	0	0
2061.113033	0	0
2061.166033	0	0
2061.213033	0	0
2061.263033	0	0
2061.313033	0	0
2061.363033	0	0
2061.413033	0	0
2061.463033	0	0
2061.513033	0	0
2061.563033	0	0
2061.613033	0	0
2061.663033	0	0
2061.713033	0	0
2061.763033	0	0
2061.813033	0	0
2061.863033	0	0
2061.913033	0	0
2061.963033	0	0
2062.013033	0	0
2062.063033	0	0
2062.113033	0	0
2062.163033	0	0
2062.213033	0	0
2062.263033	0	0
2062.313033	0	0
2062.363033	0	0
2062.413033	0	0
2062.463033	0	0
2062.513033	0	0
2062.563033	0	0
2062.613033	0	0
2062.663033	0	0
2062.713033	0	0
2062.763033	0	0
2062.813033	0	0
2062.863033	0	0
2062.913033	0	0
2062.963033	0	0
2063.013033	0	0
2063.063033	0	0
2063.113033	0	0
2063.163033	0	0
2063.213033	0	0
2063.263033	0	0
2063.313033	0	0
2063.363033	0	0
2063.413033	0	0
2063.463033	0	0
2063.513033	0	0
2063.563033	0	0
2063.613033	0	0
2063.663033	0	0
2063.713033	0	0
2063.763033	0	0
2063.813033	0	0
2063.863033	0	0
2063.913033	0	0
2063.963033	0	0
2064.013033	0	0
2064.063033	0	0
2064.113033	0	0
2064.163033	0	0
2064.213033	0	0
2064.263033	0	0
2064.313033	0	0
2064.363033	0	0
2064.413033	0	0
2064.463033	0	0
2064.513033	0	0
2064.563033	0	0
2064.613033	0	0
2064.663033	0	0
2064.713033	0	0
2064.763033	0	0
2064.813033	0	0
2064.863033	0	0
2064.913033	0	0
2064.963033	0	0
2065.013033	0	0
2065.063033	0	0
2065.113033	0	0
2065.163033	0	0
2065.213033	0	0
2065.263033	0	0
2065.313033	0	0
2065.363033	0	0
2065.413033	0	0
2065.463033	0	0
2065.513033	0	0
2065.563033	0	0
2065.613033	0	0
2065.665033	0	0
2065.713033	0	0
2065.763033	0	0
2065.813033	0	0
2065.863033	0	0
2065.913033	0	0
2065.963033	0	0
2066.013033	0	0
2066.063033	0	0
2066.113033	0	0
2066.163033	0	0
2066.213033	0	0
2066.263033	0	0
2066.313033	0	0
2066.363033	0	0
2066.413033	0	0
2066.463033	0	0
2066.513033	0	0
2066.563033	0	0
2066.613033	0	0
2066.663033	0	0
2066.713033	0	0
2066.763033	0	0
2066.813033	0	0
2066.863033	0	0
2066.913033	0	0
2066.963033	0	0
2067.013033	0	0
2067.063033	0	0
2067.113033	0	0
2067.164033	0	0
2067.213033	0	0
2067.263033	0	0
2067.313033	0	0
2067.363033	0	0
2067.413033	0	0
2067.463033	0	0
2067.513033	0	0
2067.563033	0	0
2067.613033	0	0
2067.663033	0	0
2067.713033	0	0
2067.763033	0	0
2067.813033	0	0
2067.863033	0	0
2067.913033	0	0
2067.963033	0	0
2068.013033	0	0
2068.063033	0	0
2068.113033	0	0
2068.163033	0	0
2068.213033	0	0
2068.263033	0	0
2068.313033	0	0
2068.363033	0	0
2068.413033	0	0
2068.463033	0	0
2068.513033	0	0
2068.563033	0	0
2068.613033	0	0
2068.670033	0	0
2068.713033	0	0
2068.763033	0	0
2068.813033	0	0
2068.863033	0	0
2068.913033	0	0
2068.963033	0	0
2069.013033	0	0
2069.063033	0	0
2069.113033	0	0
2069.163033	0	0
2069.213033	0	0
2069.263033	0	0
2069.313033	0	0
2069.363033	0	0
2069.413033	0	0
2069.463033	0	0
2069.513033	0	0
2069.563033	0	0
2069.613033	0	0
2069.663033	0	0
2069.713033	0	0
2069.763033	0	0
2069.813033	0	0
2069.863033	0	0
2069.913033	0	0
2069.963033	0	0
2070.013033	0	0
2070.063033	0	0
2070.113033	0	0
2070.169033	0	0
2070.213033	0	0
2070.263033	0	0
2070.313033	0	0
2070.363033	0	0
2070.413033	0	0
2070.463033	0	0
2070.513033	0	0
2070.563033	0	0
2070.613033	0	0
2070.663033	0	0
2070.713033	0	0
2070.763033	0	0
2070.813033	0	0
2070.863033	0	0
2070.913033	0	0
2070.963033	0	0
2071.013033	0	0
2071.063033	0	0
2071.113033	0	0
2071.163033	0	0
2071.213033	0	0
2071.263033	0	0
2071.313033	0	0
2071.363033	0	0
2071.413033	0	0
2071.463033	0	0
2071.513033	0	0
2071.563033	0	0
2071.613033	0	0
2071.664033	0	0
2071.713033	0	0
2071.763033	0	0
2071.813033	0	0
2071.863033	0	0
2071.913033	0	0
2071.963033	0	0
2072.013033	0	0
2072.063033	0	0
2072.113033	0	0
2072.163033	0	0
2072.213033	0	0
2072.263033	0	0
2072.313033	0	0
2072.363033	0	0
2072.413033	0	0
2072.463033	0	0
2072.513033	0	0
2072.563033	0	0
2072.613033	0	0
2072.663033	0	0
2072.713033	0	0
2072.763033	0	0
2072.813033	0	0
2072.863033	0	0
2072.913033	0	0
2072.963033	0	0
2073.013033	0	0
2073.063033	0	0
2073.113033	0	0
2073.169033	0	0
2073.213033	0	0
2073.263033	0	0
2073.313033	0	0
2073.363033	0	0
2073.413033	0	0
2073.463033	0	0
2073.513033	0	0
2073.563033	0	0
2073.613033	0	0
2073.663033	0	0
2073.713033	0	0
2073.763033	0	0
2073.813033	0	0
2073.863033	0	0
2073.913033	0	0
2073.963033	0	0
2074.013033	0	0
2074.063033	0	0
2074.113033	0	0
2074.163033	0	0
2074.213033	0	0
2074.263033	0	0
2074.313033	0	0
2074.363033	0	0
2074.413033	0	0
2074.463033	0	0
2074.513033	0	0
2074.563033	0	0
2074.613033	0	0
2074.663033	0	0
2074.713033	0	0
2074.763033	0	0
2074.813033	0	0
2074.863033	0	0
2074.913033	0	0
2074.963033	0	0
2075.013033	0	0
2075.063033	0	0
2075.113033	0	0
2075.163033	0	0
2075.213033	0	0
2075.263033	0	0
2075.313033	0	0
2075.363033	0	0
2075.413033	0	0
2075.463033	0	0
2075.512033	0	0
2075.562033	0	0
2075.612033	0	0
2075.662033	0	0
2075.712033	0	0
2075.762033	0	0
2075.812033	0	0
2075.862033	0	0
2075.912033	0	0
2075.962033	0	0
2076.012033	0	0
2076.062033	0	0
2076.112033	0	0
2076.169033	0	0
2076.212033	0	0
2076.262033	0	0
2076.312033	0	0
2076.362033	0	0
2076.412033	0	0
2076.462033	0	0
2076.512033	0	0
2076.562033	0	0
2076.612033	0	0
2076.662033	0	0
2076.712033	0	0
2076.762033	0	0
2076.812033	0	0
2076.862033	0	0
2076.912033	0	0
2076.962033	0	0
2077.012033	0	0
2077.062033	0	0
2077.112033	0	0
2077.162033	0	0
2077.212033	0	0
2077.262033	0	0
2077.312033	0	0
2077.363033	0	0
2077.412033	0	0
2077.462033	0	0
2077.512033	0	0
2077.562033	0	0
2077.612033	0	0
2077.662033	0	0
2077.712033	0	0
2077.762033	0	0
2077.812033	0	0
2077.862033	0	0
2077.912033	0	0
2077.962033	0	0
2078.012033	0	0
2078.062033	0	0
2078.112033	0	0
2078.162033	0	0
2078.212033	0	0
2078.262033	0	0
2078.312033	0	0
2078.362033	0	0
2078.412033	0	0
2078.462033	0	0
2078.512033	0	0
2078.562033	0	0
2078.612033	0	0
2078.662033	0	0
2078.712033	0	0
2078.762033	0	0
2078.812033	0	0
2078.862033	0	0
2078.912033	0	0
2078.962033	0	0
2079.012033	0	0
2079.062033	0	0
2079.112033	0	0
2079.162033	0	0
2079.212033	0	0
2079.262033	0	0
2079.312033	0	0
2079.362033	0	0
2079.412033	0	0
2079.462033	0	0
2079.512033	0	0
2079.562033	0	0
2079.612033	0	0
2079.662033	0	0
2079.712033	0	0
2079.762033	0	0
2079.812033	0	0
2079.862033	0	0
2079.912033	0	0
2079.962033	0	0
2080.012033	0	0
2080.062033	0	0
2080.112033	0	0
2080.162033	0	0
2080.212033	0	0
2080.262033	0	0
2080.312033	0	0
2080.362033	0	0
2080.412033	0	0
2080.462035	0	0
2080.512040	0	0
2080.562045	0	0
2080.613050	0	0
2080.662055	0	0
2080.712060	0	0
2080.762065	0	0
2080.812070	0	0
2080.862075	0	0
2080.912080	0	0
2080.962085	0	0
2081.012090	0	0
2081.062095	0	0
2081.113100	0	0
2081.162105	0	0
2081.212110	0	0
2081.262115	0	0
2081.312120	0	0
2081.362125	0	0
2081.412130	0	0
2081.462135	0	0
2081.512140	0	0
2081.562145	0	0
2081.613150	0	0
2081.662155	0	0
2081.712160	0	0
2081.762165	0	0
2081.812170	0	0
2081.862175	0	0
2081.912180	0	0
2081.962185	0	0
2082.012190	0	0
2082.062195	0	0
2082.113200	0	0
2082.162205	0	0
2082.212210	0	0
2082.262215	0	0
2082.312220	0	0
2082.362225	0	0
2082.412230	0	0
2082.462235	0	0
2082.512240	0	0
2082.562245	0	0
2082.613250	0	0
2082.662255	0	0
2082.712260	0	0
2082.762265	0	0
2082.812270	0	0
2082.862275	0	0
2082.912280	0	0
2082.962285	0	0
2083.012290	0	0
2083.062295	0	0
2083.113300	0	0
2083.162305	0	0
2083.212310	0	0
2083.262315	0	0
2083.312320	0	0
2083.362325	0	0
2083.412330	0	0
2083.462335	0	0
2083.512340	0	0
2083.562345	0	0
2083.613350	0	0
2083.662355	0	0
2083.712360	0	0
2083.762365	0	0
2083.812370	0	0
2083.862375	0	0
2083.912380	0	0
2083.962385	0	0
2084.012390	0	0
2084.062395	0	0
2084.113400	0	0
2084.162405	0	0
2084.212410	0	0
2084.262415	0	0
2084.312420	0	0
2084.362425	0	0
2084.412430	0	0
2084.462435	0	0
2084.512440	0	0
2084.562445	0	0
2084.613450	0	0
2084.662455	0	0
2084.712460	0	0
2084.762465	0	0
2084.812470	0	0
2084.862475	0	0
2084.912480	0	0
2084.962485	0	0
2085.012490	0	0
2085.062495	0	0
2085.112500	0	0
2085.162505	0	0
2085.212510	0	0
2085.262515	0	0
2085.312520	0	0
2085.362525	0	0
2085.412530	0	0
2085.462535	0	0
2085.512540	0	0
2085.562545	0	0
2085.612550	0	0
2085.662555	0	0
2085.712560	0	0
2085.762565	0	0
2085.812570	0	0
2085.862575	0	0
2085.912580	0	0
2085.962585	0	0
2086.012590	0	0
2086.062595	0	0
2086.113600	0	0
2086.162605	0	0
2086.212610	0	0
2086.262615	0	0
2086.312620	0	0
2086.362625	0	0
2086.412630	0	0
2086.462635	0	0
2086.512640	0	0
2086.562645	0	0
2086.612650	0	0
2086.662655	0	0
2086.712660	0	0
2086.762665	0	0
2086.812670	0	0
2086.862675	0	0
2086.912680	0	0
2086.962685	0	0
2087.012690	0	0
2087.062695	0	0
2087.112700	0	0
2087.162705	0	0
2087.212710	0	0
2087.262715	0	0
2087.312720	0	0
2087.362725	0	0
2087.412730	0	0
2087.462735	0	0
2087.512740	0	0
2087.562745	0	0
2087.612750	0	0
2087.662755	0	0
2087.712760	0	0
2087.762765	0	0
2087.812770	0	0
2087.862775	0	0
2087.912780	0	0
2087.962785	0	0
2088.012790	0	0
2088.062795	0	0
2088.112800	0	0
2088.162805	0	0
2088.212810	0	0
2088.262815	0	0
2088.312820	0	0
2088.362825	0	0
2088.412830	0	0
2088.462835	0	0
2088.512840	0	0
2088.562845	0	0
2088.612850	0	0
2088.662855	0	0
2088.712860	0	0
2088.762865	0	0
2088.812870	0	0
2088.862875	0	0
2088.912880	0	0
2088.962885	0	0
2089.012890	0	0
2089.062895	0	0
2089.112900	0	0
2089.162905	0	0
2089.212910	0	0
2089.262915	0	0
2089.312920	0	0
2089.362925	0	0
2089.412930	0	0
2089.462935	0	0
2089.512940	0	0
2089.562945	0	0
2089.612950	0	0
2089.667955	0	0
2089.712960	0	0
2089.762965	0	0
2089.812970	0	0
2089.862975	0	0
2089.912980	0	0
2089.962985	0	0
2090.012990	0	0
2090.062995	0	0
2090.113000	0	0
2090.163005	0	0
2090.213010	0	0
2090.263015	0	0
2090.313020	0	0
2090.363025	0	0
2090.413030	0	0
2090.463035	0	0
2090.513040	0	0
2090.563045	0	0
2090.613050	0	0
2090.663055	0	0
2090.713060	0	0
2090.763065	0	0
2090.813070	0	0
2090.863075	0	0
2090.913080	0	0
2090.963085	0	0
2091.013090	0	0
2091.063095	0	0
2091.113100	0	0
2091.163105	0	0
2091.213110	0	0
2091.263115	0	0
2091.313120	0	0
2091.363125	0	0
2091.413130	0	0
2091.463135	0	0
2091.513140	0	0
2091.563145	0	0
2091.613150	0	0
2091.663155	0	0
2091.713160	0	0
2091.763165	0	0
2091.813170	0	0
2091.863175	0	0
2091.913180	0	0
2091.963185	0	0
2092.013190	0	0
2092.063195	0	0
2092.113200	0	0
2092.163205	0	0
2092.213210	0	0
2092.263215	0	0
2092.313220	0	0
2092.363225	0	0
2092.413230	0	0
2092.463235	0	0
2092.513240	0	0
2092.563245	0	0
2092.613250	0	0
2092.663255	0	0
2092.713260	0	0
2092.763265	0	0
2092.813270	0	0
2092.863275	0	0
2092.913280	0	0
2092.963285	0	0
2093.012290	0	0
2093.062294	0	0
2093.112299	0	0
2093.162305	0	0
2093.212310	0	0
2093.262315	0	0
2093.312320	0	0
2093.362325	0	0
2093.412330	0	0
2093.462335	0	0
2093.512340	0	0
2093.562345	0	0
2093.612350	0	0
2093.662354	0	0
2093.712360	0	0
2093.762365	0	0
2093.812370	0	0
2093.862375	0	0
2093.912380	0	0
2093.962385	0	0
2094.012390	0	0
2094.062395	0	0
2094.112400	0	0
2094.162405	0	0
2094.212409	0	0
2094.262414	0	0
2094.312420	0	0
2094.362425	0	0
2094.412430	0	0
2094.462435	0	0
2094.512440	0	0
2094.562445	0	0
2094.612450	0	0
2094.662455	0	0
2094.712460	0	0
2094.762465	0	0
2094.812469	0	0
2094.862474	0	0
2094.912480	0	0
2094.962485	0	0
2095.012490	0	0
2095.062495	0	0
2095.112500	0	0
2095.162505	0	0
2095.212510	0	0
2095.262515	0	0
2095.312520	0	0
2095.362525	0	0
2095.412529	0	0
2095.462535	0	0
2095.512540	0	0
2095.562545	0	0
2095.612550	0	0
2095.662555	0	0
2095.712560	0	0
2095.762565	0	0
2095.812570	0	0
2095.862575	0	0
2095.912580	0	0
2095.962584	0	0
2096.012589	0	0
2096.062595	0	0
2096.112600	0	0
2096.162605	0	0
2096.212610	0	0
2096.262615	0	0
2096.312620	0	0
2096.362625	0	0
2096.412630	0	0
2096.462635	0	0
2096.512640	0	0
2096.562644	0	0
2096.612649	0	0
2096.662655	0	0
2096.712660	0	0
2096.762665	0	0
2096.812670	0	0
2096.862675	0	0
2096.912680	0	0
2096.962685	0	0
2097.012690	0	0
2097.062695	0	0
2097.112700	0	0
2097.162704	0	0
2097.212710	0	0
2097.262715	0	0
2097.312720	0	0
2097.362725	0	0
2097.412730	0	0
2097.462735	0	0
2097.512740	0	0
2097.562745	0	0
2097.612750	0	0
2097.662755	0	0
2097.712759	0	0
2097.762764	0	0
2097.812770	0	0
2097.862775	0	0
2097.912780	0	0
2097.962785	0	0
2098.012790	0	0
2098.062795	0	0
2098.112800	0	0
2098.162805	0	0
2098.212810	0	0
2098.262815	0	0
2098.312819	0	0
2098.362824	0	0
2098.412830	0	0
2098.462835	0	0
2098.512840	0	0
2098.562845	0	0
2098.612850	0	0
2098.662855	0	0
2098.712860	0	0
2098.762865	0	0
2098.812870	0	0
2098.862875	0	0
2098.912879	0	0
2098.966885	0	0
2099.012890	0	0
2099.062895	0	0
2099.112900	0	0
2099.162905	0	0
2099.212910	0	0
2099.262915	0	0
2099.312920	0	0
2099.362925	0	0
2099.412930	0	0
2099.462934	0	0
2099.512939	0	0
2099.562945	0	0
2099.612950	0	0
2099.662955	0	0
2099.712960	0	0
2099.762965	0	0
2099.812970	0	0
2099.862975	0	0
2099.912980	0	0
2099.962985	0	0
2100.012990	0	0
2100.062994	0	0
2100.112999	0	0
2100.167005	0	0
2100.213010	0	0
2100.263015	0	0
2100.313020	0	0
2100.363025	0	0
2100.413030	0	0
2100.463035	0	0
2100.513040	0	0
2100.563045	0	0
2100.613050	0	0
2100.663054	0	0
2100.713060	0	0
2100.763065	0	0
2100.813070	0	0
2100.863075	0	0
2100.913080	0	0
2100.963085	0	0
2101.013090	0	0
2101.063095	0	0
2101.113100	0	0
2101.163105	0	0
2101.213109	0	0
2101.263114	0	0
2101.313120	0	0
2101.363125	0	0
2101.413130	0	0
2101.463135	0	0
2101.513140	0	0
2101.563145	0	0
2101.613150	0	0
2101.663155	0	0
2101.713160	0	0
2101.763165	0	0
2101.813169	0	0
2101.863174	0	0
2101.913180	0	0
2101.963185	0	0
2102.013190	0	0
2102.063195	0	0
2102.113200	0	0
2102.163205	0	0
2102.213210	0	0
2102.263215	0	0
2102.313220	0	0
2102.363225	0	0
2102.413229	0	0
2102.463235	0	0
2102.513240	0	0
2102.563245	0	0
2102.613250	0	0
2102.663255	0	0
2102.713260	0	0
2102.763265	0	0
2102.813270	0	0
2102.863275	0	0
2102.913280	0	0
2102.963284	0	0
2103.013289	0	0
2103.063295	0	0
2103.113300	0	0
2103.163305	0	0
2103.213310	0	0
2103.263315	0	0
2103.313320	0	0
2103.363325	0	0
2103.413330	0	0
2103.463335	0	0
2103.513340	0	0
2103.563344	0	0
2103.613349	0	0
2103.663355	0	0
2103.713360	0	0
2103.763365	0	0
2103.813370	0	0
2103.863375	0	0
2103.913380	0	0
2103.963385	0	0
2104.013390	0	0
2104.063395	0	0
2104.113400	0	0
2104.163404	0	0
2104.213410	0	0
2104.263415	0	0
2104.313420	0	0
2104.363425	0	0
2104.413430	0	0
2104.463435	0	0
2104.513440	0	0
2104.563445	0	0
2104.613450	0	0
2104.663455	0	0
2104.713459	0	0
2104.763464	0	0
2104.813470	0	0
2104.863475	0	0
2104.913480	0	0
2104.966485	0	0
2105.013490	0	0
2105.063495	0	0
2105.113500	0	0
2105.163505	0	0
2105.213510	0	0
2105.263515	0	0
2105.313519	0	0
2105.363524	0	0
2105.413530	0	0
2105.463535	0	0
2105.513540	0	0
2105.563545	0	0
2105.613550	0	0
2105.663555	0	0
2105.713560	0	0
2105.763565	0	0
2105.813570	0	0
2105.863575	0	0
2105.913579	0	0
2105.963585	0	0
2106.013590	0	0
2106.063595	0	0
2106.113600	0	0
2106.163605	0	0
2106.213610	0	0
2106.263615	0	0
2106.313620	0	0
2106.363625	0	0
2106.413630	0	0
2106.463634	0	0
2106.513639	0	0
2106.563645	0	0
2106.613650	0	0
2106.663655	0	0
2106.713660	0	0
2106.763665	0	0
2106.813670	0	0
2106.863675	0	0
2106.913680	0	0
2106.963685	0	0
2107.013690	0	0
2107.063694	0	0
2107.113699	0	0
2107.163705	0	0
2107.213710	0	0
2107.263715	0	0
2107.313720	0	0
2107.363725	0	0
2107.413730	0	0
2107.463735	0	0
2107.513740	0	0
2107.563745	0	0
2107.613750	0	0
2107.663754	0	0
2107.713760	0	0
2107.763765	0	0
2107.813770	0	0
2107.863775	0	0
2107.913780	0	0
2107.963785	0	0
2108.013790	0	0
2108.063795	0	0
2108.113800	0	0
2108.163805	0	0
2108.213809	0	0
2108.263814	0	0
2108.313820	0	0
2108.363825	0	0
2108.413830	0	0
2108.463835	0	0
2108.513840	0	0
2108.563845	0	0
2108.613850	0	0
2108.663855	0	0
2108.713860	0	0
2108.763865	0	0
2108.813869	0	0
2108.863874	0	0
2108.913880	0	0
2108.963885	0	0
2109.013890	0	0
2109.063895	0	0
2109.113900	0	0
2109.166905	0	0
2109.213910	0	0
2109.263915	0	0
2109.313920	0	0
2109.363925	0	0
2109.413929	0	0
2109.463935	0	0
2109.513940	0	0
2109.563945	0	0
2109.613950	0	0
2109.663955	0	0
2109.713960	0	0
2109.763965	0	0
2109.813970	0	0
2109.863975	0	0
2109.913980	0	0
2109.963984	0	0
2110.013989	0	0
2110.063995	0	0
2110.114000	0	0
2110.164005	0	0
2110.214010	0	0
2110.264015	0	0
2110.314020	0	0
2110.364025	0	0
2110.414030	0	0
2110.463035	0	0
2110.513040	0	0
2110.563045	0	0
2110.613050	0	0
2110.666055	0	0
2110.713059	0	0
2110.763064	0	0
2110.813069	0	0
2110.863075	0	0
2110.913080	0	0
2110.963085	0	0
2111.013090	0	0
2111.063095	0	0
2111.113100	0	0
2111.163105	0	0
2111.213109	0	0
2111.263114	0	0
2111.313119	0	0
2111.363124	0	0
2111.413130	0	0
2111.463135	0	0
2111.513140	0	0
2111.563145	0	0
2111.613150	0	0
2111.663155	0	0
2111.713160	0	0
2111.763165	0	0
2111.813169	0	0
2111.863174	0	0
2111.913179	0	0
2111.963184	0	0
2112.013190	0	0
2112.063195	0	0
2112.113200	0	0
2112.163205	0	0
2112.213210	0	0
2112.263215	0	0
2112.313220	0	0
2112.363225	0	0
2112.413229	0	0
2112.463234	0	0
2112.513239	0	0
2112.563244	0	0
2112.613250	0	0
2112.663255	0	0
2112.713260	0	0
2112.763265	0	0
2112.813270	0	0
2112.863275	0	0
2112.913280	0	0
2112.963284	0	0
2113.013289	0	0
2113.063294	0	0
2113.113299	0	0
2113.163305	0	0
2113.213310	0	0
2113.263315	0	0
2113.313320	0	0
2113.363325	0	0
2113.413330	0	0
2113.463335	0	0
2113.513340	0	0
2113.563344	0	0
2113.613349	0	0
2113.666355	0	0
2113.713359	0	0
2113.763365	0	0
2113.813370	0	0
2113.863375	0	0
2113.913380	0	0
2113.963385	0	0
2114.013390	0	0
2114.063395	0	0
2114.113400	0	0
2114.163404	0	0
2114.213409	0	0
2114.263414	0	0
2114.313419	0	0
2114.363425	0	0
2114.413430	0	0
2114.463435	0	0
2114.513440	0	0
2114.563445	0	0
2114.613450	0	0
2114.663455	0	0
2114.713459	0	0
2114.763464	0	0
2114.813469	0	0
2114.863474	0	0
2114.913480	0	0
2114.963485	0	0
2115.013490	0	0
2115.063495	0	0
2115.113500	0	0
2115.166505	0	0
2115.213510	0	0
2115.263515	0	0
2115.313519	0	0
2115.363524	0	0
2115.413529	0	0
2115.463534	0	0
2115.513540	0	0
2115.563545	0	0
2115.613550	0	0
2115.663555	0	0
2115.713560	0	0
2115.763565	0	0
2115.813570	0	0
2115.863575	0	0
2115.913579	0	0
2115.963584	0	0
2116.013589	0	0
2116.063594	0	0
2116.113600	0	0
2116.163605	0	0
2116.213610	0	0
2116.263615	0	0
2116.313620	0	0
2116.363625	0	0
2116.413630	0	0
2116.463634	0	0
2116.513639	0	0
2116.563644	0	0
2116.613649	0	0
2116.663655	0	0
2116.713660	0	0
2116.763665	0	0
2116.813670	0	0
2116.863675	0	0
2116.913680	0	0
2116.963685	0	0
2117.013690	0	0
2117.063694	0	0
2117.113699	0	0
2117.163704	0	0
2117.213709	0	0
2117.263715	0	0
2117.313720	0	0
2117.363725	0	0
2117.413730	0	0
2117.463735	0	0
2117.513740	0	0
2117.563745	0	0
2117.613750	0	0
2117.663754	0	0
2117.713759	0	0
2117.763764	0	0
2117.813769	0	0
2117.863775	0	0
2117.913780	0	0
2117.963785	0	0
2118.013790	0	0
2118.063795	0	0
2118.113800	0	0
2118.165805	0	0
2118.213809	0	0
2118.263814	0	0
2118.313819	0	0
2118.363824	0	0
2118.413830	0	0
2118.463835	0	0
2118.513840	0	0
2118.563845	0	0
2118.613850	0	0
2118.663855	0	0
2118.713860	0	0
2118.763865	0	0
2118.813869	0	0
2118.863874	0	0
2118.913879	0	0
2118.963884	0	0
2119.013890	0	0
2119.063895	0	0
2119.113900	0	0
2119.163905	0	0
2119.213910	0	0
2119.263915	0	0
2119.313920	0	0
2119.363925	0	0
2119.413929	0	0
2119.463934	0	0
2119.513939	0	0
2119.563944	0	0
2119.613950	0	0
2119.665955	0	0
2119.713960	0	0
2119.763965	0	0
2119.813970	0	0
2119.863975	0	0
2119.913980	0	0
2119.963984	0	0
2120.013989	0	0
2120.063994	0	0
2120.113999	0	0
2120.164005	0	0
2120.214010	0	0
2120.264015	0	0
2120.314020	0	0
2120.364025	0	0
2120.414030	0	0
2120.464035	0	0
2120.514040	0	0
2120.564044	0	0
2120.614049	0	0
2120.664054	0	0
2120.714059	0	0
2120.764065	0	0
2120.814070	0	0
2120.864075	0	0
2120.914080	0	0
2120.964085	0	0
2121.014090	0	0
2121.071095	0	0
2121.114100	0	0
2121.164104	0	0
2121.214109	0	0
2121.264114	0	0
2121.314119	0	0
2121.364125	0	0
2121.414130	0	0
2121.464135	0	0
2121.514140	0	0
2121.564145	0	0
2121.614150	0	0
2121.664155	0	0
2121.714159	0	0
2121.764164	0	0
2121.814169	0	0
2121.864174	0	0
2121.914180	0	0
2121.964185	0	0
2122.014190	0	0
2122.064195	0	0
2122.114200	0	0
2122.164205	0	0
2122.214210	0	0
2122.264215	0	0
2122.314219	0	0
2122.364224	0	0
2122.414229	0	0
2122.464234	0	0
2122.514240	0	0
2122.564245	0	0
2122.614250	0	0
2122.664255	0	0
2122.714260	0	0
2122.764265	0	0
2122.814270	0	0
2122.864275	0	0
2122.914279	0	0
2122.964284	0	0
2123.014289	0	0
2123.064294	0	0
2123.114300	0	0
2123.164305	0	0
2123.214310	0	0
2123.264315	0	0
2123.314320	0	0
2123.364325	0	0
2123.414330	0	0
2123.464334	0	0
2123.514339	0	0
2123.564344	0	0
2123.614349	0	0
2123.664355	0	0
2123.714360	0	0
2123.764365	0	0
2123.814370	0	0
2123.864375	0	0
2123.914380	0	0
2123.964385	0	0
2124.014390	0	0
2124.064394	0	0
2124.114399	0	0
2124.164404	0	0
2124.214409	0	0
2124.264415	0	0
2124.314420	0	0
2124.364425	0	0
2124.414430	0	0
2124.464435	0	0
2124.514440	0	0
2124.564445	0	0
2124.614450	0	0
2124.664454	0	0
2124.714459	0	0
2124.764464	0	0
2124.814469	0	0
2124.864475	0	0
2124.914480	0	0
2124.964485	0	0
2125.014490	0	0
2125.065495	0	0
2125.114500	0	0
2125.164505	0	0
2125.214509	0	0
2125.264514	0	0
2125.314519	0	0
2125.364524	0	0
2125.414530	0	0
2125.464535	0	0
2125.514540	0	0
2125.564545	0	0
2125.614550	0	0
2125.664555	0	0
2125.714560	0	0
2125.764565	0	0
2125.814569	0	0
2125.864574	0	0
2125.914579	0	0
2125.964584	0	0
2126.014590	0	0
2126.064595	0	0
2126.114600	0	0
2126.164605	0	0
2126.214610	0	0
2126.264615	0	0
2126.314620	0	0
2126.364625	0	0
2126.414629	0	0
2126.464634	0	0
2126.514639	0	0
2126.564644	0	0
2126.614650	0	0
2126.664655	0	0
2126.714660	0	0
2126.764665	0	0
2126.814670	0	0
2126.864675	0	0
2126.914680	0	0
2126.964684	0	0
2127.014689	0	0
2127.064694	0	0
2127.114699	0	0
2127.164705	0	0
2127.214710	0	0
2127.264715	0	0
2127.314720	0	0
2127.364725	0	0
2127.414730	0	0
2127.465734	0	0
2127.514740	0	0
2127.564744	0	0
2127.614749	0	0
2127.664754	0	0
2127.714759	0	0
2127.764765	0	0
2127.814770	0	0
2127.864775	0	0
2127.914780	0	0
2127.963785	0	0
2128.013790	0	0
2128.063795	0	0
2128.113800	0	0
2128.163805	0	0
2128.213809	0	0
2128.263814	0	0
2128.313819	0	0
2128.363824	0	0
2128.413829	0	0
2128.463834	0	0
2128.513839	0	0
2128.564845	0	0
2128.613850	0	0
2128.663855	0	0
2128.713860	0	0
2128.763865	0	0
2128.813869	0	0
2128.863874	0	0
2128.913879	0	0
2128.965885	0	0
2129.013889	0	0
2129.063894	0	0
2129.113899	0	0
2129.163905	0	0
2129.213910	0	0
2129.263915	0	0
2129.313920	0	0
2129.363925	0	0
2129.413929	0	0
2129.463934	0	0
2129.513939	0	0
2129.563944	0	0
2129.613949	0	0
2129.663954	0	0
2129.713960	0	0
2129.763965	0	0
2129.813970	0	0
2129.863975	0	0
2129.913980	0	0
2129.963984	0	0
2130.013989	0	0
2130.063994	0	0
2130.113999	0	0
2130.164004	0	0
2130.214009	0	0
2130.264014	0	0
2130.314020	0	0
2130.364025	0	0
2130.414030	0	0
2130.464035	0	0
2130.514040	0	0
2130.564044	0	0
2130.614049	0	0
2130.664054	0	0
2130.714059	0	0
2130.764064	0	0
2130.814069	0	0
2130.864075	0	0
2130.914080	0	0
2130.964085	0	0
2131.014090	0	0
2131.064095	0	0
2131.114100	0	0
2131.164104	0	0
2131.214109	0	0
2131.264114	0	0
2131.314119	0	0
2131.365125	0	0
2131.414129	0	0
2131.464135	0	0
2131.514140	0	0
2131.564145	0	0
2131.614150	0	0
2131.665154	0	0
2131.714159	0	0
2131.764164	0	0
2131.814169	0	0
2131.864174	0	0
2131.914179	0	0
2131.964184	0	0
2132.014189	0	0
2132.064195	0	0
2132.114200	0	0
2132.164205	0	0
2132.214210	0	0
2132.264215	0	0
2132.314219	0	0
2132.364224	0	0
2132.414229	0	0
2132.464234	0	0
2132.514239	0	0
2132.564244	0	0
2132.614250	0	0
2132.664255	0	0
2132.714260	0	0
2132.764265	0	0
2132.814270	0	0
2132.865274	0	0
2132.914279	0	0
2132.964284	0	0
2133.014289	0	0
2133.064294	0	0
2133.114299	0	0
2133.164304	0	0
2133.214310	0	0
2133.264315	0	0
2133.314320	0	0
2133.364325	0	0
2133.414330	0	0
2133.464334	0	0
2133.514339	0	0
2133.564344	0	0
2133.614349	0	0
2133.664354	0	0
2133.714359	0	0
2133.764364	0	0
2133.814370	0	0
2133.864375	0	0
2133.914380	0	0
2133.964385	0	0
2134.014390	0	0
2134.064394	0	0
2134.114399	0	0
2134.164404	0	0
2134.214409	0	0
2134.264414	0	0
2134.314419	0	0
2134.364425	0	0
2134.414430	0	0
2134.464435	0	0
2134.514440	0	0
2134.564445	0	0
2134.614450	0	0
2134.664454	0	0
2134.714459	0	0
2134.764464	0	0
2134.814469	0	0
2134.864474	0	0
2134.914479	0	0
2134.964485	0	0
2135.014490	0	0
2135.064495	0	0
2135.114500	0	0
2135.164505	0	0
2135.214509	0	0
2135.264514	0	0
2135.314519	0	0
2135.364524	0	0
2135.414529	0	0
2135.464534	0	0
2135.514539	0	0
2135.564545	0	0
2135.614550	0	0
2135.664555	0	0
2135.714560	0	0
2135.764565	0	0
2135.814569	0	0
2135.865574	0	0
2135.914579	0	0
2135.964584	0	0
2136.014589	0	0
2136.064594	0	0
2136.114600	0	0
2136.164605	0	0
2136.214610	0	0
2136.264615	0	0
2136.314620	0	0
2136.364625	0	0
2136.414629	0	0
2136.464634	0	0
2136.514639	0	0
2136.564644	0	0
2136.614649	0	0
2136.664654	0	0
2136.714660	0	0
2136.764665	0	0
2136.814670	0	0
2136.864675	0	0
2136.914680	0	0
2136.964684	0	0
2137.014689	0	0
2137.064694	0	0
2137.114699	0	0
2137.164704	0	0
2137.214709	0	0
2137.264714	0	0
2137.314720	0	0
2137.364725	0	0
2137.414730	0	0
2137.464735	0	0
2137.514740	0	0
2137.564744	0	0
2137.614749	0	0
2137.664754	0	0
2137.714759	0	0
2137.764764	0	0
2137.814769	0	0
2137.864775	0	0
2137.914780	0	0
2137.964785	0	0
2138.014790	0	0
2138.064795	0	0
2138.114799	0	0
2138.164804	0	0
2138.214809	0	0
2138.264814	0	0
2138.314819	0	0
2138.364824	0	0
2138.414829	0	0
2138.464835	0	0
2138.514840	0	0
2138.564845	0	0
2138.614850	0	0
2138.664855	0	0
2138.714859	0	0
2138.764864	0	0
2138.814869	0	0
2138.864874	0	0
2138.914879	0	0
2138.964884	0	0
2139.014889	0	0
2139.064895	0	0
2139.114900	0	0
2139.164905	0	0
2139.214910	0	0
2139.264915	0	0
2139.314919	0	0
2139.364924	0	0
2139.414929	0	0
2139.464934	0	0
2139.514939	0	0
2139.564944	0	0
2139.614950	0	0
2139.664955	0	0
2139.714960	0	0
2139.764965	0	0
2139.814970	0	0
2139.864974	0	0
2139.914979	0	0
2139.964984	0	0
2140.014989	0	0
2140.064994	0	0
2140.114999	0	0
2140.165004	0	0
2140.215010	0	0
2140.265015	0	0
2140.315020	0	0
2140.365025	0	0
2140.415030	0	0
2140.465034	0	0
2140.515039	0	0
2140.565044	0	0
2140.615049	0	0
2140.665054	0	0
2140.715059	0	0
2140.765064	0	0
2140.815070	0	0
2140.865075	0	0
2140.915080	0	0
2140.965085	0	0
2141.015090	0	0
2141.065094	0	0
2141.115099	0	0
2141.165104	0	0
2141.215109	0	0
2141.265114	0	0
2141.315119	0	0
2141.365125	0	0
2141.415130	0	0
2141.465135	0	0
2141.515140	0	0
2141.565145	0	0
2141.615149	0	0
2141.665154	0	0
2141.715159	0	0
2141.765164	0	0
2141.815169	0	0
2141.866175	0	0
2141.915179	0	0
2141.965185	0	0
2142.015190	0	0
2142.065195	0	0
2142.115200	0	0
2142.165205	0	0
2142.215209	0	0
2142.265214	0	0
2142.315219	0	0
2142.365224	0	0
2142.415229	0	0
2142.465234	0	0
2142.515239	0	0
2142.565245	0	0
2142.615250	0	0
2142.665255	0	0
2142.715260	0	0
2142.765265	0	0
2142.815269	0	0
2142.865274	0	0
2142.915279	0	0
2142.965284	0	0
2143.015289	0	0
2143.065294	0	0
2143.115300	0	0
2143.165305	0	0
2143.215310	0	0
2143.265315	0	0
2143.315320	0	0
2143.365324	0	0
2143.415329	0	0
2143.465334	0	0
2143.515339	0	0
2143.565344	0	0
2143.615349	0	0
2143.665354	0	0
2143.715360	0	0
2143.765365	0	0
2143.815370	0	0
2143.865375	0	0
2143.915380	0	0
2143.965384	0	0
2144.015389	0	0
2144.065394	0	0
2144.115399	0	0
2144.165404	0	0
2144.215409	0	0
2144.265414	0	0
2144.315420	0	0
2144.365425	0	0
2144.415430	0	0
2144.465435	0	0
2144.515440	0	0
2144.565444	0	0
2144.615449	0	0
2144.665454	0	0
2144.715459	0	0
2144.765464	0	0
2144.815469	0	0
2144.865475	0	0
2144.915480	0	0
2144.965485	0	0
2145.015490	0	0
2145.065495	0	0
2145.115499	0	0
2145.165504	0	0
2145.215509	0	0
2145.265514	0	0
2145.315519	0	0
2145.365524	0	0
2145.415529	0	0
2145.464534	0	0
2145.514539	0	0
2145.564544	0	0
2145.614549	0	0
2145.664555	0	0
2145.714560	0	0
2145.764565	0	0
2145.814569	0	0
2145.864574	0	0
2145.914579	0	0
2145.964584	0	0
2146.014589	0	0
2146.064594	0	0
2146.114599	0	0
2146.164604	0	0
2146.214609	0	0
2146.264615	0	0
2146.314620	0	0
2146.364625	0	0
2146.414629	0	0
2146.464634	0	0
2146.514639	0	0
2146.564644	0	0
2146.614649	0	0
2146.664654	0	0
2146.714659	0	0
2146.764664	0	0
2146.814669	0	0
2146.864675	0	0
2146.914680	0	0
2146.964684	0	0
2147.014689	0	0
2147.064694	0	0
2147.114699	0	0
2147.164704	0	0
2147.214709	0	0
2147.264714	0	0
2147.314719	0	0
2147.364724	0	0
2147.414730	0	0
2147.464735	0	0
2147.514740	0	0
2147.564744	0	0
2147.614749	0	0
2147.664754	0	0
2147.714759	0	0
2147.764764	0	0
2147.814769	0	0
2147.866775	0	0
2147.914779	0	0
2147.964784	0	0
2148.014790	0	0
2148.064795	0	0
2148.114799	0	0
2148.164804	0	0
2148.214809	0	0
2148.264814	0	0
2148.314819	0	0
2148.364824	0	0
2148.414829	0	0
2148.464834	0	0
2148.514839	0	0
2148.564844	0	0
2148.614850	0	0
2148.664855	0	0
2148.714859	0	0
2148.764864	0	0
2148.814869	0	0
2148.864874	0	0
2148.914879	0	0
2148.964884	0	0
2149.014889	0	0
2149.064894	0	0
2149.114899	0	0
2149.164905	0	0
2149.214910	0	0
2149.264915	0	0
2149.314919	0	0
2149.364924	0	0
2149.414929	0	0
2149.464934	0	0
2149.514939	0	0
2149.564944	0	0
2149.614949	0	0
2149.664954	0	0
2149.714959	0	0
2149.764965	0	0
2149.814970	0	0
2149.864974	0	0
2149.914979	0	0
2149.964984	0	0
2150.014989	0	0
2150.064994	0	0
2150.114999	0	0
2150.165004	0	0
2150.215009	0	0
2150.265014	0	0
2150.315019	0	0
2150.365025	0	0
2150.415030	0	0
2150.465034	0	0
2150.515039	0	0
2150.565044	0	0
2150.615049	0	0
2150.665054	0	0
2150.715059	0	0
2150.765064	0	0
2150.815069	0	0
2150.865074	0	0
2150.915080	0	0
2150.965085	0	0
2151.015090	0	0
2151.065094	0	0
2151.115099	0	0
2151.165104	0	0
2151.215109	0	0
2151.265114	0	0
2151.315119	0	0
2151.365124	0	0
2151.415129	0	0
2151.465134	0	0
2151.515140	0	0
2151.565145	0	0
2151.615149	0	0
2151.665154	0	0
2151.715159	0	0
2151.765164	0	0
2151.815169	0	0
2151.865174	0	0
2151.915179	0	0
2151.965184	0	0
2152.015189	0	0
2152.065195	0	0
2152.115200	0	0
2152.165205	0	0
2152.215209	0	0
2152.265214	0	0
2152.315219	0	0
2152.365224	0	0
2152.415229	0	0
2152.465234	0	0
2152.515239	0	0
2152.565244	0	0
2152.615249	0	0
2152.665255	0	0
2152.715260	0	0
2152.765265	0	0
2152.815269	0	0
2152.865274	0	0
2152.915279	0	0
2152.965284	0	0
2153.015289	0	0
2153.065294	0	0
2153.115299	0	0
2153.165304	0	0
2153.215309	0	0
2153.265315	0	0
2153.315320	0	0
2153.365324	0	0
2153.415329	0	0
2153.465334	0	0
2153.515339	0	0
2153.565344	0	0
2153.615349	0	0
2153.665354	0	0
2153.715359	0	0
2153.765364	0	0
2153.815370	0	0
2153.865375	0	0
2153.915380	0	0
2153.965384	0	0
2154.015389	0	0
2154.065394	0	0
2154.115399	0	0
2154.165404	0	0
2154.215409	0	0
2154.265414	0	0
2154.315419	0	0
2154.365424	0	0
2154.415430	0	0
2154.465435	0	0
2154.515440	0	0
2154.565444	0	0
2154.615449	0	0
2154.665454	0	0
2154.715459	0	0
2154.765464	0	0
2154.815469	0	0
2154.865474	0	0
2154.915479	0	0
2154.965484	0	0
2155.015490	0	0
2155.065495	0	0
2155.115499	0	0
2155.165504	0	0
2155.215509	0	0
2155.265514	0	0
2155.315519	0	0
2155.365524	0	0
2155.415529	0	0
2155.465534	0	0
2155.515539	0	0
2155.565545	0	0
2155.615550	0	0
2155.665555	0	0
2155.715559	0	0
2155.765564	0	0
2155.815569	0	0
2155.865574	0	0
2155.915579	0	0
2155.965584	0	0
2156.015589	0	0
2156.065594	0	0
2156.115599	0	0
2156.165605	0	0
2156.215610	0	0
2156.265615	0	0
2156.315619	0	0
2156.365624	0	0
2156.415629	0	0
2156.465634	0	0
2156.515639	0	0
2156.565644	0	0
2156.615649	0	0
2156.665654	0	0
2156.715659	0	0
2156.765665	0	0
2156.815670	0	0
2156.866674	0	0
2156.915679	0	0
2156.965684	0	0
2157.015689	0	0
2157.065694	0	0
2157.115699	0	0
2157.165704	0	0
2157.215709	0	0
2157.265714	0	0
2157.315720	0	-193
2157.366724	0	-657
2157.415730	0	-1057
2157.465734	0	-1057
2157.515739	0	-1057
2157.565744	0	-1057
2157.615749	0	-541
2157.665754	0	0
2157.715759	0	0
2157.765764	0	0
2157.815769	0	0
2157.865774	0	0
2157.915780	0	0
2157.965785	0	0
2158.015790	0	0
2158.065794	0	0
2158.115799	0	0
2158.165804	0	0
2158.215809	0	0
2158.265814	0	0
2158.315819	0	0
2158.366825	0	0
2158.415829	0	0
2158.465834	0	0
2158.515840	0	0
2158.565845	0	0
2158.615849	0	0
2158.665854	0	0
2158.715859	0	0
2158.765864	0	0
2158.815869	0	0
2158.865874	0	0
2158.915879	0	0
2158.965884	0	0
2159.015889	0	0
2159.065895	0	0
2159.115900	0	0
2159.165905	0	0
2159.215909	0	0
2159.265914	0	0
2159.315919	0	0
2159.365924	0	0
2159.415929	0	0
2159.465934	0	0
2159.515939	0	0
2159.565944	0	0
2159.615949	0	0
2159.665955	0	0
2159.715960	0	0
2159.765965	0	0
2159.815969	0	0
2159.865974	0	0
2159.915979	0	0
2159.965984	0	0
2160.015989	0	0
2160.065994	0	0
2160.115999	0	0
2160.166004	0	0
2160.216009	0	0
2160.266015	0	0
2160.316020	0	0
2160.366024	0	0
2160.416029	0	0
2160.466034	0	0
2160.516039	0	0
2160.566044	0	0
2160.616049	0	0
2160.666054	0	0
2160.716059	0	0
2160.766064	0	0
2160.816070	0	0
2160.866075	0	0
2160.916080	0	0
2160.966084	0	0
2161.016089	0	0
2161.066094	0	0
2161.116099	0	0
2161.166104	0	0
2161.216109	0	0
2161.266114	0	0
2161.316119	0	0
2161.366124	0	0
2161.416130	0	0
2161.466135	0	0
2161.516140	0	0
2161.566144	0	0
2161.616149	0	0
2161.666154	0	0
2161.716159	0	0
2161.766164	0	0
2161.816169	0	0
2161.866174	0	0
2161.916179	0	0
2161.966184	0	0
2162.016190	0	0
2162.066195	0	0
2162.116199	0	0
2162.166204	0	0
2162.216209	0	0
2162.266214	0	0
2162.316219	0	0
2162.366224	0	0
2162.416229	0	0
2162.466234	0	0
2162.516239	0	0
2162.566245	0	0
2162.616250	0	0
2162.666255	0	0
2162.716259	0	0
2162.766264	0	0
2162.816269	0	0
2162.866274	0	0
2162.915279	0	0
2162.965284	0	0
2163.015289	0	0
2163.065294	0	0
2163.115299	0	0
2163.165304	0	0
2163.215309	0	0
2163.265314	0	0
2163.315319	0	0
2163.365324	0	0
2163.415329	0	0
2163.465334	0	0
2163.515339	0	0
2163.565344	0	0
2163.615349	0	0
2163.665354	0	0
2163.715359	0	0
2163.765364	0	0
2163.815369	0	0
2163.865374	0	0
2163.915379	0	0
2163.965384	0	0
2164.015389	0	0
2164.065394	0	0
2164.115399	0	0
2164.165404	0	0
2164.215409	0	0
2164.265414	0	0
2164.315419	0	0
2164.367424	0	0
2164.415429	0	0
2164.465434	0	0
2164.515439	0	0
2164.565444	0	0
2164.615449	0	0
2164.665454	0	0
2164.715459	0	0
2164.765464	0	0
2164.815469	0	0
2164.865474	0	0
2164.915479	0	0
2164.965484	0	0
2165.015489	0	0
2165.065494	0	0
2165.115499	0	0
2165.165504	0	0
2165.215509	0	0
2165.265514	0	0
2165.315519	0	0
2165.365524	0	0
2165.415529	0	0
2165.465534	0	0
2165.515539	0	0
2165.565544	0	0
2165.615549	0	0
2165.665554	0	0
2165.715559	0	0
2165.765564	0	0
2165.815569	0	0
2165.865574	0	0
2165.915579	0	0
2165.965584	0	0
2166.015589	0	0
2166.065594	0	0
2166.115599	0	0
2166.165604	0	0
2166.215609	0	0
2166.265614	0	0
2166.315619	0	0
2166.365624	0	0
2166.415629	0	0
2166.465634	0	0
2166.515639	0	0
2166.565644	0	0
2166.615649	0	0
2166.665654	0	0
2166.715659	0	0
2166.765664	0	0
2166.815669	0	0
2166.865674	0	0
2166.915679	0	0
2166.965684	0	0
2167.015689	0	0
2167.065694	0	0
2167.115699	0	0
2167.165704	0	0
2167.215709	0	0
2167.265714	0	0
2167.315719	0	0
2167.365724	0	0
2167.415729	0	0
2167.465734	0	0
2167.515739	0	0
2167.565744	0	0
2167.615749	0	0
2167.665754	0	0
2167.715759	0	0
2167.765764	0	0
2167.815769	0	0
2167.865774	0	0
2167.915779	0	0
2167.965784	0	0
2168.015789	0	0
2168.065794	0	0
2168.115799	0	0
2168.165804	0	0
2168.215809	0	0
2168.265814	0	0
2168.315819	0	0
2168.365824	0	0
2168.415829	0	0
2168.465834	0	0
2168.515839	0	0
2168.565844	0	0
2168.615849	0	0
2168.665854	0	0
2168.715859	0	0
2168.765864	0	0
2168.815869	0	0
2168.865874	0	0
2168.915879	0	0
2168.965884	0	0
2169.015889	0	0
2169.065894	0	0
2169.115899	0	0
2169.165904	0	0
2169.215909	0	0
2169.265914	0	0
2169.315919	0	0
2169.365924	0	0
2169.415929	0	0
2169.465934	0	0
2169.515939	0	0
2169.565944	0	0
2169.615949	0	0
2169.665954	0	0
2169.715959	0	0
2169.765964	0	0
2169.815969	0	0
2169.865974	0	0
2169.915979	0	0
2169.965984	0	0
2170.015989	0	0
2170.065994	0	0
2170.115999	0	0
2170.166004	0	0
2170.216009	0	0
2170.266014	0	0
2170.316019	0	0
2170.366024	0	0
2170.416029	0	0
2170.466034	0	0
2170.516039	0	0
2170.566044	0	0
2170.616049	0	0
2170.666054	0	0
2170.716059	0	0
2170.766064	0	0
2170.816069	0	0
2170.866074	0	0
2170.916079	0	0
2170.966084	0	0
2171.016089	0	0
2171.066094	0	0
2171.116099	0	0
2171.166104	0	0
2171.216109	0	0
2171.266114	0	0
2171.316119	0	0
2171.366124	0	0
2171.416129	0	0
2171.466134	0	0
2171.516140	0	0
2171.566144	0	0
2171.616149	0	0
2171.666154	0	0
2171.716159	0	0
2171.766164	0	0
2171.816169	0	0
2171.867174	0	0
2171.916179	0	0
2171.966184	0	0
2172.016189	0	0
2172.066194	0	0
2172.116199	0	0
2172.166204	0	0
2172.216209	0	0
2172.266214	0	0
2172.316219	0	0
2172.366224	0	0
2172.416229	0	0
2172.466234	0	0
2172.516239	0	0
2172.566244	0	0
2172.616249	0	0
2172.666254	0	0
2172.716259	0	0
2172.766264	0	0
2172.816269	0	0
2172.866274	0	0
2172.916279	0	0
2172.966284	0	0
2173.016289	0	0
2173.066294	0	0
2173.116299	0	0
2173.166304	0	0
2173.216309	0	0
2173.266315	0	0
2173.316319	0	0
2173.366324	0	0
2173.416329	0	0
2173.466334	0	0
2173.516339	0	0
2173.566344	0	0
2173.616349	0	0
2173.666354	0	0
2173.716359	0	0
2173.766364	0	0
2173.816369	0	0
2173.866374	0	0
2173.916379	0	0
2173.966384	0	0
2174.016389	0	0
2174.066394	0	0
2174.116399	0	0
2174.166404	0	0
2174.216409	0	0
2174.266414	0	0
2174.316419	0	0
2174.366424	0	0
2174.416429	0	0
2174.466434	0	0
2174.516439	0	0
2174.566444	0	0
2174.616449	0	0
2174.666454	0	0
2174.716459	0	0
2174.766464	0	0
2174.816469	0	0
2174.866474	0	0
2174.916479	0	0
2174.966484	0	0
2175.016490	0	0
2175.066494	0	0
2175.116499	0	0
2175.166504	0	0
2175.216509	0	0
2175.266514	0	0
2175.316519	0	0
2175.366524	0	0
2175.416529	0	0
2175.466534	0	0
2175.516539	0	0
2175.566544	0	0
2175.616549	0	0
2175.666554	0	0
2175.716559	0	0
2175.766564	0	0
2175.816569	0	0
2175.866574	0	0
2175.916579	0	0
2175.966584	0	0
2176.016589	0	0
2176.066594	0	0
2176.116599	0	0
2176.166604	0	0
2176.216609	0	0
2176.266614	29	0
2176.316619	29	0
2176.367624	29	0
2176.416629	29	0
2176.466634	29	0
2176.516639	29	0
2176.566644	81	0
2176.616649	89	0
2176.667655	89	0
2176.716659	109	0
2176.766665	109	0
2176.816669	109	0
2176.866674	109	0
2176.916679	109	0
2176.966684	109	0
2177.016689	109	0
2177.066694	109	0
2177.116699	109	0
2177.166704	109	0
2177.216709	109	0
2177.266714	125	0
2177.316719	153	0
2177.367724	153	0
2177.416729	153	0
2177.466734	153	0
2177.516739	193	0
2177.566744	193	0
2177.616749	193	0
2177.666754	193	0
2177.716759	193	-93
2177.766764	237	-145
2177.816769	273	-145
2177.867774	309	-145
2177.916779	385	-165
2177.966784	429	-193
2178.016789	509	-193
2178.066794	553	-193
2178.116799	621	-209
2178.166804	793	-245
2178.216809	845	-289
2178.266814	857	-405
2178.316819	897	-477
2178.367825	897	-497
2178.416829	933	-521
2178.466834	933	-521
2178.516840	933	-521
2178.566844	933	-521
2178.616849	949	-521
2178.666854	949	-521
2178.716859	949	-521
2178.766864	949	-521
2178.816869	949	-521
2178.866874	949	-521
2178.916879	949	-521
2178.966884	949	-521
2179.016889	949	-521
2179.066894	949	-521
2179.116899	949	-521
2179.166904	949	-521
2179.216909	969	-521
2179.266914	969	-521
2179.316919	985	-521
2179.367924	985	-521
2179.416929	985	-521
2179.466934	985	-521
2179.516939	985	-521
2179.566944	985	-521
2179.616949	985	-521
2179.666954	985	-521
2179.716959	985	-521
2179.766964	985	-521
2179.816969	985	-521
2179.866974	985	-521
2179.916979	985	-521
2179.966984	985	-521
2180.016989	985	-521
2180.066994	985	-521
2180.116999	985	-521
2180.167004	985	-521
2180.217009	985	-521
2180.267015	985	-521
2180.317019	985	-521
2180.367024	985	-521
2180.416029	985	-521
2180.466034	985	-521
2180.516039	985	-521
2180.566044	985	-521
2180.616049	985	-521
2180.666054	985	-521
2180.716059	985	-521
2180.766064	985	-521
2180.816069	985	-521
2180.866074	985	-521
2180.916079	985	-521
2180.966084	985	-521
2181.016089	985	-521
2181.084096	985	-521
2181.116099	985	-521
2181.166104	985	-521
2181.216109	985	-521
2181.266114	985	-521
2181.316119	985	-521
2181.366124	985	-521
2181.416129	985	-521
2181.480135	985	-521
2181.533141	985	-521
2181.631151	985	-521
2181.667154	985	-521
2181.717159	985	-521
2181.767164	985	-521
2181.817169	985	-521
2181.868175	985	-521
2181.917179	985	-521
2181.967184	985	-521
2182.017190	985	-521
2182.067194	985	-521
2182.117199	985	-521
2182.167204	985	-521
2182.217209	985	-521
2182.267214	985	-521
2182.317219	985	-521
2182.367224	985	-521
2182.417229	985	-521
2182.467234	985	-521
2182.517239	985	-521
2182.567244	985	-521
2182.617249	985	-521
2182.667254	985	-521
2182.717259	985	-521
2182.767264	985	-521
2182.817269	985	-521
2182.867274	985	-521
2182.917279	985	-521
2182.967284	985	-521
2183.017289	985	-521
2183.067294	985	-521
2183.117299	985	-521
2183.167304	985	-521
2183.217309	985	-521
2183.267314	985	-521
2183.317319	985	-521
2183.367324	985	-521
2183.417329	985	-521
2183.467334	985	-521
2183.517339	985	-521
2183.567344	985	-521
2183.617349	985	-521
2183.667354	985	-521
2183.717359	985	-521
2183.767365	985	-521
2183.817369	985	-521
2183.867374	985	-521
2183.917379	985	-521
2183.967384	985	-521
2184.017389	985	-521
2184.067394	985	-521
2184.117399	985	-521
2184.167404	985	-521
2184.217409	985	-521
2184.267414	985	-521
2184.317419	985	-521
2184.367424	985	-521
2184.417429	985	-521
2184.467434	985	-521
2184.517439	985	-521
2184.567444	985	-521
2184.617449	985	-521
2184.667454	985	-521
2184.717459	985	-521
2184.767464	985	-521
2184.817469	985	-521
2184.867474	985	-521
2184.917479	985	-521
2184.967484	985	-521
2185.017489	985	-521
2185.067494	985	-521
2185.117499	985	-521
2185.167504	985	-521
2185.217509	985	-521
2185.267514	985	-521
2185.317519	985	-521
2185.367524	985	-521
2185.417529	985	-521
2185.467534	985	-521
2185.517540	985	-521
2185.567544	985	-521
2185.617549	985	-521
2185.667554	985	-521
2185.717559	985	-521
2185.767564	985	-521
2185.817569	985	-521
2185.867574	985	-521
2185.917579	985	-521
2185.967584	985	-521
2186.017589	985	-521
2186.067594	985	-521
2186.117599	985	-521
2186.167604	985	-521
2186.217609	985	-521
2186.267614	985	-521
2186.317619	985	-521
2186.367624	985	-521
2186.417629	985	-521
2186.467634	985	-521
2186.517639	985	-521
2186.567644	985	-521
2186.617649	985	-521
2186.667654	985	-521
2186.717659	985	-521
2186.767664	985	-521
2186.817669	985	-521
2186.867674	985	-521
2186.917679	985	-521
2186.967684	985	-521
2187.017689	985	-521
2187.067694	985	-521
2187.117699	985	-521
2187.167704	985	-521
2187.217709	985	-521
2187.267715	985	-521
2187.317719	985	-521
2187.367724	985	-521
2187.417729	985	-521
2187.467734	985	-521
2187.517739	985	-521
2187.567744	985	-521
2187.617749	985	-521
2187.667754	985	-521
2187.717759	985	-521
2187.767764	985	-521
2187.817769	985	-521
2187.867774	985	-521
2187.917779	985	-521
2187.967784	985	-521
2188.017789	985	-521
2188.067794	985	-521
2188.117799	985	-521
2188.167804	985	-521
2188.217809	985	-521
2188.267814	985	-521
2188.317819	985	-521
2188.369824	985	-521
2188.417829	985	-521
2188.467834	985	-521
2188.517839	985	-521
2188.567844	985	-521
2188.617849	985	-521
2188.667854	985	-521
2188.717859	985	-521
2188.767864	985	-521
2188.817869	985	-521
2188.867874	985	-521
2188.917879	985	-521
2188.967884	985	-521
2189.017889	985	-521
2189.067894	985	-521
2189.117899	985	-521
2189.167904	985	-521
2189.217909	985	-521
2189.267914	985	-521
2189.317919	985	-521
2189.367924	985	-521
2189.417929	985	-521
2189.467934	985	-521
2189.517939	985	-521
2189.567944	985	-521
2189.617949	985	-521
2189.667954	985	-521
2189.717959	985	-521
2189.767964	985	-521
2189.817969	985	-521
2189.868974	985	-521
2189.917979	985	-521
2189.967984	985	-521
2190.017989	985	-521
2190.067994	985	-521
2190.117999	985	-521
2190.168004	985	-521
2190.218009	985	-521
2190.268014	985	-521
2190.318019	985	-521
2190.368024	985	-521
2190.418029	985	-521
2190.468034	985	-521
2190.518039	985	-521
2190.568044	985	-521
2190.618049	985	-521
2190.668054	985	-521
2190.718059	985	-521
2190.768064	985	-521
2190.818069	985	-521
2190.868074	985	-521
2190.918079	985	-521
2190.968084	985	-521
2191.018089	985	-521
2191.068094	985	-521
2191.118099	985	-521
2191.168104	985	-521
2191.218109	985	-521
2191.268114	985	-521
2191.318119	985	-521
2191.369124	985	-521
2191.418129	985	-521
2191.468134	985	-521
2191.518139	985	-521
2191.568144	985	-521
2191.618149	985	-521
2191.668154	985	-521
2191.718159	985	-521
2191.768164	985	-521
2191.818169	985	-521
2191.868174	985	-521
2191.918179	985	-521
2191.968184	985	-521
2192.018189	985	-521
2192.068194	985	-521
2192.118199	985	-521
2192.168204	985	-521
2192.218209	985	-521
2192.268214	985	-521
2192.318219	985	-521
2192.368224	985	-521
2192.418229	985	-521
2192.468234	985	-521
2192.518239	985	-521
2192.568244	985	-521
2192.618249	985	-521
2192.668254	985	-521
2192.718259	985	-521
2192.768264	985	-521
2192.818269	985	-521
2192.869274	985	-521
2192.918279	985	-521
2192.968284	985	-521
2193.018289	985	-521
2193.068294	985	-521
2193.118299	985	-521
2193.168304	985	-521
2193.218309	985	-521
2193.268314	985	-521
2193.318319	985	-521
2193.368324	985	-521
2193.418329	985	-521
2193.468334	985	-521
2193.518339	985	-521
2193.568344	985	-521
2193.618349	985	-521
2193.668354	985	-521
2193.718359	985	-521
2193.768364	985	-521
2193.818369	985	-521
2193.868374	985	-521
2193.918379	985	-521
2193.968384	985	-521
2194.018389	985	-521
2194.068394	985	-521
2194.118399	985	-521
2194.168404	985	-521
2194.218409	985	-521
2194.268414	985	-521
2194.318419	985	-521
2194.369424	985	-521
2194.418429	985	-521
2194.468434	985	-521
2194.518439	985	-521
2194.568444	985	-521
2194.618449	985	-521
2194.668454	985	-521
2194.718459	985	-521
2194.768464	985	-521
2194.818469	985	-521
2194.868474	985	-521
2194.918479	985	-521
2194.968484	985	-521
2195.018489	985	-521
2195.068494	985	-521
2195.118499	985	-521
2195.168504	985	-521
2195.218509	985	-521
2195.268514	985	-521
2195.318519	985	-521
2195.368524	985	-521
2195.418529	985	-521
2195.468534	985	-521
2195.518539	985	-521
2195.568544	985	-521
2195.618549	985	-521
2195.668554	985	-521
2195.718559	985	-521
2195.768564	985	-521
2195.818569	985	-521
2195.868574	985	-521
2195.918579	985	-521
2195.968584	985	-521
2196.018589	985	-521
2196.068594	985	-521
2196.118599	985	-521
2196.168604	985	-521
2196.218609	985	-521
2196.268614	985	-521
2196.318619	985	-521
2196.368624	985	-521
2196.418629	985	-521
2196.468634	985	-521
2196.518639	985	-521
2196.568644	985	-521
2196.618649	985	-521
2196.668654	985	-521
2196.718659	985	-521
2196.768664	985	-521
2196.818669	985	-521
2196.868674	985	-521
2196.918679	985	-521
2196.968684	985	-521
2197.018689	985	-521
2197.068694	985	-521
2197.118699	985	-521
2197.168704	985	-521
2197.218709	985	-521
2197.268714	985	-521
2197.318719	985	-521
2197.368724	985	-521
2197.418729	985	-521
2197.468734	985	-521
2197.518739	985	-521
2197.568744	985	-521
2197.618749	985	-521
2197.668754	985	-521
2197.718759	985	-521
2197.768764	985	-521
2197.818769	985	-521
2197.868774	985	-521
2197.917779	985	-521
2197.967784	985	-521
2198.017789	985	-521
2198.067794	985	-521
2198.117799	985	-521
2198.167804	985	-521
2198.217809	985	-521
2198.267814	985	-521
2198.317819	985	-521
2198.367824	985	-521
2198.417829	985	-521
2198.467834	985	-521
2198.517839	985	-521
2198.567844	985	-521
2198.617849	985	-521
2198.667854	985	-521
2198.717859	985	-521
2198.767864	985	-521
2198.817869	985	-521
2198.868874	985	-521
2198.917879	985	-521
2198.967884	985	-521
2199.017889	985	-521
2199.067894	985	-521
2199.117899	985	-521
2199.167904	985	-521
2199.217909	985	-521
2199.267914	985	-521
2199.317919	985	-521
2199.367924	985	-521
2199.417929	985	-521
2199.467934	985	-521
2199.517939	993	-521
2199.567944	1021	-521
2199.617949	1021	-521
2199.667954	1021	-521
2199.717959	1021	-521
2199.767964	1053	-521
2199.817969	1089	-521
2199.868974	1089	-521
2199.917979	1141	-521
2199.967984	1141	-521
2200.017989	1201	-521
2200.067994	1237	-521
2200.117999	1237	-521
2200.168004	1237	-521
2200.218009	1237	-521
2200.268014	1237	-521
2200.318019	1305	-521
2200.369024	1385	-521
2200.418029	1437	-521
2200.468034	1517	-521
2200.518039	1557	-521
2200.568044	1629	-521
2200.618049	1673	-1113
2200.668054	1725	-1113
2200.718059	1725	-1113
2200.768064	1769	-1113
2200.818069	1769	-1113
2200.868074	1789	-1113
2200.918079	1841	-1113
2200.968084	1885	-1113
2201.018089	1925	-1113
2201.068094	1953	-1113
2201.118099	2013	-1113
2201.168104	2013	-1113
2201.218109	2013	-1113
2201.268114	2013	-1113
2201.318119	2037	-1113
2201.369124	2037	-1113
2201.418129	2037	-1113
2201.468134	2037	-1113
2201.518139	2037	-1113
2201.568144	2037	-1113
2201.618149	2037	-1113
2201.668154	2037	-1113
2201.718159	2037	-1113
2201.768164	2037	-1113
2201.818169	2037	-1113
2201.868174	2037	-1113
2201.918179	2037	-1113
2201.968184	2037	-1113
2202.018189	2037	-1113
2202.068194	2037	-1113
2202.118199	2037	-1113
2202.168204	2037	-1113
2202.218209	2037	-1113
2202.268214	2037	-1113
2202.318219	2037	-1113
2202.368224	2037	-1113
2202.418229	2037	-1113
2202.468234	2037	-1113
2202.518239	2037	-1113
2202.568244	2037	-1113
2202.618249	2037	-1113
2202.668254	2037	-1113
2202.718259	2037	-1113
2202.768264	2037	-1113
2202.818269	2037	-1113
2202.868274	2037	-1113
2202.918279	2037	-1113
2202.968284	2037	-1113
2203.018289	2037	-1113
2203.068294	2037	-1113
2203.118299	2037	-1113
2203.168304	2037	-1113
2203.218309	2037	-1113
2203.268314	2037	-1113
2203.318319	2037	-1153
2203.370324	2085	-1213
2203.418329	2229	-1257
2203.468334	2309	-1401
2203.518339	2389	-1497
2203.568344	2433	-1565
2203.618349	2445	-1565
2203.668354	2445	-1565
2203.718359	2489	-1565
2203.768364	2489	-1565
2203.818369	2489	-1565
2203.868374	2489	-1565
2203.918379	2517	-1565
2203.968384	2517	-1561
2204.018389	2517	-1525
2204.068394	2529	-1513
2204.118399	2537	-1489
2204.168404	2537	-1489
2204.218409	2545	-1489
2204.268414	2565	-1453
2204.318419	2581	-1389
2204.370424	2581	-1357
2204.418429	2609	-1233
2204.468434	2609	-1169
2204.518439	2613	-1085
2204.568444	2613	-1081
2204.618449	2637	-1037
2204.668454	2649	-981
2204.718459	2649	-953
2204.768464	2649	-929
2204.818469	2649	-913
2204.870474	2649	-897
2204.918479	2649	-881
2204.968484	2649	-881
2205.018489	2649	-881
2205.068494	2649	-881
2205.118499	2649	-881
2205.168504	2649	-881
2205.218509	2649	-853
2205.268514	2649	-853
2205.318519	2649	-853
2205.368524	2649	-853
2205.418529	2649	-853
2205.468534	2649	-853
2205.518539	2649	-853
2205.568544	2649	-853
2205.618549	2649	-853
2205.668554	2649	-853
2205.718559	2649	-853
2205.768564	2661	-853
2205.818569	2661	-853
2205.868574	2661	-853
2205.918579	2661	-853
2205.968584	2661	-853
2206.018589	2661	-853
2206.068594	2661	-853
2206.118599	2661	-853
2206.168604	2661	-853
2206.218609	2661	-853
2206.268614	2669	-853
2206.318619	2669	-853
2206.370625	2669	-853
2206.418629	2669	-853
2206.468634	2669	-853
2206.518639	2669	-853
2206.568644	2669	-853
2206.618649	2669	-853
2206.668654	2669	-853
2206.718659	2669	-853
2206.768664	2669	-853
2206.818669	2669	-853
2206.868674	2669	-853
2206.918679	2669	-853
2206.968684	2669	-853
2207.018689	2669	-853
2207.068694	2669	-853
2207.118699	2677	-853
2207.168704	2677	-853
2207.218709	2677	-853
2207.268714	2677	-853
2207.318719	2677	-853
2207.368724	2681	-853
2207.418729	2685	-853
2207.468734	2685	-853
2207.518739	2685	-853
2207.568744	2685	-853
2207.618749	2685	-853
2207.668754	2685	-853
2207.718759	2685	-853
2207.768764	2685	-853
2207.818769	2685	-853
2207.870774	2685	-853
2207.918779	2685	-853
2207.968784	2685	-853
2208.018789	2685	-853
2208.068794	2685	-841
2208.118799	2685	-841
2208.168804	2685	-841
2208.218809	2685	-841
2208.268814	2685	-825
2208.318819	2685	-825
2208.368824	2685	-813
2208.418829	2685	-777
2208.468834	2685	-777
2208.518839	2685	-777
2208.568844	2685	-777
2208.618849	2685	-777
2208.668854	2685	-777
2208.718859	2685	-777
2208.768864	2685	-777
2208.818869	2685	-777
2208.868874	2685	-777
2208.918879	2685	-777
2208.968884	2685	-777
2209.018889	2685	-777
2209.068894	2685	-777
2209.118899	2685	-777
2209.168904	2685	-777
2209.218909	2685	-777
2209.268914	2685	-777
2209.318919	2685	-777
2209.370924	2685	-777
2209.418929	2685	-777
2209.468934	2685	-777
2209.518939	2685	-777
2209.568944	2685	-777
2209.618949	2685	-777
2209.668954	2685	-777
2209.718959	2685	-777
2209.768964	2685	-777
2209.818969	2685	-765
2209.870975	2685	-765
2209.918979	2685	-765
2209.968984	2685	-765
2210.018989	2685	-765
2210.068994	2685	-765
2210.118999	2685	-761
2210.169004	2685	-761
2210.219009	2685	-745
2210.269014	2685	-745
2210.319019	2685	-745
2210.369024	2685	-745
2210.419029	2685	-745
2210.469034	2685	-745
2210.519039	2685	-745
2210.569044	2685	-745
2210.619049	2685	-745
2210.669054	2685	-745
2210.719059	2685	-745
2210.769064	2685	-745
2210.819069	2685	-745
2210.869074	2685	-745
2210.919079	2685	-745
2210.969084	2685	-745
2211.019089	2685	-745
2211.069094	2685	-745
2211.119099	2685	-745
2211.169104	2685	-745
2211.219109	2685	-745
2211.269114	2685	-745
2211.319119	2685	-745
2211.369124	2685	-745
2211.419129	2685	-745
2211.469134	2685	-745
2211.519139	2685	-745
2211.569144	2685	-745
2211.619149	2685	-745
2211.669154	2685	-745
2211.719159	2685	-745
2211.769164	2685	-745
2211.819169	2685	-745
2211.869174	2685	-745
2211.919179	2685	-745
2211.969184	2685	-745
2212.019189	2685	-745
2212.069194	2685	-745
2212.119199	2685	-745
2212.169204	2685	-745
2212.219209	2685	-745
2212.269214	2685	-745
2212.319219	2685	-745
2212.369224	2685	-745
2212.419229	2685	-745
2212.469234	2685	-745
2212.519239	2685	-745
2212.569244	2685	-745
2212.619249	2685	-745
2212.669254	2685	-745
2212.719259	2685	-745
2212.769264	2685	-745
2212.819269	2685	-745
2212.869274	2685	-745
2212.919279	2685	-745
2212.969284	2685	-745
2213.019289	2685	-745
2213.069294	2685	-745
2213.218309	2685	-729
2213.268314	2685	-729
2213.318319	2685	-709
2213.369324	2685	-709
2213.418329	2685	-709
2213.468334	2685	-709
2213.518339	2685	-709
2213.568344	2685	-709
2213.618349	2685	-709
2213.668354	2685	-709
2213.718359	2685	-709
2213.768364	2685	-709
2213.818369	2685	-709
2213.869374	2685	-709
2213.918379	2685	-709
2213.968384	2685	-709
2214.018389	2685	-709
2214.068394	2685	-709
2214.118399	2685	-709
2214.168404	2685	-709
2214.218409	2685	-709
2214.268414	2685	-709
2214.318419	2685	-709
2214.368424	2685	-709
2214.418429	2685	-709
2214.468434	2685	-709
2214.518439	2685	-709
2214.568444	2685	-709
2214.618449	2685	-709
2214.668454	2685	-709
2214.718459	2685	-709
2214.768464	2685	-709
2214.818469	2685	-709
2214.868474	2685	-709
2214.918479	2685	-709
2214.968484	2685	-709
2215.018489	2685	-709
2215.068494	2685	-709
2215.122499	2685	-709
2215.168504	2685	-709
2215.218509	2685	-709
2215.268514	2685	-709
2215.318519	2685	-709
2215.367524	2685	-709
2215.417529	2685	-709
2215.467534	2685	-709
2215.517539	2685	-709
2215.567544	2685	-709
2215.617549	2685	-709
2215.667554	2685	-709
2215.717559	2685	-709
2215.767564	2685	-709
2215.817569	2685	-709
2215.867574	2685	-709
2215.917579	2685	-709
2215.967584	2685	-709
2216.017589	2685	-709
2216.067594	2685	-709
2216.117599	2685	-709
2216.167604	2685	-709
2216.217609	2685	-709
2216.267614	2685	-709
2216.317619	2685	-709
2216.367624	2685	-709
2216.417629	2685	-709
2216.467634	2685	-709
2216.517639	2685	-709
2216.567644	2685	-709
2216.617649	2685	-709
2216.667654	2685	-709
2216.717659	2685	-709
2216.767664	2685	-709
2216.817669	2685	-709
2216.867674	2685	-709
2216.917679	2685	-709
2216.967684	2685	-709
2217.017689	2685	-709
2217.067694	2685	-709
2217.117699	2685	-709
2217.171704	2685	-709
2217.217709	2685	-709
2217.267714	2685	-709
2217.317719	2685	-709
2217.367724	2685	-709
2217.417729	2685	-709
2217.467734	2685	-709
2217.517739	2685	-709
2217.567744	2685	-709
2217.617749	2685	-709
2217.667754	2685	-709
2217.717759	2685	-709
2217.767764	2685	-709
2217.817769	2685	-709
2217.867774	2685	-709
2217.917779	2685	-709
2217.967784	2685	-709
2218.017789	2685	-709
2218.067794	2685	-709
2218.117799	2685	-709
2218.167804	2685	-709
2218.217809	2685	-709
2218.267814	2685	-709
2218.317819	2685	-709
2218.367824	2685	-709
2218.417829	2685	-709
2218.467834	2685	-709
2218.517839	2685	-709
2218.567844	2685	-709
2218.617849	2685	-709
2218.667854	2685	-709
2218.717859	2685	-709
2218.767864	2685	-709
2218.817869	2685	-709
2218.867874	2685	-709
2218.917879	2685	-709
2218.967884	2685	-709
2219.017889	2685	-709
2219.067894	2685	-709
2219.117899	2685	-709
2219.167904	2685	-709
2219.217909	2685	-709
2219.267914	2685	-709
2219.317919	2685	-709
2219.367924	2685	-709
2219.417929	2685	-709
2219.467934	2685	-709
2219.517939	2685	-709
2219.567944	2685	-709
2219.617949	2685	-709
2219.667954	2685	-709
2219.717959	2685	-709
2219.767964	2685	-709
2219.817969	2685	-709
2219.867974	2685	-709
2219.917979	2685	-709
2219.967984	2685	-709
2220.017989	2685	-709
2220.067994	2685	-709
2220.117999	2685	-709
2220.168004	2685	-709
2220.218009	2685	-709
2220.268014	2685	-709
2220.318019	2685	-709
2220.368024	2685	-709
2220.418029	2685	-709
2220.468034	2685	-709
2220.518039	2685	-709
2220.568044	2685	-709
2220.618049	2685	-709
2220.668054	2685	-709
2220.718059	2685	-709
2220.768064	2685	-709
2220.818069	2685	-709
2220.868074	2685	-709
2220.918079	2685	-709
2220.968084	2685	-709
2221.018089	2685	-709
2221.068094	2685	-709
2221.118099	2685	-709
2221.168104	2685	-709
2221.218109	2685	-709
2221.268114	2685	-709
2221.318119	2685	-709
2221.368124	2685	-709
2221.418129	2685	-709
2221.468134	2685	-709
2221.518139	2685	-709
2221.568144	2685	-709
2221.618149	2685	-709
2221.668154	2685	-709
2221.718159	2685	-709
2221.768164	2685	-709
2221.818169	2685	-709
2221.868174	2685	-709
2221.918179	2685	-709
2221.968184	2685	-709
2222.018189	2685	-709
2222.068194	2685	-709
2222.118199	2685	-709
2222.168204	2685	-709
2222.218209	2685	-709
2222.268214	2685	-709
2222.318219	2685	-709
2222.368224	2685	-709
2222.418229	2685	-709
2222.468234	2685	-709
2222.518239	2685	-709
2222.568244	2685	-709
2222.618249	2685	-709
2222.668254	2685	-709
2222.718259	2685	-709
2222.768264	2685	-709
2222.818269	2685	-709
2222.870274	2685	-709
2222.918279	2685	-709
2222.968284	2685	-709
2223.018289	2685	-709
2223.068294	2685	-709
2223.118299	2685	-709
2223.168304	2685	-709
2223.218309	2685	-709
2223.268314	2685	-709
2223.318319	2685	-709
2223.368324	2685	-709
2223.418329	2685	-709
2223.468334	2685	-709
2223.518339	2685	-709
2223.568344	2685	-709
2223.618349	2685	-709
2223.668354	2685	-709
2223.718359	2685	-709
2223.768364	2685	-709
2223.818369	2685	-709
2223.868374	2685	-709
2223.918379	2685	-709
2223.968384	2685	-709
2224.018389	2685	-709
2224.068394	2685	-709
2224.118399	2685	-709
2224.168404	2685	-709
2224.218409	2685	-709
2224.268414	2685	-709
2224.318419	2685	-709
2224.370424	2685	-709
2224.418429	2685	-709
2224.468434	2685	-709
2224.518439	2685	-709
2224.568444	2685	-709
2224.618449	2685	-709
2224.668454	2685	-709
2224.718459	2685	-709
2224.768464	2685	-709
2224.818469	2685	-709
2224.868474	2685	-709
2224.918479	2685	-709
2224.968484	2685	-709
2225.018489	2685	-709
2225.068494	2685	-709
2225.118499	2685	-709
2225.168504	2685	-709
2225.218509	2685	-709
2225.268514	2685	-709
2225.318519	2685	-709
2225.368524	2685	-709
2225.418529	2685	-709
2225.468534	2685	-709
2225.518539	2685	-709
2225.568544	2685	-709
2225.618549	2685	-709
2225.668554	2685	-709
2225.718559	2685	-709
2225.768564	2685	-709
2225.818569	2685	-709
2225.870574	2685	-709
2225.918579	2685	-709
2225.968584	2685	-709
2226.018589	2685	-709
2226.068594	2685	-709
2226.118599	2685	-709
2226.168604	2685	-709
2226.218609	2685	-709
2226.268614	2685	-709
2226.318619	2685	-709
2226.368624	2685	-709
2226.418629	2685	-709
2226.468634	2685	-709
2226.518639	2685	-709
2226.568644	2685	-709
2226.618649	2685	-709
2226.668654	2685	-709
2226.718659	2685	-709
2226.768664	2685	-709
2226.818669	2685	-709
2226.868674	2685	-709
2226.918679	2685	-709
2226.968684	2685	-709
2227.018689	2685	-709
2227.068694	2685	-709
2227.118699	2685	-709
2227.168704	2685	-709
2227.218709	2685	-709
2227.268714	2685	-709
2227.318719	2685	-709
2227.370724	2685	-709
2227.418729	2685	-709
2227.468734	2685	-709
2227.518739	2685	-709
2227.568744	2685	-709
2227.618749	2685	-709
2227.668754	2685	-709
2227.718759	2685	-709
2227.768764	2685	-709
2227.818769	2685	-709
2227.868774	2685	-709
2227.918779	2685	-709
2227.968784	2685	-709
2228.018789	2685	-709
2228.068794	2685	-709
2228.118799	2685	-709
2228.168804	2685	-709
2228.218809	2685	-709
2228.268814	2685	-709
2228.318819	2685	-709
2228.368824	2685	-709
2228.418829	2685	-709
2228.468834	2685	-709
2228.518839	2685	-709
2228.568844	2685	-709
2228.618849	2685	-709
2228.668854	2685	-709
2228.718859	2685	-709
2228.768864	2685	-709
2228.818869	2685	-709
2228.870874	2685	-709
2228.918879	2685	-709
2228.968884	2685	-709
2229.018889	2685	-709
2229.068894	2685	-709
2229.118899	2685	-709
2229.168904	2685	-709
2229.218909	2685	-709
2229.268914	2685	-709
2229.318919	2685	-709
2229.368924	2685	-709
2229.418929	2685	-709
2229.468934	2685	-709
2229.518939	2685	-709
2229.568944	2685	-709
2229.618949	2685	-709
2229.668954	2685	-709
2229.718959	2685	-709
2229.768964	2685	-709
2229.818969	2685	-709
2229.868974	2685	-709
2229.918979	2685	-709
2229.968984	2685	-709
2230.018989	2685	-709
2230.068994	2685	-709
2230.118999	2685	-709
2230.169004	2685	-709
2230.219009	2685	-709
2230.269014	2685	-709
2230.319019	2685	-709
2230.370024	2685	-709
2230.419029	2685	-709
2230.469034	2685	-709
2230.519039	2685	-709
2230.569044	2685	-709
2230.619049	2685	-709
2230.669054	2685	-709
2230.719059	2685	-709
2230.769064	2685	-709
2230.819069	2685	-709
2230.869074	2685	-709
2230.919079	2685	-709
2230.969084	2685	-709
2231.019089	2685	-709
2231.069094	2685	-709
2231.119099	2685	-709
2231.169104	2685	-709
2231.219109	2685	-709
2231.269114	2685	-709
2231.319119	2685	-709
2231.369124	2685	-709
2231.419129	2685	-709
2231.469134	2685	-709
2231.519139	2685	-709
2231.569144	2685	-709
2231.619149	2685	-709
2231.669154	2685	-709
2231.719159	2685	-709
2231.769164	2685	-709
2231.819169	2685	-709
2231.870174	2685	-709
2231.919179	2685	-709
2231.969184	2685	-709
2232.019189	2685	-709
2232.069194	2685	-709
2232.119199	2685	-709
2232.169204	2685	-709
2232.219209	2685	-709
2232.269214	2685	-709
2232.319219	2685	-709
2232.369224	2685	-709
2232.419229	2685	-709
2232.469234	2685	-709
2232.519239	2685	-709
2232.569244	2685	-709
2232.619249	2685	-709
2232.669254	2685	-709
2232.719259	2685	-709
2232.769264	2685	-709
2232.819269	2685	-709
2232.868274	2685	-709
2232.918279	2685	-709
2232.968284	2685	-709
2233.018289	2685	-709
2233.068294	2685	-709
2233.118299	2685	-709
2233.168304	2685	-709
2233.218309	2685	-709
2233.268314	2685	-709
2233.318319	2685	-709
2233.368324	2685	-709
2233.418329	2685	-709
2233.468334	2685	-709
2233.518339	2685	-709
2233.568344	2685	-709
2233.618349	2685	-709
2233.668354	2685	-709
2233.718359	2685	-709
2233.768364	2685	-709
2233.818369	2685	-709
2233.868374	2685	-709
2233.918379	2685	-709
2233.968384	2685	-709
2234.018389	2685	-709
2234.068394	2685	-709
2234.118399	2685	-709
2234.168404	2685	-709
2234.218409	2685	-709
2234.268414	2685	-709
2234.318419	2685	-709
2234.368424	2685	-709
2234.418429	2685	-709
2234.468434	2685	-709
2234.518439	2685	-709
2234.568444	2685	-709
2234.618449	2685	-709
2234.668454	2685	-709
2234.718459	2685	-709
2234.768464	2685	-709
2234.818469	2685	-709
2234.868474	2685	-709
2234.918479	2685	-709
2234.968484	2685	-709
2235.018489	2685	-709
2235.068494	2685	-709
2235.118499	2685	-709
2235.168504	2685	-709
2235.218509	2685	-709
2235.268514	2685	-709
2235.318519	2685	-709
2235.368524	2685	-709
2235.418529	2685	-709
2235.468534	2685	-709
2235.518539	2685	-709
2235.568544	2685	-709
2235.618549	2685	-709
2235.668554	2685	-709
2235.718559	2685	-709
2235.768564	2685	-709
2235.818569	2685	-709
2235.868574	2685	-709
2235.918579	2685	-709
2235.968584	2685	-709
2236.018589	2685	-709
2236.068594	2685	-709
2236.118599	2685	-709
2236.168604	2685	-709
2236.218609	2685	-709
2236.268614	2685	-709
2236.318619	2685	-709
2236.368624	2685	-709
2236.418629	2685	-709
2236.468634	2685	-709
2236.518639	2685	-709
2236.568644	2685	-709
2236.618649	2685	-709
2236.668654	2685	-709
2236.718659	2685	-709
2236.768664	2685	-709
2236.818669	2685	-709
2236.868674	2685	-709
2236.918679	2733	-709
2236.968684	2761	-709
2237.018689	2785	-709
2237.068694	2805	-709
2237.118699	2829	-709
2237.168704	2837	-709
2237.218709	2893	-709
2237.268714	2949	-709
2237.318719	2973	-709
2237.368724	3133	-709
2237.418729	3369	-709
2237.468734	3753	-709
2237.518739	4017	-709
2237.568744	4149	-709
2237.618749	4357	-709
2237.668754	4389	-709
2237.718759	4553	-709
2237.768764	4717	-709
2237.818769	4941	-709
2237.868774	5109	-709
2237.918779	5317	-709
2237.968784	5494	-709
2238.018789	5738	-709
2238.068794	5994	-709
2238.118799	6206	-709
2238.168804	6342	-709
2238.218809	6494	-709
2238.268814	6614	-709
2238.318819	6850	-709
2238.368824	7010	-709
2238.418829	7242	-709
2238.468834	7342	-709
2238.518839	7562	-709
2238.568844	7634	-709
2238.618849	7766	-709
2238.668854	7794	-709
2238.718859	7842	-709
2238.768864	7910	-709
2238.818869	7950	-709
2238.868874	7954	-709
2238.918879	8014	-709
2238.968884	8074	-709
2239.018889	8170	-709
2239.068894	8294	-709
2239.118899	8410	-709
2239.168904	8526	-709
2239.218909	8586	-709
2239.268914	8654	-709
2239.318919	8674	-709
2239.368924	8718	-709
2239.418929	8738	-709
2239.468934	8750	-709
2239.518939	8834	-709
2239.568944	8882	-709
2239.618949	8934	-709
2239.676955	8962	-709
2239.718959	8986	-665
2239.768964	9030	-665
2239.818969	9030	-641
2239.868974	9030	-629
2239.918979	9046	-629
2239.968984	9046	-629
2240.018989	9046	-609
2240.068994	9046	-601
2240.118999	9046	-585
2240.169004	9046	-561
2240.219009	9046	-457
2240.269014	9046	-437
2240.319019	9046	-313
2240.369024	9046	-157
2240.419029	9046	-89
2240.469034	9046	-57
2240.519039	9046	24
2240.569044	9066	48
2240.619049	9082	48
2240.669054	9086	48
2240.719059	9086	48
2240.769064	9086	48
2240.819069	9102	48
2240.869074	9110	48
2240.919079	9134	48
2240.969084	9138	48
2241.019089	9174	48
2241.069094	9190	48
2241.119099	9226	48
2241.169104	9230	48
2241.219109	9262	48
2241.269114	9262	48
2241.319119	9278	44
2241.369124	9278	12
2241.419129	9278	-1
2241.469134	9278	-1
2241.519139	9278	-1
2241.569144	9278	-1
2241.619149	9278	-1
2241.669154	9278	-1
2241.719159	9278	-1
2241.769164	9278	-9
2241.819169	9278	-9
2241.869174	9278	-9
2241.919179	9278	-9
2241.969184	9278	-9
2242.019189	9278	-9
2242.069194	9278	-9
2242.119199	9278	-9
2242.169204	9278	-9
2242.219209	9278	-9
2242.269214	9278	-9
2242.319219	9278	-9
2242.369224	9278	-9
2242.419229	9278	-9
2242.469234	9278	-9
2242.519239	9278	-9
2242.569244	9278	-9
2242.619249	9278	-9
2242.669254	9278	-9
2242.719259	9278	-9
2242.769264	9278	-9
2242.819269	9278	-9
2242.869274	9278	-9
2242.919279	9278	-9
2242.969284	9278	-9
2243.019289	9278	-9
2243.069294	9278	-9
2243.119299	9278	-9
2243.169304	9278	-9
2243.219309	9278	-9
2243.269314	9278	-9
2243.319319	9278	-9
2243.369324	9278	-9
2243.419329	9278	-9
2243.469334	9278	-9
2243.519339	9278	-9
2243.569344	9278	-9
2243.619349	9278	-9
2243.669354	9278	-9
2243.719359	9278	-9
2243.769364	9278	-9
2243.819369	9278	-9
2243.869374	9278	-9
2243.919379	9278	-9
2243.969384	9278	-9
2244.019389	9278	-9
2244.069394	9278	-9
2244.121399	9278	-9
2244.169404	9278	-9
2244.219409	9278	-9
2244.269414	9278	-9
2244.319419	9278	-9
2244.369424	9278	-9
2244.419429	9278	-9
2244.469434	9278	-9
2244.519439	9278	-9
2244.569444	9278	-9
2244.619449	9278	-9
2244.669454	9278	-9
2244.719459	9278	-9
2244.769464	9278	-9
2244.819469	9278	-9
2244.869474	9278	-9
2244.919479	9278	-9
2244.969484	9278	-9
2245.019489	9278	-9
2245.069494	9278	-9
2245.119499	9278	-9
2245.169504	9278	-9
2245.219509	9278	-9
2245.269514	9278	-9
2245.319519	9278	-9
2245.369524	9278	-9
2245.419529	9278	-9
2245.469534	9278	-9
2245.519539	9278	-9
2245.569544	9278	-9
2245.619549	9278	-9
2245.669554	9278	-9
2245.719559	9278	-9
2245.769564	9278	-9
2245.819569	9278	-9
2245.869574	9278	-9
2245.919579	9278	-9
2245.969584	9278	-9
2246.019589	9278	-9
2246.069594	9278	-9
2246.119599	9278	-9
2246.169604	9278	-9
2246.219609	9278	-9
2246.269614	9278	-9
2246.319619	9278	-9
2246.369624	9278	-9
2246.419629	9278	-9
2246.469634	9278	-9
2246.519639	9278	-9
2246.569644	9278	-9
2246.621649	9278	-9
2246.669654	9278	-9
2246.719659	9278	-9
2246.769664	9278	-9
2246.819669	9278	-9
2246.871674	9278	-9
2246.919679	9278	-9
2246.969684	9278	-9
2247.019689	9278	-9
2247.069694	9278	-9
2247.119699	9278	-9
2247.171704	9278	-9
2247.219709	9278	-9
2247.269714	9278	-9
2247.319719	9278	-9
2247.369724	9278	-9
2247.419729	9278	-9
2247.469734	9278	-9
2247.519739	9278	-9
2247.569744	9278	-9
2247.619749	9278	-9
2247.669754	9278	-9
2247.719759	9278	-9
2247.769764	9278	-9
2247.819769	9278	-9
2247.869774	9278	-9
2247.919779	9278	-9
2247.969784	9278	-9
2248.019789	9278	-9
2248.069794	9278	-9
2248.119799	9278	-9
2248.169804	9278	-9
2248.219809	9278	-9
2248.269814	9278	-9
2248.319819	9278	-9
2248.371824	9278	-9
2248.419829	9278	-9
2248.469834	9278	-9
2248.519839	9278	-9
2248.569844	9278	-9
2248.619849	9278	-9
2248.669854	9278	-9
2248.719859	9278	-9
2248.769864	9278	-9
2248.819869	9278	-9
2248.869874	9278	-9
2248.919879	9278	-9
2248.969884	9278	-9
2249.019889	9278	-9
2249.069894	9278	-9
2249.119899	9278	-9
2249.169904	9278	-9
2249.219909	9278	-9
2249.269914	9278	-9
2249.319919	9278	-9
2249.369924	9278	-9
2249.419929	9278	-9
2249.469934	9278	-9
2249.519939	9278	-9
2249.569944	9278	-9
2249.619949	9278	-9
2249.669954	9278	-9
2249.719959	9278	-9
2249.769964	9278	-9
2249.819969	9278	-9
2249.869974	9278	-9
2249.919979	9278	-9
2249.969984	9278	-9
2250.019989	9278	-9
2250.069994	9278	-9
2250.119999	9278	-9
2250.170004	9278	-9
2250.220009	9278	-9
2250.270014	9278	-9
2250.320019	9278	-9
2250.369024	9278	-9
2250.419029	9278	-9
2250.469034	9278	-9
2250.519039	9278	-9
2250.569044	9278	-9
2250.619049	9278	-9
2250.669054	9278	-9
2250.719059	9278	-9
2250.769064	9278	-9
2250.819069	9278	-9
2250.869074	9278	-9
2250.919079	9278	-9
2250.969084	9278	-9
2251.019089	9278	-9
2251.069094	9278	-9
2251.120099	9278	-9
2251.169104	9278	-9
2251.219109	9278	-9
2251.269114	9278	-9
2251.319119	9278	-9
2251.369124	9278	-9
2251.419129	9278	-9
2251.469134	9278	-9
2251.519139	9278	-9
2251.569144	9278	-9
2251.619149	9278	-9
2251.669154	9278	-9
2251.719159	9278	-9
2251.769164	9278	-9
2251.819169	9278	-9
2251.869174	9278	-9
2251.919179	9278	-9
2251.969184	9278	-9
2252.019189	9278	-9
2252.069194	9278	-9
2252.119199	9278	-9
2252.169204	9278	-9
2252.219209	9278	-9
2252.269214	9278	-9
2252.319219	9278	-9
2252.369224	9278	-9
2252.419229	9278	-9
2252.469234	9278	-9
2252.519239	9278	-9
2252.569244	9278	-9
2252.619249	9278	-9
2252.669254	9278	-9
2252.719259	9278	-9
2252.769264	9278	-9
2252.819269	9278	-9
2252.869274	9278	-9
2252.919279	9278	-9
2252.969284	9278	-9
2253.019289	9278	-9
2253.069294	9278	-9
2253.119299	9278	-9
2253.169304	9278	-9
2253.219309	9278	-9
2253.269314	9278	-9
2253.319319	9278	-9
2253.369324	9278	-9
2253.419329	9278	-9
2253.469334	9278	-9
2253.519339	9278	-9
2253.569344	9278	-9
2253.619349	9278	-9
2253.669354	9278	-9
2253.719359	9278	-9
2253.769364	9278	-9
2253.819369	9278	-9
2253.869374	9278	-9
2253.919379	9278	-9
2253.969384	9278	-9
2254.019389	9278	-9
2254.069394	9278	-9
2254.119399	9278	-9
2254.169404	9278	-9
2254.219409	9278	-9
2254.269414	9278	-9
2254.319419	9278	-9
2254.369424	9278	-9
2254.419429	9278	-9
2254.469434	9278	-9
2254.519439	9278	-9
2254.569444	9278	-9
2254.619449	9278	-9
2254.669454	9278	-9
2254.719459	9278	-9
2254.769464	9278	-9
2254.819469	9278	-9
2254.869474	9278	-9
2254.919479	9278	-9
2254.969484	9278	-9
2255.019489	9278	-9
2255.069494	9278	-9
2255.119499	9278	-9
2255.169504	9278	-9
2255.219509	9278	-9
2255.269514	9278	-9
2255.319519	9278	-9
2255.369524	9278	-9
2255.419529	9278	-9
2255.469534	9278	-9
2255.519539	9278	-9
2255.569544	9278	-9
2255.619549	9278	-9
2255.669554	9278	-9
2255.719559	9278	-9
2255.769564	9278	-9
2255.819569	9278	-9
2255.869574	9278	-9
2255.919579	9278	-9
2255.969584	9278	-9
2256.019589	9278	-9
2256.069594	9278	-9
2256.119599	9278	-9
2256.169604	9278	-9
2256.219609	9278	-9
2256.269614	9278	-9
2256.319619	9278	-9
2256.369624	9278	-9
2256.419629	9278	-9
2256.469634	9278	-9
2256.519639	9278	-9
2256.569644	9278	-9
2256.619649	9278	-9
2256.669654	9278	-9
2256.719659	9278	-9
2256.769664	9278	-9
2256.819669	9278	-9
2256.869674	9278	-9
2256.919679	9278	-9
2256.969684	9278	-9
2257.019689	9278	-9
2257.069694	9278	-9
2257.119699	9278	-9
2257.169704	9278	-9
2257.219709	9278	-9
2257.269714	9278	-9
2257.319719	9278	-9
2257.369724	9278	-9
2257.419729	9278	-9
2257.469734	9278	-9
2257.519739	9278	-9
2257.569744	9278	-9
2257.619749	9278	-9
2257.669754	9278	-9
2257.719759	9278	-9
2257.769764	9278	-9
2257.819769	9278	-9
2257.869774	9278	-9
2257.919779	9278	-9
2257.969784	9278	-9
2258.019789	9278	-9
2258.069794	9278	-9
2258.119799	9278	-9
2258.169804	9278	-9
2258.219809	9278	-9
2258.269814	9278	-9
2258.319819	9278	-9
2258.369824	9278	-9
2258.419829	9278	-9
2258.469834	9278	-9
2258.519839	9278	-9
2258.569844	9278	-9
2258.619849	9278	-9
2258.669854	9278	-9
2258.719859	9278	-9
2258.769864	9278	-9
2258.819869	9278	-9
2258.869874	9278	-9
2258.919879	9278	-9
2258.969884	9278	-9
2259.019889	9278	-9
2259.069894	9278	-9
2259.119899	9278	-9
2259.169904	9278	-9
2259.219909	9278	-9
2259.269914	9278	-9
2259.319919	9278	-9
2259.369924	9278	-9
2259.419929	9278	-9
2259.469934	9278	-9
2259.519939	9278	-9
2259.569944	9278	-9
2259.619949	9278	-9
2259.669954	9278	-9
2259.719959	9278	-9
2259.769964	9278	-9
2259.819969	9278	-9
2259.869974	9278	-9
2259.919979	9278	-9
2259.969984	9278	-9
2260.019989	9278	-9
2260.069994	9278	-9
2260.119999	9278	-9
2260.170004	9278	-9
2260.220009	9278	-9
2260.270014	9278	-9
2260.320019	9278	-9
2260.370024	9278	-9
2260.420029	9278	-9
2260.470034	9278	-9
2260.520039	9278	-9
2260.570044	9278	-9
2260.620049	9278	-9
2260.670054	9278	-9
2260.720059	9278	-9
2260.770064	9278	-9
2260.820069	9278	-9
2260.870074	9278	-9
2260.920079	9278	-9
2260.970084	9278	-9
2261.020089	9278	-9
2261.070094	9278	-9
2261.120099	9278	-9
2261.170104	9278	-9
2261.220109	9278	-9
2261.270114	9278	-9
2261.320119	9278	-9
2261.370124	9278	-9
2261.420129	9278	-9
2261.470134	9278	-9
2261.520139	9278	-9
2261.570144	9278	-9
2261.620149	9278	-9
2261.670154	9278	-9
2261.720159	9278	-9
2261.770164	9278	-9
2261.820169	9278	-9
2261.870174	9278	-9
2261.920179	9278	-9
2261.970184	9278	-9
2262.020189	9278	-9
2262.070194	9278	-9
2262.120199	9278	-9
2262.170204	9278	-9
2262.220209	9278	-9
2262.270214	9278	-9
2262.320219	9278	-9
2262.370224	9278	-9
2262.420229	9278	-9
2262.470234	9278	-9
2262.520239	9278	-9
2262.570244	9278	-9
2262.620249	9278	-9
2262.670254	9278	-9
2262.720259	9278	-9
2262.770264	9278	-9
2262.820269	9278	-9
2262.870274	9278	-9
2262.920279	9278	-9
2262.970284	9278	-9
2263.020289	9278	-9
2263.070294	9278	-9
2263.120299	9278	-9
2263.170304	9278	-9
2263.220309	9278	-9
2263.270314	9278	-9
2263.320319	9278	-9
2263.370324	9278	-9
2263.420329	9278	-9
2263.470334	9278	-9
2263.520339	9278	-9
2263.570344	9278	-9
2263.620349	9278	-9
2263.670354	9278	-9
2263.720359	9278	-9
2263.770364	9278	-9
2263.820369	9278	-9
2263.870374	9278	-9
2263.920379	9278	-9
2263.970384	9278	-9
2264.020389	9278	-9
2264.070394	9278	-9
2264.120399	9278	-9
2264.170404	9278	-9
2264.220409	9278	-9
2264.270414	9278	-9
2264.320419	9278	-9
2264.370424	9278	-9
2264.420429	9278	-9
2264.470434	9278	-9
2264.520439	9278	-9
2264.570444	9278	-9
2264.620449	9278	-9
2264.670454	9278	-9
2264.720459	9278	-9
2264.770464	9278	-9
2264.820469	9278	-9
2264.870474	9278	-9
2264.920479	9278	-9
2264.970484	9278	-9
2265.020489	9278	-9
2265.070494	9278	-9
2265.120499	9278	-9
2265.170504	9278	-9
2265.220509	9278	-9
2265.270514	9278	-9
2265.320519	9278	-9
2265.370524	9278	-9
2265.420529	9278	-9
2265.470534	9278	-9
2265.520539	9278	-9
2265.570544	9278	-9
2265.620549	9278	-9
2265.670554	9278	-9
2265.720559	9278	-9
2265.770564	9278	-9
2265.820569	9278	-9
2265.870574	9278	-9
2265.920579	9278	-9
2265.970584	9278	-9
2266.020589	9278	-9
2266.070594	9278	-9
2266.120599	9278	-9
2266.170604	9278	-9
2266.220609	9278	-9
2266.270614	9278	-9
2266.320619	9278	-9
2266.370624	9278	-9
2266.420629	9278	-9
2266.470634	9278	-9
2266.520639	9278	-9
2266.570644	9278	-9
2266.620649	9278	-9
2266.670654	9278	-9
2266.720659	9278	-9
2266.770664	9278	-9
2266.820669	9278	-9
2266.870674	9278	-9
2266.920679	9278	-9
2266.970684	9278	-9
2267.020689	9278	-9
2267.070694	9278	-9
2267.120699	9278	-9
2267.170704	9278	-9
2267.220709	9278	-9
2267.270714	9278	-9
2267.320719	9278	-9
2267.370724	9278	-9
2267.420729	9278	-9
2267.470734	9278	-9
2267.520739	9278	-9
2267.570744	9278	-9
2267.620749	9278	-9
2267.670754	9278	-9
2267.720759	9278	-9
2267.770764	9278	-9
2267.819769	9278	-9
2267.869774	9278	-9
2267.919779	9278	-9
2267.969784	9278	-9
2268.019789	9278	-9
2268.069794	9278	-9
2268.119799	9278	-9
2268.169804	9278	-9
2268.219809	9278	-9
2268.269814	9278	-9
2268.319818	9278	-9
2268.369823	9278	-9
2268.419829	9278	-9
2268.469834	9278	-9
2268.519839	9278	-9
2268.569844	9278	-9
2268.619849	9278	-9
2268.669854	9278	-9
2268.719859	9278	-9
2268.769864	9278	-9
2268.819869	9278	-9
2268.869874	9278	-9
2268.919878	9278	-9
2268.969883	9278	-9
2269.019889	9278	-9
2269.069894	9278	-9
2269.119899	9278	-9
2269.169904	9278	-9
2269.219909	9278	-9
2269.269914	9278	-9
2269.319919	9278	-9
2269.369924	9278	-9
2269.419929	9278	-9
2269.469934	9278	-9
2269.519938	9278	-9
2269.569944	9278	-9
2269.619949	9278	-9
2269.669954	9278	-9
2269.719959	9278	-9
2269.769964	9278	-9
2269.819969	9278	-9
2269.869974	9278	-9
2269.919979	9278	-9
2269.969984	9278	-9
2270.019989	9278	-9
2270.069993	9278	-9
2270.119998	9278	-9
2270.170004	9278	-9
2270.220009	9278	-9
2270.270014	9278	-9
2270.320019	9278	-9
2270.370024	9278	-9
2270.420029	9278	-9
2270.470034	9278	-9
2270.520039	9278	-9
2270.570044	9278	-9
2270.620049	9278	-9
2270.670053	9278	-9
2270.720058	9278	-9
2270.770064	9278	-9
2270.820069	9278	-9
2270.870074	9278	-9
2270.920079	9278	-9
2270.970084	9278	-9
2271.020089	9278	-9
2271.070094	9278	-9
2271.120099	9278	-9
2271.170104	9278	-9
2271.220109	9278	-9
2271.270113	9278	-9
2271.320119	9278	-9
2271.370124	9278	-9
2271.420129	9278	-9
2271.470134	9278	-9
2271.520139	9278	-9
2271.570144	9278	-9
2271.620149	9278	-9
2271.670154	9278	-9
2271.720159	9278	-9
2271.770164	9278	-9
2271.820168	9278	-9
2271.870173	9278	-9
2271.920179	9278	-9
2271.970184	9278	-9
2272.020189	9278	-9
2272.070194	9278	-9
2272.120199	9278	-9
2272.170204	9278	-9
2272.220209	9278	-9
2272.270214	9278	-9
2272.320219	9278	-9
2272.370224	9278	-9
2272.420228	9278	-9
2272.470233	9278	-9
2272.520239	9278	-9
2272.570244	9278	-9
2272.620249	9278	-9
2272.670254	9278	-9
2272.720259	9278	-9
2272.770264	9278	-9
2272.820269	9278	-9
2272.870274	9278	-9
2272.920279	9278	-9
2272.970284	9278	-9
2273.020288	9278	-9
2273.070294	9278	-9
2273.120299	9278	-9
2273.170304	9278	-9
2273.220309	9278	-9
2273.270314	9278	-9
2273.320319	9278	-9
2273.370324	9278	-9
2273.420329	9278	-9
2273.470334	9278	-9
2273.520339	9278	-9
2273.570343	9278	-9
2273.620348	9278	-9
2273.670354	9278	-9
2273.720359	9278	-9
2273.770364	9278	-9
2273.820369	9278	-9
2273.870374	9278	-9
2273.920379	9278	-9
2273.970384	9278	-9
2274.020389	9278	-9
2274.070394	9278	-9
2274.120399	9278	-9
2274.170403	9278	-9
2274.220408	9278	-9
2274.270414	9278	-9
2274.320419	9278	-9
2274.370424	9278	-9
2274.420429	9278	-9
2274.470434	9278	-9
2274.520439	9278	-9
2274.570444	9278	-9
2274.620449	9278	-9
2274.670454	9278	-9
2274.720459	9278	-9
2274.770463	9278	-9
2274.820469	9278	-9
2274.870474	9278	-9
2274.920479	9278	-9
2274.970484	9278	-9
2275.020489	9278	-9
2275.070494	9278	-9
2275.120499	9278	-9
2275.170504	9278	-9
2275.220509	9278	-9
2275.270514	9278	-9
2275.320518	9278	-9
2275.370523	9278	-9
2275.420529	9278	-9
2275.470534	9278	-9
2275.520539	9278	-9
2275.570544	9278	-9
2275.620549	9278	-9
2275.670554	9278	-9
2275.720559	9278	-9
2275.770564	9278	-9
2275.820569	9278	-9
2275.870574	9278	-9
2275.920578	9278	-9
2275.970583	9278	-9
2276.020589	9278	-9
2276.070594	9278	-9
2276.120599	9278	-9
2276.170604	9278	-9
2276.220609	9278	-9
2276.270614	9278	-9
2276.320619	9278	-9
2276.370624	9278	-9
2276.420629	9278	-9
2276.470634	9278	-9
2276.520638	9278	-9
2276.570644	9278	-9
2276.620649	9278	-9
2276.670654	9278	-9
2276.720659	9278	-9
2276.770664	9278	-9
2276.820669	9278	-9
2276.870674	9278	-9
2276.920679	9278	-9
2276.970684	9278	-9
2277.020689	9278	-9
2277.070693	9278	-9
2277.120698	9278	-9
2277.170704	9278	-9
2277.220709	9278	-9
2277.270714	9278	-9
2277.320719	9278	-9
2277.370724	9278	-9
2277.420729	9278	-9
2277.470734	9278	-9
2277.520739	9278	-9
2277.570744	9278	-9
2277.620749	9278	-9
2277.670753	9278	-9
2277.720758	9278	-9
2277.770764	9278	-9
2277.820769	9278	-9
2277.870774	9278	-9
2277.920779	9278	-9
2277.970784	9278	-9
2278.020789	9278	-9
2278.070794	9278	-9
2278.120799	9278	-9
2278.170804	9278	-9
2278.220809	9278	-9
2278.270813	9278	-9
2278.320819	9278	-9
2278.370824	9278	-9
2278.420829	9278	-9
2278.470834	9278	-9
2278.520839	9278	-9
2278.570844	9278	-9
2278.620849	9278	-9
2278.670854	9278	-9
2278.720859	9278	-9
2278.770864	9278	-9
2278.820868	9278	-9
2278.870873	9278	-9
2278.920879	9278	-9
2278.970884	9278	-9
2279.020889	9278	-9
2279.070894	9278	-9
2279.120899	9278	-9
2279.170904	9278	-9
2279.220909	9278	-9
2279.270914	9278	-9
2279.320919	9278	-9
2279.370924	9278	-9
2279.420928	9278	-9
2279.470933	9278	-9
2279.520939	9278	-9
2279.570944	9278	-9
2279.620949	9278	-9
2279.670954	9278	-9
2279.720959	9278	-9
2279.770964	9278	-9
2279.820969	9278	-9
2279.870974	9278	-9
2279.920979	9278	-9
2279.970984	9278	-9
2280.020988	9278	-9
2280.070994	9278	-9
2280.120999	9282	-9
2280.171004	9282	-9
2280.221009	9306	-9
2280.271014	9306	-9
2280.321019	9306	-9
2280.371024	9306	-9
2280.421029	9326	-9
2280.471034	9334	-9
2280.521039	9334	-9
2280.571043	9350	-9
2280.621048	9370	-37
2280.671054	9386	-89
2280.721059	9414	-141
2280.771064	9438	-213
2280.821069	9490	-257
2280.871074	9506	-341
2280.921079	9574	-349
2280.971084	9694	-369
2281.021089	9882	-369
2281.071094	10062	-369
2281.121099	10162	-389
2281.171103	10250	-389
2281.221108	10342	-389
2281.271114	10446	-417
2281.321119	10638	-449
2281.371124	10878	-497
2281.421129	11099	-509
2281.471134	11187	-513
2281.521139	11295	-569
2281.571144	11395	-637
2281.621149	11467	-649
2281.671154	11591	-685
2281.721159	11727	-685
2281.771163	11855	-729
2281.821169	12015	-773
2281.871174	12123	-837
2281.921179	12307	-841
2281.971184	12487	-869
2282.021189	12651	-869
2282.071194	12767	-869
2282.121199	12811	-869
2282.171204	12839	-869
2282.221209	12867	-881
2282.271214	12891	-885
2282.321218	12919	-897
2282.371223	12947	-897
2282.421229	12971	-913
2282.471234	13011	-925
2282.521239	13051	-925
2282.571244	13107	-925
2282.621249	13215	-929
2282.671254	13231	-929
2282.721259	13243	-929
2282.771264	13247	-929
2282.821269	13263	-929
2282.871274	13267	-929
2282.921278	13267	-929
2282.971283	13271	-929
2283.021289	13287	-929
2283.071294	13303	-929
2283.121299	13315	-929
2283.171304	13335	-929
2283.221309	13335	-929
2283.271314	13343	-929
2283.321319	13363	-929
2283.371324	13375	-929
2283.421329	13379	-929
2283.471334	13383	-929
2283.521338	13383	-929
2283.571344	13383	-929
2283.621349	13399	-877
2283.671354	13399	-829
2283.721359	13435	-781
2283.771364	13435	-693
2283.821369	13435	-657
2283.871374	13439	-585
2283.921379	13475	-585
2283.971384	13475	-585
2284.021389	13475	-585
2284.071393	13475	-585
2284.121398	13475	-585
2284.171404	13475	-665
2284.221409	13503	-925
2284.271414	13507	-929
2284.321419	13579	-977
2284.371424	13623	-1109
2284.421429	13687	-1109
2284.471434	13699	-1109
2284.521439	13751	-1109
2284.571444	13775	-1109
2284.621449	13791	-1109
2284.671453	13791	-1109
2284.721458	13791	-1109
2284.771464	13791	-1109
2284.821469	13791	-1081
2284.871474	13811	-1077
2284.921479	13811	-1069
2284.971484	13823	-1069
2285.021489	13827	-1053
2285.071494	13867	-1053
2285.121499	13867	-1013
2285.171504	13867	-989
2285.221509	13867	-961
2285.271513	13867	-861
2285.320518	13867	-781
2285.370523	13879	-781
2285.420528	13891	-749
2285.470533	13891	-705
2285.520539	13891	-673
2285.570544	13891	-673
2285.620549	13891	-673
2285.670554	13891	-673
2285.720559	13891	-673
2285.770564	13891	-673
2285.820569	13891	-673
2285.870574	13891	-673
2285.920578	13891	-673
2285.970583	13891	-673
2286.020588	13891	-673
2286.070593	13891	-673
2286.120599	13891	-673
2286.170604	13891	-673
2286.220609	13891	-673
2286.270614	13891	-673
2286.320619	13891	-673
2286.370624	13891	-673
2286.420629	13891	-673
2286.470634	13891	-653
2286.520638	13891	-641
2286.570643	13891	-617
2286.620648	13891	-593
2286.670653	13891	-573
2286.720659	13891	-573
2286.770664	13891	-573
2286.820669	13891	-561
2286.870674	13891	-561
2286.920679	13891	-557
2286.970684	13891	-557
2287.020689	13891	-521
2287.070693	13891	-521
2287.120698	13891	-521
2287.170703	13891	-505
2287.220708	13891	-497
2287.270714	13891	-497
2287.320719	13891	-481
2287.370724	13891	-469
2287.420729	13891	-469
2287.470734	13891	-429
2287.520739	13891	-401
2287.570744	13891	-401
2287.620749	13891	-393
2287.670753	13891	-373
2287.720758	13891	-341
2287.770763	13891	-329
2287.820768	13891	-317
2287.870774	13891	-269
2287.920779	13891	-253
2287.970784	13891	-253
2288.020789	13891	-253
2288.070794	13891	-253
2288.120799	13891	-253
2288.170804	13891	-253
2288.220809	13891	-253
2288.270813	13891	-253
2288.320818	13891	-253
2288.370823	13891	-253
2288.420828	13891	-253
2288.470834	13891	-253
2288.520839	13891	-253
2288.570844	13891	-253
2288.620849	13891	-253
2288.670854	13891	-253
2288.720859	13891	-253
2288.770864	13891	-253
2288.820868	13891	-253
2288.870873	13891	-253
2288.920878	13891	-253
2288.970883	13891	-253
2289.020889	13891	-253
2289.070894	13891	-253
2289.120899	13891	-253
2289.170904	13891	-253
2289.220909	13891	-253
2289.270914	13891	-253
2289.320919	13891	-253
2289.370924	13891	-253
2289.420928	13891	-217
2289.470933	13891	-173
2289.520938	13891	-85
2289.570943	13891	-77
2289.620949	13891	-77
2289.670954	13891	-77
2289.720959	13891	-77
2289.770964	13891	-77
2289.820969	13891	-45
2289.870974	13891	-45
2289.920979	13891	-13
2289.970984	13891	-13
2290.020988	13891	-13
2290.070993	13891	4
2290.120998	13891	32
2290.171003	13891	48
2290.221009	13891	60
2290.271014	13891	60
2290.321019	13891	60
2290.371024	13891	60
2290.421029	13891	60
2290.471034	13891	60
2290.521039	13891	96
2290.571043	13891	128
2290.621048	13891	140
2290.671053	13891	140
2290.721058	13891	160
2290.771064	13891	160
2290.821069	13891	192
2290.871074	13891	192
2290.921079	13891	192
2290.971084	13891	192
2291.021089	13891	192
2291.071094	13891	216
2291.121099	13891	216
2291.171103	13891	228
2291.221108	13891	240
2291.271113	13891	264
2291.321118	13891	300
2291.371124	13891	300
2291.421129	13891	300
2291.471134	13891	300
2291.521139	13891	300
2291.571144	13891	300
2291.621149	13891	300
2291.671154	13891	300
2291.721159	13891	300
2291.771163	13891	300
2291.821168	13891	300
2291.871173	13891	300
2291.921178	13891	300
2291.971184	13891	300
2292.021189	13891	300
2292.071194	13891	300
2292.121199	13891	300
2292.171204	13891	328
2292.221209	13891	328
2292.271214	13891	328
2292.321218	13891	328
2292.371223	13891	328
2292.421228	13891	396
2292.471233	13891	396
2292.521239	13891	396
2292.571244	13891	396
2292.621249	13891	396
2292.671254	13891	396
2292.721259	13891	396
2292.771264	13891	396
2292.821269	13891	396
2292.871274	13891	396
2292.921278	13891	424
2292.971283	13891	424
2293.021288	13891	424
2293.071293	13891	424
2293.121299	13899	424
2293.171304	13915	440
2293.221309	13927	444
2293.271314	13963	444
2293.321319	13963	444
2293.371324	13963	444
2293.421329	13963	444
2293.471334	13967	444
2293.521338	13967	444
2293.571343	13975	444
2293.621348	13975	444
2293.671353	13975	444
2293.721359	13995	444
2293.771364	13995	444
2293.821369	14019	452
2293.871374	14019	476
2293.921379	14035	500
2293.971384	14035	512
2294.021389	14051	544
2294.071393	14067	560
2294.121398	14103	560
2294.171403	14127	560
2294.221408	14135	560
2294.271414	14147	560
2294.321419	14147	560
2294.371424	14195	560
2294.421429	14207	560
2294.471434	14231	560
2294.521439	14243	560
2294.571444	14271	560
2294.621449	14291	560
2294.671453	14299	560
2294.721458	14327	560
2294.771463	14327	560
2294.821468	14363	560
2294.871474	14375	560
2294.921479	14431	560
2294.971484	14455	560
2295.021489	14579	560
2295.071494	14651	560
2295.121499	14699	560
2295.171504	14739	560
2295.221509	14751	552
2295.271513	14751	536
2295.321518	14751	516
2295.371523	14751	516
2295.421528	14751	508
2295.471534	14751	492
2295.521539	14751	492
2295.571544	14751	448
2295.621549	14751	448
2295.671554	14799	420
2295.721559	14915	392
2295.771564	15019	392
2295.821568	15127	388
2295.871573	15199	356
2295.921578	15223	304
2295.971583	15271	296
2296.021589	15351	248
2296.071594	15403	248
2296.121599	15503	240
2296.171604	15659	224
2296.221609	15827	168
2296.271614	15915	120
2296.321619	15963	120
2296.371624	16023	112
2296.421628	16155	56
2296.471633	16191	12
2296.521638	16251	-57
2296.571643	16259	-57
2296.621649	16484	-57
2296.671654	16548	-57
2296.721659	16604	-57
2296.771664	16624	-57
2296.821669	16680	-57
2296.871674	16680	-57
2296.921679	16720	-57
2296.971684	16720	-57
2297.021688	16760	-57
2297.071693	16760	-57
2297.121698	16788	-57
2297.171703	16788	-57
2297.221709	16788	-57
2297.271714	16788	-57
2297.321719	16788	-57
2297.371724	16796	-57
2297.421729	16832	-57
2297.471734	16832	-77
2297.521739	16852	-85
2297.571743	16864	-113
2297.621748	16896	-113
2297.671753	16916	-113
2297.721758	16928	-129
2297.771764	16956	-145
2297.821769	16996	-145
2297.871774	17040	-145
2297.921779	17096	-153
2297.971784	17096	-153
2298.021789	17096	-153
2298.071794	17096	-153
2298.121799	17096	-153
2298.171803	17096	-153
2298.221808	17096	-153
2298.271813	17096	-153
2298.321818	17096	-153
2298.371824	17096	-153
2298.421829	17096	-153
2298.471834	17096	-153
2298.521839	17096	-153
2298.571844	17096	-153
2298.621849	17112	-153
2298.671854	17120	-153
2298.721859	17120	-153
2298.771863	17120	-153
2298.821868	17120	-153
2298.871873	17144	-153
2298.921878	17144	-153
2298.971884	17152	-153
2299.021889	17172	-181
2299.071894	17212	-193
2299.121899	17248	-201
2299.171904	17248	-213
2299.221909	17280	-221
2299.271914	17316	-249
2299.321918	17316	-249
2299.371923	17344	-273
2299.421928	17352	-313
2299.471933	17360	-341
2299.521939	17364	-345
2299.571944	17376	-345
2299.621949	17392	-345
2299.671954	17392	-345
2299.721959	17392	-345
2299.771964	17392	-345
2299.821969	17392	-345
2299.871974	17392	-345
2299.921978	17392	-345
2299.971983	17392	-345
2300.021988	17392	-345
2300.071993	17392	-345
2300.121999	17392	-345
2300.172004	17392	-345
2300.222009	17392	-345
2300.272014	17392	-345
2300.322019	17392	-345
2300.372024	17392	-345
2300.422029	17392	-345
2300.472034	17392	-345
2300.522038	17392	-345
2300.572043	17392	-345
2300.622048	17392	-345
2300.672053	17392	-345
2300.722059	17392	-345
2300.772064	17392	-345
2300.822069	17392	-345
2300.872074	17392	-345
2300.922079	17392	-345
2300.972084	17392	-345
2301.022089	17392	-345
2301.072093	17392	-345
2301.122098	17392	-345
2301.172103	17392	-345
2301.222108	17392	-345
2301.272114	17392	-345
2301.322119	17392	-345
2301.372124	17392	-345
2301.422129	17392	-345
2301.472134	17392	-345
2301.522139	17392	-345
2301.572144	17392	-345
2301.622149	17392	-345
2301.672153	17392	-345
2301.722158	17392	-345
2301.772163	17392	-345
2301.822168	17392	-345
2301.872174	17392	-345
2301.922179	17408	-345
2301.972184	17428	-345
2302.022189	17440	-345
2302.072194	17456	-353
2302.122199	17476	-397
2302.172204	17508	-409
2302.222208	17516	-417
2302.272213	17520	-417
2302.322218	17568	-425
2302.372223	17584	-445
2302.422228	17584	-461
2302.472234	17620	-461
2302.522239	17664	-465
2302.572244	17664	-465
2302.622249	17664	-465
2302.672254	17672	-465
2302.722259	17672	-465
2302.772264	17672	-465
2302.821269	17672	-465
2302.871274	17672	-465
2302.921278	17672	-465
2302.971283	17684	-465
2303.021288	17700	-465
2303.071293	17700	-465
2303.121298	17700	-465
2303.171303	17700	-465
2303.221308	17700	-465
2303.271314	17700	-465
2303.321319	17700	-465
2303.371324	17700	-465
2303.421329	17700	-465
2303.471334	17700	-465
2303.521338	17700	-465
2303.571343	17700	-465
2303.621348	17700	-465
2303.671353	17700	-465
2303.721358	17700	-465
2303.771363	17700	-465
2303.821369	17700	-465
2303.871374	17700	-465
2303.921379	17700	-465
2303.971384	17700	-465
2304.021389	17700	-465
2304.071393	17700	-465
2304.121398	17700	-465
2304.171403	17700	-465
2304.221408	17700	-465
2304.271413	17700	-465
2304.321418	17700	-465
2304.371423	17700	-465
2304.421429	17700	-465
2304.471434	17700	-465
2304.521439	17700	-465
2304.571444	17700	-465
2304.621449	17700	-465
2304.671453	17700	-465
2304.721458	17700	-465
2304.771463	17700	-465
2304.821468	17700	-465
2304.871473	17700	-465
2304.921478	17700	-465
2304.971484	17700	-465
2305.021489	17700	-465
2305.071494	17700	-465
2305.121499	17700	-465
2305.171504	17720	-465
2305.221509	17720	-465
2305.271513	17720	-465
2305.321518	17720	-481
2305.371523	17756	-481
2305.421528	17760	-485
2305.471533	17800	-497
2305.521538	17820	-505
2305.571544	17820	-545
2305.621549	17844	-545
2305.671554	17852	-545
2305.721559	17868	-545
2305.771564	17868	-545
2305.821568	17868	-545
2305.871573	17872	-545
2305.921578	17888	-545
2305.971583	17928	-545
2306.021588	17928	-545
2306.071593	17928	-545
2306.121598	17928	-545
2306.171604	17928	-545
2306.221609	17972	-545
2306.271614	17972	-545
2306.321619	17972	-545
2306.371624	17972	-545
2306.421628	17972	-545
2306.471633	17972	-545
2306.521638	17972	-545
2306.571643	17972	-545
2306.621648	17972	-545
2306.671653	17972	-545
2306.721659	17972	-545
2306.771664	17972	-545
2306.821669	17972	-545
2306.871674	17972	-545
2306.921679	17972	-545
2306.971684	17972	-545
2307.021688	17972	-545
2307.071693	17972	-545
2307.121698	17972	-545
2307.171703	17972	-545
2307.221708	17972	-545
2307.271713	17972	-545
2307.321719	17972	-545
2307.371724	17972	-545
2307.421729	17972	-545
2307.471734	17972	-545
2307.521739	17972	-545
2307.571743	17972	-545
2307.621748	17972	-545
2307.671753	17972	-545
2307.721758	17976	-545
2307.771763	17976	-545
2307.821768	17988	-545
2307.871773	18012	-545
2307.921779	18032	-545
2307.971784	18060	-549
2308.021789	18152	-557
2308.071794	18232	-557
2308.121799	18312	-557
2308.171803	18368	-557
2308.221808	18440	-557
2308.271813	18488	-557
2308.321818	18556	-557
2308.371823	18556	-557
2308.421828	18756	-557
2308.471834	18756	-557
2308.521839	18756	-557
2308.571844	18756	-557
2308.621849	18760	-557
2308.671854	18760	-557
2308.721859	18760	-509
2308.771863	18760	-397
2308.821868	18768	-361
2308.871873	18768	-341
2308.921878	18784	-341
2308.971883	18784	-341
2309.021888	18796	-289
2309.071894	18812	-229
2309.121899	18836	-101
2309.171904	18888	-65
2309.221909	18888	-1
2309.271914	18964	24
2309.321918	18964	52
2309.371923	18964	52
2309.421928	18964	296
2309.471933	18964	484
2309.521938	18964	544
2309.571943	18996	564
2309.621948	18996	564
2309.671954	19032	564
2309.721959	19056	564
2309.771964	19080	564
2309.821969	19120	564
2309.871974	19124	564
2309.921978	19152	564
2309.971983	19232	564
2310.021988	19388	564
2310.071993	19436	564
2310.121998	19540	564
2310.172003	19572	564
2310.222009	19664	584
2310.272014	19708	592
2310.322019	19776	704
2310.372024	19856	736
2310.422029	19924	816
2310.472034	20048	844
2310.522038	20104	904
2310.572043	20104	928
2310.622048	20156	956
2310.672053	20204	956
2310.722058	20212	1004
2310.772063	20248	1024
2310.822069	20280	1060
2310.872074	20324	1116
2310.922079	20352	1116
2310.972084	20392	1160
2311.022089	20448	1212
2311.072093	20504	1240
2311.122098	20548	1316
2311.172103	20600	1340
2311.222108	20680	1380
2311.272113	20700	1404
2311.322118	20716	1436
2311.372123	20744	1440
2311.422129	20780	1440
2311.472134	20780	1448
2311.522139	20784	1452
2311.572144	20784	1452
2311.622149	20784	1452
2311.672153	20784	1452
2311.722158	20784	1452
2311.772163	20792	1452
2311.822168	20792	1452
2311.872173	20792	1452
2311.922178	20792	1452
2311.972184	20800	1452
2312.022189	20800	1452
2312.072194	20820	1452
2312.122199	20820	1452
2312.172204	20848	1452
2312.222208	20848	1452
2312.272213	20848	1452
2312.322218	20848	1452
2312.372223	20856	1452
2312.422228	20868	1452
2312.472233	20868	1452
2312.522238	20868	1452
2312.572244	20868	1452
2312.622249	20868	1452
2312.672254	20868	1452
2312.722259	20896	1452
2312.772264	20896	1452
2312.822268	20896	1452
2312.872273	20896	1452
2312.922278	20896	1452
2312.972283	20912	1452
2313.022288	20912	1452
2313.072293	20912	1452
2313.122298	20912	1452
2313.172304	20916	1452
2313.222309	20916	1452
2313.272314	20940	1452
2313.322319	20940	1452
2313.372324	20940	1452
2313.422328	20984	1452
2313.472333	20984	1452
2313.522338	21020	1452
2313.572343	21036	1452
2313.622348	21036	1452
2313.672353	21052	1452
2313.722359	21092	1452
2313.772364	21120	1452
2313.822369	21120	1452
2313.872374	21120	1452
2313.922379	21120	1452
2313.972383	21120	1452
2314.022388	21120	1452
2314.072393	21120	1452
2314.122398	21120	1452
2314.172403	21128	1452
2314.222408	21168	1452
2314.272413	21168	1452
2314.322419	21168	1452
2314.372424	21168	1452
2314.422429	21172	1452
2314.472434	21172	1452
2314.522439	21172	1452
2314.572443	21172	1452
2314.622448	21172	1452
2314.672453	21172	1452
2314.722458	21172	1452
2314.772463	21172	1452
2314.822468	21172	1452
2314.872473	21172	1452
2314.922479	21180	1452
2314.972484	21180	1452
2315.022489	21180	1452
2315.072494	21180	1452
2315.132500	21184	1452
2315.172503	21192	1452
2315.222508	21192	1452
2315.272513	21192	1452
2315.322518	21196	1452
2315.372523	21212	1452
2315.422528	21212	1452
2315.472534	21212	1452
2315.522539	21220	1452
2315.572544	21244	1452
2315.622549	21244	1452
2315.672554	21280	1452
2315.722558	21280	1452
2315.772563	21280	1452
2315.822568	21296	1452
2315.872573	21296	1452
2315.922578	21308	1452
2315.972583	21320	1452
2316.022588	21340	1452
2316.072594	21356	1452
2316.122599	21356	1452
2316.172604	21368	1452
2316.222609	21368	1452
2316.272614	21376	1452
2316.322618	21392	1452
2316.372623	21392	1452
2316.422628	21396	1452
2316.472633	21396	1452
2316.522638	21396	1452
2316.572643	21396	1452
2316.622648	21396	1452
2316.672654	21396	1452
2316.722659	21396	1452
2316.772664	21396	1452
2316.822669	21396	1452
2316.872674	21396	1452
2316.922678	21396	1452
2316.972683	21396	1452
2317.022688	21396	1452
2317.072693	21396	1452
2317.122698	21396	1452
2317.172703	21396	1452
2317.222709	21396	1452
2317.272714	21396	1452
2317.322719	21396	1452
2317.372724	21396	1452
2317.422729	21396	1452
2317.472733	21396	1452
2317.522738	21396	1452
2317.572743	21396	1452
2317.622748	21396	1452
2317.672753	21396	1452
2317.722758	21396	1452
2317.772763	21396	1452
2317.822769	21396	1452
2317.872774	21396	1452
2317.922779	21396	1452
2317.972784	21396	1452
2318.022789	21396	1452
2318.072793	21396	1452
2318.122798	21396	1452
2318.172803	21396	1452
2318.222808	21396	1452
2318.272813	21396	1452
2318.322818	21396	1452
2318.372823	21396	1452
2318.422829	21396	1452
2318.472834	21396	1452
2318.522839	21396	1452
2318.572844	21396	1452
2318.622849	21396	1452
2318.672853	21396	1452
2318.722858	21396	1452
2318.772863	21396	1452
2318.822868	21396	1452
2318.872873	21396	1452
2318.922878	21396	1452
2318.972884	21396	1452
2319.022889	21396	1452
2319.072894	21396	1452
2319.122899	21396	1452
2319.172904	21396	1452
2319.222908	21396	1452
2319.272913	21396	1452
2319.322918	21396	1452
2319.372923	21396	1452
2319.422928	21396	1452
2319.472933	21396	1452
2319.522938	21396	1452
2319.572944	21396	1452
2319.622949	21396	1452
2319.672954	21396	1452
2319.722959	21396	1452
2319.772964	21396	1452
2319.822968	21396	1452
2319.872973	21396	1452
2319.922978	21396	1452
2319.972983	21396	1452
2320.022988	21396	1452
2320.072993	21396	1452
2320.122998	21396	1452
2320.173004	21396	1452
2320.223009	21396	1452
2320.272013	21396	1452
2320.322018	21396	1452
2320.372024	21396	1452
2320.422029	21396	1452
2320.472034	21396	1452
2320.522038	21396	1452
2320.572043	21396	1452
2320.622048	21396	1452
2320.672053	21396	1452
2320.722058	21396	1452
2320.772063	21396	1452
2320.822068	21396	1452
2320.872073	21396	1452
2320.922078	21396	1452
2320.972084	21396	1452
2321.022089	21396	1452
2321.072093	21396	1452
2321.122098	21396	1452
2321.172103	21396	1452
2321.222108	21396	1452
2321.272113	21396	1452
2321.322118	21396	1452
2321.372123	21396	1452
2321.422128	21396	1452
2321.472133	21396	1452
2321.522139	21396	1452
2321.572144	21396	1452
2321.622149	21396	1452
2321.672153	21396	1452
2321.722158	21396	1452
2321.772163	21396	1452
2321.822168	21396	1452
2321.872173	21396	1452
2321.922178	21396	1452
2321.972183	21396	1452
2322.022188	21396	1452
2322.072193	21396	1452
2322.122199	21396	1452
2322.172204	21396	1452
2322.222208	21396	1452
2322.272213	21396	1452
2322.322218	21396	1452
2322.372223	21396	1452
2322.422228	21396	1452
2322.472233	21396	1452
2322.522238	21396	1452
2322.572243	21396	1452
2322.622248	21396	1452
2322.672253	21396	1452
2322.722259	21396	1452
2322.772264	21396	1452
2322.822268	21396	1452
2322.872273	21396	1452
2322.922278	21396	1452
2322.972283	21396	1452
2323.022288	21396	1452
2323.072293	21396	1452
2323.122298	21396	1452
2323.172303	21396	1452
2323.222308	21396	1452
2323.272314	21396	1452
2323.322319	21396	1452
2323.372324	21396	1452
2323.422328	21396	1452
2323.472333	21396	1452
2323.522338	21396	1452
2323.572343	21396	1452
2323.622348	21396	1452
2323.672353	21396	1452
2323.722358	21396	1452
2323.772363	21396	1452
2323.822368	21396	1452
2323.872374	21396	1452
2323.922379	21396	1452
2323.972383	21396	1452
2324.022388	21396	1452
2324.072393	21396	1452
2324.122398	21396	1452
2324.172403	21396	1452
2324.222408	21396	1452
2324.272413	21396	1452
2324.322418	21368	1452
2324.372423	21348	1452
2324.422428	21324	1452
2324.472434	21324	1452
2324.522439	21264	1452
2324.572443	21232	1452
2324.622448	21200	1452
2324.672453	21144	1452
2324.722458	21132	1452
2324.772463	21112	1452
2324.822468	21060	1452
2324.872473	21052	1452
2324.922478	21040	1452
2324.972483	21040	1452
2325.022489	21040	1452
2325.072494	21028	1452
2325.122499	21028	1452
2325.172503	21028	1452
2325.222508	21020	1452
2325.272513	21020	1468
2325.322518	21020	1468
2325.372523	21020	1468
2325.422528	21020	1468
2325.472533	21020	1468
2325.522538	21020	1468
2325.572543	21020	1468
2325.622549	21020	1468
2325.672554	21020	1468
2325.722558	21020	1468
2325.772563	21020	1468
2325.822568	21020	1472
2325.872573	21020	1472
2325.922578	21008	1472
2325.972583	21008	1472
2326.022588	21008	1472
2326.072593	21008	1472
2326.122598	21000	1472
2326.172604	21000	1472
2326.222609	21000	1472
2326.272614	20996	1472
2326.322618	20996	1472
2326.372623	20984	1472
2326.422628	20984	1472
2326.472633	20968	1472
2326.522638	20952	1472
2326.572643	20952	1472
2326.622648	20952	1472
2326.672653	20936	1472
2326.722658	20936	1472
2326.772664	20936	1472
2326.822669	20936	1472
2326.872674	20936	1472
2326.922678	20936	1472
2326.972683	20928	1472
2327.022688	20912	1472
2327.072693	20912	1472
2327.122698	20912	1472
2327.172703	20912	1472
2327.222708	20912	1472
2327.272713	20904	1472
2327.322718	20884	1472
2327.372724	20880	1472
2327.422729	20832	1472
2327.472733	20832	1472
2327.522738	20820	1472
2327.572743	20780	1472
2327.622748	20752	1472
2327.672753	20716	1472
2327.722758	20716	1472
2327.772763	20700	1472
2327.822768	20676	1488
2327.872773	20656	1488
2327.922779	20640	1488
2327.972784	20640	1488
2328.022789	20640	1500
2328.072793	20640	1504
2328.122798	20624	1504
2328.172803	20576	1504
2328.222808	20576	1504
2328.272813	20576	1536
2328.322818	20572	1540
2328.372823	20552	1544
2328.422828	20544	1544
2328.472833	20528	1544
2328.522839	20488	1552
2328.572844	20488	1552
2328.622849	20480	1552
2328.672853	20444	1552
2328.722858	20404	1572
2328.772863	20404	1588
2328.822868	20384	1588
2328.872873	20340	1588
2328.922878	20324	1588
2328.972883	20288	1588
2329.022888	20256	1612
2329.072893	20224	1612
2329.122899	20200	1612
2329.172904	20152	1612
2329.222908	20112	1612
2329.272913	20060	1612
2329.322918	19944	1612
2329.372923	19780	1612
2329.422928	19732	1612
2329.472933	19684	1612
2329.522938	19596	1612
2329.572943	19568	1612
2329.622948	19488	1612
2329.672954	19348	1612
2329.722959	19276	1612
2329.772964	19260	1612
2329.822968	19208	1612
2329.872973	19184	1612
2329.922978	19184	1612
2329.972983	19152	1612
2330.022988	18984	1612
2330.072993	18816	1612
2330.122998	18612	1612
2330.173003	18504	1612
2330.223008	18372	1612
2330.273014	18276	1612
2330.323019	18108	1612
2330.373024	18032	1612
2330.423028	17900	1612
2330.473033	17748	1612
2330.523038	17600	1612
2330.573043	17388	1612
2330.623048	17244	1612
2330.673053	17004	1612
2330.723058	16704	1612
2330.773063	16303	1612
2330.823068	15967	1612
2330.873074	15875	1612
2330.923079	15751	1612
2330.973083	15511	1612
2331.023088	15155	1612
2331.073093	15003	1612
2331.123098	14863	1612
2331.173103	14703	1612
2331.223108	14479	1612
2331.273113	14279	1612
2331.323118	13971	1612
2331.373123	13727	1612
2331.423129	13187	1612
2331.473134	12867	1612
2331.523139	12571	1612
2331.573143	12391	1604
2331.623148	12119	1592
2331.673153	11891	1588
2331.723158	11423	1552
2331.773163	10991	1520
2331.823168	10598	1448
2331.873173	10294	1372
2331.923178	9946	1324
2331.973183	9742	1284
2332.023189	9510	1224
2332.073194	9178	1204
2332.123199	8822	1204
2332.173203	8478	1180
2332.223208	8182	1148
2332.273213	8054	1132
2332.323218	7806	1048
2332.373223	7302	1004
2332.423228	6534	952
2332.473233	6126	936
2332.523238	5654	844
2332.573243	5273	744
2332.623249	4653	712
2332.673254	4329	676
2332.723258	3809	548
2332.773263	3245	336
2332.823268	2309	212
2332.873273	1953	212
2332.923278	1701	132
2332.973283	1437	0
2333.023288	873	0
2333.073293	569	0
2333.123298	205	0
2333.173304	0	0
2333.223309	0	0
2333.273314	0	0
2333.323318	0	0
2333.373323	0	0
2333.423328	0	0
2333.473333	0	0
2333.523338	0	0
2333.573343	0	0
2333.623348	0	0
2333.673353	0	0
2333.723358	0	0
2333.773364	0	0
2333.823369	0	0
2333.873374	0	0
2333.923378	0	0
2333.973383	0	0
2334.023388	0	0
2334.073393	0	0
2334.123398	0	0
2334.173403	0	0
2334.223408	0	0
2334.273413	0	0
2334.323418	0	0
2334.373424	0	0
2334.423429	0	0
2334.473433	0	0
2334.523438	0	0
2334.573443	0	0
2334.623448	0	0
2334.673453	0	0
2334.723458	0	0
2334.773463	0	0
2334.823468	0	0
2334.873473	0	0
2334.923479	0	0
2334.973484	0	0
2335.023489	0	0
2335.073493	0	0
2335.123498	0	0
2335.173503	0	0
2335.223508	0	0
2335.273513	0	0
2335.323518	0	0
2335.373523	0	0
2335.423528	0	0
2335.473533	0	0
2335.523539	0	0
2335.573544	0	0
2335.623549	0	0
2335.673553	0	0
2335.723558	0	0
2335.773563	0	0
2335.823568	0	0
2335.873573	0	0
2335.923578	0	0
2335.973583	0	0
2336.023588	0	0
2336.073593	0	0
2336.123599	0	0
2336.173604	0	0
2336.223608	0	0
2336.273613	0	0
2336.323618	0	0
2336.373623	0	0
2336.423628	0	0
2336.473633	0	0
2336.523638	0	0
2336.573643	0	0
2336.623648	0	0
2336.673654	0	0
2336.723659	0	0
2336.773664	0	0
2336.823668	0	0
2336.873673	0	0
2336.923678	0	0
2336.973683	0	0
2337.023688	0	0
2337.073693	0	0
2337.123698	0	0
2337.173703	0	0
2337.223708	0	0
2337.273714	0	0
2337.323719	0	0
2337.373724	0	0
2337.423728	0	0
2337.473733	0	0
2337.523738	0	0
2337.573743	0	0
2337.623748	0	0
2337.673753	0	0
2337.723758	0	0
2337.772763	0	0
2337.822768	0	0
2337.872773	0	0
2337.922778	0	0
2337.972783	0	0
2338.022788	0	0
2338.072793	0	0
2338.122798	0	0
2338.172803	0	0
2338.222808	0	0
2338.272813	0	0
2338.322818	0	0
2338.372823	0	0
2338.422828	0	0
2338.472833	0	0
2338.522838	0	0
2338.572843	0	0
2338.622848	0	0
2338.672853	0	0
2338.722858	0	0
2338.772863	0	0
2338.822868	0	0
2338.872873	0	0
2338.922878	0	0
2338.972883	0	0
2339.022888	0	0
2339.072893	0	0
2339.122898	0	0
2339.172903	0	0
2339.222908	0	0
2339.272913	0	0
2339.322918	0	0
2339.372923	0	0
2339.422928	0	0
2339.472933	0	0
2339.522938	0	0
2339.572943	0	0
2339.622948	0	0
2339.672953	0	0
2339.722958	0	0
2339.772963	0	0
2339.822968	0	0
2339.872973	0	0
2339.922978	0	0
2339.972983	0	0
2340.022988	0	0
2340.072993	0	0
2340.122998	0	0
2340.173003	0	0
2340.223008	0	0
2340.273013	0	0
2340.323018	0	0
2340.373023	0	0
2340.423028	0	0
2340.473033	0	0
2340.523038	0	0
2340.573043	0	0
2340.623048	0	0
2340.673053	0	0
2340.723058	0	0
2340.773063	0	0
2340.823068	0	0
2340.873073	0	0
2340.923078	0	0
2340.973083	0	0
2341.023088	0	0
2341.073093	0	0
2341.123098	0	0
2341.173103	0	0
2341.223108	0	0
2341.273113	0	0
2341.323118	0	0
2341.373123	0	0
2341.423128	0	0
2341.473133	0	0
2341.523138	0	0
2341.573143	0	0
2341.623148	0	0
2341.673153	0	0
2341.723158	0	0
2341.773163	0	0
2341.823168	0	0
2341.873173	0	0
2341.923178	0	0
2341.973183	0	0
2342.023188	0	0
2342.073193	0	0
2342.123198	0	0
2342.173203	0	0
2342.223208	0	0
2342.273213	0	0
2342.323218	0	0
2342.373223	0	0
2342.423228	0	0
2342.473233	0	0
2342.523238	0	0
2342.573243	0	0
2342.623248	0	0
2342.673253	0	0
2342.723258	0	0
2342.773263	0	0
2342.823268	0	0
2342.873273	0	0
2342.923278	0	0
2342.973283	0	0
2343.023288	0	0
2343.073293	0	0
2343.123298	0	0
2343.173303	0	0
2343.223308	0	0
2343.273313	0	0
2343.323318	0	0
2343.373323	0	0
2343.423328	0	0
2343.473333	0	0
2343.523338	0	0
2343.573343	0	0
2343.623348	0	0
2343.673353	0	0
2343.723358	0	0
2343.773363	0	0
2343.823368	0	0
2343.873373	0	0
2343.923378	0	0
2343.973383	0	0
2344.023388	0	0
2344.073393	0	0
2344.123398	0	0
2344.173403	0	0
2344.223408	0	0
2344.273413	0	0
2344.323418	0	0
2344.373423	0	0
2344.423428	0	0
2344.473433	0	0
2344.523438	0	0
2344.573443	0	0
2344.623448	0	0
2344.673453	0	0
2344.723458	0	0
2344.773463	0	0
2344.823468	0	0
2344.893475	0	0
2344.923478	0	0
2344.973483	0	0
2345.023488	0	0
2345.073493	0	0
2345.123498	0	0
2345.173503	0	0
2345.223508	0	0
2345.273513	0	0
2345.323518	0	0
2345.373523	0	0
2345.423528	0	0
2345.473533	0	0
2345.523538	0	0
2345.573543	0	0
2345.623548	0	0
2345.673553	0	0
2345.723558	0	0
2345.773563	0	0
2345.823568	0	0
2345.873573	0	0
2345.923578	0	0
2345.973583	0	0
2346.023588	0	0
2346.073593	0	0
2346.123598	0	0
2346.173603	0	0
2346.223608	0	0
2346.273613	0	0
2346.323618	0	0
2346.373623	0	0
2346.423628	0	0
2346.473633	0	0
2346.523638	0	0
2346.573643	0	0
2346.623648	0	0
2346.673653	0	0
2346.723658	0	0
2346.773663	0	0
2346.823668	0	0
2346.873673	0	0
2346.923678	0	0
2346.973683	0	0
2347.023688	0	0
2347.073693	0	0
2347.123698	0	0
2347.173703	0	0
2347.223708	0	0
2347.273713	0	0
2347.323718	0	0
2347.373724	0	0
2347.423728	0	0
2347.473733	0	0
2347.523738	0	0
2347.573743	0	0
2347.623748	0	0
2347.673753	0	0
2347.723758	0	0
2347.773763	0	0
2347.823768	0	0
2347.873773	0	0
2347.923778	0	0
2347.973783	0	0
2348.023788	0	0
2348.073793	0	0
2348.123798	0	0
2348.173803	0	0
2348.223808	0	0
2348.273813	0	0
2348.323818	0	0
2348.373823	0	0
2348.423828	0	0
2348.473833	0	0
2348.523838	0	0
2348.573843	0	0
2348.623848	0	0
2348.673853	0	0
2348.723858	0	0
2348.773863	0	0
2348.823868	0	0
2348.873873	0	0
2348.923878	0	0
2348.973883	0	0
2349.023888	0	0
2349.073893	0	0
2349.123899	0	0
2349.173903	0	0
2349.223908	0	0
2349.273913	0	0
2349.323918	0	0
2349.373923	0	0
2349.423928	0	0
2349.473933	0	0
2349.523938	0	0
2349.573943	0	0
2349.623948	0	0
2349.673953	0	0
2349.723958	0	0
2349.773963	0	0
2349.823968	0	0
2349.873973	0	0
2349.923978	0	0
2349.973983	0	0
2350.023988	0	0
2350.073993	0	0
2350.123998	0	0
2350.174003	0	0
2350.224008	0	0
2350.274013	0	0
2350.324018	0	0
2350.374023	0	0
2350.424028	0	0
2350.474033	0	0
2350.524038	0	0
2350.574043	0	0
2350.624048	0	0
2350.674053	0	0
2350.724058	0	0
2350.774063	0	0
2350.824068	0	0
2350.874074	0	0
2350.924078	0	0
2350.974083	0	0
2351.024088	0	0
2351.074093	0	0
2351.124098	0	0
2351.174103	0	0
2351.224108	0	0
2351.274113	0	0
2351.324118	0	0
2351.374123	0	0
2351.424128	0	0
2351.474133	0	0
2351.524138	0	0
2351.574143	0	0
2351.624148	0	0
2351.674153	0	0
2351.724158	0	0
2351.774163	0	0
2351.824168	0	0
2351.874173	0	0
2351.924178	0	0
2351.974183	0	0
2352.024188	0	0
2352.074193	0	0
2352.124198	0	0
2352.174203	0	0
2352.224208	0	0
2352.274213	0	0
2352.324218	0	0
2352.374223	0	0
2352.424228	0	0
2352.474233	0	0
2352.524238	0	0
2352.574243	0	0
2352.624249	0	0
2352.674253	0	0
2352.724258	0	0
2352.774263	0	0
2352.824268	0	0
2352.874273	0	0
2352.924278	0	0
2352.974283	0	0
2353.024288	0	0
2353.074293	0	0
2353.124298	0	0
2353.174303	0	0
2353.224308	0	0
2353.274313	0	0
2353.324318	0	0
2353.374323	0	0
2353.424328	0	0
2353.474333	0	0
2353.524338	0	0
2353.574343	0	0
2353.624348	0	0
2353.674353	0	0
2353.724358	0	0
2353.774363	0	0
2353.824368	0	0
2353.874373	0	0
2353.924378	0	0
2353.974383	0	0
2354.024388	0	0
2354.074393	0	0
2354.124398	0	0
2354.174403	0	0
2354.224408	0	0
2354.274413	0	0
2354.324418	0	0
2354.374424	0	0
2354.424428	0	0
2354.474433	0	0
2354.524438	0	0
2354.574443	0	0
2354.624448	0	0
2354.674453	0	0
2354.724458	0	0
2354.774463	0	0
2354.824468	0	0
2354.874473	0	0
2354.924478	0	0
2354.974483	0	0
2355.024488	0	0
2355.074493	0	0
2355.144500	0	0
2355.174503	0	0
2355.224508	0	0
2355.273513	0	0
2355.323518	0	0
2355.373523	0	0
2355.423528	0	0
2355.473533	0	0
2355.523538	0	0
2355.573543	0	0
2355.623548	0	0
2355.673553	0	0
2355.723558	0	0
2355.773563	0	0
2355.823568	0	0
2355.873573	0	0
2355.923578	0	0
2355.973583	0	0
2356.023588	0	0
2356.073593	0	0
2356.123598	0	0
2356.173603	0	0
2356.223608	0	0
2356.273613	0	0
2356.323618	0	0
2356.373623	0	0
2356.423628	0	0
2356.473633	0	0
2356.523638	0	0
2356.573643	0	0
2356.623648	0	0
2356.673653	0	0
2356.723658	0	0
2356.773663	0	0
2356.823668	0	0
2356.873673	0	0
2356.923678	0	0
2356.973683	0	0
2357.023688	0	0
2357.073693	0	0
2357.123698	0	0
2357.173703	0	0
2357.223708	0	0
2357.273713	0	0
2357.323718	0	0
2357.373723	0	0
2357.423728	0	0
2357.473733	0	0
2357.523738	0	0
2357.573743	0	0
2357.623748	0	0
2357.673753	0	0
2357.723758	0	0
2357.773763	0	0
2357.823768	0	0
2357.873773	0	0
2357.923778	0	0
2357.973783	0	0
2358.023788	0	0
2358.073793	0	0
2358.123798	0	0
2358.173803	0	0
2358.223808	0	0
2358.273813	0	0
2358.323818	0	0
2358.373823	0	0
2358.423828	0	0
2358.473833	0	0
2358.523838	0	0
2358.573843	0	0
2358.623848	0	0
2358.673853	0	0
2358.723858	0	0
2358.773863	0	0
2358.823868	0	0
2358.873873	0	0
2358.923878	0	0
2358.973883	0	0
2359.023888	0	0
2359.073893	0	0
2359.123898	0	0
2359.173903	0	0
2359.223908	0	0
2359.273913	0	0
2359.323918	0	0
2359.373923	0	0
2359.423928	0	0
2359.473933	0	0
2359.523938	0	0
2359.573943	0	0
2359.623948	0	0
2359.673953	0	0
2359.723958	0	0
2359.773963	0	0
2359.823968	0	0
2359.873973	0	0
2359.923978	0	0
2359.973983	0	0
2360.023988	0	0
2360.073993	0	0
2360.123998	0	0
2360.174003	0	0
2360.224008	0	0
2360.274013	0	0
2360.324018	0	0
2360.374023	0	0
2360.424028	0	0
2360.474033	0	0
2360.524038	0	0
2360.574043	0	0
2360.624048	0	0
2360.674053	0	0
2360.724058	0	0
2360.774063	0	0
2360.824068	0	0
2360.874073	0	0
2360.924078	0	0
2360.974083	0	0
2361.024088	0	0
2361.074093	0	0
2361.124098	0	0
2361.174103	0	0
2361.224108	0	0
2361.274113	0	0
2361.324118	0	0
2361.374123	0	0
2361.424128	0	0
2361.474133	0	0
2361.524138	0	0
2361.574143	0	0
2361.624148	0	0
2361.674153	0	0
2361.724158	0	0
2361.774163	0	0
2361.824168	0	0
2361.874173	0	0
2361.924178	0	0
2361.974183	0	0
2362.024188	0	0
2362.074193	0	0
2362.124198	0	0
2362.174203	0	0
2362.224208	0	0
2362.274213	0	0
2362.324218	0	0
2362.374223	0	0
2362.424228	0	0
2362.474233	0	0
2362.524238	0	0
2362.574243	0	0
2362.624248	0	0
2362.674253	0	0
2362.724258	0	0
2362.774263	0	0
2362.824268	0	0
2362.874273	0	0
2362.924278	0	0
2362.974283	0	0
2363.024288	0	0
2363.074293	0	0
2363.124298	0	0
2363.174303	0	0
2363.224308	0	0
2363.274313	0	0
2363.324318	0	0
2363.374323	0	0
2363.424328	0	0
2363.474333	0	0
2363.524338	0	0
2363.574343	0	0
2363.624348	0	0
2363.674353	0	0
2363.724358	0	0
2363.774363	0	0
2363.824368	0	0
2363.874373	0	0
2363.924378	0	0
2363.974383	0	0
2364.024388	0	0
2364.074393	0	0
2364.124398	0	0
2364.174403	0	0
2364.224408	0	0
2364.274413	0	0
2364.324418	0	0
2364.374423	0	0
2364.424428	0	0
2364.474433	0	0
2364.524438	0	0
2364.574443	0	0
2364.624448	0	0
2364.674453	0	0
2364.724458	0	0
2364.774463	0	0
2364.824468	0	0
2364.874473	0	0
2364.924478	0	0
2364.974483	0	0
2365.024488	0	0
2365.074493	0	0
2365.124498	0	0
2365.174503	0	0
2365.224508	0	0
2365.274513	0	0
2365.324518	0	0
2365.374523	0	0
2365.424528	0	0
2365.474533	0	0
2365.524538	0	0
2365.574543	0	0
2365.624548	0	0
2365.674553	0	0
2365.724558	0	0
2365.774563	0	0
2365.824568	0	0
2365.874573	0	0
2365.924578	0	0
2365.974583	0	0
2366.024588	0	0
2366.074593	0	0
2366.124598	0	0
2366.174603	0	0
2366.224608	0	0
2366.274613	0	0
2366.324618	0	0
2366.374623	0	0
2366.424628	0	0
2366.474633	0	0
2366.524638	0	0
2366.574643	0	0
2366.624648	0	0
2366.674653	0	0
2366.724658	0	0
2366.774663	0	0
2366.824668	0	0
2366.874673	0	0
2366.924678	0	0
2366.974683	0	0
2367.024688	0	0
2367.074693	0	0
2367.124698	0	0
2367.174703	0	0
2367.224708	0	0
2367.274713	0	0
2367.324718	0	0
2367.374723	0	0
2367.424728	0	0
2367.474733	0	0
2367.524738	0	0
2367.574743	0	0
2367.624748	0	0
2367.674753	0	0
2367.724758	0	0
2367.774763	0	0
2367.824768	0	0
2367.874773	0	0
2367.924778	0	0
2367.974783	0	0
2368.024788	0	0
2368.074793	0	0
2368.124798	0	0
2368.174803	0	0
2368.224808	0	0
2368.274813	0	0
2368.324818	0	0
2368.374823	0	0
2368.424828	0	0
2368.474833	0	0
2368.524838	0	0
2368.574843	0	0
2368.624848	0	0
2368.674853	0	0
2368.724858	0	0
2368.774863	0	0
2368.824868	0	0
2368.874873	0	0
2368.924878	0	0
2368.974883	0	0
2369.024888	0	0
2369.074893	0	0
2369.124898	0	0
2369.174903	0	0
2369.224908	0	0
2369.274913	0	0
2369.324918	0	0
2369.374923	0	0
2369.424928	0	0
2369.474933	0	0
2369.524938	0	0
2369.574943	0	0
2369.624948	0	0
2369.674953	0	0
2369.724958	0	0
2369.774963	0	0
2369.824968	0	0
2369.874973	0	0
2369.924978	0	0
2369.974983	0	0
2370.024988	0	0
2370.074993	0	0
2370.124998	0	0
2370.175003	0	0
2370.225008	0	0
2370.275013	0	0
2370.325018	0	0
2370.375023	0	0
2370.425028	0	0
2370.475033	0	0
2370.525038	0	0
2370.575043	0	0
2370.625048	0	0
2370.675053	0	0
2370.725058	0	0
2370.775063	0	0
2370.825068	0	0
2370.875073	0	0
2370.925078	0	0
2370.975083	0	0
2371.025088	0	0
2371.075093	0	0
2371.125098	0	0
2371.175103	0	0
2371.225108	0	0
2371.275113	0	0
2371.325118	0	0
2371.375123	0	0
2371.425128	0	0
2371.475133	0	0
2371.525138	0	0
2371.575143	0	0
2371.625148	0	0
2371.675153	0	0
2371.725158	0	0
2371.775163	0	0
2371.825168	0	0
2371.875173	0	0
2371.925178	0	0
2371.975183	0	0
2372.025188	0	0
2372.075193	0	0
2372.125198	0	0
2372.175203	0	0
2372.225208	0	0
2372.275213	0	0
2372.325218	0	0
2372.375223	0	0
2372.425228	0	0
2372.475233	0	0
2372.525238	0	0
2372.575243	0	0
2372.625248	0	0
2372.675253	0	0
2372.724258	0	0
2372.774263	0	0
2372.824268	0	0
2372.874273	0	0
2372.924278	0	0
2372.974283	0	0
2373.024288	0	0
2373.074293	0	0
2373.124298	0	0
2373.174303	0	0
2373.224308	0	0
2373.274313	0	0
2373.324318	0	0
2373.374323	0	0
2373.424328	0	0
2373.474333	0	0
2373.524338	0	0
2373.574343	0	0
2373.624348	0	0
2373.674353	0	0
2373.724358	0	0
2373.774363	0	0
2373.824368	0	0
2373.874373	0	0
2373.924378	0	0
2373.974383	0	0
2374.024388	0	0
2374.074393	0	0
2374.124398	0	0
2374.174403	0	0
2374.224408	0	0
2374.274413	0	0
2374.324418	0	0
2374.374423	0	0
2374.424428	0	0
2374.474433	0	0
2374.524438	0	0
2374.574443	0	0
2374.624448	0	0
2374.674453	0	0
2374.724458	0	0
2374.774463	0	0
2374.824468	0	0
2374.874473	0	0
2374.924478	0	0
2374.974483	0	0
2375.024488	0	0
2375.074493	0	0
2375.124498	0	0
2375.174503	0	0
2375.224508	0	0
2375.274513	0	0
2375.324518	0	0
2375.374523	0	0
2375.424528	0	0
2375.474533	0	0
2375.524538	0	0
2375.574543	0	0
2375.624548	0	0
2375.674553	0	0
2375.724558	0	0
2375.774563	0	0
2375.824568	0	0
2375.874573	0	0
2375.924578	0	0
2375.974583	0	0
2376.024588	0	0
2376.074593	0	0
2376.124598	0	0
2376.174603	0	0
2376.224608	0	0
2376.274613	0	0
2376.324618	0	0
2376.374623	0	0
2376.424628	0	0
2376.474633	0	0
2376.524638	0	0
2376.574643	0	0
2376.624648	0	0
2376.674653	0	0
2376.724658	0	0
2376.774663	0	0
2376.824668	0	0
2376.874673	0	0
2376.924678	0	0
2376.974683	0	0
2377.024688	0	0
2377.074693	0	0
2377.124698	0	0
2377.174703	0	0
2377.224708	0	0
2377.274713	0	0
2377.324718	0	0
2377.374723	0	0
2377.424728	0	0
2377.474733	0	0
2377.524738	0	0
2377.574743	0	0
2377.624748	0	0
2377.674753	0	0
2377.724758	0	0
2377.774763	0	0
2377.824768	0	0
2377.874773	0	0
2377.924778	0	0
2377.974783	0	0
2378.024788	0	0
2378.074793	0	0
2378.124798	0	0
2378.174803	0	0
2378.224808	0	0
2378.274813	0	0
2378.324818	0	0
2378.374823	0	0
2378.424828	0	0
2378.474833	0	0
2378.524838	0	0
2378.574843	0	0
2378.624848	0	0
2378.674853	0	0
2378.724858	0	0
2378.774863	0	0
2378.824868	0	0
2378.874873	0	0
2378.924878	0	0
2378.974883	0	0
2379.024888	0	0
2379.074893	0	0
2379.124898	0	0
2379.174903	0	0
2379.224908	0	0
2379.274913	0	0
2379.324918	0	0
2379.374923	0	0
2379.424928	0	0
2379.474933	0	0
2379.524938	0	0
2379.574943	0	0
2379.624948	0	0
2379.674953	0	0
2379.724958	0	0
2379.774963	0	0
2379.824968	0	0
2379.874973	0	0
2379.924978	0	0
2379.974983	0	0
2380.024988	0	0
2380.074993	0	0
2380.124998	0	0
2380.175003	0	0
2380.225008	0	0
2380.275013	0	0
2380.325018	0	0
2380.375023	0	0
2380.425028	0	0
2380.475033	0	0
2380.525038	0	0
2380.575043	0	0
2380.625048	0	0
2380.675053	0	0
2380.725058	0	0
2380.775063	0	0
2380.825068	0	0
2380.875073	0	0
2380.925078	0	0
2380.975083	0	0
2381.025088	0	0
2381.075093	0	0
2381.125098	0	0
2381.175103	0	0
2381.225108	0	0
2381.275113	0	0
2381.325118	0	0
2381.375123	0	0
2381.425128	0	0
2381.475133	0	0
2381.525138	0	0
2381.575143	0	0
2381.625148	0	0
2381.675153	0	0
2381.725158	0	0
2381.775163	0	0
2381.825168	0	0
2381.875173	0	0
2381.925178	0	0
2381.975183	0	0
2382.025188	0	0
2382.075193	0	0
2382.125198	0	0
2382.175203	0	0
2382.225208	0	0
2382.275213	0	0
2382.325218	0	0
2382.375223	0	0
2382.425228	0	0
2382.475233	0	0
2382.525238	0	0
2382.575243	0	0
2382.625248	0	0
2382.675253	0	0
2382.725258	0	0
2382.775263	0	0
2382.825268	0	0
2382.875273	0	0
2382.925278	0	0
2382.975283	0	0
2383.025288	0	0
2383.075293	0	0
2383.125298	0	0
2383.175303	0	0
2383.225308	0	0
2383.275313	0	0
2383.325318	0	0
2383.375323	0	0
2383.425328	0	0
2383.475333	0	0
2383.525338	0	0
2383.575343	0	0
2383.625348	0	0
2383.675353	0	0
2383.725358	0	0
2383.775363	0	0
2383.825368	0	0
2383.875373	0	0
2383.925378	0	0
2383.975383	0	0
2384.025388	0	0
2384.075393	0	0
2384.125398	0	0
2384.175403	0	0
2384.225408	0	0
2384.275413	0	0
2384.325418	0	0
2384.375423	0	0
2384.425428	0	0
2384.475433	0	0
2384.525438	0	0
2384.575443	0	0
2384.625448	0	0
2384.675453	0	0
2384.725458	0	0
2384.775463	0	0
2384.825468	0	0
2384.875473	0	0
2384.925478	0	0
2384.975483	0	0
2385.025488	0	0
2385.075493	0	0
2385.125498	0	0
2385.175503	0	0
2385.225508	0	0
2385.275513	0	0
2385.325518	0	0
2385.375523	0	0
2385.425528	0	0
2385.475533	0	0
2385.525538	0	0
2385.575543	0	0
2385.625548	0	0
2385.675553	0	0
2385.725558	0	0
2385.775563	0	0
2385.825568	0	0
2385.875573	0	0
2385.925578	0	0
2385.975583	0	0
2386.025588	0	0
2386.075593	0	0
2386.125598	0	0
2386.175603	0	0
2386.225608	0	0
2386.275613	0	0
2386.325618	0	0
2386.375623	0	0
2386.425628	0	0
2386.475633	0	0
2386.525638	0	0
2386.575643	0	0
2386.625648	0	0
2386.675653	0	0
2386.725658	0	0
2386.775663	0	0
2386.825668	0	0
2386.875673	0	0
2386.925678	0	0
2386.975683	0	0
2387.025688	0	0
2387.075693	0	0
2387.125698	0	0
2387.175703	0	0
2387.225708	0	0
2387.275713	0	0
2387.325718	0	0
2387.375723	0	0
2387.425728	0	0
2387.475733	0	0
2387.525738	0	0
2387.575743	0	0
2387.625748	0	0
2387.675753	0	0
2387.725758	0	0
2387.775763	0	0
2387.825768	0	0
2387.875773	0	0
2387.925778	0	0
2387.975783	0	0
2388.025788	0	0
2388.075793	0	0
2388.125798	0	0
2388.175803	0	0
2388.225808	0	0
2388.275813	0	0
2388.325818	0	0
2388.375823	0	0
2388.425828	0	0
2388.475833	0	0
2388.525838	0	0
2388.575843	0	0
2388.625848	0	0
2388.675853	0	0
2388.725858	0	0
2388.775863	0	0
2388.825868	0	0
2388.875873	0	0
2388.925878	0	0
2388.975883	0	0
2389.025888	0	0
2389.075893	0	0
2389.125898	0	0
2389.175903	0	0
2389.225908	0	0
2389.275913	0	0
2389.325918	0	0
2389.375923	0	0
2389.425928	0	0
2389.475933	0	0
2389.525938	0	0
2389.575943	0	0
2389.625948	0	0
2389.675953	0	0
2389.725958	0	0
2389.775963	0	0
2389.825968	0	0
2389.875973	0	0
2389.925978	0	0
2389.975983	0	0
2390.025988	0	0
2390.075993	0	0
2390.125998	0	0
2390.176003	0	0
2390.225008	0	0
2390.275013	0	0
2390.325018	0	0
2390.375023	0	0
2390.425028	0	0
2390.475033	0	0
2390.525038	0	0
2390.575043	0	0
2390.625048	0	0
2390.675053	0	0
2390.725058	0	0
2390.775063	0	0
2390.825068	0	0
2390.875073	0	0
2390.925078	0	0
2390.975083	0	0
2391.025088	0	0
2391.075093	0	0
2391.125098	0	0
2391.175103	0	0
2391.225108	0	0
2391.275113	0	0
2391.325118	0	0
2391.375123	0	0
2391.425128	0	0
2391.475133	0	0
2391.525138	0	0
2391.575143	0	0
2391.625148	0	0
2391.675153	0	0
2391.725158	0	0
2391.775163	0	0
2391.825168	0	0
2391.875173	0	0
2391.925178	0	0
2391.975183	0	0
2392.025188	0	0
2392.075193	0	0
2392.125198	0	0
2392.175203	0	0
2392.225208	0	0
2392.275213	0	0
2392.325218	0	0
2392.375223	0	0
2392.425228	0	0
2392.475233	0	0
2392.525238	0	0
2392.575243	0	0
2392.625248	0	0
2392.675253	0	0
2392.725258	0	0
2392.775263	0	0
2392.825268	0	0
2392.875273	0	0
2392.925278	0	0
2392.975283	0	0
2393.025288	0	0
2393.075293	0	0
2393.125298	0	0
2393.175303	0	0
2393.225308	0	0
2393.275313	0	0
2393.325318	0	0
2393.375323	0	0
2393.425328	0	0
2393.475333	0	0
2393.525338	0	0
2393.575343	0	0
2393.625348	0	0
2393.675353	0	0
2393.725358	0	0
2393.775363	0	0
2393.825368	0	0
2393.875373	0	0
2393.925378	0	0
2393.975383	0	0
2394.025388	0	0
2394.075393	0	0
2394.125398	0	0
2394.175403	0	0
2394.225408	0	0
2394.275413	0	0
2394.325418	0	0
2394.375423	0	0
2394.425428	0	0
2394.475433	0	0
2394.525438	0	0
2394.575443	0	0
2394.625448	0	0
2394.675453	0	0
2394.725458	0	0
2394.775463	0	0
2394.825468	0	0
2394.875473	0	0
2394.925478	0	0
2394.975483	0	0
2395.025488	0	0
2395.075493	0	0
2395.125498	0	0
2395.175503	0	0
2395.225508	0	0
2395.275513	0	0
2395.325518	0	0
2395.375523	0	0
2395.425528	0	0
2395.475533	0	0
2395.525538	0	0
2395.575543	0	0
2395.625548	0	0
2395.675553	0	0
2395.725558	0	0
2395.775563	0	0
2395.825568	0	0
2395.875573	0	0
2395.925578	0	0
2395.975583	0	0
2396.025588	0	0
2396.075593	0	0
2396.125598	0	0
2396.175603	0	0
2396.225608	0	0
2396.275613	0	0
2396.325618	0	0
2396.375623	0	0
2396.425628	0	0
2396.475633	0	0
2396.525638	0	0
2396.575643	0	0
2396.625648	0	0
2396.675653	0	0
2396.725658	0	0
2396.775663	0	0
2396.825668	0	0
2396.875673	0	0
2396.925678	0	0
2396.975683	0	0
2397.025688	0	0
2397.075693	0	0
2397.125698	0	0
2397.175703	0	0
2397.225708	0	0
2397.275713	0	0
2397.325718	0	0
2397.375723	0	0
2397.425728	0	0
2397.475733	0	0
2397.525738	0	0
2397.575743	0	0
2397.625748	0	0
2397.675753	0	0
2397.725758	0	0
2397.775763	0	0
2397.825768	0	0
2397.875773	0	0
2397.925778	0	0
2397.975783	0	0
2398.025788	0	0
2398.075793	0	0
2398.125798	0	0
2398.175803	0	0
2398.225808	0	0
2398.275813	0	0
2398.325818	0	0
2398.375823	0	0
2398.425828	0	0
2398.475833	0	0
2398.525838	0	0
2398.575843	0	0
2398.625848	0	0
2398.675853	0	0
2398.725858	0	0
2398.775863	0	0
2398.825868	0	0
2398.875873	0	0
2398.925878	0	0
2398.975883	0	0
2399.025888	0	0
2399.075893	0	0
2399.125898	0	0
2399.175903	0	0
2399.225908	0	0
2399.275913	0	0
2399.325918	0	0
2399.375923	0	0
2399.425928	0	0
2399.475933	0	0
2399.525938	0	0
2399.575943	0	0
2399.625948	0	0
2399.675953	0	0
2399.725958	0	0
2399.775963	0	0
2399.825968	0	0
2399.875973	0	0
2399.925978	0	0
2399.975983	0	0
2400.025988	0	0
2400.075993	0	0
2400.125998	0	0
2400.176003	0	0
2400.226008	0	0
2400.276013	0	0
2400.326018	0	0
2400.376023	0	0
2400.426028	0	0
2400.476033	0	0
2400.526038	0	0
2400.576043	0	0
2400.626048	0	0
2400.676053	0	0
2400.726058	0	0
2400.776063	0	0
2400.826068	0	0
2400.876073	0	0
2400.926078	0	0
2400.976083	0	0
2401.026088	0	0
2401.076093	0	0
2401.126098	0	0
2401.176103	0	0
2401.226108	0	0
2401.276113	0	0
2401.326118	0	0
2401.376123	0	0
2401.426128	0	0
2401.476133	0	0
2401.526138	0	0
2401.576143	0	0
2401.626148	0	0
2401.676153	0	0
2401.726158	0	0
2401.776163	0	0
2401.826168	0	0
2401.876173	0	0
2401.926178	0	0
2401.976183	0	0
2402.026188	0	0
2402.076193	0	0
2402.126198	0	0
2402.176203	0	0
2402.226208	0	0
2402.276213	0	0
2402.326218	0	0
2402.376223	0	0
2402.426228	0	0
2402.476233	0	0
2402.526238	0	0
2402.576243	0	0
2402.626248	0	0
2402.676253	0	0
2402.726258	0	0
2402.776263	0	0
2402.826268	0	0
2402.876273	0	0
2402.926278	0	0
2402.976283	0	0
2403.026288	0	0
2403.076293	0	0
2403.126298	0	0
2403.176303	0	0
2403.226308	0	0
2403.276313	0	0
2403.326318	0	0
2403.376323	0	0
2403.426328	0	0
2403.476333	0	0
2403.526338	0	0
2403.576343	0	0
2403.626348	0	0
2403.676353	0	0
2403.726358	0	0
2403.776363	0	0
2403.826368	0	0
2403.876373	0	0
2403.926378	0	0
2403.976383	0	0
2404.026388	0	0
2404.076393	0	0
2404.126398	0	0
2404.176403	0	0
2404.226408	0	0
2404.276413	0	0
2404.326418	0	0
2404.376423	0	0
2404.426428	0	0
2404.476433	0	0
2404.526438	0	0
2404.576443	0	0
2404.626448	0	0
2404.676453	0	0
2404.726458	0	0
2404.776463	0	0
2404.826468	0	0
2404.876473	0	0
2404.926478	0	0
2404.976483	0	0
2405.026488	0	0
2405.076493	0	0
2405.126498	0	0
2405.176503	0	0
2405.226508	0	0
2405.276513	0	0
2405.326518	0	0
2405.376523	0	0
2405.426528	0	0
2405.476533	0	0
2405.526538	0	0
2405.576543	0	0
2405.626548	0	0
2405.676553	0	0
2405.726558	0	0
2405.776563	0	0
2405.826568	0	0
2405.876573	0	0
2405.926578	0	0
2405.976583	0	0
2406.026588	0	0
2406.076593	0	0
2406.126598	0	0
2406.176603	0	0
2406.226608	0	0
2406.276613	0	0
2406.326618	0	0
2406.376623	0	0
2406.426628	0	0
2406.476633	0	0
2406.526638	0	0
2406.576643	0	0
2406.626648	0	0
2406.676653	0	0
2406.726658	0	0
2406.776663	0	0
2406.826668	0	0
2406.876673	0	0
2406.926678	0	0
2406.976683	0	0
2407.026688	0	0
2407.076693	0	0
2407.126698	0	0
2407.176703	0	0
2407.226708	0	0
2407.276713	0	0
2407.326718	0	0
2407.376723	0	0
2407.426728	0	0
2407.476733	0	0
2407.526738	0	0
2407.576743	0	0
2407.626748	0	0
2407.676753	0	0
2407.725758	0	0
2407.775763	0	0
2407.825768	0	0
2407.875773	0	0
2407.925778	0	0
2407.975783	0	0
2408.025788	0	0
2408.075793	0	0
2408.125798	0	0
2408.175803	0	0
2408.225808	0	0
2408.275813	0	0
2408.325818	0	0
2408.375823	0	0
2408.425828	0	0
2408.475833	0	0
2408.525838	0	0
2408.575843	0	0
2408.625848	0	0
2408.675853	0	0
2408.725858	0	0
2408.775863	0	0
2408.825868	0	0
2408.875873	0	0
2408.925878	0	0
2408.975883	0	0
2409.025888	0	0
2409.075893	0	0
2409.125898	0	0
2409.175903	0	0
2409.225908	0	0
2409.275913	0	0
2409.325918	0	0
2409.375923	0	0
2409.425928	0	0
2409.475933	0	0
2409.525938	0	0
2409.575943	0	0
2409.625948	0	0
2409.675953	0	0
2409.725958	0	0
2409.775963	0	0
2409.825968	0	0
2409.875973	0	0
2409.925978	0	0
2409.975983	0	0
2410.025988	0	0
2410.075993	0	0
2410.125998	0	0
2410.176003	0	0
2410.226008	0	0
2410.276013	0	0
2410.326018	0	0
2410.376023	0	0
2410.426028	0	0
2410.476033	0	0
2410.526038	0	0
2410.576043	0	0
2410.626048	0	0
2410.676053	0	0
2410.726058	0	0
2410.776063	0	0
2410.826068	0	0
2410.876073	0	0
2410.926078	0	0
2410.976083	0	0
2411.026088	0	0
2411.076093	0	0
2411.136099	0	0
2411.176103	0	0
2411.226108	0	0
2411.276113	0	0
2411.326118	0	0
2411.376123	0	0
2411.426128	0	0
2411.476133	0	0
2411.526138	0	0
2411.576143	0	0
2411.626148	0	0
2411.676153	0	0
2411.726158	0	0
2411.776163	0	0
2411.826168	0	0
2411.876173	0	0
2411.926178	0	0
2411.976183	0	0
2412.026188	0	0
2412.076193	0	0
2412.126198	0	0
2412.176203	0	0
2412.226208	0	0
2412.276213	0	0
2412.326218	0	0
2412.376223	0	0
2412.426228	0	0
2412.476233	0	0
2412.526238	0	0
2412.576243	0	0
2412.626248	0	0
2412.676253	0	0
2412.726258	0	0
2412.776263	0	0
2412.826268	0	0
2412.876273	0	0
2412.926278	0	0
2412.976283	0	0
2413.026288	0	0
2413.076293	0	0
2413.126298	0	0
2413.176303	0	0
2413.226308	0	0
2413.276313	0	0
2413.326318	0	0
2413.376323	0	0
2413.426328	0	0
2413.476333	0	0
2413.526338	0	0
2413.576343	0	0
2413.626348	0	0
2413.676353	0	0
2413.726358	0	0
2413.776363	0	0
2413.826368	0	0
2413.876373	0	0
2413.926378	0	0
2413.976383	0	0
2414.026388	0	0
2414.076393	0	0
2414.126398	0	0
2414.176403	0	0
2414.226408	0	0
2414.276413	0	0
2414.326418	0	0
2414.376423	0	0
2414.426428	0	0
2414.476433	0	0
2414.526438	0	0
2414.576443	0	0
2414.626448	0	0
2414.676453	0	0
2414.726458	0	0
2414.776463	0	0
2414.826468	0	0
2414.876473	0	0
2414.926478	0	0
2414.976483	0	0
2415.026488	0	0
2415.076493	0	0
2415.126498	0	0
2415.176503	0	0
2415.226508	0	0
2415.276513	0	0
2415.326518	0	0
2415.376523	0	0
2415.426528	0	0
2415.476533	0	0
2415.526538	0	0
2415.576543	0	0
2415.626548	0	0
2415.676553	0	0
2415.726558	0	0
2415.776563	0	0
2415.826568	0	0
2415.876573	0	0
2415.926578	0	0
2415.976583	0	0
2416.026588	0	0
2416.076593	0	0
2416.126598	0	0
2416.176603	0	0
2416.226608	0	0
2416.276613	0	0
2416.326618	0	0
2416.376623	0	0
2416.426628	0	0
2416.476633	0	0
2416.526638	0	0
2416.576643	0	0
2416.626648	0	0
2416.676653	0	0
2416.726658	0	0
2416.776663	0	0
2416.826668	0	0
2416.876673	0	0
2416.926678	0	0
2416.976683	0	0
2417.026688	0	0
2417.076693	0	0
2417.126698	0	0
2417.176703	0	0
2417.226708	0	0
2417.276713	0	0
2417.326718	0	0
2417.376723	0	0
2417.426728	0	0
2417.476733	0	0
2417.526738	0	0
2417.576743	0	0
2417.626748	0	0
2417.676753	0	0
2417.726758	0	0
2417.776763	0	0
2417.826768	0	0
2417.876773	0	0
2417.926778	0	0
2417.976783	0	0
2418.026788	0	0
2418.076793	0	0
2418.126798	0	0
2418.176803	0	0
2418.226808	0	0
2418.276813	0	0
2418.326818	0	0
2418.376823	0	0
2418.426828	0	0
2418.476833	0	0
2418.526838	0	0
2418.576843	0	0
2418.626848	0	0
2418.676853	0	0
2418.726858	0	0
2418.776863	0	0
2418.826868	0	0
2418.876873	0	0
2418.926878	0	0
2418.976883	0	0
2419.026888	0	0
2419.076893	0	0
2419.126898	0	0
2419.176903	0	0
2419.226908	0	0
2419.276913	0	0
2419.326918	0	0
2419.376923	0	0
2419.426928	0	0
2419.476933	0	0
2419.526938	0	0
2419.576943	0	0
2419.626948	0	0
2419.676953	0	0
2419.726958	0	0
2419.776963	0	0
2419.826968	0	0
2419.876973	0	0
2419.926978	0	0
2419.976983	0	0
2420.026988	0	0
2420.076993	0	0
2420.126998	0	0
2420.177003	0	0
2420.227008	0	0
2420.277013	0	0
2420.327018	0	0
2420.377023	0	0
2420.427028	0	0
2420.477033	0	0
2420.527038	0	0
2420.577043	0	0
2420.627048	0	0
2420.677053	0	0
2420.727058	0	0
2420.777063	0	0
2420.827068	0	0
2420.877073	0	0
2420.927078	0	0
2420.977083	0	0
2421.027088	0	0
2421.077093	0	0
2421.127098	0	0
2421.177103	0	0
2421.227108	0	0
2421.277113	0	0
2421.327118	0	0
2421.377123	0	0
2421.427128	0	0
2421.477133	0	0
2421.527138	0	0
2421.577143	0	0
2421.627148	0	0
2421.677153	0	0
2421.727158	0	0
2421.777163	0	0
2421.827168	0	0
2421.877173	0	0
2421.927178	0	0
2421.977183	0	0
2422.027188	0	0
2422.077193	0	0
2422.127198	0	0
2422.177203	0	0
2422.227208	0	0
2422.277213	0	0
2422.327218	0	0
2422.377223	0	0
2422.427228	0	0
2422.477233	0	0
2422.527238	0	0
2422.577243	0	0
2422.627248	0	0
2422.677253	0	0
2422.727258	0	0
2422.777263	0	0
2422.827268	0	0
2422.877273	0	0
2422.927278	0	0
2422.977283	0	0
2423.027288	0	0
2423.077293	0	0
2423.127298	0	0
2423.177303	0	0
2423.227308	0	0
2423.277313	0	0
2423.327318	0	0
2423.377323	0	0
2423.427328	0	0
2423.477333	0	0
2423.527338	0	0
2423.577343	0	0
2423.627348	0	0
2423.677353	0	0
2423.727358	0	0
2423.777363	0	0
2423.827368	0	0
2423.877373	0	0
2423.927378	0	0
2423.977383	0	0
2424.027388	0	0
2424.077393	0	0
2424.127398	0	0
2424.177403	0	0
2424.227408	0	0
2424.277413	0	0
2424.327418	0	0
2424.377423	0	0
2424.427428	0	0
2424.477433	0	0
2424.527438	0	0
2424.577443	0	0
2424.627448	0	0
2424.677453	0	0
2424.727458	0	0
2424.777463	0	0
2424.827468	0	0
2424.877473	0	0
2424.927478	0	0
2424.977483	0	0
2425.027488	0	0
2425.077493	0	0
2425.127498	0	0
2425.176503	0	0
2425.226508	0	0
2425.276513	0	0
2425.326518	0	0
2425.376523	0	0
2425.426528	0	0
2425.476533	0	0
2425.526538	0	0
2425.576543	0	0
2425.626548	0	0
2425.676553	0	0
2425.726558	0	0
2425.776563	0	0
2425.826568	0	0
2425.876573	0	0
2425.926578	0	0
2425.976583	0	0
2426.026588	0	0
2426.076593	0	0
2426.126598	0	0
2426.176603	0	0
2426.226608	0	0
2426.276613	0	0
2426.326618	0	0
2426.376623	0	0
2426.426628	0	0
2426.476633	0	0
2426.526638	0	0
2426.576643	0	0
2426.626648	0	0
2426.676653	0	0
2426.726658	0	0
2426.776663	0	0
2426.826668	0	0
2426.876673	0	0
2426.926678	0	0
2426.976683	0	0
2427.026688	0	0
2427.076693	0	0
2427.126698	0	0
2427.176703	0	0
2427.226708	0	0
2427.276713	0	0
2427.326718	0	0
2427.376723	0	0
2427.426728	0	0
2427.476733	0	0
2427.526738	0	0
2427.576743	0	0
2427.626748	0	0
2427.676753	0	0
2427.726758	0	0
2427.776763	0	0
2427.826768	0	0
2427.876773	0	0
2427.926778	0	0
2427.976783	0	0
2428.026788	0	0
2428.076793	0	0
2428.126798	0	0
2428.176803	0	0
2428.226808	0	0
2428.276813	0	0
2428.326818	0	0
2428.376823	0	0
2428.426828	0	0
2428.476833	0	0
2428.526838	0	0
2428.576843	0	0
2428.626848	0	0
2428.676853	0	0
2428.726858	0	0
2428.776863	0	0
2428.826868	0	0
2428.876873	0	0
2428.926878	0	0
2428.976883	0	0
2429.026888	0	0
2429.076893	0	0
2429.126898	0	0
2429.176903	0	0
2429.226908	0	0
2429.276913	0	0
2429.326918	0	0
2429.376923	0	0
2429.426928	0	0
2429.476933	0	0
2429.526938	0	0
2429.576943	0	0
2429.626948	0	0
2429.676953	0	0
2429.726958	0	0
2429.776963	0	0
2429.826968	0	0
2429.876973	0	0
2429.926978	0	0
2429.976983	0	0
2430.026988	0	0
2430.076993	0	0
2430.126998	0	0
2430.177003	0	0
2430.227008	0	0
2430.277013	0	0
2430.327018	0	0
2430.377023	0	0
2430.427028	0	0
2430.477033	0	0
2430.527038	0	0
2430.577043	0	0
2430.627048	0	0
2430.677053	0	0
2430.727058	0	0
2430.777063	0	0
2430.827068	0	0
2430.877073	0	0
2430.927078	0	0
2430.977083	0	0
2431.027088	0	0
2431.077093	0	0
2431.127098	0	0
2431.177103	0	0
2431.227108	0	0
2431.277113	0	0
2431.327118	0	0
2431.377123	0	0
2431.427128	0	0
2431.477133	0	0
2431.527138	0	0
2431.577143	0	0
2431.627148	0	0
2431.677153	0	0
2431.727158	0	0
2431.777163	0	0
2431.827168	0	0
2431.877173	0	0
2431.927178	0	0
2431.977183	0	0
2432.027188	0	0
2432.077193	0	0
2432.127198	0	0
2432.177203	0	0
2432.227208	0	0
2432.277213	0	0
2432.327218	0	0
2432.377223	0	0
2432.427228	0	0
2432.477233	0	0
2432.527238	0	0
2432.577243	0	0
2432.627248	0	0
2432.677253	0	0
2432.727258	0	0
2432.777263	0	0
2432.827268	0	0
2432.877273	0	0
2432.927278	0	0
2432.977283	0	0
2433.027288	0	0
2433.077293	0	0
2433.127298	0	0
2433.177303	0	0
2433.227308	0	0
2433.277313	0	0
2433.327318	0	0
2433.377323	0	0
2433.427328	0	0
2433.477333	0	0
2433.527338	0	0
2433.577343	0	0
2433.627348	0	0
2433.677353	0	0
2433.727358	0	0
2433.777363	0	0
2433.827368	0	0
2433.877373	0	0
2433.927378	0	0
2433.977383	0	0
2434.027388	0	0
2434.077393	0	0
2434.127398	0	0
2434.177403	0	0
2434.227408	0	0
2434.277413	0	0
2434.327418	0	0
2434.377423	0	0
2434.427428	0	0
2434.477433	0	0
2434.527438	0	0
2434.577443	0	0
2434.627448	0	0
2434.677453	0	0
2434.727458	0	0
2434.777463	0	0
2434.827468	0	0
2434.877473	0	0
2434.927478	0	0
2434.977483	0	0
2435.027488	0	0
2435.077493	0	0
2435.127498	0	0
2435.177503	0	0
2435.227508	0	0
2435.277513	0	0
2435.327518	0	0
2435.377523	0	0
2435.427528	0	0
2435.477533	0	0
2435.527538	0	0
2435.577543	0	0
2435.627548	0	0
2435.677553	0	0
2435.727558	0	0
2435.777563	0	0
2435.827568	0	0
2435.877573	0	0
2435.927578	0	0
2435.977583	0	0
2436.027588	0	0
2436.077593	0	0
2436.127598	0	0
2436.177603	0	0
2436.227608	0	0
2436.277613	0	0
2436.327618	0	0
2436.377623	0	0
2436.427628	0	0
2436.477633	0	0
2436.527638	0	0
2436.577643	0	0
2436.627648	0	0
2436.677653	0	0
2436.727658	0	0
2436.777663	0	0
2436.827668	0	0
2436.877673	0	0
2436.927678	0	0
2436.977683	0	0
2437.027688	0	0
2437.077693	0	0
2437.127698	0	0
2437.177703	0	0
2437.227708	0	0
2437.277713	0	0
2437.327718	0	0
2437.377723	0	0
2437.427728	0	0
2437.477733	0	0
2437.527738	0	0
2437.577743	0	0
2437.627748	0	0
2437.677753	0	0
2437.727758	0	0
2437.777763	0	0
2437.827768	0	0
2437.877773	0	0
2437.927778	0	0
2437.977783	0	0
2438.027788	0	0
2438.077793	0	0
2438.127798	0	0
2438.177803	0	0
2438.227808	0	0
2438.277813	0	0
2438.327818	0	0
2438.377823	0	0
2438.427828	0	0
2438.477833	0	0
2438.527838	0	0
2438.577843	0	0
2438.627848	0	0
2438.677853	0	0
2438.727858	0	0
2438.777863	0	0
2438.827868	0	0
2438.877873	0	0
2438.927878	0	0
2438.977883	0	0
2439.027888	0	0
2439.077893	0	0
2439.127898	0	0
2439.177903	0	0
2439.227908	0	0
2439.277913	0	0
2439.327918	0	0
2439.377923	0	0
2439.427928	0	0
2439.477933	0	0
2439.527938	0	0
2439.577943	0	0
2439.627948	0	0
2439.677953	0	0
2439.727958	0	0
2439.777963	0	0
2439.827968	0	0
2439.877973	0	0
2439.927978	0	0
2439.977983	0	0
2440.027988	0	0
2440.077993	0	0
2440.127998	0	0
2440.178003	0	0
2440.228008	0	0
2440.278013	0	0
2440.328018	0	0
2440.378023	0	0
2440.428028	0	0
2440.478033	0	0
2440.528038	0	0
2440.578043	0	0
2440.628048	0	0
2440.678053	0	0
2440.728058	0	0
2440.778063	0	0
2440.828068	0	0
2440.878073	0	0
2440.928078	0	0
2440.978083	0	0
2441.028088	0	0
2441.078093	0	0
2441.128098	0	0
2441.178103	0	0
2441.228108	0	0
2441.278113	0	0
2441.328118	0	0
2441.378123	0	0
2441.428128	0	0
2441.478133	0	0
2441.528138	0	0
2441.578143	0	0
2441.628148	0	0
2441.678153	0	0
2441.728158	0	0
2441.778163	0	0
2441.828168	0	0
2441.878173	0	0
2441.928178	0	0
2441.978183	0	0
2442.028188	0	0
2442.078193	0	0
2442.128198	0	0
2442.178203	0	0
2442.228208	0	0
2442.278213	0	0
2442.328218	0	0
2442.378223	0	0
2442.428228	0	0
2442.478233	0	0
2442.528238	0	0
2442.578243	0	0
2442.628248	0	0
2442.677253	0	0
2442.727258	0	0
2442.777263	0	0
2442.827268	0	0
2442.877273	0	0
2442.927278	0	0
2442.977283	0	0
2443.027287	0	0
2443.077292	0	0
2443.127298	0	0
2443.177303	0	0
2443.227308	0	0
2443.277313	0	0
2443.327318	0	0
2443.377323	0	0
2443.427328	0	0
2443.477333	0	0
2443.527338	0	0
2443.577343	0	0
2443.627347	0	0
2443.677353	0	0
2443.727358	0	0
2443.777363	0	0
2443.827368	0	0
2443.877373	0	0
2443.927378	0	0
2443.977383	0	0
2444.027388	0	0
2444.077393	0	0
2444.127398	0	0
2444.177402	0	0
2444.227407	0	0
2444.277413	0	0
2444.327418	0	0
2444.377423	0	0
2444.427428	0	0
2444.477433	0	0
2444.527438	0	0
2444.577443	0	0
2444.627448	0	0
2444.677453	0	0
2444.727458	0	0
2444.777462	0	0
2444.827467	0	0
2444.877473	0	0
2444.927478	0	0
2444.977483	0	0
2445.027488	0	0
2445.077493	0	0
2445.127498	0	0
2445.177503	0	0
2445.227508	0	0
2445.277513	0	0
2445.327518	0	0
2445.377522	0	0
2445.427528	0	0
2445.477533	0	0
2445.527538	0	0
2445.577543	0	0
2445.627548	0	0
2445.677553	0	0
2445.727558	0	0
2445.777563	0	0
2445.827568	0	0
2445.877573	0	0
2445.927577	0	0
2445.977582	0	0
2446.027588	0	0
2446.077593	0	0
2446.127598	0	0
2446.177603	0	0
2446.227608	0	0
2446.277613	0	0
2446.327618	0	0
2446.377623	0	0
2446.427628	0	0
2446.477633	0	0
2446.527637	0	0
2446.577642	0	0
2446.627648	0	0
2446.677653	0	0
2446.727658	0	0
2446.777663	0	0
2446.827668	0	0
2446.877673	0	0
2446.927678	0	0
2446.977683	0	0
2447.027688	0	0
2447.077693	0	0
2447.127697	0	0
2447.177703	0	0
2447.227708	0	0
2447.277713	0	0
2447.327718	0	0
2447.377723	0	0
2447.427728	0	0
2447.477733	0	0
2447.527738	0	0
2447.577743	0	0
2447.627748	0	0
2447.677752	0	0
2447.727757	0	0
2447.777763	0	0
2447.827768	0	0
2447.877773	0	0
2447.927778	0	0
2447.977783	0	0
2448.027788	0	0
2448.077793	0	0
2448.127798	0	0
2448.177803	0	0
2448.227808	0	0
2448.277812	0	0
2448.327817	0	0
2448.377823	0	0
2448.427828	0	0
2448.477833	0	0
2448.527838	0	0
2448.577843	0	0
2448.627848	0	0
2448.677853	0	0
2448.727858	0	0
2448.777863	0	0
2448.827868	0	0
2448.877872	0	0
2448.927878	0	0
2448.977883	0	0
2449.027888	0	0
2449.077893	0	0
2449.127898	0	0
2449.177903	0	0
2449.227908	0	0
2449.277913	0	0
2449.327918	0	0
2449.377923	0	0
2449.427927	0	0
2449.477932	0	0
2449.527938	0	0
2449.577943	0	0
2449.627948	0	0
2449.677953	0	0
2449.727958	0	0
2449.777963	0	0
2449.827968	0	0
2449.877973	0	0
2449.927978	0	0
2449.977983	0	0
2450.027987	0	0
2450.077992	0	0
2450.127998	0	0
2450.178003	0	0
2450.228008	0	0
2450.278013	0	0
2450.328018	0	0
2450.378023	0	0
2450.428028	0	0
2450.478033	0	0
2450.528038	0	0
2450.578043	0	0
2450.628047	0	0
2450.678053	0	0
2450.728058	0	0
2450.778063	0	0
2450.828068	0	0
2450.878073	0	0
2450.928078	0	0
2450.978083	0	0
2451.028088	0	0
2451.078093	0	0
2451.128098	0	0
2451.178102	0	0
2451.228107	0	0
2451.278113	0	0
2451.328118	0	0
2451.378123	0	0
2451.428128	0	0
