0.000000	0	0
0.178018	0	0
0.199020	0	0
0.266026	0	0
0.299030	0	0
0.417042	0	0
0.449045	0	0
0.499050	0	0
0.549055	0	0
0.599060	0	0
0.649065	0	0
0.699070	0	0
0.749075	0	0
0.799080	0	0
0.849085	0	0
0.899090	0	0
0.949095	0	0
0.999100	0	0
1.049105	0	0
1.099110	0	0
1.149115	0	0
1.199120	0	0
1.249125	0	0
1.299130	0	0
1.349135	0	0
1.399140	0	0
1.449145	0	0
1.499150	0	0
1.549155	0	0
1.599160	0	0
1.649165	0	0
1.699170	0	0
1.749175	0	0
1.799180	0	0
1.849185	0	0
1.899190	0	0
1.949195	0	0
1.999200	0	0
2.049205	0	0
2.099210	0	0
2.149215	0	0
2.199220	0	0
2.249225	0	0
2.299230	0	0
2.349235	0	0
2.399240	0	0
2.449245	0	0
2.499250	0	0
2.549255	0	0
2.599260	0	0
2.649265	0	0
2.699270	0	0
2.749275	0	0
2.799280	0	0
2.849285	0	0
2.899290	0	0
2.949295	0	0
2.999300	0	0
3.049305	0	0
3.099310	0	0
3.149315	0	0
3.199320	0	0
3.249325	0	0
3.299330	0	0
3.349335	0	0
3.399340	0	0
3.449345	0	0
3.499350	0	0
3.549355	0	0
3.599360	0	0
3.649365	0	0
3.699370	0	0
3.749375	0	0
3.799380	0	0
3.849385	0	0
3.899390	0	0
3.949395	0	0
3.999400	0	0
4.049405	0	0
4.099410	0	0
4.149415	0	0
4.199420	0	0
4.249425	0	0
4.299430	0	0
4.349435	0	0
4.399440	0	0
4.449445	0	0
4.499450	0	0
4.549455	0	0
4.599460	0	0
4.649465	0	0
4.699470	0	0
4.749475	0	0
4.799480	0	0
4.849485	0	0
4.899490	0	0
4.949495	0	0
4.999500	0	0
5.049505	0	0
5.099510	0	0
5.149515	0	0
5.199520	0	0
5.249525	0	0
5.299530	0	0
5.349535	0	0
5.399540	0	0
5.449545	0	0
5.499550	0	0
5.549555	0	0
5.599560	0	0
5.649565	0	0
5.699570	0	0
5.749575	0	0
5.799580	0	0
5.849585	0	0
5.899590	0	0
5.949595	0	0
5.999600	0	0
6.049605	0	0
6.099610	0	0
6.149615	0	0
6.199620	0	0
6.249625	0	0
6.299630	0	0
6.349635	0	0
6.399640	0	0
6.449645	0	0
6.499650	0	0
6.549655	0	0
6.599660	0	0
6.649665	0	0
6.699670	0	0
6.749675	0	0
6.799680	0	0
6.849685	0	0
6.899690	0	0
6.949695	0	0
6.999700	0	0
7.049705	0	0
7.099710	0	0
7.149715	0	0
7.199720	0	0
7.249725	0	0
7.299730	0	0
7.349735	0	0
7.399740	0	0
7.449745	0	0
7.499750	0	0
7.549755	0	0
7.599760	0	0
7.649765	0	0
7.699770	0	0
7.749775	0	0
7.799780	0	0
7.849785	0	0
7.899790	0	0
7.949795	0	0
7.999800	0	0
8.049805	0	0
8.099810	0	0
8.149815	0	0
8.199820	0	0
8.249825	0	0
8.299830	0	0
8.349835	0	0
8.399840	0	0
8.449845	0	0
8.499850	0	0
8.549855	0	0
8.599860	0	0
8.649865	0	0
8.699870	0	0
8.749875	0	0
8.799880	0	0
8.848885	0	0
8.898890	0	0
8.948895	0	0
8.998900	0	0
9.048905	0	0
9.098910	0	0
9.148915	0	0
9.198920	0	0
9.248925	0	0
9.298930	0	0
9.348935	0	0
9.398940	0	0
9.448945	0	0
9.498950	0	0
9.548955	0	0
9.598960	0	0
9.648965	0	0
9.698970	0	0
9.748975	0	0
9.798980	0	0
9.848985	0	0
9.898990	0	0
9.948995	0	0
9.999000	0	0
10.049005	0	0
10.099010	0	0
10.149015	0	0
10.199020	0	0
10.249025	0	0
10.299030	0	0
10.349035	0	0
10.399040	0	0
10.449045	0	0
10.499050	0	0
10.549055	0	0
10.599060	0	0
10.649065	0	0
10.699070	0	0
10.749075	0	0
10.799080	0	0
10.849085	0	0
10.899090	0	0
10.949095	0	0
10.999100	0	-469
11.049105	0	-1577
11.099110	-192	-2261
11.149115	-192	-3017
11.199120	-248	-4097
11.249125	-580	-5365
11.299130	-924	-6242
11.349135	-1208	-6730
11.399140	-1284	-6946
11.449145	-1284	-6950
11.499150	-1284	-7002
11.549155	-1284	-7018
11.599160	-1284	-7018
11.649165	-1284	-7018
11.699170	-1284	-6690
11.749175	-1216	-6290
11.799180	-1040	-5798
11.849185	-976	-5658
11.899190	-916	-5622
11.949195	-912	-5538
11.999200	-912	-5474
12.049205	-840	-5474
12.099210	-836	-5474
12.149215	-796	-5474
12.199220	-776	-5474
12.249225	-776	-5474
12.299230	-776	-5474
12.349235	-776	-5474
12.399240	-752	-5474
12.449245	-636	-5762
12.499250	-616	-5854
12.549255	-600	-5950
12.599260	-588	-5986
12.649265	-588	-6078
12.699270	-588	-6274
12.749275	-588	-6562
12.799280	-588	-6754
12.849285	-588	-6754
12.899290	-588	-6754
12.949295	-588	-6754
12.999300	-588	-6754
13.049305	-588	-6754
13.099310	-588	-6754
13.149315	-588	-6754
13.199320	-588	-6754
13.249325	-588	-6754
13.299330	-588	-6754
13.349335	-588	-6754
13.399340	-588	-6754
13.449345	-588	-6754
13.499350	-588	-6754
13.549355	-588	-6754
13.599360	-588	-6754
13.649365	-588	-6754
13.699370	-588	-6754
13.749375	-588	-6754
13.799380	-588	-6754
13.849385	-588	-6754
13.899390	-588	-6726
13.949395	-588	-6674
13.999400	-588	-6622
14.049405	-588	-6566
14.099410	-588	-6566
14.149415	-588	-6566
14.199420	-588	-6566
14.249425	-588	-6566
14.299430	-588	-6566
14.349435	-588	-6566
14.399440	-588	-6566
14.449445	-588	-6566
14.499450	-588	-6566
14.549455	-588	-6646
14.599460	-588	-6694
14.649465	-588	-6702
14.699470	-588	-6770
14.749475	-588	-6870
14.799480	-588	-7026
14.849485	-588	-7058
14.899490	-588	-7070
14.949495	-588	-7106
14.999500	-588	-7106
15.049505	-588	-7106
15.099510	-588	-7106
15.149515	-588	-7106
15.199520	-588	-7106
15.249525	-588	-7106
15.299530	-588	-7106
15.349535	-588	-7106
15.399540	-588	-7106
15.449545	-588	-7106
15.499550	-588	-7106
15.549555	-588	-7106
15.599560	-588	-7106
15.649565	-588	-7106
15.699570	-588	-7106
15.749575	-588	-7106
15.799580	-588	-7106
15.849585	-588	-7106
15.899590	-588	-7106
15.949595	-588	-7106
15.999600	-588	-7106
16.049605	-588	-7106
16.099610	-588	-7106
16.149615	-588	-7106
16.199620	-588	-7106
16.249625	-588	-7106
16.299630	-588	-7106
16.349635	-588	-7106
16.399640	-588	-7106
16.449645	-588	-7106
16.499650	-588	-7106
16.549655	-588	-7106
16.599660	-588	-7106
16.649665	-588	-7106
16.699670	-588	-7106
16.749675	-588	-7106
16.799680	-588	-7146
16.849685	-588	-7150
16.899690	-588	-7186
16.949695	-588	-7226
16.999700	-588	-7262
17.049705	-588	-7290
17.099710	-588	-7290
17.149715	-588	-7290
17.199720	-588	-7290
17.249725	-588	-7290
17.299730	-588	-7290
17.349735	-588	-7290
17.399740	-588	-7290
17.449745	-588	-7290
17.499750	-588	-7290
17.549755	-588	-7290
17.599760	-588	-7290
17.649765	-588	-7290
17.699770	-588	-7290
17.749775	-588	-7290
17.799780	-588	-7290
17.849785	-588	-7290
17.899790	-588	-7290
17.949795	-588	-7290
17.999800	-588	-7290
18.049805	-588	-7290
18.099810	-588	-7290
18.149815	-588	-7290
18.199820	-588	-7290
18.249825	-588	-7290
18.299830	-588	-7290
18.349835	-588	-7290
18.399840	-588	-7290
18.449845	-588	-7290
18.499850	-588	-7290
18.549855	-588	-7290
18.599860	-588	-7290
18.649865	-588	-7290
18.699870	-588	-7290
18.749875	-588	-7290
18.799880	-588	-7290
18.849885	-588	-7290
18.899890	-588	-7290
18.949895	-588	-7290
18.999900	-588	-7290
19.049905	-588	-7290
19.099910	-588	-7290
19.149915	-588	-7290
19.199920	-588	-7290
19.249925	-588	-7290
19.299930	-588	-7290
19.349935	-588	-7290
19.399940	-588	-7290
19.449945	-588	-7290
19.499950	-588	-7290
19.549955	-588	-7290
19.599960	-588	-7290
19.649965	-588	-7290
19.699970	-588	-7290
19.749975	-588	-7290
19.799980	-588	-7290
19.849985	-588	-7290
19.899990	-588	-7290
19.949995	-588	-7290
20.000000	-588	-7290
20.050005	-588	-7290
20.100010	-588	-7290
20.150015	-588	-7290
20.200020	-588	-7290
20.250025	-588	-7290
20.300030	-588	-7290
20.350035	-588	-7290
20.400040	-588	-7290
20.450045	-588	-7290
20.500050	-588	-7290
20.550055	-588	-7290
20.600060	-588	-7290
20.650065	-588	-7290
20.700070	-588	-7290
20.750075	-588	-7290
20.800080	-588	-7290
20.850085	-588	-7290
20.900090	-588	-7290
20.950095	-588	-7290
21.000100	-588	-7290
21.050105	-588	-7290
21.100110	-588	-7290
21.150115	-588	-7290
21.200120	-588	-7290
21.250125	-588	-7290
21.300130	-588	-7290
21.350135	-588	-7290
21.400140	-588	-7290
21.450145	-588	-7290
21.500150	-588	-7290
21.550155	-588	-7290
21.600160	-588	-7290
21.650165	-588	-7290
21.700170	-588	-7290
21.750175	-588	-7290
21.800180	-588	-7290
21.850185	-588	-7290
21.900190	-588	-7290
21.950195	-588	-7290
22.000200	-588	-7290
22.050205	-588	-7290
22.100210	-588	-7290
22.150215	-588	-7290
22.200220	-588	-7290
22.250225	-588	-7290
22.300230	-588	-7290
22.350235	-588	-7290
22.400240	-588	-7290
22.450245	-588	-7290
22.500250	-588	-7290
22.550255	-588	-7290
22.600260	-588	-7290
22.650265	-588	-7290
22.700270	-588	-7290
22.750275	-588	-7290
22.800280	-588	-7290
22.850285	-588	-7290
22.900290	-588	-7290
22.950295	-588	-7290
23.000300	-588	-7290
23.050305	-588	-7290
23.100310	-588	-7290
23.150315	-588	-7290
23.200320	-588	-7290
23.250325	-588	-7290
23.300330	-588	-7290
23.350335	-588	-7290
23.400340	-588	-7290
23.450345	-588	-7290
23.500350	-588	-7290
23.550355	-588	-7290
23.600360	-588	-7290
23.650365	-588	-7290
23.700370	-588	-7290
23.750375	-588	-7290
23.800380	-588	-7290
23.850385	-588	-7290
23.900390	-588	-7290
23.950395	-588	-7290
24.000400	-588	-7290
24.050405	-588	-7290
24.100410	-588	-7290
24.150415	-588	-7290
24.200420	-588	-7290
24.250425	-588	-7290
24.300430	-588	-7290
24.350435	-588	-7290
24.400440	-588	-7290
24.450445	-588	-7290
24.500450	-588	-7290
24.550455	-588	-7290
24.600460	-588	-7290
24.650465	-588	-7290
24.700470	-588	-7290
24.750475	-588	-7290
24.800480	-588	-7290
24.850485	-588	-7290
24.900490	-588	-7290
24.950495	-588	-7290
25.000500	-588	-7290
25.050505	-588	-7290
25.100510	-588	-7290
25.150515	-588	-7290
25.200520	-588	-7290
25.250525	-588	-7290
25.300530	-588	-7290
25.350535	-588	-7290
25.400540	-588	-7290
25.450545	-588	-7290
25.500550	-588	-7290
25.550555	-588	-7290
25.600560	-588	-7290
25.650565	-588	-7290
25.700570	-588	-7290
25.750575	-588	-7290
25.800580	-588	-7290
25.850585	-588	-7290
25.900590	-588	-7290
25.950595	-588	-7290
26.000600	-588	-7290
26.050605	-588	-7290
26.100610	-588	-7290
26.150615	-588	-7290
26.200620	-588	-7290
26.250625	-588	-7290
26.300630	-588	-7290
26.349635	-588	-7290
26.399640	-588	-7290
26.449645	-588	-7290
26.499650	-588	-7290
26.549654	-588	-7290
26.599660	-588	-7290
26.649665	-588	-7290
26.699670	-588	-7290
26.749675	-588	-7290
26.799680	-588	-7290
26.849685	-588	-7290
26.899690	-588	-7290
26.949695	-588	-7290
26.999700	-588	-7290
27.049705	-588	-7290
27.099710	-588	-7290
27.149715	-588	-7290
27.199720	-588	-7290
27.249725	-588	-7290
27.299730	-588	-7290
27.349735	-588	-7290
27.399740	-588	-7290
27.449745	-588	-7290
27.499750	-588	-7290
27.549755	-588	-7290
27.599760	-588	-7290
27.649765	-588	-7290
27.699769	-588	-7290
27.749775	-588	-7290
27.799780	-588	-7290
27.849785	-588	-7290
27.899790	-588	-7290
27.949795	-588	-7290
27.999800	-588	-7290
28.049805	-588	-7290
28.099810	-588	-7290
28.149815	-588	-7290
28.199820	-588	-7290
28.249825	-588	-7290
28.299829	-588	-7290
28.349835	-588	-7290
28.399840	-588	-7290
28.449845	-588	-7290
28.499850	-588	-7290
28.549855	-588	-7290
28.599860	-588	-7290
28.649865	-588	-7290
28.699870	-588	-7290
28.749875	-588	-7290
28.799880	-588	-7290
28.849885	-588	-7290
28.899890	-588	-7290
28.949895	-588	-7290
28.999900	-588	-7290
29.049905	-588	-7290
29.099910	-588	-7290
29.149915	-588	-7290
29.199920	-588	-7290
29.249925	-588	-7290
29.299930	-588	-7290
29.349935	-588	-7290
29.399940	-588	-7290
29.449944	-588	-7290
29.499950	-588	-7290
29.549955	-588	-7290
29.599960	-588	-7290
29.649965	-588	-7290
29.699970	-588	-7290
29.749975	-588	-7290
29.799980	-588	-7290
29.849985	-588	-7290
29.899990	-588	-7290
29.949995	-588	-7290
30.000000	-588	-7290
30.050005	-588	-7290
30.100010	-588	-7290
30.150015	-588	-7290
30.200020	-588	-7290
30.250025	-588	-7290
30.300030	-588	-7290
30.350035	-588	-7290
30.400040	-588	-7290
30.450045	-588	-7290
30.500050	-588	-7290
30.550055	-588	-7290
30.600060	-588	-7270
30.650065	-588	-7270
30.700070	-588	-7270
30.750075	-588	-7266
30.800080	-588	-7266
30.850085	-588	-7262
30.900090	-588	-7262
30.950095	-588	-7262
31.000100	-588	-7262
31.050105	-588	-7262
31.100110	-576	-7262
31.150115	-576	-7262
31.200119	-576	-7262
31.250125	-576	-7262
31.300130	-576	-7262
31.350135	-576	-7262
31.400140	-576	-7262
31.450145	-568	-7262
31.500150	-568	-7262
31.550155	-568	-7262
31.600160	-568	-7262
31.650165	-568	-7262
31.700170	-568	-7262
31.834183	-512	-7198
31.850185	-512	-7198
31.910191	-512	-7186
31.985198	-512	-7162
32.001200	-512	-7142
32.051205	-512	-7134
32.101210	-512	-7114
32.151215	-504	-7078
32.201220	-500	-6990
32.252225	-476	-6966
32.301230	-476	-6906
32.351235	-456	-6890
32.401240	-424	-6834
32.451245	-424	-6790
32.501250	-416	-6770
32.551255	-360	-6742
32.601260	-332	-6722
32.651265	-312	-6722
32.701270	-260	-6698
32.751275	-252	-6698
32.801280	-224	-6690
32.851285	-224	-6690
32.901290	-204	-6690
32.951295	-156	-6690
33.001300	-52	-6690
33.051305	1	-6690
33.101310	29	-6690
33.151315	77	-6690
33.201320	121	-6690
33.251325	141	-6690
33.301330	141	-6690
33.351335	141	-6690
33.401340	165	-6690
33.451345	165	-6690
33.501350	165	-6690
33.551355	165	-6690
33.601360	165	-6690
33.651365	173	-6690
33.701370	173	-6690
33.751375	173	-6690
33.801380	173	-6690
33.851385	173	-6690
33.901390	173	-6690
33.951395	173	-6690
34.001400	173	-6690
34.051405	173	-6690
34.101410	173	-6690
34.151415	173	-6690
34.201420	173	-6690
34.251425	173	-6690
34.301430	173	-6690
34.351435	173	-6690
34.401440	173	-6690
34.451445	173	-6690
34.501450	173	-6690
34.551455	173	-6690
34.601460	173	-6690
34.651465	173	-6690
34.701470	173	-6690
34.751475	173	-6690
34.801480	173	-6690
34.851485	173	-6690
34.901490	173	-6690
34.951495	173	-6690
35.001500	173	-6690
35.051505	173	-6690
35.101510	173	-6690
35.151515	173	-6690
35.201520	173	-6690
35.251525	173	-6690
35.301530	173	-6690
35.351535	173	-6690
35.401540	173	-6690
35.451545	173	-6690
35.501550	173	-6690
35.551555	173	-6690
35.601560	173	-6690
35.651565	173	-6690
35.701570	173	-6690
35.751575	173	-6690
35.801580	173	-6690
35.851585	173	-6690
35.901590	173	-6690
35.951595	173	-6690
36.001600	173	-6690
36.051605	173	-6690
36.101610	173	-6690
36.151615	173	-6690
36.201620	173	-6690
36.251625	173	-6690
36.301630	173	-6690
36.351635	173	-6690
36.401640	173	-6690
36.451645	173	-6690
36.501650	173	-6690
36.551655	173	-6690
36.601660	173	-6690
36.651665	173	-6690
36.701670	173	-6690
36.751675	173	-6690
36.801680	173	-6690
36.851685	173	-6690
36.901690	173	-6690
36.951695	173	-6690
37.001700	173	-6690
37.051705	173	-6690
37.101710	173	-6690
37.151715	173	-6690
37.201720	173	-6690
37.251725	173	-6690
37.301730	173	-6690
37.351735	173	-6690
37.401740	173	-6690
37.451745	173	-6690
37.501750	173	-6690
37.551755	173	-6690
37.601760	173	-6690
37.651765	173	-6690
37.701770	173	-6690
37.751775	173	-6690
37.801780	173	-6690
37.851785	173	-6690
37.901790	173	-6690
37.951795	173	-6690
38.001800	173	-6690
38.051805	173	-6690
38.101810	173	-6690
38.151815	173	-6690
38.201820	173	-6690
38.251825	173	-6690
38.301830	173	-6690
38.351835	173	-6690
38.401840	173	-6690
38.451845	173	-6690
38.501850	173	-6690
38.551855	173	-6690
38.601860	173	-6690
38.651865	173	-6690
38.701870	173	-6690
38.751875	173	-6690
38.801880	173	-6690
38.851885	173	-6690
38.901890	173	-6690
38.951895	173	-6690
39.001900	173	-6690
39.051905	173	-6690
39.101910	173	-6690
39.151915	173	-6690
39.201920	173	-6690
39.251925	173	-6690
39.301930	173	-6690
39.351935	173	-6690
39.401940	173	-6690
39.451945	173	-6682
39.501950	173	-6682
39.551955	173	-6682
39.601960	173	-6682
39.651965	173	-6682
39.701970	173	-6674
39.751975	173	-6666
39.801980	173	-6666
39.851985	173	-6662
39.901990	173	-6646
39.951995	173	-6646
40.002000	173	-6646
40.052005	173	-6646
40.102010	173	-6642
40.152015	173	-6642
40.202020	173	-6642
40.252025	173	-6642
40.302030	173	-6642
40.352035	173	-6642
40.402040	173	-6642
40.452045	173	-6642
40.502050	173	-6642
40.552055	173	-6642
40.602060	173	-6642
40.652065	173	-6642
40.702070	173	-6642
40.752075	173	-6642
40.802080	173	-6642
40.852085	173	-6642
40.902090	173	-6642
40.952095	173	-6642
41.002100	173	-6642
41.052105	173	-6642
41.102110	173	-6642
41.152115	173	-6642
41.202120	173	-6642
41.252125	173	-6642
41.302130	173	-6642
41.352135	173	-6642
41.402140	173	-6642
41.452145	173	-6642
41.502150	173	-6642
41.552155	173	-6642
41.602160	173	-6642
41.652165	173	-6642
41.702170	173	-6642
41.752175	173	-6642
41.802180	173	-6642
41.852185	173	-6642
41.902190	173	-6642
41.952195	173	-6642
42.002200	173	-6642
42.052205	173	-6642
42.102210	173	-6642
42.152215	173	-6642
42.202220	173	-6642
42.252225	173	-6642
42.302230	173	-6642
42.352235	173	-6642
42.402240	173	-6642
42.452245	173	-6642
42.502250	173	-6642
42.552255	173	-6642
42.602260	173	-6642
42.652265	173	-6642
42.702270	173	-6642
42.752275	173	-6642
42.802280	173	-6642
42.852285	173	-6642
42.902290	173	-6642
42.952295	173	-6642
43.002300	173	-6642
43.052305	173	-6642
43.102310	173	-6642
43.152315	173	-6642
43.202320	173	-6642
43.252325	173	-6642
43.302330	173	-6642
43.352335	173	-6642
43.402340	173	-6642
43.452345	173	-6642
43.502350	173	-6642
43.552355	173	-6642
43.602360	173	-6642
43.652365	173	-6642
43.702370	173	-6642
43.752375	173	-6642
43.801380	173	-6642
43.851385	173	-6642
43.901390	173	-6642
43.951395	173	-6642
44.001400	173	-6642
44.051405	173	-6642
44.101410	173	-6642
44.151415	173	-6642
44.201420	173	-6642
44.251425	173	-6642
44.301430	173	-6642
44.351435	173	-6642
44.401440	173	-6642
44.451445	173	-6642
44.501450	173	-6642
44.551455	173	-6642
44.601460	173	-6642
44.651465	173	-6642
44.701470	173	-6642
44.751475	173	-6642
44.801480	173	-6642
44.851485	173	-6642
44.901490	173	-6642
44.951495	173	-6642
45.001500	173	-6642
45.051505	173	-6642
45.101510	173	-6642
45.151515	173	-6642
45.201519	173	-6642
45.251525	173	-6642
45.301530	173	-6642
45.351535	173	-6642
45.401540	173	-6642
45.451545	173	-6642
45.501550	173	-6642
45.551555	173	-6642
45.601560	173	-6642
45.651565	173	-6642
45.701570	173	-6642
45.751575	173	-6642
45.801580	173	-6642
45.851585	173	-6642
45.901590	173	-6642
45.951595	173	-6642
46.001600	173	-6642
46.051605	173	-6642
46.101610	173	-6642
46.151615	173	-6642
46.201620	173	-6642
46.251625	173	-6642
46.301630	173	-6642
46.351635	173	-6642
46.401640	173	-6642
46.451645	173	-6642
46.501650	173	-6642
46.551655	173	-6642
46.601660	173	-6642
46.651665	173	-6642
46.701670	173	-6642
46.751675	173	-6642
46.801680	173	-6642
46.851685	173	-6642
46.901690	173	-6642
46.951694	173	-6642
47.001700	173	-6642
47.051705	173	-6642
47.101710	173	-6642
47.151715	173	-6642
47.201720	173	-6642
47.251725	173	-6642
47.301730	173	-6642
47.351735	173	-6642
47.401740	173	-6642
47.451745	173	-6642
47.501750	173	-6642
47.551755	173	-6642
47.601760	173	-6642
47.651765	173	-6642
47.701770	173	-6642
47.751775	173	-6642
47.801780	173	-6642
47.851785	173	-6642
47.901790	173	-6642
47.951795	173	-6642
48.001800	173	-6642
48.051805	173	-6642
48.101810	173	-6642
48.151815	173	-6642
48.201820	173	-6642
48.251825	173	-6642
48.301830	173	-6642
48.351835	173	-6642
48.401840	173	-6642
48.451845	173	-6642
48.501850	173	-6642
48.551855	173	-6642
48.601860	173	-6642
48.651865	173	-6642
48.701869	173	-6634
48.751875	173	-6634
48.801880	173	-6634
48.851885	173	-6634
48.901890	173	-6634
48.951895	173	-6634
49.001900	173	-6634
49.051905	173	-6634
49.101910	173	-6634
49.151915	173	-6634
49.201920	173	-6634
49.251925	173	-6634
49.301930	173	-6634
49.351935	173	-6634
49.401940	173	-6634
49.451945	173	-6634
49.501950	173	-6634
49.551955	173	-6634
49.601960	173	-6634
49.651965	173	-6634
49.701970	173	-6634
49.751975	173	-6634
49.801980	173	-6634
49.851985	173	-6634
49.901990	173	-6634
49.951995	173	-6634
50.002000	173	-6634
50.052005	173	-6618
50.102010	173	-6618
50.152015	173	-6618
50.202020	173	-6618
50.252025	173	-6618
50.302030	173	-6618
50.352035	173	-6590
50.402040	173	-6590
50.452044	173	-6590
50.502050	173	-6590
50.552055	173	-6590
50.602060	173	-6590
50.652065	173	-6578
50.702070	173	-6578
50.752075	173	-6578
50.802080	173	-6578
50.852085	173	-6578
50.902090	173	-6578
50.952095	173	-6578
51.002100	173	-6570
51.052105	173	-6570
51.102110	173	-6570
51.152115	173	-6570
51.202120	173	-6558
51.252125	173	-6542
51.302130	173	-6542
51.352135	173	-6542
51.402140	173	-6542
51.452145	173	-6542
51.502150	173	-6542
51.552155	173	-6542
51.602160	173	-6542
51.652165	173	-6542
51.702170	173	-6542
51.752175	173	-6542
51.802180	173	-6538
51.852185	173	-6538
51.902190	173	-6538
51.952195	173	-6538
52.002200	173	-6530
52.052205	173	-6530
52.102210	173	-6530
52.152215	173	-6530
52.202219	173	-6530
52.252225	173	-6530
52.302230	173	-6530
52.352235	173	-6526
52.402240	173	-6526
52.452245	173	-6526
52.502250	173	-6526
52.552255	173	-6522
52.602260	173	-6522
52.652265	173	-6522
52.702270	173	-6522
52.752275	173	-6522
52.802280	173	-6522
52.852285	173	-6494
52.902290	173	-6494
52.952295	173	-6494
53.002300	173	-6494
53.052305	173	-6494
53.102310	173	-6494
53.152315	173	-6494
53.202320	173	-6494
53.252325	173	-6494
53.302330	173	-6494
53.352334	173	-6494
53.402340	173	-6494
53.452345	173	-6494
53.502350	173	-6494
53.552355	173	-6494
53.602360	173	-6494
53.652365	173	-6494
53.702370	173	-6494
53.752375	173	-6494
53.802380	173	-6494
53.852385	173	-6494
53.902390	173	-6546
53.952394	173	-6610
54.002400	173	-6722
54.052405	173	-6818
54.102410	173	-6954
54.152415	173	-7046
54.202420	173	-7130
54.252425	173	-7130
54.302430	173	-7170
54.352435	173	-7246
54.402440	173	-7326
54.452445	173	-7434
54.502450	173	-7498
54.552455	173	-7502
54.602460	173	-7530
54.652465	173	-7530
54.702470	173	-7530
54.752475	173	-7530
54.802480	173	-7530
54.852485	173	-7530
54.902490	173	-7530
54.952495	173	-7530
55.002500	173	-7530
55.052505	173	-7530
55.102509	173	-7530
55.152515	173	-7530
55.202520	173	-7530
55.252525	173	-7530
55.302530	173	-7530
55.352535	173	-7530
55.402540	173	-7530
55.452545	173	-7530
55.502550	173	-7530
55.552555	173	-7530
55.602560	173	-7530
55.652565	173	-7530
55.702569	173	-7530
55.752575	173	-7530
55.802580	173	-7530
55.852585	173	-7530
55.902590	173	-7530
55.952595	173	-7530
56.002600	173	-7530
56.052605	173	-7530
56.102610	173	-7530
56.152615	173	-7530
56.202620	173	-7530
56.252625	173	-7530
56.302630	173	-7530
56.352635	173	-7530
56.402640	173	-7530
56.452645	173	-7530
56.502650	173	-7530
56.552655	173	-7530
56.602660	173	-7530
56.652665	173	-7530
56.702670	173	-7530
56.752675	173	-7530
56.802680	173	-7530
56.852684	173	-7530
56.902690	173	-7530
56.952695	173	-7530
57.002700	173	-7530
57.052705	173	-7530
57.102710	173	-7530
57.152715	173	-7530
57.202720	173	-7526
57.252725	173	-7522
57.302730	173	-7514
57.352735	173	-7506
57.402740	173	-7506
57.452744	173	-7494
57.502750	173	-7486
57.552755	173	-7466
57.602760	173	-7454
57.652765	173	-7442
57.702770	173	-7414
57.752775	173	-7390
57.802780	185	-7350
57.852785	185	-7314
57.902790	261	-7306
57.952795	273	-7282
58.002800	297	-7258
58.052805	325	-7258
58.102810	345	-7230
58.152815	377	-7230
58.202820	473	-7210
58.252825	565	-7162
58.302830	777	-7138
58.352835	901	-7110
58.402840	1013	-7098
58.452845	1081	-7086
58.502850	1129	-7086
58.552855	1161	-7054
58.602859	1225	-7046
58.652865	1289	-7046
58.702870	1313	-7038
58.752875	1377	-7034
58.802880	1473	-7002
58.852885	1481	-6998
58.902890	1481	-6994
58.952895	1481	-6994
59.002900	1481	-6990
59.052905	1481	-6990
59.102910	1481	-6990
59.152915	1481	-6990
59.202919	1481	-6990
59.252925	1481	-6990
59.302930	1481	-6990
59.352935	1481	-6990
59.402940	1481	-6966
59.452945	1481	-6966
59.502950	1481	-6958
59.552955	1481	-6958
59.602960	1481	-6958
59.652965	1481	-6958
59.702970	1481	-6958
59.752975	1481	-6958
59.802980	1481	-6958
59.852985	1481	-6934
59.902990	1481	-6934
59.952995	1481	-6934
60.003000	1481	-6902
60.053005	1481	-6902
60.103010	1481	-6902
60.153015	1481	-6902
60.203020	1481	-6894
60.253025	1481	-6894
60.303030	1481	-6894
60.353034	1481	-6894
60.403040	1481	-6894
60.453045	1481	-6894
60.503050	1481	-6894
60.553055	1481	-6894
60.603060	1481	-6894
60.653065	1481	-6894
60.703070	1481	-6894
60.753075	1481	-6894
60.803080	1481	-6894
60.853085	1481	-6894
60.903090	1481	-6894
60.953095	1481	-6894
61.003100	1481	-6894
61.053105	1481	-6894
61.103110	1481	-6894
61.153115	1481	-6894
61.203120	1481	-6894
61.253125	1481	-6894
61.302130	1481	-6894
61.352135	1481	-6894
61.402140	1481	-6894
61.452145	1481	-6894
61.502150	1481	-6894
61.552155	1481	-6894
61.602160	1481	-6894
61.652164	1481	-6894
61.702169	1481	-6894
61.752175	1481	-6894
61.802180	1481	-6894
61.852185	1481	-6894
61.902190	1481	-6894
61.952195	1481	-6894
62.002200	1481	-6894
62.052205	1481	-6894
62.102210	1481	-6894
62.152215	1481	-6894
62.202219	1481	-6894
62.252224	1481	-6894
62.302229	1481	-6894
62.352235	1481	-6894
62.402240	1481	-6894
62.452245	1481	-6894
62.502250	1481	-6894
62.552255	1481	-6894
62.602260	1481	-6894
62.652265	1481	-6894
62.702270	1481	-6894
62.752275	1481	-6878
62.802279	1481	-6870
62.852284	1481	-6838
62.902289	1481	-6810
62.952295	1481	-6786
63.002300	1481	-6786
63.052305	1481	-6786
63.102310	1481	-6774
63.152315	1481	-6766
63.202320	1481	-6738
63.252325	1481	-6738
63.302330	1481	-6738
63.352334	1481	-6738
63.402339	1481	-6738
63.452344	1481	-6726
63.502350	1481	-6726
63.552355	1481	-6726
63.602360	1481	-6726
63.652365	1481	-6726
63.722372	1481	-6726
63.752375	1481	-6726
63.802380	1481	-6718
63.852385	1481	-6718
63.902390	1481	-6718
63.952394	1481	-6710
64.002399	1481	-6702
64.052404	1481	-6702
64.102410	1481	-6666
64.152415	1481	-6666
64.202420	1481	-6654
64.252425	1481	-6654
64.302430	1481	-6654
64.352435	1481	-6654
64.402440	1481	-6598
64.452445	1481	-6538
64.502450	1481	-6538
64.552454	1481	-6538
64.602459	1481	-6538
64.652464	1481	-6538
64.702470	1481	-6538
64.752475	1481	-6538
64.802480	1481	-6538
64.852485	1481	-6538
64.902490	1481	-6538
64.952495	1485	-6538
65.002500	1509	-6538
65.052505	1509	-6538
65.102509	1509	-6538
65.152514	1509	-6538
65.202519	1509	-6538
65.252525	1509	-6538
65.302530	1509	-6538
65.352535	1509	-6538
65.402540	1509	-6538
65.452545	1509	-6538
65.502550	1509	-6538
65.552555	1509	-6538
65.602560	1509	-6538
65.652565	1509	-6538
65.702569	1509	-6538
65.752574	1509	-6538
65.802579	1509	-6538
65.852585	1509	-6538
65.902590	1509	-6538
65.952595	1509	-6538
66.002600	1509	-6538
66.052605	1509	-6538
66.102610	1509	-6538
66.152615	1509	-6538
66.202620	1509	-6538
66.252625	1509	-6538
66.302629	1509	-6538
66.352634	1509	-6538
66.402639	1509	-6538
66.452645	1509	-6538
66.502650	1509	-6538
66.552655	1509	-6538
66.602660	1509	-6538
66.652665	1509	-6538
66.702670	1509	-6538
66.752675	1509	-6538
66.802680	1509	-6538
66.852684	1509	-6538
66.902689	1509	-6538
66.952694	1509	-6538
67.002700	1509	-6538
67.052705	1509	-6538
67.102710	1509	-6538
67.152715	1509	-6538
67.202720	1509	-6538
67.252725	1509	-6538
67.302730	1509	-6538
67.352735	1509	-6538
67.402740	1509	-6538
67.452744	1509	-6538
67.502749	1509	-6538
67.552754	1509	-6538
67.602760	1509	-6538
67.652765	1509	-6538
67.702770	1509	-6538
67.752775	1509	-6538
67.802780	1509	-6538
67.852785	1509	-6538
67.902790	1509	-6538
67.952795	1509	-6538
68.002800	1509	-6538
68.052804	1509	-6538
68.102809	1509	-6538
68.152814	1509	-6538
68.202820	1509	-6538
68.252825	1509	-6538
68.302830	1509	-6538
68.352835	1509	-6538
68.402840	1509	-6538
68.452845	1509	-6538
68.502850	1509	-6538
68.552855	1509	-6538
68.602859	1509	-6538
68.652864	1509	-6538
68.702869	1509	-6538
68.752875	1509	-6538
68.802880	1509	-6538
68.852885	1509	-6538
68.902890	1509	-6538
68.952895	1509	-6538
69.002900	1509	-6538
69.052905	1509	-6538
69.102910	1509	-6538
69.152915	1509	-6538
69.202919	1509	-6538
69.252924	1509	-6538
69.302929	1509	-6538
69.352935	1509	-6538
69.402940	1509	-6538
69.452945	1509	-6538
69.502950	1509	-6538
69.552955	1509	-6538
69.602960	1509	-6538
69.652965	1509	-6538
69.706970	1509	-6538
69.752975	1509	-6538
69.802979	1509	-6538
69.852984	1509	-6538
69.902989	1509	-6538
69.952995	1509	-6538
70.003000	1509	-6538
70.053005	1509	-6538
70.103010	1509	-6538
70.153015	1509	-6538
70.203020	1509	-6538
70.253025	1509	-6538
70.303030	1509	-6538
70.353034	1509	-6538
70.403039	1509	-6538
70.453044	1509	-6538
70.503050	1509	-6538
70.553055	1509	-6538
70.603060	1509	-6538
70.653065	1509	-6538
70.703070	1509	-6538
70.753075	1509	-6538
70.803080	1509	-6538
70.853085	1509	-6538
70.903090	1509	-6538
70.953094	1509	-6538
71.003099	1509	-6538
71.053104	1509	-6538
71.103110	1509	-6538
71.153115	1509	-6538
71.203120	1509	-6538
71.253125	1509	-6538
71.303130	1509	-6538
71.353135	1509	-6538
71.403140	1509	-6538
71.453145	1509	-6538
71.503150	1509	-6538
71.553154	1509	-6538
71.603159	1509	-6538
71.653164	1509	-6538
71.703170	1509	-6538
71.753175	1509	-6538
71.803180	1509	-6538
71.853185	1509	-6538
71.903190	1509	-6538
71.953195	1509	-6538
72.003200	1509	-6538
72.053205	1509	-6538
72.103209	1509	-6538
72.153214	1509	-6538
72.203219	1509	-6538
72.253225	1509	-6538
72.303230	1509	-6538
72.353235	1509	-6538
72.403240	1509	-6538
72.453245	1509	-6538
72.503250	1509	-6538
72.553255	1509	-6538
72.603260	1509	-6538
72.653265	1509	-6538
72.703269	1509	-6538
72.753274	1509	-6538
72.803279	1509	-6538
72.853285	1509	-6538
72.903290	1509	-6538
72.953295	1509	-6538
73.003300	1509	-6538
73.053305	1509	-6538
73.103310	1509	-6538
73.153315	1509	-6538
73.203320	1509	-6538
73.253325	1509	-6538
73.303329	1509	-6538
73.353334	1509	-6538
73.403339	1509	-6538
73.453345	1509	-6538
73.503350	1509	-6538
73.553355	1509	-6538
73.603360	1509	-6538
73.653365	1509	-6538
73.703370	1509	-6538
73.753375	1509	-6538
73.803380	1509	-6538
73.853384	1509	-6538
73.903389	1509	-6538
73.953394	1509	-6538
74.003400	1509	-6538
74.053405	1509	-6538
74.103410	1509	-6538
74.153415	1509	-6538
74.203420	1509	-6538
74.253425	1509	-6538
74.303430	1509	-6538
74.353435	1509	-6538
74.403440	1509	-6538
74.453444	1509	-6538
74.503449	1509	-6538
74.553454	1501	-6538
74.603460	1461	-6538
74.653465	1461	-6538
74.703470	1461	-6538
74.753475	1461	-6538
74.803480	1461	-6538
74.853485	1461	-6538
74.903490	1461	-6538
74.953495	1461	-6538
75.003500	1461	-6538
75.053504	1461	-6538
75.103509	1461	-6538
75.153514	1461	-6538
75.203520	1461	-6538
75.253525	1437	-6538
75.303530	1429	-6538
75.353535	1417	-6538
75.403540	1417	-6538
75.453545	1417	-6538
75.503550	1417	-6538
75.553555	1417	-6538
75.603559	1417	-6538
75.653564	1417	-6538
75.703569	1417	-6538
75.753575	1417	-6538
75.803580	1413	-6538
75.853585	1401	-6538
75.903590	1401	-6538
75.953595	1401	-6538
76.003600	1369	-6538
76.053605	1325	-6538
76.103610	1325	-6538
76.153615	1325	-6538
76.203619	1325	-6538
76.253624	1325	-6538
76.303629	1325	-6538
76.353635	1325	-6538
76.403640	1325	-6538
76.453645	1321	-6538
76.503650	1321	-6538
76.553655	1309	-6538
76.603660	1309	-6538
76.653665	1305	-6538
76.703670	1305	-6538
76.753675	1297	-6538
76.803679	1285	-6538
76.853684	1285	-6538
76.903689	1285	-6538
76.953695	1281	-6538
77.003700	1281	-6538
77.053705	1281	-6538
77.103710	1281	-6538
77.153715	1281	-6538
77.203720	1277	-6538
77.253725	1265	-6538
77.303730	1261	-6538
77.353734	1261	-6538
77.403739	1261	-6538
77.453744	1261	-6538
77.503750	1261	-6538
77.553755	1257	-6538
77.603760	1257	-6538
77.653765	1257	-6538
77.703770	1257	-6538
77.753775	1257	-6538
77.803780	1257	-6538
77.853785	1257	-6538
77.903790	1249	-6538
77.953794	1249	-6538
78.003799	1249	-6538
78.053804	1249	-6538
78.103810	1249	-6538
78.153815	1249	-6538
78.203820	1249	-6538
78.253825	1249	-6538
78.303830	1249	-6538
78.353835	1249	-6538
78.403840	1249	-6538
78.453845	1249	-6538
78.503850	1249	-6538
78.553854	1249	-6538
78.603859	1249	-6538
78.653864	1249	-6538
78.703870	1249	-6538
78.753875	1249	-6538
78.802879	1249	-6538
78.852884	1249	-6538
78.902890	1249	-6538
78.952895	1249	-6538
79.002900	1249	-6538
79.052905	1249	-6538
79.102910	1249	-6538
79.152915	1249	-6538
79.202919	1249	-6538
79.252924	1249	-6538
79.302929	1249	-6538
79.352934	1249	-6538
79.402939	1249	-6538
79.452945	1249	-6538
79.502950	1249	-6538
79.552955	1249	-6538
79.602960	1249	-6538
79.652965	1249	-6538
79.702970	1249	-6538
79.752975	1249	-6538
79.802979	1249	-6538
79.852984	1249	-6538
79.902989	1249	-6538
79.952994	1245	-6538
80.002999	1241	-6566
80.053005	1125	-6694
80.103010	1013	-6754
80.153015	829	-6814
80.203020	733	-6874
80.253025	685	-6874
80.303030	685	-6878
80.353034	685	-6894
80.403039	685	-6894
80.453044	669	-6918
80.503049	653	-7038
80.553054	581	-7222
80.603059	401	-7410
80.653065	213	-7638
80.703070	101	-7758
80.753075	73	-7802
80.803080	37	-7910
80.853085	-100	-8066
80.903090	-660	-8570
80.953094	-1048	-8986
81.003099	-1072	-9018
81.053104	-1072	-9018
81.103109	-1072	-9006
81.153114	-1072	-8954
81.203120	-1072	-8946
81.253125	-1072	-8946
81.303130	-1072	-8946
81.353135	-1072	-8926
81.403140	-1072	-8794
81.453145	-1072	-8794
81.503150	-1072	-8794
81.553154	-1048	-8794
81.603159	-1048	-8794
81.653164	-1048	-8794
81.703169	-1048	-9546
81.753174	-780	-10146
81.803180	-780	-10146
81.853185	-780	-9862
81.903190	-784	-9610
81.953195	-964	-9366
82.003200	-848	-9218
82.053205	-328	-9026
82.103209	-328	-9026
82.153214	-328	-9026
82.203219	-328	-9026
82.253224	-328	-9026
82.303229	-328	-9026
82.353234	-328	-9026
82.403240	-328	-9026
82.453245	-328	-9026
82.503250	-320	-9026
82.553255	-304	-9026
82.603260	-276	-9026
82.653265	-276	-9026
82.703269	-276	-9026
82.753274	-252	-9026
82.803279	-208	-9026
82.853284	-184	-9026
82.903289	-156	-9026
82.953295	-156	-9026
83.003300	-156	-9026
83.053305	-148	-9026
83.103310	-148	-9026
83.153315	-148	-9026
83.203320	-148	-9026
83.253325	-148	-9026
83.303329	-148	-9026
83.353334	-148	-9026
83.403339	-148	-9026
83.453344	-148	-9026
83.503349	-148	-9026
83.553355	-148	-9026
83.603360	-148	-9026
83.653365	-148	-9026
83.703370	-148	-9026
83.753375	-148	-9026
83.803380	-148	-9026
83.853384	-148	-9026
83.903389	-148	-9026
83.953394	-148	-9026
84.003399	-148	-9026
84.053404	-148	-9026
84.103409	-148	-9026
84.153415	-148	-9026
84.203420	-148	-9026
84.253425	-148	-9026
84.303430	-148	-9026
84.353435	-148	-9026
84.403440	-148	-9010
84.453444	-148	-9010
84.503449	-148	-9010
84.553454	-148	-9010
84.603459	-148	-9010
84.653464	-148	-9010
84.703470	-148	-9010
84.753475	-148	-9010
84.803480	-148	-9010
84.853485	-148	-9010
84.903490	-148	-9010
84.953495	-148	-9010
85.003500	-148	-9010
85.053504	-148	-9010
85.103509	-148	-9010
85.153514	-148	-9006
85.203519	-148	-9006
85.253524	-148	-9006
85.303530	-148	-9006
85.353535	-148	-9006
85.403540	-148	-9006
85.453545	-148	-9006
85.503550	-148	-9006
85.553555	-148	-9006
85.603559	-148	-9006
85.653564	-148	-9006
85.703569	-148	-9006
85.753574	-148	-9006
85.803579	-148	-9006
85.853584	-148	-9006
85.903590	-148	-8990
85.953595	-148	-8974
86.003600	-148	-8950
86.053605	-148	-8934
86.103610	-148	-8886
86.153615	-148	-8734
86.203619	-148	-8638
86.253624	-148	-8530
86.303629	-148	-8442
86.353634	-148	-8362
86.403639	-148	-8290
86.453645	-148	-8174
86.503650	-148	-8058
86.553655	-148	-8058
86.603660	-148	-8038
86.653665	-148	-8038
86.703670	-148	-8034
86.753675	-148	-8034
86.803679	-148	-8014
86.853684	-148	-7954
86.903689	-148	-7954
86.953694	-148	-7918
87.003699	-148	-7858
87.053705	-148	-7838
87.103710	-148	-7826
87.153715	-148	-7806
87.203720	-148	-7794
87.253725	-148	-7786
87.303730	-148	-7730
87.353734	-148	-7730
87.403739	-148	-7730
87.453744	-148	-7718
87.503749	-148	-7718
87.553754	-148	-7718
87.603759	-148	-7718
87.653765	-148	-7718
87.703770	-148	-7718
87.753775	-148	-7718
87.803780	-148	-7718
87.853785	-148	-7718
87.903790	-148	-7718
87.953794	-148	-7718
88.003799	-148	-7718
88.053804	-148	-7718
88.103809	-148	-7718
88.153814	-148	-7718
88.203820	-148	-7718
88.253825	-148	-7718
88.303830	-148	-7718
88.353835	-148	-7718
88.403840	-148	-7718
88.453845	-148	-7718
88.503850	-148	-7718
88.553854	-148	-7718
88.603859	-148	-7714
88.653864	-148	-7714
88.703869	-148	-7714
88.753874	-148	-7714
88.803880	-148	-7714
88.853885	-148	-7714
88.903890	-148	-7714
88.953895	-148	-7714
89.003900	-148	-7714
89.053905	-148	-7714
89.103909	-148	-7714
89.153914	-148	-7714
89.203919	-148	-7714
89.253924	-148	-7714
89.303929	-148	-7714
89.353934	-148	-7714
89.403940	-148	-7714
89.453945	-148	-7714
89.503950	-148	-7714
89.553955	-148	-7714
89.603960	-148	-7714
89.653965	-148	-7714
89.703969	-148	-7714
89.753974	-148	-7714
89.803979	-148	-7714
89.853984	-148	-7714
89.903989	-148	-7714
89.953995	-148	-7714
90.004000	-148	-7714
90.054005	-148	-7714
90.104010	-148	-7714
90.154015	-148	-7714
90.204020	-148	-7710
90.254025	-148	-7710
90.304029	-148	-7710
90.354034	-148	-7710
90.404039	-148	-7710
90.454044	-148	-7710
90.504049	-148	-7710
90.554055	-148	-7710
90.604060	-148	-7710
90.654065	-148	-7710
90.704070	-148	-7710
90.754075	-148	-7710
90.804080	-148	-7682
90.854084	-148	-7682
90.904089	-148	-7682
90.954094	-148	-7682
91.004099	-148	-7670
91.054104	-148	-7654
91.104109	-148	-7634
91.154115	-148	-7634
91.204120	-148	-7602
91.254125	-148	-7598
91.304130	-148	-7598
91.354135	-148	-7598
91.404140	-148	-7598
91.454144	-148	-7598
91.504149	-148	-7598
91.554154	-148	-7598
91.604159	-148	-7598
91.654164	-148	-7598
91.704170	-148	-7598
91.754175	-148	-7598
91.804180	-148	-7598
91.854185	-148	-7598
91.904190	-148	-7598
91.954195	-148	-7598
92.004200	-148	-7598
92.054204	-148	-7598
92.104209	-148	-7598
92.154214	-148	-7598
92.204219	-148	-7598
92.254224	-148	-7598
92.304230	-148	-7598
92.354235	-148	-7598
92.404240	-148	-7598
92.454245	-148	-7598
92.504250	-148	-7598
92.554255	-148	-7598
92.604259	-148	-7598
92.654264	-148	-7598
92.704269	-148	-7598
92.754274	-148	-7598
92.804279	-148	-7598
92.854284	-148	-7598
92.904290	-148	-7598
92.954295	-148	-7598
93.004300	-148	-7598
93.054305	-148	-7598
93.104310	-148	-7598
93.154315	-148	-7598
93.204319	-148	-7598
93.254324	-148	-7598
93.304329	-148	-7598
93.354334	-148	-7598
93.404339	-148	-7598
93.454345	-148	-7598
93.504350	-148	-7598
93.554355	-148	-7598
93.604360	-148	-7598
93.654365	-148	-7598
93.704370	-148	-7598
93.756375	-148	-7598
93.804379	-148	-7598
93.864386	-148	-7598
93.904389	-148	-7598
93.954394	-148	-7598
94.004399	-148	-7598
94.054405	-148	-7598
94.104410	-148	-7598
94.162416	-148	-7598
94.204420	-148	-7598
94.254425	-148	-7598
94.304430	-148	-7598
94.354434	-148	-7598
94.404439	-148	-7598
94.454444	-148	-7598
94.504449	-148	-7598
94.554454	-148	-7598
94.604459	-148	-7598
94.654465	-148	-7598
94.704470	-148	-7598
94.754475	-148	-7598
94.804480	-148	-7598
94.854485	-148	-7598
94.904490	-148	-7598
94.954494	-148	-7598
95.004499	-148	-7598
95.062505	-148	-7598
95.104509	-148	-7598
95.154514	-148	-7598
95.204520	-148	-7598
95.254525	-148	-7598
95.314530	-148	-7598
95.363535	-148	-7598
95.404540	-148	-7594
95.465546	-148	-7594
95.504550	-148	-7594
95.554554	-148	-7594
95.604559	-148	-7594
95.663566	-148	-7594
95.746574	-148	-7594
95.761575	-148	-7594
95.832582	-148	-7594
95.868586	-148	-7594
95.904590	-148	-7578
95.954595	-148	-7578
96.006600	-148	-7578
96.065606	-148	-7578
96.104609	-148	-7578
96.154614	-148	-7578
96.204619	-148	-7578
96.262625	-148	-7578
96.303629	-148	-7578
96.353634	-148	-7578
96.403639	-148	-7578
96.456645	-148	-7578
96.503649	-148	-7578
96.553654	-148	-7578
96.603660	-148	-7578
96.653665	-148	-7578
96.703670	-148	-7578
96.753675	-148	-7578
96.803679	-148	-7578
96.853684	-148	-7578
96.903689	-148	-7578
96.953694	-148	-7578
97.005700	-148	-7578
97.053704	-148	-7578
97.103709	-148	-7578
97.153715	-148	-7578
97.203720	-148	-7578
97.267726	-148	-7578
97.304729	-148	-7578
97.353734	-148	-7578
97.403739	-148	-7578
97.453744	-148	-7578
97.515750	-148	-7578
97.565756	-148	-7578
97.603759	-148	-7578
97.659765	-148	-7578
97.703769	-148	-7578
97.753775	-148	-7578
97.803780	-148	-7578
97.853785	-148	-7578
97.903790	-148	-7578
97.953794	-148	-7578
98.003799	-148	-7578
98.104809	-148	-7578
98.152814	-148	-7578
98.202819	-148	-7578
98.260825	-148	-7566
98.302829	-148	-7566
98.352834	-148	-7566
98.402839	-148	-7566
98.452844	-148	-7566
98.502849	-148	-7566
98.552855	-148	-7566
98.602859	-148	-7566
98.652864	-148	-7566
98.702869	-148	-7566
98.752874	-148	-7566
98.802879	-148	-7566
98.864885	-148	-7566
98.924891	-148	-7566
98.952894	-148	-7566
99.002899	-148	-7566
99.064906	-148	-7566
99.104909	-148	-7566
99.161915	-148	-7566
99.202919	-148	-7566
99.252924	-148	-7566
99.312930	-148	-7566
99.363935	-148	-7566
99.402939	-148	-7566
99.452944	-148	-7562
99.512950	-148	-7562
99.565956	-148	-7562
99.628962	-156	-7562
99.652964	-156	-7562
99.708970	-156	-7562
99.752975	-156	-7558
99.802979	-156	-7554
99.852984	-156	-7554
99.912990	-156	-7538
100.018001	-156	-7538
100.065005	-156	-7538
100.103009	-156	-7538
100.210020	-156	-7538
100.253024	-156	-7538
100.303030	-156	-7538
100.353034	-156	-7538
100.403039	-156	-7538
100.453044	-156	-7538
100.516051	-156	-7538
100.566056	-156	-7538
100.603059	-156	-7538
100.653064	-156	-7538
100.703069	-156	-7538
100.753074	-156	-7538
100.803079	-156	-7538
100.865086	-156	-7538
100.903090	-156	-7538
100.953094	-156	-7538
101.003099	-156	-7538
101.053104	-156	-7538
101.103109	-156	-7538
101.153114	-156	-7538
101.203119	-156	-7538
101.264125	-156	-7538
101.303129	-156	-7538
101.353134	-156	-7538
101.403139	-156	-7538
101.462145	-156	-7538
101.520151	-156	-7534
101.553154	-156	-7534
101.603159	-156	-7534
101.653164	-156	-7534
101.703169	-156	-7534
101.753174	-156	-7518
101.803179	-156	-7518
101.863185	-156	-7518
101.903189	-156	-7514
101.953194	-156	-7514
102.003199	-156	-7506
102.062205	-156	-7494
102.103209	-156	-7482
102.153214	-156	-7482
102.203219	-156	-7466
102.268226	-156	-7466
102.305230	-156	-7462
102.364235	-156	-7462
102.403239	-156	-7462
102.453244	-156	-7454
102.503249	-156	-7442
102.553254	-156	-7438
102.603259	-156	-7426
102.653265	-156	-7390
102.703269	-156	-7382
102.756275	-156	-7358
102.803279	-156	-7286
102.853284	-100	-7186
102.903289	45	-7082
102.953294	161	-6770
103.003299	325	-6422
103.053304	513	-6046
103.103309	777	-5626
103.153314	1137	-5081
103.203320	1561	-4065
103.267326	1817	-2505
103.303329	1817	-2001
103.353334	1653	-1645
103.415340	1597	-961
103.465345	1261	-533
103.503349	973	-245
103.553354	809	0
103.603359	533	0
103.653364	465	0
103.703369	285	0
103.753374	0	0
103.811380	0	0
103.911390	0	0
103.959395	0	0
104.003399	0	0
104.062405	0	0
104.123411	0	0
104.153414	0	0
104.203419	0	0
104.253424	0	0
104.303429	0	0
104.353434	0	0
104.403440	0	0
104.453444	0	0
104.503449	0	0
104.553454	0	0
104.603459	0	0
104.661465	0	0
104.703469	0	0
104.753474	0	0
104.812480	0	0
104.918491	0	0
104.953495	0	0
105.003500	0	0
105.053504	0	0
105.112510	0	0
105.194519	0	0
105.207520	0	0
105.279527	0	0
105.303529	0	0
105.403539	0	0
105.464545	0	0
105.503549	0	0
105.553555	0	0
105.603559	0	0
105.655564	0	0
105.703569	0	0
105.753574	0	0
105.814580	0	0
105.873586	0	0
105.903589	0	0
105.953594	0	0
106.003599	0	0
106.053604	0	0
106.103609	0	0
106.164616	0	0
106.203619	0	0
106.253624	0	0
106.311630	0	0
106.353634	0	0
106.422641	0	0
106.453644	0	0
106.503649	0	0
106.553654	0	0
106.603659	0	0
106.653664	0	0
106.703670	0	0
106.753675	0	0
106.803679	0	0
106.853684	0	0
106.903689	0	0
106.953694	0	0
107.003699	0	0
107.053704	0	0
107.103709	0	0
107.153714	0	0
107.214720	0	0
107.264725	0	0
107.303730	0	0
107.361735	0	0
107.403739	0	0
107.453744	0	0
107.503749	0	0
107.553754	0	0
107.612760	0	0
107.671766	0	0
107.732772	0	0
107.753774	0	0
107.803779	0	0
107.862785	0	0
107.903790	0	0
107.963795	0	0
108.021801	0	0
108.053804	0	0
108.109810	0	0
108.153814	0	0
108.203819	0	0
108.253824	0	0
108.303829	0	0
108.355834	0	0
108.413840	0	0
108.463845	0	0
108.503850	0	0
108.553854	0	0
108.603859	0	0
108.653864	0	0
108.711870	0	0
108.763875	0	0
108.803879	0	0
108.853884	0	0
108.907890	0	0
108.953894	0	0
109.003899	0	0
109.061905	0	0
109.120911	0	0
109.153914	0	0
109.203919	0	0
109.253924	0	0
109.303929	0	0
109.353934	0	0
109.403939	0	0
109.453944	0	0
109.503949	0	0
109.556954	0	0
109.603959	0	0
109.653965	0	0
109.711970	0	0
109.764976	0	0
109.803979	0	0
109.853984	0	0
109.903989	0	0
109.958995	0	0
110.003999	0	0
110.063005	0	0
110.104009	0	0
110.167016	0	0
110.228022	0	0
110.254025	0	0
110.356035	0	0
110.404039	0	0
110.454044	0	0
110.504049	0	0
110.554054	0	0
110.604059	0	0
110.654064	0	0
110.704069	0	0
110.754074	0	0
110.804080	0	0
110.854084	0	0
110.904089	0	0
110.954094	0	0
111.004099	0	0
111.063105	0	0
111.104109	0	0
111.154114	0	0
111.204119	0	0
111.254124	0	0
111.312130	0	0
111.391138	0	0
111.404140	0	0
111.454144	0	0
111.518151	0	0
111.605159	0	0
111.654164	0	0
111.704169	0	0
111.754174	0	0
111.817181	0	0
111.883187	0	0
111.943193	0	0
111.957195	0	0
112.004200	0	0
112.104209	0	0
112.154214	0	0
112.204219	0	0
112.254224	0	0
112.304229	0	0
112.354234	0	0
112.413240	0	0
112.464245	0	0
112.504249	0	0
112.554255	0	0
112.604259	0	0
112.665266	0	0
112.704269	0	0
112.754274	0	0
112.812280	0	0
112.871286	0	0
112.918291	0	0
112.954294	0	0
113.004299	0	0
113.054304	0	0
113.114310	0	0
113.219321	0	0
113.287328	0	0
113.304329	0	0
113.371336	0	0
113.404339	0	0
113.454344	0	0
113.513350	0	0
113.618361	0	0
113.654364	0	0
113.704370	0	0
113.753374	0	0
113.814380	0	0
113.921391	0	0
113.953394	0	0
114.003399	0	0
114.053404	0	0
114.103409	0	0
114.153414	0	0
114.203419	0	0
114.260425	0	0
114.303429	0	0
114.363435	0	0
114.403439	0	0
114.453444	0	0
114.510450	0	0
114.553454	0	0
114.603459	0	0
114.664465	0	0
114.703469	0	0
114.753474	0	0
114.813480	0	0
114.863485	0	0
114.903489	0	0
114.953494	0	0
115.003499	0	0
115.053504	0	0
115.103509	0	0
115.153514	0	0
115.203519	0	0
115.253524	0	0
115.303529	0	0
115.353534	0	0
115.403539	0	0
115.453544	0	0
115.503549	0	0
115.562555	0	0
115.603559	0	0
115.653564	0	0
115.703569	0	0
115.753574	0	0
115.811580	0	0
115.870586	0	0
115.903589	0	0
115.953594	0	0
116.003599	0	0
116.100609	0	0
116.114610	0	0
116.153614	0	0
116.203619	0	0
116.253624	0	0
116.303629	0	0
116.353634	0	0
116.453644	0	0
116.506649	0	0
116.553654	0	0
116.603659	0	0
116.653664	0	0
116.715671	0	0
116.753674	0	0
116.803679	0	0
116.853684	0	0
116.903689	0	0
116.953694	0	0
117.003699	0	0
117.067706	0	0
117.103709	0	0
117.160715	0	0
117.203719	0	0
117.253724	0	0
117.303729	0	0
117.366735	0	0
117.403739	0	0
117.453744	0	0
117.514750	0	0
117.574756	0	0
117.636763	0	0
117.653764	0	0
117.721771	0	0
117.753774	0	0
117.803779	0	0
117.853784	0	0
117.903789	0	0
117.961795	0	0
118.061805	0	0
118.103809	0	0
118.153814	0	0
118.203819	0	0
118.261825	0	0
118.303829	0	0
118.353834	0	0
118.403839	0	0
118.453844	0	0
118.503849	0	0
118.553854	0	0
118.603859	0	0
118.653864	0	0
118.703869	0	0
118.753874	0	0
118.811880	0	0
118.870886	0	0
118.903889	0	0
118.966896	0	0
119.024901	0	0
119.053904	0	0
119.103909	0	0
119.153914	0	0
119.211920	0	0
119.293928	0	0
119.307930	0	0
119.415940	0	0
119.453944	0	0
119.508950	0	0
119.575956	0	0
119.603959	0	0
119.653964	0	0
119.703969	0	0
119.757975	0	0
119.803979	0	0
119.853984	0	0
119.915990	0	0
119.953994	0	0
120.003999	0	0
120.054004	0	0
120.104009	0	0
120.154014	0	0
120.204019	0	0
120.263025	0	0
120.304029	0	0
120.354034	0	0
120.412040	0	0
120.454044	0	0
120.520051	0	0
120.554054	0	0
120.604059	0	0
120.666065	0	0
120.704069	0	0
120.754074	0	0
120.804079	0	0
120.854084	0	0
120.904089	0	0
120.954094	0	0
121.004099	0	0
121.054104	0	0
121.104109	0	0
121.154114	0	0
121.204119	0	0
121.254124	0	0
121.316131	0	0
121.354134	0	0
121.404139	0	0
121.454144	0	0
121.504149	0	0
121.554154	0	0
121.604159	0	0
121.654164	0	0
121.711170	0	0
121.754174	0	0
121.820181	0	0
121.854184	0	0
121.904189	0	0
121.962195	0	0
122.004199	0	0
122.064205	0	0
122.122211	0	0
122.154214	0	0
122.243223	0	0
122.256225	0	0
122.312230	0	0
122.366235	0	0
122.404239	0	0
122.456244	0	0
122.514250	0	0
122.561255	0	0
122.604259	0	0
122.654264	0	0
122.704269	0	0
122.754274	0	0
122.812280	0	0
122.854284	0	0
122.904289	0	0
122.954294	0	0
123.007299	0	0
123.070306	0	0
123.107309	0	0
123.174316	0	0
123.234322	0	0
123.254324	0	0
123.304329	0	0
123.354334	0	0
123.404339	0	0
123.457345	0	0
123.504349	0	0
123.554354	0	0
123.604359	0	0
123.656364	0	0
123.704369	0	0
123.754374	0	0
123.814380	0	0
123.860385	0	0
123.904389	0	0
123.954394	0	0
124.004399	0	0
124.060405	0	0
124.104409	0	0
124.163415	0	0
124.204419	0	0
124.254424	0	0
124.316431	0	0
124.354434	0	0
124.419441	0	0
124.454444	0	0
124.504449	0	0
124.554454	0	0
124.604459	0	0
124.657465	0	0
124.704469	0	0
124.754474	0	0
124.804479	0	0
124.854484	0	0
124.904489	0	0
124.954494	0	0
125.004499	0	0
125.054504	0	0
125.113510	0	0
125.162515	0	0
125.204519	0	0
125.254524	0	0
125.304529	0	0
125.362535	0	0
125.404539	0	0
125.454544	0	0
125.504549	0	0
125.554554	0	0
125.606559	0	0
125.654564	0	0
125.704569	0	0
125.754574	0	0
125.816580	0	0
125.917591	0	0
125.985597	0	0
126.004599	0	0
126.054604	0	0
126.127612	0	0
126.163615	0	0
126.204619	0	0
126.254624	0	0
126.304629	0	0
126.354634	0	0
126.416640	0	0
126.454644	0	0
126.504649	0	0
126.554654	0	0
126.604659	0	0
126.664665	0	0
126.704669	0	0
126.754674	0	0
126.813680	0	0
126.914690	0	0
127.004699	0	0
127.054704	0	0
127.104709	0	0
127.154714	0	0
127.204719	0	0
127.264725	0	0
127.324731	0	0
127.354734	0	0
127.404739	0	0
127.454744	0	0
127.504749	0	0
127.562755	0	0
127.604759	0	0
127.654764	0	0
127.704769	0	0
127.760775	0	0
127.822781	0	0
127.887787	0	0
127.904789	0	0
127.961795	0	0
128.004799	0	0
128.054804	0	0
128.104809	0	0
128.154814	0	0
128.211820	0	0
128.254824	0	0
128.314830	0	0
128.369836	0	0
128.404839	0	0
128.510850	0	0
128.554854	0	0
128.604859	0	0
128.664865	0	0
128.704869	0	0
128.754874	0	0
128.814880	0	0
128.917891	0	0
128.954894	0	0
129.004899	0	0
129.054904	0	0
129.104909	0	0
129.154914	0	0
129.204919	0	0
129.254924	0	0
129.307930	0	0
129.354934	0	0
129.404939	0	0
129.454944	0	0
129.504949	0	0
129.554954	0	0
129.615960	0	0
129.654964	0	0
129.704969	0	0
129.754974	0	0
129.804979	0	0
129.862985	0	0
129.904989	0	0
129.954994	0	0
130.004999	0	0
130.055004	0	0
130.109010	0	0
130.155014	0	0
130.205019	0	0
130.255024	0	0
130.305029	0	0
130.355034	0	0
130.405039	0	0
130.504049	0	0
130.509049	0	0
130.555054	0	0
130.605059	0	0
130.665065	0	0
130.727071	0	0
130.755074	0	0
130.805079	0	0
130.855084	0	0
130.917090	0	0
130.955094	0	0
131.005099	0	0
131.069106	0	0
131.107110	0	0
131.155114	0	0
131.205119	0	0
131.254124	0	0
131.304129	0	0
131.368135	0	0
131.404139	0	0
131.454144	0	0
131.515150	0	0
131.569156	0	0
131.632162	0	0
131.654164	0	0
131.704169	0	0
131.754174	0	0
131.804179	0	0
131.854184	0	0
131.904189	0	0
131.962195	0	0
132.062205	0	0
132.104209	0	0
132.154214	0	0
132.204219	0	0
132.263225	0	0
132.304229	0	0
132.354234	0	0
132.404239	0	0
132.454244	0	0
132.504249	0	0
132.554254	0	0
132.604259	0	0
132.654264	0	0
132.704269	0	0
132.754274	0	0
132.811280	0	0
132.854284	0	0
132.904289	0	0
132.966295	0	0
133.025301	0	0
133.054304	0	0
133.104309	0	0
133.154314	0	0
133.212320	0	0
133.254324	0	0
133.304329	0	0
133.354334	0	0
133.404339	0	0
133.456344	0	0
133.516350	0	0
133.554354	0	0
133.604359	0	0
133.654364	0	0
133.706369	0	0
133.766376	0	0
133.804379	0	0
133.866385	0	0
133.904389	0	0
133.954394	0	0
134.004399	0	0
134.054404	0	0
134.104409	0	0
134.154414	0	0
134.212420	0	0
134.266425	0	0
134.304429	0	0
134.363435	0	0
134.404439	0	0
134.466445	0	0
134.504449	0	0
134.564455	0	0
134.626462	0	0
134.654464	0	0
134.704469	0	0
134.754474	0	0
134.804479	0	0
134.854484	0	0
134.904489	0	0
134.954494	0	0
135.004499	0	0
135.054504	0	0
135.104509	0	0
135.154514	0	0
135.204519	0	0
135.266525	0	0
135.304529	0	0
135.354534	0	0
135.404539	0	0
135.454544	0	0
135.504549	0	0
135.554554	0	0
135.604559	0	0
135.662565	0	0
135.704569	0	0
135.764575	0	0
135.804579	0	0
135.854584	0	0
135.914590	0	0
135.970596	0	0
136.029602	0	0
136.087607	0	0
136.104609	0	0
136.154614	0	0
136.204619	0	0
136.254624	0	0
136.304629	0	0
136.354634	0	0
136.406639	0	0
136.464645	0	0
136.504649	0	0
136.554654	0	0
136.604659	0	0
136.654664	0	0
136.704669	0	0
136.763675	0	0
136.804679	0	0
136.854684	0	0
136.904689	0	0
136.954694	0	0
137.018701	0	0
137.101709	0	0
137.159715	0	0
137.218720	0	0
137.254724	0	0
137.304729	0	0
137.354734	0	0
137.454744	0	0
137.508749	0	0
137.554754	0	0
137.604759	0	0
137.654764	0	0
137.706769	0	0
137.754774	0	0
137.804779	0	0
137.854784	0	0
137.904789	0	0
137.954794	0	0
138.004799	0	0
138.054804	0	0
138.110810	0	0
138.154814	0	0
138.216820	0	0
138.254824	0	0
138.304829	0	0
138.365835	0	0
138.404839	0	0
138.466846	0	0
138.504849	0	0
138.554854	0	0
138.604859	0	0
138.654864	0	0
138.707870	0	0
138.754874	0	0
138.804879	0	0
138.854884	0	0
138.904889	0	0
138.954894	0	0
139.004899	0	0
139.054904	0	0
139.104909	0	0
139.162915	0	0
139.204919	0	0
139.254924	0	0
139.304929	0	0
139.354934	0	0
139.414940	0	0
139.461945	0	0
139.504949	0	0
139.554954	0	0
139.604959	0	0
139.656964	0	0
139.704969	0	0
139.754974	0	0
139.804979	0	0
139.854984	0	0
139.912990	0	0
140.039002	0	0
140.055004	0	0
140.105009	0	0
140.182017	0	0
140.218020	0	0
140.255024	0	0
140.305029	0	0
140.355034	0	0
140.405039	0	0
140.464045	0	0
140.505049	0	0
140.555054	0	0
140.605059	0	0
140.655064	0	0
140.707069	0	0
140.755074	0	0
140.805079	0	0
140.864085	0	0
140.923091	0	0
140.972096	0	0
141.005099	0	0
141.055104	0	0
141.105109	0	0
141.155114	0	0
141.215120	0	0
141.317130	0	0
141.355134	0	0
141.405139	0	0
141.455144	0	0
141.505149	0	0
141.555154	0	0
141.605159	0	0
141.655164	0	0
141.705169	0	0
141.755174	0	0
141.816180	0	0
141.922191	0	0
141.955194	0	0
142.005199	0	0
142.055204	0	0
142.105209	0	0
142.155214	0	0
142.205219	0	0
142.263225	0	0
142.305229	0	0
142.364235	0	0
142.405239	0	0
142.455244	0	0
142.512250	0	0
142.555254	0	0
142.605259	0	0
142.665265	0	0
142.705269	0	0
142.755274	0	0
142.805279	0	0
142.866285	0	0
142.905289	0	0
142.955294	0	0
143.005299	0	0
143.055304	0	0
143.105309	0	0
143.155314	0	0
143.205319	0	0
143.257324	0	0
143.305329	0	0
143.355334	0	0
143.405339	0	0
143.455344	0	0
143.505349	0	0
143.564355	0	0
143.605359	0	0
143.655364	0	0
143.705369	0	0
143.755374	0	0
143.813380	0	0
143.868385	0	0
143.905389	0	0
143.955394	0	0
144.005399	0	0
144.057405	0	0
144.105409	0	0
144.155414	0	0
144.205419	0	0
144.255424	0	0
144.305429	0	0
144.355434	0	0
144.405439	0	0
144.455444	0	0
144.505449	0	0
144.555454	0	0
144.605459	0	0
144.667465	0	0
144.705469	0	0
144.755474	0	0
144.805479	0	0
144.863485	0	0
144.905489	0	0
144.955494	0	0
145.019501	0	0
145.060504	0	0
145.105509	0	0
145.155514	0	0
145.216520	0	0
145.255524	0	0
145.319530	0	0
145.355534	0	0
145.405539	0	0
145.466545	0	0
145.505549	0	0
145.566555	0	0
145.605559	0	0
145.655564	0	0
145.705569	0	0
145.755574	0	0
145.805579	0	0
145.855584	0	0
145.913590	0	0
146.056604	0	0
146.105609	0	0
146.155614	0	0
146.205619	0	0
146.263625	0	0
146.305629	0	0
146.355634	0	0
146.405639	0	0
146.455644	0	0
146.513650	0	0
146.589657	0	0
146.605659	0	0
146.655664	0	0
146.705669	0	0
146.755674	0	0
146.812680	0	0
146.855684	0	0
146.905689	0	0
146.966695	0	0
147.025701	0	0
147.055704	0	0
147.105709	0	0
147.155714	0	0
147.213720	0	0
147.293728	0	0
147.305729	0	0
147.355734	0	0
147.405739	0	0
147.456744	0	0
147.517750	0	0
147.555754	0	0
147.605759	0	0
147.655764	0	0
147.705769	0	0
147.765775	0	0
147.805779	0	0
147.866785	0	0
147.905789	0	0
147.955794	0	0
148.005799	0	0
148.055804	0	0
148.105809	0	0
148.155814	0	0
148.215820	0	0
148.266825	0	0
148.305829	0	0
148.363835	0	0
148.405839	0	0
148.467845	0	0
148.505849	0	0
148.563855	0	0
148.625861	0	0
148.655864	0	0
148.704869	0	0
148.754874	0	0
148.804879	0	0
148.854884	0	0
148.904889	0	0
148.954894	0	0
149.004899	0	0
149.054904	0	0
149.104909	0	0
149.154914	0	0
149.204919	0	0
149.265925	0	0
149.324931	0	0
149.354934	0	0
149.404939	0	0
149.454944	0	0
149.504949	0	0
149.554954	0	0
149.604959	0	0
149.661965	0	0
149.704969	0	0
149.764975	0	0
149.804979	0	0
149.854984	0	0
149.911990	0	0
149.968996	0	0
150.028001	0	0
150.087007	0	0
150.105009	0	0
150.155014	0	0
150.205019	0	0
150.255024	0	0
150.305029	0	0
150.355034	0	0
150.407039	0	0
150.464045	0	0
150.524051	0	0
150.555054	0	0
150.605059	0	0
150.655064	0	0
150.705069	0	0
150.764075	0	0
150.805079	0	0
150.855084	0	0
150.905089	0	0
150.955094	0	0
151.019100	0	0
151.063105	0	0
151.123111	0	0
151.184117	0	0
151.205119	0	0
151.255124	0	0
151.305129	0	0
151.405139	0	0
151.458144	0	0
151.505149	0	0
151.555154	0	0
151.605159	0	0
151.657164	0	0
151.705169	0	0
151.755174	0	0
151.805179	0	0
151.855184	0	0
151.905189	0	0
151.955194	0	0
152.005199	0	0
152.060205	0	0
152.105209	0	0
152.155214	0	0
152.205219	0	0
152.255224	0	0
152.316230	0	0
152.363235	0	0
152.425241	0	0
152.455244	0	0
152.505249	0	0
152.568255	0	0
152.605259	0	0
152.659265	0	0
152.705269	0	0
152.755274	0	0
152.805279	0	0
152.855284	0	0
152.905289	0	0
153.005299	0	0
153.055304	0	0
153.105309	0	0
153.163315	0	0
153.205319	0	0
153.255324	0	0
153.305329	0	0
153.355334	0	0
153.405339	0	0
153.455344	0	0
153.505349	0	0
153.555354	0	0
153.605359	0	0
153.658364	0	0
153.705369	0	0
153.755374	0	0
153.805379	0	0
153.855384	0	0
153.913390	0	0
153.973396	0	0
154.005399	0	0
154.055404	0	0
154.117410	0	0
154.162415	0	0
154.205419	0	0
154.255424	0	0
154.305429	0	0
154.355434	0	0
154.413440	0	0
154.463445	0	0
154.505449	0	0
154.555454	0	0
154.605459	0	0
154.658464	0	0
154.705469	0	0
154.755474	0	0
154.814480	0	0
154.872486	0	0
154.919490	0	0
154.955494	0	0
155.005499	0	0
155.055504	0	0
155.105509	0	0
155.166515	0	0
155.226521	0	0
155.255524	0	0
155.305529	0	0
155.355534	0	0
155.423541	0	0
155.455544	0	0
155.505549	0	0
155.555554	0	0
155.605559	0	0
155.655564	0	0
155.717570	0	0
155.792578	0	0
155.806579	0	0
155.855584	0	0
155.905589	0	0
155.955594	0	0
156.005599	0	0
156.055604	0	0
156.114610	0	0
156.170616	0	0
156.231622	0	0
156.255624	0	0
156.305629	0	0
156.363635	0	0
156.405639	0	0
156.455644	0	0
156.515650	0	0
156.568655	0	0
156.627661	0	0
156.655664	0	0
156.721671	0	0
156.755674	0	0
156.805679	0	0
156.855684	0	0
156.905689	0	0
156.955694	0	0
157.013700	0	0
157.071706	0	0
157.125711	0	0
157.155714	0	0
157.205719	0	0
157.255724	0	0
157.305729	0	0
157.355734	0	0
157.412740	0	0
157.455744	0	0
157.505749	0	0
157.555754	0	0
157.605759	0	0
157.663765	0	0
157.705769	0	0
157.755774	0	0
157.805779	0	0
157.855784	0	0
157.908789	0	0
157.955794	0	0
158.005799	0	0
158.055804	0	0
158.105809	0	0
158.155814	0	0
158.205819	0	0
158.255824	0	0
158.305829	0	0
158.355834	0	0
158.405839	0	0
158.455844	0	0
158.517850	0	0
158.555854	0	0
158.605859	0	0
158.655864	0	0
158.713870	0	0
158.760875	0	0
158.805879	0	0
158.869885	0	0
158.906889	0	0
158.955894	0	0
159.005899	0	0
159.063905	0	0
159.105909	0	0
159.168915	0	0
159.205919	0	0
159.255924	0	0
159.317930	0	0
159.355934	0	0
159.405939	0	0
159.455944	0	0
159.505949	0	0
159.555954	0	0
159.605959	0	0
159.655964	0	0
159.705969	0	0
159.763975	0	0
159.805979	0	0
159.855984	0	0
159.905989	0	0
159.955994	0	0
160.015000	0	0
160.063004	0	0
160.106009	0	0
160.156014	0	0
160.206019	0	0
160.265025	0	0
160.306029	0	0
160.356034	0	0
160.406039	0	0
160.456044	0	0
160.506049	0	0
160.563055	0	0
160.606059	0	0
160.656064	0	0
160.719070	0	0
160.784077	0	0
160.806079	0	0
160.863085	0	0
160.906089	0	0
160.964095	0	0
161.006099	0	0
161.056104	0	0
161.106109	0	0
161.156114	0	0
161.207119	0	0
161.267125	0	0
161.306129	0	0
161.356134	0	0
161.406139	0	0
161.456144	0	0
161.516150	0	0
161.556154	0	0
161.618160	0	0
161.656164	0	0
161.706169	0	0
161.756174	0	0
161.806179	0	0
161.856184	0	0
161.906189	0	0
161.964195	0	0
162.006199	0	0
162.056204	0	0
162.114210	0	0
162.164215	0	0
162.206219	0	0
162.256224	0	0
162.314230	0	0
162.421240	0	0
162.456244	0	0
162.506249	0	0
162.556254	0	0
162.606259	0	0
162.669265	0	0
162.706269	0	0
162.756274	0	0
162.806279	0	0
162.856284	0	0
162.906289	0	0
162.956294	0	0
163.006299	0	0
163.056304	0	0
163.116310	0	0
163.171316	0	0
163.206319	0	0
163.261324	0	0
163.306329	0	0
163.356334	0	0
163.406339	0	0
163.456344	0	0
163.506349	0	0
163.566355	0	0
163.606359	0	0
163.656364	0	0
163.713370	0	0
163.756374	0	0
163.817380	0	0
163.864385	0	0
163.906389	0	0
163.956394	0	0
164.006399	0	0
164.056404	0	0
164.106409	0	0
164.156414	0	0
164.209419	0	0
164.256424	0	0
164.316430	0	0
164.372436	0	0
164.406439	0	0
164.456444	0	0
164.506449	0	0
164.564455	0	0
164.606459	0	0
164.656464	0	0
164.706469	0	0
164.756474	0	0
164.820480	0	0
164.860485	0	0
164.919490	0	0
164.983497	0	0
165.006499	0	0
165.096508	0	0
165.106509	0	0
165.228521	0	0
165.282526	0	0
165.306529	0	0
165.369535	0	0
165.406539	0	0
165.472546	0	0
165.506549	0	0
165.561554	0	0
165.606559	0	0
165.656564	0	0
165.706569	0	0
165.756574	0	0
165.806579	0	0
165.861585	0	0
165.906589	0	0
165.956594	0	0
166.006599	0	0
166.056604	0	0
166.118610	0	0
166.156614	0	0
166.220621	0	0
166.255624	0	0
166.305629	0	0
166.367635	0	0
166.405639	0	0
166.457644	0	0
166.505649	0	0
166.555654	0	0
166.605659	0	0
166.655664	0	0
166.713670	0	0
166.858684	0	0
166.905689	0	0
166.955694	0	0
167.012700	0	0
167.055704	0	0
167.105709	0	0
167.155714	0	0
167.205719	0	0
167.255724	0	0
167.305729	0	0
167.355734	0	0
167.405739	0	0
167.455744	0	0
167.507749	0	0
167.555754	0	0
167.614760	0	0
167.671765	0	0
167.705769	0	0
167.807779	0	0
167.867785	0	0
167.905789	0	0
167.955794	0	0
168.016800	0	0
168.118810	0	0
168.161815	0	0
168.205819	0	0
168.255824	0	0
168.305829	0	0
168.364835	0	0
168.405839	0	0
168.455844	0	0
168.505849	0	0
168.555854	0	0
168.609859	0	0
168.655864	0	0
168.705869	0	0
168.764875	0	0
168.823881	0	0
168.872886	0	0
168.905889	0	0
168.957894	0	0
169.005899	0	0
169.055904	0	0
169.116910	0	0
169.216920	0	0
169.268925	0	0
169.305929	0	0
169.355934	0	0
169.418940	0	0
169.455944	0	0
169.505949	0	0
169.555954	0	0
169.605959	0	0
169.655964	0	0
169.716970	0	0
169.755974	0	0
169.805979	0	0
169.855984	0	0
169.905989	0	0
169.955994	0	0
170.005999	0	0
170.056004	0	0
170.114010	0	0
170.172016	0	0
170.233022	0	0
170.256024	0	0
170.306029	0	0
170.364035	0	0
170.406039	0	0
170.456044	0	0
170.516050	0	0
170.563055	0	0
170.622060	0	0
170.656064	0	0
170.718070	0	0
170.756074	0	0
170.806079	0	0
170.856084	0	0
170.906089	0	0
170.965095	0	0
171.023101	0	0
171.056104	0	0
171.111109	0	0
171.156114	0	0
171.206119	0	0
171.256124	0	0
171.306129	0	0
171.358134	0	0
171.417140	0	0
171.456144	0	0
171.506149	0	0
171.556154	0	0
171.606159	0	0
171.664165	0	0
171.706169	0	0
171.756174	0	0
171.806179	0	0
171.856184	0	0
171.909189	0	0
171.956194	0	0
172.006199	0	0
172.056204	0	0
172.106209	0	0
172.156214	0	0
172.206219	0	0
172.256224	0	0
172.306229	0	0
172.356234	0	0
172.406239	0	0
172.456244	0	0
172.518250	0	0
172.580256	0	0
172.606259	0	0
172.669265	0	0
172.727271	0	0
172.756274	0	0
172.806279	0	0
172.870286	0	0
172.909289	0	0
173.013299	0	0
173.056304	0	0
173.118310	0	0
173.165315	0	0
173.228321	0	0
173.256324	0	0
173.306329	0	0
173.368335	0	0
173.406339	0	0
173.456344	0	0
173.506349	0	0
173.556354	0	0
173.606359	0	0
173.656364	0	0
173.706369	0	0
173.756374	0	0
173.806379	0	0
173.856384	0	0
173.906389	0	0
173.956394	0	0
174.006399	0	0
174.064404	0	0
174.106409	0	0
174.156414	0	0
174.206419	0	0
174.256424	0	0
174.314430	0	0
174.395438	0	0
174.406439	0	0
174.456444	0	0
174.506449	0	0
174.556454	0	0
174.606459	0	0
174.656464	0	0
174.706469	0	0
174.767475	0	0
174.828481	0	0
174.856484	0	0
174.906489	0	0
174.956494	0	0
175.017500	0	0
175.096508	0	0
175.106509	0	0
175.156514	0	0
175.206519	0	0
175.301528	0	0
175.361535	0	0
175.406539	0	0
175.456544	0	0
175.506549	0	0
175.556554	0	0
175.617560	0	0
175.656564	0	0
175.742572	0	0
175.757574	0	0
175.806579	0	0
175.889587	0	0
175.906589	0	0
175.966595	0	0
176.006599	0	0
176.065605	0	0
176.106609	0	0
176.156614	0	0
176.213620	0	0
176.293628	0	0
176.306629	0	0
176.356634	0	0
176.430641	0	0
176.492648	0	0
176.511650	0	0
176.556654	0	0
176.607659	0	0
176.682666	0	0
176.746673	0	0
176.756674	0	0
176.806679	0	0
176.856684	0	0
176.906689	0	0
176.956694	0	0
177.006699	0	0
177.063704	0	0
177.106709	0	0
177.164715	0	0
177.206719	0	0
177.256724	0	0
177.306729	0	0
177.356734	0	0
177.406739	0	0
177.466745	0	0
177.506749	0	0
177.556754	0	0
177.616760	0	0
177.656764	0	0
177.706769	0	0
177.763774	0	0
177.806779	0	0
177.856784	0	0
177.906789	0	0
177.956794	0	0
178.006799	0	0
178.056804	0	0
178.106809	0	0
178.156814	0	0
178.206819	0	0
178.256824	0	0
178.306829	0	0
178.366835	0	0
178.406839	0	0
178.456844	0	0
178.506849	0	0
178.556854	0	0
178.616860	0	0
178.656864	0	0
178.706869	0	0
178.756874	0	0
178.806879	0	0
178.870885	0	0
178.906889	0	0
179.007899	0	0
179.065905	0	0
179.106909	0	0
179.156914	0	0
179.206919	0	0
179.305929	0	0
179.359934	0	0
179.406939	0	0
179.456944	0	0
179.506949	0	0
179.568955	0	0
179.606959	0	0
179.656964	0	0
179.706969	0	0
179.775976	0	0
179.821980	0	0
179.856984	0	0
179.906989	0	0
179.956994	0	0
180.006999	0	0
180.057004	0	0
180.107009	0	0
180.157014	0	0
180.218020	0	0
180.257024	0	0
180.322031	0	0
180.388037	0	0
180.407039	0	0
180.519050	0	0
180.557054	0	0
180.610059	0	0
180.657064	0	0
180.707069	0	0
180.757074	0	0
180.807079	0	0
180.865085	0	0
180.965095	0	0
181.007099	0	0
181.057104	0	0
181.115110	0	0
181.164114	0	0
181.207119	0	0
181.257124	0	0
181.307129	0	0
181.357134	0	0
181.407139	0	0
181.457144	0	0
181.507149	0	0
181.557154	0	0
181.610159	0	0
181.657164	0	0
181.716170	0	0
181.771175	0	0
181.807179	0	0
181.866185	0	0
181.927191	0	0
181.957194	0	0
182.007199	0	0
182.057204	0	0
182.116210	0	0
182.194218	0	0
182.207219	0	0
182.282227	0	0
182.307229	0	0
182.410239	0	0
182.457244	0	0
182.507249	0	0
182.557254	0	0
182.607259	0	0
182.659264	0	0
182.707269	0	0
182.757274	0	0
182.816280	0	0
182.918290	0	0
182.957294	0	0
183.007299	0	0
183.057304	0	0
183.107309	0	0
183.157314	0	0
183.221320	0	0
183.291327	0	0
183.307329	0	0
183.386337	0	0
183.407339	0	0
183.481346	0	0
183.507349	0	0
183.557354	0	0
183.607359	0	0
183.657364	0	0
183.706369	0	0
183.756374	0	0
183.806379	0	0
183.856384	0	0
183.906389	0	0
183.956394	0	0
184.006399	0	0
184.056404	0	0
184.106409	0	0
184.156414	0	0
184.206419	0	0
184.267425	0	0
184.306429	0	0
184.356434	0	0
184.413440	0	0
184.456444	0	0
184.506449	0	0
184.556454	0	0
184.606459	0	0
184.664464	0	0
184.706469	0	0
184.768475	0	0
184.806479	0	0
184.856484	0	0
184.906489	0	0
184.956494	0	0
185.014500	0	0
185.120510	0	0
185.176516	0	0
185.229521	0	0
185.256524	0	0
185.306529	0	0
185.356534	0	0
185.406539	0	0
185.459544	0	0
185.516550	0	0
185.564555	0	0
185.606559	0	0
185.656564	0	0
185.706569	0	0
185.764575	0	0
185.823581	0	0
185.856584	0	0
185.906589	0	0
185.956594	0	0
186.008599	0	0
186.056604	0	0
186.106609	0	0
186.156614	0	0
186.214620	0	0
186.270625	0	0
186.306629	0	0
186.356634	0	0
186.406639	0	0
186.456644	0	0
186.506649	0	0
186.556654	0	0
186.606659	0	0
186.658664	0	0
186.706669	0	0
186.756674	0	0
186.815680	0	0
186.866685	0	0
186.906689	0	0
186.970695	0	0
187.006699	0	0
187.061704	0	0
187.106709	0	0
187.164715	0	0
187.206719	0	0
187.269725	0	0
187.306729	0	0
187.356734	0	0
187.419740	0	0
187.456744	0	0
187.506749	0	0
187.556754	0	0
187.606759	0	0
187.656764	0	0
187.706769	0	0
187.756774	0	0
187.806779	0	0
187.856784	0	0
187.906789	0	0
187.956794	0	0
188.006799	0	0
188.056804	0	0
188.115810	0	0
188.166815	0	0
188.206819	0	0
188.256824	0	0
188.306829	0	0
188.364835	0	0
188.406839	0	0
188.456844	0	0
188.506849	0	0
188.556854	0	0
188.608859	0	0
188.656864	0	0
188.706869	0	0
188.756874	0	0
188.817880	0	0
188.886887	0	0
188.906889	0	0
188.961895	0	0
189.006899	0	0
189.067905	0	0
189.106909	0	0
189.156914	0	0
189.206919	0	0
189.256924	0	0
189.308929	0	0
189.368935	0	0
189.406939	0	0
189.456944	0	0
189.506949	0	0
189.556954	0	0
189.618960	0	0
189.656964	0	0
189.717970	0	0
189.756974	0	0
189.815980	0	0
189.905989	0	0
189.956994	0	0
190.006999	0	0
190.057004	0	0
190.117010	0	0
190.164014	0	0
190.207019	0	0
190.257024	0	0
190.307029	0	0
190.357034	0	0
190.407039	0	0
190.465044	0	0
190.528051	0	0
190.557054	0	0
190.607059	0	0
190.657064	0	0
190.718070	0	0
190.828081	0	0
190.866085	0	0
190.907089	0	0
190.957094	0	0
191.007099	0	0
191.057104	0	0
191.107109	0	0
191.164114	0	0
191.207119	0	0
191.265125	0	0
191.307129	0	0
191.357134	0	0
191.407139	0	0
191.457144	0	0
191.507149	0	0
191.567155	0	0
191.607159	0	0
191.657164	0	0
191.717170	0	0
191.763175	0	0
191.807179	0	0
191.864184	0	0
191.907189	0	0
191.957194	0	0
192.007199	0	0
192.057204	0	0
192.107209	0	0
192.157214	0	0
192.207219	0	0
192.257224	0	0
192.307229	0	0
192.357234	0	0
192.407239	0	0
192.466245	0	0
192.507249	0	0
192.557254	0	0
192.607259	0	0
192.657264	0	0
192.715270	0	0
192.771275	0	0
192.807279	0	0
192.857284	0	0
192.907289	0	0
192.971295	0	0
193.008299	0	0
193.098308	0	0
193.112309	0	0
193.217320	0	0
193.308329	0	0
193.357334	0	0
193.457344	0	0
193.511349	0	0
193.557354	0	0
193.607359	0	0
193.657364	0	0
193.719370	0	0
193.777376	0	0
193.807379	0	0
193.863384	0	0
193.907389	0	0
193.957394	0	0
194.007399	0	0
194.071405	0	0
194.109409	0	0
194.166415	0	0
194.207419	0	0
194.257424	0	0
194.307429	0	0
194.368435	0	0
194.407439	0	0
194.457444	0	0
194.519450	0	0
194.557454	0	0
194.621460	0	0
194.657464	0	0
194.710469	0	0
194.757474	0	0
194.807479	0	0
194.857484	0	0
194.907489	0	0
194.965495	0	0
195.065505	0	0
195.107509	0	0
195.157514	0	0
195.214520	0	0
195.263525	0	0
195.307529	0	0
195.357534	0	0
195.407539	0	0
195.457544	0	0
195.507549	0	0
195.557554	0	0
195.607559	0	0
195.657564	0	0
195.707569	0	0
195.757574	0	0
195.814579	0	0
195.857584	0	0
195.907589	0	0
195.966595	0	0
196.026601	0	0
196.057604	0	0
196.107609	0	0
196.157614	0	0
196.215620	0	0
196.295628	0	0
196.309629	0	0
196.372635	0	0
196.407639	0	0
196.491647	0	0
196.551653	0	0
196.557654	0	0
196.607659	0	0
196.661664	0	0
196.717670	0	0
196.764675	0	0
196.810679	0	0
196.869685	0	0
196.907689	0	0
196.957694	0	0
197.007699	0	0
197.057704	0	0
197.107709	0	0
197.157714	0	0
197.217720	0	0
197.324730	0	0
197.357734	0	0
197.420740	0	0
197.457744	0	0
197.521750	0	0
197.557754	0	0
197.607759	0	0
197.657764	0	0
197.707769	0	0
197.757774	0	0
197.807779	0	0
197.857784	0	0
197.907789	0	0
197.957794	0	0
198.007799	0	0
198.057804	0	0
198.107809	0	0
198.157814	0	0
198.207819	0	0
198.257824	0	0
198.318830	0	0
198.357834	0	0
198.407839	0	0
198.464845	0	0
198.507849	0	0
198.557854	0	0
198.607859	0	0
198.657864	0	0
198.714869	0	0
198.771875	0	0
198.832881	0	0
198.857884	0	0
198.907889	0	0
198.964894	0	0
199.007899	0	0
199.065905	0	0
199.125911	0	0
199.157914	0	0
199.210919	0	0
199.257924	0	0
199.307929	0	0
199.357934	0	0
199.407939	0	0
199.459944	0	0
199.517950	0	0
199.565955	0	0
199.607959	0	0
199.657964	0	0
199.707969	0	0
199.757974	0	0
199.815979	0	0
199.862984	0	0
199.907989	0	0
199.957994	0	0
200.009999	0	0
200.058004	0	0
200.108009	0	0
200.166015	0	0
200.225020	0	0
200.258024	0	0
200.308029	0	0
200.358034	0	0
200.408039	0	0
200.458044	0	0
200.508049	0	0
200.558054	0	0
200.608059	0	0
200.660064	0	0
200.708069	0	0
200.758074	0	0
200.816080	0	0
200.864084	0	0
200.908089	0	0
200.958094	0	0
201.008099	0	0
201.063104	0	0
201.108109	0	0
201.166115	0	0
201.207119	0	0
201.270125	0	0
201.307129	0	0
201.357134	0	0
201.421140	0	0
201.457144	0	0
201.507149	0	0
201.557154	0	0
201.607159	0	0
201.657164	0	0
201.707169	0	0
201.757174	0	0
201.807178	0	0
201.857184	0	0
201.907189	0	0
201.957194	0	0
202.007199	0	0
202.057204	0	0
202.116210	0	0
202.164215	0	0
202.207219	0	0
202.257224	0	0
202.307229	0	0
202.365234	0	0
202.407238	0	0
202.457244	0	0
202.507249	0	0
202.557254	0	0
202.609259	0	0
202.657264	0	0
202.707269	0	0
202.757274	0	0
202.819280	0	0
202.885286	0	0
202.907289	0	0
202.969295	0	0
203.007299	0	0
203.068305	0	0
203.107309	0	0
203.157314	0	0
203.207319	0	0
203.257324	0	0
203.309329	0	0
203.367335	0	0
203.407339	0	0
203.457344	0	0
203.507349	0	0
203.557353	0	0
203.618360	0	0
203.671365	0	0
203.732371	0	0
203.791377	0	0
203.850383	0	0
203.899388	0	0
203.912389	0	0
203.957394	0	0
204.007399	0	0
204.067405	0	0
204.107409	0	0
204.167415	0	0
204.207419	0	0
204.257424	0	0
204.307429	0	0
204.357434	0	0
204.415440	0	0
204.523450	0	0
204.557454	0	0
204.607459	0	0
204.657464	0	0
204.718470	0	0
204.788477	0	0
204.807479	0	0
204.866485	0	0
204.907489	0	0
204.957494	0	0
205.007499	0	0
205.057504	0	0
205.116509	0	0
205.170515	0	0
205.229521	0	0
205.257524	0	0
205.307528	0	0
205.357534	0	0
205.407539	0	0
205.457544	0	0
205.517550	0	0
205.557554	0	0
205.607559	0	0
205.667565	0	0
205.707569	0	0
205.757574	0	0
205.807579	0	0
205.857584	0	0
205.907589	0	0
205.957594	0	0
206.007599	0	0
206.057604	0	0
206.107609	0	0
206.157614	0	0
206.207619	0	0
206.257624	0	0
206.307629	0	0
206.357634	0	0
206.418640	0	0
206.477646	0	0
206.533651	0	0
206.557654	0	0
206.610659	0	0
206.667665	0	0
206.707669	0	0
206.757674	0	0
206.807679	0	0
206.857684	0	0
206.923690	0	0
206.963694	0	0
207.007699	0	0
207.057703	0	0
207.107709	0	0
207.157714	0	0
207.207719	0	0
207.306729	0	0
207.360734	0	0
207.407739	0	0
207.457744	0	0
207.507749	0	0
207.569755	0	0
207.607759	0	0
207.657764	0	0
207.707769	0	0
207.757774	0	0
207.807779	0	0
207.857784	0	0
207.921790	0	0
208.000798	0	0
208.014800	0	0
208.057804	0	0
208.107809	0	0
208.167815	0	0
208.227821	0	0
208.257824	0	0
208.307829	0	0
208.369835	0	0
208.407839	0	0
208.468845	0	0
208.507849	0	0
208.559854	0	0
208.607859	0	0
208.657864	0	0
208.707869	0	0
208.757874	0	0
208.815879	0	0
208.965895	0	0
209.007899	0	0
209.057904	0	0
209.116910	0	0
209.223920	0	0
209.257924	0	0
209.307929	0	0
209.357934	0	0
209.407939	0	0
209.457944	0	0
209.507949	0	0
209.557954	0	0
209.607959	0	0
209.657964	0	0
209.707969	0	0
209.783977	0	0
209.807979	0	0
209.865984	0	0
209.924991	0	0
209.986997	0	0
210.007999	0	0
210.061004	0	0
210.108009	0	0
210.167015	0	0
210.208019	0	0
210.258024	0	0
210.308029	0	0
210.358034	0	0
210.411039	0	0
210.471045	0	0
210.508049	0	0
210.558053	0	0
210.608059	0	0
210.660064	0	0
210.708069	0	0
210.758074	0	0
210.819080	0	0
210.878086	0	0
210.908089	0	0
210.958094	0	0
211.008099	0	0
211.058104	0	0
211.108109	0	0
211.168115	0	0
211.208119	0	0
211.258124	0	0
211.316130	0	0
211.367135	0	0
211.430141	0	0
211.458144	0	0
211.508149	0	0
211.558154	0	0
211.608159	0	0
211.658164	0	0
211.708169	0	0
211.758174	0	0
211.808179	0	0
211.858184	0	0
211.908189	0	0
211.958194	0	0
212.008199	0	0
212.058204	0	0
212.108209	0	0
212.158214	0	0
212.219220	0	0
212.258224	0	0
212.308228	0	0
212.365234	0	0
212.408239	0	0
212.458244	0	0
212.508249	0	0
212.558254	0	0
212.617260	0	0
212.678266	0	0
212.739272	0	0
212.758274	0	0
212.808279	0	0
212.867285	0	0
212.908289	0	0
212.966294	0	0
213.025301	0	0
213.058304	0	0
213.146313	0	0
213.161314	0	0
213.248322	0	0
213.258324	0	0
213.314329	0	0
213.372335	0	0
213.430341	0	0
213.458344	0	0
213.508349	0	0
213.558354	0	0
213.608359	0	0
213.658364	0	0
213.716370	0	0
213.765374	0	0
213.808379	0	0
213.858384	0	0
213.912389	0	0
213.958394	0	0
214.008399	0	0
214.066404	0	0
214.125411	0	0
214.158414	0	0
214.208419	0	0
214.258424	0	0
214.308429	0	0
214.358434	0	0
214.408439	0	0
214.458444	0	0
214.508449	0	0
214.560454	0	0
214.608459	0	0
214.658464	0	0
214.716469	0	0
214.765474	0	0
214.808479	0	0
214.858484	0	0
214.908489	0	0
214.963494	0	0
215.008499	0	0
215.066504	0	0
215.108509	0	0
215.170515	0	0
215.231521	0	0
215.258524	0	0
215.326530	0	0
215.358534	0	0
215.408539	0	0
215.458544	0	0
215.508549	0	0
215.558554	0	0
215.608559	0	0
215.658564	0	0
215.708569	0	0
215.758574	0	0
215.808578	0	0
215.858584	0	0
215.908589	0	0
215.958594	0	0
216.016600	0	0
216.071605	0	0
216.108609	0	0
216.158614	0	0
216.208619	0	0
216.266624	0	0
216.308629	0	0
216.358634	0	0
216.408639	0	0
216.458644	0	0
216.510649	0	0
216.558654	0	0
216.608659	0	0
216.658664	0	0
216.719670	0	0
216.785676	0	0
216.845683	0	0
216.859684	0	0
216.908689	0	0
216.972695	0	0
217.008699	0	0
217.058704	0	0
217.108709	0	0
217.158714	0	0
217.208719	0	0
217.266725	0	0
217.308729	0	0
217.358734	0	0
217.408739	0	0
217.458744	0	0
217.518750	0	0
217.558753	0	0
217.608759	0	0
217.666765	0	0
217.726770	0	0
217.773775	0	0
217.808779	0	0
217.861784	0	0
217.908789	0	0
217.966794	0	0
218.027801	0	0
218.088807	0	0
218.108809	0	0
218.194818	0	0
218.208819	0	0
218.261824	0	0
218.340832	0	0
218.402838	0	0
218.415839	0	0
218.458844	0	0
218.508849	0	0
218.629861	0	0
218.692867	0	0
218.707869	0	0
218.757874	0	0
218.807878	0	0
218.871885	0	0
218.907888	0	0
218.957894	0	0
219.014899	0	0
219.071905	0	0
219.132911	0	0
219.157914	0	0
219.207919	0	0
219.264925	0	0
219.307929	0	0
219.357934	0	0
219.417940	0	0
219.457943	0	0
219.507948	0	0
219.567955	0	0
219.607959	0	0
219.657964	0	0
219.707969	0	0
219.757974	0	0
219.807979	0	0
219.857984	0	0
219.907989	0	0
219.957994	0	0
220.007998	0	0
220.058003	0	0
220.108008	0	0
220.158014	0	0
220.208019	0	0
220.258024	0	0
220.317029	0	0
220.379036	0	0
220.408039	0	0
220.458044	0	0
220.508049	0	0
220.566054	0	0
220.608058	0	0
220.658063	0	0
220.708069	0	0
220.758074	0	0
220.822080	0	0
220.878086	0	0
220.908089	0	0
220.958094	0	0
221.008099	0	0
221.058104	0	0
221.108109	0	0
221.207119	0	0
221.261124	0	0
221.308129	0	0
221.358134	0	0
221.408139	0	0
221.470145	0	0
221.508149	0	0
221.558154	0	0
221.608159	0	0
221.658164	0	0
221.708169	0	0
221.758173	0	0
221.823180	0	0
221.900188	0	0
221.914189	0	0
221.959194	0	0
222.030201	0	0
222.058204	0	0
222.129211	0	0
222.158214	0	0
222.208219	0	0
222.270225	0	0
222.308228	0	0
222.370235	0	0
222.408238	0	0
222.460244	0	0
222.508249	0	0
222.558254	0	0
222.608259	0	0
222.658264	0	0
222.716269	0	0
222.858284	0	0
222.908288	0	0
222.958293	0	0
223.008298	0	0
223.067305	0	0
223.108309	0	0
223.158314	0	0
223.208319	0	0
223.258324	0	0
223.308329	0	0
223.358334	0	0
223.408339	0	0
223.458344	0	0
223.508348	0	0
223.558353	0	0
223.618360	0	0
223.675365	0	0
223.708369	0	0
223.814379	0	0
223.873385	0	0
223.908389	0	0
223.958394	0	0
224.008399	0	0
224.067405	0	0
224.108408	0	0
224.158413	0	0
224.208419	0	0
224.258424	0	0
224.312429	0	0
224.372435	0	0
224.408439	0	0
224.458444	0	0
224.508449	0	0
224.560454	0	0
224.608459	0	0
224.658463	0	0
224.719470	0	0
224.773475	0	0
224.808479	0	0
224.858484	0	0
224.908489	0	0
224.958494	0	0
225.008499	0	0
225.066504	0	0
225.108509	0	0
225.158514	0	0
225.217519	0	0
225.271525	0	0
225.334531	0	0
225.358534	0	0
225.408539	0	0
225.470545	0	0
225.508549	0	0
225.558554	0	0
225.608559	0	0
225.658564	0	0
225.708569	0	0
225.758574	0	0
225.808578	0	0
225.858583	0	0
225.908588	0	0
225.958594	0	0
226.008599	0	0
226.058604	0	0
226.123610	0	0
226.158614	0	0
226.208619	0	0
226.258624	0	0
226.308629	0	0
226.358634	0	0
226.408638	0	0
226.458643	0	0
226.515649	0	0
226.572655	0	0
226.633661	0	0
226.658664	0	0
226.708669	0	0
226.765674	0	0
226.808679	0	0
226.867684	0	0
226.925690	0	0
226.958694	0	0
227.011699	0	0
227.058703	0	0
227.108709	0	0
227.158714	0	0
227.208719	0	0
227.260724	0	0
227.321730	0	0
227.370735	0	0
227.408739	0	0
227.458744	0	0
227.508749	0	0
227.558753	0	0
227.617760	0	0
227.667765	0	0
227.708769	0	0
227.758774	0	0
227.811779	0	0
227.875785	0	0
227.915789	0	0
227.979796	0	0
228.042802	0	0
228.058804	0	0
228.108809	0	0
228.158813	0	0
228.208818	0	0
228.261824	0	0
228.308829	0	0
228.358834	0	0
228.408839	0	0
228.460844	0	0
228.508849	0	0
228.558854	0	0
228.620860	0	0
228.668865	0	0
228.708869	0	0
228.758873	0	0
228.808878	0	0
228.863884	0	0
228.908889	0	0
228.966895	0	0
229.008899	0	0
229.058904	0	0
229.122910	0	0
229.158914	0	0
229.221920	0	0
229.258924	0	0
229.308928	0	0
229.358933	0	0
229.408938	0	0
229.460944	0	0
229.508949	0	0
229.558954	0	0
229.608959	0	0
229.658964	0	0
229.708969	0	0
229.758974	0	0
229.808979	0	0
229.858984	0	0
229.917990	0	0
229.966994	0	0
230.008998	0	0
230.059004	0	0
230.109009	0	0
230.168015	0	0
230.209019	0	0
230.259024	0	0
230.309029	0	0
230.359034	0	0
230.412039	0	0
230.459044	0	0
230.509048	0	0
230.559053	0	0
230.621060	0	0
230.686066	0	0
230.747072	0	0
230.761074	0	0
230.809079	0	0
230.875085	0	0
230.911089	0	0
230.959094	0	0
231.009099	0	0
231.059103	0	0
231.109108	0	0
231.168115	0	0
231.209119	0	0
231.259124	0	0
231.309129	0	0
231.359134	0	0
231.419139	0	0
231.467144	0	0
231.509149	0	0
231.568154	0	0
231.630161	0	0
231.679166	0	0
231.709168	0	0
231.759173	0	0
231.809179	0	0
231.859184	0	-245
231.920190	0	-825
231.968194	0	-1273
232.027200	825	-1829
232.059204	841	-2085
232.128211	945	-2517
232.159214	973	-2645
232.225220	1041	-2965
232.259223	1041	-3181
232.309228	1045	-3653
232.370234	1189	-3957
232.434241	1225	-4201
232.459244	1233	-4241
232.509249	1233	-4253
232.559254	1257	-4413
232.609259	1321	-4433
232.659264	1373	-4445
232.709269	1453	-4445
232.770275	1565	-4445
232.809278	1673	-4445
232.859283	1845	-4389
232.909288	1873	-4241
232.959294	1905	-4193
233.019300	1905	-4145
233.059304	1917	-4145
233.109309	1933	-4145
233.170315	2169	-4137
233.209319	2229	-4029
233.259324	2253	-3957
233.309329	2305	-3793
233.368334	2581	-3773
233.427341	2833	-3773
233.459343	2937	-3773
233.509348	3045	-3773
233.559354	3057	-3869
233.609359	3057	-3893
233.659364	3069	-4033
233.709369	3253	-4253
233.768374	3541	-4621
233.809379	3805	-4961
233.859384	4201	-5453
233.909389	4433	-5658
233.968395	4433	-5766
234.009398	4433	-5814
234.059403	4433	-5918
234.109409	4433	-6082
234.173415	4433	-6298
234.211419	4433	-6678
234.279426	4725	-7038
234.319429	4861	-7178
234.405438	4861	-7206
234.414439	4861	-7206
234.459444	4861	-7222
234.509449	4861	-7374
234.559453	4861	-7374
234.609458	4861	-7374
234.661464	4861	-7374
234.709469	4861	-7302
234.759474	4861	-7178
234.809479	4861	-7086
234.859484	4937	-6590
234.924490	4937	-6506
234.968494	4937	-6458
235.009499	4937	-6446
235.059504	4937	-6434
235.109509	4937	-6378
235.172515	4949	-6314
235.209518	4957	-6306
235.271525	4985	-6298
235.309529	4985	-6266
235.359534	5041	-6222
235.409539	5069	-6150
235.462544	5077	-6126
235.509549	5077	-6126
235.559554	5077	-6126
235.609559	5077	-6126
235.668564	5097	-6106
235.709569	5105	-6106
235.759573	5145	-6106
235.809578	5145	-6106
235.868585	5145	-6106
235.909589	5145	-6106
235.959594	5145	-6106
236.009599	5145	-6106
236.059604	5145	-6106
236.109609	5145	-6106
236.158614	5157	-6062
236.208619	5185	-6062
236.258624	5185	-6042
236.316629	5221	-6042
236.384636	5229	-6026
236.445642	5253	-5998
236.505648	5253	-5978
236.519650	5265	-5978
236.601658	5265	-5978
236.663664	5281	-5954
236.708669	5309	-5954
236.758674	5309	-5950
236.808679	5313	-5950
236.858684	5349	-5950
236.919690	5361	-5950
236.968695	5361	-5950
237.008698	5369	-5950
237.058703	5369	-5950
237.121710	5397	-5950
237.169714	5397	-5950
237.229721	5409	-5950
237.288726	5409	-5950
237.336731	5409	-5950
237.358734	5409	-5950
237.408739	5409	-5950
237.458744	5409	-5950
237.519750	5409	-5950
237.567754	5409	-5950
237.626760	5409	-5950
237.658763	5409	-5950
237.708768	5409	-5950
237.767775	5409	-5950
237.830781	5409	-5942
237.858784	5409	-5942
237.908789	5409	-5914
237.970795	5409	-5914
238.008799	5409	-5914
238.058804	5409	-5894
238.108809	5409	-5894
238.158813	5409	-5894
238.208818	5409	-5894
238.258823	5409	-5894
238.308828	5409	-5894
238.367835	5409	-5894
238.408839	5409	-5894
238.458844	5409	-5894
238.508849	5409	-5894
238.558854	5409	-5894
238.620860	5409	-5894
238.689867	5409	-5894
238.708869	5409	-5894
238.800878	5409	-5894
238.814879	5409	-5894
238.905888	5409	-5894
238.919889	5409	-5894
238.960894	5409	-5894
239.008899	5409	-5894
239.075905	5409	-5894
239.108909	5409	-5894
239.166914	5409	-5894
239.208919	5409	-5894
239.258924	5409	-5894
239.316929	5409	-5894
239.373935	5409	-5894
239.408938	5409	-5894
239.458943	5409	-5894
239.508948	5409	-5894
239.567955	5409	-5894
239.608959	5409	-5894
239.658964	5409	-5894
239.708969	5409	-5894
239.758974	5409	-5894
239.808979	5409	-5894
239.858984	5409	-5894
239.908988	5409	-5894
239.958993	5409	-5894
240.008998	5409	-5894
240.059003	5409	-5894
240.109008	5409	-5894
240.159014	5409	-5894
240.209019	5409	-5894
240.259024	5409	-5894
240.309029	5409	-5894
240.359034	5409	-5894
240.409039	5409	-5894
240.459044	5409	-5894
240.524050	5409	-5894
240.584056	5409	-5894
240.609058	5409	-5894
240.717069	5409	-5894
240.766074	5409	-5894
240.831081	5409	-5894
240.859084	5409	-5894
240.927090	5409	-5894
240.959094	5409	-5894
241.023100	5409	-5894
241.059103	5409	-5894
241.109108	5409	-5894
241.159113	5409	-5894
241.209118	5409	-5894
241.259123	5409	-5894
241.309128	5409	-5894
241.359134	5409	-5894
241.409139	5409	-5894
241.467144	5409	-5894
241.509149	5409	-5894
241.559154	5409	-5894
241.609159	5409	-5894
241.659163	5409	-5894
241.709168	5409	-5894
241.759173	5409	-5894
241.809178	5409	-5894
241.859183	5409	-5894
241.909189	5409	-5894
241.959194	5409	-5894
242.009199	5409	-5894
242.068204	5409	-5894
242.131211	5409	-5894
242.159214	5409	-5894
242.209219	5409	-5894
242.268224	5409	-5894
242.309228	5409	-5894
242.359233	5409	-5894
242.409238	5409	-5894
242.461244	5409	-5894
242.522250	5409	-5894
242.562254	5409	-5890
242.609259	5409	-5890
242.659264	5409	-5882
242.709269	5409	-5882
242.759274	5409	-5878
242.818279	5409	-5878
242.882286	5409	-5878
242.909288	5409	-5866
242.962294	5409	-5866
243.009298	5409	-5866
243.068305	5409	-5866
243.109309	5409	-5866
243.159314	5409	-5866
243.209319	5409	-5866
243.259324	5409	-5866
243.309329	5409	-5866
243.359334	5409	-5866
243.409338	5409	-5866
243.459343	5409	-5866
243.509348	5409	-5866
243.559353	5409	-5866
243.609358	5409	-5866
243.659364	5409	-5866
243.709369	5409	-5866
243.759374	5409	-5866
243.809379	5409	-5866
243.867384	5409	-5866
243.909389	5409	-5866
243.968394	5409	-5866
244.017399	5409	-5866
244.121410	5409	-5866
244.177415	5409	-5866
244.209418	5409	-5866
244.259424	5409	-5866
244.317430	5409	-5866
244.429440	5409	-5866
244.459444	5409	-5866
244.509449	5409	-5866
244.559453	5409	-5866
244.609458	5409	-5866
244.659463	5409	-5866
244.709468	5409	-5866
244.878485	5409	-5866
244.909489	5409	-5866
244.961493	5409	-5866
245.009499	5409	-5866
245.062504	5409	-5866
245.123510	5409	-5866
245.159513	5409	-5866
245.209518	5409	-5866
245.259523	5409	-5866
245.321530	5409	-5866
245.382536	5409	-5866
245.409539	5409	-5866
245.459544	5409	-5866
245.515549	5409	-5866
245.559554	5409	-5866
245.622560	5409	-5866
245.688566	5409	-5866
245.709569	5409	-5866
245.772575	5409	-5866
245.872585	5409	-5866
245.927590	5409	-5866
245.959593	5409	-5866
246.009599	5409	-5866
246.071605	5409	-5866
246.109609	5409	-5866
246.159614	5409	-5866
246.218619	5409	-5866
246.267624	5409	-5866
246.309628	5409	-5866
246.359633	5409	-5866
246.417639	5409	-5866
246.468645	5409	-5866
246.509648	5409	-5866
246.559654	5409	-5866
246.624660	5409	-5866
246.659664	5409	-5866
246.724670	5409	-5866
246.759674	5409	-5858
246.809679	5409	-5834
246.859684	5409	-5834
246.909688	5409	-5834
246.959693	5409	-5826
247.009698	5409	-5826
247.059703	5409	-5818
247.160714	5409	-5818
247.209719	5409	-5810
247.259724	5409	-5810
247.323730	5409	-5810
247.375735	5409	-5810
247.409739	5409	-5810
247.468744	5409	-5810
247.529750	5409	-5810
247.566754	5409	-5810
247.609758	5409	-5810
247.659763	5409	-5810
247.714769	5409	-5810
247.759774	5409	-5810
247.809779	5409	-5810
247.859784	5409	-5810
247.920790	5409	-5810
247.959794	5409	-5810
248.009799	5409	-5810
248.059803	5409	-5810
248.109808	5409	-5810
248.159813	5409	-5810
248.209818	5409	-5810
248.259823	5409	-5810
248.323830	5409	-5810
248.375835	5409	-5810
248.409839	5409	-5810
248.459844	5409	-5810
248.513849	5409	-5810
248.559854	5409	-5810
248.623860	5409	-5810
248.659863	5409	-5810
248.709868	5409	-5810
248.761874	5409	-5810
248.809878	5409	-5810
248.859883	5409	-5810
248.924890	5409	-5810
248.994897	5409	-5810
249.009899	5409	-5810
249.082906	5409	-5810
249.151913	5409	-5810
249.161914	5409	-5810
249.225920	5409	-5810
249.262924	5409	-5810
249.309928	5409	-5810
249.359933	5409	-5810
249.427940	5409	-5810
249.459943	5409	-5810
249.509949	5409	-5810
249.559954	5409	-5810
249.609959	5409	-5810
249.710968	5409	-5810
249.762974	5409	-5810
249.861984	5409	-5810
249.909988	5409	-5810
249.964994	5409	-5810
250.009998	5409	-5810
250.060004	5409	-5810
250.110009	5409	-5810
250.160014	5409	-5810
250.211019	5409	-5810
250.282026	5409	-5810
250.334031	5409	-5810
250.360034	5409	-5810
250.410038	5409	-5810
250.474045	5409	-5810
250.539052	5409	-5810
250.560053	5409	-5810
250.610058	5409	-5810
250.672065	5409	-5810
250.714069	5409	-5810
250.766074	5409	-5810
250.810079	5409	-5810
250.926090	5409	-5810
250.960093	5409	-5810
251.010098	5409	-5810
251.060103	5409	-5810
251.124110	5409	-5810
251.160113	5409	-5810
251.210118	5409	-5810
251.260124	5409	-5810
251.327130	5409	-5810
251.373135	5409	-5810
251.438141	5409	-5802
251.474145	5409	-5766
251.518149	5409	-5766
251.572155	5409	-5742
251.672165	5409	-5742
251.710168	5409	-5734
251.760173	5409	-5726
251.810179	5409	-5726
251.863184	5409	-5694
251.910189	5409	-5686
251.960194	5409	-5674
252.010199	5409	-5666
252.060204	5409	-5666
252.110209	5409	-5662
252.160213	5409	-5646
252.210218	5409	-5642
252.260223	5409	-5630
252.310228	5409	-5618
252.374235	5409	-5614
252.410239	5409	-5606
252.460244	5409	-5586
252.510249	5409	-5578
252.560254	5409	-5550
252.610259	5409	-5550
252.663264	5409	-5530
252.710268	5409	-5530
252.760273	5409	-5502
252.810278	5409	-5502
252.870285	5409	-5502
252.971294	5409	-5502
253.010299	5409	-5502
253.060304	5409	-5502
253.122310	5409	-5502
253.160314	5409	-5502
253.210319	5409	-5502
253.260324	5409	-5502
253.320330	5409	-5502
253.374335	5409	-5502
253.410338	5409	-5502
253.460343	5409	-5502
253.510348	5409	-5502
253.568354	5409	-5494
253.609358	5409	-5490
253.673365	5417	-5490
253.732371	5417	-5490
253.759373	5417	-5490
253.809379	5417	-5490
253.871385	5417	-5490
253.909389	5417	-5457
253.959394	5417	-5457
254.009398	5417	-5457
254.059403	5417	-5457
254.121409	5417	-5457
254.159413	5417	-5457
254.209418	5417	-5457
254.259423	5417	-5457
254.321430	5417	-5457
254.375435	5417	-5457
254.437441	5417	-5457
254.497447	5417	-5457
254.545452	5417	-5457
254.559453	5417	-5457
254.609458	5417	-5441
254.659463	5417	-5441
254.723470	5417	-5441
254.759473	5417	-5437
254.825480	5417	-5437
254.859483	5417	-5429
254.933491	5417	-5421
254.994497	5417	-5421
255.059504	5417	-5421
255.109509	5417	-5421
255.159513	5417	-5421
255.223520	5417	-5421
255.295527	5417	-5421
255.309528	5417	-5421
255.359533	5417	-5421
255.409538	5417	-5421
255.459543	5417	-5421
255.509548	5417	-5421
255.559554	5417	-5421
255.620560	5417	-5421
255.659564	5417	-5421
255.709569	5417	-5421
255.759573	5417	-5421
255.809578	5417	-5421
255.872585	5417	-5421
255.909588	5417	-5421
255.959593	5417	-5421
256.022600	5417	-5421
256.059603	5417	-5421
256.121610	5417	-5421
256.159614	5417	-5421
256.220620	5417	-5421
256.281626	5417	-5421
256.309628	5417	-5421
256.366634	5417	-5421
256.409638	5417	-5421
256.459643	5417	-5421
256.509648	5417	-5421
256.559653	5417	-5421
256.609658	5417	-5421
256.659663	5417	-5421
256.709669	5417	-5421
256.759674	5417	-5421
256.818679	5417	-5421
256.873685	5417	-5421
256.909688	5417	-5421
256.959693	5417	-5421
257.024700	5417	-5421
257.059703	5417	-5421
257.109708	5417	-5421
257.159713	5417	-5421
257.209718	5417	-5421
257.259723	5417	-5421
257.309729	5417	-5421
257.359734	5417	-5421
257.409739	5417	-5421
257.459743	5417	-5421
257.512749	5417	-5421
257.559753	5417	-5421
257.609758	5417	-5421
257.659763	5417	-5421
257.709768	5417	-5421
257.774775	5417	-5421
257.811779	5417	-5413
257.859784	5417	-5413
257.919789	5417	-5413
257.959794	5417	-5413
258.021800	5417	-5413
258.059803	5417	-5413
258.126810	5417	-5413
258.159813	5417	-5413
258.224820	5417	-5413
258.259823	5417	-5413
258.313829	5417	-5413
258.359833	5417	-5385
258.409838	5417	-5385
258.459844	5417	-5385
258.509849	5417	-5385
258.559854	5417	-5385
258.609859	5417	-5385
258.668864	5417	-5385
258.709868	5417	-5385
258.759873	5417	-5385
258.809878	5417	-5385
258.859883	5417	-5385
258.909888	5417	-5385
258.959893	5417	-5377
259.009898	5417	-5377
259.059904	5417	-5353
259.109909	5417	-5349
259.159914	5417	-5329
259.209918	5417	-5313
259.271924	5417	-5293
259.332931	5417	-5273
259.359933	5417	-5225
259.409938	5417	-5225
259.468945	5417	-5193
259.509948	5417	-5189
259.559953	5417	-5189
259.609959	5417	-5185
259.661963	5417	-5149
259.723970	5417	-5137
259.759974	5417	-5129
259.809978	5417	-5129
259.859983	5417	-5129
259.920990	5417	-5109
259.959993	5417	-5097
260.020999	5417	-5097
260.090006	5417	-5053
260.110008	5417	-5045
260.160013	5417	-5041
260.210019	5417	-5041
260.269024	5417	-5041
260.310029	5417	-5041
260.360034	5417	-5041
260.410038	5417	-5037
260.460043	5417	-5037
260.510048	5417	-5033
260.569054	5417	-4997
260.610058	5417	-4997
260.660063	5417	-4965
260.710068	5417	-4965
260.760073	5417	-4965
260.810079	5417	-4965
260.860084	5417	-4961
260.910089	5417	-4961
260.960093	5417	-4957
261.010098	5417	-4945
261.068104	5417	-4945
261.110108	5417	-4945
261.169114	5417	-4945
261.210118	5417	-4945
261.268124	5417	-4945
261.310128	5417	-4945
261.360134	5417	-4945
261.410139	5417	-4945
261.468144	5417	-4945
261.510149	5417	-4945
261.560153	5417	-4945
261.610158	5417	-4945
261.668164	5417	-4945
261.710168	5417	-4945
261.760173	5417	-4945
261.810178	5417	-4945
261.863183	5417	-4945
261.910188	5417	-4945
261.960194	5417	-4945
262.010199	5417	-4945
262.063204	5417	-4945
262.125210	5417	-4945
262.160213	5417	-4945
262.210218	5417	-4945
262.260223	5417	-4945
262.310228	5417	-4945
262.360233	5417	-4945
262.410238	5417	-4945
262.460243	5417	-4945
262.513249	5417	-4945
262.560254	5417	-4945
262.610259	5417	-4945
262.669264	5417	-4945
262.710268	5417	-4945
262.760273	5417	-4945
262.860283	5417	-4945
262.915289	5417	-4945
262.960293	5417	-4945
263.010298	5417	-4945
263.073305	5417	-4981
263.161314	5417	-5125
263.211318	5417	-5261
263.270324	5417	-5534
263.311328	5417	-5682
263.361333	5305	-5922
263.411338	5241	-6046
263.467344	5181	-6126
263.511349	5181	-6198
263.561354	5165	-6234
263.611359	5149	-6266
263.672365	5141	-6266
263.711369	5133	-6266
263.773375	5129	-6278
263.811378	5121	-6278
263.917389	5121	-6278
263.978395	5121	-6278
264.010398	5121	-6278
264.065404	5121	-6278
264.110408	5093	-6322
264.160413	5077	-6374
264.210418	5061	-6382
264.260423	5041	-6430
264.310429	5041	-6446
264.369434	5041	-6458
264.410439	5037	-6458
264.460443	5037	-6458
264.510448	5037	-6458
264.569454	5029	-6458
264.610458	5029	-6458
264.660463	5029	-6458
264.710468	5029	-6458
264.764474	5029	-6458
264.810478	5029	-6458
264.860484	5029	-6458
264.910489	5029	-6458
264.969494	5029	-6458
265.031500	5029	-6458
265.060503	5029	-6458
265.110508	5029	-6458
265.169514	5029	-6458
265.210518	5029	-6458
265.260523	5029	-6458
265.310528	5029	-6458
265.370534	5029	-6434
265.410538	5029	-6430
265.460544	5029	-6374
265.510549	5029	-6346
265.563554	5029	-6330
265.610559	5029	-6278
265.660563	5029	-6270
265.710568	5029	-6238
265.760573	5029	-6214
265.810578	5029	-6194
265.860583	5029	-6178
265.910588	5029	-6118
265.970594	5029	-6102
266.031600	5029	-6070
266.060604	5029	-6066
266.110609	5029	-5994
266.174615	5029	-5938
266.210618	5029	-5938
266.260623	5029	-5938
266.310628	5029	-5922
266.360633	5029	-5922
266.410638	5029	-5922
266.460643	5029	-5890
266.510648	5029	-5866
266.560653	5029	-5846
266.610659	5029	-5842
266.660664	5029	-5842
266.710669	5029	-5822
266.769674	5029	-5806
266.832681	5029	-5778
266.860683	5029	-5778
266.910688	5029	-5778
266.960693	5029	-5746
267.010698	5029	-5718
267.060703	5029	-5670
267.110708	5029	-5634
267.160713	5029	-5630
267.221720	5029	-5630
267.260724	5029	-5630
267.310729	5029	-5630
267.360734	5029	-5618
267.410738	5029	-5614
267.469744	5029	-5590
267.510748	5029	-5566
267.563754	5029	-5514
267.610758	5029	-5502
267.660763	5029	-5466
267.710768	5029	-5466
267.760774	5029	-5466
267.821780	5029	-5466
267.881785	5029	-5466
267.910789	5029	-5466
267.995797	5029	-5437
268.091806	5029	-5345
268.110808	5029	-5345
268.160813	5029	-5341
268.210818	5029	-5313
268.264824	5029	-5301
268.310828	5029	-5301
268.369834	5029	-5293
268.430840	5029	-5245
268.475845	5029	-5241
268.510849	5025	-5209
268.613859	5025	-5145
268.660863	5009	-5093
268.710868	4973	-5093
268.760873	4957	-5093
268.823880	4957	-5093
268.876885	4941	-5093
268.910888	4929	-5093
268.982896	4897	-5093
269.010899	4889	-5093
269.060904	4877	-5093
269.110909	4857	-5093
269.160913	4857	-5093
269.210918	4857	-5093
269.260923	4849	-5093
269.324930	4849	-5093
269.360933	4849	-5093
269.410938	4849	-5093
269.460943	4833	-5093
269.510949	4833	-5093
269.560954	4833	-5093
269.610959	4825	-5093
269.660964	4825	-5093
269.710968	4817	-5093
269.760973	4817	-5093
269.819979	4817	-5093
269.968994	4793	-5093
270.010998	4785	-5093
270.061003	4785	-5093
270.124010	4785	-5093
270.161014	4785	-5093
270.211019	4769	-5093
270.261024	4769	-5093
270.324030	4769	-5093
270.374035	4769	-5093
270.411038	4753	-5093
270.461043	4749	-5093
270.514049	4741	-5093
270.573055	4741	-5093
270.611058	4741	-5093
270.661063	4741	-5093
270.722070	4741	-5093
270.761074	4741	-5093
270.811079	4741	-5093
270.874085	4741	-5093
270.911088	4741	-5093
270.961093	4741	-5093
271.011098	4741	-5093
271.061103	4741	-5093
271.124110	4741	-5093
271.160113	4741	-5093
271.210118	4741	-5093
271.260123	4741	-5093
271.313128	4741	-5093
271.360133	4741	-5093
271.424139	4741	-5093
271.460143	4741	-5093
271.510149	4741	-5093
271.560153	4741	-5093
271.610158	4741	-5093
271.660163	4741	-5093
271.722169	4741	-5093
271.791176	4741	-5093
271.851182	4741	-5093
271.860183	4741	-5093
271.984196	4741	-5093
272.045202	4741	-5093
272.113209	4741	-5113
272.160213	4741	-5157
272.210218	4741	-5157
272.273225	4741	-5225
272.337231	4785	-5229
272.360233	4817	-5229
272.410238	4817	-5233
272.460243	4817	-5233
272.510248	4817	-5249
272.560253	4817	-5273
272.610258	4817	-5273
272.672265	4817	-5273
272.710268	4817	-5273
272.760273	4817	-5273
272.810278	4817	-5273
272.860283	4817	-5273
272.922289	4817	-5281
272.960293	4817	-5281
273.010298	4817	-5293
273.072305	4817	-5313
273.110308	4817	-5349
273.160313	4817	-5377
273.210318	4817	-5445
273.270324	4829	-5494
273.333331	4849	-5606
273.360333	4889	-5622
273.410338	4897	-5690
273.460343	4897	-5726
273.510348	4909	-5750
273.560353	4917	-5818
273.610358	4933	-5958
273.660363	4933	-6034
273.710368	4969	-6054
273.760373	4993	-6074
273.810379	4993	-6118
273.870384	5001	-6118
273.910388	5001	-6118
273.960393	5009	-6118
274.010398	5009	-6118
274.075405	5009	-6118
274.117409	5009	-6118
274.160413	5009	-6118
274.210418	5009	-6118
274.260423	5009	-6118
274.310428	5009	-6118
274.360433	5009	-6118
274.410439	5009	-6118
274.460443	5009	-6118
274.510448	5009	-6118
274.564454	5009	-6118
274.611458	5009	-6118
274.660463	5009	-6118
274.710468	5009	-6118
274.760473	5009	-6118
274.826480	5009	-6118
274.871484	5009	-6118
274.910488	5009	-6118
274.970494	5009	-6118
275.010499	5009	-6118
275.074505	5009	-6118
275.110508	5009	-6118
275.211518	5009	-6118
275.260523	5009	-6118
275.323530	5009	-6118
275.382535	5009	-6118
275.471544	5009	-6118
275.510548	5009	-6118
275.560554	5009	-6118
275.610559	5009	-6118
275.670564	5009	-6118
275.710568	5009	-6118
275.760573	5009	-6118
275.810578	5009	-6118
275.860583	5009	-6118
275.910588	5009	-6118
275.960593	5009	-6118
276.010598	5009	-6118
276.060603	5009	-6118
276.110608	5009	-6118
276.160614	5009	-6118
276.210618	5009	-6118
276.260623	5009	-6118
276.322629	5009	-6118
276.382636	5009	-6118
276.448642	5009	-6118
276.509648	5009	-6118
276.525650	5009	-6118
276.560653	5009	-6118
276.649662	5009	-6118
276.687666	5009	-6118
276.710668	5009	-6110
276.791677	5009	-6086
276.844682	5009	-6062
276.907688	5009	-6046
276.914689	5009	-6026
276.962694	4997	-6010
277.011698	4969	-5990
277.103708	4957	-5986
277.111709	4957	-5934
277.214719	4957	-5894
277.274724	4957	-5894
277.323730	4957	-5886
277.360734	4957	-5886
277.410738	4957	-5862
277.460743	4957	-5846
277.510748	4957	-5846
277.560753	4957	-5846
277.620759	4957	-5818
277.660763	4957	-5810
277.710768	4957	-5802
277.770774	4945	-5790
277.810778	4945	-5778
277.860783	4945	-5758
277.910789	4937	-5730
277.973794	4937	-5730
278.010798	4937	-5722
278.060803	4937	-5706
278.110808	4933	-5694
278.160813	4933	-5690
278.210818	4933	-5662
278.260823	4933	-5646
278.310828	4933	-5646
278.370834	4933	-5582
278.410838	4933	-5582
278.469844	4933	-5578
278.510849	4933	-5566
278.560853	4909	-5534
278.610858	4909	-5510
278.669864	4909	-5502
278.710868	4909	-5445
278.774875	4909	-5437
278.810878	4901	-5405
278.871884	4881	-5381
278.910888	4877	-5357
278.960893	4877	-5305
279.010898	4877	-5293
279.060904	4877	-5273
279.110909	4877	-5253
279.160913	4877	-5229
279.210918	4877	-5229
279.264924	4877	-5185
279.326930	4877	-5169
279.360933	4877	-5169
279.410938	4877	-5169
279.460943	4877	-5125
279.510948	4877	-5117
279.570954	4877	-5117
279.610958	4877	-5109
279.660964	4877	-5097
279.710968	4877	-5081
279.760973	4877	-5049
279.810978	4877	-5033
279.860983	4877	-5033
279.910988	4877	-5005
279.960993	4877	-4965
280.010998	4877	-4965
280.066004	4869	-4937
280.111008	4861	-4937
280.161013	4861	-4909
280.225020	4861	-4873
280.261024	4861	-4873
280.311028	4861	-4873
280.361033	4861	-4873
280.411038	4861	-4873
280.461043	4861	-4873
280.527050	4861	-4873
280.586056	4861	-4865
280.638061	4861	-4845
280.699067	4861	-4845
280.714068	4853	-4845
280.847082	4769	-4785
280.861084	4709	-4785
280.943091	4649	-4785
280.961093	4649	-4785
281.039101	4649	-4785
281.061103	4649	-4785
281.111108	4645	-4785
281.161113	4605	-4785
281.211118	4605	-4785
281.261123	4605	-4785
281.311128	4605	-4785
281.361133	4605	-4785
281.411139	4605	-4785
281.471144	4605	-4785
281.511148	4605	-4785
281.561153	4605	-4785
281.611158	4605	-4785
281.661163	4605	-4785
281.711168	4605	-4757
281.761173	4605	-4757
281.811178	4605	-4757
281.866184	4605	-4757
281.911188	4605	-4757
281.961193	4605	-4749
282.011199	4605	-4749
282.072205	4605	-4721
282.138211	4605	-4705
282.161213	4605	-4705
282.211218	4605	-4689
282.271224	4589	-4677
282.311228	4553	-4657
282.361233	4525	-4657
282.411238	4517	-4653
282.464243	4517	-4653
282.511248	4517	-4613
282.561254	4517	-4601
282.611259	4493	-4597
282.665264	4493	-4577
282.711268	4493	-4577
282.921289	4449	-4529
283.050302	4449	-4497
283.101307	4425	-4485
283.111308	4417	-4449
283.161314	4417	-4449
283.233321	4397	-4449
283.295327	4373	-4445
283.341331	4373	-4425
283.370334	4365	-4369
283.417339	4321	-4361
283.486346	4209	-4345
283.511348	4125	-4333
283.561353	4021	-4317
283.615359	3945	-4309
283.661363	3941	-4261
283.711368	3901	-4261
283.761374	3889	-4241
283.811378	3877	-4233
283.861383	3873	-4177
283.911388	3853	-4177
283.961393	3853	-4145
284.011398	3849	-4133
284.070404	3837	-4133
284.111408	3837	-4133
284.161413	3837	-4109
284.211418	3837	-4109
284.270424	3837	-4109
284.311429	3837	-4109
284.361434	3837	-4109
284.411438	3837	-4109
284.461443	3837	-4109
284.523449	3837	-4109
284.561453	3837	-4109
284.611458	3837	-4109
284.661463	3837	-4109
284.711468	3837	-4109
284.761473	3837	-4109
284.811478	3821	-4109
284.865484	3821	-4109
284.911489	3813	-4109
284.961493	3813	-4109
285.011498	3813	-4109
285.065504	3813	-4109
285.127510	3813	-4109
285.161513	3813	-4109
285.211518	3813	-4109
285.261523	3813	-4313
285.321529	3813	-4409
285.382535	3813	-4433
285.411538	3813	-4481
285.462543	3813	-4517
285.519549	3813	-4625
285.589556	3813	-4841
285.649562	3813	-4997
285.711568	3865	-5093
285.761573	3933	-5121
285.811578	3945	-5125
285.912589	3973	-5149
285.966594	3981	-5161
286.011598	3981	-5161
286.061604	3997	-5161
286.128610	3997	-5189
286.173615	3997	-5189
286.211618	3997	-5189
286.271624	4001	-5189
286.311628	4005	-5189
286.361633	4005	-5189
286.411638	4005	-5189
286.468644	4005	-5189
286.511648	4005	-5189
286.561653	4005	-5189
286.611658	4005	-5189
286.661664	4005	-5189
286.711668	4005	-5189
286.774674	4005	-5189
286.811678	4005	-5189
286.861683	4005	-5189
286.911688	4005	-5189
286.961693	4005	-5189
287.011698	4005	-5189
287.061703	4005	-5189
287.111708	4005	-5189
287.213718	4005	-5189
287.261724	4005	-5189
287.311728	4005	-5189
287.371734	4005	-5189
287.411738	4005	-5189
287.461743	4005	-5189
287.511748	4005	-5189
287.571754	4005	-5189
287.611758	4005	-5189
287.661763	4005	-5189
287.711768	4005	-5189
287.765774	4005	-5189
287.828780	4005	-5189
287.861784	4005	-5189
287.911788	4005	-5189
287.971794	4005	-5189
288.011798	4005	-5189
288.061803	4005	-5189
288.111808	4005	-5189
288.161813	4005	-5189
288.211818	4005	-5189
288.261823	4005	-5189
288.311828	4005	-5225
288.371834	4005	-5225
288.411839	4005	-5265
288.461843	4005	-5309
288.511848	4005	-5309
288.565854	4005	-5341
288.610858	4005	-5341
288.673864	4005	-5429
288.710868	4005	-5498
288.760873	4005	-5566
288.810878	4005	-5654
288.860883	4005	-5702
288.910888	4005	-5746
288.972894	4005	-5766
289.034901	4005	-5810
289.060903	4005	-5826
289.110908	4005	-5890
289.175915	4005	-6038
289.210918	4005	-6090
289.330930	4005	-6498
289.360933	4005	-6694
289.410938	4005	-6906
289.473945	4005	-7258
289.538951	4161	-7618
289.560953	4161	-7962
289.610958	4161	-8178
289.660963	4161	-8518
289.710968	4161	-8786
289.760973	4161	-8922
289.810978	4161	-9134
289.874985	4729	-9138
289.910988	5289	-9138
289.960993	5510	-9182
290.010998	5594	-9206
290.061003	5638	-9206
290.126010	5654	-9170
290.161013	5790	-9022
290.211018	5794	-8926
290.274024	5954	-8638
290.311028	6002	-8490
290.361033	6074	-8342
290.411038	6118	-8206
290.471044	6122	-8146
290.531050	6122	-8050
290.561053	6122	-8050
290.611058	6122	-8050
290.661063	6122	-8014
290.711068	6122	-8014
290.761073	6122	-8014
290.811078	6122	-8014
290.872084	6122	-8014
290.911088	6122	-8014
290.961093	6122	-8014
291.011098	6122	-8014
291.071104	6122	-8014
291.111108	6122	-8014
291.161113	6122	-8014
291.211118	6122	-8014
291.277125	6122	-8014
291.317129	6122	-8014
291.385136	6122	-8014
291.456143	6122	-8014
291.504148	6122	-8014
291.515149	6122	-8014
291.561153	6122	-8014
291.625160	6122	-8014
291.661163	6122	-8014
291.711168	6122	-8014
291.767174	6122	-8014
291.813179	6122	-8014
291.861183	6122	-8014
291.911188	6122	-8014
291.961193	6122	-8014
292.011198	6122	-8014
292.061203	6122	-7990
292.111208	6122	-7978
292.161213	6122	-7974
292.211218	6122	-7882
292.277225	6122	-7842
292.311228	6122	-7842
292.399237	6122	-7822
292.414238	6122	-7790
292.461243	6122	-7790
292.511248	6122	-7722
292.595257	6122	-7646
292.611258	6122	-7498
292.674264	6122	-7498
292.711268	6122	-7498
292.773274	6122	-7310
292.876285	5650	-7146
292.911288	5558	-7034
292.961293	5546	-7026
293.022299	5546	-7026
293.061303	5546	-7026
293.111308	5546	-7026
293.161313	5546	-7026
293.211318	5546	-7026
293.261323	5546	-7026
293.311328	5546	-7026
293.361333	5534	-7026
293.411338	5526	-7026
293.472344	5526	-7026
293.511348	5510	-7026
293.575355	5510	-7026
293.640361	5510	-7026
293.661363	5510	-7026
293.711368	5510	-7026
293.775374	5510	-7026
293.814379	5510	-7026
293.861383	5510	-7026
293.911388	5510	-7026
293.961393	5510	-7026
294.024400	5510	-7026
294.061403	5510	-7026
294.111408	5510	-7026
294.161413	5510	-7026
294.225420	5510	-7026
294.261423	5510	-7026
294.332430	5510	-7026
294.394436	5510	-7026
294.448442	5510	-7026
294.469444	5510	-7026
294.511448	5510	-7026
294.576455	5502	-7026
294.644462	5502	-7026
294.661463	5502	-7026
294.741471	5502	-7026
294.761473	5502	-7026
294.811478	5502	-7026
294.893486	5502	-7026
294.963493	5502	-7026
295.011498	5502	-7026
295.061503	5502	-7026
295.147512	5502	-7026
295.182515	5502	-7026
295.211518	5502	-6998
295.261523	5502	-6866
295.311528	5502	-6662
295.361533	5510	-6550
295.411538	5606	-6482
295.461543	5654	-6430
295.526550	5830	-6362
295.561553	5890	-6278
295.611558	5906	-6258
295.661563	5918	-6246
295.711568	5922	-6246
295.772574	5922	-6222
295.831580	5930	-6222
295.861583	5930	-6222
295.929590	5930	-6214
295.961593	5930	-6214
296.023600	5934	-6214
296.061603	5934	-6214
296.125609	5934	-6214
296.161613	5934	-6214
296.211618	5934	-6214
296.261623	5934	-6214
296.311628	5958	-6182
296.361633	6006	-6126
296.411638	6138	-5970
296.473644	6442	-5626
296.511648	6686	-5169
296.561653	6894	-4873
296.611658	7042	-4625
296.661663	7250	-4465
296.724669	7454	-4201
296.761673	7550	-4097
296.811678	7678	-4017
296.861683	7738	-3941
296.929690	7882	-3641
296.961693	8010	-3513
297.011698	8026	-3377
297.061703	8078	-3253
297.111708	8098	-3205
297.161713	8146	-3041
297.211718	8210	-2897
297.261723	8286	-2685
297.311728	8286	-2533
297.361733	8286	-2449
297.411738	8286	-2389
297.461743	8286	-2229
297.511748	8286	-2121
297.561753	8286	-1973
297.611758	8286	-1873
297.678765	8286	-1721
297.717769	8286	-1609
297.761773	8286	-1581
297.825779	8286	-1489
297.861783	8286	-1453
297.929790	8286	-1313
297.961793	8286	-1233
298.031800	8286	-1205
298.061803	8286	-1205
298.162813	8286	-997
298.211818	8286	-913
298.297827	8286	-885
298.311828	8286	-885
298.361833	8286	-877
298.411838	8286	-877
298.478845	8286	-637
298.511848	8306	-517
298.572855	8370	-509
298.611858	8378	-317
298.688866	8566	28
298.711868	8746	280
298.773874	8862	500
298.811878	8862	500
298.887886	8862	540
298.923890	8874	540
298.961893	8874	540
299.011898	8914	624
299.065904	8966	672
299.111908	8966	740
299.161913	8966	920
299.211918	8966	984
299.270924	8966	1052
299.332930	8966	1060
299.361933	8966	1060
299.411938	8966	1060
299.470944	8966	1060
299.511948	8966	1112
299.561953	8966	1196
299.611958	8966	1232
299.663963	8966	1348
299.725970	8966	1404
299.761973	8966	1404
299.811978	8966	1404
299.861983	8966	1436
299.922989	8966	1480
299.961993	8966	1536
300.025000	8966	1536
300.089006	8966	1688
300.138011	8966	1728
300.162013	8966	1728
300.212018	8966	1728
300.262023	8966	1728
300.324029	8966	1740
300.392036	8966	1740
300.412038	8966	1740
300.467044	8966	1788
300.533051	8966	1848
300.562053	8966	1860
300.616059	8966	2108
300.662063	8966	2348
300.712068	8966	2720
300.762073	9038	2992
300.812078	9062	3112
300.862083	9202	3172
300.912088	9318	3212
300.962093	9410	3232
301.012098	9410	3308
301.062103	9642	3408
301.121109	9722	3656
301.180115	9722	3740
301.240121	9722	3740
301.285126	9722	3740
301.346132	9722	3620
301.362133	9722	3476
301.422139	9722	3312
301.502147	9722	3132
301.560153	9722	3132
301.574154	9702	3132
301.655162	9702	3132
301.670164	9702	3132
301.747172	9702	3132
301.762173	9702	3132
301.843181	9702	3132
301.862183	9702	3132
301.912188	9702	3132
301.967194	9702	3132
302.012198	9702	3132
302.062203	9702	3132
302.112208	9702	3132
302.162213	9702	3132
302.222219	9702	3132
302.262223	9702	3132
302.312228	9702	3132
302.362233	9702	3132
302.421239	9702	3132
302.462243	9702	3132
302.512248	9702	3132
302.562253	9702	3132
302.647262	9702	3132
302.685266	9702	3132
302.747272	9702	3132
302.806278	9702	3132
302.832280	9702	3132
302.862283	9702	3132
303.015298	9702	3132
303.069304	9702	3124
303.112308	9702	3080
303.162313	9702	3068
303.225319	9702	2956
303.262323	9702	2908
303.312328	9702	2908
303.371334	9702	2908
303.412338	9702	2908
303.462343	9702	2908
303.527350	9702	2908
303.587356	9702	2908
303.637361	9702	2908
303.697367	9702	2908
303.712368	9702	2908
303.800377	9702	2908
303.812378	9702	2908
303.901387	9702	2908
303.914389	9702	2908
304.000397	9702	2908
304.014399	9702	2908
304.094407	9702	2908
304.112408	9702	2884
304.192416	9702	2776
304.212418	9702	2776
304.321429	9702	2772
304.464443	9702	2772
304.512448	9702	2772
304.562453	9702	2772
304.625460	9702	2788
304.662463	9702	2828
304.712468	9702	2828
304.762473	9702	2828
304.821479	9702	2828
304.899487	9702	2932
304.913488	9702	3016
304.962493	9702	3016
305.066504	9702	3028
305.112508	9702	3028
305.162513	9702	3032
305.212518	9702	3044
305.272524	9702	3132
305.333530	9702	3132
305.362533	9702	3132
305.412538	9702	3168
305.471544	9702	3240
305.512548	9702	3240
305.562553	9702	3240
305.612558	9702	3260
305.664564	9702	3312
305.726570	9702	3364
305.762573	9702	3428
305.812578	9702	3428
305.862583	9702	3504
305.923589	9702	3552
305.962593	9702	3604
306.025599	9702	3660
306.097607	9702	3660
306.145611	9702	3660
306.161613	9702	3660
306.211618	9702	3660
306.261623	9702	3660
306.322629	9702	3660
306.370634	9702	3660
306.429640	9702	3660
306.461643	9702	3660
306.528650	9654	3660
306.591656	9646	3660
306.655663	9630	3660
306.677665	9630	3660
306.711668	9630	3660
306.810678	9630	3660
306.875685	9602	3660
306.911688	9602	3660
306.961693	9602	3660
307.011698	9602	3660
307.061703	9602	3660
307.111708	9602	3660
307.169714	9602	3660
307.231720	9602	3644
307.261723	9602	3576
307.311728	9602	3532
307.369734	9602	3484
307.411738	9602	3468
307.461743	9602	3424
307.511748	9602	3292
307.569754	9602	3276
307.633760	9602	3228
307.661763	9602	3192
307.711768	9602	3132
307.769774	9602	3092
307.811778	9602	3092
307.861783	9602	3052
307.911788	9602	3020
307.961793	9602	3016
308.011798	9602	3000
308.061803	9602	3000
308.111808	9602	3000
308.161813	9602	3000
308.219819	9602	2980
308.271824	9602	2980
308.311828	9602	2980
308.361833	9602	2972
308.411838	9602	2972
308.470844	9602	2960
308.511848	9602	2960
308.561853	9602	2936
308.611858	9602	2936
308.676865	9602	2916
308.752872	9602	2880
308.845881	9602	2868
308.882885	9602	2836
308.926889	9602	2816
308.961893	9602	2804
309.061903	9602	2796
309.111908	9602	2756
309.161913	9602	2736
309.211918	9602	2724
309.273924	9602	2692
309.311928	9602	2692
309.361933	9602	2668
309.420939	9602	2656
309.467944	9602	2656
309.511948	9602	2620
309.561953	9602	2584
309.620959	9602	2580
309.661963	9602	2500
309.711968	9602	2500
309.761973	9602	2456
309.822979	9602	2340
309.870984	9602	2296
309.933990	9638	2116
309.961993	9658	2056
310.029000	9690	2028
310.062003	9734	2028
310.112008	9734	2028
310.162013	9762	2028
310.212018	9926	1984
310.262023	10146	1948
310.312028	10506	1796
310.362033	10918	1772
310.412038	11195	1724
310.471044	11387	1712
310.512048	11415	1712
310.562053	11447	1656
310.612058	11483	1644
310.662063	11511	1644
310.712068	11695	1644
310.762073	11803	1636
310.812078	11855	1636
310.862083	11915	1636
310.912088	12035	1636
310.962093	12107	1636
311.012098	12159	1636
311.074104	12159	1636
311.140111	12159	1636
311.162113	12159	1636
311.212118	12159	1636
311.271124	12199	1636
311.312128	12199	1636
311.362133	12199	1636
311.412138	12227	1636
311.464143	12239	1636
311.525149	12279	1636
311.562153	12287	1636
311.616158	12287	1636
311.662163	12299	1636
311.726170	12331	1636
311.762173	12355	1636
311.826180	12355	1636
311.892186	12355	1636
311.912188	12355	1636
311.968194	12355	1636
312.012198	12355	1636
312.071204	12355	1636
312.112208	12355	1636
312.162213	12355	1636
312.212218	12347	1656
312.262223	12251	1688
312.312228	12195	1688
312.362233	12099	1688
312.412238	12091	1688
312.462243	12087	1688
312.512248	12079	1688
312.562253	12079	1688
312.612258	12079	1688
312.662263	12079	1688
312.712268	12079	1688
312.762273	12079	1688
312.812278	12079	1688
312.870284	12079	1688
312.912288	12079	1688
312.971294	12079	1688
313.015298	12079	1688
313.072304	12079	1688
313.112308	12055	1688
313.162313	12003	1688
313.212318	11715	1688
313.270324	11231	1688
313.312328	11067	1688
313.362333	11067	1688
313.412338	11067	1688
313.471344	11067	1688
313.512348	11067	1688
313.562353	11067	1688
313.612358	11067	1688
313.665363	11067	1688
313.712368	11067	1688
313.762373	11067	1688
313.812378	11067	1688
313.865384	11067	1688
313.926390	11067	1688
313.962393	11067	1688
314.012398	11067	1688
314.062403	11067	1688
314.112408	11067	1688
314.162413	11067	1688
314.212418	11067	1688
314.262423	11067	1688
314.318429	11067	1688
314.384435	11067	1688
314.412438	11067	1688
314.517448	11067	1688
314.562453	11067	1688
314.612458	11067	1688
314.713468	11067	1688
314.784475	11067	1688
314.812478	11067	1688
314.867484	11067	1688
314.931490	11067	1688
314.962493	11067	1688
315.012498	11067	1688
315.072504	11067	1688
315.112508	11067	1688
315.162513	11067	1688
315.212518	11067	1688
315.268524	11067	1688
315.312528	11067	1688
315.362533	11067	1688
315.412538	11067	1688
315.474545	11067	1688
315.512548	11067	1688
315.575554	11067	1688
315.612558	11067	1688
315.662563	11067	1688
315.712568	11067	1688
315.762573	11067	1688
315.812578	11067	1688
315.862583	11067	1688
315.912588	11067	1688
315.962593	11067	1688
316.012598	11067	1688
316.062603	11067	1688
316.124609	11067	1688
316.170614	11067	1688
316.212618	11067	1688
316.262623	11067	1688
316.326630	11067	1688
316.369634	11067	1688
316.412638	11067	1688
316.462643	11067	1688
316.515648	11067	1688
316.562653	11067	1688
316.612658	11067	1688
316.662663	11067	1688
316.722669	11067	1688
316.790676	11067	1688
316.812678	11067	1688
316.862683	11067	1688
316.928690	11067	1688
316.962693	11067	1688
317.012698	11067	1688
317.062703	11067	1688
317.125710	11067	1688
317.162713	11067	1688
317.212718	11067	1688
317.262723	11067	1688
317.314728	11067	1688
317.362733	11067	1688
317.412738	11067	1688
317.462743	11067	1688
317.512748	11067	1688
317.562753	11067	1688
317.612758	11067	1664
317.662763	11067	1664
317.721769	11067	1664
317.789776	11067	1664
317.812778	11067	1664
317.871784	11067	1664
317.935791	11067	1664
317.962793	11067	1664
318.012798	11067	1664
318.062803	11067	1664
318.112808	11067	1664
318.162813	11067	1664
318.212818	11067	1640
318.262823	11067	1640
318.312828	11067	1640
318.362833	11067	1640
318.412838	11067	1640
318.462843	11067	1640
318.519849	11067	1640
318.626860	11067	1604
318.662863	11067	1604
318.712868	11067	1604
318.762873	11067	1596
318.812878	11067	1576
318.862883	11067	1576
318.912888	11067	1560
318.962893	11067	1524
319.022899	11067	1524
319.062903	11067	1480
319.112908	11067	1480
319.162913	11067	1480
319.212918	11067	1452
319.270924	11067	1440
319.312928	11067	1416
319.365933	11067	1416
319.412938	11067	1416
319.462943	11067	1416
319.512948	11067	1416
319.562953	11067	1416
319.625959	11067	1416
319.662963	11067	1416
319.712968	11067	1416
319.762973	11067	1388
319.820979	11067	1388
319.880985	11067	1388
319.912988	11067	1388
319.962993	11067	1388
320.015998	11067	1388
320.063003	11067	1388
320.122009	11067	1388
320.187016	11067	1388
320.264023	11067	1388
320.313028	11067	1388
320.412038	11067	1388
320.463043	11067	1388
320.513048	11067	1388
320.563053	11067	1388
320.619059	11067	1388
320.709068	11067	1388
320.729070	11067	1388
320.807077	11067	1388
320.813078	11067	1388
320.863083	11067	1388
320.914088	11067	1388
320.963093	11067	1388
321.013098	11067	1388
321.063103	11067	1388
321.127110	11067	1388
321.163113	11067	1388
321.213118	11067	1388
321.263123	11067	1388
321.313128	11067	1388
321.363133	11067	1388
321.416139	11067	1388
321.463143	11067	1388
321.513148	11067	1388
321.563153	11067	1388
321.625159	11067	1388
321.730170	11067	1388
321.763173	11067	1388
321.813178	11067	1388
321.872184	11067	1388
321.913188	11067	1388
321.963193	11067	1388
322.013198	11067	1388
322.072204	11067	1388
322.113208	11067	1388
322.163213	11067	1388
322.213218	11067	1388
322.263223	11067	1388
322.328229	11067	1388
322.363233	11067	1388
322.413238	11067	1388
322.472244	11067	1388
322.513248	11067	1388
322.563253	11067	1388
322.625259	11067	1388
322.666264	11067	1388
322.713268	11067	1388
322.763273	11067	1388
322.813278	11067	1388
322.872284	11067	1388
322.913288	11067	1388
322.963293	11067	1388
323.013298	11067	1388
323.074304	11067	1388
323.113308	11067	1388
323.174314	11067	1388
323.213318	11067	1388
323.263323	11067	1388
323.313328	11067	1388
323.363333	11067	1388
323.413338	11067	1388
323.474344	11067	1388
323.535350	11067	1388
323.594356	11067	1388
323.612358	11067	1388
323.725369	11067	1388
323.789376	11067	1388
323.852382	11067	1388
323.873384	11067	1388
323.912388	11067	1388
323.979395	11067	1388
324.043401	11059	1388
324.062403	11059	1388
324.112408	11059	1388
324.172414	11059	1388
324.212418	11059	1388
324.262423	11051	1388
324.312428	11047	1388
324.374434	11023	1388
324.426439	11023	1388
324.462443	11023	1388
324.512448	11023	1388
324.639461	11023	1388
324.703467	11023	1388
324.712468	11023	1388
324.762473	11023	1388
324.846481	11011	1388
324.862483	11011	1388
324.912488	11011	1388
324.962493	11011	1388
325.021499	10995	1388
325.092506	10995	1388
325.112508	10995	1388
325.175514	10991	1388
325.212518	10983	1388
325.262523	10979	1388
325.312528	10979	1388
325.362533	10979	1388
325.412538	10979	1388
325.462543	10979	1388
325.512548	10979	1388
325.562553	10975	1388
325.621559	10975	1388
325.662563	10975	1388
325.712568	10975	1388
325.762573	10975	1388
325.827579	10975	1388
325.872584	10975	1388
325.912588	10975	1388
325.962593	10975	1388
326.012598	10975	1388
326.062603	10975	1388
326.112608	10975	1388
326.162613	10975	1388
326.212618	10975	1388
326.262623	10975	1388
326.315629	10975	1388
326.362633	10975	1388
326.412638	10975	1388
326.462643	10975	1388
326.512648	10975	1388
326.577654	10975	1388
326.618659	10975	1388
326.674664	10975	1388
326.733670	10975	1388
326.762673	10975	1388
326.833680	10975	1388
326.862683	10975	1388
326.928689	10975	1388
326.962693	10975	1388
327.027699	10971	1388
327.062703	10971	1388
327.122709	10935	1388
327.162713	10935	1388
327.212718	10935	1388
327.262723	10931	1388
327.321729	10927	1388
327.372734	10927	1388
327.412738	10927	1388
327.462743	10927	1388
327.512748	10906	1388
327.562753	10850	1388
327.612758	10850	1388
327.662763	10810	1388
327.712768	10758	1388
327.762773	10758	1388
327.812778	10758	1388
327.862783	10758	1388
327.912788	10758	1388
327.962793	10758	1388
328.013798	10754	1388
328.074804	10698	1388
328.138811	10690	1388
328.162813	10690	1388
328.212818	10654	1388
328.274824	10618	1388
328.312828	10618	1388
328.362833	10598	1388
328.412838	10598	1388
328.463843	10546	1388
328.524849	10502	1388
328.562853	10458	1388
328.612858	10454	1388
328.662863	10334	1388
328.736870	10110	1388
328.762873	10010	1388
328.827879	9970	1388
328.895886	9962	1380
328.943891	9962	1380
328.962893	9950	1352
329.012898	9950	1352
329.075904	9930	1352
329.138911	9930	1336
329.162913	9930	1336
329.232920	9902	1332
329.262923	9902	1332
329.329930	9902	1308
329.392936	9902	1308
329.455942	9890	1308
329.478945	9890	1308
329.512948	9890	1304
329.622959	9890	1288
329.692966	9890	1280
329.712968	9890	1280
329.767973	9890	1280
329.812978	9890	1272
329.862983	9890	1264
329.912988	9890	1264
329.970994	9890	1264
330.033000	9890	1264
330.063003	9890	1264
330.113008	9890	1264
330.170014	9890	1264
330.213018	9890	1264
330.263023	9890	1264
330.313028	9890	1264
330.370034	9890	1260
330.431040	9890	1260
330.463043	9890	1256
330.513048	9890	1256
330.571054	9890	1256
330.613058	9890	1256
330.663063	9890	1256
330.713068	9890	1256
330.763073	9890	1256
330.813078	9890	1256
330.863083	9890	1256
330.913088	9890	1256
330.963093	9890	1256
331.021099	9890	1256
331.063103	9890	1256
331.113108	9890	1248
331.163113	9890	1248
331.213118	9890	1248
331.272124	9890	1248
331.313128	9890	1248
331.363133	9890	1248
331.413138	9882	1248
331.477144	9882	1248
331.514148	9882	1248
331.582155	9878	1248
331.618158	9878	1248
331.704167	9878	1248
331.713168	9878	1248
331.844181	9878	1248
331.863183	9878	1248
331.913188	9878	1248
331.963193	9878	1248
332.026199	9878	1248
332.079205	9878	1248
332.113208	9878	1248
332.189216	9878	1248
332.213218	9878	1248
332.264223	9878	1248
332.313228	9878	1248
332.368234	9878	1248
332.413238	9878	1248
332.463243	9878	1248
332.513248	9878	1248
332.574254	9878	1248
332.613258	9878	1248
332.680265	9846	1248
332.713268	9846	1248
332.812278	9838	1248
332.863283	9838	1248
332.913288	9834	1248
332.963293	9834	1248
333.013298	9822	1248
333.063303	9822	1248
333.113308	9822	1248
333.163313	9822	1248
333.213318	9822	1248
333.263323	9822	1248
333.313328	9822	1248
333.363333	9822	1248
333.413338	9794	1248
333.463343	9790	1248
333.513348	9786	1248
333.563353	9762	1248
333.613358	9758	1248
333.663363	9726	1248
333.713368	9714	1240
333.774374	9698	1228
333.813378	9698	1192
333.863383	9682	1164
333.922389	9682	1148
333.969394	9662	1124
334.013398	9650	1108
334.063403	9646	1108
334.113408	9646	1108
334.163413	9630	1108
334.213418	9630	1088
334.263423	9630	1080
334.322429	9630	1072
334.371434	9630	1068
334.413438	9630	1068
334.463443	9630	1064
334.518448	9630	1032
334.563453	9630	1032
334.613458	9630	1020
334.672464	9630	1016
334.713468	9630	1008
334.763473	9630	1008
334.813478	9630	1008
334.875484	9630	1008
334.935490	9630	1004
334.963493	9630	1000
335.013498	9630	1000
335.071504	9630	1000
335.113508	9630	996
335.163513	9630	996
335.223519	9630	988
335.295526	9630	976
335.317528	9630	956
335.363533	9630	956
335.448542	9630	956
335.512548	9630	952
335.563553	9630	944
335.613558	9630	944
335.663563	9630	928
335.713568	9630	928
335.763573	9630	928
335.821579	9630	928
335.879585	9630	928
335.938591	9630	928
335.983595	9630	928
336.041601	9630	928
336.063603	9630	928
336.120609	9630	928
336.224619	9626	928
336.290626	9598	928
336.313628	9598	928
336.398636	9598	928
336.413638	9598	928
336.463643	9598	928
336.513648	9598	928
336.572654	9598	928
336.631660	9598	928
336.663663	9598	928
336.716668	9594	928
336.763673	9570	928
336.813678	9566	928
336.863683	9534	928
336.916688	9510	928
336.974694	9470	928
337.013698	9466	928
337.063703	9458	928
337.113708	9458	928
337.163713	9458	928
337.223719	9430	928
337.263723	9430	928
337.313728	9430	928
337.363733	9418	928
337.428740	9418	928
337.468743	9418	928
337.527750	9390	928
337.595756	9390	928
337.639760	9390	928
337.663763	9390	928
337.816778	9390	928
337.869783	9390	928
337.913788	9390	928
337.963793	9390	928
338.025799	9390	928
338.063803	9390	928
338.113808	9390	928
338.163813	9390	928
338.213818	9390	928
338.263823	9390	928
338.327829	9390	928
338.370834	9390	928
338.413838	9390	928
338.463843	9390	928
338.513848	9390	928
338.576854	9390	928
338.613858	9390	928
338.663863	9390	928
338.725869	9390	928
338.763873	9390	928
338.813878	9390	928
338.863883	9390	928
338.913888	9390	928
338.963893	9390	928
339.013898	9390	928
339.063903	9390	928
339.113908	9390	928
339.163913	9390	928
339.213918	9390	928
339.263923	9390	928
339.313928	9390	928
339.363933	9386	928
339.413938	9378	928
339.463943	9378	928
339.522949	9370	928
339.571954	9370	928
339.613958	9354	928
339.663963	9354	928
339.716969	9354	928
339.763973	9322	928
339.813978	9322	928
339.863983	9322	928
339.924989	9294	928
339.992996	9294	928
340.013998	9294	928
340.076004	9294	928
340.168014	9274	928
340.214018	9274	928
340.264023	9254	912
340.314028	9238	912
340.364033	9214	912
340.426039	9198	912
340.464043	9182	900
340.514048	9182	896
340.564053	9178	896
340.618058	9178	888
340.664063	9170	876
340.747071	9170	864
340.764073	9170	864
340.814078	9170	864
340.864083	9158	864
340.914088	9158	864
340.964093	9158	864
341.023099	9142	864
341.063103	9142	864
341.113108	9142	860
341.171113	9142	860
341.213118	9142	860
341.263123	9142	860
341.322129	9142	848
341.430140	9142	848
341.463143	9142	848
341.513148	9142	848
341.575154	9142	848
341.641160	9142	848
341.663163	9142	848
341.713168	9142	848
341.763173	9142	848
341.813178	9142	848
341.863183	9142	848
341.921189	9142	848
341.978194	9134	848
342.037200	9134	848
342.081205	9134	848
342.142211	9126	848
342.163213	9126	848
342.218218	9126	848
342.326229	9122	848
342.363233	9122	848
342.413238	9122	848
342.474244	9122	848
342.513248	9122	848
342.563253	9122	848
342.613258	9118	848
342.672264	9118	848
342.731270	9118	848
342.763273	9118	848
342.817278	9118	848
342.863283	9118	848
342.913288	9118	848
342.963293	9118	848
343.016298	9118	848
343.073304	9118	848
343.113308	9118	848
343.163313	9118	848
343.213318	9118	848
343.263323	9118	848
343.325329	9102	848
343.371334	9090	848
343.413338	9078	848
343.463343	9046	848
343.528349	9022	848
343.572354	8966	848
343.634360	8902	848
343.693366	8814	848
343.737370	8686	848
343.763373	8494	836
343.905387	7986	744
343.959393	7966	724
343.966393	7958	724
344.013398	7890	724
344.100407	7358	688
344.115408	6850	644
344.163413	6130	568
344.213418	5946	552
344.263423	5946	412
344.313428	5946	412
344.377434	5946	372
344.415438	5946	288
344.463443	6038	224
344.513448	6270	188
344.563453	6270	176
344.629459	6270	176
344.663463	6270	176
344.713468	6270	176
344.776474	6270	140
344.813478	6318	80
344.887486	6530	-57
344.938490	6566	-121
344.963493	6578	-153
345.013498	6598	-209
345.063503	6606	-249
345.113508	6662	-289
345.163513	6710	-333
345.213518	6714	-361
345.263523	6762	-381
345.321529	6770	-381
345.372534	6770	-381
345.413538	6770	-381
345.463543	6770	-381
345.513548	6770	-385
345.563553	6770	-385
345.613558	6770	-385
345.663563	6770	-385
345.713568	6770	-385
345.763573	6770	-405
345.825579	6770	-405
345.880585	6770	-425
345.942591	6770	-425
346.001597	6770	-425
346.013598	6770	-425
346.063603	6770	-425
346.144611	6770	-425
346.181615	6770	-425
346.213618	6770	-425
346.290626	6770	-425
346.313628	6770	-425
346.419639	6770	-425
346.469644	6770	-425
346.513648	6770	-425
346.563653	6770	-425
346.618659	6770	-425
346.669663	6770	-425
346.733670	6770	-429
346.763673	6770	-429
346.813678	6770	-429
346.863683	6770	-429
346.913688	6770	-429
346.963693	6770	-433
347.022699	6770	-437
347.063703	6770	-449
347.113708	6770	-449
347.163713	6770	-449
347.213718	6770	-449
347.263723	6770	-469
347.313728	6770	-485
347.363733	6770	-509
347.413738	6762	-525
347.463743	6762	-545
347.513748	6734	-557
347.563753	6734	-601
347.613758	6734	-609
347.663763	6726	-637
347.713768	6726	-725
347.763773	6678	-785
347.813778	6646	-825
347.863783	6638	-865
347.922789	6594	-865
348.016798	6562	-865
348.063803	6562	-865
348.113808	6562	-865
348.163813	6562	-865
348.225819	6562	-869
348.263823	6562	-869
348.313828	6562	-885
348.374834	6562	-921
348.413838	6562	-965
348.463843	6562	-1005
348.513848	6562	-1017
348.572854	6562	-1037
348.634860	6562	-1037
348.663863	6558	-1037
348.713868	6554	-1037
348.763873	6554	-1037
348.813878	6554	-1037
348.863883	6542	-1037
348.913888	6542	-1037
348.972894	6542	-1037
349.013898	6530	-1037
349.063903	6498	-1037
349.113908	6498	-1037
349.172914	6498	-1037
349.213918	6498	-1037
349.263923	6498	-1037
349.313928	6494	-1037
349.377934	6494	-1037
349.414938	6494	-1037
349.478944	6494	-1037
349.515948	6494	-1037
349.568954	6494	-1037
349.613958	6494	-1037
349.663963	6494	-1037
349.713968	6494	-1037
349.763973	6494	-1037
349.813978	6494	-1037
349.866983	6494	-1037
349.913988	6494	-1037
349.963993	6494	-1037
350.013998	6494	-1037
350.064003	6494	-1037
350.114008	6494	-1037
350.164013	6494	-1037
350.214018	6494	-1037
350.264023	6494	-1037
350.314028	6490	-1037
350.377034	6482	-1037
350.414038	6482	-1037
350.477044	6482	-1037
350.514048	6478	-1037
350.564053	6478	-1037
350.614058	6470	-1037
350.667063	6462	-1037
350.714068	6462	-1037
350.764073	6454	-1037
350.814078	6454	-1037
350.873084	6454	-1037
350.973094	6442	-1037
351.014098	6442	-1037
351.064103	6442	-1037
351.127109	6442	-1037
351.164113	6442	-1037
351.214118	6442	-1037
351.264123	6442	-1037
351.314128	6442	-1037
351.364133	6442	-1037
351.414138	6442	-1037
351.464143	6442	-1037
351.514148	6442	-1037
351.576154	6442	-1057
351.614158	6442	-1057
351.691165	6442	-1133
351.750172	6442	-1193
351.764173	6442	-1193
351.814178	6442	-1193
351.893186	6442	-1201
351.929189	6442	-1201
351.964193	6442	-1201
352.014198	6442	-1225
352.064203	6442	-1257
352.125209	6442	-1261
352.164213	6442	-1273
352.214218	6442	-1321
352.264223	6434	-1353
352.325229	6434	-1409
352.372234	6422	-1437
352.433240	6402	-1461
352.493246	6402	-1485
352.541251	6386	-1513
352.564253	6382	-1537
352.614258	6358	-1561
352.685265	6286	-1625
352.748271	6258	-1641
352.790276	6250	-1665
352.849281	6234	-1697
352.864283	6234	-1697
352.914288	6234	-1697
353.014298	6198	-1705
353.077304	6190	-1705
353.141311	6166	-1705
353.164313	6166	-1705
353.235320	6166	-1705
353.299326	6166	-1705
353.314328	6166	-1705
353.364333	6166	-1737
353.414338	6166	-1737
353.466343	6166	-1737
353.514348	6166	-1737
353.564353	6154	-1741
353.626359	6134	-1741
353.685365	6134	-1741
353.714368	6114	-1741
353.768373	6114	-1741
353.814378	6102	-1741
353.875384	6090	-1741
353.914388	6090	-1741
353.964393	6090	-1741
354.025399	6078	-1741
354.064403	6078	-1741
354.125409	6078	-1745
354.164413	6078	-1769
354.223419	6078	-1773
354.264423	6078	-1773
354.314428	6078	-1773
354.364433	6078	-1773
354.414438	6078	-1773
354.464443	6078	-1773
354.514448	6078	-1773
354.572453	6078	-1773
354.614458	6078	-1773
354.664463	6078	-1773
354.714468	6078	-1773
354.764473	6078	-1773
354.823479	6078	-1773
354.871484	6078	-1773
354.914488	6078	-1773
354.964493	6078	-1773
355.028499	6078	-1669
355.064503	6078	-1625
355.114508	6078	-1613
355.164513	6078	-1605
355.214518	6078	-1605
355.264523	6078	-1605
355.314528	6078	-1593
355.364533	6078	-1593
355.414538	6078	-1593
355.464543	6078	-1585
355.517548	6078	-1581
355.564553	6078	-1581
355.614558	6078	-1581
355.664563	6078	-1581
355.714568	6078	-1581
355.778574	6078	-1581
355.816578	6078	-1581
355.864583	6078	-1581
355.926589	6078	-1553
355.964593	6078	-1553
356.026599	6078	-1549
356.064603	6078	-1549
356.133610	6078	-1549
356.164613	6078	-1541
356.227619	6078	-1533
356.264623	6078	-1533
356.321629	6078	-1477
356.372634	6078	-1465
356.414638	6078	-1377
356.464643	6078	-1273
356.514648	6078	-1225
356.564653	6078	-1073
356.614658	6078	-737
356.672664	6078	-433
356.714668	6094	-357
356.764673	6118	-169
356.814678	6238	124
356.864683	6334	256
356.914688	6362	372
356.964693	6470	504
357.014698	6514	612
357.064703	6582	700
357.121708	6758	800
357.225719	7250	940
357.282725	7466	1076
357.314728	7590	1244
357.394736	7654	1336
357.414738	7678	1488
357.464743	7694	1488
357.514748	7742	1528
357.573754	7762	1572
357.614758	7886	1624
357.664763	8254	1812
357.714768	8430	2068
357.766773	8438	2260
357.814778	8506	2488
357.864783	8658	2796
357.914788	8794	2924
357.964793	8794	3076
358.014798	8794	3136
358.064803	8794	3244
358.126809	8794	3292
358.191816	8794	3300
358.214818	8802	3300
358.267823	8802	3300
358.314828	8802	3300
358.364833	8802	3300
358.414838	8802	3300
358.464843	8802	3300
358.522849	8802	3300
358.563853	8802	3300
358.613858	8802	3292
358.672863	8802	3292
358.736870	8802	3292
358.763873	8802	3292
358.813878	8802	3292
358.875884	8802	3292
358.939890	8802	3292
358.963893	8802	3292
359.013898	8802	3292
359.063903	8802	3292
359.113908	8802	3292
359.163913	8802	3292
359.213918	8802	3292
359.274924	8802	3292
359.313928	8802	3292
359.363933	8802	3292
359.413938	8802	3292
359.463943	8802	3292
359.513948	8802	3292
359.563953	8802	3292
359.613958	8802	3292
359.674964	8802	3292
359.713968	8802	3292
359.763973	8802	3292
359.813978	8802	3292
359.863983	8802	3292
359.913988	8802	3292
359.963993	8802	3292
360.015998	8802	3292
360.064003	8802	3292
360.114008	8802	3292
360.164013	8802	3292
360.217018	8802	3292
360.275024	8802	3292
360.314028	8802	3292
360.364033	8802	3292
360.414038	8802	3292
360.464043	8802	3292
360.525049	8802	3292
360.564053	8802	3292
360.614058	8802	3292
360.664063	8802	3292
360.728069	8802	3292
360.768073	8802	3292
360.814078	8802	3292
360.864083	8802	3292
360.914088	8802	3292
360.964093	8802	3292
361.014098	8802	3292
361.064103	8802	3292
361.114108	8802	3292
361.164113	8802	3292
361.217118	8802	3292
361.264123	8802	3292
361.314128	8802	3292
361.373134	8802	3292
361.414138	8802	3292
361.464143	8802	3292
361.514148	8802	3292
361.570153	8802	3292
361.614158	8802	3292
361.664163	8802	3292
361.714168	8802	3292
361.775174	8802	3292
361.814178	8802	3292
361.876184	8802	3292
361.914188	8802	3292
361.976194	8802	3292
362.014198	8802	3292
362.064203	8802	3292
362.114208	8802	3292
362.164213	8802	3292
362.214218	8802	3292
362.264223	8802	3292
362.314228	8802	3292
362.364233	8802	3292
362.423239	8802	3292
362.470243	8802	3292
362.514248	8802	3292
362.564253	8802	3292
362.614258	8802	3292
362.664263	8802	3292
362.714268	8802	3292
362.764273	8802	3292
362.814278	8802	3292
362.864283	8802	3292
362.927289	8802	3292
362.964293	8802	3292
363.058302	8802	3292
363.121308	8802	3292
363.169313	8802	3292
363.214318	8802	3292
363.276324	8802	3292
363.314328	8802	3292
363.364333	8802	3292
363.414338	8802	3292
363.464343	8802	3292
363.523349	8802	3292
363.564353	8802	3292
363.614358	8802	3292
363.664363	8802	3292
363.717368	8802	3292
363.764373	8802	3292
363.814378	8802	3292
363.864383	8802	3292
363.914388	8802	3292
363.964393	8802	3292
364.014398	8802	3292
364.064403	8802	3292
364.125409	8802	3292
364.164413	8802	3292
364.214418	8802	3292
364.264423	8802	3292
364.314428	8802	3292
364.364433	8802	3292
364.423439	8802	3292
364.464443	8802	3292
364.514448	8802	3292
364.564453	8802	3292
364.626459	8802	3292
364.664463	8802	3292
364.714468	8802	3292
364.764473	8802	3292
364.814478	8802	3292
364.864483	8802	3292
364.914488	8802	3292
364.964493	8802	3292
365.026499	8802	3292
365.086505	8802	3292
365.114508	8802	3292
365.164513	8802	3292
365.214518	8802	3292
365.275524	8802	3292
365.314528	8802	3292
365.364533	8802	3292
365.426539	8802	3292
365.464543	8802	3292
365.514548	8802	3292
365.564553	8802	3292
365.614558	8802	3292
365.672564	8802	3292
365.714568	8802	3292
365.767573	8802	3292
365.814578	8802	3292
365.864583	8802	3292
365.914588	8802	3292
365.966593	8802	3292
366.025599	8802	3292
366.064603	8802	3292
366.114608	8802	3292
366.164613	8802	3292
366.214618	8802	3292
366.264623	8802	3292
366.314628	8802	3292
366.364633	8802	3292
366.414638	8802	3292
366.464643	8802	3292
366.514648	8802	3292
366.564653	8802	3292
366.614658	8802	3292
366.664663	8802	3292
366.714668	8802	3292
366.764673	8802	3292
366.814678	8802	3292
366.864683	8802	3292
366.914688	8802	3292
366.967693	8802	3292
367.014698	8802	3292
367.064703	8802	3292
367.114708	8802	3292
367.164713	8802	3292
367.214718	8802	3288
367.264723	8802	3288
367.314728	8802	3288
367.364733	8802	3288
367.414738	8802	3288
367.477744	8802	3260
367.514748	8802	3248
367.564753	8802	3248
367.630759	8802	3240
367.664763	8802	3240
367.714768	8802	3224
367.764773	8802	3224
367.814778	8802	3224
367.864783	8802	3224
367.914788	8802	3224
367.964793	8802	3224
368.014798	8802	3212
368.064803	8802	3212
368.114808	8802	3212
368.172813	8802	3208
368.214818	8802	3188
368.264823	8802	3188
368.314828	8802	3188
368.364833	8802	3176
368.414838	8802	3176
368.464843	8802	3172
368.514848	8802	3156
368.564853	8802	3156
368.614858	8802	3156
368.664863	8802	3156
368.714868	8802	3156
368.776874	8802	3132
368.839880	8802	3132
368.864883	8802	3108
368.914888	8802	3108
368.976894	8802	3108
369.014898	8802	3108
369.064903	8802	3108
369.114908	8802	3104
369.164913	8802	3104
369.222919	8802	3100
369.264923	8802	3100
369.314928	8802	3100
369.364933	8802	3092
369.417938	8802	3092
369.464943	8802	3092
369.526949	8802	3064
369.564953	8802	3060
369.614958	8802	3060
369.664963	8802	3060
369.714968	8802	3060
369.764973	8802	3060
369.823979	8802	3060
369.927989	8802	3060
369.964993	8802	3060
370.014998	8802	3060
370.065003	8802	3052
370.115008	8802	3048
370.165013	8802	3048
370.215018	8802	3036
370.265023	8802	3036
370.315028	8802	3036
370.365033	8802	3028
370.415038	8802	3028
370.465043	8802	3024
370.515048	8802	3024
370.565053	8802	3024
370.615058	8802	3024
370.665063	8802	3024
370.715068	8802	3024
370.811078	8802	3024
370.882084	8802	3024
370.915088	8802	3024
370.973094	8802	3024
371.017098	8802	3024
371.077104	8802	3024
371.115108	8802	3024
371.165113	8802	3024
371.227119	8802	3024
371.265123	8802	3024
371.315128	8802	3024
371.365133	8802	3024
371.424139	8802	3024
371.491146	8802	3024
371.515148	8802	3024
371.565153	8802	3024
371.615158	8802	3024
371.665163	8802	3024
371.715168	8802	3024
371.765173	8802	3024
371.827179	8802	3024
371.865183	8802	3024
371.915188	8802	3024
371.965193	8802	3024
372.023199	8802	3024
372.065203	8802	3024
372.115208	8802	3024
372.165213	8802	3024
372.219218	8802	3024
372.280224	8802	3024
372.315228	8802	3024
372.420238	8802	3024
372.465243	8802	3024
372.515248	8802	3024
372.565253	8802	3024
372.619258	8802	3024
372.668263	8802	3024
372.715268	8802	3024
372.765273	8802	3016
372.815278	8802	3016
372.865283	8802	3016
372.915288	8802	2976
372.965293	8802	2964
373.015298	8802	2924
373.079304	8802	2924
373.117308	8802	2924
373.177314	8802	2908
373.236320	8802	2908
373.265323	8802	2908
373.332330	8802	2908
373.365333	8802	2908
373.433340	8802	2908
373.465343	8802	2908
373.515348	8802	2908
373.565353	8802	2908
373.618358	8802	2908
373.665363	8802	2908
373.715368	8802	2908
373.765373	8802	2908
373.827379	8802	2908
373.975394	8802	2908
374.015398	8802	2908
374.065403	8802	2908
374.126409	8802	2908
374.165413	8802	2908
374.215418	8802	2908
374.265423	8802	2908
374.327429	8802	2908
374.408437	8802	2908
374.415438	8802	2908
374.500446	8802	2908
374.553452	8802	2908
374.568453	8802	2908
374.615458	8802	2908
374.676464	8802	2908
374.735470	8802	2908
374.796476	8802	2908
374.815478	8802	2908
374.882484	8802	2908
374.941491	8802	2908
374.978494	8802	2908
375.015498	8802	2908
375.096506	8802	2908
375.148511	8802	2908
375.209517	8802	2908
375.216518	8802	2908
375.265523	8802	2908
375.315528	8802	2908
375.399536	8802	2908
375.415538	8802	2908
375.506547	8802	2908
375.565553	8802	2908
375.616558	8798	2908
375.665563	8798	2908
375.715568	8798	2908
375.765573	8798	2908
375.826579	8798	2908
375.932590	8798	2908
375.965593	8794	2908
376.014598	8794	2908
376.077604	8774	2908
376.115608	8774	2908
376.164613	8758	2908
376.214618	8758	2908
376.264623	8758	2908
376.314628	8758	2908
376.364633	8746	2908
376.414638	8746	2908
376.464643	8746	2908
376.514647	8746	2908
376.564653	8746	2908
376.614658	8746	2908
376.672664	8746	2908
376.714668	8742	2908
376.774674	8742	2908
376.821679	8718	2908
376.927689	8718	2908
376.964693	8718	2900
377.014698	8698	2900
377.064703	8678	2900
377.122708	8666	2900
377.176714	8634	2892
377.237720	8634	2888
377.264723	8630	2884
377.330729	8630	2824
377.364733	8602	2812
377.430739	8562	2812
377.464743	8538	2812
377.514748	8466	2812
377.564753	8354	2812
377.614758	8126	2784
377.664762	7766	2768
377.714768	7558	2752
377.764773	7450	2700
377.827779	7450	2664
377.883785	7450	2624
377.927789	7450	2564
377.973794	7450	2564
378.032800	7450	2564
378.064803	7450	2564
378.114808	7450	2564
378.164813	7450	2564
378.217818	7450	2564
378.264823	7450	2564
378.326829	7450	2564
378.430840	7450	2564
378.464843	7450	2564
378.514848	7450	2564
378.614858	7450	2564
378.668863	7450	2564
378.714868	7450	2564
378.764873	7450	2564
378.827879	7450	2564
378.881885	7450	2564
378.914888	7450	2564
379.020898	7450	2564
379.071903	7450	2564
379.114908	7450	2564
379.179914	7450	2564
379.234920	7450	2564
379.264923	7450	2564
379.327929	7450	2564
379.376934	7450	2564
379.437940	7450	2564
379.464943	7450	2564
379.532949	7450	2564
379.564953	7450	2564
379.628959	7450	2564
379.664963	7450	2564
379.717968	7450	2564
379.764973	7450	2564
379.814978	7450	2564
379.864983	7450	2564
379.923989	7450	2564
380.033000	7450	2564
380.065003	7450	2564
380.115008	7450	2564
380.174014	7450	2552
380.215018	7450	2552
380.265023	7450	2552
380.315028	7450	2552
380.374033	7450	2552
380.415038	7450	2552
380.465043	7450	2540
380.515048	7450	2504
380.568053	7450	2484
380.615058	7450	2484
380.665063	7450	2464
380.715068	7450	2464
380.776074	7450	2464
380.836080	7450	2452
380.865083	7450	2452
380.915088	7450	2424
380.974093	7450	2424
381.015098	7450	2424
381.065103	7450	2424
381.115108	7450	2424
381.166113	7450	2424
381.227119	7450	2424
381.265123	7450	2424
381.315128	7450	2424
381.365133	7450	2424
381.426139	7450	2424
381.465143	7450	2424
381.524148	7450	2424
381.595156	7450	2424
381.643160	7450	2424
381.665163	7450	2424
381.715168	7450	2424
381.779174	7450	2424
381.842180	7450	2424
381.865183	7450	2424
381.943191	7450	2424
381.965193	7450	2424
382.041200	7450	2424
382.103207	7450	2424
382.172214	7450	2424
382.215218	7450	2424
382.265223	7450	2424
382.327229	7450	2424
382.436240	7450	2424
382.475244	7450	2316
382.515248	7450	2252
382.565253	7450	2232
382.615258	7450	2192
382.665263	7450	2144
382.723269	7450	2012
382.827279	7450	1952
382.865283	7450	1952
382.915287	7262	1952
382.973293	6562	1816
383.015298	5570	1572
383.065303	3801	1268
383.115308	2849	1180
383.173314	2781	1024
383.234320	2745	988
383.265323	2697	988
383.315328	2557	988
383.372334	2469	988
383.415338	2469	988
383.465343	2401	924
383.515348	2117	896
383.565353	1749	800
383.615358	997	0
383.665363	913	0
383.715368	781	0
383.765373	773	0
383.818378	661	0
383.876384	621	0
383.915388	201	0
383.965393	105	0
384.015398	89	0
384.065403	53	0
384.125409	5	0
384.165413	5	0
384.215418	0	0
384.265423	0	0
384.315428	0	0
384.368433	0	0
384.415438	0	0
384.465443	0	0
384.515448	0	0
384.565453	0	0
384.615458	0	0
384.665462	0	0
384.715468	0	0
384.765473	0	0
384.815478	0	0
384.865483	0	0
384.915488	0	0
384.977494	0	0
385.015498	0	0
385.065503	0	0
385.115508	0	0
385.174514	0	0
385.215518	0	0
385.265523	0	0
385.330529	0	0
385.408537	0	0
385.422538	0	0
385.465543	0	0
385.545551	0	0
385.565553	0	0
385.643560	0	0
385.665563	0	0
385.715568	0	0
385.784575	0	0
385.815578	0	0
385.917588	0	0
385.965593	0	0
386.015598	0	0
386.065603	0	0
386.115608	0	0
386.165613	0	0
386.215618	0	0
386.274623	0	0
386.374634	0	0
386.415637	0	0
386.465643	0	0
386.515648	0	0
386.574654	0	0
386.615658	0	0
386.665663	0	0
386.715668	0	0
386.765673	0	0
386.824678	0	0
386.902687	0	0
386.915688	0	0
386.985695	0	0
387.015698	0	0
387.065703	0	0
387.130709	0	0
387.165713	0	0
387.215718	0	0
387.277724	0	0
387.336730	0	0
387.365733	0	0
387.415738	0	0
387.465743	0	0
387.524749	0	0
387.603756	0	0
387.615758	0	0
387.665763	0	0
387.715768	0	0
387.808777	0	0
387.869783	0	0
387.915788	0	0
387.965793	0	0
388.015798	0	0
388.065803	0	0
388.127809	0	0
388.165812	0	0
388.226819	0	0
388.265823	0	0
388.315828	0	0
388.365833	0	0
388.415838	0	0
388.465843	0	0
388.515848	0	0
388.574853	0	0
388.615858	0	0
388.665863	0	0
388.723868	0	0
388.765873	0	0
388.828879	0	0
388.884885	0	0
388.945891	0	0
389.008897	0	0
389.030899	0	0
389.065903	0	0
389.159912	0	0
389.165913	0	0
389.215918	0	0
389.265923	0	0
389.315928	0	0
389.365933	0	0
389.415938	0	0
389.465943	0	0
389.515948	0	0
389.565953	0	0
389.628959	0	0
389.693965	0	0
389.745971	0	0
389.765973	0	0
389.815978	0	0
389.865983	0	0
389.915987	0	0
389.965993	0	0
390.023999	0	0
390.066003	0	0
390.130009	0	0
390.166013	0	0
390.216018	0	0
390.274024	0	0
390.316028	0	0
390.375034	0	0
390.435040	0	0
390.466043	0	0
390.516048	0	0
390.566053	0	0
390.616058	0	0
390.666063	0	0
390.716068	0	0
390.770073	0	0
390.828079	0	0
390.935090	0	0
390.966093	0	0
391.016098	0	0
391.066103	0	0
391.116108	0	0
391.175114	0	0
391.216118	0	0
391.266123	0	0
391.316128	0	0
391.366133	0	0
391.430139	0	0
391.470143	0	0
391.529149	0	0
391.595156	0	0
391.616158	0	0
391.666162	0	0
391.716168	0	0
391.816178	0	0
391.870183	0	0
391.916188	0	0
391.966193	0	0
392.016198	0	0
392.069203	0	0
392.116208	0	0
392.166213	0	0
392.216218	0	0
392.266223	0	0
392.316228	0	0
392.366233	0	0
392.416238	0	0
392.471243	0	0
392.516248	0	0
392.566253	0	0
392.616258	0	0
392.666263	0	0
392.727269	0	0
392.766273	0	0
392.829279	0	0
392.886285	0	0
392.916288	0	0
392.981294	0	0
393.016298	0	0
393.080304	0	0
393.116308	0	0
393.166313	0	0
393.216318	0	0
393.266323	0	0
393.316328	0	0
393.416337	0	0
393.466343	0	0
393.515347	0	0
393.573353	0	0
393.615357	0	0
393.665363	0	0
393.715368	0	0
393.765373	0	0
393.815378	0	0
393.865383	0	0
393.915388	0	0
393.965393	0	0
394.015398	0	0
394.067403	0	0
394.115407	0	0
394.165412	0	0
394.215417	0	0
394.265423	0	0
394.324429	0	0
394.435440	0	0
394.465443	0	0
394.515448	0	0
394.576454	0	0
394.615458	0	0
394.665462	0	0
394.715467	0	0
394.765472	0	0
394.815478	0	0
394.874484	0	0
394.915488	0	0
394.965493	0	0
395.015498	0	0
395.065503	0	0
395.120508	0	0
395.165513	0	0
395.215518	0	0
395.274524	0	0
395.334529	0	0
395.391535	0	0
395.415538	0	0
395.465543	0	0
395.515548	0	0
395.565553	0	0
395.626559	0	0
395.694565	0	0
395.715568	0	0
395.802577	0	0
395.819578	0	0
395.903586	0	0
395.915587	0	0
395.983594	0	0
396.015598	0	0
396.065603	0	0
396.115608	0	0
396.177614	0	0
396.240620	0	0
396.265623	0	0
396.315628	0	0
396.365633	0	0
396.415637	0	0
396.465642	0	0
396.515647	0	0
396.573653	0	0
396.615658	0	0
396.676664	0	0
396.715668	0	0
396.767673	0	0
396.826679	0	0
396.885684	0	0
396.930689	0	0
396.993695	0	0
397.015697	0	0
397.098706	0	0
397.115707	0	0
397.205717	0	0
397.215718	0	0
397.265723	0	0
397.315728	0	0
397.370733	0	0
397.415738	0	0
397.473743	0	0
397.515748	0	0
397.568753	0	0
397.615757	0	0
397.665762	0	0
397.715767	0	0
397.765773	0	0
397.815778	0	0
397.873784	0	0
397.915788	0	0
397.965793	0	0
398.015798	0	0
398.065803	0	0
398.125809	0	0
398.165812	0	0
398.215817	0	0
398.265822	0	0
398.315828	0	0
398.368833	0	0
398.415838	0	0
398.465843	0	0
398.515848	0	0
398.565853	0	0
398.615858	0	0
398.665863	0	0
398.715868	0	0
398.765872	0	0
398.815877	0	0
398.865882	0	0
398.915888	0	0
398.977894	0	0
399.015898	0	0
399.065903	0	0
399.115908	0	0
399.174913	0	0
399.215918	0	0
399.265923	0	0
399.331929	0	0
399.374934	0	0
399.415937	0	0
399.468943	0	0
399.527949	0	0
399.565953	0	0
399.632959	0	0
399.665963	0	0
399.715968	0	0
399.777974	0	0
399.815978	0	0
399.865983	0	0
399.915987	0	0
399.965992	0	0
400.015997	0	0
400.066003	0	0
400.116008	0	0
400.166013	0	0
400.225019	0	0
400.266023	0	0
400.316028	0	0
400.366033	0	0
400.416038	0	0
400.475043	0	0
400.516047	0	0
400.567053	0	0
400.616057	0	0
400.666063	0	0
400.725069	0	0
400.802076	0	0
400.816078	0	0
400.866083	0	0
400.916088	0	0
400.966093	0	0
401.031099	0	0
401.066103	0	0
401.116107	0	0
401.178114	0	0
401.237120	0	0
401.266123	0	0
401.316128	0	0
401.366133	0	0
401.425138	0	0
401.505147	0	0
401.516148	0	0
401.566153	0	0
401.616158	0	0
401.683164	0	0
401.744170	0	0
401.766172	0	0
401.819178	0	0
401.866183	0	0
401.916188	0	0
401.977194	0	0
402.016198	0	0
402.077204	0	0
402.117208	0	0
402.166213	0	0
402.216218	0	0
402.266222	0	0
402.316227	0	0
402.366232	0	0
402.427239	0	0
402.466243	0	0
402.516248	0	0
402.574254	0	0
402.616258	0	0
402.666263	0	0
402.716268	0	0
402.777274	0	0
402.840280	0	0
402.866282	0	0
402.916287	0	0
402.966293	0	0
403.016298	0	0
403.079304	0	0
403.117308	0	0
403.166313	0	0
403.216318	0	0
403.266323	0	0
403.316328	0	0
403.366333	0	0
403.416337	0	0
403.466342	0	0
403.525349	0	0
403.587355	0	0
403.616358	0	0
403.675364	0	0
403.716368	0	0
403.766373	0	0
403.816378	0	0
403.866383	0	0
403.916388	0	0
403.976394	0	0
404.016397	0	0
404.066402	0	0
404.125409	0	0
404.166413	0	0
404.225419	0	0
404.266423	0	0
404.316428	0	0
404.366433	0	0
404.416438	0	0
404.466443	0	0
404.516448	0	0
404.566453	0	0
404.620458	0	0
404.666462	0	0
404.758472	0	0
404.772473	0	0
404.816478	0	0
404.866483	0	0
404.916488	0	0
405.022498	0	0
405.073503	0	0
405.116508	0	0
405.166512	0	0
405.216517	0	0
405.281524	0	0
405.354531	0	0
405.413538	0	0
405.473543	0	0
405.516548	0	0
405.566553	0	0
405.616558	0	0
405.715568	0	0
405.769573	0	0
405.816577	0	0
405.866582	0	0
405.916588	0	0
405.969593	0	0
406.016598	0	0
406.066603	0	0
406.116608	0	0
406.166613	0	0
406.216618	0	0
406.266623	0	0
406.316628	0	0
406.371633	0	0
406.416637	0	0
406.466643	0	0
406.516648	0	0
406.566653	0	0
406.629659	0	0
406.666663	0	0
406.729669	0	0
406.766673	0	0
406.816678	0	0
406.878684	0	0
406.916687	0	0
407.014698	0	0
407.026699	0	0
407.066703	0	0
407.116708	0	0
407.180714	0	0
407.239720	0	0
407.340730	0	0
407.366733	0	0
407.416738	0	0
407.474743	0	0
407.516747	0	0
407.566752	0	0
407.616757	0	0
407.666763	0	0
407.716768	0	0
407.766773	0	0
407.816778	0	0
407.866783	0	0
407.916788	0	0
407.969793	0	0
408.016798	0	0
408.081804	0	0
408.116807	0	0
408.166812	0	0
408.225819	0	0
408.293825	0	0
408.316828	0	0
408.377834	0	0
408.440840	0	0
408.499846	0	0
408.535850	0	0
408.566853	0	0
408.622858	0	0
408.683864	0	0
408.743870	0	0
408.766872	0	0
408.816878	0	0
408.866883	0	0
408.916888	0	0
408.969893	0	0
409.016898	0	0
409.066903	0	0
409.126909	0	0
409.191915	0	0
409.239920	0	0
409.266922	0	0
409.316927	0	0
409.366932	0	0
409.416938	0	0
409.477944	0	0
409.537950	0	0
409.566953	0	0
409.616958	0	0
409.666963	0	0
409.731969	0	0
409.766973	0	0
409.816978	0	0
409.866982	0	0
409.916987	0	0
409.966993	0	0
410.029999	0	0
410.067003	0	0
410.117008	0	0
410.167013	0	0
410.217018	0	0
410.267023	0	0
410.317028	0	0
410.367033	0	0
410.425038	0	0
410.467042	0	0
410.529049	0	0
410.567053	0	0
410.617058	0	0
410.675064	0	0
410.717068	0	0
410.778074	0	0
410.839080	0	0
410.883084	0	0
410.942090	0	0
410.966093	0	0
411.035100	0	0
411.066103	0	0
411.116107	0	0
411.166112	0	0
411.216117	0	0
411.275124	0	0
411.333129	0	0
411.366133	0	0
411.423138	0	0
411.482144	0	0
411.516148	0	0
411.576154	0	0
411.616158	0	0
411.669163	0	0
411.727169	0	0
411.766172	0	0
411.816177	0	0
411.866182	0	0
411.916187	0	0
411.974193	0	0
412.016198	0	0
412.066203	0	0
412.116208	0	0
412.166213	0	0
412.219218	0	0
412.266222	0	0
412.316227	0	0
412.366232	0	0
412.416237	0	0
412.466242	0	0
412.516248	0	0
412.566253	0	0
412.616258	0	0
412.666263	0	0
412.716268	0	0
412.766273	0	0
412.828279	0	0
412.883284	0	0
412.927289	0	0
412.966292	0	0
413.025299	0	0
413.066302	0	0
413.116308	0	0
413.180314	0	0
413.218318	0	0
413.281324	0	0
413.316328	0	0
413.423338	0	0
413.466342	0	0
413.529349	0	0
413.566352	0	0
413.616357	0	0
413.678364	0	0
413.716368	0	0
413.766373	0	0
413.816378	0	0
413.866383	0	0
413.916388	0	0
413.966393	0	0
414.016397	0	0
414.066402	0	0
414.116407	0	0
414.166412	0	0
414.216417	0	0
414.266423	0	0
414.316428	0	0
414.375433	0	0
414.416438	0	0
414.466443	0	0
414.516448	0	0
414.566453	0	0
414.626459	0	0
414.667463	0	0
414.716467	0	0
414.766472	0	0
414.816477	0	0
414.866483	0	0
414.916488	0	0
414.966493	0	0
415.016498	0	0
415.078504	0	0
415.139510	0	0
415.166512	0	0
415.216517	0	0
415.266522	0	0
415.327528	0	0
415.367533	0	0
415.416537	0	0
415.466543	0	0
415.516548	0	0
415.567553	0	0
415.629559	0	0
415.666563	0	0
415.716568	0	0
415.766572	0	0
415.816577	0	0
415.877584	0	0
415.916587	0	0
415.985594	0	0
416.016598	0	0
416.066603	0	0
416.116608	0	0
416.166613	0	0
416.216618	0	0
416.266623	0	0
416.325628	0	0
416.382634	0	0
416.416637	0	0
416.518648	0	0
416.566652	0	0
416.616658	0	0
416.666663	0	0
416.725668	0	0
416.796676	0	0
416.873683	0	0
416.916687	0	0
416.966692	0	0
417.028699	0	0
417.094705	0	0
417.116707	0	0
417.173713	0	0
417.216718	0	0
417.266723	0	0
417.316728	0	0
417.366733	0	0
417.424738	0	0
417.466743	0	0
417.525748	0	0
417.587755	0	0
417.616757	0	0
417.666762	0	0
417.716767	0	0
417.766773	0	0
417.828779	0	0
417.877784	0	0
417.916788	0	0
417.984794	0	0
418.016798	0	0
418.067802	0	0
418.125808	0	0
418.166812	0	0
418.216817	0	0
418.266822	0	0
418.316827	0	0
418.366833	0	0
418.416838	0	0
418.466843	0	0
418.516848	0	0
418.566853	0	0
418.616858	0	0
418.666862	0	0
418.726869	0	0
418.766872	0	0
418.816877	0	0
418.866882	0	0
418.916887	0	0
418.975893	0	0
419.016898	0	0
419.066903	0	0
419.116908	0	0
419.166913	0	0
419.230919	0	0
419.268923	0	0
419.327929	0	0
419.430939	0	0
419.471943	0	0
419.516948	0	0
419.566953	0	0
419.666963	0	0
419.720968	0	0
419.769973	0	0
419.816978	0	0
419.866982	0	0
419.928989	0	0
419.966992	0	0
420.016997	0	0
420.067002	0	0
420.117008	0	0
420.167013	0	0
420.217018	0	0
420.267023	0	0
420.317028	0	0
420.367033	0	0
420.417037	0	0
420.467042	0	0
420.517047	0	0
420.578053	0	0
420.618058	0	0
420.690065	0	0
420.754071	0	0
420.768073	0	0
420.850081	0	0
420.867083	0	0
420.937089	0	0
420.967093	0	0
421.017097	0	0
421.067102	0	0
421.117107	0	0
421.176114	0	0
421.277123	0	0
421.317128	0	0
421.367133	0	0
421.425138	0	0
421.467143	0	0
421.517148	0	0
421.567153	0	0
421.617157	0	0
421.667162	0	0
421.717167	0	0
421.767172	0	0
421.817177	0	0
421.867183	0	0
421.920188	0	0
421.967193	0	0
422.032199	0	0
422.067203	0	0
422.117208	0	0
422.176213	0	0
422.237219	0	0
422.267222	0	0
422.317227	0	0
422.367232	0	0
422.426239	0	0
422.470243	0	0
422.517248	0	0
422.567253	0	0
422.617258	0	0
422.676263	0	0
422.717268	0	0
422.767272	0	0
422.817277	0	0
422.867282	0	0
422.921288	0	0
422.971293	0	0
423.017298	0	0
423.076303	0	0
423.137310	0	0
423.167313	0	0
423.217318	0	0
423.267323	0	0
423.317327	0	0
423.367332	0	0
423.428339	0	0
423.494345	0	0
423.517347	0	0
423.624358	0	0
423.677363	0	0
423.740370	0	0
423.767373	0	0
423.817378	0	0
423.867383	0	0
423.917387	0	0
423.967392	0	0
424.017397	0	0
424.067402	0	0
424.117407	0	0
424.167413	0	0
424.217418	0	0
424.267423	0	0
424.317428	0	0
424.367433	0	0
424.417438	0	0
424.467443	0	0
424.529449	0	0
424.567452	0	0
424.617457	0	0
424.675463	0	0
424.717467	0	0
424.767473	0	0
424.817478	0	0
424.867483	0	0
424.926488	0	0
424.967493	0	0
425.029499	0	0
425.067502	0	0
425.117507	0	0
425.167512	0	0
425.217517	0	0
425.276524	0	0
425.337530	0	0
425.367533	0	0
425.425539	0	0
425.467543	0	0
425.517548	0	0
425.567553	0	0
425.617558	0	0
425.670563	0	0
425.728569	0	0
425.767572	0	0
425.817577	0	0
425.867582	0	0
425.917588	0	0
425.975593	0	0
426.035599	0	0
426.067603	0	0
426.118608	0	0
426.167613	0	0
426.220618	0	0
426.267622	0	0
426.317627	0	0
426.367632	0	0
426.426639	0	0
426.467642	0	0
426.517648	0	0
426.567653	0	0
426.617658	0	0
426.667663	0	0
426.717668	0	0
426.767673	0	0
426.817677	0	0
426.870683	0	0
426.917687	0	0
426.967692	0	0
427.026699	0	0
427.067702	0	0
427.117708	0	0
427.182714	0	0
427.217718	0	0
427.314727	0	0
427.328729	0	0
427.452741	0	0
427.467742	0	0
427.583754	0	0
427.617757	0	0
427.667763	0	0
427.730769	0	0
427.767773	0	0
427.817778	0	0
427.867783	0	0
427.917788	0	0
427.967793	0	0
428.017797	0	0
428.067802	0	0
428.117807	0	0
428.167812	0	0
428.217817	0	0
428.267823	0	0
428.317828	0	0
428.367833	0	0
428.426838	0	0
428.466843	0	0
428.516848	0	0
428.566853	0	0
428.616858	0	0
428.675863	0	0
428.716867	0	0
428.766872	0	0
428.816877	0	0
428.866882	0	0
428.919888	0	0
428.966892	0	0
429.016897	0	0
429.066903	0	0
429.130909	0	0
429.190915	0	0
429.216918	0	0
429.266922	0	0
429.316927	0	0
429.378933	0	0
429.416937	0	0
429.466942	0	0
429.516947	0	0
429.566952	0	0
429.618958	0	0
429.678964	0	0
429.716968	0	0
429.766973	0	0
429.816978	0	0
429.866982	0	0
429.927989	0	0
429.975993	0	0
430.038000	0	0
430.067002	0	0
430.130009	0	0
430.180014	0	0
430.217018	0	0
430.267023	0	0
430.317028	0	0
430.376033	0	0
430.417037	0	0
430.467042	0	0
430.517047	0	0
430.567052	0	0
430.617057	0	0
430.667062	0	0
430.726068	0	0
430.797075	0	0
430.819077	0	0
430.890085	0	0
430.917088	0	0
431.024098	0	0
431.133109	0	0
431.171113	0	0
431.217117	0	0
431.267122	0	0
431.317127	0	0
431.367132	0	0
431.417138	0	0
431.475143	0	0
431.517148	0	0
431.576153	0	0
431.628159	0	0
431.667162	0	0
431.717167	0	0
431.767172	0	0
431.817177	0	0
431.878183	0	0
431.917187	0	0
431.967193	0	0
432.027198	0	0
432.067203	0	0
432.117208	0	0
432.175213	0	0
432.217217	0	0
432.267222	0	0
432.317227	0	0
432.367232	0	0
432.417237	0	0
432.467242	0	0
432.517247	0	0
432.567253	0	0
432.617258	0	0
432.667263	0	0
432.717268	0	0
432.780274	0	0
432.817277	0	0
432.867282	0	0
432.917287	0	0
432.967292	0	0
433.025298	0	0
433.067302	0	0
433.117307	0	0
433.167313	0	0
433.217318	0	0
433.281324	0	0
433.318327	0	0
433.388335	0	0
433.417337	0	0
433.495345	0	0
433.540349	0	0
433.567352	0	0
433.680364	0	0
433.734369	0	0
433.767373	0	0
433.817378	0	0
433.867383	0	0
433.929389	0	0
433.967392	0	0
434.017397	0	0
434.067402	0	0
434.117407	0	0
434.167412	0	0
434.217417	0	0
434.281424	0	0
434.321428	0	0
434.367433	0	0
434.417438	0	0
434.467443	0	0
434.517447	0	0
434.578454	0	0
434.617457	0	0
434.667462	0	0
434.729469	0	0
434.767472	0	0
434.829479	0	0
434.867482	0	0
434.925488	0	0
434.981494	0	0
435.017498	0	0
435.087504	0	0
435.117507	0	0
435.215517	0	0
435.316527	0	0
435.322528	0	0
435.367532	0	0
435.453541	0	0
435.492545	0	0
435.517548	0	0
435.568552	0	0
435.617558	0	0
435.667562	0	0
435.717567	0	0
435.767572	0	0
435.817577	0	0
435.867582	0	0
435.917587	0	0
435.967592	0	0
436.033599	0	0
436.067603	0	0
436.117608	0	0
436.176613	0	0
436.236619	0	0
436.267622	0	0
436.317627	0	0
436.367632	0	0
436.426638	0	0
436.507647	0	0
436.523648	0	0
436.586654	0	0
436.617657	0	0
436.679664	0	0
436.751671	0	0
436.767673	0	0
436.817677	0	0
436.876683	0	0
436.928689	0	0
436.967692	0	0
437.017697	0	0
437.076704	0	0
437.117707	0	0
437.167712	0	0
437.217718	0	0
437.267723	0	0
437.317728	0	0
437.367733	0	0
437.429739	0	0
437.493745	0	0
437.517747	0	0
437.601756	0	0
437.617757	0	0
437.712767	0	0
437.718768	0	0
437.805776	0	0
437.818778	0	0
437.867783	0	0
437.917788	0	0
437.998796	0	0
438.017797	0	0
438.067802	0	0
438.118807	0	0
438.170813	0	0
438.217817	0	0
438.267822	0	0
438.317827	0	0
438.367832	0	0
438.417838	0	0
438.479844	0	0
438.517848	0	0
438.567852	0	0
438.626858	0	0
438.684864	0	0
438.717867	0	0
438.767872	0	0
438.817877	0	0
438.875883	0	0
438.917887	0	0
438.978894	0	0
439.017898	0	0
439.067903	0	0
439.125908	0	0
439.184914	0	0
439.243920	0	0
439.302926	0	0
439.317927	0	0
439.393935	0	0
439.419938	0	0
439.467942	0	0
439.517947	0	0
439.567953	0	0
439.620958	0	0
439.677963	0	0
439.717968	0	0
439.767972	0	0
439.817977	0	0
439.867982	0	0
439.917987	0	0
439.976993	0	0
440.017997	0	0
440.068002	0	0
440.118007	0	0
440.171013	0	0
440.218018	0	0
440.268023	0	0
440.329029	0	0
440.429039	0	0
440.468042	0	0
440.518047	0	0
440.568052	0	0
440.618057	0	0
440.668062	0	0
440.718068	0	0
440.768073	0	0
440.818078	0	0
440.871083	0	0
440.918087	0	0
440.968092	0	0
441.027098	0	0
441.068102	0	0
441.118107	0	0
441.168112	0	0
441.218117	0	0
441.273123	0	0
441.318128	0	0
441.377133	0	0
441.418138	0	0
441.489144	0	0
441.518147	0	0
441.568152	0	0
441.633159	0	0
441.668162	0	0
441.718167	0	0
441.768172	0	0
441.818177	0	0
441.868183	0	0
441.918188	0	0
441.968193	0	0
442.018198	0	0
442.068202	0	0
442.118207	0	0
442.168212	0	0
442.218217	0	0
442.268222	0	0
442.327229	0	0
442.368232	0	0
442.418237	0	0
442.468243	0	0
442.518248	0	0
442.587255	0	0
442.623258	0	0
442.674263	0	0
442.718267	0	0
442.768272	0	0
442.820278	0	0
442.878284	0	0
442.918287	0	0
442.968292	0	0
443.030299	0	0
443.098305	0	0
443.118308	0	0
443.168313	0	0
443.218318	0	0
443.279324	0	0
443.318327	0	0
443.368332	0	0
443.418337	0	0
443.468342	0	0
443.519348	0	0
443.578353	0	0
443.618358	0	0
443.668363	0	0
443.718368	0	0
443.768373	0	0
443.830379	0	0
443.868382	0	0
443.929389	0	0
443.995395	0	0
444.054401	0	0
444.103406	0	0
444.118407	0	0
444.168412	0	0
444.218418	0	0
444.277423	0	0
444.318428	0	0
444.378433	0	0
444.418437	0	0
444.468442	0	0
444.518447	0	0
444.568452	0	0
444.627458	0	0
444.694465	0	0
444.720468	0	0
444.768472	0	0
444.818478	0	0
444.880484	0	0
444.944490	0	0
444.968493	0	0
445.018497	0	0
445.068502	0	0
445.118507	0	0
445.168512	0	0
445.218517	0	0
445.276523	0	0
445.318527	0	0
445.377533	0	0
445.430539	0	0
445.468543	0	0
445.518548	0	0
445.568552	0	0
445.618557	0	0
445.679564	0	0
445.718567	0	0
445.768572	0	0
445.829578	0	0
445.877584	0	0
445.918587	0	0
445.967592	0	0
446.017597	0	0
446.067602	0	0
446.117607	0	0
446.167613	0	0
446.217618	0	0
446.267622	0	0
446.317627	0	0
446.367632	0	0
446.417637	0	0
446.467642	0	0
446.517647	0	0
446.577653	0	0
446.617657	0	0
446.667662	0	0
446.717667	0	0
446.767673	0	0
446.825678	0	0
446.888684	0	0
446.917687	0	0
446.967692	0	0
447.017697	0	0
447.081704	0	0
447.119708	0	0
447.167712	0	0
447.217717	0	0
447.267722	0	0
447.317727	0	0
447.367733	0	0
447.466742	0	0
447.521748	0	0
447.567752	0	0
447.617757	0	0
447.667762	0	0
447.729769	0	0
447.767772	0	0
447.817777	0	0
447.867782	0	0
447.917788	0	0
447.967793	0	0
448.017797	0	0
448.081804	0	0
448.120808	0	0
448.177814	0	0
448.217817	0	0
448.267822	0	0
448.317827	0	0
448.378833	0	0
448.417837	0	0
448.467842	0	0
448.529849	0	0
448.567852	0	0
448.630858	0	0
448.667862	0	0
448.720868	0	0
448.776873	0	0
448.817877	0	0
448.867882	0	0
448.917887	0	0
448.976893	0	0
449.076903	0	0
449.117908	0	0
449.167912	0	0
449.225918	0	0
449.326928	0	0
449.380934	0	0
449.417937	0	0
449.473943	0	0
449.517947	0	0
449.567952	0	0
449.617957	0	0
449.667963	0	0
449.717968	0	0
449.767972	0	0
449.817977	0	0
449.883984	0	0
449.924988	0	0
449.967992	0	0
450.026998	0	0
450.095005	0	0
450.118007	0	0
450.174013	0	0
450.218017	0	0
450.277023	0	0
450.318027	0	0
450.368032	0	0
450.418037	0	0
450.468042	0	0
450.520048	0	0
450.580053	0	0
450.620058	0	0
450.668062	0	0
450.718067	0	0
450.773073	0	0
450.818077	0	0
450.868083	0	0
450.930089	0	0
450.968092	0	0
451.018097	0	0
451.068102	0	0
451.118107	0	0
451.168112	0	0
451.218117	0	0
451.279123	0	0
451.318127	0	0
451.368132	0	0
451.428138	0	0
451.468143	0	0
451.532149	0	0
451.568152	0	0
451.618157	0	0
451.668162	0	0
451.718167	0	0
451.768172	0	0
451.818177	0	0
451.868182	0	0
451.918187	0	0
451.968192	0	0
452.018198	0	0
452.068202	0	0
452.118207	0	0
452.168212	0	0
452.218217	0	0
452.268222	0	0
452.330228	0	0
452.368232	0	0
452.418237	0	0
452.476243	0	0
452.518247	0	0
452.568252	0	0
452.618258	0	0
452.668262	0	0
452.726268	0	0
452.788274	0	0
452.852281	0	0
452.868282	0	0
452.918287	0	0
453.019298	0	0
453.068302	0	0
453.127308	0	0
453.226318	0	0
453.282324	0	0
453.336329	0	0
453.368332	0	0
453.418337	0	0
453.468342	0	0
453.518347	0	0
453.572353	0	0
453.634359	0	0
453.668362	0	0
453.718367	0	0
453.768373	0	0
453.818377	0	0
453.868382	0	0
453.927388	0	0
453.974393	0	0
454.018397	0	0
454.068402	0	0
454.122408	0	0
454.168412	0	0
454.218417	0	0
454.277423	0	0
454.336429	0	0
454.368433	0	0
454.418437	0	0
454.468442	0	0
454.518447	0	0
454.568452	0	0
454.618457	0	0
454.668462	0	0
454.718467	0	0
454.771472	0	0
454.818477	0	0
454.868482	0	0
454.927488	0	0
454.968493	0	0
455.018497	0	0
455.068502	0	0
455.118507	0	0
455.174513	0	0
455.218517	0	0
455.277523	0	0
455.318527	0	0
455.381534	0	0
455.444540	0	0
455.468542	0	0
455.540550	0	0
455.568552	0	0
455.618557	0	0
455.668562	0	0
455.718567	0	0
455.768572	0	0
455.818577	0	0
455.868582	0	0
455.918587	0	0
455.968592	0	0
456.018597	0	0
456.068602	0	0
456.118608	0	0
456.168612	0	0
456.226618	0	0
456.275623	0	0
456.318627	0	0
456.368632	0	0
456.418637	0	0
456.477643	0	0
456.518647	0	0
456.568652	0	0
456.618657	0	0
456.668663	0	0
456.721668	0	0
456.768672	0	0
456.818677	0	0
456.868682	0	0
456.930688	0	0
456.997695	0	0
457.058702	0	0
457.109706	0	0
457.123708	0	0
457.208716	0	0
457.245720	0	0
457.298725	0	0
457.318727	0	0
457.368732	0	0
457.418737	0	0
457.486744	0	0
457.518747	0	0
457.568752	0	0
457.618757	0	0
457.668762	0	0
457.728768	0	0
457.768772	0	0
457.818777	0	0
457.877783	0	0
457.937789	0	0
457.984794	0	0
458.018797	0	0
458.072803	0	0
458.118807	0	0
458.177813	0	0
458.238819	0	0
458.299825	0	0
458.318827	0	0
458.373833	0	0
458.418838	0	0
458.468843	0	0
458.527848	0	0
458.600855	0	0
458.618857	0	0
458.676863	0	0
458.718867	0	0
458.780873	0	0
458.843880	0	0
458.868882	0	0
458.918887	0	0
458.968892	0	0
459.018898	0	0
459.068902	0	0
459.118907	0	0
459.176913	0	0
459.218917	0	0
459.277923	0	0
459.329928	0	0
459.368932	0	0
459.427938	0	0
459.468942	0	0
459.518947	0	0
459.579953	0	0
459.618958	0	0
459.668962	0	0
459.729969	0	0
459.768972	0	0
459.818977	0	0
459.868982	0	0
459.918987	0	0
459.968992	0	0
460.018997	0	0
460.069002	0	0
460.119007	0	0
460.169013	0	0
460.219018	0	0
460.269022	0	0
460.319027	0	0
460.369032	0	0
460.419037	0	0
460.479043	0	0
460.519047	0	0
460.569052	0	0
460.619057	0	0
460.669062	0	0
460.727068	0	0
460.769073	0	0
460.819077	0	0
460.869082	0	0
460.919087	0	0
460.984094	0	0
461.019097	0	0
461.071103	0	0
461.119107	0	0
461.169112	0	0
461.219117	0	0
461.269122	0	0
461.368132	0	0
461.422138	0	0
461.469142	0	0
461.519147	0	0
461.569152	0	0
461.631158	0	0
461.669162	0	0
461.719167	0	0
461.769172	0	0
461.819177	0	0
461.869182	0	0
461.919188	0	0
461.984194	0	0
462.021197	0	0
462.069202	0	0
462.119207	0	0
462.169212	0	0
462.219217	0	0
462.282224	0	0
462.319227	0	0
462.369232	0	0
462.431239	0	0
462.469242	0	0
462.531249	0	0
462.569252	0	0
462.626258	0	0
462.669262	0	0
462.719267	0	0
462.769272	0	0
462.819277	0	0
462.878283	0	0
462.980293	0	0
463.019297	0	0
463.069303	0	0
463.119308	0	0
463.178313	0	0
463.219317	0	0
463.269322	0	0
463.319327	0	0
463.369332	0	0
463.418337	0	0
463.468342	0	0
463.518347	0	0
463.568352	0	0
463.618357	0	0
463.668362	0	0
463.735369	0	0
463.768372	0	0
463.818377	0	0
463.877383	0	0
463.936389	0	0
463.968392	0	0
464.018397	0	0
464.068402	0	0
464.127408	0	0
464.205416	0	0
464.222418	0	0
464.333429	0	0
464.368432	0	0
464.420437	0	0
464.481443	0	0
464.518447	0	0
464.568452	0	0
464.618457	0	0
464.671463	0	0
464.718467	0	0
464.768472	0	0
464.831479	0	0
464.868482	0	0
464.918487	0	0
464.968492	0	0
465.018497	0	0
465.068502	0	0
465.118507	0	0
465.177513	0	0
465.218517	0	0
465.268522	0	0
465.326528	0	0
465.368532	0	0
465.431539	0	0
465.468542	0	0
465.518547	0	0
465.581553	0	0
465.618557	0	0
465.668562	0	0
465.718567	0	0
465.768572	0	0
465.818577	0	0
465.868582	0	0
465.918587	0	0
465.968592	0	0
466.018597	0	0
466.068602	0	0
466.118607	0	0
466.168612	0	0
466.230618	0	0
466.268622	0	0
466.318627	0	0
466.368632	0	0
466.418637	0	0
466.468642	0	0
466.518647	0	0
466.568652	0	0
466.627658	0	0
466.687664	0	0
466.749671	0	0
466.768672	0	0
466.818677	0	0
466.919687	0	0
466.968692	0	0
467.028698	0	0
467.098705	0	0
467.118707	0	0
467.220717	0	0
467.268722	0	0
467.318727	0	0
467.368732	0	0
467.418737	0	0
467.471743	0	0
467.529748	0	0
467.568752	0	0
467.618757	0	0
467.668762	0	0
467.718767	0	0
467.768772	0	0
467.829778	0	0
467.868782	0	0
467.918787	0	0
467.968792	0	0
468.023798	0	0
468.132809	0	0
468.170813	0	0
468.230818	0	0
468.294825	0	0
468.318827	0	0
468.368832	0	0
468.418837	0	0
468.468842	0	0
468.523848	0	0
468.572853	0	0
468.618857	0	0
468.668862	0	0
468.753870	0	0
468.797875	0	0
468.818877	0	0
468.889884	0	0
468.918887	0	0
468.968892	0	0
469.018897	0	0
469.068902	0	0
469.125908	0	0
469.180913	0	0
469.239919	0	0
469.268922	0	0
469.318927	0	0
469.379933	0	0
469.418937	0	0
469.489944	0	0
469.518947	0	0
469.568952	0	0
469.618957	0	0
469.668962	0	0
469.721968	0	0
469.768972	0	0
469.818977	0	0
469.868982	0	0
469.918987	0	0
469.968992	0	0
470.018997	0	0
470.069002	0	0
470.119007	0	0
470.178013	0	0
470.219017	0	0
470.269022	0	0
470.319027	0	0
470.369032	0	0
470.429038	0	0
470.471043	0	0
470.519047	0	0
470.569052	0	0
470.619057	0	0
470.672062	0	0
470.719067	0	0
470.769072	0	0
470.819077	0	0
470.881083	0	0
470.940089	0	0
471.000095	0	0
471.019097	0	0
471.069102	0	0
471.145110	0	0
471.181113	0	0
471.219117	0	0
471.269122	0	0
471.319127	0	0
471.369132	0	0
471.428138	0	0
471.469142	0	0
471.519147	0	0
471.569152	0	0
471.619157	0	0
471.680163	0	0
471.719167	0	0
471.769172	0	0
471.828178	0	0
471.893185	0	0
471.943190	0	0
471.969192	0	0
472.019197	0	0
472.069202	0	0
472.119207	0	0
472.180213	0	0
472.240219	0	0
472.269222	0	0
472.319227	0	0
472.369232	0	0
472.419237	0	0
472.478243	0	0
472.521247	0	0
472.569252	0	0
472.619257	0	0
472.669262	0	0
472.731268	0	0
472.797275	0	0
472.819277	0	0
472.869282	0	0
472.919287	0	0
472.969292	0	0
473.019297	0	0
473.069302	0	0
473.127308	0	0
473.183314	0	0
473.243320	0	0
473.295325	0	0
473.339329	0	0
473.402336	0	0
473.419337	0	0
473.482344	0	0
473.543350	0	0
473.569352	0	0
473.619357	0	0
473.680363	0	0
473.741369	0	0
473.769372	0	0
473.819377	0	0
473.869382	0	0
473.919387	0	0
473.969392	0	0
474.019397	0	0
474.069402	0	0
474.122407	0	0
474.189414	0	0
474.219417	0	0
474.275423	0	0
474.319427	0	0
474.369432	0	0
474.429438	0	0
474.469442	0	0
474.519447	0	0
474.569452	0	0
474.619457	0	0
474.677463	0	0
474.719467	0	0
474.769472	0	0
474.819477	0	0
474.869482	0	0
474.923488	0	0
474.984494	0	0
475.019497	0	0
475.075503	0	0
475.119507	0	0
475.169512	0	0
475.219517	0	0
475.318527	0	0
475.369532	0	0
475.419537	0	0
475.469542	0	0
475.519547	0	0
475.581553	0	0
475.621557	0	0
475.669562	0	0
475.719567	0	0
475.778573	0	0
475.819577	0	0
475.869582	0	0
475.933589	0	0
475.971592	0	0
476.019597	0	0
476.069602	0	0
476.119607	0	0
476.169612	0	0
476.232618	0	0
476.269622	0	0
476.319627	0	0
476.381633	0	0
476.419637	0	0
476.488644	0	0
476.519647	0	0
476.575653	0	0
476.619657	0	0
476.669662	0	0
476.719667	0	0
476.769672	0	0
476.828678	0	0
476.934689	0	0
476.969692	0	0
477.019697	0	0
477.069702	0	0
477.128708	0	0
477.182714	0	0
477.219717	0	0
477.274723	0	0
477.319727	0	0
477.369732	0	0
477.419737	0	0
477.469742	0	0
477.519747	0	0
477.569752	0	0
477.619757	0	0
477.686764	0	0
477.719767	0	0
477.769772	0	0
477.832778	0	0
477.893785	0	0
477.936789	0	0
477.969792	0	0
478.019797	0	0
478.078803	0	0
478.119807	0	0
478.169812	0	0
478.219817	0	0
478.269822	0	0
478.320827	0	0
478.381834	0	0
478.419837	0	0
478.469842	0	0
478.519847	0	0
478.572853	0	0
478.634859	0	0
478.669862	0	0
478.731868	0	0
478.769872	0	0
478.819877	0	0
478.869882	0	0
478.919887	0	0
478.969892	0	0
479.019897	0	0
479.078903	0	0
479.121907	0	0
479.169912	0	0
479.228918	0	0
479.269922	0	0
479.334929	0	0
479.369932	0	0
479.429938	0	0
479.496945	0	0
479.519947	0	0
479.577953	0	0
479.619957	0	0
479.669962	0	0
479.719967	0	0
479.769972	0	0
479.819977	0	0
479.869982	0	0
479.919987	0	0
479.969992	0	0
480.019997	0	0
480.070002	0	0
480.133008	0	0
480.170012	0	0
480.222017	0	0
480.270022	0	0
480.320027	0	0
480.370032	0	0
480.420037	0	0
480.470042	0	0
480.529048	0	0
480.570052	0	0
480.630058	0	0
480.670062	0	0
480.720067	0	0
480.780073	0	0
480.820077	0	0
480.879083	0	0
480.938089	0	0
480.969092	0	0
481.019097	0	0
481.069102	0	0
481.119107	0	0
481.169112	0	0
481.219117	0	0
481.272122	0	0
481.330128	0	0
481.369132	0	0
481.419137	0	0
481.469142	0	0
481.519147	0	0
481.569152	0	0
481.628158	0	0
481.669162	0	0
481.719167	0	0
481.769172	0	0
481.819177	0	0
481.884183	0	0
481.921187	0	0
481.987194	0	0
482.046200	0	0
482.069202	0	0
482.119207	0	0
482.169212	0	0
482.268222	0	0
482.322227	0	0
482.371233	0	0
482.419237	0	0
482.469242	0	0
482.522247	0	0
482.569252	0	0
482.619257	0	0
482.669262	0	0
482.719267	0	0
482.769272	0	0
482.819277	0	0
482.869282	0	0
482.925288	0	0
482.981293	0	0
483.040299	0	0
483.069302	0	0
483.119307	0	0
483.180313	0	0
483.219317	0	0
483.282323	0	0
483.319327	0	0
483.369332	0	0
483.419337	0	0
483.469342	0	0
483.541349	0	0
483.569352	0	0
483.619357	0	0
483.669362	0	0
483.719367	0	0
483.769372	0	0
483.819377	0	0
483.869382	0	0
483.919387	0	0
483.977393	0	0
484.019397	0	0
484.069402	0	0
484.119407	0	0
484.169412	0	0
484.228418	0	0
484.269422	0	0
484.319427	0	0
484.369432	0	0
484.419437	0	0
484.472443	0	0
484.519447	0	0
484.569452	0	0
484.619457	0	0
484.669462	0	0
484.728468	0	0
484.797475	0	0
484.819477	0	0
484.869482	0	0
484.976493	0	0
485.019497	0	0
485.069502	0	0
485.119507	0	0
485.169512	0	0
485.219517	0	0
485.278523	0	0
485.319527	0	0
485.369532	0	0
485.419537	0	0
485.469542	0	0
485.522547	0	0
485.569552	0	0
485.619557	0	0
485.678563	0	0
485.737569	0	0
485.785574	0	0
485.819577	0	0
485.871583	0	0
485.919587	0	0
485.969592	0	0
486.030598	0	0
486.095605	0	0
486.119607	0	0
486.205616	0	0
486.222618	0	0
486.309626	0	0
486.319627	0	0
486.390634	0	0
486.419637	0	0
486.469642	0	0
486.519647	0	0
486.581653	0	0
486.646660	0	0
486.669662	0	0
486.719667	0	0
486.769672	0	0
486.819677	0	0
486.869682	0	0
486.919687	0	0
486.977693	0	0
487.019697	0	0
487.078703	0	0
487.119707	0	0
487.169712	0	0
487.227718	0	0
487.269722	0	0
487.319727	0	0
487.380733	0	0
487.419737	0	0
487.469742	0	0
487.519747	0	0
487.580753	0	0
487.619757	0	0
487.669762	0	0
487.719767	0	0
487.769772	0	0
487.819777	0	0
487.869782	0	0
487.919787	0	0
487.972793	0	0
488.019797	0	0
488.069802	0	0
488.119807	0	0
488.169812	0	0
488.219817	0	0
488.279823	0	0
488.319827	0	0
488.369832	0	0
488.419837	0	0
488.469842	0	0
488.527848	0	0
488.569852	0	0
488.619857	0	0
488.669862	0	0
488.719867	0	0
488.772872	0	0
488.819877	0	0
488.869882	0	0
488.919887	0	0
488.969892	0	0
489.019897	0	0
489.069902	0	0
489.119907	0	0
489.169912	0	0
489.219917	0	0
489.269922	0	0
489.319927	0	0
489.381933	0	0
489.419937	0	0
489.469942	0	0
489.519947	0	0
489.578953	0	0
489.619957	0	0
489.669962	0	0
489.734969	0	0
489.773973	0	0
489.819977	0	0
489.869982	0	0
489.928988	0	0
489.969992	0	0
490.032999	0	0
490.070002	0	0
490.120007	0	0
490.182014	0	0
490.220017	0	0
490.290024	0	0
490.320027	0	0
490.377033	0	0
490.420037	0	0
490.470042	0	0
490.520047	0	0
490.570052	0	0
490.631058	0	0
490.735069	0	0
490.770072	0	0
490.820077	0	0
490.870082	0	0
490.929088	0	0
490.970092	0	0
491.020097	0	0
491.070102	0	0
491.120107	0	0
491.179113	0	0
491.220117	0	0
491.270122	0	0
491.320127	0	0
491.370132	0	0
491.420137	0	0
491.487144	0	0
491.520147	0	0
491.570152	0	0
491.633158	0	0
491.694165	0	0
491.732168	0	0
491.770172	0	0
491.820177	0	0
491.879183	0	0
491.920187	0	0
491.970192	0	0
492.020197	0	0
492.070202	0	0
492.123208	0	0
492.183213	0	0
492.220217	0	0
492.270222	0	0
492.320227	0	0
492.370232	0	0
492.431238	0	0
492.470242	0	0
492.531248	0	0
492.570252	0	0
492.620257	0	0
492.670262	0	0
492.720267	0	0
492.770272	0	0
492.820277	0	0
492.879283	0	0
492.920287	0	0
492.970292	0	0
493.028298	0	0
493.070302	0	0
493.169312	0	0
493.183313	0	0
493.261321	0	0
493.325327	0	0
493.390334	0	0
493.420337	0	0
493.501345	0	0
493.520347	0	0
493.570352	0	0
493.624358	0	0
493.670362	0	0
493.720367	0	0
493.770372	0	0
493.820377	0	0
493.870382	0	0
493.920387	0	0
493.982393	0	0
494.041399	0	0
494.093404	0	0
494.120407	0	0
494.170412	0	0
494.220417	0	0
494.270422	0	0
494.320427	0	0
494.378433	0	0
494.420437	0	0
494.480443	0	0
494.520447	0	0
494.570452	0	0
494.629458	0	0
494.670462	0	0
494.729468	0	0
494.794475	0	0
494.820477	0	0
494.870482	0	0
494.920487	0	0
494.970492	0	0
495.020497	0	0
495.070502	0	0
495.124507	0	0
495.226518	0	0
495.327528	0	0
495.370532	0	0
495.436539	0	0
495.470542	0	0
495.520547	0	0
495.579553	0	0
495.620557	0	0
495.670562	0	0
495.720567	0	0
495.770572	0	0
495.836579	0	0
495.873582	0	0
495.932588	0	0
495.994595	0	0
496.020597	0	0
496.087604	0	0
496.120607	0	0
496.268622	0	0
496.322628	0	0
496.370632	0	0
496.420637	0	0
496.470642	0	0
496.523647	0	0
496.610656	0	0
496.620657	0	0
496.670662	0	0
496.720667	0	0
496.770672	0	0
496.820677	0	0
496.870682	0	0
496.926688	0	0
496.981693	0	0
497.020697	0	0
497.070702	0	0
497.120707	0	0
497.181713	0	0
497.220717	0	0
497.283723	0	0
497.320727	0	0
497.370732	0	0
497.433738	0	0
497.470742	0	0
497.523747	0	0
497.577753	0	0
497.620757	0	0
497.670762	0	0
497.720767	0	0
497.770772	0	0
497.870782	0	0
497.920787	0	0
497.970792	0	0
498.028798	0	0
498.071802	0	0
498.120807	0	0
498.170812	0	0
498.220817	0	0
498.270822	0	0
498.320827	0	0
498.370832	0	0
498.419837	0	0
498.469842	0	0
498.522847	0	0
498.569852	0	0
498.619857	0	0
498.669862	0	0
498.719867	0	0
498.780873	0	0
498.841879	0	0
498.869882	0	0
498.919887	0	0
498.981893	0	0
499.019897	0	0
499.069902	0	0
499.119907	0	0
499.169912	0	0
499.219917	0	0
499.278923	0	0
499.319927	0	0
499.369932	0	0
499.419937	0	0
499.469942	0	0
499.522947	0	0
499.569952	0	0
499.619957	0	0
499.678963	0	0
499.737969	0	0
499.785974	0	0
499.819977	0	0
499.869982	0	0
499.919987	0	0
499.969992	0	0
500.030998	0	0
500.094005	0	0
500.120007	0	0
500.176013	0	0
500.220017	0	0
500.283023	0	0
500.320027	0	0
500.411036	0	0
500.425037	0	0
500.470042	0	0
500.520047	0	0
500.619057	0	0
500.683064	0	0
500.720067	0	0
500.770072	0	0
500.820077	0	0
500.870082	0	0
500.920087	0	0
500.970092	0	0
501.028098	0	0
501.070102	0	0
501.132108	0	0
501.170112	0	0
501.220117	0	0
501.278123	0	0
501.320127	0	0
501.370132	0	0
501.431138	0	0
501.470142	0	0
501.528148	0	0
501.570152	0	0
501.632158	0	0
501.670162	0	0
501.720167	0	0
501.770172	0	0
501.820177	0	0
501.870182	0	0
501.929188	0	0
501.970192	0	0
502.023197	0	0
502.070202	0	0
502.120207	0	0
502.170212	0	0
502.220217	0	0
502.270222	0	0
502.328228	0	0
502.370232	0	0
502.420237	0	0
502.470242	0	0
502.520247	0	0
502.578253	0	0
502.620257	0	0
502.670262	0	0
502.720267	0	0
502.770272	0	0
502.826278	0	0
502.870282	0	0
502.920287	0	0
502.970292	0	0
503.020297	0	0
503.070302	0	0
503.120307	0	0
503.170312	0	0
503.220317	0	0
503.270322	0	0
503.320327	0	0
503.370332	0	0
503.432338	0	0
503.470342	0	0
503.520347	0	0
503.570352	0	0
503.632358	0	0
503.670362	0	0
503.720367	0	0
503.785374	0	0
503.822377	0	0
503.870382	0	0
503.920387	0	0
503.979393	0	0
504.020397	0	0
504.083403	0	0
504.120407	0	0
504.170412	0	0
504.232418	0	0
504.270422	0	0
504.320427	0	0
504.370432	0	0
504.420437	0	0
504.470442	0	0
504.520447	0	0
504.570452	0	0
504.620457	0	0
504.679463	0	0
504.720467	0	0
504.770472	0	0
504.820477	0	0
504.870482	0	0
504.929488	0	0
504.970492	0	0
505.020497	0	0
505.070502	0	0
505.120507	0	0
505.179513	0	0
505.220517	0	0
505.270522	0	0
505.320527	0	0
505.370532	0	0
505.420537	0	0
505.487544	0	0
505.520547	0	0
505.579553	0	0
505.644559	0	0
505.703565	0	0
505.720567	0	0
505.770572	0	0
505.821577	0	0
505.903585	0	0
505.939589	0	0
505.970592	0	0
506.020597	0	0
506.070602	0	0
506.125607	0	0
506.228618	0	0
506.270622	0	0
506.320627	0	0
506.370632	0	0
506.420637	0	0
506.481643	0	0
506.520647	0	0
506.591654	0	0
506.620657	0	0
506.674663	0	0
506.720667	0	0
506.770672	0	0
506.820677	0	0
506.870682	0	0
506.929688	0	0
506.970692	0	0
507.020697	0	0
507.079703	0	0
507.120707	0	0
507.170712	0	0
507.220717	0	0
507.279723	0	0
507.342729	0	0
507.370732	0	0
507.420737	0	0
507.470742	0	0
507.520747	0	0
507.584754	0	0
507.620757	0	0
507.670762	0	0
507.720767	0	0
507.770772	0	0
507.820777	0	0
507.870782	0	0
507.920787	0	0
507.970792	0	0
508.029798	0	16
508.086803	0	16
508.120807	0	16
508.170812	0	16
508.220817	0	32
508.270822	0	300
508.320827	0	512
508.378833	-76	892
508.420837	-228	1028
508.482843	-388	1512
508.520847	-1156	1676
508.585854	-1296	1836
508.620857	-1324	1872
508.670862	-1324	1880
508.720867	-1340	1880
508.770872	-1340	1880
508.820877	-1368	1880
508.870882	-1384	1888
508.920887	-1384	1948
508.970892	-1384	1964
509.028898	-1384	2064
509.070902	-1384	2136
509.120907	-1612	2168
509.170912	-1868	2320
509.220917	-1940	2420
509.279923	-2140	2508
509.320927	-2428	2592
509.370932	-2696	2760
509.420937	-2964	2860
509.470942	-3264	2952
509.520947	-3492	2988
509.570952	-3920	2988
509.620957	-4448	3048
509.670962	-5132	3164
509.720967	-5532	3192
509.770972	-5860	3192
509.820977	-5876	3192
509.870982	-5876	3192
509.920987	-5876	3192
509.970992	-5732	3192
510.020997	-5140	3192
510.071002	-4300	3192
510.121007	-4032	3152
510.171012	-4032	3112
510.236019	-4032	3112
510.292024	-3988	3112
510.321027	-3988	3112
510.393034	-3988	3112
510.421037	-3988	3112
510.524047	-3988	3112
510.572052	-3988	3112
510.638059	-3988	3112
510.671062	-3988	3112
510.734068	-3988	3112
510.771072	-3988	3112
510.821077	-3988	3112
510.871082	-3980	3192
510.921087	-3964	3228
510.971092	-3920	3260
511.021097	-3832	3312
511.071102	-3812	3312
511.121107	-3812	3324
511.180113	-3812	3332
511.221117	-3812	3344
511.271122	-3812	3348
511.321127	-3812	3364
511.371132	-3800	3368
511.421137	-3800	3368
511.471142	-3800	3368
511.521147	-3800	3368
511.571152	-3800	3400
511.621157	-3796	3428
511.671162	-3744	3456
511.721167	-3728	3480
511.780173	-3684	3480
511.844179	-3640	3496
511.871182	-3640	3496
511.921187	-3640	3496
511.980193	-3640	3496
512.021197	-3640	3512
512.071202	-3640	3524
512.121207	-3640	3540
512.173212	-3640	3540
512.234218	-3640	3540
512.271222	-3640	3540
512.321227	-3640	3540
512.371232	-3640	3540
512.421237	-3640	3540
512.471242	-3640	3540
512.530248	-3640	3540
512.571252	-3640	3540
512.621257	-3640	3540
512.671262	-3640	3540
512.721267	-3640	3540
512.781273	-3640	3540
512.821277	-3640	3540
512.871282	-3640	3540
512.921287	-3640	3540
512.971292	-3640	3540
513.021297	-3640	3540
513.071302	-3640	3540
513.121307	-3640	3540
513.171312	-3640	3540
513.221317	-3640	3540
513.271322	-3640	3540
513.321327	-3640	3540
513.371332	-3640	3540
513.421337	-3640	3540
513.471342	-3640	3540
513.521347	-3640	3596
513.579353	-3640	3732
513.621357	-3608	3800
513.671362	-3468	3956
513.721367	-3432	4036
513.779373	-3364	4088
513.821377	-3300	4168
513.871382	-3204	4252
513.921387	-3120	4360
513.979393	-3084	4460
514.040399	-3068	4676
514.071402	-3044	4812
514.121407	-2996	5008
514.171412	-2900	5176
514.221417	-2900	5252
514.271422	-2900	5252
514.321427	-2876	5252
514.374432	-2860	5312
514.421437	-2816	5424
514.471442	-2788	5568
514.521447	-2764	5624
514.574452	-2764	5676
514.635458	-2764	5676
514.671462	-2764	5712
514.721467	-2760	5804
514.771472	-2752	5856
514.833478	-2740	6000
514.871482	-2740	6068
514.921487	-2740	6160
514.971492	-2708	6216
515.024498	-2680	6332
515.095504	-2660	6468
515.158511	-2660	6528
515.218517	-2660	6588
515.232518	-2660	6684
515.307526	-2660	6772
515.407536	-2656	6792
515.461541	-2656	6800
515.471542	-2656	6832
515.521547	-2656	6832
515.605556	-2656	6892
515.621557	-2656	6892
515.671562	-2656	6908
515.749570	-2656	6908
515.771572	-2656	6912
515.821577	-2656	6928
515.870582	-2656	6928
515.926588	-2656	6928
515.974592	-2656	6948
516.020597	-2656	7024
516.070602	-2656	7124
516.120607	-2644	7240
516.170612	-2644	7432
516.234618	-2644	7592
516.270622	-2644	7608
516.320627	-2644	7668
516.370632	-2644	7740
516.420637	-2644	7864
516.470642	-2644	8000
516.520647	-2644	8108
516.570652	-2644	8244
516.677663	-2644	8324
516.720667	-2644	8324
516.770672	-2644	8384
516.830678	-2644	8384
516.870682	-2644	8384
516.920687	-2644	8384
516.970692	-2644	8384
517.029698	-2644	8384
517.070702	-2644	8384
517.120707	-2644	8384
517.170712	-2644	8384
517.223717	-2644	8384
517.270722	-2644	8384
517.320727	-2644	8384
517.370732	-2644	8384
517.429738	-2644	8384
517.470742	-2644	8384
517.520747	-2644	8384
517.570752	-2644	8384
517.620757	-2644	8384
517.670762	-2644	8384
517.720767	-2644	8384
517.770772	-2644	8384
517.829778	-2644	8384
517.870782	-2644	8384
517.920787	-2644	8384
517.970792	-2644	8384
518.023797	-2644	8384
518.070802	-2644	8384
518.132808	-2644	8384
518.170812	-2644	8384
518.220817	-2644	8384
518.270822	-2644	8384
518.320827	-2644	8384
518.370832	-2644	8384
518.431838	-2644	8384
518.495844	-2644	8384
518.521847	-2644	8384
518.580853	-2644	8384
518.646860	-2644	8384
518.670862	-2644	8384
518.722867	-2644	8384
518.794874	-2644	8384
518.820877	-2644	8384
518.900885	-2644	8384
518.965891	-2644	8384
518.971892	-2644	8384
519.020897	-2644	8384
519.070902	-2644	8400
519.120907	-2644	8436
519.170912	-2644	8464
519.220917	-2644	8476
519.281923	-2644	8520
519.320927	-2644	8564
519.370932	-2644	8584
519.420937	-2644	8660
519.470942	-2644	8744
519.520947	-2644	8828
519.570952	-2644	8956
519.620957	-2644	9088
519.681963	-2644	9400
519.720967	-2644	9584
519.770972	-2644	9884
519.820977	-2644	10124
519.879983	-2644	10268
519.938989	-2644	10268
519.970992	-2644	10268
520.020997	-2644	10268
520.071002	-2644	10268
520.121007	-2644	10268
520.171012	-2644	10268
520.221017	-2644	10268
520.271022	-2644	10432
520.321027	-2644	10732
520.371032	-2572	10976
520.421037	-2516	11172
520.480043	-2352	11416
520.521047	-2336	11560
520.571052	-2300	11612
520.621057	-2280	11652
520.671062	-2208	11740
520.721067	-2156	11784
520.771072	-2148	11784
520.821077	-2148	11784
520.871082	-2148	11784
520.971092	-2148	11784
521.025097	-2148	11840
521.074102	-2148	11936
521.121107	-2148	12008
521.184113	-2344	12108
521.221117	-2448	12112
521.277122	-2596	12248
521.336128	-2840	12444
521.371132	-2956	12620
521.421137	-3104	12792
521.471142	-3204	12872
521.521147	-3252	12904
521.571152	-3308	12904
521.621157	-3364	12904
521.685163	-3440	12908
521.721167	-3492	12908
521.784173	-3516	12908
521.821177	-3516	12908
521.871182	-3516	12908
521.921187	-3544	12908
521.974192	-3700	12908
522.021197	-3840	12864
522.071202	-3896	12816
522.121207	-3920	12764
522.171212	-3920	12736
522.221217	-3936	12720
522.271222	-3956	12668
522.329228	-4024	12588
522.371232	-4104	12448
522.421237	-4208	12332
522.471242	-4276	12220
522.521247	-4292	12128
522.571252	-4404	12044
522.621257	-4440	11944
522.671262	-4464	11932
522.726267	-4464	11888
522.783273	-4512	11852
522.821277	-4512	11828
522.874282	-4512	11800
522.933288	-4512	11784
522.971292	-4512	11768
523.021297	-4524	11740
523.071302	-4540	11732
523.121307	-4548	11672
523.171312	-4628	11632
523.221317	-4676	11576
523.271322	-4696	11544
523.334328	-4724	11472
523.371332	-4740	11452
523.421337	-4796	11444
523.471342	-4796	11440
523.534348	-4796	11432
523.571352	-4812	11432
523.637359	-4812	11432
523.697364	-4812	11432
523.777372	-4812	11432
523.821377	-4812	11432
523.871382	-4812	11432
523.921387	-4812	11432
523.971392	-4812	11432
524.021397	-4812	11432
524.079403	-4812	11432
524.121407	-4812	11432
524.171412	-4812	11432
524.221417	-4812	11432
524.271422	-4812	11432
524.321427	-4812	11432
524.371432	-4812	11432
524.421437	-4812	11432
524.471442	-4812	11432
524.521447	-4812	11432
524.571452	-4812	11432
524.621457	-4812	11432
524.671462	-4812	11432
524.730468	-4812	11432
524.795475	-4812	11432
524.821477	-4812	11432
524.889484	-4812	11432
524.921487	-4812	11432
524.971492	-4812	11432
525.031498	-4812	11432
525.071502	-4812	11432
525.121507	-4812	11432
525.182513	-4812	11432
525.221517	-4812	11432
525.271522	-4812	11432
525.321527	-4812	11432
525.380533	-4812	11432
525.421537	-4812	11432
525.471542	-4812	11432
525.521547	-4812	11432
525.571552	-4812	11432
525.621557	-4812	11432
525.671562	-4812	11432
525.730568	-4812	11432
525.771572	-4812	11432
525.821577	-4812	11432
525.871582	-4812	11432
525.921587	-4812	11432
525.971592	-4812	11432
526.021597	-4812	11432
526.071602	-4812	11432
526.124607	-4812	11432
526.189614	-4812	11432
526.249619	-4812	11432
526.309626	-4812	11432
526.322627	-4812	11432
526.371632	-4812	11432
526.488644	-4812	11432
526.542649	-4812	11432
526.571652	-4812	11432
526.621657	-4812	11432
526.674662	-4812	11432
526.721667	-4812	11432
526.771672	-4812	11432
526.821677	-4812	11432
526.871682	-4812	11432
526.921687	-4812	11432
526.971692	-4812	11432
527.021697	-4812	11432
527.080703	-4812	11432
527.121707	-4812	11432
527.184713	-4812	11432
527.221717	-4812	11432
527.325727	-4812	11432
527.387733	-4812	11432
527.449740	-4812	11432
527.471742	-4812	11432
527.521747	-4812	11432
527.571752	-4812	11432
527.621757	-4812	11432
527.671762	-4812	11432
527.721767	-4812	11432
527.771772	-4812	11432
527.821777	-4812	11432
527.879783	-4812	11432
527.921787	-4812	11432
527.971792	-4812	11432
528.021797	-4812	11432
528.080803	-4812	11432
528.121807	-4812	11432
528.173812	-4812	11432
528.221817	-4812	11432
528.274822	-4812	11432
528.341829	-4812	11432
528.371832	-4812	11432
528.421837	-4812	11432
528.480843	-4812	11432
528.521847	-4812	11432
528.571852	-4812	11432
528.636858	-4812	11432
528.672862	-4812	11432
528.721867	-4812	11432
528.771872	-4812	11432
528.821877	-4812	11432
528.882883	-4812	11432
528.921887	-4812	11432
528.971892	-4812	11432
529.021897	-4812	11432
529.082903	-4812	11432
529.121907	-4812	11432
529.188914	-4812	11432
529.248919	-4812	11432
529.271922	-4812	11432
529.321927	-4812	11432
529.371932	-4812	11432
529.430938	-4812	11432
529.471942	-4812	11432
529.521947	-4812	11432
529.571952	-4812	11432
529.621957	-4812	11432
529.671962	-4812	11432
529.721967	-4812	11432
529.771972	-4812	11432
529.821977	-4812	11432
529.871982	-4812	11432
529.935988	-4812	11432
529.971992	-4812	11432
530.021997	-4812	11432
530.072002	-4812	11432
530.122007	-4812	11432
530.172012	-4812	11432
530.222017	-4812	11432
530.284023	-4812	11432
530.340029	-4812	11432
530.372032	-4812	11432
530.422037	-4812	11432
530.472042	-4812	11432
530.533048	-4812	11432
530.572052	-4812	11432
530.622057	-4812	11432
530.683063	-4812	11432
530.722067	-4812	11432
530.793074	-4812	11432
530.822077	-4812	11432
530.872082	-4812	11432
530.922087	-4812	11432
530.972092	-4812	11432
531.022097	-4812	11432
531.072102	-4812	11432
531.122107	-4812	11432
531.175112	-4812	11432
531.233118	-4812	11432
531.272122	-4812	11432
531.322127	-4812	11432
531.372132	-4812	11432
531.432138	-4812	11432
531.472142	-4812	11432
531.522147	-4812	11432
531.572152	-4812	11432
531.628158	-4812	11432
531.674162	-4812	11432
531.733168	-4812	11432
531.795174	-4812	11432
531.839179	-4812	11432
531.872182	-4812	11432
531.922187	-4812	11432
531.972192	-4812	11432
532.022197	-4812	11432
532.072202	-4812	11432
532.128208	-4812	11432
532.217216	-4812	11432
532.266222	-4812	11432
532.272222	-4812	11432
532.340229	-4812	11432
532.415236	-4812	11432
532.453240	-4812	11432
532.474242	-4812	11432
532.552250	-4812	11432
532.572252	-4812	11432
532.649260	-4812	11432
532.672262	-4812	11432
532.757270	-4812	11432
532.783273	-4812	11432
532.857280	-4812	11432
532.876282	-4812	11432
532.922287	-4812	11432
532.972292	-4812	11432
533.022297	-4812	11432
533.072302	-4812	11432
533.175312	-4812	11432
533.222317	-4812	11432
533.272322	-4812	11432
533.331328	-4812	11432
533.371332	-4812	11432
533.421337	-4812	11432
533.471342	-4812	11432
533.530348	-4812	11432
533.571352	-4812	11432
533.621357	-4812	11432
533.671362	-4812	11432
533.721367	-4812	11432
533.788373	-4812	11432
533.821377	-4812	11432
533.901385	-4812	11432
533.961391	-4812	11432
533.977392	-4812	11432
534.021397	-4812	11432
534.129407	-4812	11432
534.175412	-4812	11432
534.221417	-4812	11432
534.271422	-4812	11432
534.323427	-4812	11432
534.383433	-4812	11432
534.421437	-4812	11432
534.471442	-4812	11432
534.521447	-4816	11432
534.571452	-4816	11432
534.621457	-4816	11432
534.680463	-4816	11432
534.721467	-4816	11432
534.771472	-4816	11432
534.821477	-4816	11380
534.871482	-4836	11276
534.930488	-4900	11236
534.997494	-4924	11136
535.024497	-4968	11108
535.081503	-4980	11068
535.149509	-5000	11032
535.171512	-5000	11004
535.244519	-5000	10988
535.271522	-5012	10976
535.321527	-5012	10944
535.383533	-5012	10912
535.447539	-5012	10868
535.471542	-5032	10852
535.521547	-5032	10788
535.571552	-5032	10760
535.621557	-5032	10708
535.671562	-5032	10696
535.721567	-5032	10680
535.780573	-5032	10640
535.832578	-5032	10596
535.871582	-5032	10560
535.921587	-5032	10552
535.971592	-5032	10540
536.021597	-5032	10480
536.079603	-5032	10420
536.121607	-5032	10364
536.171612	-5032	10320
536.221617	-5032	10272
536.278623	-5032	10248
536.321627	-5032	10240
536.371632	-5032	10240
536.421637	-5032	10224
536.474642	-5032	10208
536.521647	-5032	10204
536.571652	-5032	10184
536.621657	-5032	10184
536.674662	-5032	10184
536.734668	-5032	10180
536.771672	-5032	10180
536.821677	-5032	10172
536.871682	-5032	10172
536.930688	-5032	10172
536.971692	-5032	10172
537.021697	-5032	10172
537.071702	-5032	10172
537.136708	-5032	10172
537.175712	-5032	10172
537.221717	-5032	10172
537.271722	-5032	10172
537.321727	-5032	10172
537.371732	-5032	10172
537.421737	-5032	10172
537.471742	-5032	10172
537.521747	-5032	10172
537.571752	-5032	10172
537.621757	-5032	10172
537.671762	-5032	10172
537.721767	-5032	10172
537.771772	-5032	10172
537.821777	-5032	10172
537.885783	-5032	10172
537.941789	-5032	10172
537.971792	-5032	10172
538.021797	-5032	10172
538.071802	-5032	10172
538.135808	-5032	10172
538.171812	-5032	10172
538.233818	-5032	10172
538.271822	-5032	10172
538.321827	-5032	10172
538.371832	-5032	10172
538.421837	-5032	10172
538.471842	-5032	10172
538.521847	-5032	10172
538.580853	-5032	10172
538.680863	-5032	10172
538.721867	-5032	10172
538.771872	-5032	10172
538.831878	-5032	10172
538.871882	-5032	10172
538.921887	-5032	10172
538.971892	-5032	10172
539.021897	-5032	10172
539.071902	-5032	10172
539.121907	-5032	10168
539.171912	-5032	10144
539.221917	-5032	10080
539.271922	-5032	10052
539.321927	-5032	9960
539.383933	-4920	9904
539.444939	-4916	9832
539.471942	-4916	9816
539.521947	-4888	9800
539.580953	-4872	9760
539.621957	-4836	9728
539.685963	-4836	9728
539.725967	-4820	9704
539.784973	-4804	9704
539.846979	-4804	9704
539.871982	-4804	9704
539.921987	-4804	9704
539.971992	-4804	9704
540.033998	-4804	9704
540.072002	-4804	9704
540.135008	-4804	9704
540.200015	-4804	9704
540.238019	-4804	9704
540.272022	-4804	9704
540.322027	-4804	9704
540.381033	-4804	9704
540.422037	-4804	9704
540.472042	-4804	9704
540.531048	-4804	9704
540.572052	-4804	9704
540.622057	-4804	9704
540.681063	-4804	9704
540.722067	-4804	9704
540.772072	-4804	9704
540.822077	-4804	9704
540.872082	-4804	9704
540.922087	-4804	9704
540.972092	-4804	9700
541.022097	-4804	9648
541.072102	-4804	9608
541.122107	-4804	9576
541.180113	-4804	9528
541.222117	-4804	9488
541.281123	-4804	9444
541.337128	-4804	9424
541.396134	-4804	9400
541.423137	-4804	9392
541.478142	-4804	9344
541.522147	-4804	9344
541.580153	-4804	9300
541.622157	-4804	9276
541.672162	-4804	9276
541.722167	-4804	9276
541.780173	-4804	9272
541.822177	-4804	9268
541.872182	-4804	9244
541.922187	-4804	9196
541.975192	-4804	9180
542.022197	-4804	9116
542.072202	-4804	9076
542.122207	-4832	9032
542.175212	-4832	9020
542.233218	-4832	9000
542.272222	-4836	8988
542.322227	-4844	8984
542.372232	-4848	8972
542.422237	-4848	8956
542.472242	-4880	8952
542.522247	-4880	8944
542.572252	-4904	8916
542.629258	-4952	8900
542.672262	-4992	8896
542.722267	-5016	8844
542.781273	-5060	8832
542.822277	-5140	8808
542.872282	-5148	8760
542.922287	-5212	8728
542.976292	-5260	8692
543.022297	-5288	8680
543.072302	-5348	8664
543.135308	-5432	8624
543.172312	-5492	8600
543.222317	-5552	8552
543.281323	-5688	8520
543.322327	-5704	8484
543.372332	-5892	8440
543.422337	-5960	8400
543.477342	-6084	8368
543.522347	-6152	8336
543.572352	-6208	8312
543.622357	-6312	8304
543.683363	-6416	8288
543.722367	-6500	8240
543.791374	-6676	8232
543.822377	-6708	8232
543.890384	-6712	8196
543.922387	-6712	8196
543.972392	-6712	8196
544.022397	-6712	8196
544.072402	-6712	8196
544.122407	-6712	8196
544.172412	-6712	8196
544.222417	-6712	8196
544.272422	-6720	8196
544.333428	-6720	8196
544.372432	-6740	8196
544.422437	-6756	8196
544.472442	-6764	8196
544.522447	-6764	8196
544.572452	-6764	8196
544.622457	-6768	8196
544.672462	-6768	8196
544.725467	-6768	8196
544.784473	-6768	8196
544.822477	-6768	8196
544.872482	-6768	8196
544.931488	-6768	8196
544.998495	-6768	8196
545.022497	-6768	8196
545.083503	-6768	8196
545.175512	-6776	8196
545.222517	-6776	8196
545.272522	-6776	8196
545.322527	-6776	8196
545.374532	-6776	8196
545.422537	-6776	8196
545.472542	-6780	8196
545.522547	-6780	8196
545.575552	-6800	8196
545.622557	-6800	8196
545.672562	-6800	8196
545.722567	-6804	8196
545.772572	-6812	8196
545.822577	-6812	8196
545.872582	-6812	8196
545.922587	-6812	8196
545.981593	-6820	8196
546.041599	-6820	8196
546.072602	-6820	8196
546.122607	-6820	8196
546.172612	-6828	8196
546.222617	-6828	8196
546.272622	-6848	8196
546.322627	-6848	8196
546.372632	-6852	8196
546.422637	-6876	8196
546.472642	-6876	8196
546.522647	-6884	8196
546.572652	-6900	8196
546.622657	-6920	8184
546.672662	-6968	8144
546.722667	-7020	8068
546.781673	-7188	8048
546.846679	-7244	8008
546.872682	-7244	7996
546.923687	-7252	7984
546.980692	-7264	7984
547.022697	-7296	7952
547.072702	-7296	7952
547.122707	-7296	7952
547.172712	-7296	7940
547.233718	-7296	7916
547.272722	-7296	7912
547.322727	-7296	7844
547.372732	-7320	7760
547.422737	-7364	7704
547.480742	-7404	7612
547.522747	-7456	7544
547.575752	-7468	7480
547.622757	-7520	7432
547.672762	-7520	7404
547.722767	-7520	7324
547.775772	-7576	7300
547.837778	-7576	7256
547.872782	-7576	7228
547.922787	-7592	7228
547.972792	-7592	7228
548.031798	-7592	7192
548.072802	-7620	7192
548.122807	-7620	7192
548.172812	-7620	7192
548.226817	-7620	7192
548.308825	-7624	7192
548.366831	-7648	7192
548.426837	-7648	7192
548.479843	-7648	7192
548.522847	-7660	7192
548.622857	-7700	7180
548.677862	-7740	7156
548.722867	-7752	7156
548.772872	-7788	7156
548.835878	-7788	7156
548.879882	-7788	7156
548.922887	-7788	7156
548.981893	-7788	7156
549.022897	-7788	7156
549.072902	-7788	7156
549.122907	-7788	7156
549.172912	-7788	7228
549.222917	-7788	7348
549.272922	-7788	7432
549.336928	-7788	7548
549.372932	-7788	7552
549.422937	-7788	7580
549.484943	-7788	7680
549.522947	-7788	7696
549.588953	-7788	7760
549.622957	-7820	7772
549.675962	-7852	7784
549.722967	-7876	7796
549.772972	-7908	7832
549.832978	-8052	7900
549.939989	-8180	7968
549.972992	-8180	7968
550.022997	-8196	7968
550.082003	-8196	7968
550.123007	-8196	7968
550.173012	-8196	7968
550.223017	-8196	7968
550.282023	-8196	7968
550.323027	-8196	7968
550.373032	-8196	7968
550.423037	-8196	7968
550.476042	-8196	7968
550.543049	-8196	7968
550.573052	-8196	7968
550.623057	-8196	7968
550.682063	-8196	7968
550.723067	-8196	7968
550.773072	-8196	7968
550.835078	-8196	7968
550.876082	-8196	7968
550.922087	-8196	7968
550.972092	-8196	7968
551.022097	-8196	7968
551.081103	-8196	7968
551.122107	-8196	7968
551.172112	-8196	7968
551.222117	-8196	7968
551.275122	-8196	7968
551.322127	-8196	7968
551.384133	-8196	7968
551.422137	-8196	7968
551.483143	-8196	7968
551.522147	-8196	7968
551.572152	-8196	7968
551.622157	-8196	7968
551.683163	-8196	7968
551.744169	-8196	7968
551.803175	-8196	7968
551.822177	-8196	7968
551.912186	-8196	7968
551.940188	-8196	7968
552.023197	-8196	7968
552.072202	-8196	7968
552.122207	-8196	7968
552.184213	-8196	7968
552.248219	-8196	7968
552.272222	-8196	7968
552.322227	-8196	7968
552.372231	-8196	7968
552.422237	-8196	7968
552.472242	-8196	7968
552.522247	-8196	7968
552.584253	-8196	7968
552.640258	-8196	7968
552.672262	-8196	7968
552.722267	-8196	7968
552.772272	-8196	7968
552.833278	-8196	7968
552.872282	-8196	7968
552.922287	-8196	7968
552.983293	-8196	7968
553.022297	-8196	7968
553.072302	-8196	7968
553.122307	-8196	7968
553.181313	-8196	7968
553.240318	-8196	7968
553.272322	-8196	7968
553.322327	-8196	7968
553.372332	-8196	7968
553.422337	-8196	7968
553.472342	-8196	7968
553.522346	-8196	7968
553.582353	-8196	7968
553.622357	-8196	7968
553.672362	-8196	7968
553.722367	-8196	7968
553.781373	-8196	7968
553.822377	-8196	7968
553.872382	-8196	7968
553.922387	-8196	7968
553.987393	-8196	7968
554.024397	-8196	7968
554.072402	-8196	7968
554.122407	-8196	7968
554.172412	-8196	7968
554.222417	-8196	7968
554.272422	-8196	7968
554.322427	-8196	7968
554.372432	-8196	7968
554.422437	-8196	7968
554.475442	-8196	7968
554.522447	-8196	7968
554.572452	-8196	7968
554.622457	-8196	7968
554.672462	-8196	7968
554.738468	-8196	7968
554.775472	-8196	7968
554.822477	-8196	7968
554.881483	-8196	7968
554.922487	-8196	7968
554.985493	-8196	7968
555.022497	-8196	7968
555.095504	-8196	7968
555.122507	-8196	7968
555.172512	-8196	7968
555.222517	-8196	7968
555.275522	-8196	7968
555.322527	-8196	7968
555.372532	-8196	7968
555.422537	-8196	7968
555.481543	-8196	7968
555.522547	-8196	7968
555.572552	-8196	7968
555.622557	-8196	7968
555.672562	-8196	7968
555.722567	-8196	7968
555.772572	-8196	7968
555.822577	-8196	7968
555.872582	-8196	7968
555.922587	-8196	7968
555.972592	-8196	7968
556.022597	-8196	7968
556.072602	-8196	7968
556.141609	-8196	7968
556.172612	-8196	7968
556.237618	-8196	7968
556.297624	-8196	7968
556.322627	-8196	7968
556.386633	-8196	7968
556.449639	-8196	7968
556.485643	-8196	7968
556.522647	-8196	7968
556.575652	-8196	7968
556.631658	-8196	7968
556.700665	-8196	7968
556.743669	-8196	7968
556.772672	-8196	7968
556.822677	-8196	7968
556.883683	-8196	8036
556.922687	-8196	8104
556.991693	-8132	8292
557.051700	-7968	8392
557.102705	-7936	8392
557.122707	-7916	8448
557.189713	-7892	8484
557.222717	-7852	8628
557.280723	-7732	8844
557.322727	-7660	8960
557.380733	-7564	9124
557.422737	-7536	9200
557.472742	-7464	9344
557.534748	-7444	9344
557.601755	-7424	9444
557.650760	-7416	9520
557.672762	-7376	9564
557.753770	-7296	9656
557.772772	-7296	9688
557.822777	-7292	9756
557.872782	-7264	9796
557.922787	-7264	9824
557.972792	-7248	9840
558.022797	-7240	9840
558.072802	-7240	9856
558.136808	-7240	9900
558.189814	-7240	9924
558.247819	-7240	9924
558.272822	-7240	9924
558.324827	-7240	9936
558.390833	-7240	9936
558.448839	-7240	9936
558.472842	-7240	9944
558.541849	-7240	9944
558.572852	-7240	9968
558.632858	-7240	9976
558.672862	-7240	9996
558.722867	-7240	9996
558.772871	-7240	9996
558.822877	-7240	9996
558.872882	-7240	9996
558.922887	-7240	9996
558.972892	-7240	9996
559.025897	-7240	9996
559.129908	-7240	9996
559.175912	-7240	9996
559.222917	-7240	9996
559.272922	-7240	9996
559.322927	-7240	9996
559.381933	-7240	9996
559.422937	-7240	9996
559.472942	-7240	9996
559.522947	-7240	9996
559.572952	-7240	9996
559.622957	-7240	9996
559.672962	-7240	9996
559.722967	-7240	9996
559.772972	-7240	9996
559.822977	-7240	9996
559.876982	-7240	9996
559.922987	-7240	9996
559.972992	-7240	9996
560.022997	-7240	9996
560.073002	-7240	9996
560.123007	-7240	9996
560.173012	-7240	9996
560.223017	-7240	9996
560.273022	-7240	9996
560.338028	-7240	9972
560.395034	-7240	9972
560.423037	-7240	9956
560.524047	-7240	9948
560.573052	-7240	9928
560.635058	-7240	9908
560.673062	-7240	9900
560.735068	-7240	9892
560.773072	-7240	9868
560.835078	-7240	9868
560.873082	-7240	9868
560.923087	-7240	9868
560.973092	-7240	9864
561.023097	-7240	9848
561.073102	-7240	9832
561.123107	-7240	9804
561.173112	-7240	9796
561.223117	-7240	9796
561.281123	-7240	9760
561.323127	-7240	9756
561.373132	-7240	9740
561.423137	-7240	9724
561.473142	-7240	9700
561.523147	-7240	9672
561.573152	-7260	9664
561.623157	-7260	9656
561.673162	-7260	9624
561.723167	-7260	9624
561.773172	-7260	9624
561.823177	-7260	9620
561.882183	-7260	9620
561.944189	-7260	9620
561.973192	-7264	9620
562.023197	-7264	9608
562.082202	-7276	9608
562.123207	-7276	9608
562.179212	-7280	9608
562.223217	-7280	9596
562.274222	-7280	9580
562.323227	-7280	9576
562.373232	-7292	9548
562.423237	-7292	9536
562.473242	-7316	9492
562.523247	-7324	9456
562.573252	-7328	9456
562.636258	-7344	9444
562.673262	-7368	9424
562.723267	-7368	9424
562.773272	-7368	9424
562.823277	-7368	9424
562.882283	-7368	9424
562.923287	-7368	9424
562.973292	-7368	9424
563.023297	-7372	9424
563.073302	-7372	9424
563.123307	-7372	9424
563.173312	-7376	9424
563.223317	-7376	9424
563.273322	-7388	9424
563.323327	-7388	9424
563.373332	-7388	9424
563.423337	-7388	9424
563.473342	-7388	9424
563.523347	-7388	9424
563.573352	-7388	9404
563.623357	-7388	9404
563.681363	-7388	9404
563.723367	-7388	9404
563.773372	-7388	9404
563.823377	-7388	9404
563.881382	-7388	9404
563.923387	-7388	9404
563.973392	-7388	9404
564.023396	-7388	9348
564.081402	-7432	9296
564.144409	-7440	9240
564.173412	-7500	9208
564.223417	-7564	9172
564.273422	-7624	9056
564.323427	-7656	9048
564.373432	-7664	9048
564.423437	-7676	9048
564.476442	-7704	9048
564.523447	-7724	9048
564.573452	-7752	9048
564.623457	-7752	9048
564.676462	-7752	9048
564.767471	-7752	9048
564.799474	-7752	9048
564.851480	-7752	9048
564.883483	-7752	9048
564.962491	-7752	9048
564.976492	-7752	9048
565.023497	-7752	9048
565.073502	-7752	9048
565.129508	-7752	9048
565.187513	-7752	9048
565.247519	-7752	9048
565.306525	-7752	9048
565.323527	-7752	9048
565.373532	-7752	9048
565.487543	-7752	9048
565.541549	-7752	9048
565.573552	-7752	9048
565.623557	-7752	9048
565.686563	-7752	9048
565.723567	-7752	9048
565.773571	-7752	9048
565.832578	-7752	9048
565.873582	-7752	9048
565.923587	-7752	9048
565.973592	-7752	9048
566.031598	-7752	9048
566.073602	-7752	9048
566.123607	-7752	9048
566.173612	-7752	9048
566.223617	-7752	9048
566.273622	-7752	9048
566.339628	-7752	9048
566.373632	-7752	9048
566.423637	-7752	9048
566.473642	-7752	9048
566.523647	-7752	9048
566.573652	-7752	9048
566.623657	-7752	9048
566.673662	-7752	9048
566.774672	-7752	9028
566.823677	-7752	9020
566.873682	-7752	8984
566.932688	-7752	8984
566.973692	-7752	8984
567.023697	-7752	8984
567.073702	-7752	8980
567.132708	-7752	8980
567.173712	-7752	8964
567.223717	-7752	8964
567.273722	-7752	8964
567.326727	-7752	8964
567.386733	-7752	8964
567.441739	-7752	8964
567.473742	-7752	8956
567.533748	-7752	8956
567.573752	-7752	8952
567.623757	-7752	8932
567.673762	-7752	8932
567.723767	-7752	8932
567.773772	-7752	8932
567.823777	-7752	8932
567.873782	-7752	8932
567.932787	-7752	8928
567.973792	-7752	8928
568.023797	-7752	8928
568.073802	-7752	8928
568.130807	-7752	8928
568.177812	-7752	8928
568.239818	-7752	8928
568.273822	-7752	8928
568.322826	-7752	8928
568.372832	-7752	8928
568.422837	-7752	8928
568.472842	-7752	8928
568.567851	-7752	8928
568.631857	-7752	8928
568.672862	-7752	8928
568.722867	-7752	8928
568.786873	-7752	8928
568.822876	-7752	8928
568.931888	-7900	8832
568.972892	-7960	8808
569.022897	-7984	8784
569.072902	-7984	8768
569.139908	-7984	8744
569.172912	-7984	8724
569.222917	-7984	8720
569.272922	-7984	8720
569.322927	-7984	8720
569.372931	-7984	8720
569.422936	-7984	8720
569.483943	-7984	8720
569.522947	-7984	8720
569.572952	-7984	8720
569.622957	-7984	8720
569.672962	-7984	8720
569.735968	-7984	8720
569.772972	-7984	8720
569.822977	-7984	8720
569.883983	-7984	8720
569.922987	-7984	8720
569.972991	-7984	8720
570.022996	-7984	8720
570.082003	-7984	8720
570.144009	-7984	8720
570.173012	-7984	8720
570.223017	-7984	8720
570.273022	-7984	8720
570.323027	-7984	8720
570.373032	-7984	8720
570.423037	-7984	8720
570.483043	-7984	8720
570.523046	-7984	8720
570.573051	-7984	8720
570.623056	-7984	8720
570.682063	-7984	8720
570.723067	-7984	8720
570.773072	-7984	8720
570.823077	-7984	8768
570.888083	-7984	8872
570.925087	-7984	8956
570.993093	-7984	9028
571.030097	-7984	9124
571.084103	-7984	9224
571.123106	-7984	9344
571.173111	-7984	9400
571.223116	-7984	9480
571.273122	-7984	9592
571.323127	-7984	9772
571.376132	-7984	9912
571.423137	-7984	10024
571.473142	-8144	10248
571.523147	-8308	10520
571.573152	-8480	10720
571.641159	-8776	11160
571.678162	-8888	11336
571.723166	-8968	11444
571.782173	-8968	11508
571.823176	-8968	11588
571.884183	-8968	11736
571.923187	-8968	11796
571.987193	-8968	11880
572.023197	-8968	11912
572.133208	-8968	11912
572.173212	-8968	11912
572.223217	-8968	11960
572.273221	-8944	12012
572.323226	-8884	12116
572.373231	-8848	12152
572.423237	-8780	12160
572.473242	-8752	12200
572.523247	-8612	12272
572.581253	-8472	12340
572.623257	-8348	12452
572.673262	-8296	12484
572.723267	-8264	12516
572.782272	-8176	12608
572.823277	-8044	12648
572.873281	-7872	12692
572.923286	-7708	12768
572.976292	-7668	12852
573.044299	-7668	12948
573.073302	-7668	13020
573.139308	-7652	13060
573.198314	-7616	13144
573.223317	-7616	13152
573.282322	-7616	13152
573.345329	-7616	13248
573.382332	-7604	13300
573.423337	-7588	13380
573.473341	-7588	13460
573.525347	-7588	13516
573.585353	-7588	13516
573.623357	-7588	13516
573.673362	-7588	13292
573.723367	-7588	13212
573.784373	-7588	13100
573.823377	-7588	12980
573.890383	-7624	12928
573.923387	-7660	12892
573.973392	-7780	12776
574.023396	-7844	12656
574.073401	-7936	12616
574.133408	-8004	12548
574.173412	-8044	12520
574.223417	-8060	12520
574.273422	-8060	12500
574.336428	-8060	12492
574.373432	-8060	12492
574.423437	-8064	12460
574.473442	-8084	12444
574.523447	-8108	12424
574.573452	-8112	12424
574.637458	-8136	12424
574.673461	-8144	12412
574.723466	-8164	12412
574.773472	-8164	12396
574.823477	-8176	12348
574.873482	-8184	12340
574.923487	-8236	12316
574.985493	-8272	12236
575.037498	-8348	12148
575.073502	-8412	12036
575.123507	-8472	11992
575.173512	-8480	11956
575.234518	-8516	11904
575.295524	-8552	11848
575.323527	-8580	11844
575.426537	-8584	11808
575.483542	-8584	11808
575.541548	-8584	11808
575.573552	-8600	11808
575.623557	-8600	11808
575.673562	-8600	11808
575.727567	-8600	11808
575.785573	-8600	11808
575.823576	-8600	11808
575.873581	-8600	11808
575.926587	-8600	11808
576.029597	-8600	11808
576.073602	-8600	11808
576.123607	-8600	11808
576.173612	-8600	11808
576.232617	-8600	11808
576.273622	-8600	11808
576.323627	-8600	11808
576.373631	-8600	11808
576.438638	-8600	11808
576.475642	-8600	11808
576.534648	-8600	11788
576.573652	-8600	11784
576.623657	-8600	11760
576.673662	-8600	11736
576.723667	-8600	11736
576.773672	-8600	11728
576.823677	-8600	11692
576.873682	-8600	11672
576.926687	-8600	11672
576.973691	-8600	11656
577.023696	-8600	11656
577.073702	-8600	11636
577.123707	-8600	11632
577.188713	-8600	11612
577.245719	-8600	11584
577.273722	-8600	11584
577.341728	-8600	11556
577.373732	-8600	11544
577.439738	-8600	11536
577.473742	-8600	11536
577.535748	-8600	11536
577.573751	-8600	11536
577.623756	-8600	11536
577.673762	-8600	11536
577.723767	-8600	11536
577.773772	-8600	11536
577.823777	-8600	11536
577.873782	-8600	11536
577.974792	-8600	11536
578.023797	-8600	11536
578.073802	-8600	11520
578.132808	-8600	11520
578.173811	-8600	11520
578.223816	-8600	11520
578.273822	-8600	11520
578.332828	-8600	11520
578.373832	-8600	11520
578.423837	-8600	11484
578.473842	-8600	11472
578.523847	-8600	11472
578.590853	-8600	11472
578.623857	-8600	11472
578.737868	-8600	11472
578.797874	-8600	11472
578.823877	-8600	11472
578.873882	-8600	11472
578.941888	-8600	11472
578.978892	-8600	11472
579.023897	-8600	11472
579.073902	-8600	11472
579.129907	-8600	11472
579.231917	-8600	11472
579.273921	-8600	11472
579.323926	-8600	11472
579.376932	-8600	11472
579.423937	-8600	11472
579.473942	-8600	11472
579.523947	-8600	11472
579.573952	-8600	11472
579.623957	-8600	11472
579.673962	-8600	11472
579.723967	-8600	11472
579.784973	-8600	11472
579.845979	-8600	11472
579.873981	-8600	11472
579.923986	-8600	11464
579.986993	-8600	11464
580.023997	-8600	11464
580.095004	-8600	11456
580.124007	-8600	11456
580.179012	-8600	11456
580.241018	-8600	11456
580.305025	-8600	11456
580.324027	-8600	11456
580.380032	-8600	11456
580.424037	-8600	11456
580.482042	-8600	11456
580.524046	-8600	11456
580.574052	-8600	11456
580.637058	-8600	11456
580.693064	-8600	11456
580.751070	-8600	11456
580.774072	-8600	11456
580.828077	-8600	11456
580.877082	-8604	11456
580.935088	-8604	11456
580.997094	-8636	11456
581.024096	-8640	11456
581.081102	-8656	11456
581.124106	-8656	11456
581.174112	-8656	11456
581.224117	-8656	11456
581.274122	-8656	11456
581.330127	-8656	11456
581.377132	-8656	11580
581.424137	-8656	11648
581.474142	-8656	11800
581.524147	-8656	11848
581.584153	-8656	11884
581.624156	-8656	11884
581.676162	-8656	11884
581.724166	-8656	11884
581.783173	-8656	11884
581.824177	-8656	11884
581.874182	-8656	11884
581.924187	-8656	11884
581.988193	-8656	11884
582.025197	-8656	11884
582.074202	-8656	11884
582.124207	-8656	11884
582.174212	-8656	11884
582.224216	-8656	11884
582.274221	-8656	11884
582.324227	-8656	11884
582.374232	-8656	11884
582.424237	-8656	11884
582.474242	-8656	11884
582.524247	-8656	11884
582.583252	-8656	11884
582.624257	-8656	11884
582.674262	-8656	11884
582.724267	-8656	11884
582.780272	-8656	11884
582.824276	-8656	11884
582.874281	-8656	11884
582.924287	-8656	11884
582.974292	-8656	11884
583.024297	-8656	11884
583.086303	-8656	11884
583.124307	-8656	11884
583.189313	-8656	11884
583.224317	-8656	11884
583.280322	-8656	11884
583.324327	-8656	11884
583.374331	-8656	11884
583.433338	-8656	11884
583.539348	-8656	11884
583.574352	-8656	11884
583.624357	-8656	11884
583.683362	-8656	11884
583.724367	-8656	11884
583.774372	-8656	11884
583.824377	-8656	11884
583.874382	-8656	11884
583.924387	-8656	11884
583.974391	-8656	11884
584.024396	-8656	11884
584.074402	-8656	11884
584.124407	-8656	11884
584.174412	-8656	11884
584.233418	-8656	11884
584.296424	-8656	11884
584.324427	-8656	11884
584.374432	-8656	11884
584.445439	-8656	11884
584.481442	-8656	11884
584.524446	-8656	11884
584.574451	-8656	11884
584.638458	-8656	11904
584.674462	-8656	11904
584.724467	-8656	11904
584.774472	-8656	11904
584.827477	-8656	11912
584.878482	-8656	11912
584.941488	-8656	11912
584.974492	-8656	11912
585.024497	-8656	11912
585.074502	-8656	11912
585.124506	-8656	11912
585.174511	-8656	11912
585.235518	-8656	11912
585.303524	-8656	11936
585.362530	-8656	11976
585.374532	-8656	11988
585.424537	-8656	12032
585.500544	-8656	12060
585.565551	-8656	12132
585.574552	-8656	12148
585.624557	-8656	12208
585.734568	-8656	12356
585.774571	-8656	12416
585.823576	-8656	12456
585.873581	-8656	12484
585.923586	-8656	12508
585.973591	-8656	12508
586.031597	-8656	12508
586.073602	-8656	12508
586.135608	-8656	12508
586.183612	-8656	12508
586.241618	-8656	12508
586.273622	-8656	12508
586.323627	-8656	12508
586.373631	-8656	12508
586.423636	-8656	12508
586.484643	-8656	12508
586.523646	-8656	12508
586.573651	-8656	12508
586.623657	-8656	12508
586.682662	-8656	12508
586.741668	-8656	12508
586.773672	-8656	12508
586.823677	-8656	12508
586.873682	-8656	12508
586.923687	-8656	12508
586.973691	-8656	12508
587.023696	-8656	12508
587.073701	-8656	12508
587.123706	-8656	12508
587.173711	-8656	12508
587.223717	-8656	12508
587.282722	-8656	12508
587.323727	-8656	12508
587.373732	-8656	12508
587.423737	-8656	12508
587.473742	-8656	12508
587.523746	-8656	12508
587.573751	-8656	12508
587.623756	-8656	12476
587.673761	-8656	12468
587.723766	-8656	12468
587.777772	-8656	12452
587.823777	-8656	12428
587.873782	-8656	12428
587.937788	-8656	12392
587.973792	-8656	12388
588.023797	-8656	12376
588.082802	-8656	12356
588.123806	-8656	12356
588.173811	-8656	12356
588.223816	-8656	12320
588.273821	-8656	12320
588.323826	-8656	12320
588.373832	-8656	12320
588.436838	-8656	12320
588.473842	-8656	12320
588.523847	-8656	12320
588.573852	-8656	12320
588.623857	-8656	12320
588.673862	-8656	12320
588.726867	-8656	12432
588.782872	-8656	12696
588.823876	-8652	13032
588.873881	-8652	13308
588.933887	-8652	13520
588.973892	-8652	13660
589.023897	-8652	13872
589.082902	-8652	14080
589.123907	-8652	14188
589.173912	-8652	14400
589.223917	-8652	14632
589.273921	-8652	14900
589.323926	-8652	15244
589.373931	-8652	15600
589.423936	-8652	16044
589.476942	-8652	16476
589.523946	-8652	16656
589.573952	-8652	16800
589.623957	-8652	16904
589.682962	-8652	17308
589.744968	-8652	17676
589.773972	-8652	17880
589.823977	-8652	17924
589.873981	-8652	17924
589.923986	-8652	17992
589.973991	-8652	18076
590.023996	-8624	18316
590.083003	-8400	18960
590.124007	-8400	19220
590.174012	-8400	19624
590.224017	-8400	19952
590.285023	-8400	20208
590.324027	-8400	20280
590.392033	-8400	20280
590.452039	-8400	20280
590.500044	-8400	20280
590.527047	-8400	20280
590.574051	-8400	20284
590.624056	-8400	20292
590.674061	-8400	20332
590.724067	-8400	20492
590.782073	-8400	20500
590.824077	-8400	20548
590.874082	-8400	20576
590.933087	-8400	20756
590.974092	-8400	20932
591.024096	-8452	21364
591.074101	-8752	21896
591.124106	-8796	22112
591.174111	-8848	22220
591.224116	-8848	22296
591.274121	-8916	22460
591.324127	-8936	22552
591.374132	-8944	22648
591.431137	-9048	22740
591.500144	-9048	22760
591.527147	-9048	22828
591.597154	-9048	22916
591.624156	-9048	23088
591.674161	-9048	23160
591.724166	-9048	23336
591.776172	-9112	23472
591.824176	-9132	23596
591.886183	-9152	23628
591.924187	-9156	23700
591.974192	-9160	23724
592.024197	-9160	23724
592.083202	-9160	23724
592.146209	-9280	23728
592.174212	-9384	23576
592.224216	-9464	23184
592.274221	-9868	22516
592.324226	-10140	21868
592.374231	-10216	21676
592.432237	-10216	21648
592.474242	-10216	21648
592.524247	-10216	21648
592.574252	-10232	21648
592.632257	-10276	21648
592.674262	-10276	21624
592.724267	-10276	21564
592.774271	-10276	21512
592.831277	-10276	21492
592.877282	-10280	21448
592.936288	-10312	21396
592.976292	-10324	21364
593.024296	-10436	21324
593.074302	-10436	21252
593.124307	-10444	21236
593.174312	-10444	21152
593.224317	-10444	21152
593.274322	-10484	21124
593.324327	-10484	21040
593.374331	-10524	21004
593.433337	-10524	20964
593.474341	-10524	20904
593.524346	-10568	20904
593.574351	-10592	20888
593.632357	-10592	20864
593.674362	-10592	20852
593.724367	-10592	20836
593.787373	-10620	20836
593.824377	-10620	20836
593.874382	-10620	20836
593.924387	-10620	20836
593.974391	-10620	20836
594.024396	-10620	20836
594.077402	-10620	20836
594.124406	-10624	20836
594.174411	-10624	20836
594.224417	-10624	20836
594.274422	-10624	20836
594.324427	-10624	20816
594.374432	-10644	20760
594.436438	-10644	20744
594.474442	-10652	20700
594.524446	-10652	20688
594.574451	-10652	20680
594.634458	-10652	20480
594.674461	-10680	20160
594.724466	-10684	19792
594.774471	-10684	19576
594.824477	-10700	19576
594.891483	-10724	19576
594.924487	-10724	19576
595.035498	-10772	19500
595.098504	-10836	19488
595.124506	-10840	19484
595.186513	-10840	19412
595.245519	-10840	19392
595.281522	-10840	19320
595.324526	-10840	19200
595.374532	-10840	19116
595.433537	-10840	19028
595.474542	-10840	18904
595.524547	-10840	18704
595.574552	-10840	18480
595.631557	-10840	18244
595.679562	-10820	18124
595.740568	-10572	18032
595.800574	-10344	17976
595.850579	-10236	17872
595.874581	-10232	17872
595.924586	-10204	17804
595.974592	-10184	17764
596.024597	-10108	17764
596.074602	-10008	17708
596.124607	-9752	17656
596.174612	-9560	17592
596.224617	-9540	17588
596.274621	-9540	17588
596.324626	-9540	17588
596.374631	-9540	17588
596.424636	-9540	17588
596.474641	-9540	17588
596.524647	-9540	17588
596.574652	-9540	17588
596.624657	-9704	17588
596.674662	-10396	17488
596.724667	-11332	17372
596.774672	-12144	17372
596.836678	-12532	17324
596.890683	-12552	17188
596.924686	-12656	17088
596.984693	-12804	16968
597.028697	-12996	16748
597.092703	-13252	16488
597.152709	-13308	16408
597.174712	-13308	16408
597.224717	-13308	16408
597.274722	-13308	16408
597.324727	-13308	16408
597.374732	-13308	16408
597.424736	-13308	16408
597.474741	-13308	16408
597.527747	-13308	16408
597.609755	-13308	16408
597.624756	-13308	16408
597.674761	-13308	16408
597.724767	-13308	16408
597.791773	-13308	16392
597.824777	-13308	16376
597.908785	-13308	16356
597.924787	-13308	16356
598.005795	-13308	16340
598.024796	-13308	16324
598.074801	-13308	16324
598.141808	-13308	16320
598.174811	-13308	16312
598.224816	-13308	16312
598.283823	-13308	16264
598.324827	-13308	16260
598.374832	-13308	16212
598.474842	-13252	16148
598.524847	-13224	16148
598.574852	-13224	16128
598.624856	-13184	16128
598.677862	-13184	16128
598.724866	-13184	16128
598.774871	-13184	16128
598.824876	-13184	16128
598.874882	-13184	16128
598.939888	-13184	16128
598.994894	-13184	16128
599.024897	-13184	16128
599.099904	-13184	16128
599.135908	-13184	16128
599.209915	-13184	16128
599.224916	-13184	16128
599.318926	-13184	16128
599.324926	-13184	16128
599.383933	-13184	16128
599.424936	-13184	16128
599.484942	-13184	16128
599.524947	-13184	16128
599.574952	-13184	16128
599.633957	-13184	16128
599.674962	-13148	16132
599.724967	-13148	16164
599.782972	-13108	16264
599.824976	-13048	16296
599.874981	-12956	16400
599.924986	-12812	16516
599.974991	-12676	16672
600.024997	-12572	16840
600.075002	-12448	17212
600.125007	-12188	17552
600.178012	-11960	18064
600.226017	-11856	18552
600.289023	-11772	18976
600.325027	-11744	19268
600.429037	-11688	19840
600.475041	-11632	20028
600.525046	-11588	20300
600.587053	-11588	20672
600.626057	-11544	20756
600.689063	-11508	20844
600.729067	-11508	20896
600.788073	-11480	21128
600.849079	-11480	21220
600.875082	-11484	21336
600.925086	-11488	21436
600.991093	-11480	21660
601.025096	-11496	21888
601.075101	-11516	22248
601.125106	-11532	22504
601.175111	-11544	22748
601.225117	-11560	22972
601.275122	-11576	23260
601.325127	-11588	23464
601.386133	-11600	23708
601.425137	-11612	23880
601.533147	-11620	24008
601.575151	-11624	24064
601.625156	-11624	24076
601.684163	-11624	24076
601.725166	-11624	24076
601.775172	-11624	24076
601.825177	-11624	24076
601.875182	-11624	24076
601.925187	-11624	24076
601.975192	-11624	24076
602.025197	-11624	24076
602.075202	-11624	24096
602.125206	-11628	24152
602.175211	-11624	24316
602.237218	-11636	24532
602.290223	-11652	24836
602.325226	-11668	25096
602.375232	-11692	25476
602.425237	-11716	25936
602.486243	-11748	26225
602.544249	-11764	26225
602.575252	-11768	26225
602.625257	-11772	26225
602.675261	-11776	26225
602.734267	-11780	26225
602.775271	-11784	26225
602.825276	-11792	26225
602.875281	-11792	26225
602.928287	-11792	26225
603.008295	-11800	26225
603.025297	-11804	26225
603.075302	-11816	26225
603.125307	-11832	26225
603.226316	-11828	26225
603.286323	-12672	26225
603.330327	-13436	26128
603.374331	-13620	25748
603.437338	-13612	25512
603.474341	-13584	25068
603.524346	-13552	24524
603.574351	-13520	23980
603.624356	-13496	23548
603.674361	-13416	22828
603.733367	-13240	22656
603.774372	-13236	22608
603.824377	-13236	22608
603.924387	-13236	22608
603.974391	-13236	22608
604.024396	-13236	22608
604.074401	-13236	22608
604.130407	-13240	22668
604.217416	-13200	22752
604.234417	-13204	22772
604.274421	-13204	22800
604.324427	-13188	22800
604.407435	-13180	22804
604.444438	-13176	22812
604.502444	-13180	22860
604.563450	-13192	23056
604.577452	-13192	23076
604.661460	-13200	23176
604.674461	-13204	23252
604.756470	-13200	23292
604.774471	-13204	23320
604.824476	-13204	23320
604.887483	-13204	23320
604.924487	-13204	23364
604.974492	-13204	23364
605.024497	-13204	23364
605.083502	-13208	23376
605.124506	-13208	23376
605.174511	-13208	23376
605.224516	-13208	23376
605.274521	-13208	23376
605.324526	-13208	23376
605.374531	-13208	23376
605.424536	-13208	23376
605.474541	-13208	23376
605.524547	-13208	23376
605.574552	-13208	23376
605.630557	-13208	23376
605.686563	-13208	23376
605.724566	-13208	23376
605.774571	-13208	23376
605.833577	-13208	23376
605.874581	-13208	23376
605.924586	-13208	23376
605.986593	-13208	23376
606.024596	-13208	23376
606.074602	-13208	23376
606.124607	-13208	23376
606.176611	-13208	23376
606.237617	-13208	23376
606.274621	-13208	23376
606.324626	-13208	23376
606.377632	-13208	23376
606.424636	-13208	23376
606.474641	-13208	23376
606.524646	-13208	23376
606.574651	-13208	23376
606.624656	-13208	23376
606.674662	-13208	23376
606.724667	-13208	23376
606.785673	-13208	23376
606.846679	-13208	23376
606.905684	-13208	23376
606.924686	-13208	23376
606.974691	-13208	23376
607.044698	-13208	23376
607.074701	-13212	23448
607.124706	-13216	23544
607.174711	-13220	23640
607.224716	-13232	23800
607.274722	-13236	23856
607.324727	-13244	23992
607.374732	-13248	24108
607.424736	-13336	24240
607.474741	-13492	24412
607.524746	-13780	24568
607.586752	-14088	24836
607.624756	-14260	25020
607.674761	-14336	25124
607.724766	-14420	25264
607.774771	-14492	25408
607.838778	-14564	25452
607.898784	-14620	25544
607.924787	-14764	25640
607.974792	-14856	25736
608.024796	-15052	25876
608.091803	-15196	26088
608.124806	-15216	26112
608.174811	-15216	26112
608.224816	-15216	26112
608.277822	-15216	26112
608.324826	-15216	26112
608.374831	-15216	26112
608.424837	-15216	26112
608.474842	-15212	26012
608.535848	-15208	25968
608.574852	-15200	25844
608.624856	-15192	25728
608.674861	-15188	25604
608.756870	-15168	25300
608.774871	-15164	25244
608.824876	-15160	25160
608.874881	-15156	25100
608.924886	-15156	25076
608.974891	-15152	25052
609.033897	-15148	24972
609.074902	-15148	24932
609.124907	-15140	24836
609.224916	-15140	24804
609.278922	-15140	24796
609.324926	-15132	24708
609.374931	-15128	24640
609.427937	-15128	24616
609.516946	-15124	24540
609.532947	-15120	24508
609.574952	-15120	24496
609.624957	-15120	24496
609.730967	-15120	24460
609.775971	-15120	24456
609.824976	-15120	24456
609.883982	-15116	24444
609.924986	-15116	24392
609.985992	-15116	24392
610.024996	-15116	24392
610.095004	-15116	24392
610.125006	-15116	24392
610.175012	-15116	24392
610.225017	-15112	24376
610.275022	-15112	24372
610.325027	-15112	24352
610.375031	-15112	24328
610.434037	-15108	24252
610.475041	-15104	24240
610.525046	-15104	24192
610.575051	-15104	24192
610.625056	-15100	24156
610.675061	-15100	24156
610.725066	-15100	24144
610.775072	-15100	24136
610.825077	-15100	24124
610.875082	-15096	24100
610.925086	-15096	24092
610.978092	-15096	24076
611.025096	-15096	24076
611.075101	-15096	24052
611.125106	-15096	24052
611.184113	-15096	24052
611.225116	-15096	24052
611.275121	-15092	24012
611.337128	-15092	24012
611.375132	-15092	24012
611.425137	-15060	23960
611.475142	-15060	23960
611.527147	-15056	23956
611.634157	-15056	23956
611.675161	-15056	23956
611.725166	-15056	23924
611.775171	-15056	23924
611.825176	-15052	23924
611.875181	-15052	23924
611.925187	-15052	23924
611.975192	-15036	23924
612.025197	-15036	23924
612.075202	-15036	23924
612.125206	-15036	23924
612.186213	-15036	23924
612.246219	-15036	23924
612.305224	-15036	23924
612.325226	-15036	23924
612.375231	-15036	23924
612.446239	-15036	23924
612.475241	-15036	23924
612.525247	-15036	23924
612.575252	-15036	23924
612.625257	-15036	23924
612.675261	-15036	23924
612.725266	-15036	23924
612.775271	-15036	23924
612.825276	-15036	23924
612.875281	-15036	23924
612.925286	-15036	23924
612.987293	-15036	23924
613.025296	-15036	23924
613.075302	-15036	23924
613.125307	-15020	23920
613.175312	-15016	23920
613.236318	-14948	23916
613.296323	-14948	23916
613.325326	-14948	23916
613.427337	-14956	24076
613.484342	-14960	24228
613.542348	-14976	24488
613.575351	-14984	24612
613.625356	-14968	24820
613.675362	-15368	24928
613.728367	-16104	25068
613.810375	-16744	25760
613.825377	-16912	25848
613.878382	-17060	25876
613.925386	-17156	25940
613.990393	-17156	26004
614.025396	-17412	26124
614.115406	-17788	26225
614.129407	-17788	26225
614.222416	-17788	26225
614.228417	-17788	26225
614.275422	-17788	26225
614.325427	-17788	26225
614.375432	-17788	26225
614.425436	-17784	26225
614.527447	-17616	25416
614.585453	-17332	25136
614.625456	-17188	24948
614.736467	-17024	24752
614.792473	-16940	24720
614.825477	-16936	24704
614.875482	-16900	24616
614.928487	-16876	24616
615.015495	-16824	24612
615.030497	-16824	24612
615.075501	-16788	24608
615.125506	-16776	24608
615.200514	-16740	24608
615.241518	-16728	24608
615.275521	-16728	24608
615.338528	-16696	24604
615.375531	-16696	24604
615.438538	-16696	24604
615.476542	-16696	24604
615.538548	-16696	24604
615.575552	-16696	24604
615.625556	-16696	24604
615.675561	-16696	24604
615.725566	-16696	24604
615.775571	-16696	24604
615.825576	-16696	24604
615.884583	-16696	24604
615.984592	-16696	24604
616.025597	-16696	24604
616.075602	-16696	24604
616.125607	-16696	24604
616.175611	-16696	24604
616.225616	-16684	24604
616.275621	-16684	24604
616.325626	-16680	24604
616.375631	-16676	24604
616.425636	-16676	24604
616.478642	-16676	24588
616.525646	-16672	24580
616.575652	-16664	24580
616.625657	-16656	24580
616.684662	-16656	24572
616.725667	-16656	24572
616.775671	-16652	24552
616.837677	-16632	24552
616.877682	-16632	24552
616.925686	-16632	24552
616.975691	-16608	24552
617.026697	-16572	24536
617.099704	-16540	24528
617.125706	-16528	24464
617.190713	-16392	24376
617.225717	-16196	24260
617.275722	-16028	24132
617.325727	-15984	24108
617.375731	-15984	24096
617.425736	-15984	24096
617.475741	-15984	24096
617.525746	-15984	24092
617.575751	-15984	24092
617.636757	-15984	24060
617.701764	-15984	24060
617.762770	-15984	24060
617.806775	-15984	24060
617.825777	-15968	24056
617.904784	-15956	24056
617.925786	-15956	24056
617.979792	-15952	24052
618.025796	-15948	24032
618.075801	-15888	23988
618.125806	-15860	23988
618.175811	-15804	23984
618.225816	-15684	23968
618.275821	-15164	23856
618.325827	-14596	23700
618.383832	-14452	23580
618.446838	-14452	23580
618.475842	-14452	23580
618.525846	-14452	23580
618.575851	-14452	23580
618.625856	-14452	23580
618.686862	-14452	23580
618.744868	-14452	23580
618.775871	-14452	23580
618.839878	-14452	23580
618.875881	-14452	23580
618.933887	-14452	23580
618.975892	-14452	23580
619.025897	-14452	23588
619.075902	-14452	23588
619.132907	-14452	23616
619.191913	-14456	23636
619.225916	-14456	23660
619.275921	-14456	23700
619.325926	-14460	23712
619.385932	-14460	23712
619.425936	-14440	23708
619.475942	-14440	23708
619.525947	-14436	23716
619.584952	-14436	23752
619.625957	-14436	23752
619.675961	-14440	23760
619.725966	-14440	23764
619.775971	-14440	23788
619.825976	-14440	23788
619.884982	-14444	23868
619.925986	-14444	23880
619.975991	-14444	23880
620.077002	-14448	23932
620.131007	-14448	23940
620.180012	-14452	23964
620.226017	-14452	23992
620.279022	-14432	23992
620.326026	-14408	23988
620.376031	-14412	24056
620.426036	-14412	24064
620.476041	-14412	24064
620.542048	-14412	24116
620.579051	-14412	24116
620.626056	-14412	24116
620.685062	-14408	24132
620.726067	-14384	24128
620.792073	-14384	24128
620.825076	-14384	24128
620.933087	-14384	24128
620.975091	-14384	24128
621.025096	-14384	24128
621.075101	-14384	24128
621.125106	-14384	24128
621.175111	-14384	24128
621.225116	-14384	24128
621.284122	-14384	24128
621.384132	-14384	24128
621.425136	-14384	24128
621.475142	-14384	24128
621.525146	-14384	24128
621.575151	-14384	24128
621.625156	-14384	24128
621.675161	-14384	24128
621.725166	-14384	24128
621.775171	-14384	24128
621.825176	-14384	24128
621.878181	-14384	24128
621.925186	-14384	24128
621.975191	-14384	24128
622.025197	-14384	24128
622.084202	-14384	24128
622.125206	-14384	24128
622.175211	-14384	24128
622.237217	-14384	24128
622.275221	-14384	24128
622.325226	-14384	24128
622.375231	-14384	24128
622.427237	-14384	24128
622.487243	-14384	24128
622.525246	-14384	24128
622.575251	-14384	24128
622.625257	-14384	24128
622.675261	-14384	24128
622.725266	-14384	24128
622.775271	-14384	24128
622.825276	-14384	24128
622.875281	-14384	24128
622.925286	-14384	24128
622.975291	-14384	24128
623.036297	-14384	24128
623.098304	-14384	24128
623.157310	-14384	24128
623.175311	-14384	24128
623.225317	-14384	24128
623.326326	-14384	24128
623.434337	-14384	24128
623.475341	-14384	24128
623.525346	-14384	24128
623.575351	-14384	24128
623.625356	-14384	24128
623.675361	-14384	24128
623.725366	-14384	24128
623.775372	-14384	24128
623.825377	-14384	24128
623.883382	-14384	24128
623.945388	-14384	24128
623.975391	-14384	24128
624.025396	-14384	24128
624.075401	-14384	24128
624.125406	-14384	24128
624.186412	-14384	24128
624.225416	-14384	24128
624.275421	-14384	24128
624.337428	-14384	24128
624.375432	-14384	24128
624.434437	-14384	24128
624.475441	-14384	24128
624.525446	-14384	24128
624.575451	-14384	24128
624.630457	-14384	24128
624.693463	-14384	24128
624.725466	-14384	24128
624.791473	-14384	24128
624.825476	-14384	24128
624.932487	-14384	24128
624.975492	-14384	24128
625.025496	-14384	24128
625.075501	-14384	24128
625.137507	-14384	24128
625.175511	-14384	24128
625.225516	-14384	24128
625.275521	-14384	24128
625.325526	-14384	24128
625.375531	-14384	24128
625.434537	-14384	24128
625.475541	-14384	24128
625.525547	-14384	24128
625.626556	-14384	24128
625.696563	-14384	24128
625.725566	-14384	24128
625.780572	-14384	24128
625.834577	-14384	24128
625.877582	-14384	24128
625.925586	-14384	24128
625.975591	-14384	24128
626.025596	-14384	24128
626.090603	-14384	24128
626.127606	-14384	24128
626.175611	-14384	24128
626.237617	-14384	24128
626.275621	-14384	24128
626.336627	-14384	24128
626.375631	-14384	24128
626.437637	-14384	24128
626.475641	-14384	24128
626.525646	-14384	24128
626.575651	-14384	24128
626.625656	-14384	24128
626.675661	-14384	24128
626.725667	-14384	24128
626.784672	-14384	24128
626.885682	-14376	24128
626.925686	-14376	24128
626.983692	-14376	24128
627.025696	-14376	24128
627.075701	-14376	24128
627.125706	-14376	24128
627.175711	-14376	24128
627.225716	-14376	24128
627.275722	-14376	24128
627.325727	-14376	24128
627.378732	-14376	24128
627.425736	-14376	24128
627.475741	-14376	24128
627.525746	-14376	24128
627.584752	-14376	24128
627.625756	-14376	24128
627.675761	-14376	24128
627.737768	-14376	24128
627.777771	-14376	24128
627.825776	-14376	24128
627.875782	-14376	24128
627.927786	-14376	24128
627.988792	-14372	24128
628.025796	-14372	24128
628.075801	-14372	24128
628.125806	-14372	24128
628.175811	-14372	24128
628.225816	-14372	24128
628.275821	-14372	24128
628.325826	-14372	24128
628.375831	-14372	24128
628.425836	-14372	24128
628.475842	-14372	24128
628.536848	-14372	24128
628.599854	-14372	24128
628.657859	-14372	24128
628.675861	-14372	24128
628.725866	-14372	24128
628.799874	-14372	24128
628.861880	-14372	24128
628.875881	-14372	24128
628.925886	-14372	24128
628.975891	-14372	24128
629.025897	-14372	24128
629.075902	-14372	24128
629.125906	-14372	24128
629.175911	-14372	24128
629.225916	-14372	24128
629.283922	-14372	24128
629.345928	-14372	24128
629.375931	-14372	24128
629.425936	-14372	24128
629.475941	-14372	24128
629.525946	-14372	24128
629.586952	-14372	24128
629.625957	-14372	24128
629.675961	-14372	24128
629.736968	-14372	24128
629.775971	-14372	24128
629.833977	-14372	24128
629.875981	-14372	24128
629.925986	-14372	24128
629.975991	-14372	24128
630.033997	-14372	24128
630.076001	-14372	24128
630.126006	-14372	24128
630.176011	-14372	24128
630.226017	-14372	24128
630.286022	-14372	24128
630.326026	-14372	24128
630.376031	-14372	24128
630.426036	-14372	24128
630.485042	-14372	24128
630.526046	-14372	24128
630.576051	-14372	24128
630.626056	-14372	24128
630.676061	-14372	24128
630.726066	-14372	24128
630.776072	-14372	24128
630.826077	-14360	24096
630.876081	-14340	24016
630.976091	-14296	23896
631.030097	-14260	23876
631.076101	-14256	23808
631.126106	-14248	23664
631.179111	-14220	23440
631.226116	-14188	23392
631.276121	-14184	23352
631.326126	-14140	23276
631.376132	-14136	23228
631.441138	-13944	23124
631.478141	-13876	23068
631.526146	-13876	23036
631.585152	-13872	22988
631.626156	-13868	22936
631.698164	-13792	22788
631.726166	-13720	22624
631.811175	-13660	22516
631.826176	-13660	22516
631.876181	-13660	22508
631.926186	-13624	22508
631.980192	-13624	22508
632.026196	-13624	22508
632.076201	-13624	22508
632.139208	-13624	22508
632.247219	-13624	22508
632.276221	-13624	22508
632.326226	-13624	22508
632.376231	-13624	22508
632.426236	-13624	22508
632.476241	-13624	22508
632.526247	-13624	22492
632.576252	-13620	22456
632.626256	-13620	22444
632.676261	-13616	22392
632.729267	-13612	22328
632.788272	-13608	22244
632.826276	-13604	22176
632.876281	-13600	22144
632.935287	-13600	22092
632.976291	-13600	22092
633.026296	-13600	22092
633.088303	-13596	22052
633.128306	-13596	22052
633.190313	-13596	22024
633.229317	-13596	22024
633.276321	-13596	22024
633.337327	-13596	22024
633.376331	-13596	22024
633.426336	-13596	22024
633.476341	-13596	22024
633.526346	-13596	22024
633.576351	-13596	22024
633.626356	-13596	22024
633.676361	-13596	22024
633.726367	-13596	22024
633.776371	-13596	22024
633.826376	-13596	22024
633.887383	-13588	22024
633.948389	-13588	22024
634.007394	-13576	22024
634.026396	-13576	22024
634.140408	-13576	22024
634.203414	-13564	22024
634.298423	-13564	22024
634.326427	-13536	22020
634.376431	-13536	22020
634.426436	-13536	22020
634.476441	-13536	22020
634.526446	-13536	22020
634.576451	-13536	22020
634.626456	-13536	22020
634.676461	-13536	22028
634.736467	-13520	22060
634.800474	-13520	22076
634.826476	-13520	22076
634.882482	-13520	22076
634.926486	-13520	22076
634.976491	-13520	22076
635.037498	-13520	22076
635.076501	-13520	22076
635.126506	-13520	22076
635.187512	-13520	22076
635.226516	-13520	22076
635.292523	-13520	22076
635.326526	-13520	22076
635.376531	-13520	22076
635.426536	-13520	22076
635.482542	-13520	22076
635.526546	-13520	22076
635.576551	-13520	22076
635.626556	-13520	22076
635.676561	-13520	22076
635.736567	-13520	22076
635.776571	-13520	22076
635.826576	-13520	22076
635.876581	-13520	22076
635.937587	-13520	22076
635.976591	-13520	22076
636.026597	-13520	22076
636.076602	-13520	22076
636.126606	-13520	22076
636.176611	-13520	22076
636.226616	-13520	22076
636.276621	-13520	22076
636.326626	-13520	22076
636.426636	-13520	22076
636.481642	-13520	22076
636.526646	-13520	22076
636.576651	-13520	22076
636.641658	-13520	22076
636.689662	-13520	22076
636.726666	-13520	22076
636.776671	-13520	22076
636.826676	-13520	22076
636.894683	-13520	22076
636.931687	-13520	22076
636.976691	-13520	22076
637.035697	-13520	22076
637.076701	-13520	22076
637.137707	-13520	22076
637.176712	-13520	22076
637.239717	-13524	22100
637.276721	-13524	22100
637.326726	-13524	22100
637.376731	-13524	22120
637.426736	-13524	22120
637.476741	-13524	22124
637.526746	-13524	22124
637.585752	-13524	22128
637.686762	-13528	22164
637.726766	-13528	22200
637.776772	-13528	22200
637.826777	-13532	22232
637.876781	-13532	22232
637.926786	-13532	22280
637.976791	-13532	22280
638.026796	-13528	22280
638.076801	-13528	22280
638.126806	-13528	22280
638.179811	-13528	22280
638.226816	-13528	22280
638.275821	-13528	22280
638.325826	-13528	22280
638.384832	-13528	22280
638.425836	-13528	22280
638.475841	-13528	22280
638.537848	-13528	22280
638.575851	-13528	22280
638.625856	-13528	22248
638.675861	-13528	22240
638.725866	-13524	22212
638.786872	-13524	22184
638.825876	-13524	22160
638.875881	-13524	22160
638.925886	-13524	22160
638.975891	-13524	22160
639.025896	-13524	22160
639.084902	-13524	22160
639.125906	-13524	22160
639.175911	-13524	22160
639.225916	-13524	22160
639.275921	-13524	22160
639.337927	-13524	22160
639.399934	-13524	22160
639.458940	-13524	22160
639.475941	-13524	22160
639.554949	-13524	22160
639.613955	-13524	22160
639.676961	-13524	22160
639.725966	-13524	22160
639.775971	-13524	22160
639.825976	-13524	22160
639.875981	-13524	22160
639.925986	-13524	22160
639.975991	-13524	22160
640.025996	-13524	22160
640.076001	-13524	22160
640.137007	-13524	22160
640.241018	-13524	22160
640.279022	-13524	22160
640.326026	-13524	22160
640.376031	-13524	22160
640.426036	-13524	22160
640.487042	-13524	22160
640.526046	-13524	22160
640.576051	-13524	22160
640.637057	-13524	22164
640.676061	-13532	22308
640.737067	-13536	22384
640.776071	-13540	22452
640.826076	-13548	22628
640.876081	-13520	22956
640.929087	-13468	23232
640.988092	-13440	23468
641.026096	-13424	23644
641.076101	-13432	23820
641.126106	-13440	23916
641.186112	-13440	23916
641.226116	-13440	23928
641.279121	-13444	23972
641.326126	-13448	24052
641.385132	-13448	24056
641.426136	-13448	24088
641.476141	-13448	24088
641.526146	-13448	24088
641.591153	-13448	24096
641.626156	-13452	24136
641.690163	-13452	24136
641.726166	-13452	24136
641.776171	-13452	24136
641.876181	-13452	24136
641.930187	-13452	24136
641.976191	-13452	24136
642.026196	-13452	24136
642.088202	-13452	24136
642.133207	-13452	24136
642.176211	-13452	24136
642.226216	-13452	24136
642.276221	-13452	24136
642.341228	-13452	24136
642.379231	-13452	24136
642.426236	-13452	24136
642.485242	-13452	24136
642.526246	-13452	24136
642.592253	-13452	24136
642.626256	-13452	24136
642.706264	-13452	24136
642.726266	-13452	24136
642.802274	-13452	24136
642.826276	-13452	24136
642.878282	-13452	24136
642.926286	-13452	24136
642.976291	-13452	24136
643.035297	-13452	24136
643.140307	-13452	24136
643.176311	-13452	24136
643.226316	-13452	24136
643.285322	-13452	24136
643.326326	-13452	24136
643.376331	-13452	24136
643.426336	-13452	24136
643.476341	-13452	24136
643.526346	-13452	24136
643.576351	-13452	24136
643.632357	-13452	24136
643.692363	-13412	24132
643.726366	-13412	24132
643.786372	-13412	24132
643.845378	-13412	24132
643.876381	-13412	24132
643.926386	-13412	24132
643.988392	-13408	24132
644.026396	-13408	24132
644.076401	-13380	24132
644.126406	-13380	24132
644.176411	-13368	24132
644.237417	-13368	24132
644.276421	-13368	24132
644.326426	-13368	24132
644.376431	-13368	24132
644.426436	-13368	24132
644.476441	-13368	24132
644.535447	-13368	24132
644.576451	-13368	24132
644.626456	-13368	24132
644.676461	-13368	24132
644.726466	-13368	24132
644.787472	-13368	24132
644.848478	-13368	24132
644.876481	-13368	24132
644.926486	-13368	24132
644.989492	-13368	24132
645.048499	-13368	24132
645.111505	-13364	24132
645.126506	-13364	24132
645.176511	-13364	24132
645.226516	-13364	24132
645.276521	-13364	24132
645.326526	-13364	24132
645.376531	-13364	24132
645.426536	-13364	24132
645.476541	-13364	24132
645.534547	-13364	24132
645.602554	-13364	24132
645.629557	-13364	24132
645.729567	-13364	24132
645.791573	-13364	24132
645.826576	-13364	24132
645.932587	-13364	24132
645.976591	-13364	24132
646.026596	-13364	24132
646.087602	-13364	24132
646.126606	-13364	24132
646.232617	-13328	23508
646.276621	-13312	23268
646.326626	-13296	22996
646.376631	-13284	22776
646.429636	-13268	22516
646.494643	-13248	22168
646.526646	-13232	21912
646.592653	-13072	21088
646.648658	-12848	20440
646.743668	-12416	19440
646.776671	-12212	19020
646.826676	-11744	18224
646.876681	-10868	16916
646.935687	-9552	15388
646.976691	-9044	14848
647.026696	-8748	14232
647.076701	-8672	13900
647.143708	-8220	13212
647.176711	-7732	12708
647.226716	-6944	11956
647.276721	-5804	10900
647.326726	-4864	10068
647.376731	-4668	9400
647.426736	-4580	8604
647.476741	-4140	7832
647.526746	-3908	7256
647.576751	-3744	6660
647.626756	-3324	6052
647.676761	-3064	5124
647.726766	-2684	4184
647.776771	-2204	3456
647.826776	-2076	2840
647.891783	-1660	2060
647.928786	-1508	1620
647.985792	-524	932
648.045798	-160	856
648.076801	-160	816
648.141808	0	864
648.176811	0	1160
648.226816	0	1208
648.288823	0	1208
648.326826	0	1088
648.376831	0	684
648.426836	0	276
648.476841	0	188
648.526846	0	0
648.576851	0	0
648.626856	0	0
648.676861	0	0
648.726866	0	0
648.776871	0	0
648.826876	0	0
648.876881	0	0
648.935887	0	0
648.976891	0	0
649.026896	0	0
649.076901	0	0
649.126906	0	0
649.185912	0	0
649.226916	0	0
649.276921	0	0
649.326926	0	0
649.376931	0	0
649.431937	0	0
649.476941	0	0
649.526946	0	0
649.576951	0	0
649.640958	0	0
649.704964	0	0
649.726966	0	0
649.776971	0	0
649.826976	0	0
649.888982	0	0
649.926986	0	0
649.976991	0	0
650.026996	0	0
650.077001	0	0
650.130006	0	0
650.243018	0	0
650.277021	0	0
650.327026	0	0
650.377031	0	0
650.427036	0	0
650.488042	0	0
650.527046	0	0
650.596053	0	0
650.657059	0	0
650.749068	0	0
650.797073	0	0
650.827076	0	0
650.877081	0	0
650.927086	0	0
650.997093	0	0
651.027096	0	0
651.126106	0	0
651.177111	0	0
651.227116	0	0
651.290123	0	0
651.327126	0	0
651.430137	0	0
651.501143	0	0
651.527146	0	0
651.577151	0	0
651.627156	0	0
651.697163	0	0
651.761169	0	0
651.777171	0	0
651.827176	0	0
651.877181	0	0
651.927186	0	0
651.977191	0	0
652.027196	0	0
652.085202	0	0
652.127206	0	0
652.193213	0	0
652.245218	0	0
652.277221	0	0
652.327226	0	0
652.377231	0	0
652.427236	0	0
652.488242	0	0
652.527246	0	0
652.577251	0	0
652.639257	0	0
652.677261	0	0
652.727266	0	0
652.777271	0	0
652.827276	0	0
652.877281	0	0
652.927286	0	0
652.977291	0	0
653.027296	0	0
653.077301	0	0
653.127306	0	0
653.177311	0	0
653.227316	0	0
653.277321	0	0
653.327326	0	0
653.434337	0	0
653.491343	0	0
653.527346	0	0
653.577351	0	0
653.627356	0	0
653.742368	0	0
653.777371	0	0
653.827376	0	0
653.877381	0	0
653.927386	0	0
654.037397	0	0
654.077401	0	0
654.127406	0	0
654.177411	0	0
654.227416	0	0
654.316425	0	0
654.327426	0	0
654.464440	0	0
654.518445	0	0
654.527446	0	0
654.577451	0	0
654.627456	0	0
654.738467	0	0
654.777471	0	0
654.827476	0	0
654.889482	0	0
654.927486	0	0
654.977491	0	0
655.027496	0	0
655.095503	0	0
655.134507	0	0
655.192513	0	0
655.227516	0	0
655.277521	0	0
655.327526	0	0
655.388532	0	0
655.427536	0	0
655.477541	0	0
655.539547	0	0
655.577551	0	0
655.639557	0	0
655.677561	0	0
655.731566	0	0
655.776571	0	0
655.826576	0	0
655.876581	0	0
655.926586	0	0
655.985592	0	0
656.086602	0	0
656.126606	0	0
656.176611	0	0
656.234617	0	0
656.300623	0	0
656.326626	0	0
656.376631	0	0
656.426636	0	0
656.476641	0	0
656.526646	0	0
656.576651	0	0
656.626656	0	0
656.676661	0	0
656.726666	0	0
656.776671	0	0
656.844678	0	0
656.876681	0	0
656.926686	0	0
656.985692	0	0
657.046698	0	0
657.076701	0	0
657.126706	0	0
657.176711	0	0
657.235717	0	0
657.277721	0	0
657.326726	0	0
657.376731	0	0
657.426736	0	0
657.478741	0	0
657.538747	0	0
657.576751	0	0
657.626756	0	0
657.676761	0	0
657.729766	0	0
657.779771	0	0
657.826776	0	0
657.887782	0	0
657.926786	0	0
657.976791	0	0
658.026796	0	0
658.076801	0	0
658.126806	0	0
658.176811	0	0
658.237817	0	0
658.276821	0	0
658.326826	0	0
658.384832	0	0
658.426836	0	0
658.489842	0	0
658.526846	0	0
658.582852	0	0
658.626856	0	0
658.676861	0	0
658.726866	0	0
658.776871	0	0
658.826876	0	0
658.876881	0	0
658.926886	0	0
658.976891	0	0
659.026896	0	0
659.076901	0	0
659.126906	0	0
659.176911	0	0
659.226916	0	0
659.288922	0	0
659.326926	0	0
659.378932	0	0
659.436937	0	0
659.476941	0	0
659.526946	0	0
659.576951	0	0
659.626956	0	0
659.684962	0	0
659.726966	0	0
659.787972	0	0
659.826976	0	0
659.876981	0	0
659.934987	0	0
659.976991	0	0
660.035997	0	0
660.099003	0	0
660.127006	0	0
660.198013	0	0
660.227016	0	0
660.280021	0	0
660.327026	0	0
660.377031	0	0
660.432036	0	0
660.534047	0	0
660.577051	0	0
660.627056	0	0
660.677061	0	0
660.727066	0	0
660.777071	0	0
660.836077	0	0
660.877081	0	0
660.927086	0	0
660.977091	0	0
661.032096	0	0
661.077101	0	0
661.127106	0	0
661.186112	0	0
661.245118	0	0
661.277121	0	0
661.327126	0	0
661.377131	0	0
661.427136	0	0
661.477141	0	0
661.527146	0	0
661.577151	0	0
661.627156	0	0
661.680161	0	0
661.727166	0	0
661.777171	0	0
661.836177	0	0
661.877181	0	0
661.927186	0	0
661.977191	0	0
662.027196	0	0
662.083202	0	0
662.127206	0	0
662.186212	0	0
662.227216	0	0
662.296223	0	0
662.358229	0	0
662.377231	0	0
662.453238	0	0
662.477241	0	0
662.527246	0	0
662.577251	0	0
662.627256	0	0
662.677261	0	0
662.727266	0	0
662.777271	0	0
662.827276	0	0
662.877281	0	0
662.927286	0	0
662.977291	0	0
663.027296	0	0
663.077301	0	0
663.135307	0	0
663.188312	0	0
663.227316	0	0
663.277321	0	0
663.327326	0	0
663.386332	0	0
663.427336	0	0
663.477341	0	0
663.527346	0	0
663.577351	0	0
663.631357	0	0
663.698363	0	0
663.727366	0	0
663.784372	0	0
663.846378	0	0
663.905384	0	0
663.966390	0	0
663.983392	0	0
664.027396	0	0
664.096403	0	0
664.134407	0	0
664.189412	0	0
664.227416	0	0
664.277421	0	0
664.327426	0	0
664.390432	0	0
664.427436	0	0
664.477441	0	0
664.527446	0	0
664.577451	0	0
664.639457	0	0
664.677461	0	0
664.727466	0	0
664.792473	0	0
664.851479	0	0
664.899483	0	0
664.927486	0	0
664.982491	0	0
665.027496	0	0
665.134507	0	0
665.237517	0	0
665.302524	0	0
665.327526	0	0
665.410534	0	0
665.428536	0	0
665.477541	0	0
665.546548	0	0
665.609554	0	0
665.627556	0	0
665.677561	0	0
665.727566	0	0
665.795573	0	0
665.862580	0	0
665.877581	0	0
665.927586	0	0
665.977591	0	0
666.027596	0	0
666.077601	0	0
666.127606	0	0
666.185612	0	0
666.227616	0	0
666.291623	0	0
666.344628	0	0
666.377631	0	0
666.435637	0	0
666.477641	0	0
666.527646	0	0
666.588652	0	0
666.627656	0	0
666.677661	0	0
666.738667	0	0
666.777671	0	0
666.827676	0	0
666.880682	0	0
666.927686	0	0
666.977691	0	0
667.027696	0	0
667.077701	0	0
667.127706	0	0
667.177711	0	0
667.227716	0	0
667.277721	0	0
667.327726	0	0
667.377731	0	0
667.427736	0	0
667.487742	0	0
667.527746	0	0
667.577751	0	0
667.627756	0	0
667.681762	0	0
667.740767	0	0
667.777771	0	0
667.827776	0	0
667.877781	0	0
667.927786	0	0
668.003794	0	0
668.029796	0	0
668.077801	0	0
668.127806	0	0
668.177811	0	0
668.227816	0	0
668.277821	0	0
668.378831	0	0
668.433837	0	0
668.477841	0	0
668.527846	0	0
668.585852	0	0
668.649858	0	0
668.677861	0	0
668.727866	0	0
668.777871	0	0
668.827876	0	0
668.877881	0	0
668.927886	0	0
669.038897	0	0
669.078901	0	0
669.127906	0	0
669.177911	0	0
669.227916	0	0
669.277921	0	0
669.340928	0	0
669.377931	0	0
669.427936	0	0
669.489943	0	0
669.527946	0	0
669.634957	0	0
669.690962	0	0
669.743968	0	0
669.777971	0	0
669.827976	0	0
669.877981	0	0
669.927986	0	0
669.999993	0	0
670.101004	0	0
670.128006	0	0
670.178011	0	0
670.228016	0	0
670.291022	0	0
670.328026	0	0
670.378031	0	0
670.428036	0	0
670.483042	0	0
670.528046	0	0
670.578051	0	0
670.628056	0	0
670.678061	0	0
670.728066	0	0
670.788072	0	0
670.855079	0	0
670.880081	0	0
670.928086	0	0
670.987092	0	0
671.047098	0	0
671.078101	0	0
671.128106	0	0
671.178111	0	0
671.237117	0	0
671.279121	0	0
671.328126	0	0
671.378131	0	0
671.428136	0	0
671.487142	0	0
671.548148	0	0
671.578151	0	0
671.628156	0	0
671.684162	0	0
671.737167	0	0
671.778171	0	0
671.828176	0	0
671.890182	0	0
671.928186	0	0
671.989192	0	0
672.028196	0	0
672.078201	0	0
672.128206	0	0
672.178211	0	0
672.237217	0	0
672.278221	0	0
672.328226	0	0
672.401233	0	0
672.428236	0	0
672.512245	0	0
672.528246	0	0
672.606254	0	0
672.669260	0	0
672.692263	0	0
672.728266	0	0
672.809274	0	0
672.828276	0	0
672.878281	0	0
672.928286	0	0
672.978291	0	0
673.028296	0	0
673.078301	0	0
673.128306	0	0
673.178311	0	0
673.227316	0	0
673.289322	0	0
673.327326	0	0
673.378331	0	0
673.427336	0	0
673.477341	0	0
673.527346	0	0
673.577351	0	0
673.627356	0	0
673.685362	0	0
673.727366	0	0
673.788372	0	0
673.827376	0	0
673.879381	0	0
673.937387	0	0
673.977391	0	0
674.036397	0	0
674.100403	0	0
674.127406	0	0
674.187412	0	0
674.227416	0	0
674.277421	0	0
674.327426	0	0
674.377431	0	0
674.431437	0	0
674.533447	0	0
674.577451	0	0
674.627456	0	0
674.677461	0	0
674.727466	0	0
674.777471	0	0
674.836477	0	0
674.877481	0	0
674.927486	0	0
674.977491	0	0
675.034497	0	0
675.106504	0	0
675.143507	0	0
675.211514	0	0
675.270520	0	0
675.285522	0	0
675.329526	0	0
675.377531	0	0
675.427536	0	0
675.481542	0	0
675.527546	0	0
675.577551	0	0
675.627556	0	0
675.680562	0	0
675.727566	0	0
675.777571	0	0
675.837577	0	0
675.877581	0	0
675.927586	0	0
675.977591	0	0
676.027596	0	0
676.082602	0	0
676.127606	0	0
676.186612	0	0
676.227616	0	0
676.282621	0	0
676.343627	0	0
676.377631	0	0
676.442637	0	0
676.477641	0	0
676.527646	0	0
676.577651	0	0
676.627656	0	0
676.680661	0	0
676.727666	0	0
676.777671	0	0
676.827676	0	0
676.877681	0	0
676.927686	0	0
676.977691	0	0
677.027696	0	0
677.077701	0	0
677.135707	0	0
677.187712	0	0
677.227716	0	0
677.277721	0	0
677.327726	0	0
677.386732	0	0
677.427736	0	0
677.477741	0	0
677.527746	0	0
677.577751	0	0
677.631756	0	0
677.695763	0	0
677.727766	0	0
677.777771	0	0
677.839777	0	0
677.900784	0	0
677.961790	0	0
677.978791	0	0
678.027796	0	0
678.135807	0	0
678.179811	0	0
678.227816	0	0
678.277821	0	0
678.327826	0	0
678.377831	0	0
678.436837	0	0
678.477841	0	0
678.527846	0	0
678.590852	0	0
678.627856	0	0
678.705864	0	0
678.727866	0	0
678.788872	0	0
678.849878	0	0
678.909884	0	0
678.957889	0	0
678.977891	0	0
679.027896	0	0
679.077901	0	0
679.127906	0	0
679.197913	0	0
679.257919	0	0
679.277921	0	0
679.327926	0	0
679.386932	0	0
679.427936	0	0
679.527946	0	0
679.583951	0	0
679.627956	0	0
679.677961	0	0
679.727966	0	0
679.839977	0	0
679.905984	0	0
679.944988	0	0
679.977991	0	0
680.027996	0	0
680.078001	0	0
680.128006	0	0
680.191012	0	0
680.249018	0	0
680.278021	0	0
680.341027	0	0
680.394032	0	0
680.438037	0	0
680.498043	0	0
680.528046	0	0
680.587052	0	0
680.648058	0	0
680.678061	0	0
680.728066	0	0
680.789072	0	0
680.851079	0	0
680.878081	0	0
680.928086	0	0
680.988092	0	0
681.028096	0	0
681.078101	0	0
681.128106	0	0
681.178111	0	0
681.231116	0	0
681.288122	0	0
681.328126	0	0
681.378131	0	0
681.428136	0	0
681.478141	0	0
681.538147	0	0
681.578151	0	0
681.628156	0	0
681.687162	0	0
681.730166	0	0
681.791173	0	0
681.828176	0	0
681.878181	0	0
681.928186	0	0
681.978191	0	0
682.031196	0	0
682.078201	0	0
682.128206	0	0
682.178211	0	0
682.228216	0	0
682.286222	0	0
682.328226	0	0
682.428236	0	0
682.478241	0	0
682.528246	0	0
682.578251	0	0
682.628256	0	0
682.698263	0	0
682.728266	0	0
682.778271	0	0
682.828276	0	0
682.891283	0	0
682.928286	0	0
682.978291	0	0
683.043297	0	0
683.080301	0	0
683.128306	0	0
683.178311	0	0
683.228316	0	0
683.278321	0	0
683.341327	0	0
683.378331	0	0
683.428336	0	0
683.495343	0	0
683.528346	0	0
683.639357	0	0
683.678361	0	0
683.728366	0	0
683.778371	0	0
683.828376	0	0
683.878381	0	0
683.928386	0	0
683.987392	0	0
684.088402	0	0
684.128406	0	0
684.178411	0	0
684.228416	0	0
684.292422	0	0
684.328426	0	0
684.378431	0	0
684.428436	0	0
684.478441	0	0
684.528446	0	0
684.578451	0	0
684.628456	0	0
684.678461	0	0
684.728466	0	0
684.778471	0	0
684.847478	0	0
684.878481	0	0
684.928486	0	0
685.006494	0	0
685.098503	0	0
685.128506	0	0
685.178511	0	0
685.228516	0	0
685.291523	0	0
685.329526	0	0
685.378531	0	0
685.428536	0	0
685.478541	0	0
685.530546	0	0
685.633556	0	0
685.678561	0	0
685.728566	0	0
685.778571	0	0
685.831576	0	0
685.903584	0	0
685.928586	0	0
686.011594	0	0
686.028596	0	0
686.078601	0	0
686.128606	0	0
686.178611	0	0
686.228616	0	0
686.278621	0	0
686.337627	0	0
686.378631	0	0
686.428636	0	0
686.491642	0	0
686.528646	0	0
686.607654	0	0
686.628656	0	0
686.714664	0	0
686.777671	0	0
686.828676	0	0
686.878681	0	0
686.928686	0	0
686.978691	0	0
687.028696	0	0
687.078701	0	0
687.128706	0	0
687.178711	0	0
687.228716	0	0
687.278721	0	0
687.328726	0	0
687.378731	0	0
687.440737	0	0
687.478741	0	0
687.529746	0	0
687.578751	0	0
687.628756	0	0
687.678761	0	0
687.728766	0	0
687.819775	0	0
687.879781	0	0
687.928786	0	0
687.997793	0	0
688.028796	0	0
688.081801	0	0
688.140807	0	0
688.178811	0	0
688.241817	0	0
688.302824	0	0
688.328826	0	0
688.378831	0	0
688.428836	0	0
688.478841	0	0
688.528846	0	0
688.578851	0	0
688.632856	0	0
688.735867	0	0
688.778871	0	0
688.828876	0	0
688.878881	0	0
688.928886	0	0
688.978891	0	0
689.037897	0	0
689.078901	0	0
689.128906	0	0
689.178911	0	0
689.228916	0	0
689.292922	0	0
689.330926	0	0
689.402934	0	0
689.460939	0	0
689.478941	0	0
689.528946	0	0
689.578951	0	0
689.679961	0	0
689.733966	0	0
689.782971	0	0
689.828976	0	0
689.878981	0	0
689.931986	0	0
689.985992	0	0
690.028996	0	0
690.079001	0	0
690.129006	0	0
690.179011	0	0
690.229016	0	0
690.279021	0	0
690.335027	0	0
690.379031	0	0
690.439037	0	0
690.479041	0	0
690.529046	0	0
690.590052	0	0
690.629056	0	0
690.699063	0	0
690.728066	0	0
690.778071	0	0
690.828076	0	0
690.878081	0	0
690.931086	0	0
690.988092	0	0
691.028096	0	0
691.078101	0	0
691.128106	0	0
691.178111	0	0
691.228116	0	0
691.278121	0	0
691.328126	0	0
691.387132	0	0
691.428136	0	0
691.478141	0	0
691.528146	0	0
691.578151	0	0
691.638157	0	0
691.678161	0	0
691.728166	0	0
691.778171	0	0
691.828176	0	0
691.881181	0	0
691.928186	0	0
691.978191	0	0
692.028196	0	0
692.078201	0	0
692.138207	0	0
692.205214	0	0
692.232216	0	0
692.278221	0	0
692.345228	0	0
692.382231	0	0
692.428236	0	0
692.478241	0	0
692.528246	0	0
692.578251	0	0
692.638257	0	0
692.678261	0	0
692.728266	0	0
692.778271	0	0
692.828276	0	0
692.881281	0	0
692.928286	0	0
692.978291	0	0
693.037297	0	0
693.098303	0	0
693.147308	0	0
693.178311	0	0
693.228316	0	0
693.278321	0	0
693.328326	0	0
693.389332	0	0
693.450338	0	0
693.478341	0	0
693.528346	0	0
693.578351	0	0
693.628356	0	0
693.678361	0	0
693.728366	0	0
693.778371	0	0
693.828376	0	0
693.878381	0	0
693.940387	0	0
694.008394	0	0
694.028396	0	0
694.082401	0	0
694.128406	0	0
694.178411	0	0
694.228416	0	0
694.278421	0	0
694.336427	0	0
694.378431	0	0
694.439437	0	0
694.478441	0	0
694.528446	0	0
694.589452	0	0
694.628456	0	0
694.679461	0	0
694.740467	0	0
694.778471	0	0
694.828476	0	0
694.878481	0	0
694.940487	0	0
694.978491	0	0
695.028496	0	0
695.089502	0	0
695.128506	0	0
695.178511	0	0
695.228516	0	0
695.278521	0	0
695.331526	0	0
695.390532	0	0
695.428536	0	0
695.478541	0	0
695.528546	0	0
695.578551	0	0
695.639557	0	0
695.678561	0	0
695.728566	0	0
695.778571	0	0
695.828576	0	0
695.887582	0	0
695.928586	0	0
695.978591	0	0
696.028596	0	0
696.078601	0	0
696.133606	0	0
696.194613	0	0
696.228616	0	0
696.286622	0	0
696.328626	0	0
696.378631	0	0
696.428636	0	0
696.478641	0	0
696.528646	0	0
696.578651	0	0
696.628656	0	0
696.678661	0	0
696.742667	0	0
696.778671	0	0
696.828676	0	0
696.878681	0	0
696.938687	0	0
696.978691	0	0
697.028696	0	0
697.104703	0	0
697.143707	0	0
697.178711	0	0
697.228716	0	0
697.287722	0	0
697.328726	0	0
697.396733	0	0
697.428736	0	0
697.478741	0	0
697.544747	0	0
697.578751	0	0
697.640757	0	0
697.678761	0	0
697.728766	0	0
697.780771	0	0
697.828776	0	0
697.878781	0	0
697.928786	0	0
697.987792	0	0
698.087802	0	0
698.128806	0	0
698.178811	0	0
698.228816	0	0
698.303823	0	0
698.328826	0	0
698.378831	0	0
698.428836	0	0
698.478841	0	0
698.537847	0	0
698.578851	0	0
698.628856	0	0
698.695863	0	0
698.728866	0	0
698.787872	0	0
698.854878	0	0
698.878881	0	0
698.928886	0	0
699.001893	0	0
699.060899	0	0
699.078901	0	0
699.128906	0	0
699.178911	0	0
699.240917	0	0
699.278921	0	0
699.328926	0	0
699.378931	0	0
699.428936	0	0
699.494943	0	0
699.555949	0	0
699.578951	0	0
699.633956	0	0
699.678961	0	0
699.728966	0	0
699.792972	0	0
699.828976	0	0
699.900983	0	0
699.928986	0	0
699.985991	0	0
700.028996	0	0
700.079001	0	0
700.129006	0	0
700.179011	0	0
700.238017	0	0
700.279021	0	0
700.329026	0	0
700.387032	0	0
700.429036	0	0
700.496043	0	0
700.529046	0	0
700.633056	0	0
700.710064	0	0
700.732066	0	0
700.779071	0	0
700.829076	0	0
700.879081	0	0
700.929086	0	0
700.979091	0	0
701.029096	0	0
701.079101	0	0
701.129106	0	0
701.179111	0	0
701.229116	0	0
701.279121	0	0
701.341127	0	0
701.403133	0	0
701.455139	0	0
701.479141	0	0
701.529146	0	0
701.579151	0	0
701.629156	0	0
701.723166	0	0
701.781171	0	0
701.829176	0	0
701.889182	0	0
701.929186	0	0
701.979191	0	0
702.037197	0	0
702.079201	0	0
702.138207	0	0
702.239217	0	0
702.279221	0	0
702.329226	0	0
702.379231	0	0
702.429236	0	0
702.479241	0	0
702.529246	0	0
702.582251	0	0
702.641257	0	0
702.705264	0	0
702.729266	0	0
702.791272	0	0
702.829276	0	0
702.879281	0	0
702.938287	0	0
702.979291	0	0
703.029296	0	0
703.079301	0	0
703.129306	0	0
703.194313	0	0
703.231316	0	0
703.300323	0	0
703.359329	0	0
703.407334	0	0
703.453338	0	0
703.479341	0	0
703.586351	0	0
703.640357	0	0
703.679361	0	0
703.729366	0	0
703.779371	0	0
703.832376	0	0
703.891382	0	0
703.929386	0	0
703.979391	0	0
704.029396	0	0
704.081401	0	0
704.129406	0	0
704.179411	0	0
704.236417	0	0
704.279421	0	0
704.329426	0	0
704.379431	0	0
704.429436	0	0
704.493443	0	0
704.529446	0	0
704.602453	0	0
704.629456	0	0
704.679461	0	0
704.744467	0	0
704.779471	0	0
704.832476	0	0
704.879481	0	0
704.929486	0	0
704.979491	0	0
705.029496	0	0
705.080501	0	0
705.181511	0	0
705.229516	0	0
705.279521	0	0
705.337527	0	0
705.379531	0	0
705.429536	0	0
705.479541	0	0
705.529546	0	0
705.579551	0	0
705.629556	0	0
705.679561	0	0
705.729566	0	0
705.779571	0	0
705.832576	0	0
705.892582	0	0
705.929586	0	0
705.979591	0	0
706.029596	0	0
706.090602	0	0
706.152608	0	0
706.179611	0	0
706.229616	0	0
706.291622	0	0
706.329626	0	0
706.379631	0	0
706.429636	0	0
706.514645	0	0
706.529646	0	0
706.622655	0	0
706.629656	0	0
706.714664	0	0
706.729666	0	0
706.884681	0	0
706.953688	0	0
707.007694	0	0
707.033696	0	0
707.114705	0	0
707.173710	0	0
707.221715	0	0
707.235716	0	0
707.279721	0	0
707.329726	0	0
707.395732	0	0
707.458739	0	0
707.519745	0	0
707.529746	0	0
707.637757	0	0
707.679761	0	0
707.742767	0	0
707.779771	0	0
707.829776	0	0
707.879781	0	0
707.929786	0	0
707.987792	0	0
708.048798	0	0
708.112804	0	0
708.129806	0	0
708.179811	0	0
708.228816	0	0
708.283821	0	0
708.328826	0	0
708.378831	0	0
708.436837	0	0
708.478841	0	0
708.540847	0	0
708.578851	0	0
708.628856	0	0
708.686862	0	0
708.728866	0	0
708.818875	0	0
708.879881	0	0
708.928886	0	0
708.999893	0	0
709.028896	0	0
709.108904	0	0
709.128906	0	0
709.178911	0	0
709.228916	0	0
709.278921	0	0
709.328926	0	0
709.390932	0	0
709.428936	0	0
709.483942	0	0
709.528946	0	0
709.578951	0	0
709.628956	0	0
709.678961	0	0
709.728966	0	0
709.786972	0	0
709.828976	0	0
709.878981	0	0
709.928986	0	0
709.978991	0	0
710.037997	0	0
710.079001	0	0
710.129006	0	0
710.179011	0	0
710.229016	0	0
710.282021	0	0
710.329026	0	0
710.386032	0	0
710.429036	0	0
710.479041	0	0
710.529046	0	0
710.579051	0	0
710.629056	0	0
710.679061	0	0
710.729066	0	0
710.779071	0	0
710.829076	0	0
710.891082	0	0
710.929086	0	0
711.015094	0	0
711.030096	0	0
711.124105	0	0
711.130106	0	0
711.218115	0	0
711.283121	0	0
711.329126	0	0
711.379131	0	0
711.429136	0	0
711.500143	0	0
711.529146	0	0
711.634156	0	0
711.679161	0	0
711.729166	0	0
711.794172	0	0
711.829176	0	0
711.887182	0	0
711.929186	0	0
711.979191	0	0
712.029196	0	0
712.079201	0	0
712.129206	0	0
712.179211	0	0
712.240217	0	0
712.279221	0	0
712.329226	0	0
712.379231	0	0
712.429236	0	0
712.488242	0	0
712.529246	0	0
712.579251	0	0
712.629256	0	0
712.679261	0	0
712.740267	0	0
712.779271	0	0
712.829276	0	0
712.879281	0	0
712.929286	0	0
712.979291	0	0
713.047297	0	0
713.079301	0	0
713.129306	0	0
713.191312	0	0
713.250318	0	0
713.279321	0	0
713.329326	0	0
713.393332	0	0
713.453338	0	0
713.489342	0	0
713.529346	0	0
713.579351	0	0
713.629356	0	0
713.681361	0	0
713.742367	0	0
713.779371	0	0
713.829376	0	0
713.879381	0	0
713.929386	0	0
713.990392	0	0
714.029396	0	0
714.099403	0	0
714.129406	0	0
714.179411	0	0
714.229416	0	0
714.279421	0	0
714.329426	0	0
714.379431	0	0
714.440437	0	0
714.479441	0	0
714.529446	0	0
714.591452	0	0
714.629456	0	0
714.679461	0	0
714.729466	0	0
714.788472	0	0
714.851478	0	0
714.879481	0	0
714.929486	0	0
714.979491	0	0
715.029496	0	0
715.096502	0	0
715.129506	0	0
715.187511	0	0
715.229516	0	0
715.279521	0	0
715.329526	0	0
715.379531	0	0
715.429536	0	0
715.479541	0	0
715.538547	0	0
715.594553	0	0
715.629556	0	0
715.679561	0	0
715.729566	0	0
715.779571	0	0
715.829576	0	0
715.879581	0	0
715.929586	0	0
715.990592	0	0
716.029596	0	0
716.079601	0	0
716.137607	0	0
716.179611	0	0
716.238617	0	0
716.279621	0	0
716.329626	0	0
716.386631	0	0
716.429636	0	0
716.479641	0	0
716.529646	0	0
716.579651	0	0
716.633656	0	0
716.679661	0	0
716.740667	0	0
716.779671	0	0
716.829676	0	0
716.879681	0	0
716.929686	0	0
716.988692	0	0
717.029696	0	0
717.079701	0	0
717.129706	0	0
717.179711	0	0
717.243717	0	0
717.281721	0	0
717.341727	0	0
717.402733	0	0
717.429736	0	0
717.491742	0	0
717.529746	0	0
717.637757	0	0
717.699763	0	0
717.729766	0	0
717.779771	0	0
717.829776	0	0
717.882781	0	0
717.929786	0	0
717.979791	0	0
718.029796	0	0
718.079801	0	0
718.129806	0	0
718.179811	0	0
718.229816	0	0
718.288822	0	0
718.329826	0	0
718.379831	0	0
718.429836	0	0
718.479841	0	0
718.540847	0	0
718.579851	0	0
718.642857	0	0
718.679861	0	0
718.729866	0	0
718.794872	0	0
718.829876	0	0
718.929886	0	0
718.979891	0	0
719.029896	0	0
719.079901	0	0
719.129906	0	0
719.195912	0	0
719.296923	0	0
719.329926	0	0
719.390932	0	0
719.448938	0	0
719.479941	0	0
719.529946	0	0
719.579951	0	0
719.629956	0	0
719.688962	0	0
719.729966	0	0
719.779971	0	0
719.829976	0	0
719.879981	0	0
719.933986	0	0
719.979991	0	0
720.046998	0	0
720.080001	0	0
720.130006	0	0
720.206013	0	0
720.266019	0	0
720.282021	0	0
720.330026	0	0
720.434036	0	0
720.504043	0	0
720.541047	0	0
720.580051	0	0
720.630056	0	0
720.680061	0	0
720.739067	0	0
720.780071	0	0
720.830076	0	0
720.880081	0	0
720.930086	0	0
720.986092	0	0
721.030096	0	0
721.080101	0	0
721.141107	0	0
721.205113	0	0
721.253118	0	0
721.280121	0	0
721.330126	0	0
721.380131	0	0
721.430136	0	0
721.491142	0	0
721.552148	0	0
721.580151	0	0
721.630156	0	0
721.680161	0	0
721.743167	0	0
721.780171	0	0
721.830176	0	0
721.893182	0	0
721.930186	0	0
721.986191	0	0
722.048198	0	0
722.080201	0	0
722.130206	0	0
722.180211	0	0
722.230216	0	0
722.280221	0	0
722.330226	0	0
722.380231	0	0
722.438237	0	0
722.480241	0	0
722.542247	0	0
722.580251	0	0
722.630256	0	0
722.695262	0	0
722.730266	0	0
722.813274	0	0
722.874280	0	0
722.918284	0	0
722.979290	0	0
723.030296	0	0
723.094302	0	0
723.130306	0	0
723.180311	0	0
723.230316	0	0
723.280321	0	0
723.340327	0	0
723.405334	0	0
723.430336	0	0
723.503343	0	0
723.530346	0	0
723.580351	0	0
723.630356	0	0
723.680361	0	0
723.733366	0	0
723.833376	0	0
723.882381	0	0
723.930386	0	0
723.980391	0	0
724.030396	0	0
724.092402	0	0
724.130406	0	0
724.180411	0	0
724.230416	0	0
724.280421	0	0
724.334426	0	0
724.380431	0	0
724.430436	0	0
724.480441	0	0
724.530446	0	0
724.580451	0	0
724.630456	0	0
724.680461	0	0
724.730466	0	0
724.786471	0	0
724.830476	0	0
724.880481	0	0
724.943487	0	0
724.996492	0	0
725.040497	0	0
725.080501	0	0
725.141507	0	0
725.180511	0	0
725.230516	0	0
725.297523	0	0
725.334526	0	0
725.435536	0	0
725.480541	0	0
725.539546	0	0
725.580551	0	0
725.645557	0	0
725.679561	0	0
725.729566	0	0
725.794572	0	0
725.829576	0	0
725.879580	0	0
725.929586	0	0
725.979591	0	0
726.029596	0	0
726.079601	0	0
726.129606	0	0
726.179611	0	0
726.229616	0	0
726.279621	0	0
726.329626	0	0
726.379631	0	0
726.429636	0	0
726.488642	0	0
726.529646	0	0
726.579651	0	0
726.629656	0	0
726.679661	0	0
726.739667	0	0
726.779671	0	0
726.829676	0	0
726.879681	0	0
726.929686	0	0
726.979691	0	0
727.029696	0	0
727.079701	0	0
727.129706	0	0
727.241717	0	0
727.301723	0	0
727.329726	0	0
727.379731	0	0
727.429736	0	0
727.491742	0	0
727.529746	0	0
727.579751	0	0
727.629755	0	0
727.679761	0	0
727.731766	0	0
727.803773	0	0
727.829776	0	0
727.879781	0	0
727.929786	0	0
727.979791	0	0
728.040797	0	0
728.079801	0	0
728.142807	0	0
728.179811	0	0
728.229815	0	0
728.280821	0	0
728.329826	0	0
728.379831	0	0
728.429836	0	0
728.491842	0	0
728.529846	0	0
728.579851	0	0
728.638856	0	0
728.683861	0	0
728.729866	0	0
728.779871	0	0
728.838877	0	0
728.909883	0	0
728.931886	0	0
728.979891	0	0
729.034896	0	0
729.104903	0	0
729.171910	0	0
729.179911	0	0
729.229916	0	0
729.286922	0	0
729.329926	0	0
729.379930	0	0
729.429936	0	0
729.490942	0	0
729.529946	0	0
729.606954	0	0
729.659959	0	0
729.679961	0	0
729.729966	0	0
729.779971	0	0
729.829976	0	0
729.890982	0	0
729.929986	0	0
729.979991	0	0
730.040997	0	0
730.080001	0	0
730.130006	0	0
730.238017	0	0
730.280021	0	0
730.330026	0	0
730.380031	0	0
730.430036	0	0
730.480041	0	0
730.530046	0	0
730.581051	0	0
730.630056	0	0
730.680061	0	0
730.730066	0	0
730.780071	0	0
730.840077	0	0
730.880081	0	0
730.930086	0	0
730.980091	0	0
731.030096	0	0
731.092102	0	0
731.130105	0	0
731.180111	0	0
731.230116	0	0
731.280121	0	0
731.345127	0	0
731.385131	0	0
731.446137	0	0
731.505143	0	0
731.542147	0	0
731.598153	0	0
731.630156	0	0
731.767169	0	0
731.822175	0	0
731.830176	0	0
731.880181	0	0
731.930186	0	0
731.994192	0	0
732.030196	0	0
732.080201	0	0
732.130206	0	0
732.180211	0	0
732.230216	0	0
732.280221	0	0
732.330226	0	0
732.385231	0	0
732.430236	0	0
732.480241	0	0
732.530246	0	0
732.589252	0	0
732.651258	0	0
732.680261	0	0
732.747267	0	0
732.810274	0	0
732.830276	0	0
732.913284	0	0
732.930286	0	0
733.002293	0	0
733.030296	0	0
733.080301	0	0
733.130306	0	0
733.180311	0	0
733.240317	0	0
733.342327	0	0
733.380331	0	0
733.430336	0	0
733.492342	0	0
733.530346	0	0
733.580351	0	0
733.630356	0	0
733.680361	0	0
733.730366	0	0
733.780371	0	0
733.830376	0	0
733.880381	0	0
733.930386	0	0
733.996392	0	0
734.030396	0	0
734.147408	0	0
734.180411	0	0
734.230416	0	0
734.289422	0	0
734.350428	0	0
734.380431	0	0
734.430436	0	0
734.480441	0	0
734.539447	0	0
734.580451	0	0
734.630455	0	0
734.680461	0	0
734.730466	0	0
734.801473	0	0
734.830476	0	0
734.880481	0	0
734.930486	0	0
734.980491	0	0
735.033496	0	0
735.080501	0	0
735.130506	0	0
735.191512	0	0
735.251518	0	0
735.280521	0	0
735.330526	0	0
735.380531	0	0
735.430536	0	0
735.480541	0	0
735.541547	0	0
735.610554	0	0
735.630556	0	0
735.718565	0	0
735.730566	0	0
735.830576	0	0
735.883581	0	0
735.930586	0	0
735.980591	0	0
736.030596	0	0
736.080601	0	0
736.130606	0	0
736.186611	0	0
736.230616	0	0
736.280621	0	0
736.330626	0	0
736.380630	0	0
736.430636	0	0
736.480641	0	0
736.530646	0	0
736.580651	0	0
736.642657	0	0
736.680661	0	0
736.730666	0	0
736.789671	0	0
736.830676	0	0
736.880681	0	0
736.930686	0	0
736.980691	0	0
737.038696	0	0
737.080701	0	0
737.142707	0	0
737.180711	0	0
737.230716	0	0
737.280721	0	0
737.330726	0	0
737.389731	0	0
737.448738	0	0
737.480741	0	0
737.534746	0	0
737.580751	0	0
737.630756	0	0
737.680761	0	0
737.730766	0	0
737.795772	0	0
737.855778	0	0
737.880781	0	0
737.930786	0	0
737.980791	0	0
738.030796	0	0
738.092802	0	0
738.151808	0	0
738.180811	0	0
738.230816	0	0
738.280821	0	0
738.334826	0	0
738.380831	0	0
738.430836	0	0
738.480841	0	0
738.539846	0	0
738.580851	0	0
738.630856	0	0
738.680861	0	0
738.730866	0	0
738.780871	0	0
738.830876	0	0
738.895882	0	0
738.930886	0	0
739.026896	0	0
739.070899	0	0
739.088902	0	0
739.170910	0	0
739.180911	0	0
739.230916	0	0
739.316924	0	0
739.334926	0	0
739.419935	0	0
739.433936	0	0
739.523945	0	0
739.530946	0	0
739.665959	0	0
739.680961	0	0
739.730966	0	0
739.806973	0	0
739.830976	0	0
739.880980	0	0
739.930986	0	0
739.980991	0	0
740.030996	0	0
740.081001	0	0
740.131006	0	0
740.181011	0	0
740.231016	0	0
740.281021	0	0
740.331026	0	0
740.389031	0	0
740.431036	0	0
740.500042	0	0
740.531046	0	0
740.581051	0	0
740.631056	0	0
740.681061	0	0
740.752068	0	0
740.786071	0	0
740.831076	0	0
740.881081	0	0
740.931086	0	0
740.986091	0	0
741.031096	0	0
741.081101	0	0
741.131106	0	0
741.195112	0	0
741.257118	0	0
741.281121	0	0
741.331126	0	0
741.381131	0	0
741.443137	0	0
741.481141	0	0
741.531146	0	0
741.581151	0	0
741.631155	0	0
741.693162	0	0
741.754168	0	0
741.781171	0	0
741.831176	0	0
741.881181	0	0
741.931186	0	0
741.995192	0	0
742.031196	0	0
742.104203	0	0
742.131206	0	0
742.210214	0	0
742.258218	0	0
742.281221	0	0
742.331226	0	0
742.381231	0	0
742.440237	0	0
742.481241	0	0
742.531246	0	0
742.581251	0	0
742.631256	0	0
742.681261	0	0
742.731266	0	0
742.839276	0	0
742.908283	0	0
742.935286	0	0
743.001293	0	0
743.031296	0	0
743.133306	0	0
743.213314	0	0
743.230316	0	0
743.280321	0	0
743.330326	0	0
743.380331	0	0
743.430336	0	0
743.480340	0	0
743.538346	0	0
743.580350	0	0
743.641357	0	0
743.698362	0	0
743.730366	0	0
743.782371	0	0
743.830376	0	0
743.894382	0	0
743.956388	0	0
743.980391	0	0
744.030396	0	0
744.095402	0	0
744.130405	0	0
744.180410	0	0
744.241417	0	0
744.280421	0	0
744.330426	0	0
744.380431	0	0
744.430436	0	0
744.480441	0	0
744.530446	0	0
744.611454	0	0
744.630455	0	0
744.680460	0	0
744.730465	0	0
744.780471	0	0
744.840477	0	0
744.880481	0	0
744.930486	0	0
744.988492	0	0
745.030496	0	0
745.088501	0	0
745.130506	0	0
745.180511	0	0
745.230515	0	0
745.280520	0	0
745.345527	0	0
745.385531	0	0
745.445537	0	0
745.480541	0	0
745.530546	0	0
745.580551	0	0
745.630556	0	0
745.730566	0	0
745.784571	0	0
745.830575	0	0
745.880580	0	0
745.930585	0	0
745.995592	0	0
746.030596	0	0
746.084601	0	0
746.130606	0	0
746.180611	0	0
746.230616	0	0
746.280621	0	0
746.346627	0	0
746.385631	0	0
746.430635	0	0
746.480640	0	0
746.530646	0	0
746.580651	0	0
746.643657	0	0
746.680661	0	0
746.730666	0	0
746.805673	0	0
746.830676	0	0
746.937686	0	0
746.980690	0	0
747.033696	0	0
747.089702	0	0
747.130706	0	0
747.180711	0	0
747.230716	0	0
747.292722	0	0
747.392732	0	0
747.430736	0	0
747.487741	0	0
747.545747	0	0
747.580750	0	0
747.630755	0	0
747.680760	0	0
747.730766	0	0
747.780771	0	0
747.830776	0	0
747.880781	0	0
747.930786	0	0
747.980791	0	0
748.030796	0	0
748.080801	0	0
748.147807	0	0
748.180810	0	0
748.230815	0	0
748.300823	0	0
748.362829	0	0
748.380831	0	0
748.430836	0	0
748.492842	0	0
748.551848	0	0
748.587852	0	0
748.630856	0	0
748.680861	0	0
748.730865	0	0
748.838876	0	0
748.906883	0	0
748.930886	0	0
748.985891	0	0
749.030896	0	0
749.087901	0	0
749.130906	0	0
749.180911	0	0
749.239916	0	0
749.280921	0	0
749.330925	0	0
749.380930	0	0
749.430936	0	0
749.480941	0	0
749.530946	0	0
749.593952	0	0
749.656958	0	0
749.680961	0	0
749.747967	0	0
749.780971	0	0
749.844977	0	0
749.880980	0	0
749.930985	0	0
749.992992	0	0
750.030996	0	0
750.081001	0	0
750.131006	0	0
750.181011	0	0
750.231016	0	0
750.281021	0	0
750.331026	0	0
750.381031	0	0
750.431036	0	0
750.481040	0	0
750.531045	0	0
750.593052	0	0
750.656058	0	0
750.681061	0	0
750.733066	0	0
750.792072	0	0
750.831076	0	0
750.881081	0	0
750.931086	0	0
750.986091	0	0
751.044097	0	0
751.081100	0	0
751.143107	0	0
751.181111	0	0
751.231116	0	0
751.292122	0	0
751.331126	0	0
751.399132	0	0
751.457138	0	0
751.481141	0	0
751.543147	0	0
751.581151	0	0
751.631155	0	0
751.681160	0	0
751.731165	0	0
751.786171	0	0
751.844177	0	0
751.881181	0	0
751.931186	0	0
751.988191	0	0
752.031196	0	0
752.081201	0	0
752.140206	0	0
752.181211	0	0
752.231215	0	0
752.281220	0	0
752.334226	0	0
752.381231	0	0
752.431236	0	0
752.492242	0	0
752.551248	0	0
752.581251	0	0
752.631256	0	0
752.681261	0	0
752.731266	0	0
752.781271	0	0
752.831275	0	0
752.881280	0	0
752.931286	0	0
752.987291	0	0
753.031296	0	0
753.081301	0	0
753.140306	0	0
753.181311	0	0
753.231316	0	0
753.284321	0	0
753.331326	0	0
753.390332	0	0
753.431335	0	0
753.530345	0	0
753.539346	0	0
753.672360	0	0
753.681361	0	0
753.731366	0	0
753.837376	0	0
753.881381	0	0
753.931386	0	0
753.981390	0	0
754.031395	0	0
754.081400	0	0
754.131406	0	0
754.185411	0	0
754.231416	0	0
754.281421	0	0
754.331426	0	0
754.381431	0	0
754.431436	0	0
754.493442	0	0
754.552448	0	0
754.581450	0	0
754.631455	0	0
754.692461	0	0
754.731466	0	0
754.799472	0	0
754.834476	0	0
754.881481	0	0
754.931486	0	0
754.981491	0	0
755.034496	0	0
755.081501	0	0
755.131505	0	0
755.181510	0	0
755.243517	0	0
755.303523	0	0
755.331526	0	0
755.381531	0	0
755.431536	0	0
755.504543	0	0
755.540546	0	0
755.581551	0	0
755.631556	0	0
755.681561	0	0
755.733566	0	0
755.803573	0	0
755.831575	0	0
755.881581	0	0
755.931586	0	0
756.000593	0	0
756.061599	0	0
756.081601	0	0
756.158608	0	0
756.217614	0	0
756.277620	0	0
756.325625	0	0
756.339626	0	0
756.415634	0	0
756.431636	0	0
756.543647	0	0
756.581651	0	0
756.643657	0	0
756.681661	0	0
756.731666	0	0
756.781671	0	0
756.831676	0	0
756.892682	0	0
756.956688	0	0
756.981690	0	0
757.031696	0	0
757.081701	0	0
757.144707	0	0
757.214714	0	0
757.231716	0	0
757.289721	0	0
757.331726	0	0
757.381731	0	0
757.431736	0	0
757.522745	0	0
757.581750	0	0
757.631756	0	0
757.697762	0	0
757.749767	0	0
757.781771	0	0
757.831776	0	0
757.881781	0	0
757.931786	0	0
758.007793	0	0
758.031796	0	0
758.081800	0	0
758.148808	0	0
758.181811	0	0
758.231816	0	0
758.281821	0	0
758.331826	0	0
758.381831	0	0
758.431836	0	0
758.481841	0	0
758.531846	0	0
758.581851	0	0
758.631855	0	0
758.693862	0	0
758.731865	0	0
758.781871	0	0
758.831876	0	0
758.893882	0	0
758.931886	0	0
759.002892	0	0
759.031896	0	0
759.114904	0	0
759.173910	0	0
759.188911	0	0
759.231915	0	0
759.282921	0	0
759.331925	0	0
759.406933	0	0
759.445937	0	0
759.481941	0	0
759.531946	0	0
759.581951	0	0
759.631956	0	0
759.681961	0	0
759.781971	0	0
759.835976	0	0
759.881980	0	0
759.931986	0	0
759.981991	0	0
760.044997	0	0
760.082001	0	0
760.132006	0	0
760.182011	0	0
760.232016	0	0
760.282021	0	0
760.332026	0	0
760.408033	0	0
760.447037	0	0
760.482040	0	0
760.532046	0	0
760.582051	0	0
760.632056	0	0
760.709064	0	0
760.736066	0	0
760.781071	0	0
760.852077	0	0
760.881081	0	0
760.947087	0	0
760.981091	0	0
761.034096	0	0
761.081100	0	0
761.131105	0	0
761.181110	0	0
761.231115	0	0
761.293122	0	0
761.394132	0	0
761.431136	0	0
761.481141	0	0
761.539146	0	0
761.603153	0	0
761.631155	0	0
761.681160	0	0
761.731165	0	0
761.781170	0	0
761.831175	0	0
761.881180	0	0
761.931186	0	0
761.981191	0	0
762.031196	0	0
762.081201	0	0
762.150208	0	0
762.181211	0	0
762.231215	0	0
762.338226	0	0
762.403233	0	0
762.431235	0	0
762.481241	0	0
762.531246	0	0
762.590251	0	0
762.631256	0	0
762.681261	0	0
762.731266	0	0
762.781271	0	0
762.834276	0	0
762.909283	0	0
762.948287	0	0
762.981290	0	0
763.031295	0	0
763.094302	0	0
763.131306	0	0
763.195312	0	0
763.257318	0	0
763.281321	0	0
763.331326	0	48
763.381330	0	128
763.431335	0	128
763.492342	0	128
763.531345	0	0
763.601353	0	0
763.662359	0	0
763.681361	0	0
763.732366	0	0
763.781371	0	0
763.846377	0	0
763.881381	0	0
763.931386	0	0
763.981390	0	0
764.031395	0	0
764.093402	0	0
764.157408	0	0
764.221415	0	0
764.236416	0	0
764.311423	0	0
764.337426	0	0
764.412434	0	0
764.450438	0	0
764.502443	0	0
764.560449	0	0
764.581450	0	0
764.660459	0	0
764.681460	0	0
764.739466	0	0
764.798472	0	0
764.831476	0	0
764.881481	0	0
764.943487	0	0
764.981491	0	0
765.043497	0	0
765.081501	0	0
765.146507	0	0
765.181510	0	0
765.231515	0	0
765.281520	0	0
765.331525	0	0
765.381530	0	0
765.441536	0	0
765.481541	0	0
765.534546	0	0
765.581551	0	0
765.631556	0	0
765.681561	0	0
765.731565	0	0
765.781570	0	0
765.839576	0	0
765.881580	0	0
765.931585	0	0
765.987591	0	0
766.031596	0	0
766.093602	0	0
766.131606	0	0
766.187611	0	0
766.231616	0	0
766.281621	0	0
766.338626	0	0
766.381630	0	0
766.431635	0	0
766.481640	0	0
766.531645	0	0
766.581651	0	0
766.631656	0	0
766.681661	0	0
766.731666	0	0
766.781671	0	0
766.831676	0	0
766.881680	0	0
766.947687	0	0
766.981690	0	0
767.031695	0	0
767.091702	0	0
767.152708	0	0
767.181711	0	0
767.231716	0	0
767.299722	0	0
767.336726	0	0
767.381731	0	0
767.431736	0	0
767.500742	0	0
767.531745	0	0
767.633756	0	0
767.686761	0	0
767.731766	0	0
767.800772	0	0
767.831776	0	0
767.881781	0	0
767.931786	0	0
767.981791	0	0
768.031796	0	0
768.084801	0	0
768.131805	0	0
768.181810	0	0
768.240817	0	0
768.281820	0	0
768.331826	0	0
768.381831	0	0
768.431836	0	0
768.502842	0	0
768.531846	0	0
768.581851	0	0
768.631855	0	0
768.681860	0	0
768.741867	0	0
768.781870	0	0
768.831875	0	0
768.894882	0	0
768.931886	0	0
768.982891	0	0
769.049897	0	0
769.081901	0	0
769.131906	0	0
769.200912	0	0
769.259918	0	0
769.281920	0	0
769.331925	0	0
769.381930	0	0
769.442936	0	0
769.481941	0	0
769.531946	0	0
769.581951	0	0
769.631956	0	0
769.697962	0	0
769.758968	0	0
769.781971	0	0
769.831975	0	0
769.883981	0	0
769.931985	0	0
770.002993	0	0
770.031995	0	0
770.111003	0	0
770.137006	0	0
770.182011	0	0
770.232016	0	0
770.282021	0	0
770.332026	0	0
770.382030	0	0
770.442037	0	0
770.482040	0	0
770.532045	0	0
770.593051	0	0
770.632056	0	0
770.682061	0	0
770.732066	0	0
770.807073	0	0
770.870080	0	0
770.892082	0	0
770.932086	0	0
771.013093	0	0
771.039096	0	0
771.114104	0	0
771.141107	0	0
771.182110	0	0
771.232116	0	0
771.282121	0	0
771.332126	0	0
771.382131	0	0
771.432136	0	0
771.482141	0	0
771.541146	0	0
771.596152	0	0
771.632155	0	0
771.689161	0	0
771.732165	0	0
771.782170	0	0
771.832176	0	0
771.882181	0	0
771.932186	0	0
772.007193	0	0
772.032196	0	0
772.089201	0	0
772.154208	0	0
772.182210	0	0
772.246217	0	0
772.282220	0	0
772.332225	0	0
772.383231	0	0
772.432236	0	0
772.515244	0	0
772.532246	0	0
772.594252	0	0
772.654258	0	0
772.701262	0	0
772.770269	0	0
772.824275	0	0
772.876280	0	0
772.890281	0	0
772.932285	0	0
773.011293	0	0
773.037296	0	0
773.082301	0	0
773.132306	0	0
773.182311	0	0
773.247317	0	0
773.284321	0	0
773.344326	0	0
773.407333	0	0
773.432335	0	0
773.497342	0	0
773.532345	0	0
773.647357	0	0
773.734366	0	0
773.783370	0	0
773.832376	0	0
773.882380	0	0
773.936386	0	0
773.982390	0	0
774.032395	0	0
774.082400	0	0
774.132406	0	0
774.182411	0	0
774.232416	0	0
774.282421	0	0
774.342426	0	0
774.382431	0	0
774.432436	0	0
774.482440	0	0
774.532445	0	0
774.640456	0	0
774.682460	0	0
774.745467	0	0
774.782471	0	0
774.832476	0	0
774.943487	0	0
774.982491	0	0
775.036496	0	0
775.082500	0	0
775.132505	0	0
775.196512	0	0
775.232515	0	0
775.336526	0	0
775.443537	0	0
775.482541	0	0
775.532546	0	0
775.591551	0	0
775.632555	0	0
775.682560	0	0
775.732565	0	0
775.792572	0	0
775.832575	0	0
775.882581	0	0
775.932586	0	0
775.982591	0	0
776.032596	0	0
776.133605	0	0
776.194612	0	0
776.262619	0	0
776.282620	0	0
776.341627	0	0
776.401632	0	0
776.462638	0	0
776.482641	0	0
776.532646	0	0
776.602653	0	0
776.662659	0	0
776.698662	0	0
776.732666	0	0
776.787671	0	0
776.832675	0	0
776.903683	0	0
776.932685	0	0
776.989691	0	0
777.032695	0	0
777.082701	0	0
777.136706	0	0
777.182711	0	0
777.232716	0	0
777.301723	0	0
777.361728	0	0
777.408733	0	0
777.432735	0	0
777.482740	0	0
777.532745	0	0
777.582750	0	0
777.646757	0	0
777.707763	0	0
777.732766	0	0
777.782771	0	0
777.832776	0	0
777.897782	0	0
777.932786	0	0
777.986791	0	0
778.032795	0	0
778.082800	0	0
778.131805	0	0
778.238816	0	0
778.281820	0	0
778.331825	0	0
778.381830	0	0
778.431836	0	0
778.481841	0	0
778.531846	0	0
778.591851	0	0
778.650857	0	0
778.681860	0	0
778.745867	0	0
778.781870	0	0
778.831875	0	0
778.891881	0	0
778.931885	0	0
778.988891	0	0
779.050897	0	0
779.094902	0	0
779.155908	0	0
779.181911	0	0
779.250917	0	0
779.281920	0	0
779.331925	0	0
779.394932	0	0
779.431935	0	0
779.535946	0	0
779.601953	0	0
779.631956	0	0
779.728965	0	0
779.744967	0	0
779.781971	0	0
779.831975	0	0
779.881980	0	0
779.946987	0	0
780.005993	0	0
780.031995	0	0
780.082000	0	0
780.132005	0	0
780.185011	0	0
780.245017	0	0
780.282021	0	0
780.332026	0	0
780.382030	0	0
780.432035	0	0
780.489041	0	0
780.532045	0	0
780.582050	0	0
780.632055	0	0
780.682060	0	0
780.732065	0	0
780.782071	0	0
780.832076	0	0
780.882081	0	0
780.932086	0	0
780.982090	0	0
781.032095	0	0
781.098102	0	0
781.155107	0	0
781.198112	0	0
781.232115	0	0
781.304122	0	0
781.332125	0	0
781.382131	0	0
781.448137	0	0
781.485141	0	0
781.541146	0	0
781.582150	0	0
781.645157	0	0
781.682160	0	0
781.746167	0	0
781.782170	0	0
781.832175	0	0
781.914184	0	0
781.932186	0	0
781.989191	0	0
782.032196	0	0
782.082201	0	0
782.132205	0	0
782.182210	0	0
782.232215	0	0
782.282220	0	0
782.332225	0	0
782.382230	0	0
782.432235	0	0
782.482240	0	0
782.532246	0	0
782.595252	0	0
782.632256	0	0
782.682261	0	0
782.732265	0	0
782.782270	0	0
782.841276	0	0
782.883281	0	0
782.932285	0	0
782.982290	0	0
783.032295	0	0
783.082300	0	0
783.132306	0	0
783.182311	0	0
783.232316	0	0
783.341326	0	0
783.408333	0	0
783.432335	0	0
783.482340	0	0
783.532345	0	0
783.597352	0	0
783.634356	0	0
783.682361	0	0
783.732366	0	0
783.782371	0	0
783.834376	0	0
783.909383	0	0
783.932385	0	0
783.982390	0	0
784.032395	0	0
784.082400	0	0
784.147407	0	0
784.182410	0	0
784.244417	0	0
784.282421	0	0
784.332426	0	0
784.382431	0	0
784.432436	0	0
784.482440	0	0
784.532445	0	0
784.594451	0	0
784.632455	0	0
784.682460	0	0
784.741467	0	0
784.783471	0	0
784.832475	0	0
784.882481	0	0
784.944487	0	0
785.008493	0	0
785.032495	0	0
785.082500	0	0
785.136506	0	0
785.206513	0	0
785.270519	0	0
785.316524	0	0
785.332525	0	0
785.382530	0	0
785.432536	0	0
785.482541	0	0
785.532546	0	0
785.604553	0	0
785.632555	0	0
785.713563	0	0
785.766569	0	0
785.782570	0	0
785.832575	0	0
785.885581	0	0
785.932585	0	0
785.995592	0	0
786.032596	0	0
786.086601	0	0
786.151608	0	0
786.182611	0	0
786.232615	0	0
786.292622	0	0
786.332625	0	0
786.385631	0	0
786.432635	0	0
786.482640	0	0
786.532645	0	0
786.582650	0	0
786.632656	0	0
786.682661	0	0
786.732666	0	0
786.782670	0	0
786.832675	0	0
786.941686	0	0
786.982690	0	0
787.032695	0	0
787.082700	0	0
787.132705	0	0
787.192711	0	0
787.232716	0	0
787.282721	0	0
787.332726	0	0
787.382730	0	0
787.448737	0	-65
787.485741	0	-65
787.544746	0	-137
787.603753	0	-193
787.632755	0	-317
787.682760	0	-433
787.732765	0	-621
787.782771	0	-665
787.832776	0	-665
787.882781	0	-665
787.932786	0	-781
788.007793	0	-1113
788.051797	0	-1577
788.082800	717	-1777
788.156808	825	-1989
788.182810	825	-2085
788.232815	917	-2241
788.282820	1041	-2349
788.338826	1241	-2481
788.382831	1253	-2493
788.432836	1309	-2493
788.482841	1369	-2509
788.543847	1429	-2509
788.582850	1481	-2509
788.645857	1733	-2509
788.682860	1849	-2509
788.732865	2061	-2509
788.782870	2141	-2509
788.832875	2313	-2509
788.882880	2473	-2509
788.932886	2925	-2509
788.982891	3193	-2509
789.032896	3437	-2509
789.082901	3621	-2509
789.132905	3705	-2509
789.211913	3765	-2509
789.232915	3857	-2509
789.287921	3977	-2509
789.332925	3981	-2509
789.394932	3981	-2509
789.434936	3981	-2509
789.482940	3981	-2509
789.532946	3981	-2509
789.630955	3981	-2509
789.644957	3981	-2393
789.692961	4077	-2389
789.737966	4077	-2349
789.808973	4109	-2265
789.873980	4129	-2121
789.882980	4169	-2049
789.932985	4177	-2033
790.041996	4277	-2033
790.083000	4349	-2033
790.133006	4553	-2025
790.183011	4653	-2025
790.246017	4797	-1957
790.283020	4901	-1957
790.333025	4941	-1957
790.383030	4945	-1957
790.436036	4957	-1933
790.483040	4993	-1929
790.533045	5021	-1885
790.583050	5081	-1853
790.633055	5181	-1853
790.683061	5249	-1853
790.733066	5333	-1853
790.783071	5341	-1777
790.842076	5381	-1777
790.904082	5381	-1733
790.933085	5381	-1725
791.014093	5381	-1649
791.078100	5385	-1649
791.084101	5389	-1649
791.156108	5429	-1553
791.183110	5478	-1533
791.233115	5534	-1533
791.283121	5542	-1533
791.333126	5606	-1533
791.383131	5670	-1505
791.433136	5822	-1461
791.483140	5942	-1449
791.533145	5950	-1421
791.589151	5950	-1417
791.647157	5950	-1417
791.716164	5950	-1417
791.733165	5950	-1417
791.809173	5950	-1417
791.833176	5950	-1417
791.885180	5950	-1417
791.933186	5950	-1417
791.983191	5950	-1417
792.033195	5950	-1417
792.096202	5950	-1417
792.133205	5950	-1417
792.183210	5950	-1417
792.233215	5950	-1417
792.283220	5950	-1417
792.342227	5950	-1417
792.383230	5950	-1417
792.436236	5950	-1417
792.483241	5950	-1417
792.533246	5950	-1417
792.583251	5950	-1417
792.633255	5950	-1417
792.713264	5950	-1417
792.761268	5950	-1417
792.806273	5950	-1417
792.849277	5950	-1417
792.915284	5950	-1417
792.933285	5950	-1417
792.983290	5950	-1417
793.033296	5950	-1417
793.092301	5950	-1417
793.133306	5950	-1417
793.204312	5950	-1417
793.263319	5950	-1417
793.307323	5950	-1417
793.333325	5950	-1417
793.477340	5950	-1417
793.483340	5950	-1417
793.533345	5950	-1417
793.583351	5950	-1417
793.650357	5950	-1417
793.699362	5950	-1417
793.733366	5950	-1417
793.838376	5950	-1417
793.883380	5950	-1417
793.933385	5950	-1417
793.983390	5950	-1417
794.033395	5950	-1417
794.083400	5950	-1417
794.133405	5950	-1417
794.208413	5950	-1417
794.233416	5950	-1417
794.284420	5950	-1417
794.333426	5950	-1417
794.383430	5950	-1417
794.433435	5950	-1417
794.488441	5950	-1417
794.533445	5950	-1417
794.583450	5950	-1417
794.633455	5950	-1417
794.746467	5950	-1417
794.847477	5950	-1413
794.883481	5950	-1413
794.933486	5950	-1413
795.037496	5950	-1413
795.083500	5950	-1413
795.133505	5950	-1413
795.183510	5950	-1413
795.243516	5950	-1413
795.283520	5950	-1413
795.333526	5950	-1413
795.383531	5950	-1413
795.433536	5950	-1413
795.512543	5950	-1413
795.539546	5950	-1413
795.583550	5950	-1413
795.653557	5950	-1413
795.682560	5950	-1413
795.732565	5950	-1413
795.797572	5950	-1413
795.834576	5950	-1413
795.882580	5950	-1413
795.932585	5950	-1413
795.982590	5950	-1413
796.041596	5950	-1413
796.082600	5950	-1413
796.132606	5950	-1413
796.187611	5950	-1413
796.250617	5950	-1413
796.282620	5950	-1413
796.345627	5950	-1413
796.382630	5950	-1413
796.432635	5950	-1413
796.482640	5950	-1413
796.532645	5950	-1413
796.582650	5950	-1413
796.647657	5950	-1413
796.708663	5950	-1413
796.768669	5950	-1413
796.782670	5950	-1413
796.864678	5950	-1413
796.924685	5950	-1413
796.987691	5950	-1413
797.032695	5950	-1413
797.082700	5950	-1413
797.148707	5950	-1413
797.212713	5950	-1413
797.256718	5950	-1413
797.282720	5950	-1413
797.332726	5950	-1413
797.382730	5950	-1409
797.432735	5950	-1209
797.482740	6010	-989
797.544746	6154	-929
797.596752	6426	-929
797.632755	6734	-729
797.695762	7026	-389
797.732765	7254	-113
797.803772	7454	36
797.832775	7566	116
797.882781	7770	344
797.944787	8022	584
797.982790	8118	648
798.032795	8350	956
798.082800	8506	1096
798.132805	8674	1208
798.182810	8794	1280
798.232815	9050	1384
798.330825	9366	1508
798.346827	9502	1588
798.390831	9614	1616
798.437836	9614	1616
798.542846	9614	1616
798.604853	9642	1616
798.632855	9650	1616
798.682860	9650	1644
798.732865	9650	1704
798.782870	9650	1704
798.841876	9650	1704
798.882880	9650	1704
798.932885	9650	1704
798.982890	9650	1704
799.047897	9650	1704
799.084900	9650	1704
799.132905	9630	1704
799.182910	9486	1704
799.232915	9326	1688
799.282920	9266	1676
799.332925	9170	1572
799.382930	9114	1508
799.432935	8986	1492
799.482940	8894	1492
799.535945	8806	1400
799.592951	8770	1400
799.632956	8738	1400
799.703962	8686	1400
799.732965	8650	1400
799.782970	8630	1400
799.832975	8630	1400
799.931985	8598	1392
799.982990	8598	1392
800.032995	8586	1392
800.083000	8570	1392
800.148007	8526	1392
800.183010	8526	1392
800.246017	8526	1392
800.283020	8526	1392
800.345026	8526	1392
800.383030	8526	1392
800.433035	8526	1392
800.483040	8526	1392
800.533045	8526	1392
800.583050	8526	1392
800.633055	8526	1392
800.690061	8526	1392
800.733065	8526	1392
800.796072	8526	1392
800.833076	8526	1392
800.883080	8526	1392
800.933085	8526	1392
800.987091	8526	1392
801.033095	8526	1392
801.083100	8526	1392
801.133105	8526	1392
801.183110	8526	1384
801.233115	8526	1384
801.302122	8526	1384
801.333125	8526	1384
801.411133	8526	1380
801.471139	8526	1380
801.483140	8526	1368
801.533145	8526	1368
801.613153	8526	1368
801.652157	8526	1368
801.683160	8526	1364
801.733165	8510	1364
801.790171	8510	1364
801.852177	8510	1348
801.883180	8510	1340
801.933185	8510	1336
801.983191	8510	1300
802.036196	8510	1300
802.083200	8510	1300
802.133205	8510	1300
802.194211	8506	1300
802.233215	8506	1300
802.283220	8506	1296
802.333225	8506	1296
802.383230	8506	1284
802.443236	8506	1284
802.483240	8506	1268
802.533245	8506	1268
802.583251	8506	1268
802.633255	8506	1268
802.683260	8506	1268
802.733265	8506	1268
802.783270	8506	1268
802.833275	8506	1256
802.883280	8506	1256
802.933285	8506	1252
802.983290	8494	1252
803.033295	8478	1252
803.083300	8478	1252
803.133306	8478	1252
803.183311	8478	1252
803.233315	8478	1252
803.283320	8478	1252
803.333325	8478	1252
803.383330	8474	1252
803.433335	8474	1252
803.483340	8474	1252
803.533345	8474	1252
803.583350	8474	1252
803.633355	8446	1252
803.683360	8446	1252
803.733366	8446	1252
803.783370	8446	1252
803.833375	8446	1252
803.883380	8442	1252
803.933385	8442	1252
803.983390	8434	1252
804.033395	8434	1252
804.083400	8430	1252
804.133405	8430	1252
804.183410	8430	1252
804.233415	8426	1252
804.283420	8426	1252
804.333426	8426	1252
804.383430	8414	1252
804.433435	8414	1252
804.483440	8414	1252
804.533445	8414	1252
804.583450	8414	1252
804.633455	8414	1252
804.683460	8414	1252
804.733465	8414	1252
804.783470	8414	1252
804.833475	8414	1252
804.883481	8414	1252
804.933486	8414	1252
804.983490	8414	1252
805.033495	8402	1252
805.083500	8402	1252
805.133505	8374	1252
805.185511	8374	1252
805.233515	8366	1252
805.283520	8366	1252
805.333525	8346	1252
805.383530	8346	1252
805.433535	8334	1252
805.483541	8334	1252
805.533545	8314	1252
805.583550	8314	1252
805.633555	8314	1252
805.683560	8302	1252
805.733565	8302	1252
805.783570	8302	1252
805.833575	8290	1252
805.883580	8290	1252
805.933585	8290	1252
805.983590	8290	1252
806.033595	8290	1252
806.083601	8290	1252
806.133605	8290	1252
806.183610	8290	1252
806.233615	8290	1252
806.283620	8290	1252
806.333625	8290	1252
806.385631	8290	1252
806.433635	8290	1252
806.483640	8290	1252
806.533645	8290	1252
806.583650	8290	1252
806.633656	8290	1252
806.683661	8286	1252
806.733665	8286	1252
806.783670	8286	1252
806.833675	8286	1252
806.883680	8286	1252
806.933685	8286	1252
806.983690	8286	1252
807.033695	8258	1252
807.083700	8242	1252
807.133705	8242	1252
807.183710	8242	1252
807.233716	8242	1252
807.283720	8242	1252
807.333725	8242	1252
807.383730	8242	1252
807.433735	8242	1252
807.483740	8242	1252
807.533745	8242	1252
807.583750	8242	1252
807.633755	8242	1252
807.683760	8242	1252
807.733765	8242	1252
807.783770	8242	1252
807.833776	8210	1252
807.883780	8210	1252
807.933785	8210	1252
807.983790	8202	1252
808.033795	8202	1252
808.083800	8190	1252
808.133805	8174	1252
808.183810	8174	1252
808.233815	8166	1252
808.283820	8166	1252
808.333825	8166	1252
808.383831	8166	1252
808.433836	8166	1252
808.483840	8166	1252
808.533845	8166	1252
808.583850	8166	1252
808.633855	8166	1252
808.683860	8166	1252
808.733865	8166	1252
808.783870	8166	1252
808.833875	8166	1252
808.883880	8166	1252
808.933885	8166	1252
808.983891	8166	1252
809.033895	8166	1252
809.083900	8166	1252
809.133905	8166	1252
809.183910	8166	1252
809.233915	8166	1252
809.283920	8166	1252
809.333925	8166	1252
809.384931	8166	1252
809.433935	8166	1252
809.483940	8166	1252
809.533945	8166	1252
809.583951	8166	1252
809.633955	8166	1252
809.683960	8166	1252
809.733965	8166	1252
809.783970	8166	1252
809.833975	8166	1252
809.883980	8166	1252
809.933985	8166	1252
809.983990	8166	1252
810.033995	8166	1252
810.084000	8166	1252
810.134006	8166	1252
810.184011	8166	1252
810.234015	8166	1252
810.284020	8166	1252
810.334025	8166	1252
810.384030	8166	1252
810.434035	8166	1252
810.484040	8166	1252
810.534045	8166	1252
810.584050	8166	1252
810.634055	8166	1252
810.684060	8166	1252
810.734066	8166	1252
810.784070	8166	1252
810.834075	8166	1252
810.884080	8166	1252
810.934085	8166	1252
810.984090	8166	1252
811.034095	8166	1252
811.084100	8166	1252
811.134105	8166	1252
811.184110	8166	1252
811.234115	8166	1252
811.284121	8166	1252
811.334126	8166	1252
811.384130	8166	1252
811.434135	8166	1252
811.484140	8166	1252
811.534145	8166	1252
811.584150	8166	1252
811.634155	8166	1252
811.684160	8166	1252
811.734165	8166	1252
811.784170	8162	1252
811.834175	8162	1252
811.884181	8162	1252
811.934186	8162	1252
811.984190	8162	1252
812.034195	8162	1252
812.084200	8162	1252
812.134205	8162	1252
812.184210	8162	1252
812.234215	8162	1252
812.284220	8162	1252
812.334225	8162	1252
812.385231	8158	1252
812.434235	8158	1252
812.484241	8158	1252
812.534245	8158	1252
812.584250	8158	1252
812.634255	8158	1252
812.684260	8158	1252
812.734265	8158	1252
812.784270	8158	1252
812.834275	8158	1252
812.884280	8158	1252
812.934285	8158	1252
812.984290	8158	1252
813.034296	8158	1252
813.084301	8146	1252
813.133305	8142	1252
813.183310	8142	1252
813.233315	8126	1252
813.283320	8126	1252
813.333325	8114	1252
813.383330	8110	1252
813.433335	8098	1252
813.483340	8070	1252
813.533345	8070	1252
813.583350	8066	1252
813.633355	8066	1252
813.683360	8066	1252
813.733365	8046	1252
813.783370	8046	1252
813.833375	8022	1252
813.885380	8018	1252
813.933385	7982	1252
813.983390	7958	1252
814.033395	7942	1252
814.083400	7930	1252
814.133405	7918	1252
814.185410	7902	1252
814.233415	7882	1252
814.283420	7858	1252
814.333425	7798	1252
814.383430	7786	1252
814.433435	7754	1252
814.483440	7678	1252
814.533445	7542	1252
814.583450	7398	1252
814.633455	7194	1252
814.683460	6954	1252
814.733465	6822	1252
814.783470	6822	1252
814.833475	6822	1252
814.883480	6822	1252
814.933485	6822	1252
814.983490	6822	1252
815.033495	6822	1252
815.084500	6822	1252
815.133505	6822	1252
815.183510	6822	1252
815.233515	6822	1252
815.283520	6822	1252
815.333525	6822	1252
815.383530	6822	1252
815.433535	6822	1252
815.483540	6822	1252
815.533545	6822	1252
815.583550	6822	1252
815.633555	6822	1252
815.683560	6822	1252
815.733565	6822	1252
815.783570	6822	1252
815.833575	6822	1252
815.883580	6822	1252
815.933585	6822	1252
815.983590	6822	1252
816.033595	6822	1252
816.083600	6822	1252
816.133605	6822	1252
816.183610	6822	1252
816.233615	6822	1252
816.283620	6822	1252
816.333625	6822	1252
816.383630	6822	1252
816.433635	6822	1252
816.483640	6822	1252
816.533645	6822	1252
816.583650	6822	1252
816.633655	6822	1252
816.683660	6822	1252
816.733665	6822	1252
816.783670	6822	1252
816.833675	6822	1252
816.883680	6822	1252
816.933685	6822	1252
816.983690	6822	1252
817.033695	6822	1252
817.083700	6822	1252
817.133705	6822	1252
817.183710	6822	1252
817.233715	6822	1252
817.283720	6822	1252
817.333725	6822	1252
817.383730	6822	1252
817.433735	6822	1252
817.483740	6822	1252
817.533745	6822	1252
817.583750	6822	1252
817.633755	6822	1252
817.683760	6822	1252
817.733765	6822	1252
817.783770	6822	1252
817.833775	6822	1252
817.883780	6822	1252
817.933785	6822	1252
817.983790	6822	1252
818.033795	6822	1252
818.083800	6822	1252
818.133805	6822	1252
818.183810	6822	1252
818.233815	6822	1252
818.283820	6822	1252
818.333825	6822	1252
818.383830	6822	1252
818.433835	6822	1252
818.483840	6822	1252
818.533845	6822	1252
818.583850	6822	1252
818.633855	6822	1252
818.683860	6822	1252
818.733865	6822	1252
818.783870	6822	1252
818.833875	6822	1252
818.883880	6822	1252
818.933885	6822	1252
818.983890	6822	1252
819.033895	6822	1252
819.083900	6822	1252
819.133905	6822	1252
819.183910	6822	1252
819.233915	6822	1252
819.283920	6822	1252
819.333925	6822	1252
819.383930	6822	1252
819.433935	6822	1252
819.483940	6822	1252
819.533945	6822	1252
819.583950	6822	1252
819.633955	6822	1252
819.683960	6822	1252
819.733965	6822	1252
819.783970	6822	1252
819.833975	6822	1252
819.883980	6822	1252
819.933985	6822	1252
819.983990	6822	1252
820.033995	6822	1252
820.084000	6822	1252
820.134005	6822	1252
820.184010	6822	1252
820.234015	6822	1252
820.284020	6822	1252
820.334025	6822	1252
820.384030	6822	1252
820.434035	6822	1252
820.484040	6822	1252
820.534045	6822	1252
820.584050	6822	1252
820.634055	6822	1252
820.684060	6822	1252
820.734065	6822	1252
820.784070	6822	1252
820.834075	6822	1252
820.884080	6822	1252
820.934085	6822	1252
820.984090	6822	1252
821.034095	6822	1252
821.084100	6822	1252
821.134105	6822	1252
821.184110	6822	1252
821.234115	6822	1252
821.284120	6822	1252
821.334125	6822	1252
821.385130	6822	1252
821.434135	6822	1252
821.484140	6822	1252
821.534145	6822	1252
821.584150	6822	1252
821.634155	6822	1252
821.684160	6822	1252
821.734165	6822	1252
821.784170	6822	1252
821.834175	6822	1252
821.884180	6822	1252
821.934185	6822	1252
821.984190	6822	1252
822.034195	6822	1232
822.084200	6822	1228
822.134205	6822	1208
822.184210	6822	1208
822.234215	6822	1208
822.284220	6822	1208
822.334225	6822	1208
822.384230	6822	1172
822.434235	6822	1156
822.484240	6822	1156
822.534245	6822	1152
822.584250	6822	1152
822.634255	6822	1152
822.684260	6822	1144
822.734265	6822	1144
822.784270	6822	1144
822.834275	6822	1144
822.886281	6822	1128
822.934285	6822	1128
822.984290	6822	1128
823.034295	6822	1128
823.084300	6822	1128
823.134305	6822	1128
823.184310	6822	1116
823.234315	6822	1116
823.284320	6822	1116
823.334325	6822	1112
823.384330	6822	1112
823.434335	6822	1112
823.484340	6822	1108
823.534345	6822	1096
823.584350	6822	1096
823.634355	6822	1096
823.684360	6822	1096
823.734365	6822	1096
823.784370	6822	1096
823.834375	6822	1096
823.884380	6822	1096
823.934385	6822	1096
823.984390	6822	1096
824.034395	6822	1096
824.084400	6822	1096
824.134405	6822	1096
824.184410	6822	1096
824.234415	6822	1096
824.284420	6822	1096
824.334425	6822	1096
824.384430	6822	1096
824.434435	6822	1096
824.484440	6822	1096
824.534445	6822	1096
824.584450	6822	1096
824.634455	6822	1096
824.684460	6822	1096
824.734465	6822	1096
824.784470	6822	1096
824.834475	6822	1096
824.884480	6822	1096
824.934485	6822	1096
824.984490	6822	1096
825.034495	6822	1096
825.084500	6822	1096
825.134505	6822	1096
825.184510	6822	1096
825.234515	6822	1096
825.284520	6822	1096
825.334525	6822	1096
825.384530	6822	1096
825.434535	6822	1096
825.484540	6822	1096
825.534545	6822	1096
825.585550	6822	1096
825.634555	6822	1096
825.684560	6822	1096
825.734565	6822	1096
825.784570	6822	1096
825.834575	6822	1096
825.884580	6822	1096
825.934585	6822	1096
825.984590	6822	1096
826.034595	6822	1096
826.084600	6822	1096
826.134605	6822	1096
826.184610	6822	1096
826.234615	6822	1096
826.284620	6822	1096
826.334625	6822	1096
826.384630	6822	1096
826.434635	6822	1096
826.484640	6822	1096
826.534645	6822	1096
826.584650	6822	1096
826.634655	6822	1096
826.684660	6822	1096
826.734665	6822	1096
826.784670	6822	1096
826.834675	6822	1096
826.884680	6822	1096
826.934685	6822	1096
826.984690	6822	1096
827.034695	6822	1096
827.084700	6822	1096
827.134705	6822	1096
827.184710	6822	1096
827.234715	6822	1096
827.284720	6822	1096
827.334725	6822	1096
827.384730	6822	1096
827.434735	6822	1096
827.484740	6822	1096
827.534745	6822	1096
827.584750	6822	1096
827.634755	6822	1096
827.684760	6822	1096
827.734765	6822	1096
827.784770	6822	1096
827.834775	6822	1096
827.884780	6822	1096
827.934785	6822	1096
827.984790	6822	1096
828.034795	6822	1096
828.084800	6822	1096
828.134805	6822	1096
828.184810	6822	1096
828.234815	6822	1096
828.284820	6822	1096
828.334825	6822	1096
828.384830	6822	1096
828.434835	6822	1096
828.484840	6822	1096
828.534845	6822	1096
828.584850	6822	1096
828.634855	6822	1096
828.684860	6822	1096
828.734865	6822	1096
828.784870	6822	1096
828.834875	6822	1096
828.884880	6822	1096
828.934885	6822	1096
828.984890	6822	1096
829.034895	6822	1096
829.084900	6822	1096
829.134905	6822	1096
829.184910	6822	1096
829.234915	6822	1096
829.284920	6822	1096
829.334925	6822	1096
829.384930	6822	1096
829.434935	6822	1096
829.484940	6822	1096
829.534945	6822	1096
829.584950	6822	1096
829.634955	6822	1096
829.684960	6822	1096
829.734965	6822	1096
829.784970	6822	1096
829.834975	6822	1096
829.884980	6822	1096
829.934985	6822	1096
829.984990	6822	1096
830.034995	6822	1096
830.085000	6822	1096
830.135005	6822	1096
830.185010	6822	1096
830.235015	6822	1096
830.285020	6822	1096
830.335025	6822	1096
830.385030	6822	1096
830.435035	6822	1096
830.485040	6822	1096
830.535045	6822	1096
830.584050	6822	1096
830.634055	6822	1096
830.684060	6822	1096
830.734065	6822	1096
830.784070	6822	1096
830.834075	6822	1096
830.884080	6822	1096
830.934085	6822	1096
830.984090	6822	1096
831.034095	6822	1096
831.084100	6822	1096
831.134105	6822	1096
831.184110	6822	1096
831.234115	6822	1096
831.284120	6822	1096
831.334125	6822	1096
831.384130	6822	1096
831.434135	6822	1096
831.484140	6822	1096
831.534145	6822	1096
831.584150	6822	1096
831.634155	6822	1096
831.684160	6822	1096
831.734165	6822	1096
831.784170	6822	1096
831.834175	6822	1096
831.884180	6822	1096
831.934185	6822	1096
831.984190	6822	1096
832.034195	6822	1096
832.084200	6822	1096
832.134205	6822	1096
832.184210	6822	1096
832.234215	6822	1096
832.284220	6822	1096
832.334225	6822	1096
832.384230	6822	1096
832.434235	6822	1096
832.484240	6822	1096
832.534245	6822	1096
832.584250	6822	1096
832.634255	6822	1096
832.684260	6822	1096
832.734265	6822	1096
832.784270	6822	1096
832.834275	6822	1096
832.884280	6822	1096
832.934285	6822	1096
832.984290	6822	1096
833.034295	6822	1096
833.084300	6822	1096
833.134305	6822	1096
833.184310	6822	1096
833.234315	6822	1096
833.284320	6822	1096
833.334325	6822	1096
833.386330	6822	1096
833.434335	6822	1096
833.484340	6822	1096
833.534345	6822	1096
833.584350	6822	1096
833.634355	6822	1096
833.684360	6822	1096
833.734365	6822	1096
833.784370	6822	1096
833.834375	6822	1096
833.884380	6822	1096
833.934385	6822	1096
833.984390	6822	1096
834.034395	6822	1096
834.084400	6822	1096
834.134405	6822	1096
834.184410	6822	1096
834.234415	6822	1096
834.284420	6822	1096
834.334425	6822	1096
834.384430	6822	1096
834.434435	6822	1096
834.484440	6822	1096
834.534445	6822	1096
834.584450	6822	1096
834.634455	6822	1096
834.684460	6822	1096
834.734465	6822	1096
834.784470	6822	1068
834.834475	6838	1028
834.884480	6854	1012
834.934485	6858	988
834.984490	6874	964
835.034495	6986	840
835.084500	7050	720
835.134505	7086	672
835.187510	7122	620
835.234515	7170	492
835.284520	7234	440
835.334525	7314	376
835.384530	7330	332
835.434535	7410	332
835.484540	7510	308
835.534545	7590	248
835.584550	7638	212
835.634555	7662	180
835.684560	7710	176
835.734565	7718	136
835.784570	7742	88
835.834575	7814	80
835.884580	7834	44
835.934585	7978	-53
835.984590	8050	-53
836.034595	8150	-53
836.084600	8310	-53
836.134605	8666	-53
836.184610	9122	-53
836.234615	9686	-53
836.284620	9698	-53
836.334625	9698	-53
836.384630	9698	-53
836.434635	9698	-53
836.484640	9698	-53
836.534645	9698	-53
836.584650	9698	-53
836.634655	9698	-53
836.684660	9698	-53
836.734665	9698	-53
836.784670	9698	-53
836.834675	9698	-53
836.884680	9698	-53
836.934685	9698	-53
836.984690	9698	-53
837.034695	9698	-1
837.084700	9698	248
837.134705	9698	340
837.184710	9698	384
837.234715	9698	432
837.284720	9698	432
837.334725	9698	444
837.384730	9698	456
837.434735	9698	472
837.484740	9698	492
837.534745	9698	492
837.584750	9698	492
837.634755	9698	492
837.684760	9698	492
837.734765	9698	572
837.784770	9698	720
837.834775	9562	896
837.884780	9506	956
837.934785	9466	976
837.984790	9438	976
838.034795	9422	976
838.084800	9422	976
838.134805	9422	976
838.184810	9422	976
838.234815	9422	976
838.284820	9422	976
838.334825	9422	976
838.384830	9422	976
838.434835	9422	976
838.484840	9418	976
838.534845	9402	976
838.584850	9402	976
838.634855	9390	976
838.684860	9390	976
838.734865	9390	976
838.784870	9390	976
838.834875	9390	976
838.884880	9390	976
838.934885	9390	976
838.984890	9390	976
839.034895	9390	976
839.084900	9390	976
839.134905	9390	976
839.184910	9390	976
839.234915	9390	976
839.284920	9386	976
839.334925	9386	976
839.384930	9382	976
839.434935	9378	976
839.484940	9346	976
839.534945	9346	976
839.584950	9346	976
839.634955	9346	976
839.684960	9314	976
839.734965	9314	976
839.784970	9314	976
839.834975	9270	976
839.884980	9262	976
839.934985	9186	976
839.984990	9142	976
840.034995	9102	976
840.085000	9102	976
840.135005	9102	976
840.185010	9102	976
840.235015	9094	976
840.285020	9094	976
840.335025	9094	976
840.385030	9094	976
840.435035	9094	976
840.485040	9094	976
840.535045	9094	976
840.585050	9094	976
840.635055	9094	976
840.685060	9094	976
840.735065	9094	976
840.785070	9094	976
840.835075	9094	976
840.885080	9094	976
840.935085	9094	976
840.985090	9094	976
841.035095	9094	976
841.085100	9094	976
841.135105	9094	976
841.187110	9094	976
841.235115	9094	976
841.285120	9094	976
841.335125	9094	976
841.385130	9094	976
841.435135	9094	976
841.485140	9094	976
841.535145	9094	976
841.585150	9094	976
841.635155	9094	976
841.685160	9094	976
841.735165	9094	976
841.785170	9094	976
841.835175	9094	976
841.885180	9094	976
841.935185	9094	976
841.985190	9094	976
842.035195	9094	976
842.085200	9094	976
842.135205	9094	976
842.185210	9094	976
842.235215	9094	976
842.285220	9094	976
842.335225	9094	976
842.385230	9094	976
842.435235	9094	976
842.485240	9094	976
842.535245	9094	976
842.585250	9094	976
842.635255	9094	976
842.685260	9094	976
842.735265	9094	976
842.785270	9094	976
842.835275	9094	976
842.885280	9094	976
842.935285	9094	976
842.985290	9094	976
843.035295	9094	976
843.085300	9094	976
843.135305	9094	976
843.185310	9094	976
843.235315	9094	976
843.285320	9094	976
843.335325	9094	976
843.385330	9094	976
843.435335	9094	976
843.485340	9094	976
843.535345	9078	976
843.585350	9078	976
843.635355	9078	976
843.685360	9078	976
843.735365	9066	976
843.785370	9066	976
843.835375	9066	976
843.887380	9066	976
843.935385	9058	976
843.985390	9058	976
844.035395	9058	972
844.085400	9058	968
844.135405	9058	952
844.185410	9058	944
844.235415	9058	932
844.285420	9058	932
844.335425	9058	932
844.385430	9058	932
844.435435	9058	932
844.485440	9058	932
844.535445	9058	932
844.585450	9058	932
844.635455	9058	928
844.685460	9058	928
844.735465	9058	928
844.785470	9058	928
844.835475	9058	920
844.885480	9058	920
844.935485	9058	916
844.985490	9058	916
845.035495	9046	908
845.085500	9046	908
845.135505	9046	908
845.185510	9038	908
845.235515	9038	908
845.285520	9038	908
845.335525	9030	908
845.386530	9030	908
845.435535	9030	908
845.485540	9030	908
845.535545	9030	908
845.585550	9030	908
845.635555	9030	908
845.685560	9030	908
845.735565	9030	908
845.785570	9030	908
845.835575	9030	908
845.885580	9030	908
845.935585	9030	908
845.985590	9022	908
846.035595	9022	908
846.085600	9022	908
846.135605	9022	908
846.185610	9022	908
846.235615	9022	908
846.285620	9022	908
846.335625	9022	908
846.385630	9022	908
846.435635	9022	908
846.485640	9022	908
846.535645	9022	908
846.585650	9022	908
846.635655	9022	908
846.685660	9022	908
846.735665	9022	908
846.785670	9022	908
846.835675	9022	908
846.885680	9022	908
846.935685	9022	908
846.985690	9022	908
847.035695	9022	908
847.085700	9022	908
847.135705	9022	908
847.185710	9022	908
847.235715	9022	908
847.285720	9022	908
847.335725	9022	908
847.385730	9022	908
847.435735	9022	908
847.485740	9022	908
847.535745	9022	908
847.585750	9022	908
847.635755	9022	908
847.685760	9022	908
847.735765	9022	908
847.785770	9022	908
847.835775	9022	908
847.885780	9022	908
847.935785	9022	908
847.985790	9022	908
848.035795	9022	908
848.084800	9022	908
848.134805	9022	908
848.184810	9022	908
848.234815	9022	908
848.284820	9022	908
848.334825	9022	908
848.386830	9022	908
848.434835	9022	908
848.484840	9022	908
848.534845	9022	908
848.584850	9022	908
848.634855	9022	908
848.687860	9022	908
848.734865	9022	908
848.784870	9022	908
848.834875	9022	908
848.884880	9022	908
848.934885	9022	908
848.984890	9022	908
849.034895	9022	908
849.084900	9022	908
849.134905	9022	908
849.184910	9022	908
849.234915	9022	908
849.284920	9022	908
849.334925	9022	908
849.384930	9022	908
849.434935	9022	908
849.484940	9022	908
849.534945	9022	908
849.584950	9022	908
849.634955	9022	908
849.684960	9022	908
849.734965	9022	908
849.784970	9022	908
849.834975	9022	908
849.884980	9022	908
849.934985	9022	908
849.984990	9022	908
850.034995	9022	908
850.085000	9022	908
850.135005	9022	908
850.185010	9022	908
850.235015	9022	908
850.285020	9022	908
850.335025	9022	908
850.385030	9022	908
850.435035	9022	908
850.485040	9022	908
850.535045	9022	908
850.585050	9022	908
850.635055	9022	908
850.685060	9022	908
850.735065	9022	908
850.785070	9022	908
850.835075	9022	908
850.885080	9022	908
850.935085	9022	908
850.985090	9022	908
851.035095	9022	908
851.085100	9022	908
851.135105	9022	908
851.185110	9022	908
851.235115	9022	908
851.285120	9022	908
851.335125	9022	908
851.385130	9022	908
851.435135	9022	908
851.485140	9022	908
851.535145	9022	908
851.585150	9022	908
851.635155	9022	908
851.685160	9022	908
851.735165	9022	908
851.785170	9022	908
851.835175	9022	908
851.885180	9022	908
851.935185	9022	908
851.985190	9022	908
852.035195	9022	908
852.085200	9022	908
852.135205	9022	908
852.185210	9022	908
852.235215	9022	908
852.285220	9022	908
852.335225	9022	908
852.385230	9022	908
852.435235	9022	908
852.485240	9022	908
852.535245	9022	908
852.585250	9022	908
852.635255	9022	908
852.685260	9022	908
852.735265	9022	908
852.785270	9022	908
852.835275	9022	908
852.885280	9022	908
852.935285	9022	908
852.985290	9022	908
853.035295	9022	908
853.085300	9022	908
853.135305	9022	908
853.185310	9022	908
853.235315	9022	908
853.285320	9022	908
853.335325	9022	908
853.385330	9022	908
853.435335	9022	908
853.485340	9022	908
853.535345	9018	908
853.585350	9018	908
853.635355	9018	908
853.685360	9010	908
853.735365	8998	908
853.785370	8998	908
853.835375	8998	908
853.885380	8998	908
853.935385	8998	908
853.985390	8986	908
854.035395	8986	908
854.085400	8986	908
854.135405	8986	908
854.185410	8986	908
854.235415	8986	908
854.285420	8986	908
854.335425	8986	908
854.385430	8986	908
854.435435	8986	908
854.485440	8986	908
854.535445	8986	908
854.585450	8982	908
854.635455	8978	908
854.685460	8966	908
854.735465	8966	908
854.785470	8966	908
854.835475	8966	908
854.885480	8966	908
854.935485	8966	908
854.985490	8966	908
855.035495	8966	908
855.085500	8966	908
855.135505	8966	908
855.185510	8966	908
855.235515	8966	908
855.285520	8966	908
855.335525	8966	908
855.385530	8966	908
855.435535	8966	900
855.485540	8966	896
855.535545	8966	896
855.585550	8966	896
855.635555	8966	896
855.685560	8966	896
855.735565	8966	896
855.785570	8966	896
855.835575	8966	896
855.885580	8966	896
855.935585	8966	896
855.985590	8966	896
856.035595	8966	896
856.085600	8966	896
856.135605	8966	896
856.185610	8966	896
856.235615	8966	896
856.285620	8966	896
856.335625	8966	896
856.385630	8966	896
856.435635	8966	896
856.485640	8966	896
856.535645	8966	896
856.585650	8966	896
856.635655	8966	896
856.685660	8966	896
856.735665	8966	896
856.785670	8966	896
856.835675	8966	896
856.885680	8966	896
856.935685	8966	896
856.985690	8966	896
857.035695	8966	896
857.085700	8966	896
857.135705	8966	896
857.185710	8966	896
857.235715	8966	896
857.285720	8966	896
857.335725	8966	896
857.385730	8966	896
857.435735	8966	896
857.485740	8966	896
857.535745	8966	896
857.585750	8966	896
857.635755	8966	896
857.685760	8966	896
857.735765	8966	896
857.785770	8966	896
857.835775	8966	896
857.885780	8966	896
857.935785	8966	896
857.985790	8966	896
858.035795	8966	896
858.085800	8966	896
858.135805	8966	896
858.185810	8966	896
858.235815	8966	896
858.285820	8966	896
858.335825	8966	896
858.385830	8966	896
858.435835	8966	896
858.485840	8966	896
858.535845	8966	896
858.585850	8966	896
858.635855	8966	896
858.685860	8966	896
858.735865	8966	896
858.785870	8966	896
858.835875	8966	896
858.885880	8966	896
858.935885	8966	896
858.985890	8966	896
859.035895	8966	896
859.085900	8966	896
859.135905	8966	896
859.185910	8966	896
859.235915	8966	896
859.285920	8966	896
859.335925	8966	896
859.385930	8966	896
859.435935	8966	896
859.485940	8966	896
859.535945	8966	896
859.585950	8966	896
859.635955	8966	896
859.685960	8966	896
859.735965	8966	896
859.785970	8966	896
859.835975	8966	896
859.885980	8966	896
859.935985	8966	896
859.985990	8966	896
860.035995	8966	896
860.086000	8966	896
860.136005	8966	896
860.186010	8966	896
860.236015	8966	896
860.286020	8966	896
860.336025	8966	896
860.386030	8966	896
860.436035	8966	896
860.486040	8966	896
860.536045	8966	896
860.586050	8966	896
860.636055	8966	896
860.686060	8966	896
860.736065	8966	896
860.786070	8966	896
860.836075	8966	896
860.886080	8966	896
860.936085	8966	896
860.986090	8966	896
861.036095	8966	896
861.086100	8966	896
861.136105	8966	896
861.186110	8966	896
861.236115	8966	896
861.286120	8966	896
861.336125	8966	896
861.386130	8966	896
861.436135	8966	896
861.486140	8966	896
861.536145	8966	896
861.586150	8966	896
861.636155	8966	896
861.686160	8966	896
861.736165	8966	896
861.786170	8966	896
861.836175	8966	896
861.886180	8966	896
861.936185	8966	896
861.986190	8966	896
862.036195	8966	896
862.086200	8966	896
862.136205	8966	896
862.186210	8966	896
862.236215	8966	896
862.286220	8966	896
862.336225	8966	896
862.386230	8966	896
862.436235	8966	896
862.486240	8966	896
862.536245	8966	896
862.586250	8966	896
862.636255	8966	896
862.686260	8966	896
862.736265	8966	896
862.786270	8966	896
862.836275	8966	896
862.886280	8966	896
862.936285	8966	896
862.986290	8966	896
863.036295	8966	896
863.086300	8966	896
863.136305	8966	896
863.186310	8966	896
863.236315	8966	896
863.286320	8966	896
863.336325	8966	896
863.386330	8966	896
863.436335	8966	896
863.486340	8966	896
863.536345	8966	896
863.586350	8966	896
863.636355	8966	896
863.686360	8966	896
863.736365	8966	896
863.786370	8966	896
863.836375	8966	896
863.886380	8966	896
863.936385	8966	896
863.986390	8966	896
864.036395	8966	896
864.086400	8966	896
864.136405	8966	896
864.186410	8966	896
864.236415	8966	896
864.286420	8966	896
864.336425	8966	896
864.386430	8966	896
864.436435	8966	896
864.486440	8966	896
864.536445	8966	896
864.586450	8966	896
864.636455	8966	896
864.686460	8966	896
864.736465	8966	896
864.786470	8966	896
864.836475	8966	896
864.886480	8966	896
864.936485	8966	896
864.986490	8966	896
865.036495	8954	896
865.086500	8934	896
865.136505	8906	896
865.186510	8906	896
865.236515	8906	896
865.286520	8906	896
865.336525	8906	896
865.386530	8906	896
865.436535	8906	896
865.486540	8906	896
865.536545	8906	896
865.585550	8906	896
865.635555	8906	896
865.685560	8906	896
865.735565	8906	896
865.785570	8906	896
865.835575	8906	896
865.885580	8906	896
865.935585	8906	896
865.985590	8906	896
866.035595	8906	896
866.085600	8906	896
866.135605	8906	896
866.185610	8906	896
866.235615	8906	896
866.285620	8906	896
866.335625	8906	896
866.385630	8906	896
866.435635	8906	896
866.485640	8906	896
866.535645	8906	896
866.585650	8906	896
866.635655	8906	896
866.685660	8906	896
866.735665	8906	896
866.785670	8906	896
866.835675	8906	896
866.885680	8906	896
866.935685	8906	924
866.985690	8906	1020
867.035695	8906	1060
867.085700	8906	1116
867.135705	8906	1116
867.185710	8906	1116
867.235715	8906	1116
867.285720	8906	1116
867.335725	8906	1116
867.385730	8906	1116
867.435735	8906	1116
867.485740	8906	1116
867.535745	8906	1116
867.585750	8906	1116
867.635755	8906	1116
867.685760	8906	1116
867.735765	8906	1132
867.785770	8906	1136
867.835775	8906	1160
867.885780	8906	1180
867.935785	8906	1180
867.985790	8906	1180
868.035795	8906	1184
868.085800	8906	1204
868.135805	8906	1204
868.185810	8906	1240
868.235815	8906	1284
868.285820	8906	1296
868.335825	8906	1344
868.385830	8906	1348
868.435835	8906	1348
868.485840	8906	1348
868.535845	8906	1348
868.585850	8906	1348
868.635855	8906	1352
868.685860	8906	1356
868.735865	8906	1380
868.794871	8906	1392
868.835875	8906	1408
868.885880	8906	1428
868.935885	8906	1456
868.985890	8906	1456
869.035895	8906	1456
869.085900	8906	1456
869.135905	8906	1476
869.185910	8906	1512
869.235915	8890	1544
869.285920	8882	1544
869.335925	8846	1544
869.385930	8846	1544
869.435935	8846	1544
869.485940	8846	1544
869.535945	8846	1544
869.585950	8846	1544
869.635955	8846	1544
869.685960	8846	1544
869.735965	8846	1544
869.785970	8846	1544
869.835975	8846	1544
869.885980	8842	1544
869.935985	8842	1544
869.985990	8838	1544
870.035995	8822	1544
870.086000	8802	1544
870.136005	8802	1544
870.186010	8802	1544
870.236015	8802	1544
870.286020	8802	1544
870.336025	8802	1544
870.386030	8798	1544
870.436035	8798	1544
870.486040	8798	1544
870.536045	8798	1544
870.586050	8798	1544
870.636055	8798	1544
870.686060	8794	1544
870.736065	8794	1544
870.786070	8790	1544
870.836075	8790	1544
870.886080	8790	1544
870.936085	8790	1544
870.986090	8790	1544
871.036095	8790	1544
871.086100	8790	1544
871.136105	8790	1544
871.186110	8790	1544
871.236115	8790	1544
871.286120	8790	1544
871.336125	8790	1544
871.386130	8790	1544
871.436135	8790	1544
871.487140	8790	1544
871.536145	8790	1544
871.586150	8790	1544
871.636155	8790	1544
871.686160	8790	1544
871.736165	8790	1564
871.786170	8790	1656
871.836175	8790	1656
871.886180	8790	1676
871.936185	8790	1716
871.986190	8790	1724
872.036195	8790	1748
872.086200	8790	1792
872.136205	8790	1824
872.186210	8786	1836
872.236215	8786	1872
872.286220	8786	1872
872.336225	8786	1872
872.389230	8786	1896
872.436235	8786	1908
872.486240	8786	1912
872.536245	8786	1932
872.586250	8786	1932
872.636255	8786	1932
872.686260	8786	1932
872.736265	8786	1932
872.786270	8786	1932
872.836275	8786	1936
872.886280	8786	1968
872.936285	8786	1992
872.987290	8786	1992
873.036295	8786	2012
873.086300	8786	2024
873.136305	8786	2076
873.186310	8786	2104
873.236315	8786	2132
873.287320	8786	2132
873.336325	8786	2184
873.386330	8786	2184
873.436335	8786	2228
873.486340	8786	2312
873.536345	8786	2480
873.586350	8786	2536
873.636355	8786	2584
873.686360	8786	2632
873.736365	8786	2696
873.786370	8786	2716
873.836375	8786	2836
873.886380	8786	2920
873.936385	8786	3036
873.986390	8786	3124
874.036395	8786	3228
874.086400	8786	3260
874.136405	8786	3276
874.186410	8786	3356
874.236415	8786	3440
874.286420	8786	3516
874.336425	8786	3572
874.386430	8786	3624
874.436435	8786	3624
874.486440	8786	3624
874.536445	8786	3624
874.586450	8786	3624
874.636455	8786	3624
874.686460	8786	3624
874.736465	8786	3716
874.786470	8786	3716
874.836475	8786	3716
874.886480	8786	3716
874.936485	8786	3716
874.986490	8786	3716
875.036495	8786	3716
875.086500	8786	3716
875.136505	8786	3716
875.186510	8786	3716
875.236515	8786	3716
875.286520	8786	3716
875.336525	8786	3716
875.386530	8786	3716
875.436535	8786	3716
875.486540	8786	3716
875.536545	8786	3716
875.586550	8786	3716
875.636555	8786	3716
875.686560	8786	3716
875.736565	8786	3716
875.786570	8786	3716
875.836575	8786	3716
875.886580	8786	3716
875.936585	8786	3716
875.986590	8786	3716
876.036595	8786	3716
876.086600	8786	3716
876.136605	8786	3716
876.186610	8786	3716
876.236615	8786	3716
876.286620	8786	3716
876.336625	8786	3716
876.386630	8786	3716
876.436635	8786	3716
876.486640	8786	3716
876.536645	8786	3716
876.586650	8786	3716
876.636655	8786	3716
876.686660	8786	3716
876.736665	8786	3716
876.786670	8786	3716
876.836675	8786	3716
876.886680	8786	3716
876.936685	8786	3716
876.986690	8786	3716
877.036695	8786	3716
877.086700	8786	3716
877.136705	8786	3716
877.186710	8786	3716
877.236715	8786	3716
877.286720	8786	3716
877.336725	8786	3716
877.386730	8786	3716
877.436735	8786	3716
877.492741	8786	3716
877.536745	8786	3716
877.586750	8786	3716
877.636755	8786	3716
877.686760	8786	3716
877.736765	8786	3716
877.786770	8786	3716
877.836775	8786	3716
877.886780	8786	3716
877.936785	8786	3716
877.986790	8786	3716
878.036795	8786	3716
878.086800	8786	3716
878.136805	8786	3716
878.186810	8786	3716
878.236815	8786	3716
878.286820	8786	3716
878.336825	8786	3716
878.386830	8786	3716
878.436835	8786	3716
878.486840	8786	3716
878.536845	8786	3716
878.586850	8786	3716
878.636855	8786	3716
878.686860	8786	3716
878.736865	8786	3716
878.786870	8786	3716
878.836875	8786	3716
878.886880	8786	3716
878.936885	8786	3716
878.986890	8786	3716
879.036895	8786	3716
879.086900	8786	3716
879.136905	8786	3716
879.186910	8786	3716
879.236915	8786	3716
879.286920	8786	3716
879.336925	8786	3716
879.386930	8786	3716
879.436935	8786	3716
879.486940	8786	3716
879.536945	8786	3716
879.586950	8786	3716
879.636955	8786	3716
879.686960	8786	3716
879.736965	8786	3716
879.786970	8786	3716
879.836975	8786	3716
879.886980	8786	3716
879.936985	8786	3716
879.986990	8786	3716
880.036995	8786	3716
880.087000	8786	3716
880.137005	8786	3716
880.187010	8786	3716
880.237015	8786	3716
880.287020	8786	3716
880.337025	8786	3716
880.387030	8786	3716
880.437035	8786	3716
880.487040	8786	3716
880.537045	8786	3716
880.587050	8786	3716
880.637055	8786	3716
880.687060	8786	3752
880.737065	8786	3808
880.787070	8786	3868
880.837075	8786	3872
880.887080	8786	3872
880.937085	8786	3872
880.987090	8786	3872
881.037095	8786	3872
881.087100	8786	3872
881.137105	8786	3872
881.187110	8786	3872
881.237115	8786	3872
881.287120	8786	3872
881.337125	8786	3872
881.387130	8786	3872
881.437135	8786	3872
881.487140	8786	3872
881.537145	8786	3872
881.587150	8786	3900
881.637155	8786	3908
881.687160	8786	3916
881.737165	8786	3920
881.787170	8786	3940
881.837175	8786	3976
881.887180	8786	3976
881.937185	8786	3988
881.993190	8786	3988
882.037195	8786	3992
882.087200	8786	3992
882.137205	8786	3992
882.187210	8786	3992
882.237215	8786	3992
882.287220	8786	3992
882.337225	8786	3992
882.387230	8786	3992
882.437235	8786	3992
882.487240	8786	3992
882.537245	8786	3992
882.587250	8786	3992
882.637255	8786	3992
882.687260	8786	3992
882.737265	8786	3992
882.787270	8786	3992
882.837275	8786	3992
882.887280	8786	3992
882.937285	8786	3992
882.987290	8786	3992
883.036295	8786	3992
883.086300	8786	3992
883.136305	8786	3992
883.186310	8786	3992
883.236315	8786	3992
883.286320	8786	3992
883.336325	8786	3992
883.386330	8786	4004
883.436335	8786	4004
883.486340	8786	4004
883.536345	8786	4004
883.586350	8786	4004
883.636355	8786	4004
883.686360	8786	4004
883.736365	8786	4004
883.786370	8786	4004
883.836375	8786	4004
883.886380	8786	4004
883.936385	8786	4004
883.986390	8786	4004
884.036395	8786	4004
884.086400	8786	4004
884.136405	8786	4004
884.186410	8786	4004
884.236415	8786	4004
884.286420	8786	4004
884.336425	8786	4004
884.386430	8786	4004
884.436435	8786	4004
884.486440	8786	4004
884.536445	8786	4004
884.586450	8786	4004
884.636455	8786	4004
884.686460	8786	4004
884.736465	8786	4004
884.786470	8786	4004
884.836475	8786	4012
884.886480	8786	4024
884.936485	8786	4024
884.986490	8786	4024
885.036495	8786	4024
885.086500	8786	4024
885.136505	8786	4036
885.186510	8786	4036
885.236515	8786	4036
885.286520	8786	4036
885.336525	8786	4044
885.386530	8786	4056
885.436535	8786	4072
885.486540	8786	4072
885.536545	8786	4092
885.586550	8786	4116
885.636555	8786	4136
885.686560	8786	4140
885.736565	8786	4140
885.786570	8786	4140
885.836575	8786	4140
885.886580	8786	4164
885.936585	8786	4164
885.986590	8786	4164
886.036595	8786	4164
886.086600	8786	4164
886.136605	8786	4164
886.186610	8786	4164
886.236615	8786	4164
886.286620	8786	4164
886.336625	8786	4164
886.386630	8786	4164
886.436635	8786	4164
886.486640	8786	4164
886.536645	8786	4164
886.586650	8786	4164
886.636655	8786	4164
886.686660	8786	4164
886.736665	8786	4164
886.786670	8786	4164
886.836675	8786	4164
886.886680	8786	4164
886.936685	8786	4164
886.986690	8786	4164
887.036695	8786	4164
887.086700	8786	4164
887.136705	8786	4164
887.186710	8786	4164
887.236715	8786	4164
887.286720	8786	4164
887.336725	8786	4164
887.386730	8786	4164
887.436735	8786	4164
887.486740	8786	4164
887.536745	8786	4164
887.586750	8786	4164
887.636755	8786	4164
887.686760	8786	4164
887.736765	8786	4164
887.786770	8786	4164
887.836775	8786	4164
887.886780	8786	4164
887.936785	8786	4164
887.986790	8786	4164
888.036795	8786	4164
888.086800	8786	4164
888.136805	8786	4164
888.186810	8786	4164
888.236815	8786	4164
888.286820	8786	4164
888.336825	8786	4164
888.386830	8786	4180
888.436835	8786	4180
888.486840	8786	4180
888.536845	8786	4184
888.586850	8786	4184
888.636855	8786	4184
888.686860	8786	4184
888.736865	8786	4184
888.786870	8786	4184
888.836875	8786	4184
888.886880	8786	4184
888.936885	8786	4184
888.986890	8786	4184
889.036895	8786	4184
889.086900	8786	4184
889.136905	8786	4184
889.186910	8786	4184
889.236915	8786	4184
889.286920	8786	4184
889.336925	8786	4184
889.386930	8786	4184
889.436935	8786	4184
889.486940	8786	4184
889.536945	8786	4184
889.586950	8786	4184
889.636955	8786	4184
889.686960	8786	4184
889.736965	8786	4184
889.786970	8786	4184
889.836975	8786	4184
889.886980	8786	4184
889.936985	8786	4184
889.986990	8786	4184
890.036995	8786	4208
890.087000	8786	4208
890.137005	8786	4208
890.187010	8786	4212
890.237015	8786	4212
890.287020	8786	4232
890.337025	8786	4232
890.387030	8786	4232
890.437035	8786	4232
890.487040	8786	4232
890.537045	8786	4232
890.587050	8786	4232
890.637055	8786	4236
890.687060	8786	4236
890.737065	8786	4236
890.787070	8786	4236
890.837075	8786	4248
890.887080	8786	4248
890.937085	8786	4248
890.987090	8786	4256
891.037095	8786	4272
891.087100	8786	4272
891.137105	8786	4272
891.187110	8786	4272
891.237115	8786	4272
891.287120	8786	4272
891.337125	8786	4284
891.387130	8786	4284
891.437135	8786	4284
891.487140	8786	4284
891.537145	8786	4284
891.587150	8786	4300
891.637155	8786	4312
891.687160	8786	4312
891.737165	8786	4336
891.787170	8786	4336
891.837175	8786	4336
891.887180	8786	4336
891.937185	8786	4344
891.987190	8786	4376
892.037195	8786	4392
892.087200	8786	4392
892.137205	8786	4416
892.187210	8786	4416
892.237215	8786	4416
892.287220	8786	4416
892.337225	8786	4424
892.387230	8786	4424
892.437235	8786	4424
892.487240	8786	4424
892.537245	8786	4424
892.587250	8786	4424
892.637255	8786	4424
892.687260	8786	4424
892.737265	8786	4424
892.787270	8786	4424
892.837275	8786	4424
892.887280	8786	4424
892.937285	8786	4424
892.987290	8786	4424
893.037295	8786	4424
893.087300	8786	4424
893.137305	8786	4424
893.187310	8786	4424
893.237315	8786	4424
893.287320	8786	4424
893.337325	8786	4424
893.393331	8786	4428
893.437335	8786	4428
893.487340	8786	4444
893.537345	8786	4456
893.587350	8786	4468
893.637355	8786	4508
893.687360	8786	4508
893.737365	8786	4508
893.787370	8786	4508
893.837375	8786	4508
893.887380	8786	4508
893.937385	8786	4508
893.987390	8786	4508
894.037395	8786	4508
894.087400	8786	4512
894.137405	8786	4524
894.187410	8786	4544
894.237415	8786	4560
894.287420	8786	4600
894.337425	8786	4600
894.387430	8786	4600
894.437435	8786	4600
894.487440	8786	4600
894.537445	8786	4600
894.587450	8786	4600
894.637455	8786	4600
894.687460	8786	4616
894.737465	8786	4624
894.787470	8786	4624
894.837475	8786	4628
894.887480	8790	4628
894.937485	8802	4628
894.987490	8802	4652
895.037495	8810	4656
895.087500	8814	4656
895.137505	8814	4672
895.187510	8854	4680
895.237515	8862	4708
895.287520	8878	4708
895.337525	8890	4720
895.387530	8890	4720
895.437535	8894	4740
895.487540	8894	4780
895.537545	8894	4800
895.587550	8914	4800
895.637555	8914	4800
895.687560	8918	4832
895.737565	8918	4864
895.787570	8926	4900
895.837575	8990	4964
895.887580	8994	4992
895.937585	9018	4992
895.987590	9030	5008
896.037595	9042	5032
896.087600	9042	5044
896.137605	9042	5092
896.187610	9042	5092
896.237615	9042	5092
896.287620	9042	5092
896.337625	9042	5092
896.387630	9042	5092
896.437635	9042	5092
896.487640	9042	5092
896.537645	9042	5092
896.587650	9042	5092
896.637655	9042	5092
896.687660	9042	5100
896.737665	9042	5120
896.787670	9042	5124
896.837675	9046	5156
896.887680	9082	5184
896.937685	9154	5228
896.987690	9166	5244
897.037695	9194	5280
897.087700	9206	5336
897.137705	9270	5400
897.187710	9314	5528
897.237715	9402	5652
897.287720	9478	5752
897.337725	9590	5868
897.387730	9698	6024
897.437735	9746	6080
897.487740	9770	6108
897.537745	9802	6140
897.587750	9830	6168
897.637755	9842	6252
897.687760	9850	6276
897.737765	9850	6292
897.787770	9850	6360
897.837775	9874	6392
897.887780	9914	6492
897.937785	9966	6516
897.987790	9978	6560
898.037795	10058	6672
898.087800	10118	6704
898.137805	10170	6780
898.187810	10190	6864
898.237815	10278	7056
898.287820	10354	7148
898.337825	10486	7300
898.387830	10550	7424
898.437835	10570	7444
898.487840	10586	7460
898.537845	10586	7524
898.587850	10586	7556
898.637855	10586	7556
898.687860	10586	7556
898.737865	10586	7556
898.787870	10586	7556
898.837875	10586	7556
898.887880	10586	7556
898.937885	10586	7556
898.987890	10586	7556
899.037895	10586	7556
899.087900	10586	7556
899.137905	10586	7556
899.187910	10586	7556
899.237915	10586	7556
899.287920	10586	7556
899.337925	10586	7556
899.392931	10586	7556
899.437935	10586	7556
899.487940	10586	7556
899.537945	10586	7556
899.587950	10586	7556
899.637955	10586	7556
899.687960	10586	7556
899.737965	10586	7556
899.787970	10586	7556
899.837975	10586	7556
899.887980	10586	7556
899.937985	10586	7556
899.987990	10586	7556
900.037995	10586	7556
900.088000	10586	7556
900.138005	10586	7556
900.188010	10586	7556
900.238015	10586	7556
900.288020	10586	7556
900.338025	10586	7556
900.388030	10586	7556
900.438035	10586	7556
900.488040	10586	7556
900.537045	10586	7556
900.587049	10586	7556
900.637055	10586	7556
900.687060	10586	7556
900.737065	10586	7556
900.787070	10586	7556
900.837075	10586	7556
900.887080	10586	7556
900.937085	10586	7556
900.987090	10586	7556
901.037095	10586	7556
901.087100	10586	7568
901.137105	10586	7588
901.187110	10586	7624
901.237115	10586	7624
901.287120	10586	7660
901.337125	10586	7696
901.387130	10586	7712
901.437135	10586	7780
901.487140	10586	7792
901.537145	10586	7836
901.587150	10586	7896
901.637155	10586	7956
901.687160	10586	8040
901.737164	10586	8108
901.791170	10586	8132
901.837175	10586	8180
901.887180	10586	8244
901.937185	10586	8328
901.987190	10586	8368
902.037195	10586	8368
902.087200	10586	8392
902.137205	10586	8420
902.187210	10586	8420
902.237215	10586	8456
902.287220	10586	8472
902.337224	10586	8504
902.387230	10586	8532
902.437235	10586	8532
902.487240	10586	8532
902.537245	10586	8532
902.587250	10586	8532
902.637255	10586	8532
902.687260	10586	8532
902.737265	10586	8536
902.787270	10586	8540
902.837275	10586	8580
902.887280	10586	8604
902.937285	10586	8648
902.992290	10586	8660
903.037295	10586	8684
903.087300	10586	8740
903.137305	10586	8740
903.187310	10586	8740
903.237315	10586	8740
903.287320	10586	8740
903.337325	10586	8740
903.387330	10586	8740
903.437335	10586	8740
903.487339	10586	8740
903.537345	10586	8740
903.587350	10586	8740
903.637355	10586	8740
903.687360	10594	8740
903.737365	10594	8740
903.787370	10594	8740
903.837375	10598	8788
903.887380	10610	8852
903.937385	10642	8896
903.987390	10670	8908
904.037395	10682	8936
904.087400	10682	8944
904.137405	10682	8960
904.187410	10706	8992
904.237415	10742	9044
904.287420	10742	9072
904.337425	10798	9116
904.387430	10810	9180
904.437435	10846	9196
904.487440	10858	9224
904.537445	10862	9248
904.587450	10862	9284
904.637455	10862	9356
904.687460	10882	9364
904.737465	10910	9368
904.787470	10910	9416
904.837475	10910	9464
904.887480	10918	9472
904.937485	10967	9488
904.987490	10967	9540
905.037495	10983	9552
905.087500	10983	9552
905.137505	10983	9552
905.187510	10983	9552
905.237514	10983	9560
905.287520	10983	9572
905.337525	10983	9612
905.387530	10983	9624
905.437535	10983	9700
905.487540	11011	9740
905.537545	11103	9772
905.587550	11183	9816
905.637555	11207	9864
905.687560	11211	9928
905.737565	11227	9928
905.787570	11231	9968
905.837575	11255	10020
905.887580	11255	10060
905.937585	11291	10060
905.991590	11311	10060
906.037595	11311	10076
906.087600	11339	10144
906.137605	11447	10172
906.187610	11651	10248
906.237615	11835	10356
906.291620	11859	10364
906.337625	11875	10452
906.387630	11935	10496
906.437635	12123	10676
906.487640	12311	10804
906.537645	12691	10896
906.587650	12935	10940
906.637655	13703	11060
906.687660	13875	11060
906.737665	13951	11060
906.787670	14059	11060
906.837675	14619	11060
906.887680	15087	11060
906.937685	15167	11060
906.987689	15167	11060
907.037695	15167	11040
907.087700	15267	11040
907.137705	15431	11040
907.187710	15431	11040
907.237715	15431	11040
907.287720	15431	11040
907.337725	15431	11040
907.387730	15431	11040
907.437735	15431	11040
907.487740	15431	11040
907.537745	15431	11040
907.587750	15431	11040
907.637755	15791	11040
907.687760	16083	11040
907.737765	16151	11040
907.787770	16151	11040
907.837775	16151	11040
907.887780	16151	11040
907.937785	16151	11040
907.987790	16151	11040
908.037795	16151	10724
908.087800	16151	10464
908.137805	16175	9944
908.187810	16267	9688
908.237815	16335	9548
908.287820	16335	9548
908.337825	16335	9476
908.387830	16363	9344
908.437835	16363	9152
908.487840	16363	8976
908.537845	16363	8936
908.587850	16363	8844
908.637855	16347	8736
908.687860	16347	8584
908.737864	16347	8520
908.787870	16347	8452
908.837875	16347	8396
908.887880	16347	8396
908.937885	16347	8396
908.987890	16347	8396
909.037895	16347	8396
909.087900	16347	8396
909.137905	16347	8600
909.187910	16704	8688
909.237915	17156	8688
909.287920	17368	8688
909.337925	17788	8688
909.387930	18212	8688
909.437935	18836	8688
909.487940	19104	8688
909.537945	19104	8688
909.587950	19104	8688
909.637955	19104	8688
909.687960	19104	8652
909.737965	19104	8632
909.787970	19104	8632
909.837975	19104	8628
909.887980	19104	8628
909.937985	19104	8628
909.987990	19104	8628
910.037995	19104	8628
910.088000	19104	8628
910.138005	19104	8628
910.188010	19104	8628
910.238015	19104	8628
910.288020	19104	8628
910.338025	19104	8628
910.388030	19104	8628
910.438035	19104	8628
910.488039	19104	8628
910.538045	19104	8628
910.588050	19104	8628
910.638055	19104	8628
910.688060	19104	8628
910.738065	19104	8628
910.788070	19104	8628
910.838075	19104	8688
910.888080	19104	8712
910.938085	19104	8720
910.988090	19104	8720
911.038095	19104	8720
911.088100	19104	8720
911.138105	19104	8720
911.188110	19104	8720
911.238115	19104	8720
911.288120	19104	8720
911.338125	19104	8720
911.388130	19104	8720
911.438135	19104	8720
911.488140	19104	8720
911.538145	19104	8720
911.588150	19104	8720
911.638155	19104	8720
911.688160	19104	8720
911.738165	19104	8720
911.788170	19104	8720
911.838175	19104	8720
911.888180	19104	8720
911.938185	19104	8720
911.988190	19104	8720
912.038195	19104	8720
912.088200	19104	8720
912.138205	19104	8720
912.188210	19104	8720
912.238214	19104	8720
912.288220	19104	8748
912.338225	19104	8748
912.388230	19104	8748
912.438235	19104	8748
912.488240	19104	8748
912.538245	19104	8748
912.588250	19104	8780
912.638255	19104	8832
912.688260	19104	8908
912.738265	19104	8956
912.788270	19104	8984
912.838275	19104	9096
912.894280	19104	9132
912.938285	19104	9188
912.988290	19104	9240
913.038295	19104	9288
913.088300	19104	9288
913.138305	19104	9288
913.188310	19104	9288
913.238315	19104	9288
913.288320	19104	9288
913.338325	19104	9288
913.388330	19104	9288
913.438335	19104	9288
913.488340	19104	9304
913.538345	19104	9308
913.588350	19104	9308
913.638355	19104	9348
913.688360	19104	9348
913.738365	19104	9348
913.791370	19104	9348
913.838375	19104	9348
913.888380	19104	9348
913.938385	19104	9348
913.988389	19104	9348
914.038395	19104	9348
914.088400	19104	9348
914.138405	19104	9348
914.188410	19104	9348
914.238415	19104	9348
914.288420	19104	9348
914.338425	19104	9348
914.388430	19104	9348
914.438435	19104	9348
914.488440	19104	9348
914.538445	19104	9348
914.588450	19104	9348
914.638455	19104	9348
914.688460	19104	9348
914.738465	19104	9348
914.788470	19104	9348
914.838475	19104	9348
914.888480	19104	9348
914.938485	19104	9348
914.988490	19104	9348
915.038495	19104	9348
915.088500	19104	9348
915.138505	19104	9348
915.188510	19104	9348
915.238515	19104	9348
915.288520	19104	9348
915.338525	19104	9348
915.388530	19104	9348
915.438535	19104	9348
915.488540	19104	9348
915.538545	19104	9348
915.588550	19104	9348
915.638555	19104	9348
915.688560	19104	9348
915.738564	19104	9348
915.788570	19104	9348
915.838575	19104	9348
915.888580	19104	9348
915.938585	19104	9348
915.988590	19104	9348
916.038595	19104	9348
916.088600	19104	9348
916.138605	19104	9348
916.188610	19104	9348
916.238615	19104	9348
916.288620	19104	9348
916.338625	19104	9348
916.388630	19104	9348
916.438635	19104	9348
916.488640	19104	9348
916.538645	19104	9348
916.588650	19104	9348
916.638655	19104	9348
916.688660	19104	9348
916.738665	19104	9348
916.790670	19104	9348
916.838675	19104	9348
916.888680	19104	9348
916.938685	19104	9348
916.988690	19104	9348
917.038695	19104	9348
917.088700	19104	9348
917.138705	19104	9348
917.188710	19104	9348
917.238715	19104	9348
917.288720	19104	9348
917.338725	19104	9348
917.388730	19104	9348
917.438735	19104	9348
917.488739	19104	9348
917.538745	19104	9348
917.588750	19104	9348
917.638755	19104	9348
917.691760	19104	9348
917.738765	19104	9348
917.788770	19104	9348
917.838775	19104	9348
917.888780	19104	9348
917.938785	19104	9348
917.988790	19104	9348
918.037795	19104	9348
918.087800	19104	9348
918.137805	19104	9348
918.187809	19104	9348
918.237814	19104	9348
918.290820	19104	9348
918.337825	19104	9348
918.387830	19104	9348
918.437835	19104	9348
918.487840	19104	9348
918.537845	19104	9348
918.587850	19104	9348
918.637855	19104	9348
918.687860	19104	9348
918.737864	19104	9348
918.787869	19104	9348
918.837874	19104	9348
918.887880	19104	9348
918.937885	19104	9348
918.987890	19104	9348
919.037895	19104	9348
919.087900	19104	9348
919.137905	19104	9348
919.187910	19104	9348
919.237915	19104	9348
919.287920	19104	9348
919.337924	19104	9348
919.387929	19104	9348
919.437934	19104	9348
919.490940	19104	9348
919.537945	19104	9348
919.587950	19104	9348
919.637955	19104	9348
919.687960	19104	9348
919.737965	19104	9348
919.787970	19104	9348
919.837975	19104	9348
919.887980	19104	9348
919.937984	19104	9348
919.987989	19104	9348
920.037994	19104	9348
920.088000	19104	9348
920.138005	19104	9348
920.188010	19104	9348
920.238015	19104	9348
920.288020	19104	9348
920.338025	19104	9348
920.388030	19104	9348
920.438035	19096	9348
920.488039	19096	9348
920.538044	19096	9348
920.588049	19096	9348
920.638055	19092	9348
920.688060	19092	9348
920.738065	19092	9348
920.788070	19080	9348
920.838075	19080	9348
920.888080	19080	9348
920.938085	19080	9348
920.988090	19080	9348
921.038095	19080	9348
921.088099	19080	9348
921.138104	19080	9348
921.188109	19080	9348
921.238115	19080	9348
921.288120	19080	9348
921.338125	19072	9348
921.388130	19072	9348
921.438135	19072	9348
921.488140	19072	9348
921.538145	19072	9348
921.588150	19072	9348
921.638155	19072	9348
921.688159	19072	9348
921.738164	19072	9348
921.788169	19072	9348
921.838175	19072	9348
921.888180	19072	9348
921.938185	19072	9348
921.988190	19072	9348
922.038195	19072	9348
922.088200	19072	9348
922.138205	19072	9348
922.188210	19072	9348
922.238214	19072	9348
922.288219	19072	9348
922.338224	19072	9348
922.388230	19072	9348
922.438235	19072	9348
922.488240	19072	9348
922.538245	19072	9348
922.588250	19072	9348
922.638255	19072	9348
922.688260	19072	9348
922.738265	19072	9348
922.788270	19072	9348
922.838274	19072	9348
922.888279	19072	9348
922.938284	19072	9348
922.988290	19072	9348
923.038295	19072	9348
923.088300	19072	9348
923.138305	19072	9348
923.188310	19072	9348
923.238315	19072	9348
923.288320	19072	9348
923.338325	19072	9348
923.388330	19072	9348
923.438334	19072	9348
923.488339	19072	9348
923.538344	19072	9348
923.588350	19072	9348
923.638355	19072	9348
923.688360	19072	9348
923.738365	19072	9348
923.788370	19072	9348
923.838375	19072	9348
923.888380	19072	9348
923.938385	19072	9348
923.988389	19072	9348
924.038394	19072	9348
924.088399	19072	9348
924.138405	19072	9348
924.188410	19072	9348
924.238415	19072	9348
924.288420	19072	9348
924.338425	19072	9348
924.388430	19072	9348
924.438435	19072	9348
924.488440	19072	9348
924.538445	19072	9348
924.588449	19072	9348
924.638454	19072	9348
924.688459	19072	9348
924.738465	19072	9348
924.788470	19072	9348
924.838475	19072	9348
924.888480	19072	9348
924.938485	19072	9348
924.988490	19072	9348
925.038495	19072	9348
925.088500	19072	9348
925.138505	19072	9348
925.188509	19072	9348
925.238514	19072	9348
925.288520	19072	9348
925.338525	19072	9348
925.388530	19072	9348
925.438535	19072	9348
925.488540	19072	9348
925.538545	19072	9348
925.588550	19072	9336
925.638555	19072	9324
925.688560	19072	9324
925.738564	19072	9324
925.790570	19072	9324
925.838574	19072	9316
925.888580	19072	9316
925.938585	19072	9280
925.988590	19072	9264
926.038595	19072	9224
926.088600	19072	9200
926.138605	19072	9184
926.188610	19072	9168
926.238615	19072	9120
926.288620	19072	9100
926.338624	19072	8988
926.388629	19028	8928
926.438634	18848	8720
926.488640	18464	8460
926.538645	18220	8304
926.588650	18180	8212
926.638655	18180	8204
926.688660	18180	8204
926.738665	18180	8204
926.788670	18180	8204
926.838675	18176	8204
926.888680	18176	8204
926.938684	18176	8204
926.988689	18176	8204
927.038695	18176	8204
927.088700	18176	8204
927.138705	18176	8204
927.188710	18160	8204
927.238715	18160	8176
927.288720	18160	8140
927.338725	18160	8132
927.388730	18160	8076
927.438735	18124	8068
927.488739	18124	8012
927.538744	18104	8004
927.588749	18100	8000
927.638755	18100	7968
927.688760	18100	7968
927.738765	18084	7952
927.788770	18076	7928
927.838775	18060	7888
927.888780	18024	7840
927.938785	18008	7800
927.988790	17976	7784
928.038795	17968	7744
928.088799	17928	7720
928.138804	17928	7704
928.188809	17928	7660
928.238815	17920	7652
928.288820	17896	7652
928.338825	17888	7652
928.388830	17888	7652
928.438835	17888	7636
928.490840	17888	7636
928.538845	17888	7608
928.588850	17888	7588
928.638855	17888	7584
928.688859	17888	7480
928.738864	17780	7376
928.788870	17708	7308
928.838875	17696	7308
928.888880	17692	7308
928.938885	17672	7308
928.988890	17652	7308
929.038895	17652	7240
929.088900	17652	7240
929.138905	17652	7240
929.188910	17644	7240
929.238914	17644	7240
929.288919	17644	7240
929.338924	17644	7240
929.388930	17644	7240
929.438935	17644	7212
929.488940	17644	7208
929.538945	17644	7096
929.588950	17620	7064
929.638955	17464	6920
929.691960	17300	6876
929.738965	17016	6708
929.788970	16504	6484
929.838974	15811	6168
929.888979	14779	5780
929.938984	14111	5532
929.988990	14007	5416
930.038995	14007	5364
930.089000	14007	5284
930.139005	14007	5272
930.189010	14007	5204
930.239015	14007	5172
930.289020	14007	5132
930.339025	14007	5084
930.389030	14007	5056
930.439034	14007	5028
930.489039	14007	4992
930.539045	13959	4976
930.589050	13883	4948
930.639055	13867	4880
930.689060	13691	4832
930.739065	13055	4560
930.789070	12383	4284
930.839075	11575	3788
930.889080	11091	3488
930.939085	10902	3184
930.989089	10902	2916
931.039094	11027	2204
931.089099	12007	1900
931.139105	13423	1480
931.189110	15611	1120
931.239115	18316	800
931.289120	18840	608
931.339125	18896	604
931.389130	19212	544
931.439135	20356	544
931.490139	21024	544
931.539145	21832	544
931.589149	21897	544
931.639154	21909	544
931.689159	21909	544
931.739165	21909	544
931.790170	21973	568
931.839175	22121	632
931.889180	22269	632
931.939185	22581	708
931.989190	22621	716
932.039195	22657	716
932.089200	22669	716
932.139205	22945	716
932.189209	23469	716
932.239214	23917	716
932.289220	24041	716
932.339225	24041	716
932.389230	24041	716
932.439235	24041	716
932.489240	24053	716
932.539245	24053	716
932.589250	24053	716
932.639255	24053	716
932.689260	24053	716
932.739264	24053	716
932.789269	24053	716
932.839274	24053	716
932.889280	24053	716
932.939285	24053	716
932.990290	24053	716
933.039295	24053	716
933.089300	24053	716
933.139305	24053	716
933.189310	24053	716
933.239315	24053	716
933.289320	24029	716
933.339324	24029	716
933.389329	24025	716
933.439334	23977	716
933.489340	23977	716
933.539345	23961	716
933.589350	23957	716
933.639355	23949	716
933.689360	23913	716
933.739365	23913	716
933.789370	23913	716
933.839375	23881	716
933.889380	23881	716
933.939384	23857	716
933.989389	23857	716
934.039395	23857	716
934.089400	23857	716
934.139405	23857	716
934.189410	23857	716
934.239415	23857	716
934.289420	23857	716
934.339425	23857	716
934.389430	23857	716
934.439435	23857	716
934.489439	23857	716
934.539444	23857	716
934.589449	23837	716
934.639455	23837	716
934.689460	23837	716
934.739465	23837	716
934.790470	23821	716
934.839475	23821	716
934.889480	23821	716
934.939485	23821	716
934.989490	23821	716
935.039495	23821	716
935.090500	23821	716
935.139504	23821	716
935.189509	23821	716
935.239515	23821	716
935.289520	23821	716
935.339525	23821	716
935.389530	23821	716
935.439535	23821	716
935.489540	23821	716
935.538545	23821	716
935.588550	23821	716
935.638555	23821	716
935.688560	23821	716
935.738564	23821	720
935.788569	23821	744
935.838574	23821	744
935.888579	23821	780
935.938584	23821	784
935.988589	23797	800
936.038595	23797	808
936.088600	23797	836
936.138605	23781	864
936.188610	23781	916
936.238615	23781	940
936.288620	23781	1012
936.338624	23781	1024
936.388629	23781	1024
936.438634	23781	1024
936.488639	23781	1024
936.538644	23829	1028
936.589650	23829	1072
936.638655	23957	1072
936.688660	24481	1072
936.738665	25317	1116
936.788670	25433	1180
936.838675	25433	1180
936.888680	25433	1180
936.938684	25285	1180
936.988689	24941	1180
937.038694	23897	1180
937.088699	23221	1180
937.138704	22789	1180
937.188710	22677	1204
937.238715	22593	1244
937.288720	22489	1260
937.338725	22333	1260
937.388730	22321	1260
937.438735	22289	1264
937.488739	22273	1276
937.538744	22241	1280
937.588749	22217	1288
937.638754	22189	1292
937.688759	22105	1296
937.738764	21885	1360
937.788770	21592	1364
937.838775	21356	1364
937.888780	21356	1364
937.938785	21356	1364
937.988790	21356	1364
938.038795	21356	1364
938.088799	21356	1364
938.138804	21356	1364
938.188809	21356	1364
938.238814	21356	1364
938.288819	21356	1380
938.338825	21356	1380
938.388830	21356	1380
938.438835	21356	1380
938.488840	21356	1380
938.538845	21356	1380
938.588850	21356	1384
938.638855	21356	1384
938.692860	21356	1384
938.738864	21356	1384
938.788869	21356	1384
938.838874	21356	1384
938.888879	21356	1404
938.938885	21356	1604
938.989890	21356	1796
939.038895	21704	2172
939.088900	22125	2384
939.138905	22701	2936
939.188910	22753	3276
939.238914	23081	3924
939.289920	23241	4140
939.338924	23437	4196
939.388929	23565	4196
939.438934	23629	4196
939.488939	23645	4196
939.538945	23645	4196
939.588950	23645	4164
939.638955	23645	4104
939.688960	23645	4104
939.738965	23645	4104
939.788970	23645	4104
939.838974	23645	4104
939.888979	23645	4008
939.938984	23645	4008
939.988989	23645	3984
940.038994	23645	3956
940.089000	23645	3912
940.139005	23645	3912
940.189010	23645	3892
940.239015	23645	3844
940.289020	23369	3596
940.339025	22473	3180
940.389030	21512	3024
940.439034	19952	2916
940.490040	19156	2916
940.539044	18076	2852
940.589049	17172	2852
940.639054	15247	2668
940.689060	12951	2340
940.739065	10262	1764
940.789070	7482	1500
940.839075	4769	1024
940.889080	1621	0
940.939085	613	0
940.989089	613	0
941.039094	381	0
941.089099	125	0
941.139104	0	0
941.189109	0	0
941.239114	0	0
941.289120	0	0
941.339125	0	0
941.390130	0	0
941.439135	0	0
941.489140	0	0
941.539145	0	0
941.589149	0	0
941.639154	0	0
941.689159	0	0
941.739164	0	0
941.789169	0	0
941.839175	0	0
941.889180	0	0
941.939185	0	0
941.990190	0	0
942.039195	0	0
942.089200	0	0
942.139205	0	0
942.189209	0	0
942.239214	0	0
942.289219	0	0
942.339224	0	0
942.389229	0	0
942.439235	0	0
942.489240	0	0
942.539245	0	0
942.589250	0	0
942.639255	0	0
942.689260	0	0
942.739264	0	0
942.789269	0	0
942.839274	0	0
942.889279	0	0
942.939284	0	0
942.989289	0	0
943.039295	0	0
943.089300	0	0
943.139305	0	0
943.189310	0	0
943.239315	0	0
943.289320	0	0
943.339324	0	0
943.389329	0	0
943.439334	0	0
943.489339	0	0
943.539344	0	0
943.589350	0	0
943.639355	0	0
943.689360	0	0
943.739365	0	0
943.790370	0	0
943.839375	0	0
943.889380	0	0
943.939384	0	0
943.989389	0	0
944.039394	0	0
944.089399	0	0
944.139404	0	0
944.189410	0	0
944.239415	0	0
944.289420	0	0
944.339425	0	0
944.389430	0	0
944.439435	0	0
944.489439	0	0
944.539444	0	0
944.589449	0	0
944.639454	0	0
944.689459	0	0
944.739465	0	0
944.789470	0	0
944.839475	0	0
944.889480	0	0
944.939485	0	0
944.989490	0	0
945.039495	0	0
945.089499	0	0
945.139504	0	0
945.189509	0	0
945.239514	0	0
945.289519	0	0
945.339525	0	0
945.389530	0	0
945.439535	0	0
945.489540	0	0
945.539545	0	0
945.589550	0	0
945.639555	0	0
945.689559	0	0
945.739564	0	0
945.789569	0	0
945.839574	0	0
945.889579	0	0
945.939585	0	0
945.989590	0	0
946.039595	0	0
946.089600	0	0
946.139605	0	0
946.189610	0	0
946.239614	0	0
946.289619	0	0
946.339624	0	0
946.389629	0	0
946.439634	0	0
946.489640	0	0
946.539645	0	0
946.589650	0	0
946.639655	0	0
946.689660	0	0
946.739665	0	0
946.789670	0	0
946.839674	0	0
946.889679	0	0
946.939684	0	0
946.989689	0	0
947.039694	0	0
947.089700	0	0
947.139705	0	0
947.189710	0	0
947.239715	0	0
947.289720	0	0
947.339725	0	0
947.389729	0	0
947.439734	0	0
947.489739	0	0
947.539744	0	0
947.589749	0	0
947.639754	0	0
947.689760	0	0
947.739765	0	0
947.789770	0	0
947.839775	0	0
947.889780	0	0
947.939785	0	0
947.989789	0	0
948.039794	0	0
948.089799	0	0
948.139804	0	0
948.189809	0	0
948.239815	0	0
948.289820	0	0
948.339825	0	0
948.389830	0	0
948.439835	0	0
948.489840	0	0
948.539845	0	0
948.589849	0	0
948.639854	0	0
948.689859	0	0
948.739864	0	0
948.789869	0	0
948.839875	0	0
948.889880	0	0
948.939885	0	0
948.989890	0	0
949.039895	0	0
949.089900	0	0
949.139904	0	0
949.189909	0	0
949.239914	0	0
949.289919	0	0
949.339924	0	0
949.389929	0	0
949.439935	0	0
949.489940	0	0
949.539945	0	0
949.589950	0	0
949.639955	0	0
949.689960	0	0
949.739964	0	0
949.789969	0	0
949.839974	0	0
949.891980	0	0
949.939984	0	0
949.989990	0	0
950.039995	0	0
950.090000	0	0
950.140005	0	0
950.190010	0	0
950.240015	0	0
950.290020	0	0
950.340024	0	0
950.390029	0	0
950.440034	0	0
950.490039	0	0
950.540044	0	0
950.590050	0	0
950.640055	0	0
950.690060	0	0
950.740065	0	0
950.790070	0	0
950.840075	0	0
950.890079	0	0
950.940084	0	0
950.990089	0	0
951.040094	0	0
951.090099	0	0
951.140104	0	0
951.190110	0	0
951.240115	0	0
951.290120	0	0
951.340125	0	0
951.390130	0	0
951.440135	0	0
951.490139	0	0
951.540144	0	0
951.590149	0	0
951.640154	0	0
951.690159	0	0
951.740165	0	0
951.790170	0	0
951.840175	0	0
951.890180	0	0
951.940185	0	0
951.990190	0	0
952.040195	0	0
952.090199	0	0
952.140204	0	0
952.190209	0	0
952.240214	0	0
952.290219	0	0
952.340225	0	0
952.390230	0	0
952.440235	0	0
952.490240	0	0
952.540245	0	0
952.590250	0	0
952.640254	0	0
952.690259	0	0
952.740264	0	0
952.790269	0	0
952.840274	0	0
952.890279	0	0
952.940285	0	0
952.989289	0	0
953.039294	0	0
953.089299	0	0
953.139305	0	0
953.189310	0	0
953.239315	0	0
953.289320	0	0
953.339324	0	0
953.389329	0	0
953.439334	0	0
953.489339	0	0
953.539344	0	0
953.589349	0	0
953.639354	0	0
953.689359	0	0
953.739365	0	0
953.789370	0	0
953.839375	0	0
953.889380	0	0
953.939384	0	0
953.990389	0	0
954.039394	0	0
954.089399	0	0
954.139404	0	0
954.189409	0	0
954.239414	0	0
954.289420	0	0
954.339425	0	0
954.389430	0	0
954.439435	0	0
954.489439	0	0
954.539444	0	0
954.589449	0	0
954.639454	0	0
954.689459	0	0
954.739464	0	0
954.789469	0	0
954.839474	0	0
954.889480	0	0
954.939485	0	0
954.989490	0	0
955.039495	0	0
955.089499	0	0
955.139504	0	0
955.189509	0	0
955.239514	0	0
955.289519	0	0
955.339524	0	0
955.389529	0	0
955.439534	0	0
955.489540	0	0
955.539545	0	0
955.589550	0	0
955.639555	0	0
955.689559	0	0
955.739564	0	0
955.789569	0	0
955.839574	0	0
955.889579	0	0
955.939584	0	0
955.989589	0	0
956.039595	0	0
956.089600	0	0
956.139605	0	0
956.189610	0	0
956.239614	0	0
956.289619	0	0
956.339624	0	0
956.389629	0	0
956.439634	0	0
956.489639	0	0
956.539644	0	0
956.589649	0	0
956.639655	0	0
956.689660	0	0
956.739665	0	0
956.789670	0	0
956.839674	0	0
956.889679	0	0
956.939684	0	0
956.989689	0	0
957.039694	0	0
957.089699	0	0
957.139704	0	0
957.189709	0	0
957.239715	0	0
957.289720	0	0
957.339725	0	0
957.389729	0	0
957.439734	0	0
957.489739	0	0
957.539744	0	0
957.589749	0	0
957.639754	0	0
957.689759	0	0
957.739764	0	0
957.789770	0	0
957.839775	0	0
957.889780	0	0
957.939785	0	0
957.989789	0	0
958.039794	0	0
958.089799	0	0
958.139804	0	0
958.189809	0	0
958.239814	0	0
958.289819	0	0
958.339824	0	0
958.389830	0	0
958.439835	0	0
958.489840	0	0
958.539845	0	0
958.589849	0	0
958.639854	0	0
958.689859	0	0
958.739864	0	0
958.789869	0	0
958.839874	0	0
958.889879	0	0
958.939884	0	0
958.989890	0	0
959.039895	0	0
959.089900	0	0
959.139904	0	0
959.189909	0	0
959.239914	0	0
959.289919	0	0
959.339924	0	0
959.389929	0	0
959.439934	0	0
959.489939	0	0
959.539945	0	0
959.589950	0	0
959.639955	0	0
959.689960	0	0
959.739964	0	0
959.789969	0	0
959.839974	0	0
959.889979	0	0
959.939984	0	0
959.989989	0	0
960.039994	0	0
960.089999	0	0
960.140005	0	0
960.190010	0	0
960.240015	0	0
960.290020	0	0
960.340024	0	0
960.390029	0	0
960.440034	0	0
960.490039	0	0
960.540044	0	0
960.590049	0	0
960.640054	0	0
960.690059	0	0
960.740065	0	0
960.790070	0	0
960.840075	0	0
960.890079	0	0
960.940084	0	0
960.990089	0	0
961.040094	0	0
961.090099	0	0
961.140104	0	0
961.190109	0	0
961.240114	0	0
961.290120	0	0
961.340125	0	0
961.390130	0	0
961.440135	0	0
961.490139	0	0
961.540144	0	0
961.590149	0	0
961.640154	0	0
961.690159	0	0
961.740164	0	0
961.790169	0	0
961.840174	0	0
961.890180	0	0
961.940185	0	0
961.990190	0	0
962.040195	0	0
962.090199	0	0
962.140204	0	0
962.190209	0	0
962.240214	0	0
962.290219	0	0
962.340224	0	0
962.390229	0	0
962.440234	0	0
962.490240	0	0
962.540245	0	0
962.590250	0	0
962.640254	0	0
962.690259	0	0
962.740264	0	0
962.790269	0	0
962.840274	0	0
962.890279	0	0
962.940284	0	0
962.990289	0	0
963.040295	0	0
963.090300	0	0
963.140305	0	0
963.190310	0	0
963.240314	0	0
963.290319	0	0
963.340324	0	0
963.390329	0	0
963.440334	0	0
963.490339	0	0
963.540344	0	0
963.590349	0	0
963.640355	0	0
963.690360	0	0
963.740365	0	0
963.790370	0	0
963.840374	0	0
963.890379	0	0
963.940384	0	0
963.990389	0	0
964.040394	0	0
964.090399	0	0
964.140404	0	0
964.190409	0	0
964.240415	0	0
964.290420	0	0
964.340425	0	0
964.390429	0	0
964.440434	0	0
964.490439	0	0
964.540444	0	0
964.590449	0	0
964.640454	0	0
964.690459	0	0
964.740464	0	0
964.790470	0	0
964.840475	0	0
964.890480	0	0
964.940485	0	0
964.990489	0	0
965.040494	0	0
965.090499	0	0
965.140504	0	0
965.190509	0	0
965.240514	0	0
965.290519	0	0
965.340524	0	0
965.390530	0	0
965.440535	0	0
965.490540	0	0
965.540545	0	0
965.590549	0	0
965.640554	0	0
965.690559	0	0
965.740564	0	0
965.790569	0	0
965.840574	0	0
965.890579	0	0
965.940585	0	0
965.990590	0	0
966.040595	0	0
966.090600	0	0
966.140604	0	0
966.190609	0	0
966.240614	0	0
966.290619	0	0
966.340624	0	0
966.390629	0	0
966.440634	0	0
966.490639	0	0
966.540645	0	0
966.590650	0	0
966.640655	0	0
966.690660	0	0
966.740664	0	0
966.790669	0	0
966.840674	0	0
966.890679	0	0
966.940684	0	0
966.990689	0	0
967.040694	0	0
967.090699	0	0
967.140705	0	0
967.190710	0	0
967.240715	0	0
967.290720	0	0
967.340724	0	0
967.390729	0	0
967.440734	0	0
967.490739	0	0
967.540744	0	0
967.590749	0	0
967.640754	0	0
967.690760	0	0
967.740765	0	0
967.790770	0	0
967.840775	0	0
967.890779	0	0
967.940784	0	0
967.990789	0	0
968.040794	0	0
968.090799	0	0
968.140804	0	0
968.190809	0	0
968.240814	0	0
968.290820	0	0
968.340825	0	0
968.392829	0	0
968.440835	0	0
968.490839	0	0
968.540844	0	0
968.590849	0	0
968.640854	0	0
968.690859	0	0
968.740864	0	0
968.790869	0	0
968.840874	0	0
968.890880	0	0
968.940885	0	0
968.990890	0	0
969.040895	0	0
969.090899	0	0
969.140904	0	0
969.190909	0	0
969.240914	0	0
969.290919	0	0
969.340924	0	0
969.390929	0	0
969.440935	0	0
969.490940	0	0
969.540945	0	0
969.590950	0	0
969.640954	0	0
969.690959	0	0
969.740964	0	0
969.790969	0	0
969.840974	0	0
969.890979	0	0
969.940984	0	0
969.990989	0	0
970.040995	0	0
970.091000	0	0
970.141005	0	0
970.191010	0	0
970.241014	0	0
970.291019	0	0
970.341024	0	0
970.391029	0	0
970.441034	0	0
970.492040	0	0
970.540044	0	0
970.590049	0	0
970.640054	0	0
970.690059	0	0
970.740064	0	0
970.790069	0	0
970.840075	0	0
970.890079	0	0
970.940084	0	0
970.990089	0	0
971.040094	0	0
971.090099	0	0
971.140104	0	0
971.190109	0	0
971.240114	0	0
971.290119	0	0
971.340124	0	0
971.390129	0	0
971.440135	0	0
971.490139	0	0
971.540144	0	0
971.590149	0	0
971.640154	0	0
971.690159	0	0
971.740164	0	0
971.790169	0	0
971.840174	0	0
971.890179	0	0
971.940184	0	0
971.990190	0	0
972.040195	0	0
972.090199	0	0
972.140204	0	0
972.190209	0	0
972.240214	0	0
972.290219	0	0
972.340224	0	0
972.390229	0	0
972.440234	0	0
972.490239	0	0
972.540244	0	0
972.590250	0	0
972.640254	0	0
972.690259	0	0
972.740264	0	0
972.790269	0	0
972.840274	0	0
972.890279	0	0
972.940284	0	0
972.990289	0	0
973.040294	0	0
973.090299	0	0
973.140304	0	0
973.190310	0	0
973.240314	0	0
973.290319	0	0
973.340324	0	0
973.390329	0	0
973.440334	0	0
973.490339	0	0
973.540344	0	0
973.590349	0	0
973.640354	0	0
973.690359	0	0
973.740365	0	0
973.790370	0	0
973.840374	0	0
973.890379	0	0
973.940384	0	0
973.990389	0	0
974.040394	0	0
974.090399	0	0
974.140404	0	0
974.190409	0	0
974.240414	0	0
974.290419	0	0
974.340425	0	0
974.390429	0	0
974.440434	0	0
974.490439	0	0
974.540444	0	0
974.590449	0	0
974.640454	0	0
974.690459	0	0
974.740464	0	0
974.790469	0	0
974.840474	0	0
974.890479	0	0
974.940485	0	0
974.990489	0	0
975.040494	0	0
975.090499	0	0
975.140504	0	0
975.190509	0	0
975.240514	0	0
975.290519	0	0
975.340524	0	0
975.390529	0	0
975.440534	0	0
975.490540	0	0
975.540545	0	0
975.590549	0	0
975.640554	0	0
975.690559	0	0
975.740564	0	0
975.790569	0	0
975.840574	0	0
975.890579	0	0
975.940584	0	0
975.990589	0	0
976.040594	0	0
976.090600	0	0
976.140604	0	0
976.190609	0	0
976.240614	0	0
976.290619	0	0
976.340624	0	0
976.390629	0	0
976.440634	0	0
976.490639	0	0
976.540644	0	0
976.590649	0	0
976.640654	0	0
976.690660	0	0
976.740664	0	0
976.790669	0	0
976.840674	0	0
976.890679	0	0
976.940684	0	0
976.990689	0	0
977.040694	0	0
977.090699	0	0
977.140704	0	0
977.190709	0	0
977.240715	0	0
977.290720	0	0
977.340724	0	0
977.390729	0	0
977.440734	0	0
977.490739	0	0
977.540744	0	0
977.590749	0	0
977.640754	0	0
977.690759	0	0
977.740764	0	0
977.790769	0	0
977.840775	0	0
977.890779	0	0
977.940784	0	0
977.990789	0	0
978.040794	0	0
978.090799	0	0
978.140804	0	0
978.190809	0	0
978.240814	0	0
978.290819	0	0
978.340824	0	0
978.390829	0	0
978.440835	0	0
978.490839	0	0
978.540844	0	0
978.590849	0	0
978.640854	0	0
978.690859	0	0
978.740864	0	0
978.790869	0	0
978.840874	0	0
978.890879	0	0
978.940884	0	0
978.990890	0	0
979.040895	0	0
979.090899	0	0
979.140904	0	0
979.190909	0	0
979.240914	0	0
979.290919	0	0
979.340924	0	0
979.390929	0	0
979.440934	0	0
979.490939	0	0
979.540944	0	0
979.590950	0	0
979.640954	0	0
979.690959	0	0
979.740964	0	0
979.790969	0	0
979.840974	0	0
979.890979	0	0
979.940984	0	0
979.990989	0	0
980.040994	0	0
980.090999	0	0
980.141004	0	0
980.191010	0	0
980.241014	0	0
980.291019	0	0
980.341024	0	0
980.391029	0	0
980.441034	0	0
980.491039	0	0
980.541044	0	0
980.591049	0	0
980.641054	0	0
980.691059	0	0
980.741065	0	0
980.791070	0	0
980.841074	0	0
980.891079	0	0
980.941084	0	0
980.991089	0	0
981.041094	0	0
981.091099	0	0
981.141104	0	0
981.191109	0	0
981.241114	0	0
981.291119	0	0
981.341125	0	0
981.391129	0	0
981.441134	0	0
981.491139	0	0
981.541144	0	0
981.591149	0	0
981.641154	0	0
981.691159	0	0
981.741164	0	0
981.791169	0	0
981.841174	0	0
981.891179	0	0
981.941185	0	0
981.991189	0	0
982.041194	0	0
982.091199	0	0
982.141204	0	0
982.191209	0	0
982.241214	0	0
982.291219	0	0
982.341224	0	0
982.391229	0	0
982.441234	0	0
982.491240	0	0
982.541245	0	0
982.591249	0	0
982.641254	0	0
982.691259	0	0
982.741264	0	0
982.791269	0	0
982.841274	0	0
982.891279	0	0
982.941284	0	0
982.991289	0	0
983.041294	0	0
983.091300	0	0
983.141304	0	0
983.191309	0	0
983.241314	0	0
983.291319	0	0
983.341324	0	0
983.391329	0	0
983.441334	0	0
983.491339	0	0
983.541344	0	0
983.591349	0	0
983.641354	0	0
983.691360	0	0
983.741364	0	0
983.791369	0	0
983.841374	0	0
983.891379	0	0
983.941384	0	0
983.991389	0	0
984.041394	0	0
984.091399	0	0
984.141404	0	0
984.191409	0	0
984.241415	0	0
984.291420	0	0
984.341424	0	0
984.391429	0	0
984.441434	0	0
984.491439	0	0
984.541444	0	0
984.591449	0	0
984.641454	0	0
984.691459	0	0
984.741464	0	0
984.791469	0	0
984.841475	0	0
984.891479	0	0
984.941484	0	0
984.991489	0	0
985.041494	0	0
985.091499	0	0
985.141504	0	0
985.191509	0	0
985.241514	0	0
985.291519	0	0
985.341524	0	0
985.391529	0	0
985.441535	0	0
985.491539	0	0
985.541544	0	0
985.591549	0	0
985.641554	0	0
985.691559	0	0
985.741564	0	0
985.791569	0	0
985.841574	0	0
985.891579	0	0
985.941584	0	0
985.991590	0	0
986.041595	0	0
986.091599	0	0
986.141604	0	0
986.191609	0	0
986.241614	0	0
986.291619	0	0
986.341624	0	0
986.391629	0	0
986.441634	0	0
986.491639	0	0
986.541644	0	0
986.591650	0	0
986.641654	0	0
986.691659	0	0
986.741664	0	0
986.791669	0	0
986.841674	0	0
986.891679	0	0
986.941684	0	0
986.991689	0	0
987.041694	0	0
987.091699	0	0
987.141705	0	0
987.191710	0	0
987.241714	0	0
987.291719	0	0
987.341724	0	0
987.391729	0	0
987.441734	0	0
987.491739	0	0
987.541744	0	0
987.591749	0	0
987.641754	0	0
987.691759	0	0
987.741765	0	0
987.791770	0	0
987.841774	0	0
987.891779	0	0
987.941784	0	0
987.990789	0	0
988.040794	0	0
988.090799	0	0
988.140804	0	0
988.190809	0	0
988.240814	0	0
988.290819	0	0
988.340824	0	0
988.390829	0	0
988.440834	0	0
988.490839	0	0
988.540844	0	0
988.590849	0	0
988.640854	0	0
988.690859	0	0
988.740864	0	0
988.790869	0	0
988.840874	0	0
988.890879	0	0
988.940884	0	0
988.990889	0	0
989.040894	0	0
989.090899	0	0
989.140904	0	0
989.190909	0	0
989.240914	0	0
989.290919	0	0
989.340924	0	0
989.390929	0	0
989.440934	0	0
989.490939	0	0
989.540944	0	0
989.590949	0	0
989.640954	0	0
989.690959	0	0
989.740964	0	0
989.790969	0	0
989.840974	0	0
989.890979	0	0
989.940984	0	0
989.990989	0	0
990.040994	0	0
990.090999	0	0
990.141004	0	0
990.191009	0	0
990.241014	0	0
990.291019	0	0
990.341024	0	0
990.391029	0	0
990.441034	0	0
990.491039	0	0
990.541044	0	0
990.591049	0	0
990.641054	0	0
990.691059	0	0
990.741064	0	0
990.791069	0	0
990.841074	0	0
990.891079	0	0
990.941084	0	0
990.991089	0	0
991.041094	0	0
991.091099	0	0
991.141104	0	0
991.191109	0	0
991.241114	0	0
991.291119	0	0
991.341124	0	0
991.391129	0	0
991.441134	0	0
991.491139	0	0
991.541144	0	0
991.591149	0	0
991.641154	0	0
991.691159	0	0
991.741164	0	0
991.791169	0	0
991.841174	0	0
991.891179	0	0
991.941184	0	0
991.991189	0	0
992.041194	0	0
992.091199	0	0
992.141204	0	0
992.191209	0	0
992.241214	0	0
992.291219	0	0
992.341224	0	0
992.391229	0	0
992.441234	0	0
992.491239	0	0
992.541244	0	0
992.591249	0	0
992.641254	0	0
992.691259	0	0
992.741264	0	0
992.791269	0	0
992.841274	0	0
992.891279	0	0
992.941284	0	0
992.991289	0	0
993.041294	0	0
993.091299	0	0
993.141304	0	0
993.191309	0	0
993.241314	0	0
993.291319	0	0
993.341324	0	0
993.391329	0	0
993.441334	0	0
993.491339	0	0
993.541344	0	0
993.591349	0	0
993.641354	0	0
993.691359	0	0
993.741364	0	0
993.791369	0	0
993.841374	0	0
993.891379	0	0
993.941384	0	0
993.991389	0	0
994.041394	0	0
994.091399	0	0
994.141404	0	0
994.191409	0	0
994.241414	0	0
994.291419	0	0
994.341424	0	0
994.391429	0	0
994.441434	0	0
994.491439	0	0
994.541444	0	0
994.591449	0	0
994.641454	0	0
994.691459	0	0
994.741464	0	0
994.791469	0	0
994.841474	0	0
994.891479	0	0
994.941484	0	0
994.991489	0	0
995.041494	0	0
995.091499	0	0
995.141504	0	0
995.191509	0	0
995.241514	0	0
995.291519	0	0
995.341524	0	0
995.391529	0	0
995.441534	0	0
995.491539	0	0
995.541544	0	0
995.591549	0	0
995.641554	0	0
995.691559	0	0
995.741564	0	0
995.791569	0	0
995.841574	0	0
995.891579	0	0
995.941584	0	0
995.991589	0	0
996.041594	0	0
996.091599	0	0
996.141604	0	0
996.191609	0	0
996.241614	0	0
996.291619	0	0
996.341624	0	0
996.391629	0	0
996.441634	0	0
996.491639	0	0
996.541644	0	0
996.591649	0	0
996.641654	0	0
996.691659	0	0
996.741664	0	0
996.791669	0	0
996.841674	0	0
996.891679	0	0
996.941684	0	0
996.991689	0	0
997.041694	0	0
997.091699	0	0
997.141704	0	0
997.191709	0	0
997.241714	0	0
997.291719	0	0
997.341724	0	0
997.391729	0	0
997.441734	0	0
997.491739	0	0
997.541744	0	0
997.591749	0	0
997.641754	0	0
997.691759	0	0
997.741764	0	0
997.791769	0	0
997.841774	0	0
997.891779	0	0
997.941784	0	0
997.991789	0	0
998.041794	0	0
998.091799	0	0
998.141804	0	0
998.191809	0	0
998.241814	0	0
998.291819	0	0
998.341824	0	0
998.391829	0	0
998.441834	0	0
998.491839	0	0
998.541844	0	0
998.591849	0	0
998.641854	0	0
998.691859	0	0
998.741864	0	0
998.791869	0	0
998.841874	0	0
998.891879	0	0
998.941884	0	0
998.991889	0	0
999.041894	0	0
999.091899	0	0
999.141904	0	0
999.191909	0	0
999.241914	0	0
999.291919	0	0
999.341924	0	0
999.391929	0	0
999.441934	0	0
999.491939	0	0
999.541944	0	0
999.591949	0	0
999.641954	0	0
999.691959	0	0
999.741964	0	0
999.791969	0	0
999.841974	0	0
999.891979	0	0
999.941984	0	0
999.991989	0	0
1000.041994	0	0
1000.091999	0	0
1000.142004	0	0
1000.192009	0	0
1000.242014	0	0
1000.292019	0	0
1000.342024	0	0
1000.392029	0	0
1000.442034	0	0
1000.492039	0	0
1000.542044	0	0
1000.592049	0	0
1000.642054	0	0
1000.692059	0	0
1000.742064	0	0
1000.792069	0	0
1000.842074	0	0
1000.892079	0	0
1000.942084	0	0
1000.992089	0	0
1001.042094	0	0
1001.092099	0	0
1001.142104	0	0
1001.192109	0	0
1001.242114	0	0
1001.292119	0	0
1001.342124	0	0
1001.392129	0	0
1001.442134	0	0
1001.492139	0	0
1001.542144	0	0
1001.592149	0	0
1001.642154	0	0
1001.692159	0	0
1001.742164	0	0
1001.792169	0	0
1001.842174	0	0
1001.892179	0	0
1001.942184	0	0
1001.992189	0	0
1002.042194	0	0
1002.092199	0	0
1002.142204	0	0
1002.192209	0	0
1002.242214	0	0
1002.292219	0	0
1002.342224	0	0
1002.392229	0	0
1002.442234	0	0
1002.492239	0	0
1002.542244	0	0
1002.592249	0	0
1002.642254	0	0
1002.692259	0	0
1002.742264	0	0
1002.792269	0	0
1002.842274	0	0
1002.892279	0	0
1002.942284	0	0
1002.992289	0	0
1003.042294	0	0
1003.092299	0	0
1003.142304	0	0
1003.192309	0	0
1003.242314	0	0
1003.292319	0	0
1003.342324	0	0
1003.392329	0	0
1003.442334	0	0
1003.492339	0	0
1003.542344	0	0
1003.592349	0	0
1003.642354	0	0
1003.692359	0	0
1003.742364	0	0
1003.792369	0	0
1003.842374	0	0
1003.892379	0	0
1003.942384	0	0
1003.992389	0	0
1004.042394	0	0
1004.092399	0	0
1004.142404	0	0
1004.192409	0	0
1004.242414	0	0
1004.292419	0	0
1004.342424	0	0
1004.392429	0	0
1004.442434	0	0
1004.492439	0	0
1004.542444	0	0
1004.592449	0	0
1004.642454	0	0
1004.692459	0	0
1004.742464	0	0
1004.792469	0	0
1004.842474	0	0
1004.892479	0	0
1004.942484	0	0
1004.992489	0	0
1005.042494	0	0
1005.092499	0	0
1005.142504	0	0
1005.192509	0	0
1005.242514	0	0
1005.292519	0	0
1005.342524	0	0
1005.392529	0	0
1005.441534	0	0
1005.491539	0	0
1005.541544	0	0
1005.591549	0	0
1005.641554	0	0
1005.691559	0	0
1005.741564	0	0
1005.791569	0	0
1005.841574	0	0
1005.891579	0	0
1005.941584	0	0
1005.991589	0	0
1006.041594	0	0
1006.091599	0	0
1006.141604	0	0
1006.191609	0	0
1006.241614	0	0
1006.291619	0	0
1006.341624	0	0
1006.391629	0	0
1006.441634	0	0
1006.491639	0	0
1006.541644	0	0
1006.591649	0	0
1006.641654	0	0
1006.691659	0	0
1006.741664	0	0
1006.791669	0	0
1006.841674	0	0
1006.891679	0	0
1006.941684	0	0
1006.991689	0	0
1007.041694	0	0
1007.091699	0	0
1007.141704	0	0
1007.191709	0	0
1007.241714	0	0
1007.291719	0	0
1007.341724	0	0
1007.391729	0	0
1007.441734	0	0
1007.491739	0	0
1007.541744	0	0
1007.591749	0	0
1007.641754	0	0
1007.691759	0	0
1007.741764	0	0
1007.791769	0	0
1007.841774	0	0
1007.891779	0	0
1007.941784	0	0
1007.991789	0	0
1008.041794	0	0
1008.091799	0	0
1008.141804	0	0
1008.191809	0	0
1008.241814	0	0
1008.291819	0	0
1008.341824	0	0
1008.391829	0	0
1008.441834	0	0
1008.491839	0	0
1008.541844	0	0
1008.591849	0	0
1008.641854	0	0
1008.691859	0	0
1008.741864	0	0
1008.791869	0	0
1008.841874	0	0
1008.891879	0	0
1008.941884	0	0
1008.991889	0	0
1009.041894	0	0
1009.091899	0	0
1009.141904	0	0
1009.191909	0	0
1009.241914	0	0
1009.291919	0	0
1009.341924	0	0
1009.391929	0	0
1009.441934	0	0
1009.491939	0	0
1009.541944	0	0
1009.591949	0	0
1009.641954	0	0
1009.691959	0	0
1009.741964	0	0
1009.791969	0	0
1009.841974	0	0
1009.891979	0	0
1009.941984	0	0
1009.991989	0	0
1010.041994	0	0
1010.091999	0	0
1010.142004	0	0
1010.192009	0	0
1010.242014	0	0
1010.292019	0	0
1010.342024	0	0
1010.392029	0	0
1010.442034	0	0
1010.492039	0	0
1010.542044	0	0
1010.592049	0	0
1010.642054	0	0
1010.692059	0	0
1010.742064	0	0
1010.792069	0	0
1010.842074	0	0
1010.892079	0	0
1010.942084	0	0
1010.992089	0	0
1011.042094	0	0
1011.092099	0	0
1011.142104	0	0
1011.192109	0	0
1011.242114	0	0
1011.292119	0	0
1011.342124	0	0
1011.392129	0	0
1011.442134	0	0
1011.492139	0	0
1011.542144	0	0
1011.592149	0	0
1011.642154	0	0
1011.692159	0	0
1011.742164	0	0
1011.792169	0	0
1011.842174	0	0
1011.892179	0	0
1011.942184	0	0
1011.992189	0	0
1012.042194	0	0
1012.092199	0	0
1012.142204	0	0
1012.192209	0	0
1012.242214	0	0
1012.292219	0	0
1012.342224	0	0
1012.392229	0	0
1012.442234	0	0
1012.492239	0	0
1012.542244	0	0
1012.592249	0	0
1012.642254	0	0
1012.692259	0	0
1012.742264	0	0
1012.792269	0	0
1012.842274	0	0
1012.892279	0	0
1012.942284	0	0
1012.992289	0	0
1013.042294	0	0
1013.092299	0	0
1013.142304	0	0
1013.192309	0	0
1013.242314	0	0
1013.292319	0	0
1013.342324	0	0
1013.392329	0	0
1013.442334	0	0
1013.492339	0	0
1013.542344	0	0
1013.592349	0	0
1013.642354	0	0
1013.692359	0	0
1013.742364	0	0
1013.792369	0	0
1013.842374	0	0
1013.892379	0	0
1013.942384	0	0
1013.992389	0	0
1014.042394	0	0
1014.092399	0	0
1014.142404	0	0
1014.192409	0	0
1014.242414	0	0
1014.292419	0	0
1014.342424	0	0
1014.392429	0	0
1014.442434	0	0
1014.492439	0	0
1014.542444	0	0
1014.592449	0	0
1014.642454	0	0
1014.692459	0	0
1014.742464	0	0
1014.792469	0	0
1014.842474	0	0
1014.892479	0	0
1014.942484	0	0
1014.992489	0	0
1015.042494	0	0
1015.092499	0	0
1015.142504	0	0
1015.192509	0	0
1015.242514	0	0
1015.292519	0	0
1015.342524	0	0
1015.392529	0	0
1015.442534	0	0
1015.492539	0	0
1015.542544	0	0
1015.592549	0	0
1015.642554	0	0
1015.692559	0	0
1015.742564	0	0
1015.792569	0	0
1015.842574	0	0
1015.892579	0	0
1015.942584	0	0
1015.992589	0	0
1016.042594	0	0
1016.092599	0	0
1016.142604	0	0
1016.192609	0	0
1016.242614	0	0
1016.292619	0	0
1016.342624	0	0
1016.392629	0	0
1016.442634	0	0
1016.492639	0	0
1016.542644	0	0
1016.592649	0	0
1016.642654	0	0
1016.692659	0	0
1016.742664	0	0
1016.792669	0	0
1016.842674	0	0
1016.892679	0	0
1016.942684	0	0
1016.992689	0	0
1017.042694	0	0
1017.092699	0	0
1017.142704	0	0
1017.192709	0	0
1017.242714	0	0
1017.292719	0	0
1017.342724	0	0
1017.392729	0	0
1017.442734	0	0
1017.492739	0	0
1017.542744	0	0
1017.592749	0	0
1017.642754	0	0
1017.692759	0	0
1017.742764	0	0
1017.792769	0	0
1017.842774	0	0
1017.892779	0	0
1017.942784	0	0
1017.992789	0	0
1018.042794	0	0
1018.092799	0	0
1018.142804	0	0
1018.192809	0	0
1018.242814	0	0
1018.292819	0	0
1018.342824	0	0
1018.392829	0	0
1018.442834	0	0
1018.492839	0	0
1018.542844	0	0
1018.592849	0	0
1018.642854	0	0
1018.692859	0	0
1018.742864	0	0
1018.792869	0	0
1018.842874	0	0
1018.892879	0	0
1018.942884	0	0
1018.992889	0	0
1019.042894	0	0
1019.092899	0	0
1019.142904	0	0
1019.192909	0	0
1019.242914	0	0
1019.292919	0	0
1019.342924	0	0
1019.392929	0	0
1019.442934	0	0
1019.492939	0	0
1019.542944	0	0
1019.592949	0	0
1019.642954	0	0
1019.692959	0	0
1019.742964	0	0
1019.792969	0	0
1019.842974	0	0
1019.892979	0	0
1019.942984	0	0
1019.992989	0	0
1020.042994	0	0
1020.092999	0	0
1020.143004	0	0
1020.193009	0	0
1020.243014	0	0
1020.293019	0	0
1020.343024	0	0
1020.393029	0	0
1020.443034	0	0
1020.493039	0	0
1020.543044	0	0
1020.593049	0	0
1020.643054	0	0
1020.693059	0	0
1020.743064	0	0
1020.793069	0	0
1020.843074	0	0
1020.893079	0	0
1020.943084	0	0
1020.993089	0	0
1021.043094	0	0
1021.093099	0	0
1021.143104	0	0
1021.193109	0	0
1021.243114	0	0
1021.293119	0	0
1021.343124	0	0
1021.393129	0	0
1021.443134	0	0
1021.494139	0	0
1021.543144	0	0
1021.593149	0	0
1021.643154	0	0
1021.693159	0	0
1021.743164	0	0
1021.793169	0	0
1021.843174	0	0
1021.893179	0	0
1021.943184	0	0
1021.993189	0	0
1022.043194	0	0
1022.093199	0	0
1022.143204	0	0
1022.193209	0	0
1022.243214	0	0
1022.293219	0	0
1022.343224	0	0
1022.393229	0	0
1022.443234	0	0
1022.493239	0	0
1022.543244	0	0
1022.593249	0	0
1022.643254	0	0
1022.693259	0	0
1022.743264	0	0
1022.793269	0	0
1022.843274	0	0
1022.893279	0	0
1022.942284	0	0
1022.992289	0	0
1023.042294	0	0
1023.092299	0	0
1023.142304	0	0
1023.192309	0	0
1023.242314	0	0
1023.292319	0	0
1023.342324	0	0
1023.392329	0	0
1023.442334	0	0
1023.492339	0	0
1023.542344	0	0
1023.592349	0	0
1023.642354	0	0
1023.692359	0	0
1023.742364	0	0
1023.792369	0	0
1023.842374	0	0
1023.892379	0	0
1023.942384	0	0
1023.992389	0	0
1024.042394	0	0
1024.092399	0	0
1024.142404	0	0
1024.192409	0	0
1024.242414	0	0
1024.292419	0	0
1024.342424	0	0
1024.392429	0	0
1024.442434	0	0
1024.492439	0	0
1024.542444	0	0
1024.592449	0	0
1024.642454	0	0
1024.692459	0	0
1024.742464	0	0
1024.792469	0	0
1024.842474	0	0
1024.892479	0	0
1024.942484	0	0
1024.992489	0	0
1025.042494	0	0
1025.092499	0	0
1025.142504	0	0
1025.192509	0	0
1025.242514	0	0
1025.292519	0	0
1025.342524	0	0
1025.392529	0	0
1025.442534	0	0
1025.492539	0	0
1025.542544	0	0
1025.592549	0	0
1025.642554	0	0
1025.692559	0	0
1025.742564	0	0
1025.792569	0	0
1025.842574	0	0
1025.892579	0	0
1025.942584	0	0
1025.992589	0	0
1026.042594	0	0
1026.092599	0	0
1026.142604	0	0
1026.192609	0	0
1026.242614	0	0
1026.292619	0	0
1026.342624	0	0
1026.392629	0	0
1026.442634	0	0
1026.492639	0	0
1026.542644	0	0
1026.592649	0	0
1026.642654	0	0
1026.692659	0	0
1026.742664	0	0
1026.792669	0	0
1026.842674	0	0
1026.892679	0	0
1026.942684	0	0
1026.992689	0	0
1027.042694	0	0
1027.092699	0	0
1027.142704	0	0
1027.192709	0	0
1027.242714	0	0
1027.292719	0	0
1027.342724	0	0
1027.392729	0	0
1027.442734	0	0
1027.492739	0	0
1027.542744	0	0
1027.592749	0	0
1027.642754	0	0
1027.692759	0	0
1027.742764	0	0
1027.792769	0	0
1027.842774	0	0
1027.892779	0	0
1027.942784	0	0
1027.992789	0	0
1028.042794	0	0
1028.092799	0	0
1028.142804	0	0
1028.192809	0	0
1028.242814	0	0
1028.292819	0	0
1028.342824	0	0
1028.392829	0	0
1028.442834	0	0
1028.492839	0	0
1028.542844	0	0
1028.592849	0	0
1028.642854	0	0
1028.692859	0	0
1028.742864	0	0
1028.792869	0	0
1028.842874	0	0
1028.892879	0	0
1028.942884	0	0
1028.992889	0	0
1029.042894	0	0
1029.092899	0	0
1029.142904	0	0
1029.192909	0	0
1029.242914	0	0
1029.292919	0	0
1029.342924	0	0
1029.392929	0	0
1029.442934	0	0
1029.492939	0	0
1029.542944	0	0
1029.592949	0	0
1029.642954	0	0
1029.692959	0	0
1029.742964	0	0
1029.792969	0	0
1029.842974	0	0
1029.892979	0	0
1029.942984	0	0
1029.992989	0	0
1030.042994	0	0
1030.092999	0	0
1030.143004	0	0
1030.193009	0	0
1030.243014	0	0
1030.293019	0	0
1030.343024	0	0
1030.393029	0	0
1030.443034	0	0
1030.493039	0	0
1030.543044	0	0
1030.593049	0	0
1030.643054	0	0
1030.693059	0	0
1030.743064	0	0
1030.793069	0	0
1030.843074	0	0
1030.893079	0	0
1030.943084	0	0
1030.993089	0	0
1031.043094	0	0
1031.093099	0	0
1031.143104	0	0
1031.193109	0	0
1031.243114	0	0
1031.293119	0	0
1031.343124	0	0
1031.393129	0	0
1031.443134	0	0
1031.493139	0	0
1031.543144	0	0
1031.593149	0	0
1031.643154	0	0
1031.693159	0	0
1031.743164	0	0
1031.793169	0	0
1031.843174	0	0
1031.893179	0	0
1031.943184	0	0
1031.993189	0	0
1032.043194	0	0
1032.093199	0	0
1032.143204	0	0
1032.193209	0	0
1032.243214	0	0
1032.293219	0	0
1032.343224	0	0
1032.393229	0	0
1032.443234	0	0
1032.493239	0	0
1032.543244	0	0
1032.593249	0	0
1032.643254	0	0
1032.693259	0	0
1032.743264	0	0
1032.793269	0	0
1032.843274	0	0
1032.893279	0	0
1032.943284	0	0
1032.993289	0	0
1033.043294	0	0
1033.093299	0	0
1033.143304	0	0
1033.193309	0	0
1033.243314	0	0
1033.293319	0	0
1033.343324	0	0
1033.393329	0	0
1033.443334	0	0
1033.493339	0	0
1033.543344	0	0
1033.593349	0	0
1033.643354	0	0
1033.693359	0	0
1033.743364	0	0
1033.793369	0	0
1033.843374	0	0
1033.893379	0	0
1033.943384	0	0
1033.993389	0	0
1034.043394	0	0
1034.093399	0	0
1034.143404	0	0
1034.193409	0	0
1034.243414	0	0
1034.293419	0	0
1034.343424	0	0
1034.393429	0	0
1034.443434	0	0
1034.493439	0	0
1034.543444	0	0
1034.593449	0	0
1034.643454	0	0
1034.693459	0	0
1034.743464	0	0
1034.793469	0	0
1034.843474	0	0
1034.893479	0	0
1034.943484	0	0
1034.993489	0	0
1035.043494	0	0
1035.093499	0	0
1035.143504	0	0
1035.193509	0	0
1035.243514	0	0
1035.293519	0	0
1035.343524	0	0
1035.393529	0	0
1035.443534	0	0
1035.493539	0	0
1035.543544	0	0
1035.593549	0	0
1035.643554	0	0
1035.693559	0	0
1035.743564	0	0
1035.793569	0	0
1035.843574	0	0
1035.893579	0	0
1035.943584	0	0
1035.993589	0	0
1036.043594	0	0
1036.093599	0	0
1036.143604	0	0
1036.193609	0	0
1036.243614	0	0
1036.293619	0	0
1036.343624	0	0
1036.393629	0	0
1036.443634	0	0
1036.493639	0	0
1036.543644	0	0
1036.593649	0	0
1036.643654	0	0
1036.693659	0	0
1036.743664	0	0
1036.793669	0	0
1036.843674	0	0
1036.893679	0	0
1036.943684	0	0
1036.993689	0	0
1037.043694	0	0
1037.093699	0	0
1037.143704	0	0
1037.193709	0	0
1037.243714	0	0
1037.293719	0	0
1037.343724	0	0
1037.393729	0	0
1037.443734	0	0
1037.493739	0	0
1037.543744	0	0
1037.593749	0	0
1037.643754	0	0
1037.693759	0	0
1037.743764	0	0
1037.793769	0	0
1037.843774	0	0
1037.893779	0	0
1037.943784	0	0
1037.993789	0	0
1038.043794	0	0
1038.093799	0	0
1038.143804	0	0
1038.193809	0	0
1038.243814	0	0
1038.293819	0	0
1038.343824	0	0
1038.393829	0	0
1038.443834	0	0
1038.493839	0	0
1038.543844	0	0
1038.593849	0	0
1038.643854	0	0
1038.693859	0	0
1038.743864	0	0
1038.793869	0	0
1038.843874	0	0
1038.893879	0	0
1038.943884	0	0
1038.993889	0	0
1039.043894	0	0
1039.093899	0	0
1039.143904	0	0
1039.193909	0	0
1039.243914	0	0
1039.293919	0	0
1039.343924	0	0
1039.393929	0	0
1039.443934	0	0
1039.493939	0	0
1039.543944	0	0
1039.593949	0	0
1039.643954	0	0
1039.693959	0	0
1039.743964	0	0
1039.793969	0	0
1039.843974	0	0
1039.893979	0	0
1039.943984	0	0
1039.993989	0	0
1040.043994	0	0
1040.093999	0	0
1040.144004	0	0
1040.194009	0	0
1040.244014	0	0
1040.294019	0	0
1040.344024	0	0
1040.394029	0	0
1040.443034	0	0
1040.493039	0	0
1040.543044	0	0
1040.593049	0	0
1040.643054	0	0
1040.693059	0	0
1040.743064	0	0
1040.793069	0	0
1040.843074	0	0
1040.893079	0	0
1040.943084	0	0
1040.995089	0	0
1041.043094	0	0
1041.093099	0	0
1041.143104	0	0
1041.193109	0	0
1041.243114	0	0
1041.293119	0	0
1041.343124	0	0
1041.393129	0	0
1041.443134	0	0
1041.493139	0	0
1041.543144	0	0
1041.593149	0	0
1041.643154	0	0
1041.693159	0	0
1041.743164	0	0
1041.793169	0	0
1041.843174	0	0
1041.893179	0	0
1041.943184	0	0
1041.993189	0	0
1042.043194	0	0
1042.093199	0	0
1042.143204	0	0
1042.194209	0	0
1042.243214	0	0
1042.293219	0	0
1042.343224	0	0
1042.393229	0	0
1042.443234	0	0
1042.493239	0	0
1042.543244	0	0
1042.593249	0	0
1042.643254	0	0
1042.693259	0	0
1042.743264	0	0
1042.793269	0	0
1042.843274	0	0
1042.893279	0	0
1042.943284	0	0
1042.993289	0	0
1043.043294	0	0
1043.093299	0	0
1043.143304	0	0
1043.193309	0	0
1043.243314	0	0
1043.293319	0	0
1043.343324	0	0
1043.393329	0	0
1043.443334	0	0
1043.493339	0	0
1043.543344	0	0
1043.593349	0	0
1043.643354	0	0
1043.693359	0	0
1043.743364	0	0
1043.793369	0	0
1043.843374	0	0
1043.893379	0	0
1043.943384	0	0
1043.993389	0	0
1044.043394	0	0
1044.093399	0	0
1044.143404	0	0
1044.193409	0	0
1044.243414	0	0
1044.293419	0	0
1044.343424	0	0
1044.393429	0	0
1044.443434	0	0
1044.493439	0	0
1044.543444	0	0
1044.593449	0	0
1044.643454	0	0
1044.693459	0	0
1044.743464	0	0
1044.793469	0	0
1044.843474	0	0
1044.893479	0	0
1044.943484	0	0
1044.994489	0	0
1045.043494	0	0
1045.093499	0	0
1045.143504	0	0
1045.193509	0	0
1045.243514	0	0
1045.293519	0	0
1045.343524	0	0
1045.393529	0	0
1045.443534	0	0
1045.493539	0	0
1045.543544	0	0
1045.593549	0	0
1045.643554	0	0
1045.693559	0	0
1045.743564	0	0
1045.793569	0	0
1045.843574	0	0
1045.893579	0	0
1045.943584	0	0
1045.993589	0	0
1046.043594	0	0
1046.093599	0	0
1046.143604	0	0
1046.193609	0	0
1046.243614	0	0
1046.293619	0	0
1046.343624	0	0
1046.393629	0	0
1046.443634	0	0
1046.493639	0	0
1046.543644	0	0
1046.593649	0	0
1046.643654	0	0
1046.693659	0	0
1046.743664	0	0
1046.793669	0	0
1046.843674	0	0
1046.893679	0	0
1046.943684	0	0
1046.996689	0	0
1047.043694	0	0
1047.093699	0	0
1047.143704	0	0
1047.193709	0	0
1047.243714	0	0
1047.293719	0	0
1047.343724	0	0
1047.393729	0	0
1047.443734	0	0
1047.493739	0	0
1047.543744	0	0
1047.593749	0	0
1047.643754	0	0
1047.693759	0	0
1047.743764	0	0
1047.793769	0	0
1047.843774	0	0
1047.893779	0	0
1047.943784	0	0
1047.993789	0	0
1048.043794	0	0
1048.093799	0	0
1048.143804	0	0
1048.193809	0	0
1048.243814	0	0
1048.293819	0	0
1048.343824	0	0
1048.393829	0	0
1048.443834	0	0
1048.495839	0	0
1048.543844	0	0
1048.593849	0	0
1048.643854	0	0
1048.693859	0	0
1048.743864	0	0
1048.793869	0	0
1048.843874	0	0
1048.893879	0	0
1048.943884	0	0
1048.993889	0	0
1049.043894	0	0
1049.093899	0	0
1049.143904	0	0
1049.193909	0	0
1049.243914	0	0
1049.293919	0	0
1049.343924	0	0
1049.393929	0	0
1049.443934	0	0
1049.493939	0	0
1049.543944	0	0
1049.593949	0	0
1049.643954	0	0
1049.693959	0	0
1049.743964	0	0
1049.793969	0	0
1049.843974	0	0
1049.893979	0	0
1049.943984	0	0
1049.993989	0	0
1050.043994	0	0
1050.093999	0	0
1050.144004	0	0
1050.194009	0	0
1050.244014	0	0
1050.294019	0	0
1050.344024	0	0
1050.394029	0	0
1050.444034	0	0
1050.494039	0	0
1050.544044	0	0
1050.594049	0	0
1050.644054	0	0
1050.694059	0	0
1050.744064	0	0
1050.794069	0	0
1050.844074	0	0
1050.894079	0	0
1050.944084	0	0
1050.994089	0	0
1051.044094	0	0
1051.094099	0	0
1051.144104	0	0
1051.194109	0	0
1051.244114	0	0
1051.294119	0	0
1051.344124	0	0
1051.394129	0	0
1051.444134	0	0
1051.494139	0	0
1051.544144	0	0
1051.594149	0	0
1051.644154	0	0
1051.694159	0	0
1051.744164	0	0
1051.794169	0	0
1051.844174	0	0
1051.894179	0	0
1051.944184	0	0
1051.994189	0	0
1052.044194	0	0
1052.094199	0	0
1052.144204	0	0
1052.194209	0	0
1052.244214	0	0
1052.294219	0	0
1052.344224	0	0
1052.394229	0	0
1052.444234	0	0
1052.494239	0	0
1052.544244	0	0
1052.594249	0	0
1052.644254	0	0
1052.694259	0	0
1052.744264	0	0
1052.794269	0	0
1052.844274	0	0
1052.894279	0	0
1052.944284	0	0
1052.995289	0	0
1053.044294	0	0
1053.094299	0	0
1053.144304	0	0
1053.194309	0	0
1053.244314	0	0
1053.294319	0	0
1053.344324	0	0
1053.394329	0	0
1053.444334	0	0
1053.494339	0	0
1053.544344	0	0
1053.594349	0	0
1053.644354	0	0
1053.694359	0	0
1053.744364	0	0
1053.794369	0	0
1053.844374	0	0
1053.894379	0	0
1053.944384	0	0
1053.994389	0	0
1054.044394	0	0
1054.094399	0	0
1054.144404	0	0
1054.194409	0	0
1054.244414	0	0
1054.294419	0	0
1054.344424	0	0
1054.394429	0	0
1054.444434	0	0
1054.494439	0	0
1054.544444	0	0
1054.594449	0	0
1054.644454	0	0
1054.694459	0	0
1054.744464	0	0
1054.794469	0	0
1054.844474	0	0
1054.894479	0	0
1054.944484	0	0
1054.994489	0	0
1055.044494	0	0
1055.094499	0	0
1055.144504	0	0
1055.194509	0	0
1055.244514	0	0
1055.294519	0	0
1055.344524	0	0
1055.394529	0	0
1055.444534	0	0
1055.494539	0	0
1055.544544	0	0
1055.594549	0	0
1055.644554	0	0
1055.694559	0	0
1055.744564	0	0
1055.794569	0	0
1055.844574	0	0
1055.894579	0	0
1055.944584	0	0
1055.995589	0	0
1056.044594	0	0
1056.094599	0	0
1056.144604	0	0
1056.194609	0	0
1056.244614	0	0
1056.294619	0	0
1056.344624	0	0
1056.394629	0	0
1056.444634	0	0
1056.494639	0	0
1056.544644	0	0
1056.594649	0	0
1056.644654	0	0
1056.694659	0	0
1056.744664	0	0
1056.794669	0	0
1056.844674	0	0
1056.894679	0	0
1056.944684	0	0
1056.994689	0	0
1057.044694	0	0
1057.094699	0	0
1057.144704	0	0
1057.194709	0	0
1057.244714	0	0
1057.294719	0	0
1057.344724	0	0
1057.394729	0	0
1057.444734	0	0
1057.494739	0	0
1057.544744	0	0
1057.594749	0	0
1057.644754	0	0
1057.694759	0	0
1057.744764	0	0
1057.794769	0	0
1057.844774	0	0
1057.893779	0	0
1057.943784	0	0
1057.993789	0	0
1058.043794	0	0
1058.093799	0	0
1058.143804	0	0
1058.193809	0	0
1058.243814	0	0
1058.293819	0	0
1058.343824	0	0
1058.393829	0	0
1058.443834	0	0
1058.493839	0	48
1058.543844	0	88
1058.593849	0	144
1058.643854	0	144
1058.693859	0	144
1058.743864	0	152
1058.793869	0	220
1058.843874	0	220
1058.893879	0	220
1058.943884	0	220
1059.001890	0	220
1059.043894	0	220
1059.093899	0	220
1059.143904	0	220
1059.193909	0	220
1059.243914	0	220
1059.293919	0	220
1059.343924	0	220
1059.393929	0	220
1059.443934	0	220
1059.493939	0	220
1059.543944	0	220
1059.593949	0	220
1059.643954	0	220
1059.693959	0	220
1059.743964	0	220
1059.793969	0	220
1059.843974	0	220
1059.893979	0	220
1059.943984	0	220
1059.993989	0	220
1060.043994	0	220
1060.093999	0	220
1060.144004	0	220
1060.195009	0	220
1060.244014	0	220
1060.294019	0	220
1060.344024	0	220
1060.394029	0	220
1060.444034	0	220
1060.496039	0	220
1060.544044	0	220
1060.594049	0	220
1060.644054	0	220
1060.694059	0	220
1060.744064	0	220
1060.794069	0	220
1060.844074	0	220
1060.894079	0	220
1060.944084	0	220
1060.994089	0	220
1061.044094	0	220
1061.094099	0	220
1061.144104	0	220
1061.194109	0	220
1061.244114	0	220
1061.294119	0	220
1061.344124	0	220
1061.394129	0	220
1061.444134	0	220
1061.494139	0	220
1061.544144	0	220
1061.594149	0	220
1061.644154	0	220
1061.694159	0	220
1061.744164	0	220
1061.794169	0	220
1061.844174	0	220
1061.894179	0	220
1061.944184	0	220
1061.994189	0	220
1062.044194	0	220
1062.094199	0	220
1062.144204	0	220
1062.194209	0	220
1062.244214	0	220
1062.294219	0	220
1062.344224	0	220
1062.394229	0	220
1062.445234	0	220
1062.494239	0	220
1062.544244	0	220
1062.594249	0	220
1062.644254	0	220
1062.694259	0	220
1062.744264	0	220
1062.794269	0	220
1062.844274	0	220
1062.894279	0	220
1062.944284	0	220
1062.994289	0	220
1063.044294	0	220
1063.094299	0	220
1063.144304	0	220
1063.194309	0	220
1063.244314	0	220
1063.294319	0	220
1063.344324	0	220
1063.394329	0	220
1063.444334	0	220
1063.494339	0	220
1063.544344	0	220
1063.594349	0	220
1063.644354	0	220
1063.694359	0	220
1063.744364	0	220
1063.794369	0	220
1063.844374	0	220
1063.894379	0	220
1063.944384	0	220
1063.994389	0	220
1064.044394	0	220
1064.094399	0	220
1064.144404	0	220
1064.194409	0	220
1064.244414	0	220
1064.294419	0	220
1064.344424	0	220
1064.394429	0	220
1064.444434	0	220
1064.494439	0	220
1064.544444	0	220
1064.594449	0	220
1064.644454	0	220
1064.694459	0	220
1064.744464	0	220
1064.794469	0	220
1064.844474	0	220
1064.894479	0	220
1064.944484	0	220
1064.994489	0	220
1065.044494	0	220
1065.094499	0	220
1065.144504	0	220
1065.194509	0	220
1065.244514	0	220
1065.294519	0	220
1065.344524	0	220
1065.394529	0	220
1065.444534	0	220
1065.494539	0	220
1065.544544	0	220
1065.594549	0	220
1065.644554	0	220
1065.694559	0	220
1065.744564	0	220
1065.794569	0	220
1065.844574	0	220
1065.894579	0	220
1065.944584	0	220
1065.994589	0	220
1066.044594	0	220
1066.094599	0	220
1066.144604	0	220
1066.194609	0	220
1066.244614	0	220
1066.294619	0	220
1066.344624	0	220
1066.394629	0	220
1066.444634	0	220
1066.494639	0	220
1066.544644	0	220
1066.594649	0	220
1066.644654	0	220
1066.694659	0	220
1066.744664	0	220
1066.794669	0	220
1066.844674	0	220
1066.894679	0	220
1066.945684	0	220
1066.994689	0	220
1067.044694	0	220
1067.094699	0	220
1067.144704	0	220
1067.194709	0	220
1067.244714	0	220
1067.294719	0	220
1067.344724	0	220
1067.394729	0	220
1067.444734	0	220
1067.494739	0	220
1067.544744	0	220
1067.594749	0	220
1067.644754	0	220
1067.694759	0	220
1067.744764	0	220
1067.794769	0	220
1067.844774	0	188
1067.894779	0	144
1067.944784	0	96
1068.000790	0	96
1068.044794	0	96
1068.094799	0	96
1068.144804	0	96
1068.194809	0	88
1068.244814	0	72
1068.294819	0	40
1068.344824	0	40
1068.394829	0	40
1068.444834	0	0
1068.494839	0	0
1068.544844	0	0
1068.594849	0	0
1068.644854	0	0
1068.694859	0	0
1068.744864	0	0
1068.794869	0	0
1068.844874	0	0
1068.894879	0	0
1068.944884	0	0
1068.994889	0	0
1069.044894	0	0
1069.094899	0	0
1069.144904	0	0
1069.194909	0	0
1069.244914	0	0
1069.294919	0	0
1069.344924	0	0
1069.394929	0	0
1069.444934	0	0
1069.494939	0	0
1069.544944	0	0
1069.594949	0	0
1069.644954	0	0
1069.694959	0	0
1069.744964	0	0
1069.794969	0	0
1069.844974	0	0
1069.894979	0	0
1069.944984	0	0
1069.994989	0	0
1070.044994	0	0
1070.094999	0	0
1070.145004	0	0
1070.195009	0	0
1070.245014	0	0
1070.295019	0	0
1070.345024	0	0
1070.395029	0	0
1070.446034	0	0
1070.495039	0	0
1070.545044	0	0
1070.595049	0	0
1070.645054	0	0
1070.695059	0	0
1070.745064	0	0
1070.795069	0	0
1070.845074	0	0
1070.895079	0	0
1070.946084	0	0
1070.995089	0	0
1071.045094	0	0
1071.095099	0	0
1071.145104	0	0
1071.195109	0	0
1071.245114	0	0
1071.295119	0	0
1071.345124	0	0
1071.395129	0	0
1071.445134	0	0
1071.495139	0	0
1071.545144	0	0
1071.595149	0	0
1071.645154	0	0
1071.695159	0	0
1071.745164	0	0
1071.795169	0	0
1071.845174	0	0
1071.895179	0	0
1071.945184	0	0
1071.995189	0	0
1072.045194	0	0
1072.095199	0	0
1072.145204	0	0
1072.195209	0	0
1072.245214	0	0
1072.295219	0	0
1072.345224	0	0
1072.395229	0	0
1072.445234	0	0
1072.495239	0	0
1072.545244	0	0
1072.595249	0	0
1072.645254	0	0
1072.695259	0	0
1072.745264	0	0
1072.795269	0	0
1072.845274	0	0
1072.895279	0	0
1072.945284	0	0
1072.995289	0	0
1073.045294	0	0
1073.095299	0	0
1073.145304	0	0
1073.195309	0	0
1073.245314	0	0
1073.295319	0	0
1073.345324	0	0
1073.395329	0	0
1073.445334	0	0
1073.495339	0	0
1073.545344	0	0
1073.595349	0	0
1073.645354	0	0
1073.695359	0	0
1073.745364	0	0
1073.795369	0	0
1073.845374	0	0
1073.895379	0	0
1073.946384	0	0
1073.995389	0	0
1074.045394	0	0
1074.095399	29	0
1074.145404	345	0
1074.195409	441	0
1074.245414	441	0
1074.295419	441	0
1074.345424	441	0
1074.395429	577	0
1074.445434	577	0
1074.495439	577	0
1074.545444	577	0
1074.595449	577	0
1074.645454	577	0
1074.695459	577	0
1074.745464	577	0
1074.795469	577	0
1074.845474	577	0
1074.895479	577	0
1074.945484	577	-21
1074.995489	577	-289
1075.045494	577	-469
1075.095499	577	-485
1075.145504	577	-765
1075.195509	577	-1281
1075.245514	577	-1433
1075.295519	577	-1585
1075.345524	1105	-1705
1075.394529	1105	-1729
1075.444534	1105	-1729
1075.494539	1105	-1729
1075.544544	1105	-1729
1075.594549	577	-1461
1075.644554	613	-1093
1075.694559	637	-905
1075.744564	637	-905
1075.794569	645	-809
1075.844573	645	-809
1075.894579	653	-801
1075.944584	653	-801
1075.994589	653	-801
1076.044594	653	-801
1076.094599	653	-801
1076.144604	653	-801
1076.194609	653	-801
1076.244614	653	-801
1076.294619	653	-801
1076.344624	697	-801
1076.394629	721	-801
1076.444633	733	-801
1076.494639	733	-801
1076.544644	773	-801
1076.594649	773	-801
1076.644654	885	-801
1076.694659	885	-801
1076.744664	913	-801
1076.797669	913	-801
1076.844674	921	-801
1076.894679	921	-801
1076.944684	921	-801
1076.994689	921	-1309
1077.044694	1305	-1829
1077.094699	1433	-2005
1077.144704	1433	-2409
1077.194709	1433	-2705
1077.244714	1433	-3269
1077.294719	1433	-3621
1077.344724	1433	-4125
1077.394729	1433	-4521
1077.444734	1433	-4625
1077.494739	1433	-4625
1077.544744	1433	-4625
1077.594748	1433	-4625
1077.644754	1433	-4625
1077.694759	1433	-4713
1077.744764	1433	-4797
1077.794769	1433	-4825
1077.844774	1433	-4905
1077.894779	1433	-5129
1077.944784	1453	-5185
1077.994789	1453	-5185
1078.044794	1461	-5197
1078.094799	1465	-5213
1078.144804	1465	-5213
1078.194808	1465	-5213
1078.244814	1465	-5213
1078.294819	1465	-5213
1078.344824	1465	-5213
1078.394829	1465	-5213
1078.444834	1513	-5213
1078.494839	1625	-5153
1078.544844	1689	-5049
1078.594849	1757	-4941
1078.644854	1849	-4753
1078.694859	1849	-4709
1078.744864	1869	-4617
1078.794869	1885	-4617
1078.844874	1989	-4429
1078.894879	2129	-4241
1078.944884	2313	-3977
1078.994889	2377	-3945
1079.044894	2593	-3833
1079.094899	2749	-3761
1079.144904	2817	-3761
1079.194909	2817	-3761
1079.244914	2817	-3749
1079.294919	2829	-3749
1079.344923	2829	-3749
1079.394929	2829	-3741
1079.444934	2897	-3697
1079.494939	2905	-3665
1079.544944	2945	-3509
1079.594949	2965	-3509
1079.644954	2965	-3473
1079.694959	2969	-3405
1079.744964	2969	-3393
1079.794969	2969	-3341
1079.844974	2969	-3337
1079.894979	2969	-3301
1079.944984	2997	-3253
1079.994989	2997	-3221
1080.044994	3013	-3221
1080.094999	3025	-3205
1080.145004	3033	-3173
1080.195009	3045	-3173
1080.245014	3057	-3169
1080.295019	3057	-3169
1080.345024	3113	-3137
1080.395029	3129	-3117
1080.445034	3177	-3113
1080.495039	3197	-3073
1080.545044	3233	-3061
1080.595049	3233	-3005
1080.645054	3261	-3005
1080.695059	3261	-2989
1080.745064	3301	-2953
1080.795069	3301	-2909
1080.845074	3301	-2909
1080.895079	3329	-2909
1080.946084	3329	-2905
1080.995089	3329	-2905
1081.045094	3357	-2857
1081.095098	3393	-2781
1081.145104	3393	-2749
1081.195109	3393	-2749
1081.245114	3413	-2713
1081.295119	3413	-2709
1081.345124	3413	-2709
1081.395129	3413	-2689
1081.446134	3413	-2669
1081.495139	3413	-2649
1081.545144	3413	-2645
1081.595149	3413	-2577
1081.645154	3425	-2565
1081.695159	3425	-2521
1081.745164	3425	-2521
1081.795169	3425	-2521
1081.845174	3437	-2469
1081.895179	3441	-2469
1081.946184	3441	-2465
1081.995189	3441	-2449
1082.045194	3441	-2413
1082.095199	3441	-2401
1082.145204	3441	-2369
1082.195209	3441	-2349
1082.245214	3441	-2277
1082.295219	3441	-2257
1082.345224	3441	-2249
1082.395229	3441	-2229
1082.446234	3441	-2201
1082.495239	3441	-2201
1082.545244	3441	-2201
1082.595249	3441	-2201
1082.645254	3457	-2193
1082.695259	3457	-2193
1082.745264	3457	-2193
1082.795269	3485	-2193
1082.845273	3485	-2193
1082.895279	3501	-2193
1082.946284	3501	-2193
1082.995289	3501	-2193
1083.045294	3529	-2193
1083.095299	3541	-2193
1083.145304	3541	-2193
1083.195309	3541	-2193
1083.245314	3549	-2193
1083.295319	3549	-2193
1083.345324	3549	-2193
1083.395329	3549	-2189
1083.446334	3561	-2185
1083.495339	3565	-2185
1083.545344	3573	-2153
1083.595349	3577	-2153
1083.645354	3577	-2153
1083.695359	3593	-2141
1083.745364	3601	-2137
1083.795369	3601	-2137
1083.845374	3601	-2109
1083.895379	3601	-2097
1083.946384	3617	-2069
1083.995389	3637	-2045
1084.045394	3637	-2013
1084.095399	3637	-1993
1084.145404	3637	-1993
1084.195409	3637	-1973
1084.245414	3637	-1969
1084.295419	3637	-1953
1084.345424	3637	-1953
1084.395429	3641	-1937
1084.445434	3645	-1937
1084.495439	3661	-1937
1084.545444	3661	-1917
1084.595448	3661	-1917
1084.645454	3661	-1917
1084.695459	3661	-1917
1084.745464	3661	-1885
1084.795469	3661	-1877
1084.845474	3665	-1861
1084.895479	3665	-1861
1084.945484	3665	-1857
1084.995489	3669	-1837
1085.045494	3669	-1837
1085.095499	3669	-1821
1085.145504	3669	-1809
1085.195509	3669	-1809
1085.245514	3669	-1797
1085.295519	3669	-1785
1085.345524	3669	-1777
1085.395529	3669	-1717
1085.445534	3669	-1717
1085.495539	3669	-1701
1085.545544	3669	-1677
1085.595549	3669	-1677
1085.645554	3669	-1677
1085.695559	3669	-1677
1085.745564	3669	-1677
1085.795569	3669	-1661
1085.845574	3669	-1653
1085.895579	3669	-1653
1085.945584	3669	-1653
1085.995589	3669	-1653
1086.045594	3669	-1653
1086.095599	3669	-1653
1086.145604	3669	-1653
1086.195609	3669	-1653
1086.245614	3669	-1645
1086.295619	3669	-1645
1086.345623	3669	-1589
1086.395629	3669	-1577
1086.445634	3669	-1541
1086.495639	3669	-1541
1086.545644	3669	-1513
1086.595649	3669	-1513
1086.645654	3669	-1509
1086.695659	3669	-1505
1086.745664	3669	-1477
1086.795669	3669	-1477
1086.845674	3669	-1477
1086.895679	3669	-1477
1086.945684	3669	-1477
1086.995689	3669	-1477
1087.045694	3669	-1477
1087.095699	3669	-1469
1087.145704	3669	-1449
1087.195709	3669	-1449
1087.245714	3669	-1437
1087.295719	3669	-1437
1087.345724	3669	-1425
1087.395729	3669	-1425
1087.445734	3669	-1425
1087.495739	3669	-1421
1087.545744	3669	-1313
1087.595749	3669	-1305
1087.645754	3669	-1305
1087.695759	3669	-1305
1087.745764	3669	-1305
1087.795769	3669	-1305
1087.845774	3669	-1305
1087.895779	3669	-1305
1087.945784	3669	-1305
1087.995789	3669	-1305
1088.045794	3669	-1305
1088.095798	3669	-1305
1088.145804	3669	-1305
1088.195809	3669	-1317
1088.245814	3669	-1373
1088.295819	3669	-1401
1088.345824	3669	-1409
1088.395829	3669	-1477
1088.445834	3717	-1585
1088.495839	3717	-1625
1088.545844	3729	-1721
1088.595849	3749	-1753
1088.645854	3749	-1753
1088.695859	3757	-1821
1088.745864	3781	-1821
1088.795869	3813	-1861
1088.845874	3813	-1893
1088.895879	3825	-1961
1088.945884	3841	-2057
1088.995889	3877	-2149
1089.045894	3909	-2273
1089.095899	3925	-2357
1089.145904	3925	-2357
1089.195909	3925	-2365
1089.245914	3925	-2365
1089.295919	3925	-2365
1089.345924	3925	-2365
1089.395929	3925	-2365
1089.445934	3925	-2365
1089.495939	3925	-2365
1089.545944	3925	-2365
1089.595949	3925	-2365
1089.645954	3925	-2365
1089.695959	3925	-2365
1089.745964	3925	-2365
1089.795969	3925	-2365
1089.845973	3925	-2393
1089.895979	3925	-2521
1089.945984	3925	-2865
1089.995989	3889	-3089
1090.045994	3841	-3221
1090.095999	3785	-3457
1090.146004	3761	-3517
1090.196009	3725	-3637
1090.246014	3697	-3717
1090.296019	3685	-3725
1090.346024	3685	-3745
1090.396029	3685	-3753
1090.446034	3685	-3773
1090.496039	3685	-3773
1090.546044	3685	-3773
1090.596049	3685	-3773
1090.646054	3685	-3773
1090.696059	3685	-3773
1090.746064	3685	-3773
1090.796069	3685	-3773
1090.846074	3685	-3773
1090.896079	3685	-3773
1090.946084	3685	-3773
1090.996089	3685	-3773
1091.046094	3685	-3773
1091.096099	3685	-3773
1091.146104	3685	-3773
1091.196109	3685	-3773
1091.246114	3685	-3773
1091.296119	3685	-3773
1091.346124	3685	-3773
1091.396129	3685	-3773
1091.446134	3685	-3773
1091.496139	3685	-3773
1091.546144	3685	-3773
1091.596148	3685	-3773
1091.646154	3685	-3773
1091.696159	3685	-3773
1091.746164	3685	-3773
1091.796169	3685	-3773
1091.846174	3685	-3773
1091.896179	3685	-3773
1091.946184	3685	-3773
1091.996189	3685	-3773
1092.046194	3685	-3773
1092.096199	3685	-3773
1092.146204	3685	-3773
1092.196209	3685	-3773
1092.246214	3685	-3773
1092.296219	3685	-3773
1092.346224	3685	-3773
1092.396229	3685	-3773
1092.446234	3685	-3773
1092.496239	3685	-3773
1092.546244	3685	-3773
1092.596249	3685	-3773
1092.646254	3685	-3773
1092.696259	3685	-3773
1092.746264	3685	-3773
1092.796269	3685	-3773
1092.846274	3685	-3773
1092.895278	3685	-3773
1092.945283	3685	-3773
1092.995289	3685	-3773
1093.045294	3685	-3773
1093.095299	3685	-3773
1093.145304	3685	-3773
1093.195309	3685	-3773
1093.245314	3685	-3773
1093.295319	3685	-3773
1093.345324	3685	-3773
1093.395329	3685	-3773
1093.445333	3685	-3773
1093.495338	3685	-3773
1093.545343	3685	-3773
1093.595349	3685	-3773
1093.645354	3685	-3773
1093.695359	3685	-3773
1093.745364	3685	-3773
1093.795369	3685	-3773
1093.845374	3685	-3773
1093.895379	3685	-3773
1093.945384	3685	-3773
1093.995389	3685	-3773
1094.045393	3685	-3773
1094.095398	3685	-3773
1094.145403	3685	-3773
1094.195409	3685	-3773
1094.245414	3685	-3773
1094.295419	3685	-3773
1094.345424	3685	-3773
1094.395429	3685	-3773
1094.445434	3685	-3773
1094.495439	3685	-3773
1094.545444	3685	-3773
1094.595448	3685	-3773
1094.645453	3685	-3773
1094.695458	3685	-3773
1094.745464	3685	-3773
1094.795469	3685	-3773
1094.845474	3685	-3773
1094.895479	3685	-3773
1094.945484	3685	-3773
1094.995489	3685	-3773
1095.045494	3685	-3773
1095.095499	3685	-3773
1095.145504	3685	-3773
1095.195508	3685	-3773
1095.245513	3685	-3773
1095.295518	3685	-3773
1095.345524	3685	-3773
1095.395529	3685	-3773
1095.445534	3685	-3773
1095.495539	3685	-3737
1095.545544	3685	-3681
1095.595549	3685	-3665
1095.645554	3685	-3633
1095.695559	3685	-3597
1095.745564	3685	-3557
1095.795568	3685	-3529
1095.845573	3685	-3481
1095.895578	3685	-3445
1095.945584	3685	-3433
1095.995589	3685	-3429
1096.045594	3685	-3429
1096.095599	3685	-3385
1096.145604	3685	-3377
1096.195609	3685	-3365
1096.245614	3685	-3365
1096.295619	3685	-3357
1096.345623	3685	-3337
1096.395628	3685	-3301
1096.445633	3685	-3301
1096.495639	3685	-3301
1096.545644	3685	-3289
1096.595649	3685	-3289
1096.645654	3685	-3289
1096.695659	3685	-3249
1096.745664	3685	-3249
1096.795669	3685	-3249
1096.845674	3685	-3249
1096.895679	3685	-3249
1096.945683	3685	-3249
1096.995688	3685	-3249
1097.045693	3685	-3249
1097.095699	3685	-3249
1097.145704	3685	-3249
1097.195709	3685	-3249
1097.245714	3685	-3249
1097.295719	3685	-3249
1097.345724	3685	-3249
1097.395729	3685	-3225
1097.445734	3685	-3213
1097.495739	3685	-3201
1097.545743	3685	-3181
1097.595748	3685	-3181
1097.645753	3685	-3181
1097.695759	3685	-3177
1097.745764	3685	-3177
1097.795769	3685	-3177
1097.845774	3685	-3157
1097.895779	3685	-3157
1097.945784	3685	-3157
1097.995789	3685	-3157
1098.045794	3685	-3157
1098.095798	3685	-3157
1098.145803	3685	-3157
1098.195808	3685	-3157
1098.245814	3685	-3157
1098.295819	3685	-3141
1098.345824	3685	-3141
1098.395829	3685	-3141
1098.445834	3685	-3137
1098.495839	3685	-3137
1098.545844	3685	-3137
1098.595849	3685	-3137
1098.645854	3685	-3137
1098.695858	3685	-3137
1098.745863	3685	-3133
1098.795868	3685	-3133
1098.845874	3685	-3133
1098.895879	3685	-3117
1098.945884	3685	-3117
1098.995889	3685	-3117
1099.045894	3685	-3117
1099.095899	3685	-3117
1099.145904	3685	-3117
1099.195909	3685	-3117
1099.245914	3685	-3117
1099.295918	3685	-3117
1099.345923	3685	-3117
1099.395928	3685	-3117
1099.445934	3685	-3117
1099.495939	3685	-3117
1099.545944	3685	-3117
1099.595949	3685	-3117
1099.645954	3685	-3117
1099.695959	3685	-3117
1099.745964	3685	-3117
1099.795969	3685	-3117
1099.845973	3685	-3117
1099.895978	3685	-3117
1099.945983	3685	-3117
1099.995989	3685	-3117
1100.045994	3685	-3117
1100.095999	3685	-3117
1100.146004	3685	-3117
1100.196009	3685	-3117
1100.246014	3685	-3117
1100.296019	3685	-3117
1100.346024	3685	-3117
1100.396029	3685	-3117
1100.446033	3685	-3117
1100.496038	3685	-3117
1100.546043	3685	-3117
1100.596049	3685	-3117
1100.646054	3685	-3117
1100.696059	3685	-3117
1100.746064	3685	-3117
1100.796069	3685	-3117
1100.846074	3685	-3117
1100.896079	3685	-3117
1100.946084	3685	-3117
1100.996089	3685	-3117
1101.046093	3685	-3117
1101.096098	3685	-3117
1101.146104	3685	-3117
1101.196109	3685	-3117
1101.246114	3685	-3117
1101.296119	3685	-3117
1101.346124	3685	-3117
1101.396129	3685	-3117
1101.446134	3685	-3101
1101.496139	3685	-3101
1101.546144	3685	-3101
1101.596148	3685	-3101
1101.646153	3685	-3073
1101.696158	3685	-3037
1101.746164	3685	-3037
1101.796169	3685	-3037
1101.846174	3685	-3037
1101.896179	3685	-3037
1101.946184	3685	-3037
1101.996189	3685	-3037
1102.046194	3685	-3037
1102.096199	3685	-3037
1102.146204	3685	-3025
1102.196208	3685	-3025
1102.246213	3685	-3017
1102.296218	3685	-3017
1102.346224	3685	-2997
1102.396229	3685	-2989
1102.446234	3685	-2961
1102.496239	3685	-2961
1102.546244	3685	-2961
1102.596249	3685	-2961
1102.646254	3685	-2945
1102.696259	3685	-2945
1102.746264	3685	-2945
1102.799269	3685	-2945
1102.846273	3685	-2945
1102.896279	3685	-2937
1102.946284	3697	-2917
1102.996289	3697	-2917
1103.046294	3697	-2889
1103.096299	3697	-2881
1103.146304	3697	-2849
1103.196309	3697	-2849
1103.246314	3705	-2845
1103.296319	3705	-2845
1103.346323	3705	-2797
1103.396328	3705	-2797
1103.446333	3705	-2797
1103.496339	3705	-2797
1103.546344	3705	-2797
1103.596349	3705	-2797
1103.646354	3705	-2785
1103.696359	3705	-2785
1103.746364	3705	-2785
1103.796369	3705	-2773
1103.846374	3705	-2765
1103.896379	3705	-2753
1103.946383	3705	-2753
1103.996388	3705	-2753
1104.046393	3705	-2749
1104.096399	3705	-2729
1104.146404	3705	-2705
1104.196409	3705	-2705
1104.246414	3705	-2705
1104.296419	3705	-2705
1104.346424	3705	-2705
1104.396429	3705	-2689
1104.446434	3705	-2677
1104.496439	3705	-2673
1104.546443	3705	-2649
1104.596448	3705	-2637
1104.646454	3705	-2637
1104.696459	3705	-2629
1104.746464	3705	-2605
1104.796469	3705	-2605
1104.846474	3705	-2601
1104.896479	3705	-2601
1104.946484	3705	-2601
1104.996489	3705	-2601
1105.046494	3705	-2601
1105.096498	3705	-2601
1105.146503	3705	-2597
1105.196508	3705	-2581
1105.246514	3705	-2581
1105.296519	3705	-2561
1105.346524	3705	-2561
1105.396529	3705	-2561
1105.446534	3705	-2481
1105.496539	3705	-2465
1105.546544	3705	-2457
1105.596549	3705	-2453
1105.646554	3705	-2417
1105.696558	3705	-2389
1105.746563	3705	-2385
1105.796568	3705	-2381
1105.846574	3705	-2381
1105.896579	3705	-2381
1105.946584	3705	-2341
1105.996589	3705	-2341
1106.046594	3705	-2341
1106.096599	3705	-2341
1106.146604	3705	-2341
1106.196609	3705	-2341
1106.246614	3705	-2341
1106.296618	3705	-2325
1106.346623	3705	-2273
1106.396629	3705	-2197
1106.446634	3705	-2161
1106.496639	3705	-2161
1106.546644	3705	-2145
1106.596649	3705	-2121
1106.646654	3705	-2101
1106.696659	3705	-2097
1106.746664	3705	-2085
1106.796669	3705	-2085
1106.846673	3705	-2085
1106.896678	3705	-2065
1106.946683	3705	-2037
1106.996689	3705	-1937
1107.046694	3705	-1913
1107.096699	3705	-1861
1107.146704	3705	-1793
1107.196709	3705	-1773
1107.246714	3705	-1773
1107.296719	3705	-1773
1107.346724	3705	-1773
1107.396729	3705	-1773
1107.446733	3705	-1773
1107.496738	3705	-1773
1107.546743	3705	-1773
1107.596749	3705	-1773
1107.646754	3705	-1773
1107.696759	3705	-1773
1107.746764	3705	-1773
1107.796769	3705	-1773
1107.846774	3705	-1733
1107.896779	3705	-1681
1107.946784	3705	-1669
1107.996789	3705	-1669
1108.046793	3705	-1653
1108.096798	3705	-1653
1108.146804	3705	-1629
1108.196809	3705	-1629
1108.246814	3705	-1629
1108.296819	3693	-1585
1108.346824	3685	-1513
1108.396829	3661	-1425
1108.446834	3661	-1341
1108.496839	3661	-1193
1108.546844	3661	-1065
1108.596848	3661	-897
1108.646853	3661	-637
1108.696858	3661	-509
1108.746864	3661	-425
1108.796869	3661	-305
1108.846874	3661	-217
1108.907880	3661	-129
1108.946884	3661	-57
1108.996889	3721	12
1109.046894	3785	64
1109.096899	4029	92
1109.146904	4245	164
1109.196908	4409	164
1109.246913	4541	272
1109.296918	4625	392
1109.346924	4781	484
1109.396929	4837	504
1109.446934	5085	580
1109.496939	5101	600
1109.546944	5165	756
1109.596949	5165	952
1109.646954	5165	1076
1109.696959	5165	1104
1109.746964	5185	1296
1109.796968	5201	1420
1109.846973	5201	1560
1109.896979	5201	1724
1109.946984	5225	1972
1109.996989	5225	2136
1110.046994	5241	2176
1110.096999	5241	2276
1110.147004	5241	2348
1110.197009	5261	2596
1110.247014	5277	2808
1110.297019	5309	2856
1110.346024	5333	2880
1110.396029	5333	2948
1110.446033	5345	3012
1110.496038	5377	3116
1110.546043	5385	3232
1110.596048	5385	3256
1110.646053	5417	3256
1110.696059	5417	3328
1110.746064	5449	3336
1110.796069	5449	3400
1110.846074	5453	3440
1110.896079	5478	3456
1110.946084	5490	3484
1110.996089	5490	3484
1111.046093	5490	3572
1111.096098	5490	3620
1111.146103	5490	3692
1111.196108	5490	3708
1111.246113	5490	3708
1111.296119	5490	3764
1111.346124	5490	3780
1111.396129	5490	3868
1111.446134	5490	3900
1111.496139	5490	3936
1111.546144	5490	3960
1111.596148	5490	4000
1111.646153	5490	4028
1111.696158	5490	4096
1111.746163	5490	4136
1111.799169	5490	4152
1111.846173	5490	4160
1111.896179	5490	4228
1111.946184	5498	4276
1111.996189	5514	4352
1112.046194	5582	4452
1112.096199	5650	4536
1112.146204	5690	4604
1112.196208	5694	4612
1112.246213	5694	5028
1112.296218	5694	5264
1112.346223	5694	5388
1112.396228	5694	5428
1112.446234	5694	5480
1112.496239	5694	5512
1112.546244	5694	5516
1112.596249	5694	5536
1112.646254	5694	5580
1112.696259	5694	5652
1112.746264	5694	5696
1112.796268	5694	5696
1112.846273	5694	5696
1112.896278	5694	5696
1112.946283	5694	5696
1112.996288	5694	5696
1113.046294	5694	5696
1113.096299	5694	5696
1113.146304	5694	5696
1113.196309	5694	5756
1113.246314	5694	5828
1113.296319	5694	5908
1113.346323	5694	5908
1113.396328	5694	5908
1113.449334	5694	5908
1113.496338	5694	5908
1113.546343	5694	5908
1113.596348	5694	5908
1113.646354	5694	5908
1113.696359	5694	5908
1113.746364	5694	5908
1113.796369	5694	5908
1113.846374	5694	5832
1113.896379	5694	5808
1113.946383	5694	5716
1113.996388	5694	5684
1114.046393	5694	5504
1114.096398	5694	5364
1114.146403	5694	5340
1114.196409	5694	5284
1114.246414	5694	5208
1114.296419	5694	5180
1114.346424	5694	5168
1114.396429	5694	5168
1114.446434	5694	5168
1114.496439	5694	5168
1114.546443	5694	5168
1114.596448	5694	5168
1114.646453	5694	5168
1114.696458	5694	5168
1114.746463	5694	5168
1114.837472	5694	5168
1114.846474	5694	5168
1114.896479	5694	5168
1114.946484	5694	5168
1114.996489	5694	5168
1115.046494	5694	5168
1115.096498	5694	5168
1115.146503	5694	5168
1115.196508	5694	5168
1115.246513	5694	5168
1115.296518	5694	5168
1115.346523	5694	5168
1115.396529	5694	5168
1115.446534	5694	5168
1115.496539	5694	5168
1115.546544	5694	5168
1115.596549	5694	5168
1115.646554	5694	5168
1115.696558	5694	5168
1115.746563	5694	5168
1115.796568	5694	5168
1115.846573	5694	5168
1115.896578	5694	5168
1115.946584	5694	5168
1115.996589	5694	5168
1116.046594	5694	5168
1116.096599	5694	5168
1116.146604	5694	5168
1116.196609	5694	5168
1116.246614	5694	5168
1116.296618	5694	5168
1116.346623	5694	5168
1116.396628	5694	5168
1116.446633	5694	5168
1116.496638	5694	5168
1116.546644	5694	5168
1116.596649	5694	5168
1116.646654	5694	5168
1116.696659	5694	5168
1116.746664	5694	5168
1116.796669	5694	5168
1116.846673	5694	5168
1116.896678	5694	5168
1116.946683	5694	5168
1116.996688	5694	5168
1117.046693	5694	5168
1117.096698	5694	5168
1117.146704	5694	5168
1117.196709	5694	5168
1117.246714	5694	5168
1117.296719	5694	5168
1117.346724	5694	5168
1117.396729	5694	5168
1117.446733	5694	5168
1117.496738	5694	5168
1117.546743	5694	5168
1117.596748	5694	5168
1117.646753	5694	5168
1117.696759	5694	5168
1117.746764	5694	5168
1117.796769	5694	5168
1117.846774	5694	5168
1117.896779	5694	5168
1117.946784	5694	5168
1117.996789	5694	5168
1118.046793	5694	5168
1118.096798	5694	5168
1118.146803	5694	5168
1118.196808	5694	5172
1118.246813	5694	5184
1118.296819	5694	5184
1118.346824	5694	5184
1118.396829	5694	5212
1118.446834	5694	5240
1118.496839	5694	5276
1118.546844	5694	5276
1118.596848	5694	5276
1118.646853	5694	5276
1118.696858	5694	5276
1118.746863	5694	5276
1118.796868	5694	5276
1118.846873	5694	5276
1118.896879	5694	5276
1118.946884	5694	5276
1118.996889	5694	5276
1119.046894	5694	5276
1119.096899	5694	5276
1119.146904	5694	5276
1119.196908	5694	5276
1119.246913	5694	5276
1119.296918	5694	5276
1119.346923	5694	5276
1119.396928	5694	5276
1119.446934	5694	5276
1119.496939	5694	5276
1119.546944	5694	5276
1119.596949	5694	5276
1119.646954	5694	5276
1119.696959	5694	5276
1119.746964	5694	5276
1119.796968	5694	5276
1119.846973	5694	5276
1119.896978	5694	5276
1119.946983	5694	5276
1119.996988	5694	5276
1120.046994	5694	5276
1120.096999	5694	5276
1120.147004	5694	5276
1120.197009	5694	5276
1120.247014	5694	5276
1120.297019	5694	5276
1120.347023	5694	5276
1120.397028	5694	5276
1120.447033	5694	5276
1120.497038	5694	5276
1120.547043	5694	5276
1120.597049	5694	5276
1120.647054	5694	5276
1120.697059	5694	5276
1120.747064	5694	5276
1120.797069	5694	5276
1120.847074	5694	5276
1120.897079	5694	5276
1120.947083	5694	5276
1120.997088	5694	5276
1121.047093	5694	5276
1121.097098	5694	5276
1121.147103	5694	5276
1121.197109	5694	5276
1121.247114	5694	5276
1121.297119	5694	5276
1121.347124	5694	5276
1121.397129	5694	5276
1121.447134	5694	5276
1121.497139	5694	5276
1121.547143	5694	5276
1121.597148	5694	5276
1121.647153	5694	5276
1121.697158	5694	5276
1121.747163	5694	5276
1121.797169	5694	5276
1121.847174	5694	5276
1121.897179	5694	5288
1121.947184	5694	5300
1121.997189	5694	5300
1122.047194	5694	5300
1122.097198	5694	5300
1122.147203	5694	5300
1122.197208	5694	5300
1122.247213	5694	5300
1122.297218	5694	5300
1122.347224	5694	5300
1122.397229	5694	5300
1122.447234	5694	5300
1122.497239	5694	5300
1122.547244	5694	5300
1122.597249	5694	5300
1122.647254	5694	5300
1122.697258	5654	5300
1122.747263	5594	5324
1122.797268	5526	5340
1122.847273	5425	5416
1122.897278	5329	5500
1122.947284	5249	5536
1122.997289	5165	5568
1123.047294	5105	5608
1123.097299	5053	5644
1123.147304	5017	5648
1123.197309	5017	5648
1123.247313	4977	5648
1123.297318	4977	5648
1123.347323	4957	5648
1123.397328	4857	5672
1123.447333	4797	5672
1123.497338	4733	5672
1123.547344	4633	5712
1123.597349	4433	5728
1123.647354	4149	5772
1123.697359	4065	5772
1123.747364	4009	5780
1123.797369	3877	5780
1123.847373	3641	5780
1123.897378	3289	5780
1123.947383	2937	5780
1123.997388	2889	5780
1124.047393	2877	5780
1124.097399	2853	5780
1124.147404	2721	5780
1124.197409	2509	5832
1124.247414	2101	5840
1124.297419	2081	5840
1124.347424	2061	5856
1124.397429	2061	5856
1124.447433	2045	5856
1124.497438	1917	5856
1124.547443	1713	5864
1124.597448	1709	5864
1124.647453	1709	5864
1124.697459	1709	5864
1124.747464	1697	5864
1124.797469	1649	5864
1124.847474	1541	5864
1124.897479	1389	5864
1124.947484	1233	5864
1124.997488	1069	5864
1125.047493	901	5864
1125.097498	861	5864
1125.147503	829	5864
1125.198509	829	5864
1125.247513	805	5876
1125.297519	805	5896
1125.347524	797	5896
1125.397529	797	5896
1125.447534	797	5896
1125.497539	797	5896
1125.547544	797	5896
1125.597548	797	5896
1125.647553	797	5896
1125.697558	797	5896
1125.747563	797	5896
1125.797568	797	5896
1125.847574	797	5896
1125.897579	797	5896
1125.947584	797	5896
1125.997589	797	5896
1126.047594	797	5896
1126.097599	797	5896
1126.147604	797	5896
1126.197608	797	5896
1126.247613	797	5896
1126.297618	797	5896
1126.347623	797	5896
1126.397628	797	5896
1126.447634	797	5896
1126.497639	797	5896
1126.547644	797	5896
1126.597649	797	5896
1126.647654	797	5896
1126.697659	797	5896
1126.747663	797	5896
1126.797668	797	5896
1126.847673	797	5896
1126.897678	797	5896
1126.947683	797	5896
1126.997688	797	5896
1127.047694	797	5896
1127.097699	797	5896
1127.147704	797	5896
1127.197709	797	5896
1127.247714	797	5896
1127.297719	797	5896
1127.347723	797	5896
1127.397728	797	5896
1127.447733	797	5896
1127.497738	797	5896
1127.547743	797	5896
1127.597749	797	5896
1127.647754	797	5896
1127.697759	797	5896
1127.747764	797	5896
1127.797769	797	5896
1127.846774	797	5896
1127.896779	797	5896
1127.946784	797	5896
1127.996789	797	5896
1128.046793	797	5896
1128.096798	797	5896
1128.146803	797	5896
1128.196808	797	5896
1128.246813	797	5896
1128.296818	797	5896
1128.346823	797	5896
1128.396829	797	5896
1128.446834	797	5896
1128.496839	797	5896
1128.546844	797	5896
1128.597848	797	5896
1128.646853	797	5896
1128.696858	797	5896
1128.746863	797	5896
1128.796868	797	5896
1128.846873	797	5896
1128.896878	797	5896
1128.946883	797	5896
1128.996889	797	5896
1129.046894	797	5896
1129.096899	797	5896
1129.146904	797	5896
1129.196908	797	5896
1129.246913	797	5896
1129.296918	797	5896
1129.346923	797	5896
1129.396928	797	5896
1129.446933	797	5896
1129.496938	797	5896
1129.546943	797	5896
1129.596949	797	5896
1129.646954	797	5896
1129.696959	797	5896
1129.746964	797	5896
1129.796968	797	5896
1129.846973	797	5896
1129.896978	797	5896
1129.946983	797	5896
1129.996988	797	5896
1130.046993	797	5896
1130.096998	797	5896
1130.147004	797	5896
1130.197009	797	5896
1130.247014	797	5920
1130.297019	797	5920
1130.347023	797	5920
1130.397028	797	5956
1130.447033	797	5956
1130.497038	797	5956
1130.547043	797	5956
1130.597048	797	5956
1130.647053	797	5956
1130.697058	797	5956
1130.747064	797	5956
1130.797069	797	5956
1130.847074	797	5956
1130.897079	797	5956
1130.947083	797	5956
1130.997088	797	5956
1131.047093	797	5956
1131.097098	797	5956
1131.147103	797	5956
1131.197108	797	5956
1131.247113	797	5956
1131.297118	797	5956
1131.347124	797	5956
1131.397129	797	5956
1131.447134	797	5956
1131.497139	797	5956
1131.547143	797	5956
1131.597148	797	5956
1131.647153	797	5956
1131.697158	797	5956
1131.747163	797	5956
1131.797168	797	5956
1131.847173	797	5956
1131.897179	797	5956
1131.947184	797	5956
1131.997189	797	5956
1132.047194	797	5956
1132.097198	797	5956
1132.147203	797	5956
1132.197208	797	5956
1132.247213	797	5956
1132.297218	797	5956
1132.347223	797	5956
1132.397228	797	5956
1132.447233	797	5956
1132.497239	797	5956
1132.547244	797	5956
1132.597249	797	5956
1132.647254	797	5956
1132.697258	797	5956
1132.747263	797	5956
1132.797268	797	5956
1132.847273	797	5956
1132.897278	797	5956
1132.947283	797	5956
1132.997288	797	5956
1133.047293	797	5956
1133.097299	797	5956
1133.147304	797	5956
1133.197309	797	5956
1133.247313	797	5956
1133.297318	797	5956
1133.347323	797	5956
1133.397328	797	5956
1133.447333	797	5956
1133.497338	797	5956
1133.547343	797	5956
1133.597348	797	5956
1133.647354	797	5956
1133.699358	797	5956
1133.747364	797	5956
1133.797369	797	5956
1133.847373	797	5956
1133.897378	797	5956
1133.947383	797	5956
1133.997388	797	5956
1134.047393	797	5956
1134.097398	797	5956
1134.147403	797	5956
1134.197408	797	5956
1134.247414	797	5956
1134.297419	797	5944
1134.347424	797	5944
1134.397429	797	5944
1134.447433	797	5944
1134.497438	797	5944
1134.547443	797	5944
1134.597448	797	5944
1134.647453	797	5944
1134.697458	797	5944
1134.747463	797	5944
1134.797468	797	5944
1134.847474	797	5944
1134.897479	797	5944
1134.947484	797	5944
1134.997488	797	5944
1135.047493	797	5944
1135.097498	797	5944
1135.147503	797	5944
1135.197508	797	5944
1135.247513	797	5944
1135.297518	797	5944
1135.347523	797	5944
1135.397529	797	5944
1135.447534	797	5944
1135.497539	797	5944
1135.547544	797	5944
1135.597548	797	5944
1135.647553	797	5944
1135.697558	797	5944
1135.747563	797	5944
1135.797568	797	5944
1135.847573	797	5944
1135.897578	797	5944
1135.947583	797	5944
1135.997589	797	5944
1136.047594	797	5944
1136.097599	797	5944
1136.147604	797	5944
1136.197608	797	5944
1136.247613	797	5944
1136.297618	797	5944
1136.347623	797	5944
1136.397628	797	5944
1136.447633	797	5944
1136.497638	797	5944
1136.547643	797	5944
1136.597649	797	5944
1136.647654	797	5944
1136.697659	797	5944
1136.747663	797	5944
1136.797668	797	5944
1136.847673	797	5944
1136.897678	797	5944
1136.947683	797	5944
1136.997688	797	5944
1137.047693	797	5944
1137.097698	797	5944
1137.147704	797	5944
1137.197709	797	5944
1137.247714	797	5944
1137.297719	797	5944
1137.347723	797	5944
1137.397728	797	5944
1137.447733	797	5944
1137.497738	797	5944
1137.547743	797	5944
1137.597748	797	5944
1137.647753	797	5944
1137.697758	797	5944
1137.747764	797	5944
1137.797769	797	5944
1137.847774	797	5944
1137.897779	797	5944
1137.947783	797	5944
1137.997788	797	5944
1138.047793	797	5944
1138.097798	797	5944
1138.147803	797	5944
1138.197808	797	5944
1138.247813	797	5912
1138.297818	797	5900
1138.347824	797	5888
1138.397829	797	5888
1138.447834	797	5888
1138.497838	797	5888
1138.547843	797	5888
1138.597848	797	5888
1138.647853	797	5888
1138.697858	797	5888
1138.747863	797	5888
1138.797868	797	5888
1138.847873	797	5888
1138.897879	797	5888
1138.947884	797	5888
1138.997889	797	5888
1139.047894	797	5888
1139.097898	797	5888
1139.147903	797	5888
1139.197908	797	5888
1139.247913	797	5888
1139.297918	797	5888
1139.347923	797	5888
1139.397928	797	5888
1139.447933	797	5888
1139.497939	797	5888
1139.547944	797	5888
1139.597949	797	5888
1139.647954	797	5888
1139.697958	797	5888
1139.747963	797	5888
1139.797968	797	5888
1139.847973	797	5888
1139.897978	797	5888
1139.947983	797	5888
1139.997988	797	5888
1140.047993	797	5888
1140.097999	797	5888
1140.148004	797	5888
1140.198009	797	5888
1140.248013	797	5888
1140.298018	797	5888
1140.348023	797	5888
1140.398028	797	5888
1140.448033	797	5888
1140.498038	797	5888
1140.548043	797	5888
1140.598048	797	5888
1140.648054	797	5888
1140.698059	797	5888
1140.748064	797	5888
1140.798069	797	5888
1140.848073	797	5888
1140.898078	797	5888
1140.948083	797	5888
1140.998088	797	5888
1141.048093	797	5888
1141.098098	797	5888
1141.148103	797	5888
1141.198108	797	5888
1141.248114	797	5888
1141.298119	797	5888
1141.348124	797	5888
1141.398129	797	5888
1141.448133	797	5888
1141.498138	797	5888
1141.548143	797	5888
1141.598148	797	5888
1141.648153	797	5888
1141.698158	797	5888
1141.748163	797	5888
1141.798169	797	5888
1141.848174	797	5888
1141.898179	797	5888
1141.948184	797	5888
1141.998188	797	5888
1142.048193	797	5888
1142.098198	797	5888
1142.148203	797	5888
1142.198208	797	5888
1142.248213	797	5888
1142.298218	797	5888
1142.348223	797	5888
1142.398229	797	5888
1142.448234	797	5888
1142.498239	797	5888
1142.548244	797	5880
1142.598248	797	5880
1142.648253	797	5880
1142.698258	797	5880
1142.748263	797	5880
1142.798268	797	5880
1142.848273	797	5880
1142.898278	797	5880
1142.948283	797	5880
1142.998289	797	5880
1143.048294	797	5880
1143.098299	797	5880
1143.148304	797	5880
1143.198308	797	5880
1143.248313	797	5880
1143.298318	797	5880
1143.348323	797	5880
1143.398328	797	5880
1143.448333	797	5880
1143.498338	797	5880
1143.548344	797	5880
1143.598349	797	5880
1143.648354	797	5880
1143.698359	797	5880
1143.748363	797	5880
1143.798368	797	5880
1143.848373	797	5876
1143.898378	797	5876
1143.948383	797	5876
1143.998388	797	5876
1144.048393	797	5876
1144.098398	797	5876
1144.148404	797	5876
1144.198409	797	5876
1144.248414	797	5876
1144.298419	797	5876
1144.348423	797	5876
1144.398428	797	5876
1144.448433	797	5876
1144.498438	797	5876
1144.548443	797	5876
1144.598448	797	5876
1144.648453	797	5876
1144.698458	797	5876
1144.748464	797	5876
1144.798469	797	5876
1144.848474	797	5864
1144.898479	797	5864
1144.948483	797	5864
1144.998488	797	5852
1145.048493	797	5852
1145.098498	797	5852
1145.148503	797	5852
1145.198508	797	5852
1145.248513	797	5852
1145.298519	797	5852
1145.347523	797	5852
1145.397528	797	5852
1145.447533	797	5852
1145.497538	797	5852
1145.547544	797	5852
1145.597548	797	5852
1145.647553	797	5852
1145.697558	797	5852
1145.747563	797	5852
1145.797568	797	5852
1145.847573	797	5852
1145.897578	797	5852
1145.947583	797	5852
1145.997588	797	5852
1146.047593	797	5852
1146.097599	797	5852
1146.147604	797	5852
1146.197608	797	5852
1146.247613	797	5852
1146.297618	797	5852
1146.347623	797	5852
1146.397628	797	5852
1146.447633	797	5852
1146.497638	797	5852
1146.547643	797	5852
1146.597648	797	5852
1146.647653	797	5852
1146.697659	797	5852
1146.747663	797	5852
1146.797668	797	5852
1146.847673	797	5852
1146.897678	797	5852
1146.947683	797	5852
1146.997688	797	5852
1147.047693	797	5852
1147.097698	797	5852
1147.147703	797	5852
1147.197708	797	5852
1147.247713	797	5852
1147.297719	797	5852
1147.347723	797	5852
1147.397728	797	5852
1147.447733	797	5852
1147.497738	797	5852
1147.547743	797	5852
1147.597748	797	5852
1147.647753	797	5852
1147.697758	797	5852
1147.747763	797	5852
1147.797768	797	5852
1147.847774	797	5852
1147.897779	797	5852
1147.947783	797	5852
1147.997788	797	5832
1148.047793	797	5812
1148.097798	797	5756
1148.147803	797	5744
1148.197808	797	5740
1148.247813	797	5700
1148.297818	797	5676
1148.347823	797	5556
1148.397828	797	5504
1148.447834	797	5428
1148.497838	797	5316
1148.547843	797	5120
1148.597848	797	4884
1148.647853	797	4612
1148.697858	761	4396
1148.747863	689	4252
1148.797868	657	4084
1148.847873	569	3944
1148.897878	565	3820
1148.947883	545	3788
1148.997888	525	3748
1149.047894	501	3712
1149.097898	501	3672
1149.147903	457	3596
1149.197908	429	3548
1149.247913	349	3440
1149.297918	333	3336
1149.347923	333	3264
1149.397928	297	3240
1149.447933	289	3212
1149.497938	289	3160
1149.547943	257	3108
1149.597949	245	3088
1149.647954	213	2988
1149.697958	109	2888
1149.747963	69	2788
1149.797968	65	2780
1149.847973	45	2752
1149.897978	41	2752
1149.947983	41	2740
1149.997988	41	2732
1150.047993	41	2720
1150.097998	41	2712
1150.148003	41	2692
1150.198009	41	2676
1150.248013	25	2664
1150.298018	25	2660
1150.348023	25	2636
1150.398028	25	2632
1150.448033	25	2620
1150.498038	25	2588
1150.548043	17	2588
1150.598048	17	2548
1150.648053	17	2504
1150.698058	13	2428
1150.748063	0	2380
1150.798069	-4	2348
1150.848073	-16	2336
1150.898078	-16	2304
1150.948083	-36	2280
1150.998088	-36	2272
1151.048093	-36	2228
1151.098098	-36	2168
1151.148103	-36	2112
1151.198108	-36	2076
1151.248113	-36	1976
1151.298118	-36	1948
1151.348124	-36	1868
1151.398129	-36	1828
1151.448133	-36	1788
1151.498138	-36	1776
1151.548143	-36	1752
1151.598148	-36	1748
1151.648153	-36	1732
1151.700159	-36	1732
1151.748163	-36	1724
1151.798168	-36	1716
1151.848173	-36	1712
1151.898178	-36	1712
1151.948184	-36	1708
1151.998188	-36	1708
1152.048193	-36	1704
1152.098198	-36	1704
1152.148203	-36	1704
1152.198208	-36	1700
1152.248213	-36	1700
1152.298218	-36	1700
1152.348223	-36	1684
1152.398228	-36	1684
1152.448233	-36	1652
1152.498238	-48	1588
1152.548244	0	1308
1152.598248	0	996
1152.648253	0	824
1152.698258	0	704
1152.748263	0	416
1152.798268	0	324
1152.848273	0	268
1152.898278	0	268
1152.948283	0	268
1152.998288	0	268
1153.048293	0	268
1153.098299	0	268
1153.148304	0	268
1153.198308	0	268
1153.248313	0	268
1153.298318	0	268
1153.348323	0	268
1153.398328	0	268
1153.448333	0	268
1153.498338	0	268
1153.548343	0	268
1153.598348	0	268
1153.648353	0	268
1153.698359	0	268
1153.748363	0	268
1153.798368	0	268
1153.848373	0	268
1153.898378	0	268
1153.948383	0	268
1153.998388	0	268
1154.048393	0	268
1154.098398	0	268
1154.148403	0	260
1154.200408	0	244
1154.248413	0	244
1154.298419	0	244
1154.348423	0	244
1154.398428	0	244
1154.448433	0	244
1154.498438	0	244
1154.548443	0	244
1154.598448	0	244
1154.648453	0	228
1154.698458	0	212
1154.748463	0	144
1154.798468	0	120
1154.848474	0	120
1154.898479	0	40
1154.948483	0	40
1154.998488	0	0
1155.048493	0	0
1155.098498	0	0
1155.148503	0	0
1155.198508	0	0
1155.248513	0	0
1155.298518	0	0
1155.348523	0	0
1155.398528	0	0
1155.448534	0	0
1155.498538	0	0
1155.548543	0	0
1155.598548	0	0
1155.648553	0	0
1155.698558	0	0
1155.748563	0	0
1155.798568	0	0
1155.848573	0	0
1155.898578	0	0
1155.948583	0	0
1155.998588	0	0
1156.048594	0	0
1156.098598	0	0
1156.148603	0	0
1156.199608	0	0
1156.248613	0	0
1156.298618	0	0
1156.348623	0	0
1156.398628	0	0
1156.448633	0	0
1156.498638	0	0
1156.548643	0	0
1156.598649	0	0
1156.648654	0	0
1156.698658	0	0
1156.748663	0	0
1156.798668	0	0
1156.848673	0	0
1156.898678	0	0
1156.948683	0	0
1156.998688	0	0
1157.048693	0	0
1157.098698	0	0
1157.148703	0	0
1157.198709	0	0
1157.248713	0	0
1157.298718	0	0
1157.348723	0	-417
1157.398728	53	-753
1157.448733	157	-969
1157.498738	157	-1361
1157.548743	893	-1857
1157.598748	945	-2045
1157.648753	945	-2173
1157.699759	981	-2197
1157.748763	981	-2261
1157.798769	981	-2365
1157.848773	985	-2485
1157.898778	1001	-2505
1157.948783	1001	-2521
1157.998788	1001	-2585
1158.048793	1001	-2705
1158.098798	1001	-2841
1158.148803	1001	-2897
1158.198808	1001	-2897
1158.248813	1001	-2897
1158.298818	1005	-2897
1158.348824	1025	-2897
1158.398829	1057	-2897
1158.448833	1077	-2897
1158.498838	1077	-2897
1158.548843	1101	-2897
1158.598848	1121	-2869
1158.648853	1121	-2793
1158.698858	1121	-2753
1158.748863	1121	-2681
1158.798868	1121	-2633
1158.848873	1121	-2605
1158.898878	1121	-2577
1158.948884	1121	-2577
1158.998888	1121	-2545
1159.048893	1121	-2533
1159.098898	1121	-2525
1159.148903	1121	-2501
1159.198908	1121	-2481
1159.248913	1121	-2461
1159.298918	1121	-2461
1159.348923	1121	-2441
1159.398928	1121	-2441
1159.448933	1121	-2433
1159.498938	1121	-2429
1159.548944	1121	-2429
1159.598948	1121	-2429
1159.648953	1121	-2429
1159.698958	1121	-2429
1159.748963	1121	-2429
1159.798968	1121	-2429
1159.848973	1121	-2429
1159.898978	1121	-2429
1159.948983	1121	-2429
1159.998988	1121	-2429
1160.048993	1121	-2429
1160.098999	1121	-2413
1160.149004	1121	-2401
1160.199008	1121	-2401
1160.249013	1121	-2401
1160.299018	1121	-2401
1160.349023	1121	-2401
1160.399028	1121	-2401
1160.449033	1121	-2401
1160.499038	1121	-2385
1160.549043	1121	-2385
1160.599048	1121	-2385
1160.649053	1121	-2381
1160.699059	1121	-2373
1160.749063	1121	-2369
1160.799068	1121	-2365
1160.849073	1121	-2353
1160.899078	1121	-2353
1160.949083	1121	-2353
1160.999088	1121	-2353
1161.049093	1121	-2345
1161.099098	1121	-2345
1161.149103	1121	-2345
1161.199108	1133	-2345
1161.249113	1133	-2345
1161.299119	1145	-2345
1161.349123	1157	-2345
1161.399128	1165	-2345
1161.449133	1165	-2345
1161.499138	1165	-2345
1161.549143	1165	-2345
1161.599148	1169	-2345
1161.649153	1169	-2345
1161.699158	1169	-2345
1161.749163	1169	-2345
1161.799168	1169	-2345
1161.849174	1169	-2345
1161.899179	1169	-2345
1161.949183	1169	-2345
1161.999188	1173	-2345
1162.049193	1173	-2345
1162.099198	1197	-2345
1162.149203	1197	-2345
1162.199208	1197	-2345
1162.249213	1197	-2345
1162.299218	1209	-2345
1162.349223	1209	-2345
1162.399228	1209	-2345
1162.449234	1237	-2329
1162.499238	1249	-2273
1162.549243	1353	-2001
1162.599248	1401	-1921
1162.649253	1441	-1861
1162.699258	1449	-1861
1162.749263	1465	-1861
1162.798268	1465	-1861
1162.848273	1521	-1861
1162.898278	1533	-1861
1162.948283	1553	-1861
1162.998288	1557	-1861
1163.048293	1613	-1861
1163.098298	1633	-1861
1163.148303	1669	-1861
1163.198308	1685	-1861
1163.248313	1725	-1861
1163.298318	1741	-1861
1163.348323	1769	-1861
1163.398328	1773	-1861
1163.448333	1773	-1861
1163.498338	1773	-1861
1163.548343	1773	-1861
1163.598348	1773	-1861
1163.648353	1773	-1861
1163.698358	1773	-1861
1163.748363	1773	-1873
1163.798368	1773	-1889
1163.848373	1773	-1949
1163.898378	1773	-2073
1163.948383	1773	-2161
1163.998388	1773	-2213
1164.048393	1773	-2277
1164.098398	1773	-2365
1164.148403	1773	-2501
1164.198408	1773	-2617
1164.248413	1773	-2797
1164.298418	1773	-2845
1164.348423	1773	-2961
1164.398428	1773	-3013
1164.448433	1773	-3049
1164.498438	1773	-3049
1164.548443	1773	-3073
1164.598448	1773	-3097
1164.648453	1773	-3157
1164.698458	1749	-3189
1164.748463	1721	-3241
1164.798468	1689	-3257
1164.848473	1661	-3341
1164.898478	1629	-3381
1164.948483	1629	-3397
1164.998488	1613	-3441
1165.048493	1613	-3469
1165.098498	1613	-3477
1165.148503	1613	-3485
1165.198508	1613	-3497
1165.248513	1613	-3501
1165.298518	1613	-3501
1165.348523	1593	-3501
1165.398528	1593	-3501
1165.448533	1593	-3501
1165.498538	1593	-3501
1165.548543	1593	-3501
1165.598548	1593	-3501
1165.648553	1593	-3501
1165.698558	1589	-3501
1165.748563	1569	-3501
1165.798568	1569	-3569
1165.848573	1569	-3593
1165.898578	1569	-3633
1165.948583	1569	-3633
1165.998588	1569	-3633
1166.048593	1569	-3633
1166.098598	1569	-3649
1166.148603	1569	-3677
1166.198608	1569	-3677
1166.248613	1561	-3677
1166.298618	1561	-3677
1166.348623	1561	-3677
1166.398628	1561	-3677
1166.448633	1561	-3677
1166.498638	1561	-3677
1166.548643	1561	-3677
1166.598648	1561	-3677
1166.648653	1561	-3677
1166.698658	1561	-3677
1166.748663	1561	-3677
1166.798668	1561	-3677
1166.848673	1561	-3677
1166.898678	1553	-3677
1166.948683	1553	-3677
1166.998688	1553	-3677
1167.048693	1553	-3677
1167.098698	1553	-3677
1167.148703	1553	-3677
1167.198708	1553	-3677
1167.248713	1553	-3677
1167.298718	1553	-3677
1167.348723	1553	-3677
1167.398728	1553	-3677
1167.448733	1553	-3677
1167.498738	1553	-3677
1167.548743	1553	-3669
1167.598748	1553	-3669
1167.648753	1553	-3609
1167.698758	1549	-3609
1167.748763	1549	-3609
1167.798768	1549	-3605
1167.848773	1549	-3601
1167.898778	1545	-3601
1167.948783	1545	-3601
1167.998788	1545	-3601
1168.048793	1545	-3601
1168.098798	1545	-3601
1168.148803	1545	-3601
1168.198808	1545	-3601
1168.248813	1545	-3601
1168.298818	1537	-3601
1168.348823	1537	-3601
1168.398828	1537	-3589
1168.448833	1537	-3589
1168.499838	1537	-3589
1168.548843	1537	-3589
1168.598848	1537	-3589
1168.648853	1525	-3589
1168.698858	1521	-3589
1168.748863	1521	-3589
1168.798868	1501	-3589
1168.848873	1501	-3589
1168.898878	1497	-3589
1168.948883	1497	-3589
1168.998888	1497	-3589
1169.048893	1497	-3585
1169.098898	1493	-3585
1169.148903	1493	-3569
1169.199908	1493	-3569
1169.248913	1493	-3569
1169.298918	1493	-3569
1169.348923	1493	-3569
1169.398928	1493	-3569
1169.448933	1493	-3549
1169.498938	1493	-3549
1169.548943	1489	-3549
1169.598948	1485	-3533
1169.648953	1485	-3533
1169.698958	1485	-3521
1169.748963	1485	-3509
1169.798968	1481	-3509
1169.848973	1481	-3501
1169.898978	1481	-3493
1169.948983	1481	-3493
1169.998988	1481	-3493
1170.048993	1481	-3473
1170.098998	1481	-3473
1170.149003	1481	-3473
1170.199008	1481	-3449
1170.249013	1481	-3445
1170.299018	1481	-3445
1170.349023	1481	-3445
1170.399028	1481	-3445
1170.449033	1481	-3445
1170.499038	1481	-3445
1170.549043	1477	-3445
1170.599048	1477	-3445
1170.649053	1477	-3445
1170.699058	1477	-3445
1170.749063	1473	-3445
1170.799068	1473	-3445
1170.849073	1473	-3445
1170.899078	1473	-3445
1170.949083	1473	-3445
1170.999088	1473	-3445
1171.049093	1473	-3445
1171.099098	1473	-3445
1171.149103	1473	-3433
1171.201108	1473	-3421
1171.249113	1473	-3421
1171.299118	1473	-3421
1171.349123	1473	-3393
1171.399128	1473	-3393
1171.449133	1473	-3393
1171.499138	1473	-3393
1171.549143	1473	-3393
1171.599148	1473	-3393
1171.649153	1473	-3393
1171.699158	1473	-3393
1171.749163	1473	-3393
1171.799168	1473	-3393
1171.849173	1473	-3393
1171.899178	1473	-3393
1171.949183	1473	-3393
1171.999188	1473	-3393
1172.049193	1473	-3393
1172.099198	1473	-3393
1172.149203	1473	-3369
1172.199208	1473	-3369
1172.249213	1473	-3369
1172.299218	1473	-3369
1172.349223	1473	-3369
1172.399228	1473	-3369
1172.449233	1473	-3369
1172.499238	1473	-3365
1172.549243	1473	-3361
1172.599248	1473	-3361
1172.649253	1473	-3341
1172.701259	1473	-3341
1172.749263	1473	-3341
1172.799268	1473	-3321
1172.849273	1473	-3297
1172.899278	1473	-3285
1172.949283	1473	-3281
1172.999288	1473	-3265
1173.049293	1473	-3241
1173.099298	1473	-3241
1173.149303	1473	-3209
1173.201308	1473	-3209
1173.249313	1473	-3209
1173.299318	1473	-3169
1173.349323	1473	-3169
1173.399328	1473	-3169
1173.449333	1473	-3145
1173.499338	1473	-3145
1173.549343	1473	-3137
1173.599348	1473	-3137
1173.649353	1473	-3137
1173.699358	1473	-3129
1173.749363	1473	-3129
1173.799368	1473	-3093
1173.849373	1473	-3093
1173.899378	1473	-3093
1173.949383	1473	-3093
1173.999388	1473	-3073
1174.049393	1473	-3073
1174.099398	1473	-3073
1174.149403	1473	-3049
1174.199408	1473	-3049
1174.249413	1473	-3041
1174.299418	1473	-3041
1174.349423	1473	-3021
1174.399428	1473	-3017
1174.449433	1473	-3017
1174.499438	1473	-3001
1174.549443	1473	-2897
1174.599448	1473	-2865
1174.649453	1473	-2845
1174.701458	1473	-2805
1174.749463	1473	-2793
1174.845473	1473	-2761
1174.917480	1473	-2745
1174.949483	1473	-2733
1175.002489	1473	-2713
1175.049493	1473	-2713
1175.099498	1473	-2677
1175.149503	1473	-2621
1175.201509	1473	-2545
1175.249513	1473	-2429
1175.299518	1473	-2365
1175.349523	1445	-2297
1175.399528	1445	-2229
1175.449533	1445	-2137
1175.499538	1445	-2065
1175.549543	1445	-1993
1175.599548	1445	-1925
1175.649553	1445	-1837
1175.701559	1445	-1785
1175.749563	1261	-1461
1175.799568	1261	-1209
1175.849573	1221	-1157
1175.899578	1201	-1077
1175.949583	1177	-1069
1175.999588	1177	-1021
1176.049593	1177	-1021
1176.099598	1141	-1021
1176.149603	1141	-1021
1176.199608	1141	-1021
1176.249613	1141	-1021
1176.299618	1141	-1021
1176.349623	1101	-1021
1176.399628	1101	-1021
1176.449633	1101	-1021
1176.499638	1101	-1021
1176.549643	1101	-1021
1176.599648	1101	-1021
1176.649653	1065	-1361
1176.699658	1185	-2201
1176.749663	1133	-2481
1176.799668	1105	-2481
1176.849673	1069	-2697
1176.899678	1053	-2845
1176.949683	929	-3249
1176.999688	817	-3565
1177.049693	749	-3705
1177.099698	705	-3829
1177.149703	689	-3957
1177.199708	593	-4225
1177.249713	505	-4469
1177.299718	461	-4617
1177.349723	405	-4829
1177.399728	385	-4929
1177.449733	349	-5013
1177.499738	325	-5037
1177.549743	325	-5037
1177.599748	325	-5037
1177.649753	325	-5009
1177.700758	325	-4857
1177.749763	325	-4765
1177.799768	325	-4765
1177.849773	325	-4765
1177.899778	325	-4765
1177.949783	325	-4765
1177.999788	325	-4765
1178.049793	325	-4729
1178.099798	325	-4697
1178.149803	317	-4413
1178.201808	269	-4321
1178.249813	261	-4301
1178.299818	241	-4225
1178.349823	225	-4193
1178.399828	221	-4193
1178.449833	221	-4193
1178.499838	221	-4193
1178.549843	221	-4193
1178.599848	221	-4193
1178.649853	221	-4185
1178.701859	221	-4173
1178.749863	221	-4125
1178.799868	221	-4093
1178.849873	221	-4061
1178.899878	221	-4057
1178.949883	221	-4057
1178.999888	221	-4057
1179.049893	221	-4033
1179.099898	221	-4033
1179.149903	221	-4033
1179.199908	221	-4013
1179.249913	221	-4009
1179.299918	221	-4009
1179.349923	221	-4009
1179.399928	221	-4009
1179.449933	221	-4009
1179.499938	221	-4009
1179.549943	221	-4009
1179.599948	221	-4009
1179.649953	221	-4009
1179.699958	221	-4009
1179.749963	221	-4009
1179.799968	221	-4009
1179.849973	221	-4009
1179.899978	221	-4009
1179.949983	221	-4009
1179.999988	221	-4009
1180.049993	221	-4009
1180.099998	221	-4009
1180.150003	221	-4009
1180.200008	221	-4009
1180.250013	221	-4009
1180.299018	221	-4009
1180.349023	221	-4009
1180.399028	221	-4009
1180.449033	221	-4009
1180.499038	221	-4009
1180.549043	221	-4009
1180.599048	221	-4009
1180.649053	221	-4009
1180.699058	221	-4009
1180.749063	221	-4009
1180.799068	221	-4009
1180.849073	221	-4009
1180.899078	221	-4009
1180.949083	221	-4009
1180.999088	221	-4009
1181.049093	221	-4009
1181.099098	221	-4009
1181.149103	221	-3989
1181.199108	221	-3989
1181.249113	221	-3981
1181.299118	221	-3953
1181.349123	221	-3937
1181.399128	221	-3897
1181.449133	221	-3853
1181.499138	221	-3853
1181.549143	221	-3713
1181.599148	221	-3621
1181.649153	221	-3545
1181.699158	221	-3457
1181.749163	221	-3357
1181.799168	265	-3333
1181.849173	285	-3305
1181.899178	285	-3193
1181.949183	285	-3061
1181.999188	321	-3017
1182.049193	333	-2941
1182.099198	357	-2821
1182.149203	385	-2681
1182.199208	385	-2673
1182.249213	409	-2621
1182.299218	417	-2597
1182.349223	429	-2597
1182.399228	429	-2541
1182.449233	485	-2417
1182.499238	485	-2377
1182.549243	489	-2297
1182.599248	505	-2265
1182.649253	521	-2113
1182.699258	533	-2097
1182.749263	569	-2077
1182.799268	569	-2045
1182.849273	569	-2045
1182.899278	577	-1981
1182.949283	585	-1969
1182.999288	585	-1969
1183.049293	585	-1969
1183.099298	585	-1969
1183.149303	593	-1969
1183.199308	593	-1969
1183.249313	593	-1969
1183.299318	593	-1969
1183.349323	593	-1969
1183.399328	593	-1969
1183.449333	593	-2641
1183.499338	593	-3397
1183.549343	593	-3397
1183.599348	593	-3397
1183.649353	593	-3397
1183.699358	593	-3493
1183.749363	593	-3741
1183.799368	593	-4117
1183.849373	593	-4313
1183.899378	593	-4313
1183.949383	593	-4313
1183.999388	593	-4313
1184.049393	593	-4313
1184.099398	593	-4313
1184.149403	593	-4313
1184.199408	593	-4313
1184.249413	593	-4313
1184.299418	593	-4313
1184.349423	593	-4313
1184.399428	593	-4313
1184.449433	593	-4313
1184.499438	593	-4313
1184.549443	593	-4313
1184.599448	593	-4313
1184.649453	593	-4313
1184.699458	593	-4293
1184.749463	593	-4277
1184.799468	593	-4277
1184.849473	593	-4273
1184.899478	593	-4269
1184.949483	593	-4269
1184.999488	593	-4241
1185.049493	593	-4241
1185.099498	593	-4241
1185.149503	593	-4241
1185.199508	593	-4241
1185.249513	593	-4241
1185.299518	593	-4241
1185.349523	593	-4241
1185.399528	593	-4241
1185.449533	593	-4241
1185.499538	593	-4241
1185.549543	593	-4241
1185.599548	593	-4241
1185.649553	593	-4241
1185.699558	593	-4241
1185.749563	593	-4241
1185.799568	593	-4241
1185.849573	593	-4241
1185.899578	593	-4241
1185.949583	593	-4241
1185.999588	593	-4241
1186.049593	593	-4241
1186.099598	593	-4241
1186.149603	593	-4241
1186.199608	593	-4241
1186.249613	593	-4241
1186.299618	593	-4241
1186.349623	593	-4241
1186.399628	593	-4241
1186.449633	593	-4241
1186.499638	593	-4241
1186.549643	593	-4241
1186.599648	593	-4241
1186.649653	593	-4241
1186.699658	593	-4241
1186.749663	593	-4241
1186.799668	593	-4241
1186.849673	593	-4241
1186.899678	593	-4241
1186.949683	593	-4241
1186.999688	593	-4241
1187.049693	593	-4241
1187.099698	593	-4241
1187.149703	593	-4241
1187.199708	593	-4241
1187.249713	593	-4241
1187.299718	593	-4241
1187.349723	593	-4241
1187.399728	593	-4241
1187.449733	593	-4225
1187.499738	593	-4181
1187.549743	593	-4165
1187.599748	593	-4121
1187.649753	593	-4041
1187.699758	593	-4001
1187.749763	593	-3905
1187.799768	593	-3793
1187.849773	593	-3625
1187.899778	593	-3445
1187.949783	593	-3165
1187.999788	593	-2981
1188.049793	593	-2785
1188.099798	593	-2593
1188.149803	593	-2401
1188.199808	593	-2273
1188.249813	593	-1973
1188.299818	0	-1373
1188.349823	0	-541
1188.399828	0	-229
1188.449833	0	0
1188.499838	0	0
1188.549843	0	0
1188.599848	0	0
1188.649853	0	0
1188.699858	0	464
1188.749863	0	864
1188.799868	0	1088
1188.849873	0	1292
1188.899878	0	1456
1188.949883	373	1588
1188.999888	325	1676
1189.049893	269	1784
1189.099898	249	1868
1189.149903	241	1912
1189.199908	241	1912
1189.249913	241	1912
1189.299918	241	1912
1189.349923	241	1928
1189.399928	241	1948
1189.449933	229	1992
1189.499938	217	2020
1189.549943	185	2068
1189.599948	169	2072
1189.649953	161	2176
1189.699958	105	2216
1189.749963	105	2216
1189.799968	105	2220
1189.849973	105	2224
1189.899978	105	2224
1189.949983	105	2280
1189.999988	105	2320
1190.049993	105	2356
1190.099998	105	2380
1190.150003	105	2416
1190.200008	105	2452
1190.250013	105	2536
1190.300018	77	2664
1190.350023	41	2764
1190.400028	41	2764
1190.450033	41	2800
1190.500038	41	2876
1190.550043	41	2884
1190.600048	41	3000
1190.650053	41	3184
1190.700058	41	3348
1190.750063	41	3540
1190.800068	41	3588
1190.850073	41	3628
1190.900078	41	3628
1190.950083	41	3628
1191.000088	41	3636
1191.050093	41	3756
1191.100098	41	3904
1191.150103	41	4096
1191.202108	41	4172
1191.250113	41	4292
1191.300118	41	4356
1191.350123	41	4460
1191.400128	41	4460
1191.450133	41	4460
1191.500138	41	4460
1191.550143	41	4460
1191.600148	41	4460
1191.650153	41	4460
1191.700158	41	4460
1191.750163	41	4460
1191.800168	41	4460
1191.850173	41	4460
1191.900178	41	4460
1191.950183	41	4460
1192.000188	41	4460
1192.050193	41	4460
1192.100198	41	4460
1192.150203	41	4460
1192.202209	41	4460
1192.250213	41	4460
1192.300218	61	4460
1192.350223	73	4460
1192.400228	73	4460
1192.450233	73	4460
1192.500238	73	4460
1192.550243	73	4460
1192.600248	73	4460
1192.650253	73	4460
1192.700258	73	4460
1192.750263	73	4460
1192.800268	73	4460
1192.850273	73	4460
1192.900278	73	4460
1192.950283	73	4460
1193.000288	73	4460
1193.050293	73	4460
1193.100298	73	4460
1193.150303	73	4460
1193.200308	73	4460
1193.250313	73	4460
1193.300318	73	4460
1193.350323	73	4460
1193.400328	73	4460
1193.450333	73	4460
1193.500338	73	4460
1193.550343	73	4460
1193.600348	73	4460
1193.650353	73	4460
1193.702358	73	4460
1193.750363	73	4460
1193.800368	73	4460
1193.850373	73	4460
1193.900378	73	4460
1193.950383	73	4460
1194.000388	73	4460
1194.050393	73	4460
1194.100398	73	4460
1194.150403	73	4460
1194.200408	73	4460
1194.250413	73	4460
1194.300418	73	4460
1194.350423	73	4460
1194.400428	73	4460
1194.450433	73	4460
1194.500438	73	4460
1194.550443	73	4460
1194.600448	73	4460
1194.650453	73	4460
1194.700458	89	4460
1194.750463	89	4460
1194.800468	89	4460
1194.850473	89	4460
1194.900478	89	4460
1194.950483	89	4460
1195.000488	89	4460
1195.050493	89	4460
1195.100498	89	4460
1195.150503	89	4460
1195.202508	89	4460
1195.250513	89	4460
1195.300518	89	4460
1195.350523	89	4460
1195.400528	89	4460
1195.450533	89	4460
1195.500538	89	4460
1195.550543	89	4460
1195.600548	89	4460
1195.650553	89	4460
1195.700558	89	4460
1195.750563	89	4460
1195.800568	89	4460
1195.850573	89	4460
1195.900578	89	4460
1195.950583	89	4460
1196.000588	89	4460
1196.050593	89	4460
1196.100598	89	4460
1196.150603	89	4460
1196.200608	89	4460
1196.250613	89	4460
1196.300618	89	4460
1196.350623	89	4460
1196.400628	89	4460
1196.450633	89	4460
1196.500638	89	4460
1196.550643	89	4460
1196.600648	89	4460
1196.650653	89	4460
1196.700658	89	4460
1196.750663	89	4460
1196.800668	89	4460
1196.850673	89	4460
1196.900678	89	4460
1196.950683	89	4460
1197.000688	89	4460
1197.050693	89	4460
1197.100698	89	4460
1197.150703	89	4460
1197.200708	89	4460
1197.250713	89	4460
1197.300718	89	4460
1197.350723	89	4460
1197.400728	89	4460
1197.450733	89	4460
1197.500738	89	4460
1197.550743	89	4460
1197.600748	89	4460
1197.650753	89	4460
1197.700758	89	4460
1197.750763	89	4460
1197.799768	89	4404
1197.849773	89	4272
1197.899778	89	4240
1197.949783	89	4196
1197.999788	89	4196
1198.049793	89	4160
1198.099798	89	4140
1198.149803	89	4140
1198.199808	89	4140
1198.249813	89	4132
1198.299818	89	4124
1198.349823	89	4124
1198.399828	89	4124
1198.449833	89	4100
1198.499838	89	4100
1198.549843	89	4100
1198.599848	89	4100
1198.649853	89	4100
1198.699858	77	4100
1198.749863	77	4100
1198.799868	77	4100
1198.849873	77	4100
1198.899878	73	4100
1198.949883	73	4100
1198.999888	73	4092
1199.049893	73	4092
1199.099898	73	4092
1199.149903	73	4080
1199.199908	73	4080
1199.249913	73	4080
1199.299918	73	4080
1199.349923	73	4080
1199.399928	73	4080
1199.449933	73	4080
1199.499938	73	4080
1199.549943	73	4080
1199.599948	73	4080
1199.649953	69	4080
1199.699958	65	4080
1199.749963	61	4080
1199.799968	61	4080
1199.849973	37	4080
1199.899978	37	4080
1199.949983	25	4080
1199.999988	25	4080
1200.049993	25	4080
1200.099998	25	4080
1200.150003	-4	4080
1200.200008	-4	4080
1200.250013	-8	4080
1200.300018	-20	4080
1200.350023	-20	4080
1200.400028	-20	4080
1200.450033	-24	4080
1200.500038	-24	4080
1200.550043	-24	4080
1200.600048	-24	4080
1200.650053	-24	4080
1200.700058	-24	4080
1200.750063	-24	4080
1200.800068	-24	4080
1200.850073	-24	4080
1200.900078	-24	4080
1200.950083	-24	4080
1201.000088	-24	4080
1201.050093	-24	4080
1201.100098	-40	4080
1201.150103	-40	4080
1201.200108	-40	4080
1201.250113	-40	4080
1201.300118	-40	4080
1201.350123	-40	4080
1201.400128	-40	4080
1201.450133	-40	4080
1201.500138	-40	4080
1201.550143	-40	4080
1201.600148	-40	4080
1201.650153	-40	4056
1201.700158	-40	4056
1201.750163	-40	4056
1201.800168	-40	4056
1201.850173	-40	4056
1201.900178	-40	4056
1201.950183	-40	4056
1202.000188	-40	4056
1202.050193	-40	4056
1202.100198	-40	4056
1202.150203	-40	4056
1202.200208	-40	4056
1202.250213	-40	4056
1202.300218	-40	4056
1202.350223	-40	4056
1202.400228	-40	4056
1202.450233	-40	4056
1202.500238	-40	4056
1202.550243	-40	4056
1202.600248	-40	4040
1202.650253	-40	4036
1202.700258	-40	4020
1202.750263	-40	4020
1202.800268	-40	3988
1202.850273	-40	3988
1202.900278	-40	3980
1202.950283	-40	3972
1203.000288	-40	3972
1203.050293	-40	3944
1203.100298	-40	3944
1203.150303	-40	3944
1203.200308	-40	3944
1203.250313	-40	3944
1203.300318	-40	3924
1203.350323	-40	3924
1203.400328	-40	3924
1203.450333	-40	3924
1203.500338	-40	3912
1203.550343	-40	3912
1203.600348	-40	3912
1203.650353	-40	3912
1203.700358	-40	3912
1203.750363	-40	3912
1203.800368	-40	3912
1203.850373	-40	3912
1203.900378	-40	3912
1203.950383	-40	3912
1204.000388	-40	3912
1204.050393	-40	3912
1204.100398	-40	3912
1204.150403	-40	3912
1204.200408	-40	3912
1204.250413	-40	3912
1204.300418	-40	3912
1204.350423	-40	3912
1204.400428	-40	3912
1204.450433	-40	3912
1204.500438	-40	3960
1204.550443	-56	4052
1204.600448	-124	4076
1204.650453	-124	4084
1204.700458	-136	4084
1204.750463	-176	4236
1204.800468	-176	4488
1204.850473	-208	4732
1204.900478	-256	4856
1204.950483	-284	4896
1205.000488	-284	4896
1205.050493	-284	4896
1205.100498	-284	4896
1205.150503	-284	4896
1205.200508	-284	4896
1205.250513	-284	4896
1205.300518	-284	4896
1205.350523	-284	4896
1205.400528	-284	4896
1205.450533	-284	4896
1205.500538	-284	4896
1205.550543	-284	4896
1205.600548	-284	4896
1205.650553	-284	4896
1205.700558	-284	4896
1205.750563	-284	4896
1205.800568	-284	4896
1205.850573	-284	4896
1205.900578	-284	4896
1205.950583	-284	4896
1206.000588	-284	4896
1206.050593	-284	4896
1206.100598	-284	4896
1206.150603	-284	4896
1206.200608	-284	4896
1206.250613	-284	4896
1206.300618	-284	4896
1206.350623	-284	4896
1206.400628	-284	4896
1206.450633	-284	4896
1206.500638	-284	4896
1206.550643	-284	4896
1206.600648	-284	4896
1206.650653	-284	4892
1206.700658	-284	4800
1206.750663	-288	4732
1206.800668	-316	4580
1206.850673	-452	4280
1206.900678	-584	3948
1206.950683	-612	3616
1207.000688	-652	3428
1207.050693	-704	3160
1207.100698	-724	2916
1207.150703	-724	2712
1207.200708	-724	2628
1207.250713	-724	2340
1207.300718	-780	1992
1207.350723	-796	1820
1207.400728	-796	1760
1207.450733	-796	1704
1207.500738	-796	1656
1207.550743	-796	1564
1207.600748	0	1316
1207.650753	0	524
1207.700758	0	64
1207.750763	0	0
1207.800768	0	0
1207.850773	0	0
1207.900778	0	0
1207.950783	0	0
1208.000788	0	0
1208.050793	0	0
1208.100798	0	0
1208.150803	0	0
1208.200808	0	0
1208.250813	0	0
1208.300818	0	0
1208.350823	0	0
1208.400828	0	0
1208.450833	0	0
1208.500838	0	0
1208.550843	0	0
1208.600848	0	0
1208.650853	0	0
1208.700858	0	0
1208.750863	0	0
1208.800868	0	0
1208.850873	0	0
1208.900878	0	0
1208.950883	0	0
1209.000888	0	0
1209.050893	0	0
1209.100898	0	0
1209.150903	0	0
1209.200908	0	0
1209.250913	0	0
1209.300918	0	0
1209.350923	0	0
1209.400928	0	0
1209.450933	0	0
1209.500938	0	0
1209.550943	0	0
1209.600948	0	0
1209.650953	0	0
1209.700958	0	0
1209.750963	0	0
1209.800968	0	0
1209.850973	0	0
1209.900978	0	0
1209.950983	0	0
1210.000988	0	0
1210.050993	0	0
1210.100998	0	0
1210.151003	0	0
1210.201008	0	0
1210.251013	0	0
1210.301018	0	0
1210.351023	0	0
1210.401028	0	0
1210.451033	0	0
1210.501038	0	0
1210.551043	0	0
1210.601048	0	0
1210.651053	0	0
1210.701058	0	0
1210.751063	0	0
1210.836071	0	0
1210.887077	0	0
1210.938082	0	0
1210.951083	0	0
1211.001088	0	0
1211.055093	0	0
1211.101098	0	0
1211.151103	0	0
1211.201108	0	0
1211.251113	0	0
1211.301118	0	0
1211.351123	0	0
1211.401128	0	0
1211.451133	0	0
1211.501138	0	0
1211.551143	0	0
1211.601148	0	0
1211.651153	0	0
1211.701158	0	0
1211.751163	0	0
1211.801168	0	0
1211.851173	0	0
1211.901178	0	0
1211.951183	0	0
1212.001188	0	0
1212.051193	0	0
1212.101198	0	0
1212.151203	0	0
1212.201208	0	0
1212.251213	0	0
1212.301218	0	0
1212.351223	0	0
1212.401228	0	0
1212.451233	0	0
1212.501238	0	0
1212.551243	0	0
1212.601248	0	0
1212.651253	0	0
1212.701258	0	0
1212.751263	0	0
1212.801268	0	0
1212.851273	0	0
1212.901278	0	0
1212.951283	0	0
1213.001288	0	0
1213.051293	0	0
1213.101298	0	0
1213.151303	0	0
1213.203308	0	0
1213.251313	0	0
1213.301318	0	0
1213.351323	0	0
1213.401328	0	0
1213.451333	0	0
1213.501338	0	0
1213.551343	0	0
1213.601348	0	0
1213.651353	0	0
1213.701358	0	0
1213.751363	0	0
1213.801368	0	0
1213.851373	0	0
1213.901378	0	0
1213.951383	0	0
1214.001388	0	0
1214.051393	0	0
1214.101398	0	0
1214.151403	0	0
1214.201408	0	0
1214.251413	0	0
1214.301418	0	0
1214.351423	0	0
1214.401428	0	0
1214.451433	0	0
1214.501438	0	0
1214.551443	0	0
1214.601448	0	0
1214.651453	0	0
1214.703458	0	0
1214.751463	0	0
1214.801468	0	0
1214.851473	0	0
1214.901478	0	0
1214.951483	0	0
1215.001488	0	0
1215.051493	0	0
1215.101498	0	0
1215.151503	0	0
1215.201508	0	0
1215.250513	0	0
1215.300518	0	0
1215.350523	0	0
1215.400528	0	0
1215.450533	0	0
1215.500538	0	0
1215.550543	0	0
1215.600548	0	0
1215.650553	0	0
1215.700558	0	0
1215.750563	0	0
1215.800568	0	0
1215.850573	0	0
1215.900578	0	0
1215.950583	0	0
1216.000588	0	0
1216.050593	0	0
1216.100598	0	0
1216.150603	0	0
1216.200608	0	0
1216.250613	0	0
1216.300618	0	0
1216.350623	0	0
1216.400628	0	0
1216.450633	0	0
1216.500638	0	0
1216.550643	0	0
1216.600648	0	0
1216.650653	0	0
1216.700658	0	0
1216.750663	0	0
1216.800668	0	0
1216.850673	0	0
1216.900678	0	0
1216.950683	0	0
1217.000688	0	0
1217.050693	0	0
1217.100698	0	0
1217.150703	0	0
1217.200708	0	0
1217.250713	0	0
1217.300718	0	0
1217.350723	0	0
1217.400728	0	0
1217.450733	0	0
1217.500738	0	0
1217.550743	0	0
1217.600748	0	0
1217.650753	0	0
1217.700758	0	0
1217.750763	0	0
1217.800768	0	0
1217.850773	0	0
1217.900778	0	0
1217.950783	0	0
1218.000788	0	0
1218.050793	0	0
1218.100798	0	0
1218.150803	0	0
1218.200808	0	0
1218.250813	0	0
1218.300818	0	0
1218.350823	0	0
1218.400828	0	0
1218.450833	0	0
1218.500838	0	0
1218.550843	0	0
1218.600848	0	0
1218.650853	0	0
1218.700858	0	0
1218.750863	0	0
1218.800868	0	0
1218.850873	0	0
1218.900878	0	0
1218.950883	0	0
1219.000888	0	0
1219.050893	0	0
1219.100898	0	0
1219.150903	0	0
1219.200908	0	0
1219.250913	0	0
1219.300918	0	0
1219.350923	0	0
1219.400928	0	0
1219.450933	0	0
1219.500938	0	0
1219.550943	0	0
1219.600948	0	0
1219.650953	0	0
1219.700958	0	0
1219.750963	0	0
1219.800968	0	0
1219.850973	0	0
1219.900978	0	0
1219.950983	0	0
1220.000988	0	0
1220.050993	0	0
1220.100998	0	0
1220.151003	0	0
1220.201008	0	0
1220.251013	0	0
1220.301018	0	0
1220.351023	0	0
1220.401028	0	0
1220.451033	0	0
1220.501038	0	0
1220.551043	0	0
1220.601048	0	0
1220.651053	0	0
1220.701058	0	0
1220.751063	0	0
1220.801068	0	0
1220.851073	0	0
1220.901078	0	0
1220.951083	0	0
1221.001088	0	0
1221.051093	0	0
1221.101098	0	0
1221.151103	0	0
1221.201108	0	0
1221.251113	0	0
1221.301118	0	0
1221.351123	0	0
1221.401128	0	0
1221.451133	0	0
1221.501138	0	0
1221.551143	0	0
1221.601148	0	0
1221.651153	0	0
1221.701158	0	0
1221.751163	0	0
1221.801168	0	0
1221.851173	0	0
1221.901178	0	0
1221.951183	0	0
1222.001188	0	0
1222.051193	0	0
1222.101198	0	0
1222.151203	0	0
1222.201208	0	0
1222.251213	0	0
1222.301218	0	0
1222.351223	0	0
1222.401228	0	0
1222.451233	0	0
1222.501238	0	0
1222.551243	0	0
1222.601248	0	0
1222.651253	0	0
1222.701258	0	0
1222.751263	0	0
1222.801268	0	0
1222.851273	0	0
1222.901278	0	0
1222.951283	0	0
1223.001288	0	0
1223.051293	0	0
1223.101298	0	0
1223.151303	0	0
1223.201308	0	0
1223.251313	0	0
1223.301318	0	0
1223.351323	0	0
1223.401328	0	0
1223.451333	0	0
1223.501338	0	0
1223.551343	0	0
1223.601348	0	0
1223.651353	0	0
1223.701358	0	0
1223.751363	0	0
1223.801368	0	0
1223.851373	0	0
1223.901378	0	0
1223.951383	0	0
1224.001388	0	0
1224.051393	0	0
1224.101398	0	0
1224.151403	0	0
1224.201408	0	0
1224.251413	0	0
1224.301418	0	0
1224.351423	0	0
1224.401428	0	0
1224.451433	0	0
1224.501438	0	0
1224.551443	0	0
1224.601448	0	0
1224.651453	0	0
1224.701458	0	0
1224.751463	0	0
1224.801468	0	0
1224.851473	0	0
1224.901478	0	0
1224.951483	0	0
1225.001488	0	0
1225.051493	0	0
1225.101498	0	0
1225.151503	0	0
1225.201508	0	0
1225.251513	0	0
1225.301518	0	0
1225.351523	0	0
1225.401528	0	0
1225.451533	0	0
1225.501538	0	0
1225.551543	0	0
1225.601548	0	0
1225.651553	0	0
1225.701558	0	0
1225.751563	0	0
1225.801568	0	0
1225.851573	0	0
1225.901578	0	0
1225.951583	0	0
1226.001588	0	0
1226.051593	0	0
1226.101598	0	0
1226.151603	0	0
1226.201608	0	0
1226.251613	0	0
1226.301618	0	0
1226.351623	0	0
1226.401628	0	0
1226.451633	0	0
1226.501638	0	0
1226.551643	0	0
1226.601648	0	0
1226.651653	0	0
1226.701658	0	0
1226.751663	0	0
1226.801668	0	0
1226.851673	0	0
1226.901678	0	0
1226.951683	0	0
1227.001688	0	0
1227.051693	0	0
1227.101698	0	0
1227.151703	0	0
1227.201708	0	0
1227.251713	0	0
1227.301718	0	0
1227.351723	0	0
1227.401728	0	0
1227.451733	0	0
1227.501738	0	0
1227.551743	0	0
1227.601748	0	0
1227.651753	0	0
1227.701758	0	0
1227.751763	0	0
1227.801768	0	0
1227.851773	0	0
1227.901778	0	0
1227.951783	0	0
1228.001788	0	0
1228.051793	0	0
1228.101798	0	0
1228.151803	0	0
1228.201808	0	0
1228.251813	0	0
1228.301818	0	0
1228.351823	0	0
1228.401828	0	0
1228.451833	0	0
1228.501838	0	0
1228.551843	0	0
1228.601848	0	0
1228.651853	0	0
1228.701858	0	0
1228.751863	0	0
1228.801868	0	0
1228.851873	0	0
1228.901878	0	0
1228.951883	0	0
1229.001888	0	0
1229.051893	0	0
1229.101898	0	0
1229.151903	0	0
1229.201908	0	0
1229.251913	0	0
1229.301918	0	0
1229.351923	0	0
1229.401928	0	0
1229.451933	0	0
1229.501938	0	0
1229.551943	0	0
1229.601948	0	0
1229.651953	0	0
1229.701958	0	0
1229.751963	0	0
1229.801968	0	0
1229.851973	0	0
1229.901978	0	0
1229.951983	0	0
1230.001988	0	0
1230.051993	0	0
1230.101998	0	0
1230.152003	0	0
1230.202008	0	0
1230.252013	0	0
1230.302018	0	0
1230.352023	0	0
1230.402028	0	0
1230.452033	0	0
1230.502038	0	0
1230.552043	0	0
1230.602048	0	0
1230.652053	0	0
1230.702058	0	0
1230.752063	0	0
1230.802068	0	0
1230.852073	0	0
1230.902078	0	0
1230.952083	0	0
1231.002088	0	0
1231.052093	0	0
1231.102098	0	0
1231.152103	0	0
1231.202108	0	0
1231.252113	0	0
1231.302118	0	0
1231.352123	0	0
1231.402128	0	0
1231.452133	0	0
1231.502138	0	0
1231.552143	0	0
1231.602148	0	0
1231.652153	0	0
1231.702158	0	0
1231.752163	0	0
1231.802168	0	0
1231.852173	0	0
1231.902178	0	0
1231.952183	0	0
1232.002188	0	0
1232.052193	0	0
1232.102198	0	0
1232.152203	0	0
1232.202208	0	0
1232.252213	0	0
1232.302218	0	0
1232.352223	0	0
1232.402228	0	0
1232.452233	0	0
1232.502238	0	0
1232.552243	0	0
1232.602248	0	0
1232.652253	0	0
1232.702258	0	0
1232.751263	0	0
1232.801268	0	0
1232.851273	0	0
1232.901278	0	0
1232.951283	0	0
1233.001288	0	0
1233.051293	0	0
1233.101298	0	0
1233.151303	0	0
1233.201308	0	0
1233.251313	0	0
1233.301318	0	0
1233.351323	0	0
1233.401328	0	0
1233.451333	0	0
1233.501338	0	0
1233.551343	0	0
1233.601348	0	0
1233.651353	0	0
1233.701358	0	0
1233.751363	0	0
1233.801368	0	0
1233.851373	0	0
1233.901378	0	0
1233.951383	0	0
1234.001388	0	0
1234.051393	0	0
1234.101398	0	0
1234.151403	0	0
1234.201408	0	0
1234.251413	0	0
1234.301418	0	0
1234.351423	0	0
1234.401428	0	0
1234.451433	0	0
1234.501438	0	0
1234.551443	0	0
1234.601448	0	0
1234.651453	0	0
1234.701458	0	0
1234.751463	0	0
1234.801468	0	0
1234.851473	0	0
1234.901478	0	0
1234.951483	0	0
1235.001488	0	0
1235.051493	0	0
1235.101498	0	0
1235.151503	0	0
1235.201508	0	0
1235.251513	0	0
1235.301518	0	0
1235.351523	0	0
1235.401528	0	0
1235.451533	0	0
1235.501538	0	0
1235.551543	0	0
1235.601548	0	0
1235.651553	0	0
1235.701558	0	0
1235.751563	0	0
1235.801568	0	0
1235.851573	0	0
1235.901578	0	0
1235.951583	0	0
1236.001588	0	0
1236.051593	0	0
1236.101598	0	0
1236.151603	0	0
1236.201608	0	0
1236.251613	0	0
1236.301618	0	0
1236.351623	0	0
1236.401628	0	0
1236.451633	0	0
1236.501638	0	0
1236.551643	0	0
1236.601648	0	0
1236.651653	0	0
1236.701658	0	0
1236.751663	0	0
1236.801668	0	0
1236.851673	0	0
1236.901678	0	0
1236.951683	0	0
1237.001688	0	0
1237.051693	0	0
1237.101698	0	0
1237.151703	0	0
1237.201708	0	0
1237.251713	0	0
1237.301718	0	0
1237.351723	0	0
1237.401728	0	0
1237.451733	0	0
1237.501738	0	0
1237.551743	0	0
1237.601748	0	0
1237.651753	0	0
1237.701758	0	0
1237.751763	0	0
1237.801768	0	0
1237.851773	0	0
1237.901778	0	0
1237.951783	0	0
1238.001788	0	0
1238.051793	0	0
1238.101798	0	0
1238.151803	0	0
1238.201808	0	0
1238.251813	0	0
1238.301818	0	0
1238.351823	0	0
1238.401828	0	0
1238.451833	0	0
1238.501838	0	0
1238.551843	0	0
1238.601848	0	0
1238.651853	0	0
1238.701858	0	0
1238.751863	0	0
1238.801868	0	0
1238.851873	0	0
1238.901878	0	0
1238.951883	0	0
1239.001888	0	0
1239.051893	0	0
1239.101898	0	0
1239.151903	0	0
1239.201908	0	0
1239.251913	0	0
1239.301918	0	0
1239.351923	0	0
1239.401928	0	0
1239.451933	0	0
1239.501938	0	0
1239.551943	0	0
1239.601948	0	0
1239.651953	0	0
1239.701958	0	0
1239.751963	0	0
1239.801968	0	0
1239.851973	0	0
1239.901978	0	0
1239.951983	0	0
1240.001988	0	0
1240.051993	0	0
1240.101998	0	0
1240.152003	0	0
1240.202008	0	0
1240.252013	0	0
1240.302018	0	0
1240.352023	0	0
1240.402028	0	0
1240.452033	0	0
1240.502038	0	0
1240.552043	0	0
1240.602048	0	0
1240.652053	0	0
1240.702058	0	0
1240.752063	0	0
1240.802068	0	0
1240.852073	0	0
1240.902078	0	0
1240.952083	0	0
1241.002088	0	0
1241.052093	0	0
1241.102098	0	0
1241.152103	0	0
1241.202108	0	0
1241.252113	0	0
1241.302118	0	0
1241.352123	0	0
1241.402128	0	0
1241.452133	0	0
1241.502138	0	0
1241.552143	0	0
1241.602148	0	0
1241.652153	0	0
1241.702158	0	0
1241.752163	0	0
1241.802168	0	0
1241.852173	0	0
1241.902178	0	0
1241.952183	0	0
1242.002188	0	0
1242.052193	0	0
1242.102198	0	0
1242.152203	0	0
1242.202208	0	0
1242.252213	0	0
1242.302218	0	0
1242.352223	0	0
1242.402228	0	0
1242.452233	0	0
1242.502238	0	0
1242.552243	0	0
1242.602248	0	0
1242.652253	0	0
1242.702258	0	0
1242.752263	0	0
1242.802268	0	0
1242.852273	0	0
1242.902278	0	0
1242.952283	0	0
1243.002288	0	0
1243.052293	0	0
1243.102298	0	0
1243.152303	0	0
1243.202308	0	0
1243.252313	0	0
1243.302318	0	0
1243.352323	0	0
1243.402328	0	0
1243.452333	0	0
1243.502338	0	0
1243.552343	0	0
1243.602348	0	0
1243.652353	0	0
1243.702358	0	0
1243.752363	0	0
1243.802368	0	0
1243.852373	0	0
1243.902378	0	0
1243.952383	0	0
1244.002388	0	0
1244.052393	0	0
1244.102398	0	0
1244.152403	0	0
1244.202408	0	0
1244.252413	0	0
1244.302418	0	0
1244.352423	0	0
1244.402428	0	0
1244.452433	0	0
1244.502438	0	0
1244.552443	0	0
1244.602448	0	0
1244.652453	0	0
1244.702458	0	0
1244.752463	0	0
1244.802468	0	0
1244.852473	0	0
1244.902478	0	0
1244.952483	0	0
1245.002488	0	0
1245.052493	0	0
1245.102498	0	0
1245.152503	0	0
1245.202508	0	0
1245.252513	0	0
1245.302518	0	0
1245.352523	0	0
1245.402528	0	0
1245.452533	0	0
1245.502538	0	0
1245.552543	0	0
1245.602548	0	0
1245.652553	0	0
1245.702558	0	0
1245.752563	0	0
1245.802568	0	0
1245.852573	0	0
1245.902578	0	0
1245.952583	0	0
1246.002588	0	0
1246.052593	0	0
1246.102598	0	0
1246.152603	0	0
1246.202608	0	0
1246.252613	0	0
1246.302618	0	0
1246.352623	0	0
1246.402628	0	0
1246.452633	0	0
1246.502638	0	0
1246.552643	0	0
1246.602648	0	0
1246.652653	0	0
1246.702658	0	0
1246.752663	0	0
1246.802668	0	0
1246.852673	0	0
1246.902678	0	0
1246.952683	0	0
1247.002688	0	0
1247.052693	0	0
1247.102698	0	0
1247.152703	0	0
1247.202708	0	0
1247.252713	0	0
1247.302718	0	0
1247.352723	0	0
1247.402728	0	0
1247.452733	0	0
1247.502738	0	0
1247.552743	0	0
1247.602748	0	0
1247.652753	0	0
1247.702758	0	0
1247.752763	0	0
1247.802768	0	0
1247.852773	0	0
1247.902778	0	0
1247.952783	0	0
1248.002788	0	0
1248.052793	0	0
1248.102798	0	0
1248.152803	0	0
1248.202808	0	0
1248.252813	0	0
1248.302818	0	0
1248.352823	0	0
1248.402828	0	0
1248.452833	0	0
1248.502838	0	0
1248.552843	0	0
1248.602848	0	0
1248.652853	0	0
1248.702858	0	0
1248.752863	0	0
1248.802868	0	0
1248.852873	0	0
1248.902878	0	0
1248.952883	0	0
1249.002888	0	0
1249.052893	0	0
1249.102898	0	0
1249.152903	0	0
1249.202908	0	0
1249.252913	0	0
1249.302918	0	0
1249.352923	0	0
1249.402928	0	0
1249.452933	0	0
1249.502938	0	0
1249.552943	0	0
1249.602948	0	0
1249.652953	0	0
1249.702958	0	0
1249.752963	0	0
1249.802968	0	0
1249.852973	0	0
1249.902978	0	0
1249.952983	0	0
1250.002988	0	0
1250.052993	0	0
1250.102998	0	0
1250.153003	0	0
1250.203008	0	0
1250.252013	0	0
1250.302018	0	0
1250.352023	0	0
1250.402028	0	0
1250.452033	0	0
1250.502038	0	0
1250.552042	0	0
1250.602048	0	0
1250.652053	0	0
1250.702058	0	0
1250.752063	0	0
1250.802068	0	0
1250.852073	0	0
1250.902078	0	0
1250.952083	0	0
1251.002088	0	0
1251.052093	0	0
1251.102098	0	0
1251.152103	0	0
1251.202108	0	0
1251.252113	0	0
1251.302118	0	0
1251.352123	0	0
1251.402128	0	0
1251.452133	0	0
1251.502138	0	0
1251.552143	0	0
1251.602148	0	0
1251.652153	0	0
1251.702157	0	0
1251.752163	0	0
1251.802168	0	0
1251.852173	0	0
1251.902178	0	0
1251.952183	0	0
1252.002188	0	0
1252.052193	0	0
1252.102198	0	0
1252.152203	0	0
1252.202208	0	0
1252.252213	0	0
1252.302217	0	0
1252.352223	0	0
1252.402228	0	0
1252.452233	0	0
1252.502238	0	0
1252.552243	0	0
1252.602248	0	0
1252.652253	0	0
1252.702258	0	0
1252.752263	0	0
1252.802268	0	0
1252.852273	0	0
1252.902278	0	0
1252.952283	0	0
1253.002288	0	0
1253.052293	0	0
1253.102298	0	0
1253.152303	0	0
1253.202308	0	0
1253.252313	0	0
1253.302318	0	0
1253.352323	0	0
1253.402328	0	0
1253.452332	0	0
1253.502338	0	0
1253.552343	0	0
1253.602348	0	0
1253.652353	0	0
1253.702358	0	0
1253.752363	0	0
1253.802368	0	0
1253.852373	0	0
1253.902378	0	0
1253.952383	0	0
1254.002388	0	0
1254.052393	0	0
1254.102398	0	0
1254.152403	0	0
1254.202408	0	0
1254.252413	0	0
1254.302418	0	0
1254.352423	0	0
1254.402428	0	0
1254.452433	0	0
1254.502438	0	0
1254.552443	0	0
1254.602448	0	0
1254.652453	0	0
1254.702458	0	0
1254.752463	0	0
1254.802468	0	0
1254.852473	0	0
1254.902478	0	0
1254.952483	0	0
1255.002488	0	0
1255.052493	0	0
1255.102498	0	0
1255.152503	0	0
1255.202507	0	0
1255.252513	0	0
1255.302518	0	0
1255.352523	0	0
1255.402528	0	0
1255.452533	0	0
1255.502538	0	0
1255.552543	0	0
1255.602548	0	0
1255.652553	0	0
1255.702558	0	0
1255.752563	0	0
1255.802568	0	0
1255.852573	0	0
1255.902578	0	0
1255.952583	0	0
1256.002588	0	0
1256.052593	0	0
1256.102598	0	0
1256.152603	0	0
1256.202608	0	0
1256.252613	0	0
1256.302618	0	0
1256.352623	0	0
1256.402628	0	0
1256.452633	0	0
1256.502638	0	0
1256.552643	0	0
1256.602648	0	0
1256.652653	0	0
1256.702658	0	0
1256.752663	0	0
1256.802668	0	0
1256.852673	0	0
1256.902678	0	0
1256.952682	0	0
1257.002688	0	0
1257.052693	0	0
1257.102698	0	0
1257.152703	0	0
1257.202708	0	0
1257.252713	0	0
1257.302718	0	0
1257.352723	0	0
1257.402728	0	0
1257.452733	0	0
1257.502738	0	0
1257.552743	0	0
1257.602748	0	0
1257.652753	0	0
1257.702758	0	0
1257.752763	0	0
1257.802768	0	0
1257.852773	0	0
1257.902778	0	0
1257.952783	0	0
1258.002788	0	0
1258.052793	0	0
1258.102798	0	0
1258.152803	0	0
1258.202808	0	0
1258.252813	0	0
1258.302818	0	0
1258.352823	0	0
1258.402828	0	0
1258.452833	0	0
1258.502838	0	0
1258.552843	0	0
1258.602848	0	0
1258.652853	0	0
1258.702857	0	0
1258.752863	0	0
1258.802868	0	0
1258.908878	0	0
1258.952883	0	0
1259.012889	0	0
1259.052893	0	0
1259.102898	0	0
1259.152903	0	0
1259.202908	0	0
1259.252913	0	0
1259.302918	0	0
1259.352923	0	0
1259.402928	0	0
1259.452933	0	0
1259.502938	0	0
1259.552943	0	0
1259.602948	0	0
1259.652953	0	0
1259.702958	0	0
1259.752963	0	0
1259.802968	0	0
1259.852973	0	0
1259.902978	0	0
1259.952983	0	0
1260.002988	0	0
1260.052993	0	0
1260.102998	0	0
1260.153003	0	0
1260.203008	0	0
1260.253013	0	0
1260.303018	0	0
1260.353023	0	0
1260.403028	0	0
1260.453032	0	0
1260.503038	0	0
1260.553043	0	0
1260.603048	0	0
1260.653053	0	0
1260.703058	0	0
1260.753063	0	0
1260.803068	0	0
1260.853073	0	0
1260.903078	0	0
1260.953083	0	0
1261.003088	0	0
1261.053093	0	0
1261.103098	0	0
1261.153103	0	0
1261.203108	0	0
1261.253113	0	0
1261.303118	0	0
1261.353123	0	0
1261.403128	0	0
1261.453133	0	0
1261.503138	0	0
1261.553143	0	0
1261.603148	0	0
1261.653153	0	0
1261.703158	0	0
1261.753163	0	0
1261.803168	0	0
1261.853173	0	0
1261.903178	0	0
1261.953183	0	0
1262.003188	0	0
1262.053193	0	0
1262.103198	0	0
1262.153203	0	0
1262.203207	0	0
1262.253213	0	0
1262.303218	0	0
1262.353223	0	0
1262.403228	0	0
1262.453233	0	0
1262.503238	0	0
1262.553243	0	0
1262.603248	0	0
1262.653253	0	0
1262.703258	0	0
1262.753263	0	0
1262.803268	0	0
1262.853273	0	0
1262.903278	0	0
1262.953283	0	0
1263.003288	0	0
1263.053293	0	0
1263.103298	0	0
1263.153303	0	0
1263.203308	0	0
1263.253313	0	0
1263.303318	0	0
1263.353323	0	0
1263.403328	0	0
1263.453333	0	0
1263.503338	0	0
1263.553343	0	0
1263.603348	0	0
1263.653353	0	0
1263.703358	0	0
1263.753363	0	0
1263.803368	0	0
1263.853373	0	0
1263.903378	0	0
1263.953382	0	0
1264.003388	0	0
1264.053393	0	0
1264.103398	0	0
1264.153403	0	0
1264.203408	0	0
1264.253413	0	0
1264.303418	0	0
1264.353423	0	0
1264.403428	0	0
1264.453433	0	0
1264.503438	0	0
1264.553443	0	0
1264.603448	0	0
1264.653453	0	0
1264.703458	0	0
1264.753463	0	0
1264.803468	0	0
1264.853473	0	0
1264.903478	0	0
1264.953483	0	0
1265.003488	0	0
1265.053493	0	0
1265.103498	0	0
1265.153503	0	0
1265.203508	0	0
1265.253513	0	0
1265.303518	0	0
1265.353523	0	0
1265.403528	0	0
1265.453533	0	0
1265.503538	0	0
1265.553543	0	0
1265.603548	0	0
1265.653553	0	0
1265.703557	0	0
1265.753563	0	0
1265.803568	0	0
1265.853573	0	0
1265.903578	0	0
1265.953583	0	0
1266.003588	0	0
1266.053593	0	0
1266.103598	0	0
1266.153603	0	0
1266.203608	0	0
1266.253613	0	0
1266.303618	0	0
1266.353623	0	0
1266.403628	0	0
1266.453633	0	0
1266.503638	0	0
1266.553643	0	0
1266.603648	0	0
1266.653653	0	0
1266.703658	0	0
1266.753663	0	0
1266.803668	0	0
1266.853673	0	0
1266.903678	0	0
1266.953683	0	0
1267.003688	0	0
1267.053693	0	0
1267.103698	0	0
1267.153703	0	0
1267.203708	0	0
1267.253713	0	0
1267.303718	0	0
1267.353723	0	0
1267.403728	0	0
1267.453732	0	0
1267.503738	0	0
1267.553743	0	0
1267.603748	0	0
1267.653753	0	0
1267.702758	0	0
1267.752763	0	0
1267.802768	0	0
1267.852773	0	0
1267.902778	0	0
1267.952783	0	0
1268.002788	0	0
1268.052793	0	0
1268.102798	0	0
1268.152802	0	0
1268.202807	0	0
1268.252812	0	0
1268.302818	0	0
1268.352823	0	0
1268.402828	0	0
1268.452833	0	0
1268.502838	0	0
1268.552843	0	0
1268.602848	0	0
1268.652853	0	0
1268.702857	0	0
1268.752862	0	0
1268.802867	0	0
1268.852873	0	0
1268.902878	0	0
1268.952883	0	0
1269.002888	0	0
1269.052893	0	0
1269.102898	0	0
1269.152903	0	0
1269.202908	0	0
1269.252913	0	0
1269.302917	0	0
1269.352922	0	0
1269.402927	0	0
1269.452933	0	0
1269.502938	0	0
1269.552943	0	0
1269.602948	0	0
1269.652953	0	0
1269.702958	0	0
1269.752963	0	0
1269.802968	0	0
1269.852973	0	0
1269.902977	0	0
1269.952982	0	0
1270.002987	0	0
1270.052993	0	0
1270.102998	0	0
1270.153003	0	0
1270.203008	0	0
1270.253013	0	0
1270.303018	0	0
1270.353023	0	0
1270.403028	0	0
1270.453032	0	0
1270.503037	0	0
1270.553042	0	0
1270.603048	0	0
1270.653053	0	0
1270.703058	0	0
1270.753063	0	0
1270.803068	0	0
1270.853073	0	0
1270.903078	0	0
1270.953083	0	0
1271.003088	0	0
1271.053092	0	0
1271.103097	0	0
1271.153102	0	0
1271.203108	0	0
1271.253113	0	0
1271.303118	0	0
1271.353123	0	0
1271.403128	0	0
1271.453133	0	0
1271.503138	0	0
1271.553143	0	0
1271.603148	0	0
1271.653152	0	0
1271.703157	0	0
1271.753162	0	0
1271.803168	0	0
1271.853173	0	0
1271.903178	0	0
1271.953183	0	0
1272.003188	0	0
1272.053193	0	0
1272.103198	0	0
1272.153203	0	0
1272.203207	0	0
1272.253212	0	0
1272.303217	0	0
1272.353223	0	0
1272.403228	0	0
1272.453233	0	0
1272.503238	0	0
1272.553243	0	0
1272.603248	0	0
1272.653253	0	0
1272.703258	0	0
1272.753263	0	0
1272.803267	0	0
1272.853272	0	0
1272.903277	0	0
1272.953283	0	0
1273.003288	0	0
1273.053293	0	0
1273.103298	0	0
1273.153303	0	0
1273.203308	0	0
1273.253313	0	0
1273.303318	0	0
1273.353323	0	0
1273.403327	0	0
1273.453332	0	0
1273.503337	0	0
1273.553343	0	0
1273.603348	0	0
1273.653353	0	0
1273.703358	0	0
1273.753363	0	0
1273.803368	0	0
1273.853373	0	0
1273.903378	0	0
1273.953382	0	0
1274.003387	0	0
1274.053392	0	0
1274.103398	0	0
1274.153403	0	0
1274.203408	0	0
1274.253413	0	0
1274.303418	0	0
1274.353423	0	0
1274.403428	0	0
1274.453433	0	0
1274.503438	0	0
1274.553442	0	0
1274.603447	0	0
1274.653452	0	0
1274.703458	0	0
1274.753463	0	0
1274.803468	0	0
1274.853473	0	0
1274.903478	0	0
1274.953483	0	0
1275.003488	0	0
1275.053493	0	0
1275.103498	0	0
1275.153502	0	0
1275.203507	0	0
1275.253513	0	0
1275.303518	0	0
1275.353523	0	0
1275.403528	0	0
1275.453533	0	0
1275.503538	0	0
1275.553543	0	0
1275.603548	0	0
1275.653553	0	0
1275.703557	0	0
1275.753562	0	0
1275.803567	0	0
1275.853573	0	0
1275.903578	0	0
1275.953583	0	0
1276.003588	0	0
1276.053593	0	0
1276.103598	0	0
1276.153603	0	0
1276.203608	0	0
1276.253613	0	0
1276.303617	0	0
1276.353622	0	0
1276.403627	0	0
1276.453633	0	0
1276.503638	0	0
1276.553643	0	0
1276.603648	0	0
1276.653653	0	0
1276.703658	0	0
1276.753663	0	0
1276.803668	0	0
1276.853673	0	0
1276.903677	0	0
1276.953682	0	0
1277.003688	0	0
1277.053693	0	0
1277.103698	0	0
1277.153703	0	0
1277.203708	0	0
1277.253713	0	0
1277.303718	0	0
1277.353723	0	0
1277.403728	0	0
1277.453732	0	0
1277.503737	0	0
1277.553742	0	0
1277.603748	0	0
1277.653753	0	0
1277.703758	0	0
1277.753763	0	0
1277.803768	0	0
1277.853773	0	0
1277.903778	0	0
1277.953783	0	0
1278.003788	0	0
1278.053792	0	0
1278.103797	0	0
1278.153802	0	0
1278.203808	0	0
1278.253813	0	0
1278.303818	0	0
1278.353823	0	0
1278.403828	0	0
1278.453833	0	0
1278.503838	0	0
1278.553843	0	0
1278.603848	0	0
1278.653852	0	0
1278.703857	0	0
1278.753863	0	0
1278.803868	0	0
1278.853873	0	0
1278.903878	0	0
1278.953883	0	0
1279.003888	0	0
1279.053893	0	0
1279.103898	0	0
1279.153903	0	0
1279.203907	0	0
1279.253912	0	0
1279.303917	0	0
1279.353923	0	0
1279.403928	0	0
1279.453933	0	0
1279.503938	0	0
1279.553943	0	0
1279.603948	0	0
1279.653953	0	0
1279.703958	0	0
1279.753963	0	0
1279.803967	0	0
1279.853972	0	0
1279.903977	0	0
1279.953983	0	0
1280.003988	0	0
1280.053993	0	0
1280.103998	0	0
1280.154003	0	0
1280.204008	0	0
1280.254013	0	0
1280.304018	0	0
1280.354023	0	0
1280.404027	0	0
1280.454032	0	0
1280.504038	0	0
1280.554043	0	0
1280.604048	0	0
1280.654053	0	0
1280.704058	0	0
1280.754063	0	0
1280.804068	0	0
1280.854073	0	0
1280.904078	0	0
1280.954082	0	0
1281.004087	0	0
1281.054092	0	0
1281.104098	0	0
1281.154103	0	0
1281.204108	0	0
1281.254113	0	0
1281.304118	0	0
1281.354123	0	0
1281.404128	0	0
1281.454133	0	0
1281.504138	0	0
1281.554142	0	0
1281.604147	0	0
1281.654152	0	0
1281.704158	0	0
1281.754163	0	0
1281.804168	0	0
1281.854173	0	0
1281.904178	0	0
1281.954183	0	0
1282.004188	0	0
1282.054193	0	0
1282.104198	0	0
1282.154202	0	0
1282.204207	0	0
1282.254213	0	0
1282.304218	0	0
1282.354223	0	0
1282.404228	0	0
1282.454233	0	0
1282.504238	0	0
1282.554243	0	0
1282.604248	0	0
1282.654253	0	0
1282.704257	0	0
1282.754262	0	0
1282.804267	0	0
1282.854273	0	0
1282.904278	0	0
1282.954283	0	0
1283.004288	0	0
1283.054293	0	0
1283.104298	0	0
1283.154303	0	0
1283.204308	0	0
1283.254313	0	0
1283.304317	0	0
1283.354322	0	0
1283.404327	0	0
1283.454333	0	0
1283.504338	0	0
1283.554343	0	0
1283.604348	0	0
1283.654353	0	0
1283.704358	0	0
1283.754363	0	0
1283.804368	0	0
1283.854373	0	0
1283.904377	0	0
1283.954382	0	0
1284.004388	0	0
1284.054393	0	0
1284.104398	0	0
1284.154403	0	0
1284.204408	0	0
1284.254413	0	0
1284.304418	0	0
1284.354423	0	0
1284.404428	0	0
1284.454432	0	0
1284.504437	0	0
1284.554442	0	0
1284.604448	0	0
1284.654453	0	0
1284.704458	0	0
1284.754463	0	0
1284.804468	0	0
1284.854473	0	0
1284.904478	0	0
1284.954483	0	0
1285.004488	0	0
1285.054492	0	0
1285.104497	0	0
1285.154502	0	0
1285.203507	0	0
1285.253512	0	0
1285.303517	0	0
1285.353522	0	0
1285.403528	0	0
1285.453533	0	0
1285.503538	0	0
1285.553543	0	0
1285.603548	0	0
1285.653553	0	0
1285.703557	0	0
1285.753562	0	0
1285.803567	0	0
1285.853572	0	0
1285.903577	0	0
1285.953582	0	0
1286.003588	0	0
1286.053593	0	0
1286.103598	0	0
1286.153603	0	0
1286.203608	0	0
1286.253613	0	0
1286.303617	0	0
1286.353622	0	0
1286.403627	0	0
1286.453632	0	0
1286.503637	0	0
1286.553643	0	0
1286.603648	0	0
1286.653653	0	0
1286.703658	0	0
1286.753663	0	0
1286.803668	0	0
1286.853673	0	0
1286.903677	0	0
1286.953682	0	0
1287.003687	0	0
1287.053692	0	0
1287.103697	0	0
1287.153703	0	0
1287.203708	0	0
1287.253713	0	0
1287.303718	0	0
1287.353723	0	0
1287.403728	0	0
1287.453732	0	0
1287.503737	0	0
1287.553742	0	0
1287.603747	0	0
1287.653752	0	0
1287.703757	0	0
1287.753763	0	0
1287.803768	0	0
1287.853773	0	0
1287.903778	0	0
1287.953783	0	0
1288.003788	0	0
1288.053792	0	0
1288.103797	0	0
1288.153802	0	0
1288.203807	0	0
1288.253812	0	0
1288.303818	0	0
1288.353823	0	0
1288.403828	0	0
1288.453833	0	0
1288.503838	0	0
1288.553843	0	0
1288.603848	0	0
1288.653852	0	0
1288.703857	0	0
1288.753862	0	0
1288.803867	0	0
1288.853872	0	0
1288.903878	0	0
1288.953883	0	0
1289.003888	0	0
1289.053893	0	0
1289.103898	0	0
1289.153903	0	0
1289.203907	0	0
1289.253912	0	0
1289.303917	0	0
1289.353922	0	0
1289.403927	0	0
1289.453932	0	0
1289.503938	0	0
1289.553943	0	0
1289.603948	0	0
1289.653953	0	0
1289.703958	0	0
1289.753963	0	0
1289.803967	0	0
1289.853972	0	0
1289.903977	0	0
1289.953982	0	0
1290.003987	0	0
1290.053993	0	0
1290.103998	0	0
1290.154003	0	0
1290.204008	0	0
1290.254013	0	0
1290.304018	0	0
1290.354023	0	0
1290.404027	0	0
1290.454032	0	0
1290.504037	0	0
1290.554042	0	0
1290.604047	0	0
1290.654053	0	0
1290.704058	0	0
1290.754063	0	0
1290.804068	0	0
1290.854073	0	0
1290.904078	0	0
1290.954082	0	0
1291.004087	0	0
1291.054092	0	0
1291.104097	0	0
1291.154102	0	0
1291.204107	0	0
1291.254113	0	0
1291.304118	0	0
1291.354123	0	0
1291.404128	0	0
1291.454133	0	0
1291.504138	0	0
1291.554142	0	0
1291.604147	0	0
1291.654152	0	0
1291.704157	0	0
1291.754162	0	0
1291.804168	0	0
1291.854173	0	0
1291.904178	0	0
1291.954183	0	0
1292.004188	0	0
1292.054193	0	0
1292.104198	0	0
1292.154202	0	0
1292.204207	0	0
1292.254212	0	0
1292.304217	0	0
1292.354222	0	0
1292.404228	0	0
1292.454233	0	0
1292.504238	0	0
1292.554243	0	0
1292.604248	0	0
1292.654253	0	0
1292.704257	0	0
1292.754262	0	0
1292.804267	0	0
1292.854272	0	0
1292.904277	0	0
1292.954282	0	0
1293.004288	0	0
1293.054293	0	0
1293.104298	0	0
1293.154303	0	0
1293.204308	0	0
1293.254313	0	0
1293.304317	0	0
1293.354322	0	0
1293.404327	0	0
1293.454332	0	0
1293.504337	0	0
1293.554343	0	0
1293.604348	0	0
1293.654353	0	0
1293.704358	0	0
1293.754363	0	0
1293.804368	0	0
1293.854373	0	0
1293.904377	0	0
1293.954382	0	0
1294.004387	0	0
1294.054392	0	0
1294.104397	0	0
1294.154403	0	0
1294.204408	0	0
1294.254413	0	0
1294.304418	0	0
1294.354423	0	0
1294.404428	0	0
1294.454432	0	0
1294.504437	0	0
1294.554442	0	0
1294.604447	0	0
1294.654452	0	0
1294.704457	0	0
1294.754463	0	0
1294.804468	0	0
1294.854473	0	0
1294.904478	0	0
1294.954483	0	0
1295.004488	0	0
1295.054492	0	0
1295.104497	0	0
1295.154502	0	0
1295.204507	0	0
1295.254512	0	0
1295.304518	0	0
1295.354523	0	0
1295.404528	0	0
1295.454533	0	0
1295.504538	0	0
1295.554543	0	0
1295.604548	0	0
1295.654552	0	0
1295.704557	0	0
1295.754562	0	0
1295.804567	0	0
1295.854572	0	0
1295.904578	0	0
1295.954583	0	0
1296.004588	0	0
1296.054593	0	0
1296.104598	0	0
1296.154603	0	0
1296.204607	0	0
1296.254612	0	0
1296.304617	0	0
1296.354622	0	0
1296.404627	0	0
1296.454633	0	0
1296.504638	0	0
1296.554643	0	0
1296.604648	0	0
1296.654653	0	0
1296.704658	0	0
1296.754663	0	0
1296.804667	0	0
1296.854672	0	0
1296.904677	0	0
1296.954682	0	0
1297.004687	0	0
1297.054693	0	0
1297.104698	0	0
1297.154703	0	0
1297.204708	0	0
1297.254713	0	0
1297.304718	0	0
1297.354722	0	0
1297.404727	0	0
1297.454732	0	0
1297.504737	0	0
1297.554742	0	0
1297.604747	0	0
1297.654753	0	0
1297.704758	0	0
1297.754763	0	0
1297.804768	0	0
1297.854773	0	0
1297.904778	0	0
1297.954782	0	0
1298.004787	0	0
1298.054792	0	0
1298.104797	0	0
1298.154802	0	0
1298.204808	0	0
1298.254813	0	0
1298.304818	0	0
1298.354823	0	0
1298.404828	0	0
1298.454833	0	0
1298.504838	0	0
1298.554842	0	0
1298.604847	0	0
1298.654852	0	0
1298.704857	0	0
1298.754862	0	0
1298.804868	0	0
1298.854873	0	0
1298.904878	0	0
1298.954883	0	0
1299.004888	0	0
1299.054893	0	0
1299.104897	0	0
1299.154902	0	0
1299.204907	0	0
1299.254912	0	0
1299.304917	0	0
1299.354922	0	0
1299.404928	0	0
1299.454933	0	0
1299.504938	0	0
1299.554943	0	0
1299.604948	0	0
1299.654953	0	0
1299.704957	0	0
1299.754962	0	0
1299.804967	0	0
1299.854972	0	0
1299.904977	0	0
1299.954983	0	0
1300.004988	0	0
1300.054993	0	0
1300.104998	0	0
1300.155003	0	0
1300.205008	0	0
1300.255013	0	0
1300.305017	0	0
1300.355022	0	0
1300.405027	0	0
1300.455032	0	0
1300.505037	0	0
1300.555043	0	0
1300.605048	0	0
1300.655053	0	0
1300.705058	0	0
1300.755063	0	0
1300.805068	0	0
1300.855072	0	0
1300.905077	0	0
1300.955082	0	0
1301.005087	0	0
1301.055092	0	0
1301.105097	0	0
1301.155103	0	0
1301.205108	0	0
1301.255113	0	0
1301.305118	0	0
1301.355123	0	0
1301.405128	0	0
1301.455132	0	0
1301.505137	0	0
1301.555142	0	0
1301.605147	0	0
1301.655152	0	0
1301.705158	0	0
1301.755163	0	0
1301.805168	0	0
1301.855173	0	0
1301.905178	0	0
1301.955183	0	0
1302.005188	0	0
1302.055192	0	0
1302.105197	0	0
1302.155202	0	0
1302.205207	0	0
1302.255212	0	0
1302.305218	0	0
1302.355223	0	0
1302.405228	0	0
1302.455233	0	0
1302.505238	0	0
1302.555243	0	0
1302.605247	0	0
1302.655252	0	0
1302.704257	0	0
1302.754262	0	0
1302.804267	0	0
1302.854272	0	0
1302.904277	0	0
1302.954282	0	0
1303.004287	0	0
1303.054292	0	0
1303.104298	0	0
1303.154303	0	0
1303.204308	0	0
1303.254313	0	0
1303.304317	0	0
1303.354322	0	0
1303.404327	0	0
1303.454332	0	0
1303.504337	0	0
1303.554342	0	0
1303.604347	0	0
1303.654352	0	0
1303.704358	0	0
1303.754363	0	0
1303.804368	0	0
1303.854373	0	0
1303.904377	0	0
1303.954382	0	0
1304.004387	0	0
1304.054392	0	0
1304.104397	0	0
1304.154402	0	0
1304.204407	0	0
1304.254413	0	0
1304.304418	0	0
1304.354423	0	0
1304.404428	0	0
1304.454432	0	0
1304.504437	0	0
1304.554442	0	0
1304.604447	0	0
1304.654452	0	0
1304.704457	0	0
1304.754462	0	0
1304.804467	0	0
1304.854473	0	0
1304.904478	0	0
1304.954483	0	0
1305.004488	0	0
1305.054492	0	0
1305.104497	0	0
1305.154502	0	0
1305.204507	0	0
1305.254512	0	0
1305.304517	0	0
1305.354522	0	0
1305.404527	0	0
1305.454533	0	0
1305.504538	0	0
1305.554543	0	0
1305.604548	0	0
1305.654552	0	0
1305.704557	0	0
1305.754562	0	0
1305.804567	0	0
1305.854572	0	0
1305.904577	0	0
1305.954582	0	0
1306.004588	0	0
1306.054593	0	0
1306.104598	0	0
1306.154603	0	0
1306.204607	0	0
1306.254612	0	0
1306.304617	0	0
1306.354622	0	0
1306.404627	0	0
1306.454632	0	0
1306.504637	0	0
1306.554642	0	0
1306.604648	0	0
1306.654653	0	0
1306.704658	0	0
1306.754663	0	0
1306.804667	0	0
1306.854672	0	0
1306.904677	0	0
1306.954682	0	0
1307.004687	0	0
1307.054692	0	0
1307.104697	0	0
1307.154702	0	0
1307.204708	0	0
1307.254713	0	0
1307.304718	0	0
1307.354722	0	0
1307.404727	0	0
1307.454732	0	0
1307.504737	0	0
1307.554742	0	0
1307.604747	0	0
1307.654752	0	0
1307.704757	0	0
1307.754763	0	0
1307.804768	0	0
1307.854773	0	0
1307.904778	0	0
1307.954782	0	0
1308.004787	0	0
1308.054792	0	0
1308.104797	0	0
1308.154802	0	0
1308.204807	0	0
1308.254812	0	0
1308.304817	0	0
1308.354823	0	0
1308.404828	0	0
1308.454833	0	0
1308.504838	0	0
1308.554842	0	0
1308.604847	0	0
1308.654852	0	0
1308.704857	0	0
1308.754862	0	0
1308.804867	0	0
1308.854872	0	0
1308.904877	0	0
1308.954883	0	0
1309.004888	0	0
1309.054893	0	0
1309.104897	0	0
1309.154902	0	0
1309.204907	0	0
1309.254912	0	0
1309.304917	0	0
1309.354922	0	0
1309.404927	0	0
1309.454932	0	0
1309.504938	0	0
1309.554943	0	0
1309.604948	0	0
1309.654953	0	0
1309.704957	0	0
1309.754962	0	0
1309.804967	0	0
1309.854972	0	0
1309.904977	0	0
1309.954982	0	0
1310.004987	0	0
1310.054992	0	0
1310.104998	0	0
1310.155003	0	0
1310.205008	0	0
1310.255013	0	0
1310.305017	0	0
1310.355022	0	0
1310.405027	0	0
1310.455032	0	0
1310.505037	0	0
1310.555042	0	0
1310.605047	0	0
1310.655052	0	0
1310.705058	0	0
1310.755063	0	0
1310.805068	0	0
1310.855072	0	0
1310.905077	0	0
1310.955082	0	0
1311.005087	0	0
1311.055092	0	0
1311.105097	0	0
1311.155102	0	0
1311.205107	0	0
1311.255113	0	0
1311.305118	0	0
1311.355123	0	0
1311.405128	0	0
1311.455132	0	0
1311.505137	0	0
1311.555142	0	0
1311.605147	0	0
1311.655152	0	0
1311.705157	0	0
1311.755162	0	0
1311.805167	0	0
1311.855173	0	0
1311.905178	0	0
1311.955183	0	0
1312.005188	0	0
1312.055192	0	0
1312.105197	0	0
1312.155202	0	0
1312.205207	0	0
1312.255212	0	0
1312.305217	0	0
1312.355222	0	0
1312.405227	0	0
1312.455233	0	0
1312.505238	0	0
1312.555243	0	0
1312.605247	0	0
1312.655252	0	0
1312.705257	0	0
1312.755262	0	0
1312.805267	0	0
1312.855272	0	0
1312.905277	0	0
1312.955282	0	0
1313.005288	0	0
1313.055293	0	0
1313.105298	0	0
1313.155303	0	0
1313.205307	0	0
1313.255312	0	0
1313.305317	0	0
1313.355322	0	0
1313.405327	0	0
1313.455332	0	0
1313.505337	0	0
1313.555342	0	0
1313.605348	0	0
1313.655353	0	0
1313.705358	0	0
1313.755363	0	0
1313.805367	0	0
1313.855372	0	0
1313.905377	0	0
1313.955382	0	0
1314.005387	0	0
1314.055392	0	0
1314.105397	0	0
1314.155402	0	0
1314.205408	0	0
1314.255413	0	0
1314.305418	0	0
1314.355422	0	0
1314.405427	0	0
1314.455432	0	0
1314.505437	0	0
1314.555442	0	0
1314.605447	0	0
1314.655452	0	0
1314.705457	0	0
1314.755463	0	0
1314.805468	0	0
1314.855473	0	0
1314.905478	0	0
1314.955482	0	0
1315.005487	0	0
1315.055492	0	0
1315.105497	0	0
1315.155502	0	0
1315.205507	0	0
1315.255512	0	0
1315.305517	0	0
1315.355523	0	0
1315.405528	0	0
1315.455533	0	0
1315.505538	0	0
1315.555542	0	0
1315.605547	0	0
1315.655552	0	0
1315.705557	0	0
1315.755562	0	0
1315.805567	0	0
1315.855572	0	0
1315.905578	0	0
1315.955583	0	0
1316.005588	0	0
1316.055593	0	0
1316.105597	0	0
1316.155602	0	0
1316.205607	0	0
1316.255612	0	0
1316.305617	0	0
1316.355622	0	0
1316.405627	0	0
1316.455632	0	0
1316.505638	0	0
1316.555643	0	0
1316.605648	0	0
1316.655653	0	0
1316.705657	0	0
1316.755662	0	0
1316.805667	0	0
1316.855672	0	0
1316.905677	0	0
1316.955682	0	0
1317.005687	0	0
1317.055692	0	0
1317.105698	0	0
1317.155703	0	0
1317.205708	0	0
1317.255713	0	0
1317.305717	0	0
1317.355722	0	0
1317.405727	0	0
1317.455732	0	0
1317.505737	0	0
1317.555742	0	0
1317.605747	0	0
1317.655753	0	0
1317.705758	0	0
1317.755763	0	0
1317.805768	0	0
1317.855772	0	0
1317.905777	0	0
1317.955782	0	0
1318.005787	0	0
1318.055792	0	0
1318.105797	0	0
1318.155802	0	0
1318.205807	0	0
1318.255813	0	0
1318.305818	0	0
1318.355823	0	0
1318.405828	0	0
1318.455832	0	0
1318.505837	0	0
1318.555842	0	0
1318.605847	0	0
1318.655852	0	0
1318.705857	0	0
1318.755862	0	0
1318.805867	0	0
1318.855873	0	0
1318.905878	0	0
1318.955883	0	0
1319.005888	0	0
1319.055892	0	0
1319.105897	0	0
1319.155902	0	0
1319.205907	0	0
1319.255912	0	0
1319.305917	0	0
1319.355922	0	0
1319.405928	0	0
1319.455933	0	0
1319.505938	0	0
1319.555943	0	0
1319.605947	0	0
1319.655952	0	0
1319.705957	0	0
1319.755962	0	0
1319.805967	0	0
1319.855972	0	0
1319.905977	0	0
1319.955982	0	0
1320.005988	0	0
1320.055993	0	0
1320.105998	0	0
1320.155002	0	0
1320.205008	0	0
1320.255013	0	0
1320.305017	0	0
1320.355022	0	0
1320.405027	0	0
1320.455032	0	0
1320.505037	0	0
1320.555042	0	0
1320.605047	0	0
1320.655052	0	0
1320.705057	0	0
1320.755062	0	0
1320.805068	0	0
1320.855072	0	0
1320.905077	0	0
1320.955082	0	0
1321.005087	0	0
1321.055092	0	0
1321.105097	0	0
1321.155102	0	0
1321.205107	0	0
1321.255112	0	0
1321.305117	0	0
1321.355122	0	0
1321.405128	0	0
1321.455132	0	0
1321.505137	0	0
1321.555142	0	0
1321.605147	0	0
1321.655152	0	0
1321.705157	0	0
1321.755162	0	0
1321.805167	0	0
1321.855172	0	0
1321.905177	0	0
1321.955183	0	0
1322.005188	0	0
1322.055192	0	0
1322.106197	0	0
1322.155202	0	0
1322.205207	0	0
1322.255212	0	0
1322.305217	0	0
1322.355222	0	0
1322.405227	0	0
1322.455232	0	0
1322.505237	0	0
1322.555243	0	0
1322.605247	0	0
1322.655252	0	0
1322.705257	0	0
1322.755262	0	0
1322.805267	0	0
1322.855272	0	0
1322.905277	0	0
1322.955282	0	0
1323.005287	0	0
1323.055292	0	0
1323.105297	0	0
1323.155303	0	0
1323.205307	0	0
1323.255312	0	0
1323.305317	0	0
1323.355322	0	0
1323.405327	0	0
1323.455332	0	0
1323.505337	0	0
1323.555342	0	0
1323.605347	0	0
1323.655352	0	0
1323.705358	0	0
1323.755363	0	88
1323.805367	0	104
1323.855372	0	196
1323.905377	0	196
1323.955382	0	196
1324.005387	0	196
1324.055392	0	196
1324.105397	0	196
1324.155402	0	196
1324.205407	0	196
1324.255412	0	196
1324.305418	0	196
1324.355422	0	196
1324.405427	0	196
1324.455432	0	196
1324.505437	0	16
1324.555442	0	0
1324.605447	0	0
1324.655452	0	0
1324.705457	0	0
1324.755462	0	0
1324.806468	0	0
1324.855472	0	0
1324.905478	0	0
1324.955482	0	0
1325.005487	0	0
1325.055492	0	0
1325.105497	0	0
1325.155502	0	0
1325.205507	0	0
1325.255512	0	0
1325.305517	0	0
1325.355522	0	0
1325.405527	0	0
1325.455533	0	0
1325.505538	0	0
1325.555542	0	0
1325.605547	0	0
1325.655552	0	0
1325.705557	0	0
1325.755562	0	0
1325.805567	0	0
1325.855572	0	0
1325.905577	0	0
1325.955582	0	0
1326.005587	0	0
1326.055593	0	0
1326.105597	0	0
1326.155602	0	0
1326.205607	0	0
1326.255612	0	0
1326.305617	0	0
1326.355622	0	0
1326.405627	0	0
1326.455632	0	0
1326.505637	0	0
1326.555642	0	0
1326.605647	0	0
1326.655653	0	0
1326.705657	0	0
1326.755662	0	0
1326.805667	0	0
1326.855672	0	0
1326.905677	0	0
1326.955682	0	0
1327.005687	0	0
1327.055692	0	0
1327.105697	0	0
1327.155702	0	0
1327.205708	0	0
1327.255713	0	0
1327.305717	0	0
1327.355722	0	0
1327.405727	0	0
1327.455732	0	0
1327.505737	0	0
1327.555742	0	0
1327.605747	0	0
1327.655752	0	0
1327.705757	0	0
1327.755762	0	0
1327.805768	0	0
1327.855772	0	0
1327.905777	0	0
1327.955782	0	0
1328.005787	0	0
1328.055792	0	0
1328.105797	0	0
1328.155802	0	0
1328.205807	0	0
1328.255812	0	0
1328.305817	0	0
1328.355822	0	0
1328.405828	0	0
1328.455832	0	0
1328.505837	0	0
1328.555842	0	0
1328.605847	0	0
1328.655852	0	0
1328.705857	0	0
1328.755862	0	0
1328.805867	0	0
1328.855872	0	0
1328.905877	0	0
1328.955883	0	0
1329.005888	0	0
1329.055892	0	0
1329.105897	0	0
1329.155902	0	0
1329.205907	0	0
1329.255912	0	0
1329.305917	0	0
1329.355922	0	0
1329.405927	0	0
1329.455932	0	0
1329.505937	0	0
1329.555943	0	0
1329.605947	0	0
1329.655952	0	0
1329.705957	0	0
1329.755962	0	0
1329.805967	0	0
1329.855972	0	0
1329.905977	0	0
1329.955982	0	0
1330.005987	0	0
1330.055992	0	0
1330.105997	0	0
1330.156003	0	0
1330.206007	0	0
1330.256012	0	0
1330.306017	0	0
1330.356022	0	0
1330.406027	0	0
1330.456032	0	0
1330.506037	0	0
1330.556042	0	0
1330.606047	0	0
1330.656052	0	0
1330.706058	0	0
1330.756063	0	0
1330.806067	0	0
1330.856072	0	0
1330.906077	0	0
1330.956082	0	0
1331.006087	0	0
1331.056092	0	0
1331.106097	0	0
1331.156102	0	0
1331.206107	0	0
1331.256112	0	0
1331.306118	0	0
1331.356122	0	0
1331.406127	0	0
1331.456132	0	0
1331.506137	0	0
1331.556142	0	0
1331.606147	0	0
1331.656152	0	0
1331.706157	0	0
1331.756162	0	0
1331.806167	0	0
1331.856172	0	0
1331.906178	0	0
1331.956182	0	0
1332.006187	0	0
1332.056192	0	0
1332.106197	0	0
1332.156202	0	0
1332.206207	0	0
1332.256212	0	0
1332.306217	0	0
1332.356222	0	0
1332.406227	0	0
1332.456233	0	0
1332.506238	0	0
1332.556242	0	0
1332.606247	0	0
1332.656252	0	0
1332.706257	0	0
1332.756262	0	0
1332.806267	0	0
1332.856272	0	0
1332.906277	0	0
1332.956282	0	0
1333.006287	0	0
1333.056293	0	0
1333.106297	0	0
1333.156302	0	0
1333.206307	0	0
1333.256312	0	0
1333.306317	0	0
1333.356322	0	0
1333.406327	0	0
1333.456332	0	0
1333.506337	0	0
1333.556342	0	0
1333.606347	0	0
1333.656353	0	0
1333.706357	0	0
1333.756362	0	0
1333.806367	0	0
1333.856372	0	0
1333.906377	0	0
1333.956382	0	0
1334.006387	0	0
1334.056392	0	0
1334.106397	0	0
1334.156402	0	0
1334.206408	0	0
1334.256413	0	0
1334.306417	0	0
1334.356422	0	0
1334.410428	0	0
1334.456432	0	0
1334.506437	0	0
1334.556442	0	0
1334.606447	0	0
1334.656452	0	0
1334.706457	0	0
1334.756462	0	0
1334.806468	0	0
1334.856472	0	0
1334.906477	0	0
1334.956482	0	0
1335.006487	0	0
1335.056492	0	0
1335.106497	0	0
1335.156502	0	0
1335.206507	0	0
1335.256512	0	0
1335.306517	0	0
1335.356522	0	0
1335.406528	0	0
1335.456532	0	0
1335.506537	0	0
1335.556542	0	0
1335.606547	0	0
1335.656552	0	0
1335.706557	0	0
1335.756562	0	0
1335.806567	0	0
1335.856572	0	0
1335.906577	0	0
1335.956583	0	0
1336.006588	0	0
1336.056592	0	0
1336.106597	0	0
1336.156602	0	0
1336.206607	0	0
1336.256612	0	0
1336.306617	0	0
1336.356622	0	0
1336.406627	0	0
1336.456632	0	0
1336.506637	0	0
1336.556643	0	0
1336.606647	0	0
1336.656652	0	0
1336.706657	0	0
1336.756662	0	0
1336.806667	0	0
1336.856672	0	0
1336.906677	0	0
1336.956682	0	0
1337.006687	0	0
1337.056692	0	0
1337.106698	0	0
1337.156703	0	0
1337.206707	0	0
1337.256712	0	0
1337.306717	0	0
1337.356722	0	0
1337.406727	0	0
1337.456732	0	0
1337.506737	0	0
1337.556742	0	0
1337.606747	0	0
1337.655752	0	0
1337.705757	0	0
1337.755762	0	0
1337.805767	0	0
1337.855772	0	0
1337.905777	0	0
1337.955782	0	0
1338.005787	0	0
1338.055792	0	0
1338.105797	0	0
1338.155802	0	0
1338.205807	0	0
1338.255812	0	0
1338.305817	0	0
1338.355822	0	0
1338.405827	0	0
1338.455832	0	0
1338.505837	0	0
1338.555842	0	0
1338.605847	0	0
1338.655852	0	0
1338.705857	0	0
1338.755862	0	0
1338.805867	0	0
1338.855872	0	0
1338.905877	0	0
1338.955882	0	0
1339.005887	0	0
1339.055892	0	0
1339.105897	0	0
1339.155902	0	0
1339.205907	0	0
1339.255912	0	0
1339.305917	0	0
1339.355922	0	0
1339.405927	0	0
1339.455932	0	0
1339.505937	0	0
1339.555942	0	0
1339.605947	0	0
1339.655952	0	0
1339.705957	0	0
1339.755962	0	0
1339.805967	0	0
1339.855972	0	0
1339.905977	0	0
1339.955982	0	0
1340.005987	0	0
1340.055992	0	0
1340.105997	0	0
1340.156002	0	0
1340.206007	0	0
1340.256012	0	0
1340.306017	0	0
1340.356022	0	0
1340.406027	0	0
1340.456032	0	0
1340.506037	0	0
1340.556042	0	0
1340.606047	0	0
1340.656052	0	0
1340.706057	0	0
1340.756062	0	0
1340.806067	0	0
1340.856072	0	0
1340.906077	0	0
1340.956082	0	0
1341.006087	0	0
1341.056092	0	0
1341.106097	0	0
1341.156102	0	0
1341.206107	0	0
1341.256112	0	0
1341.306117	0	0
1341.356122	0	0
1341.406127	0	0
1341.456132	0	0
1341.506137	0	0
1341.556142	0	0
1341.606147	0	0
1341.656152	0	0
1341.706157	0	72
1341.756162	0	252
1341.806167	0	400
1341.856172	0	512
1341.906177	0	644
1341.956182	0	660
1342.006187	0	728
1342.056192	0	848
1342.106197	0	864
1342.156202	0	876
1342.206207	0	876
1342.256212	0	876
1342.306217	0	876
1342.356222	0	876
1342.406227	0	876
1342.456232	0	876
1342.506237	0	876
1342.556242	0	876
1342.606247	0	876
1342.656252	0	876
1342.706257	0	876
1342.756262	0	876
1342.806267	0	876
1342.856272	0	876
1342.906277	0	876
1342.956282	0	876
1343.006287	0	876
1343.056292	0	876
1343.106297	0	876
1343.156302	0	876
1343.206307	0	876
1343.256312	0	848
1343.306317	0	848
1343.356322	0	816
1343.406327	0	808
1343.456332	0	760
1343.506337	0	712
1343.556342	0	712
1343.606347	0	704
1343.656352	0	596
1343.706357	0	596
1343.756362	0	596
1343.806367	0	572
1343.856372	0	572
1343.906377	0	572
1343.956382	0	512
1344.006387	0	496
1344.056392	0	416
1344.106397	0	352
1344.156402	0	316
1344.206407	0	308
1344.256412	0	292
1344.306417	0	292
1344.356422	0	284
1344.406427	0	284
1344.456432	0	284
1344.506437	0	284
1344.556442	0	260
1344.606447	0	220
1344.656452	0	220
1344.706457	0	212
1344.756462	0	188
1344.806467	0	188
1344.856472	0	188
1344.906477	0	188
1344.956482	0	144
1345.006487	0	32
1345.056492	0	0
1345.106497	0	0
1345.156502	0	0
1345.206507	0	0
1345.256512	0	0
1345.306517	0	0
1345.356522	0	0
1345.406527	0	0
1345.456532	0	0
1345.506537	0	0
1345.556542	0	0
1345.606547	0	0
1345.656552	0	0
1345.706557	0	0
1345.756562	0	0
1345.806567	0	0
1345.856572	0	0
1345.906577	0	0
1345.956582	-168	0
1346.006587	-484	-137
1346.056592	-712	-533
1346.106597	-1232	-977
1346.156602	-1632	-1585
1346.206607	-1668	-1869
1346.256612	-1668	-2081
1346.306617	-1980	-2365
1346.356622	-2464	-2573
1346.406627	-2584	-2769
1346.456632	-2584	-2829
1346.506637	-2584	-2829
1346.556642	-2404	-2357
1346.606647	-2364	-2561
1346.656652	-2364	-2637
1346.706657	-2364	-2989
1346.756662	-2364	-3041
1346.806667	-2348	-3361
1346.856672	-2260	-3477
1346.906677	-2244	-3641
1346.956682	-2244	-3645
1347.006687	-2244	-3645
1347.056692	-2244	-3645
1347.106697	-2244	-3645
1347.156702	-2244	-3645
1347.206707	-2244	-3645
1347.256712	-2164	-3645
1347.306717	-2164	-3645
1347.356722	-2072	-3645
1347.406727	-1996	-3645
1347.456732	-1840	-3645
1347.506737	-1684	-3645
1347.556742	-1436	-3645
1347.606747	-1188	-3645
1347.656752	-1120	-3645
1347.706757	-1120	-3645
1347.756762	-1120	-3645
1347.806767	-1120	-3645
1347.856772	-1120	-3645
1347.906777	-1120	-3645
1347.956782	-1120	-3649
1348.006787	-1120	-3649
1348.056792	-1120	-3649
1348.106797	-1120	-3649
1348.156802	-1120	-3649
1348.206807	-1120	-3669
1348.256812	-1120	-3717
1348.306817	-1120	-3717
1348.356822	-1120	-3717
1348.406827	-1120	-3717
1348.456832	-1120	-3717
1348.506837	-1120	-3717
1348.556842	-1120	-3717
1348.606847	-1120	-3717
1348.656852	-1120	-3717
1348.706857	-1120	-3717
1348.756862	-1120	-3717
1348.806867	-1120	-3717
1348.856872	-1120	-3717
1348.906877	-1120	-3717
1348.956882	-1120	-3717
1349.006887	-1120	-3717
1349.056892	-1120	-3717
1349.106897	-1120	-3717
1349.156902	-1120	-3717
1349.206907	-1120	-3717
1349.256912	-1120	-3717
1349.306917	-1120	-3717
1349.356922	-1120	-3717
1349.406927	-1120	-3717
1349.456932	-1120	-3717
1349.506937	-1120	-3717
1349.556942	-1120	-3717
1349.606947	-1120	-3717
1349.656952	-1120	-3717
1349.706957	-1144	-3717
1349.756962	-1184	-3717
1349.806967	-1192	-3717
1349.856972	-1200	-3717
1349.906977	-1244	-3717
1349.956982	-1244	-3717
1350.006987	-1244	-3717
1350.056992	-1244	-3717
1350.106997	-1244	-3717
1350.157002	-1244	-3717
1350.207007	-1256	-3717
1350.257012	-1256	-3717
1350.307017	-1256	-3717
1350.357022	-1256	-3717
1350.407027	-1256	-3717
1350.457032	-1256	-3717
1350.507037	-1256	-3717
1350.557042	-1256	-3717
1350.607047	-1260	-3717
1350.657052	-1276	-3821
1350.707057	-1320	-3953
1350.757062	-1324	-3985
1350.807067	-1340	-4053
1350.857072	-1340	-4173
1350.907077	-1340	-4221
1350.957082	-1340	-4249
1351.007087	-1340	-4249
1351.057092	-1340	-4249
1351.107097	-1340	-4249
1351.157102	-1340	-4249
1351.207107	-1340	-4249
1351.257112	-1340	-4249
1351.307117	-1340	-4249
1351.357122	-1340	-4249
1351.407127	-1340	-4249
1351.457132	-1340	-4249
1351.507137	-1340	-4249
1351.557142	-1340	-4249
1351.607147	-1340	-4249
1351.657152	-1340	-4249
1351.707157	-1340	-4249
1351.757162	-1340	-4249
1351.807167	-1340	-4249
1351.857172	-1340	-4249
1351.907177	-1340	-4249
1351.957182	-1340	-4185
1352.007187	-1340	-4133
1352.057192	-1340	-4093
1352.107197	-1340	-4057
1352.157202	-1360	-4009
1352.207207	-1360	-3985
1352.257212	-1368	-3909
1352.307217	-1376	-3853
1352.357222	-1428	-3793
1352.407227	-1428	-3745
1352.457232	-1428	-3713
1352.507237	-1456	-3669
1352.557242	-1464	-3669
1352.607247	-1464	-3669
1352.657252	-1464	-3669
1352.707257	-1464	-3637
1352.757262	-1464	-3637
1352.807267	-1464	-3637
1352.857272	-1464	-3637
1352.907277	-1464	-3637
1352.957282	-1464	-3637
1353.007287	-1464	-3637
1353.057292	-1464	-3637
1353.107297	-1464	-3637
1353.157302	-1464	-3637
1353.207307	-1464	-3637
1353.257312	-1464	-3637
1353.307317	-1464	-3637
1353.357322	-1464	-3637
1353.407327	-1464	-3637
1353.457332	-1464	-3637
1353.507337	-1464	-3637
1353.557342	-1464	-3637
1353.607347	-1464	-3637
1353.657352	-1464	-3637
1353.707357	-1464	-3637
1353.757362	-1464	-3637
1353.807367	-1464	-3637
1353.857372	-1464	-3637
1353.907377	-1464	-3637
1353.957382	-1464	-3637
1354.007387	-1464	-3637
1354.057392	-1464	-3637
1354.107397	-1464	-3637
1354.157402	-1464	-3637
1354.207407	-1464	-3637
1354.257412	-1464	-3637
1354.307417	-1464	-3637
1354.357422	-1464	-3637
1354.407427	-1464	-3637
1354.457432	-1464	-3637
1354.507437	-1464	-3637
1354.557442	-1464	-3637
1354.607447	-1464	-3637
1354.657452	-1464	-3637
1354.707457	-1464	-3637
1354.757462	-1464	-3637
1354.807467	-1464	-3637
1354.857472	-1464	-3637
1354.907477	-1464	-3637
1354.957482	-1464	-3637
1355.007487	-1464	-3637
1355.057492	-1464	-3637
1355.107497	-1464	-3637
1355.156502	-1464	-3637
1355.206507	-1464	-3637
1355.256512	-1464	-3637
1355.306517	-1464	-3637
1355.356522	-1464	-3637
1355.406527	-1464	-3637
1355.456532	-1464	-3637
1355.506537	-1464	-3637
1355.556542	-1464	-3637
1355.606547	-1464	-3637
1355.656552	-1448	-3637
1355.706557	-1228	-3637
1355.756562	-964	-3649
1355.806567	-804	-3697
1355.856572	-668	-3705
1355.906577	-560	-3737
1355.956582	-460	-3781
1356.006587	-356	-3821
1356.056592	-176	-3901
1356.106597	169	-4013
1356.156602	273	-4045
1356.206607	297	-4061
1356.256612	373	-4093
1356.306617	445	-4101
1356.356622	545	-4177
1356.406627	677	-4217
1356.456632	761	-4309
1356.506637	777	-4349
1356.556642	777	-4409
1356.606647	797	-4461
1356.656652	837	-4585
1356.706657	973	-4681
1356.756662	1053	-4809
1356.806667	1097	-4925
1356.856672	1161	-4977
1356.906677	1169	-5037
1356.956682	1169	-5037
1357.006687	1169	-5037
1357.056692	1169	-5037
1357.106697	1169	-5037
1357.156702	1169	-5037
1357.206707	1169	-5037
1357.256712	1169	-5037
1357.306717	1173	-5037
1357.356722	1217	-5037
1357.406727	1217	-5037
1357.456732	1217	-5037
1357.506737	1217	-5037
1357.556742	1217	-5037
1357.606747	1217	-5037
1357.656752	1217	-5037
1357.706757	1217	-5037
1357.756762	1217	-5037
1357.806767	1345	-5101
1357.856772	1465	-5193
1357.906777	1481	-5217
1357.956782	1545	-5281
1358.006787	1545	-5281
1358.056792	1545	-5289
1358.106797	1545	-5289
1358.156802	1573	-5301
1358.206807	1737	-5341
1358.256812	1801	-5413
1358.306817	1825	-5470
1358.356822	1825	-5470
1358.406827	1825	-5470
1358.456832	1825	-5470
1358.506837	1825	-5470
1358.556842	1825	-5470
1358.606847	1825	-5470
1358.656852	1825	-5470
1358.706857	1825	-5470
1358.756862	1825	-5470
1358.806867	1825	-5470
1358.856872	1825	-5470
1358.906877	1825	-5470
1358.956882	1825	-5470
1359.006887	1825	-5470
1359.056892	1825	-5470
1359.106897	1825	-5470
1359.156902	1825	-5470
1359.206907	1825	-5470
1359.256912	1825	-5453
1359.306917	1865	-5345
1359.356922	1865	-5281
1359.406927	1889	-5281
1359.456932	1913	-5233
1359.506937	1961	-5201
1359.556942	1961	-5177
1359.606947	1961	-5117
1359.656952	1961	-5097
1359.706957	2021	-5061
1359.756962	2021	-5057
1359.806967	2021	-5053
1359.856972	2033	-5045
1359.906977	2033	-4977
1359.956982	2073	-4965
1360.006987	2073	-4961
1360.056992	2073	-4949
1360.106997	2073	-4937
1360.157002	2081	-4917
1360.207007	2081	-4901
1360.257012	2101	-4897
1360.307017	2101	-4873
1360.357022	2101	-4861
1360.407027	2101	-4817
1360.457032	2117	-4817
1360.507037	2117	-4817
1360.557042	2117	-4817
1360.607047	2117	-4817
1360.657052	2117	-4817
1360.707057	2117	-4817
1360.757062	2117	-4817
1360.807067	2117	-4817
1360.857072	2117	-4817
1360.907077	2117	-4817
1360.957082	2117	-4817
1361.007087	2117	-4817
1361.057092	2117	-4817
1361.107097	2117	-4817
1361.157102	2117	-4817
1361.207107	2117	-4817
1361.257112	2117	-4817
1361.307117	2117	-4817
1361.357122	2117	-4817
1361.407127	2117	-4817
1361.457132	2117	-4817
1361.507137	2117	-4817
1361.557142	2117	-4817
1361.607147	2117	-4817
1361.657152	2117	-4817
1361.707157	2117	-4817
1361.757162	2117	-4817
1361.807167	2117	-4817
1361.857172	2117	-4817
1361.907177	2117	-4817
1361.957182	2117	-4817
1362.007187	2117	-4817
1362.057192	2117	-4817
1362.107197	2117	-4817
1362.157202	2117	-4817
1362.207207	2117	-4817
1362.257212	2117	-4817
1362.307217	2117	-4817
1362.357222	2117	-4817
1362.407227	2117	-4817
1362.457232	2117	-4817
1362.507237	2117	-4817
1362.557242	2117	-4817
1362.607247	2117	-4817
1362.657252	2117	-4817
1362.707257	2117	-4817
1362.757262	2117	-4817
1362.807267	2117	-4817
1362.857272	2117	-4817
1362.907277	2117	-4817
1362.957282	2117	-4817
1363.007287	2117	-4817
1363.057292	2117	-4817
1363.107297	2117	-4817
1363.157302	2117	-4817
1363.207307	2117	-4817
1363.257312	2117	-4817
1363.307317	2117	-4817
1363.357322	2117	-4817
1363.407327	2117	-4817
1363.457332	2117	-4817
1363.507337	2117	-4817
1363.557342	2117	-4817
1363.607347	2117	-4817
1363.657352	2117	-4817
1363.707357	2117	-4817
1363.757362	2117	-4817
1363.807367	2117	-4817
1363.857372	2117	-4817
1363.907377	2117	-4817
1363.957382	2117	-4817
1364.007387	2117	-4817
1364.057392	2117	-4817
1364.107397	2117	-4817
1364.157402	2117	-4817
1364.207407	2117	-4817
1364.257412	2117	-4817
1364.307417	2117	-4817
1364.357422	2117	-4817
1364.407427	2117	-4817
1364.457432	2117	-4817
1364.507437	2117	-4817
1364.557442	2117	-4817
1364.607447	2117	-4817
1364.657452	2117	-4817
1364.707457	2117	-4817
1364.757462	2117	-4817
1364.807467	2117	-4817
1364.857472	2117	-4817
1364.907477	2117	-4817
1364.957482	2117	-4817
1365.007487	2117	-4817
1365.057492	2117	-4817
1365.107497	2117	-4817
1365.157502	2117	-4817
1365.207507	2117	-4817
1365.257512	2117	-4817
1365.307517	2117	-4817
1365.357522	2117	-4817
1365.407527	2117	-4817
1365.457532	2117	-4817
1365.507537	2117	-4817
1365.557542	2117	-4817
1365.607547	2117	-4817
1365.657552	2117	-4817
1365.707557	2117	-4817
1365.757562	2117	-4817
1365.807567	2117	-4817
1365.857572	2117	-4817
1365.907577	2117	-4817
1365.957582	2117	-4817
1366.007587	2117	-4817
1366.057592	2117	-4817
1366.107597	2117	-4817
1366.157602	2117	-4817
1366.207607	2117	-4817
1366.257612	2117	-4817
1366.307617	2117	-4817
1366.357622	2117	-4817
1366.407627	2117	-4817
1366.457632	2117	-4817
1366.507637	2117	-4817
1366.557642	2117	-4817
1366.607647	2117	-4817
1366.657652	2117	-4817
1366.707657	2117	-4817
1366.757662	2117	-4817
1366.807667	2117	-4817
1366.857672	2117	-4817
1366.907677	2117	-4817
1366.957682	2117	-4817
1367.007687	2117	-4817
1367.057692	2117	-4817
1367.107697	2117	-4793
1367.157702	2117	-4777
1367.207707	2117	-4717
1367.257712	2117	-4709
1367.307717	2117	-4669
1367.357722	2117	-4641
1367.407727	2117	-4617
1367.457732	2117	-4617
1367.507737	2117	-4581
1367.557742	2117	-4549
1367.607747	2117	-4549
1367.657752	2117	-4549
1367.707757	2117	-4549
1367.757762	2117	-4549
1367.807767	2117	-4521
1367.857772	2117	-4505
1367.907777	2117	-4505
1367.957782	2117	-4505
1368.007787	2117	-4497
1368.057792	2117	-4497
1368.107797	2117	-4465
1368.157802	2117	-4465
1368.207807	2117	-4453
1368.257812	2117	-4437
1368.307817	2117	-4429
1368.357822	2117	-4421
1368.407827	2117	-4393
1368.457832	2117	-4393
1368.507837	2117	-4385
1368.557842	2117	-4385
1368.607847	2117	-4377
1368.657852	2117	-4377
1368.707857	2117	-4357
1368.757862	2117	-4349
1368.807867	2117	-4337
1368.857872	2117	-4309
1368.907877	2117	-4301
1368.957882	2117	-4281
1369.007887	2117	-4253
1369.057892	2117	-4237
1369.107897	2117	-4221
1369.157902	2117	-4221
1369.207907	2117	-4221
1369.257912	2117	-4213
1369.307917	2117	-4193
1369.357922	2117	-4169
1369.407927	2117	-4169
1369.457932	2117	-4169
1369.507937	2117	-4169
1369.557942	2117	-4169
1369.607947	2117	-4169
1369.657952	2117	-4169
1369.707957	2117	-4169
1369.757962	2117	-4169
1369.807967	2117	-4149
1369.857972	2117	-4125
1369.907977	2117	-4125
1369.957982	2117	-4053
1370.007987	2117	-4053
1370.057992	2117	-4053
1370.107997	2117	-4041
1370.158002	2117	-4041
1370.208007	2117	-4033
1370.258012	2117	-4021
1370.308017	2117	-4021
1370.358022	2117	-3989
1370.408027	2117	-3989
1370.458032	2117	-3989
1370.508037	2117	-3989
1370.558042	2117	-3989
1370.608047	2117	-3989
1370.658052	2117	-3989
1370.708057	2117	-3989
1370.758062	2117	-3989
1370.808067	2117	-3989
1370.858072	2117	-3989
1370.908077	2117	-3989
1370.958082	2117	-3989
1371.008087	2117	-3989
1371.058092	2117	-3989
1371.108097	2117	-3989
1371.158102	2117	-3989
1371.208107	2117	-3989
1371.258112	2117	-3989
1371.308117	2117	-3989
1371.358122	2117	-3989
1371.408127	2117	-3989
1371.458132	2117	-3989
1371.508137	2117	-3989
1371.558142	2117	-3989
1371.608147	2117	-3989
1371.658152	2117	-3989
1371.708157	2117	-3989
1371.758162	2117	-3989
1371.808167	2117	-3989
1371.858172	2117	-3989
1371.908177	2117	-3989
1371.958182	2117	-3989
1372.008187	2117	-3989
1372.058192	2117	-3989
1372.108197	2117	-3989
1372.158202	2117	-3989
1372.208207	2117	-3989
1372.258212	2117	-3989
1372.308217	2117	-3989
1372.358222	2117	-3989
1372.408227	2117	-3989
1372.458232	2117	-3989
1372.508237	2117	-3989
1372.558242	2117	-3989
1372.607247	2117	-3989
1372.657252	2117	-3989
1372.707257	2117	-3989
1372.757262	2117	-3989
1372.807267	2117	-3989
1372.857272	2117	-3989
1372.907277	2117	-3989
1372.957282	2117	-3989
1373.007287	2117	-3989
1373.057292	2117	-3989
1373.107297	2117	-3945
1373.157302	2117	-3909
1373.207307	2117	-3909
1373.257312	2117	-3849
1373.307317	2117	-3801
1373.357322	2117	-3801
1373.407327	2117	-3801
1373.457332	2117	-3757
1373.507337	2117	-3745
1373.557342	2117	-3717
1373.607347	2117	-3713
1373.657352	2117	-3713
1373.707357	2117	-3713
1373.757362	2117	-3713
1373.807367	2117	-3713
1373.857372	2117	-3713
1373.907377	2117	-3701
1373.957382	2117	-3689
1374.007387	2117	-3677
1374.057392	2117	-3653
1374.107397	2117	-3653
1374.157402	2117	-3637
1374.207407	2117	-3625
1374.257412	2117	-3593
1374.307417	2117	-3593
1374.357422	2117	-3517
1374.407427	2117	-3477
1374.457432	2117	-3453
1374.507437	2117	-3453
1374.557442	2117	-3413
1374.607447	2117	-3365
1374.657452	2117	-3309
1374.707457	2117	-3229
1374.757462	2117	-3221
1374.807467	2117	-3221
1374.857472	2117	-3201
1374.907477	2117	-3201
1374.957482	2117	-3201
1375.007487	2117	-3173
1375.057492	2117	-3157
1375.107497	2117	-3113
1375.157502	2117	-3113
1375.207507	2117	-3105
1375.257512	2137	-3093
1375.307517	2137	-3077
1375.357522	2161	-3077
1375.407527	2193	-3077
1375.457532	2209	-3077
1375.507537	2209	-3077
1375.557542	2253	-3077
1375.607547	2277	-3077
1375.657552	2277	-3077
1375.707557	2317	-3077
1375.757562	2337	-3077
1375.807567	2345	-3077
1375.857572	2345	-3077
1375.907577	2381	-3077
1375.957582	2381	-3077
1376.007587	2381	-3077
1376.057592	2381	-3077
1376.107597	2381	-3077
1376.157602	2381	-3077
1376.207607	2381	-3077
1376.257612	2381	-3077
1376.307617	2381	-3077
1376.357622	2381	-3077
1376.407627	2381	-3077
1376.457632	2381	-3077
1376.507637	2381	-3077
1376.557642	2381	-3077
1376.607647	2381	-3077
1376.657652	2381	-3077
1376.707657	2381	-3077
1376.757662	2381	-3077
1376.807667	2381	-3077
1376.857672	2381	-3077
1376.907677	2381	-3077
1376.957682	2381	-3077
1377.007687	2381	-3077
1377.057692	2381	-3077
1377.107697	2381	-3077
1377.157702	2381	-3077
1377.207707	2381	-3077
1377.257712	2381	-3077
1377.307717	2381	-3077
1377.357722	2381	-3077
1377.407727	2381	-3077
1377.457732	2381	-3077
1377.507737	2381	-3077
1377.557742	2381	-3077
1377.607747	2381	-3077
1377.657752	2381	-3077
1377.707757	2381	-3077
1377.757762	2381	-3077
1377.807767	2381	-3077
1377.857772	2381	-3077
1377.907777	2381	-3077
1377.957782	2381	-3077
1378.007787	2381	-3077
1378.057792	2381	-3077
1378.107797	2381	-3077
1378.157802	2381	-3077
1378.207807	2381	-3077
1378.257812	2381	-3077
1378.307817	2381	-3077
1378.357822	2381	-3077
1378.407827	2381	-3077
1378.457832	2381	-3077
1378.507837	2381	-3077
1378.557842	2381	-3077
1378.607847	2381	-3077
1378.657852	2381	-3077
1378.707857	2381	-3077
1378.757862	2381	-3077
1378.807867	2381	-3077
1378.857872	2381	-3077
1378.907877	2381	-3077
1378.957882	2381	-3077
1379.007887	2381	-3077
1379.057892	2381	-3077
1379.107897	2381	-3077
1379.157902	2381	-3077
1379.207907	2381	-3077
1379.257912	2381	-3077
1379.307917	2381	-3077
1379.357922	2381	-3077
1379.407927	2381	-3077
1379.457932	2381	-3077
1379.507937	2381	-3077
1379.557942	2381	-3077
1379.607947	2381	-3077
1379.657952	2381	-3077
1379.707957	2381	-3077
1379.757962	2381	-3077
1379.807967	2381	-3077
1379.857972	2381	-3077
1379.907977	2381	-3077
1379.957982	2381	-3077
1380.007987	2381	-3077
1380.057992	2381	-3077
1380.107997	2381	-3077
1380.158002	2381	-3077
1380.208007	2381	-3077
1380.258012	2381	-3077
1380.308017	2381	-3077
1380.358022	2381	-3077
1380.408027	2381	-3077
1380.458032	2381	-3077
1380.508037	2381	-3077
1380.558042	2381	-3077
1380.608047	2381	-3077
1380.658052	2381	-3077
1380.708057	2381	-3069
1380.758062	2381	-2973
1380.808067	2381	-2733
1380.858072	2381	-2545
1380.908077	2381	-2329
1380.958082	2381	-2145
1381.008087	2381	-2145
1381.058092	2361	-2145
1381.108097	2317	-2145
1381.158102	2313	-2145
1381.208107	2313	-2145
1381.258112	2313	-2145
1381.308117	2313	-2145
1381.358122	2313	-2145
1381.408127	2313	-2145
1381.458132	2313	-2145
1381.508137	2313	-2145
1381.558142	2313	-2145
1381.608147	2313	-2145
1381.658152	2313	-2145
1381.708157	2313	-2145
1381.758162	2313	-2145
1381.808167	2313	-2145
1381.858172	2313	-2145
1381.908177	2313	-2145
1381.958182	2313	-2145
1382.008187	2313	-2145
1382.058192	2313	-2145
1382.108197	2313	-2145
1382.158202	2313	-2145
1382.208207	2313	-2145
1382.258212	2313	-2145
1382.308217	2313	-2145
1382.358222	2313	-2145
1382.408227	2313	-2145
1382.458232	2313	-2145
1382.508237	2313	-2145
1382.558242	2313	-2145
1382.608247	2313	-2145
1382.658252	2313	-2145
1382.708257	2313	-2145
1382.758262	2313	-2145
1382.808267	2313	-2145
1382.858272	2313	-2145
1382.908277	2313	-2145
1382.958282	2313	-2145
1383.008287	2313	-2145
1383.058292	2313	-2145
1383.108297	2313	-2145
1383.158302	2313	-2145
1383.208307	2313	-2145
1383.258312	2313	-2145
1383.308317	2313	-2145
1383.358322	2313	-2145
1383.408327	2313	-2145
1383.458332	2313	-2145
1383.508337	2313	-2145
1383.558342	2313	-2145
1383.608347	2313	-2145
1383.658352	2313	-2145
1383.708357	2313	-2145
1383.758362	2313	-2145
1383.808367	2313	-2145
1383.858372	2313	-2145
1383.908377	2313	-2145
1383.958382	2313	-2145
1384.008387	2313	-2145
1384.058392	2313	-2145
1384.108397	2313	-2145
1384.158402	2313	-2145
1384.208407	2313	-2145
1384.258412	2313	-2145
1384.308417	2313	-2145
1384.358422	2313	-2145
1384.408427	2313	-2145
1384.458432	2313	-2145
1384.508437	2313	-2145
1384.558442	2313	-2145
1384.608447	2313	-2145
1384.658452	2313	-2145
1384.708457	2313	-2145
1384.758462	2313	-2145
1384.808467	2313	-2145
1384.858472	2313	-2145
1384.908477	2313	-2145
1384.958482	2313	-2145
1385.008487	2313	-2145
1385.058492	2313	-2145
1385.108497	2313	-2145
1385.158502	2313	-2145
1385.208507	2313	-2145
1385.258512	2313	-2145
1385.308517	2313	-2145
1385.358522	2313	-2145
1385.408527	2313	-2145
1385.458532	2313	-2145
1385.508537	2313	-2145
1385.558542	2313	-2145
1385.608547	2313	-2145
1385.658552	2313	-2145
1385.708557	2313	-2145
1385.758562	2313	-2145
1385.808567	2313	-2145
1385.858572	2313	-2145
1385.908577	2313	-2145
1385.958582	2313	-2145
1386.008587	2313	-2145
1386.058592	2313	-2145
1386.108597	2313	-2145
1386.158602	2313	-2145
1386.208607	2313	-2145
1386.258612	2313	-2145
1386.308617	2313	-2145
1386.358622	2313	-2145
1386.408627	2313	-2145
1386.458632	2313	-2145
1386.508637	2313	-2145
1386.558642	2313	-2145
1386.608647	2313	-2145
1386.658652	2313	-2145
1386.708657	2313	-2145
1386.758662	2313	-2145
1386.808667	2313	-2145
1386.858672	2313	-2145
1386.908677	2313	-2145
1386.958682	2317	-2145
1387.008687	2333	-2157
1387.058692	2365	-2157
1387.108697	2373	-2157
1387.158702	2373	-2161
1387.208707	2401	-2161
1387.258712	2413	-2177
1387.308717	2433	-2177
1387.358722	2473	-2209
1387.408727	2473	-2221
1387.458732	2481	-2221
1387.508737	2485	-2261
1387.558742	2509	-2261
1387.608747	2509	-2261
1387.658752	2509	-2273
1387.708757	2509	-2273
1387.758762	2509	-2273
1387.808767	2513	-2273
1387.858772	2513	-2289
1387.908777	2513	-2293
1387.958782	2513	-2293
1388.008787	2513	-2309
1388.058792	2513	-2313
1388.108797	2513	-2317
1388.158802	2513	-2333
1388.208807	2513	-2333
1388.258812	2513	-2333
1388.308817	2513	-2333
1388.358822	2513	-2333
1388.408827	2513	-2333
1388.458832	2513	-2333
1388.508837	2513	-2333
1388.558842	2517	-2333
1388.608847	2517	-2333
1388.658852	2517	-2333
1388.708857	2517	-2333
1388.758862	2517	-2333
1388.808867	2517	-2333
1388.858872	2517	-2333
1388.908877	2521	-2333
1388.958882	2521	-2333
1389.008887	2521	-2333
1389.058892	2529	-2333
1389.108897	2541	-2333
1389.158902	2541	-2333
1389.208907	2541	-2333
1389.258912	2565	-2333
1389.308917	2581	-2333
1389.358922	2581	-2349
1389.408927	2581	-2365
1389.458932	2581	-2365
1389.508937	2581	-2365
1389.558942	2605	-2393
1389.608947	2605	-2393
1389.658952	2605	-2409
1389.708957	2605	-2409
1389.758962	2617	-2409
1389.808967	2617	-2429
1389.858972	2629	-2429
1389.908977	2629	-2429
1389.958982	2629	-2429
1390.008987	2629	-2429
1390.058992	2629	-2429
1390.107997	2629	-2429
1390.158002	2629	-2429
1390.208007	2629	-2429
1390.258012	2629	-2429
1390.308017	2629	-2429
1390.358022	2629	-2429
1390.408027	2629	-2429
1390.458032	2629	-2429
1390.508037	2629	-2429
1390.558042	2629	-2429
1390.608047	2629	-2429
1390.658052	2629	-2429
1390.708057	2629	-2429
1390.758062	2629	-2429
1390.808067	2629	-2429
1390.858072	2629	-2429
1390.908077	2629	-2429
1390.958082	2629	-2429
1391.008087	2629	-2429
1391.058092	2629	-2429
1391.108097	2629	-2429
1391.158102	2629	-2429
1391.208107	2629	-2429
1391.258112	2629	-2433
1391.308117	2629	-2517
1391.358122	2629	-2517
1391.408127	2629	-2517
1391.458132	2629	-2517
1391.508137	2629	-2517
1391.558142	2629	-2517
1391.608147	2629	-2517
1391.658152	2629	-2517
1391.708157	2629	-2517
1391.758162	2629	-2517
1391.808167	2629	-2517
1391.858172	2629	-2517
1391.908177	2629	-2517
1391.958182	2629	-2517
1392.008187	2629	-2517
1392.058192	2629	-2517
1392.108197	2629	-2517
1392.158202	2629	-2517
1392.208207	2629	-2517
1392.258212	2629	-2517
1392.308217	2629	-2517
1392.358222	2629	-2517
1392.408227	2629	-2517
1392.458232	2629	-2517
1392.508237	2629	-2517
1392.558242	2629	-2517
1392.608247	2629	-2517
1392.658252	2629	-2517
1392.708257	2629	-2517
1392.758262	2629	-2517
1392.808267	2629	-2517
1392.858272	2629	-2529
1392.908277	2629	-2529
1392.958282	2629	-2529
1393.008287	2629	-2529
1393.058292	2629	-2529
1393.108297	2629	-2529
1393.158302	2629	-2529
1393.208307	2629	-2529
1393.258312	2629	-2529
1393.308317	2629	-2529
1393.358322	2629	-2529
1393.408327	2629	-2529
1393.458332	2629	-2529
1393.508337	2629	-2529
1393.558342	2629	-2529
1393.608347	2629	-2529
1393.658352	2629	-2533
1393.708357	2629	-2533
1393.758362	2629	-2533
1393.808367	2629	-2533
1393.858372	2629	-2533
1393.908377	2629	-2533
1393.958382	2629	-2533
1394.008387	2629	-2533
1394.058392	2629	-2533
1394.108397	2629	-2533
1394.158402	2629	-2533
1394.208407	2629	-2533
1394.258412	2629	-2533
1394.308417	2629	-2533
1394.358422	2629	-2533
1394.408427	2629	-2533
1394.458432	2629	-2533
1394.508437	2629	-2533
1394.558442	2629	-2533
1394.608447	2629	-2533
1394.658452	2629	-2533
1394.708457	2629	-2533
1394.758462	2629	-2533
1394.808467	2629	-2541
1394.858472	2629	-2541
1394.908477	2629	-2541
1394.958482	2629	-2541
1395.008487	2629	-2541
1395.058492	2629	-2557
1395.108497	2629	-2565
1395.158502	2629	-2641
1395.208507	2629	-2689
1395.258512	2629	-2761
1395.308517	2629	-2773
1395.358522	2629	-2805
1395.408527	2629	-2825
1395.458532	2629	-2885
1395.508537	2629	-2897
1395.558542	2629	-2913
1395.608547	2629	-2913
1395.658552	2629	-2917
1395.708557	2629	-2917
1395.758562	2629	-2917
1395.808567	2629	-2917
1395.858572	2629	-2917
1395.908577	2629	-2917
1395.958582	2629	-2917
1396.008587	2629	-2917
1396.058592	2629	-2917
1396.108597	2629	-2917
1396.158602	2629	-2917
1396.208607	2629	-2917
1396.258612	2629	-2917
1396.308617	2629	-2917
1396.358622	2629	-2917
1396.408627	2629	-2917
1396.458632	2629	-2917
1396.508637	2629	-2917
1396.558642	2629	-2917
1396.608647	2629	-2917
1396.658652	2629	-2917
1396.708657	2629	-2917
1396.758662	2629	-2917
1396.808667	2629	-2917
1396.858672	2629	-2917
1396.908677	2629	-2917
1396.958682	2629	-2917
1397.008687	2629	-2917
1397.058692	2629	-2917
1397.108697	2629	-2917
1397.158702	2629	-2917
1397.208707	2629	-2917
1397.258712	2629	-2917
1397.308717	2629	-2917
1397.358722	2629	-2917
1397.408727	2629	-2917
1397.458732	2629	-2917
1397.508737	2629	-2917
1397.558742	2629	-2917
1397.608747	2629	-2917
1397.658752	2629	-2917
1397.708757	2629	-2917
1397.758762	2629	-2917
1397.808767	2629	-2917
1397.858772	2629	-2917
1397.908777	2629	-2917
1397.958782	2629	-2917
1398.008787	2629	-2917
1398.058792	2629	-2917
1398.108797	2629	-2917
1398.158802	2629	-2917
1398.208807	2629	-2917
1398.258812	2629	-2917
1398.308817	2629	-2917
1398.358822	2629	-2917
1398.408827	2629	-2917
1398.458832	2629	-2917
1398.508837	2629	-2917
1398.558842	2629	-2917
1398.608847	2629	-2917
1398.658852	2629	-2917
1398.708857	2629	-2917
1398.758862	2629	-2917
1398.808867	2629	-2917
1398.858872	2629	-2917
1398.908877	2629	-2917
1398.958882	2629	-2917
1399.008887	2629	-2917
1399.058892	2629	-2917
1399.108897	2629	-2917
1399.158902	2629	-2917
1399.208907	2629	-2913
1399.258912	2629	-2913
1399.308917	2629	-2913
1399.358922	2629	-2913
1399.408927	2629	-2913
1399.458932	2629	-2913
1399.508937	2629	-2913
1399.558942	2629	-2913
1399.608947	2629	-2913
1399.658952	2629	-2913
1399.708957	2629	-2913
1399.758962	2629	-2913
1399.808967	2629	-2913
1399.858972	2629	-2913
1399.908977	2629	-2913
1399.958982	2629	-2913
1400.008987	2629	-2913
1400.058992	2629	-2913
1400.108997	2629	-2913
1400.159002	2629	-2913
1400.209007	2629	-2913
1400.259012	2629	-2997
1400.309017	2629	-3149
1400.359022	2629	-3269
1400.409027	2569	-3461
1400.459032	2489	-3609
1400.509037	2489	-3713
1400.559042	2489	-3713
1400.609047	2489	-3713
1400.659052	2489	-3713
1400.709057	2489	-3713
1400.759062	2489	-3713
1400.809067	2489	-3713
1400.859072	2489	-3713
1400.909077	2489	-3713
1400.959082	2489	-3713
1401.009087	2489	-3713
1401.059092	2489	-3713
1401.109097	2489	-3713
1401.159102	2489	-3713
1401.209107	2489	-3713
1401.259112	2489	-3713
1401.309117	2489	-3713
1401.359122	2489	-3713
1401.409127	2489	-3713
1401.459132	2489	-3713
1401.509137	2489	-3713
1401.559142	2489	-3713
1401.609147	2489	-3713
1401.659152	2489	-3717
1401.709157	2489	-3717
1401.759162	2489	-3761
1401.809167	2489	-3797
1401.859172	2489	-3945
1401.909177	2489	-4013
1401.959182	2489	-4165
1402.009187	2465	-4285
1402.059192	2465	-4385
1402.109197	2465	-4485
1402.159202	2465	-4549
1402.209207	2465	-4597
1402.259212	2465	-4641
1402.309217	2465	-4677
1402.359222	2465	-4757
1402.409227	2465	-4805
1402.459232	2465	-4805
1402.509237	2465	-4805
1402.559242	2465	-4805
1402.609247	2465	-4805
1402.659252	2465	-4805
1402.709257	2465	-4805
1402.759262	2465	-4805
1402.810267	2465	-4805
1402.860272	2465	-4805
1402.910277	2465	-4805
1402.960282	2465	-4805
1403.010287	2465	-4805
1403.060292	2465	-4805
1403.110297	2465	-4805
1403.160302	2465	-4805
1403.210307	2465	-4805
1403.260312	2465	-4805
1403.310317	2465	-4805
1403.360322	2465	-4805
1403.410327	2465	-4805
1403.460332	2465	-4805
1403.510337	2465	-4805
1403.560342	2465	-4805
1403.610347	2465	-4805
1403.660352	2465	-4805
1403.710357	2465	-4805
1403.760362	2465	-4805
1403.810367	2465	-4805
1403.860372	2465	-4805
1403.910377	2465	-4805
1403.960382	2465	-4805
1404.010387	2465	-4805
1404.060392	2465	-4805
1404.110397	2465	-4805
1404.160402	2465	-4805
1404.210407	2465	-4805
1404.260412	2465	-4805
1404.310417	2465	-4805
1404.360422	2465	-4769
1404.410427	2465	-4681
1404.460432	2465	-4581
1404.510437	2465	-4581
1404.560442	2465	-4553
1404.610447	2465	-4549
1404.660452	2465	-4549
1404.710457	2465	-4549
1404.760462	2465	-4549
1404.810467	2465	-4525
1404.860472	2465	-4525
1404.910477	2465	-4525
1404.960482	2465	-4525
1405.010487	2465	-4525
1405.060492	2465	-4525
1405.110497	2465	-4525
1405.160502	2465	-4525
1405.210507	2465	-4525
1405.260512	2465	-4525
1405.310517	2465	-4525
1405.360522	2465	-4517
1405.410527	2465	-4517
1405.460532	2465	-4517
1405.510537	2465	-4513
1405.560542	2465	-4513
1405.610547	2465	-4509
1405.660552	2465	-4509
1405.710557	2465	-4501
1405.760562	2465	-4501
1405.810567	2465	-4481
1405.860572	2465	-4481
1405.910577	2465	-4481
1405.960582	2465	-4481
1406.010587	2465	-4473
1406.060592	2465	-4429
1406.110597	2465	-4429
1406.160602	2465	-4421
1406.210607	2465	-4389
1406.260612	2465	-4389
1406.310617	2465	-4389
1406.360622	2465	-4369
1406.410627	2465	-4349
1406.460632	2465	-4329
1406.510637	2465	-4309
1406.560642	2465	-4269
1406.610647	2465	-4269
1406.660652	2465	-4257
1406.710657	2465	-4257
1406.760662	2465	-4257
1406.810667	2465	-4257
1406.860672	2465	-4257
1406.910677	2465	-4257
1406.960682	2465	-4257
1407.010687	2465	-4257
1407.060692	2465	-4257
1407.110697	2465	-4257
1407.160702	2465	-4257
1407.210707	2465	-4257
1407.260712	2465	-4257
1407.310717	2465	-4257
1407.360722	2465	-4257
1407.410727	2465	-4257
1407.460732	2465	-4257
1407.510737	2465	-4257
1407.560742	2465	-4257
1407.609747	2465	-4257
1407.659752	2465	-4257
1407.709757	2465	-4257
1407.759762	2465	-4257
1407.809767	2465	-4257
1407.859772	2465	-4257
1407.909777	2465	-4257
1407.959782	2465	-4257
1408.009787	2465	-4257
1408.059792	2465	-4257
1408.109797	2465	-4257
1408.159802	2465	-4257
1408.209807	2465	-4257
1408.259812	2465	-4257
1408.309817	2465	-4257
1408.359822	2465	-4257
1408.409827	2465	-4257
1408.459832	2465	-4257
1408.509837	2465	-4257
1408.559842	2465	-4257
1408.609847	2465	-4257
1408.659852	2465	-4257
1408.709857	2465	-4257
1408.759862	2465	-4257
1408.809867	2465	-4257
1408.859872	2465	-4257
1408.909877	2465	-4257
1408.959882	2465	-4257
1409.009887	2465	-4257
1409.059892	2465	-4257
1409.109897	2465	-4249
1409.159902	2465	-4249
1409.209907	2465	-4249
1409.259912	2465	-4249
1409.309917	2465	-4249
1409.359922	2465	-4249
1409.409927	2465	-4249
1409.459932	2465	-4249
1409.509937	2465	-4249
1409.559942	2465	-4249
1409.609947	2465	-4249
1409.659952	2465	-4241
1409.709957	2465	-4241
1409.759962	2465	-4241
1409.809967	2465	-4241
1409.859972	2465	-4241
1409.909977	2465	-4241
1409.959982	2465	-4241
1410.009987	2465	-4241
1410.059992	2465	-4241
1410.109997	2465	-4241
1410.160002	2465	-4241
1410.210007	2465	-4241
1410.260012	2465	-4241
1410.310017	2465	-4241
1410.360022	2465	-4241
1410.410027	2465	-4241
1410.460032	2465	-4241
1410.510037	2465	-4241
1410.560042	2485	-4241
1410.610047	2517	-4233
1410.660052	2549	-4177
1410.710057	2573	-4169
1410.760062	2573	-4137
1410.810067	2577	-4109
1410.860072	2577	-4105
1410.910077	2585	-4105
1410.960082	2585	-4093
1411.010087	2585	-4093
1411.060092	2585	-4073
1411.110097	2585	-4073
1411.160102	2601	-4057
1411.210107	2601	-4057
1411.260112	2601	-4057
1411.310117	2601	-4057
1411.360122	2601	-4057
1411.410127	2605	-4057
1411.460132	2605	-4045
1411.510137	2621	-4045
1411.560142	2621	-4045
1411.610147	2621	-4045
1411.660152	2621	-4045
1411.710157	2621	-4045
1411.760162	2621	-4045
1411.810167	2621	-4045
1411.860172	2621	-4033
1411.910177	2625	-4033
1411.960182	2625	-4029
1412.010187	2625	-4025
1412.060192	2625	-4013
1412.110197	2625	-4009
1412.160202	2625	-4009
1412.210207	2625	-3989
1412.260212	2625	-3989
1412.310217	2625	-3989
1412.360222	2625	-3989
1412.410227	2625	-3989
1412.460232	2625	-3989
1412.510237	2625	-3989
1412.560242	2625	-3989
1412.610247	2625	-3989
1412.660252	2625	-3989
1412.710257	2625	-3989
1412.760262	2625	-3989
1412.810267	2625	-3989
1412.860272	2625	-3989
1412.910277	2625	-3989
1412.960282	2625	-3989
1413.010287	2625	-3989
1413.060292	2625	-3989
1413.110297	2625	-3989
1413.160302	2625	-3989
1413.210307	2625	-3989
1413.260312	2625	-3989
1413.310317	2625	-3989
1413.360322	2625	-3989
1413.410327	2625	-3989
1413.460332	2625	-3989
1413.510337	2625	-3989
1413.560342	2625	-3989
1413.610347	2625	-3989
1413.660352	2625	-3989
1413.710357	2625	-3989
1413.760362	2625	-3989
1413.810367	2625	-3989
1413.860372	2625	-3989
1413.910377	2625	-3989
1413.960382	2625	-3989
1414.010387	2625	-3989
1414.060392	2625	-3989
1414.110397	2625	-4073
1414.160402	2625	-4205
1414.210407	2625	-4285
1414.260412	2625	-4289
1414.310417	2625	-4289
1414.360422	2625	-4289
1414.410427	2625	-4289
1414.460432	2625	-4289
1414.510437	2625	-4289
1414.560442	2625	-4289
1414.610447	2625	-4289
1414.660452	2625	-4289
1414.710457	2625	-4289
1414.760462	2625	-4289
1414.810467	2625	-4289
1414.860472	2625	-4289
1414.910477	2625	-4289
1414.960482	2625	-4289
1415.010487	2625	-4289
1415.060492	2625	-4289
1415.110497	2625	-4289
1415.160502	2625	-4289
1415.210507	2625	-4289
1415.260512	2625	-4289
1415.310517	2625	-4289
1415.360522	2625	-4289
1415.410527	2625	-4289
1415.460532	2625	-4289
1415.510537	2625	-4289
1415.560542	2625	-4289
1415.610547	2625	-4289
1415.660552	2625	-4289
1415.710557	2625	-4269
1415.760562	2625	-4269
1415.810567	2625	-4253
1415.860572	2625	-4221
1415.910577	2625	-4217
1415.960582	2625	-4201
1416.010587	2625	-4197
1416.060592	2625	-4181
1416.110597	2625	-4149
1416.160602	2625	-4137
1416.210607	2625	-4137
1416.260612	2625	-4089
1416.310617	2625	-4045
1416.360622	2625	-3929
1416.410627	2625	-3805
1416.460632	2625	-3805
1416.510637	2625	-3793
1416.560642	2625	-3793
1416.610647	2625	-3777
1416.660652	2625	-3777
1416.710657	2625	-3777
1416.760662	2625	-3777
1416.810667	2625	-3773
1416.860672	2625	-3757
1416.910677	2625	-3721
1416.960682	2625	-3673
1417.010687	2625	-3653
1417.060692	2625	-3597
1417.110697	2625	-3473
1417.160702	2625	-3473
1417.210707	2625	-3377
1417.260712	2625	-3361
1417.310717	2625	-3317
1417.360722	2625	-3301
1417.410727	2625	-3301
1417.460732	2625	-3277
1417.510737	2605	-3277
1417.560742	2545	-3221
1417.610747	2413	-3185
1417.660752	2121	-3185
1417.710757	1905	-3185
1417.760762	1613	-3185
1417.810767	1381	-3185
1417.860772	1321	-3185
1417.910777	1281	-3185
1417.960782	1281	-3185
1418.010787	1281	-3185
1418.060792	1281	-3185
1418.110797	1281	-3185
1418.160802	1281	-3185
1418.210807	1253	-3185
1418.260812	1245	-3185
1418.310817	1237	-3185
1418.360822	1237	-3185
1418.410827	1237	-3185
1418.460832	1237	-3185
1418.510837	1237	-3185
1418.560842	1237	-3185
1418.610847	1237	-3185
1418.660852	1237	-3185
1418.710857	1237	-3185
1418.760862	1237	-3185
1418.810867	1237	-3185
1418.860872	1237	-3185
1418.910877	1237	-3185
1418.960882	1237	-3185
1419.010887	1237	-3185
1419.060892	1237	-3185
1419.110897	1237	-3185
1419.160902	1237	-3185
1419.210907	1237	-3185
1419.260912	1237	-3185
1419.310917	1237	-3185
1419.360922	1237	-3185
1419.410927	1237	-3185
1419.460932	1237	-3185
1419.510937	1237	-3185
1419.560942	1237	-3185
1419.610947	1237	-3185
1419.660952	1237	-3185
1419.710957	1237	-3185
1419.760962	1237	-3185
1419.810967	1237	-3185
1419.860972	1237	-3185
1419.910977	1237	-3185
1419.960982	1237	-3185
1420.010987	1237	-3185
1420.060992	1237	-3185
1420.110997	1237	-3185
1420.161002	1237	-3185
1420.211007	1237	-3185
1420.261012	1237	-3157
1420.311017	1237	-3157
1420.361022	1237	-3157
1420.411027	1237	-3157
1420.461032	1237	-3157
1420.511037	1237	-3157
1420.561042	1237	-3157
1420.611047	1237	-3157
1420.661052	1237	-3157
1420.711057	1237	-3157
1420.761062	1237	-3157
1420.811067	1237	-3157
1420.861072	1237	-3133
1420.911077	1237	-3133
1420.961082	1237	-3113
1421.011087	1237	-3113
1421.061092	1237	-3097
1421.111097	1237	-3041
1421.161102	1237	-3013
1421.211107	1237	-3013
1421.261112	1237	-3013
1421.311117	1237	-3013
1421.361122	1237	-3013
1421.411127	1237	-3013
1421.461132	1237	-3013
1421.511137	1237	-3013
1421.561142	1237	-3013
1421.611147	1237	-3013
1421.661152	1237	-3013
1421.711157	1237	-3013
1421.761162	1237	-3013
1421.811167	1237	-3013
1421.861172	1237	-3013
1421.911177	1237	-3013
1421.961182	1237	-3001
1422.011187	1237	-2989
1422.061192	1237	-2973
1422.111197	1237	-2953
1422.161202	1237	-2897
1422.211207	1237	-2841
1422.261212	1237	-2773
1422.311217	1237	-2749
1422.361222	1237	-2709
1422.411227	1237	-2649
1422.461232	1237	-2609
1422.511237	1237	-2593
1422.561242	1237	-2561
1422.611247	1237	-2561
1422.661252	1237	-2561
1422.711257	1237	-2561
1422.761262	1237	-2561
1422.811267	1237	-2553
1422.861272	1237	-2553
1422.911277	1237	-2553
1422.961282	1237	-2553
1423.011287	1237	-2553
1423.061292	1237	-2553
1423.111297	1237	-2553
1423.161302	1237	-2553
1423.211307	1237	-2553
1423.261312	1237	-2553
1423.311317	1237	-2553
1423.361322	1237	-2553
1423.411327	1237	-2553
1423.461332	1237	-2553
1423.511337	1237	-2553
1423.561342	1237	-2553
1423.611347	1237	-2553
1423.661352	1237	-2553
1423.711357	1237	-2553
1423.761362	1237	-2553
1423.811367	1237	-2553
1423.861372	1237	-2509
1423.911377	1237	-2509
1423.961382	1237	-2493
1424.011387	1237	-2493
1424.061392	1237	-2493
1424.111397	1237	-2493
1424.161402	1237	-2493
1424.211407	1237	-2493
1424.261412	1237	-2493
1424.311417	1237	-2493
1424.361422	1237	-2493
1424.411427	1237	-2493
1424.461432	1237	-2493
1424.511437	1237	-2493
1424.561442	1237	-2493
1424.611447	1237	-2493
1424.661452	1237	-2493
1424.711457	1237	-2493
1424.761462	1237	-2493
1424.811467	1237	-2493
1424.861472	1237	-2493
1424.911477	1237	-2493
1424.961482	1237	-2493
1425.011487	1237	-2493
1425.060492	1237	-2493
1425.110497	1237	-2493
1425.160502	1237	-2573
1425.210507	1237	-2573
1425.260512	1237	-2601
1425.310517	1237	-2669
1425.360522	1237	-2709
1425.410527	1237	-2717
1425.460532	1237	-2773
1425.510537	1237	-2785
1425.560542	1237	-2821
1425.610547	1237	-2821
1425.660552	1237	-2821
1425.710557	1237	-2821
1425.760562	1237	-2821
1425.810567	1237	-2821
1425.860572	1237	-2821
1425.910577	1237	-2821
1425.960582	1237	-2821
1426.010587	1237	-2821
1426.060592	1237	-2821
1426.110597	1237	-2821
1426.160602	1237	-2821
1426.210607	1237	-2821
1426.260612	1237	-2821
1426.310617	1237	-2821
1426.360622	1237	-2821
1426.410627	1237	-2821
1426.460632	1237	-2821
1426.510637	1237	-2821
1426.560642	1237	-2821
1426.610647	1237	-2821
1426.660652	1237	-2821
1426.710657	1237	-2821
1426.760662	1237	-2821
1426.810667	1237	-2821
1426.860672	1237	-2821
1426.910677	1237	-2821
1426.960682	1237	-2821
1427.010687	1237	-2821
1427.060692	1237	-2821
1427.110697	1237	-2821
1427.160702	1237	-2821
1427.210707	1237	-2821
1427.260712	1237	-2821
1427.310717	1237	-2821
1427.360722	1237	-2821
1427.410727	1237	-2821
1427.460732	1237	-2821
1427.510737	1237	-2789
1427.560742	1237	-2733
1427.610747	1237	-2713
1427.660752	1237	-2621
1427.710757	1237	-2577
1427.760762	1237	-2577
1427.810767	1237	-2573
1427.860772	1237	-2565
1427.910777	1237	-2557
1427.960782	1237	-2541
1428.010787	1237	-2505
1428.060792	1237	-2485
1428.110797	1237	-2477
1428.160802	1237	-2461
1428.210807	1237	-2461
1428.260812	1237	-2441
1428.310817	1237	-2421
1428.360822	1237	-2393
1428.410827	1237	-2381
1428.460832	1237	-2353
1428.510837	1237	-2329
1428.560842	1237	-2309
1428.610847	1237	-2297
1428.660852	1237	-2285
1428.710857	1237	-2285
1428.760862	1237	-2209
1428.810867	1237	-2149
1428.860872	1237	-2149
1428.910877	1237	-2149
1428.960882	1237	-2149
1429.010887	1237	-2149
1429.060892	1237	-2149
1429.110897	1237	-2149
1429.160902	1237	-2149
1429.210907	1237	-2149
1429.260912	1237	-2149
1429.310917	1237	-2149
1429.360922	1237	-2149
1429.410927	1237	-2149
1429.460932	1237	-2149
1429.510937	1237	-2149
1429.560942	1237	-2149
1429.610947	1237	-2149
1429.660952	1237	-2149
1429.710957	1237	-2149
1429.760962	1237	-2149
1429.810967	1237	-2149
1429.860972	1237	-2149
1429.910977	1237	-2149
1429.960982	1237	-2149
1430.010987	1237	-2221
1430.060992	1237	-2301
1430.110997	1237	-2469
1430.161002	1237	-2561
1430.211007	1237	-2693
1430.261012	1237	-2733
1430.311017	1237	-2793
1430.361022	1237	-2937
1430.411027	1237	-3029
1430.461032	1237	-3165
1430.511037	1237	-3245
1430.561042	1237	-3281
1430.611047	1237	-3365
1430.661052	1237	-3469
1430.711057	1237	-3517
1430.761062	1237	-3629
1430.853071	1209	-3753
1430.923078	1209	-3865
1430.960082	1185	-3865
1431.010087	1185	-3865
1431.060091	1169	-3877
1431.110097	1169	-3925
1431.160102	1169	-3925
1431.210107	1165	-3925
1431.260112	1157	-3925
1431.310117	1149	-3925
1431.360122	1149	-3925
1431.410127	1149	-3925
1431.460132	1137	-3925
1431.510137	1137	-3925
1431.560142	1137	-3925
1431.610147	1113	-3925
1431.660152	1113	-3925
1431.710157	1113	-3925
1431.760162	1113	-3925
1431.810167	1113	-3925
1431.860172	1113	-3925
1431.910177	1113	-3901
1431.960182	1113	-3869
1432.010187	1113	-3821
1432.060192	1113	-3801
1432.110197	1113	-3773
1432.160202	1113	-3685
1432.210207	1113	-3685
1432.260212	1113	-3645
1432.310217	1113	-3593
1432.360222	1113	-3533
1432.410227	1113	-3533
1432.460232	1113	-3481
1432.510237	1113	-3481
1432.560242	1113	-3477
1432.610247	1113	-3477
1432.660252	1113	-3477
1432.710257	1113	-3477
1432.760262	1113	-3461
1432.810266	1113	-3453
1432.860272	1113	-3449
1432.910277	1113	-3329
1432.960282	1113	-3329
1433.010287	1113	-3309
1433.060292	1113	-3309
1433.110297	1113	-3301
1433.160302	1113	-3301
1433.210307	1113	-3289
1433.260312	1113	-3289
1433.310317	1113	-3289
1433.360322	1113	-3289
1433.410327	1113	-3289
1433.460332	1113	-3289
1433.510337	1113	-3289
1433.560342	1113	-3289
1433.610347	1113	-3289
1433.660352	1113	-3289
1433.710357	1113	-3289
1433.760362	1113	-3289
1433.810367	1113	-3289
1433.860372	1113	-3289
1433.910377	1113	-3289
1433.960382	1113	-3289
1434.010387	1113	-3289
1434.060392	1113	-3289
1434.110397	1113	-3289
1434.160402	1113	-3289
1434.210407	1113	-3289
1434.260412	1113	-3289
1434.310417	1113	-3289
1434.360422	1113	-3289
1434.410427	1113	-3289
1434.460432	1113	-3289
1434.510437	1113	-3289
1434.560441	1113	-3289
1434.610447	1113	-3289
1434.660452	1113	-3289
1434.710457	1113	-3289
1434.760462	1113	-3289
1434.810467	1113	-3289
1434.860472	1113	-3289
1434.910477	1113	-3289
1434.960482	1113	-3289
1435.010487	1113	-3289
1435.060492	1113	-3289
1435.110497	1113	-3289
1435.160502	1113	-3289
1435.210507	1113	-3309
1435.260512	1113	-3449
1435.310517	1113	-3481
1435.360522	1113	-3557
1435.410527	1113	-3561
1435.460532	1113	-3561
1435.510537	1113	-3561
1435.560542	1113	-3561
1435.610547	1113	-3561
1435.660552	1113	-3589
1435.710557	1113	-3633
1435.760562	1113	-3745
1435.810567	1113	-3837
1435.860572	1113	-3913
1435.910577	1109	-3913
1435.960582	1109	-3989
1436.010587	1085	-4049
1436.060592	1085	-4049
1436.110597	1081	-4057
1436.160602	1061	-4057
1436.210607	1061	-4057
1436.260612	1061	-4057
1436.310616	1061	-4057
1436.360622	1061	-4057
1436.410627	1061	-4057
1436.460632	1061	-4057
1436.510637	1061	-4057
1436.560642	1061	-4057
1436.610647	1061	-4057
1436.660652	1061	-4057
1436.710657	1061	-4005
1436.760662	1061	-3941
1436.810667	1061	-3941
1436.860672	1061	-3925
1436.910677	1061	-3925
1436.960682	1061	-3905
1437.010687	1061	-3905
1437.060692	1061	-3893
1437.110697	1061	-3893
1437.160702	1061	-3857
1437.210707	1061	-3829
1437.260712	1061	-3817
1437.310717	1061	-3789
1437.360722	1061	-3781
1437.410727	1061	-3757
1437.460732	1061	-3705
1437.510737	1061	-3697
1437.560742	1061	-3685
1437.610747	1061	-3669
1437.660752	1061	-3645
1437.710757	1061	-3625
1437.760762	1061	-3613
1437.810767	1061	-3573
1437.860772	1061	-3545
1437.910777	1061	-3509
1437.960782	1061	-3509
1438.010787	1061	-3445
1438.060791	1061	-3433
1438.110797	1061	-3365
1438.160802	1061	-3333
1438.210807	1061	-3333
1438.260812	1061	-3317
1438.310817	1061	-3317
1438.360822	1061	-3317
1438.410827	1061	-3269
1438.460832	1061	-3221
1438.510837	1061	-3149
1438.560842	1061	-3069
1438.610847	1061	-3017
1438.660852	1061	-3001
1438.710857	1061	-2953
1438.760862	1061	-2913
1438.810867	1061	-2913
1438.860872	1061	-2913
1438.910877	1061	-2909
1438.960882	1061	-2869
1439.010887	1061	-2869
1439.060892	1061	-2869
1439.110897	1061	-2869
1439.160902	1061	-2869
1439.210907	1061	-2869
1439.260912	1061	-2869
1439.310917	1061	-2869
1439.360922	1061	-2869
1439.410927	1061	-2869
1439.460932	1061	-2869
1439.510937	1061	-2869
1439.560942	1061	-2869
1439.610947	1061	-2869
1439.660952	1061	-2861
1439.710957	1061	-2861
1439.760962	1061	-2797
1439.810966	1061	-2725
1439.860972	1061	-2689
1439.910977	1061	-2673
1439.960982	1061	-2673
1440.010987	1061	-2673
1440.060992	1061	-2673
1440.110997	1061	-2673
1440.161002	1061	-2673
1440.211007	1061	-2673
1440.261012	1061	-2673
1440.311017	1061	-2673
1440.361022	1061	-2673
1440.411027	1061	-2673
1440.461032	1061	-2673
1440.511037	1061	-2661
1440.561042	1061	-2661
1440.611047	1061	-2617
1440.661052	1061	-2617
1440.711057	1061	-2617
1440.761062	1061	-2581
1440.811067	1061	-2565
1440.861072	1061	-2565
1440.911077	1061	-2565
1440.961082	1061	-2565
1441.011087	1061	-2565
1441.061092	1061	-2565
1441.111097	1061	-2565
1441.161102	1061	-2565
1441.211107	1061	-2565
1441.261112	1061	-2565
1441.311117	1061	-2565
1441.361122	1061	-2565
1441.411127	1061	-2565
1441.461132	1061	-2565
1441.511137	1061	-2565
1441.561141	1061	-2565
1441.611147	1061	-2565
1441.661152	1061	-2565
1441.711157	1061	-2565
1441.761162	1061	-2565
1441.811167	1061	-2565
1441.861172	1061	-2565
1441.911177	1061	-2565
1441.961182	1061	-2565
1442.011187	1061	-2565
1442.061192	1061	-2565
1442.111197	1061	-2565
1442.161202	1061	-2565
1442.211207	1061	-2565
1442.261212	1061	-2565
1442.311217	1061	-2565
1442.361222	1061	-2565
1442.411227	1061	-2565
1442.461232	1061	-2565
1442.511237	1061	-2565
1442.560242	1061	-2565
1442.610247	1061	-2565
1442.660252	1061	-2565
1442.710257	1061	-2565
1442.760262	1061	-2565
1442.810266	1061	-2565
1442.860271	1061	-2565
1442.910276	1061	-2565
1442.960282	1061	-2565
1443.010287	1061	-2565
1443.060292	1061	-2565
1443.110297	1061	-2565
1443.160302	1061	-2565
1443.210307	1061	-2565
1443.260312	1061	-2565
1443.310317	1061	-2565
1443.360322	1061	-2565
1443.410326	1061	-2565
1443.460331	1061	-2565
1443.510336	1061	-2565
1443.560342	1061	-2565
1443.610347	1061	-2621
1443.660352	1061	-2713
1443.710357	1061	-2865
1443.760362	1061	-2937
1443.810367	1061	-2977
1443.860372	1061	-2997
1443.910377	1061	-2997
1443.960382	1061	-2997
1444.010386	1061	-2997
1444.060391	1061	-2765
1444.110396	1093	-2505
1444.160402	1117	-2357
1444.210407	1125	-2213
1444.260412	1125	-2029
1444.310417	1125	-1873
1444.360422	1125	-1737
1444.410427	621	-1433
1444.460432	621	-897
1444.510437	533	-101
1444.560441	389	0
1444.610446	389	0
1444.660451	389	0
1444.710457	157	0
1444.760462	37	0
1444.810467	0	0
1444.860472	0	16
1444.910477	0	56
1444.960482	0	72
1445.010487	0	96
1445.060492	0	96
1445.110497	0	120
1445.160501	0	120
1445.210506	0	120
1445.260511	0	120
1445.310517	0	180
1445.360522	0	196
1445.410527	0	212
1445.460532	0	212
1445.510537	0	228
1445.560542	0	252
1445.610547	0	268
1445.660552	0	268
1445.710557	0	292
1445.760561	0	292
1445.810566	0	292
1445.860571	0	292
1445.910577	0	300
1445.960582	0	300
1446.010587	0	300
1446.060592	0	300
1446.110597	0	300
1446.160602	0	308
1446.210607	0	324
1446.260612	0	324
1446.310616	0	324
1446.360621	0	324
1446.410626	0	324
1446.460632	0	340
1446.510637	0	340
1446.560642	0	340
1446.610647	0	340
1446.660652	0	340
1446.710657	0	340
1446.760662	0	340
1446.810667	0	340
1446.860672	0	340
1446.910676	0	340
1446.960681	0	340
1447.010686	0	360
1447.060692	0	384
1447.110697	0	392
1447.160702	0	464
1447.210707	0	464
1447.260712	0	464
1447.310717	0	464
1447.360722	0	540
1447.410727	0	612
1447.460732	0	660
1447.510736	0	660
1447.560741	0	660
1447.610746	0	660
1447.660752	0	660
1447.710757	0	660
1447.760762	0	660
1447.810767	0	660
1447.860772	0	660
1447.910777	0	660
1447.960782	0	660
1448.010787	0	660
1448.060791	0	660
1448.110796	0	660
1448.160801	0	660
1448.210807	0	660
1448.260812	0	660
1448.310817	0	660
1448.360822	0	660
1448.410827	0	660
1448.460832	0	660
1448.510837	0	660
1448.560842	0	660
1448.610847	0	660
1448.660851	0	660
1448.710856	0	660
1448.760861	0	660
1448.810867	0	660
1448.860872	0	660
1448.910877	0	660
1448.960882	0	660
1449.010887	0	660
1449.060892	0	660
1449.110897	0	660
1449.160902	0	660
1449.210907	0	660
1449.260911	0	660
1449.310916	0	652
1449.360922	0	644
1449.410927	0	644
1449.460932	0	604
1449.510937	0	604
1449.560942	0	604
1449.610947	0	604
1449.660952	0	604
1449.710957	0	588
1449.760962	0	588
1449.810966	0	588
1449.860971	0	588
1449.910976	0	588
1449.960982	0	588
1450.010987	0	588
1450.060992	0	588
1450.110997	0	588
1450.161002	0	588
1450.211007	0	588
1450.261012	0	588
1450.311017	0	588
1450.361022	0	588
1450.411026	0	588
1450.461031	0	588
1450.511036	0	588
1450.561042	0	588
1450.611047	0	588
1450.661052	0	588
1450.711057	0	588
1450.761062	0	588
1450.811067	0	588
1450.861072	0	588
1450.911077	0	588
1450.961082	0	588
1451.011086	0	588
1451.061091	0	588
1451.111097	0	588
1451.161102	0	588
1451.211107	0	588
1451.261112	0	548
1451.311117	0	548
1451.361122	0	548
1451.411127	0	548
1451.461132	0	548
1451.511137	0	548
1451.561141	0	548
1451.611146	0	548
1451.661151	0	548
1451.711157	0	548
1451.761162	0	548
1451.811167	0	548
1451.861172	0	548
1451.911177	0	548
1451.961182	0	548
1452.011187	0	548
1452.061192	0	548
1452.111197	0	548
1452.161201	0	548
1452.211206	0	548
1452.261211	0	548
1452.311217	0	548
1452.361222	0	540
1452.411227	0	540
1452.461232	0	540
1452.511237	0	496
1452.561242	0	496
1452.611247	0	496
1452.661252	0	496
1452.711257	0	496
1452.761261	0	496
1452.811266	0	496
1452.861272	0	496
1452.911277	0	496
1452.961282	0	496
1453.011287	0	496
1453.061292	0	496
1453.111297	0	496
1453.161302	0	496
1453.211307	0	480
1453.261312	0	480
1453.311316	0	480
1453.361321	0	480
1453.411326	0	480
1453.461332	0	480
1453.511337	0	480
1453.561342	0	480
1453.611347	0	480
1453.661352	0	480
1453.711357	0	480
1453.761362	0	480
1453.811367	0	480
1453.861372	0	480
1453.911376	0	480
1453.961381	0	480
1454.011386	0	480
1454.061392	0	480
1454.111397	0	480
1454.161402	0	480
1454.211407	0	480
1454.261412	0	480
1454.311417	0	480
1454.361422	0	480
1454.411427	0	480
1454.461432	0	480
1454.511436	0	480
1454.561441	0	480
1454.611447	0	480
1454.661452	0	480
1454.711457	0	480
1454.761462	0	480
1454.811467	0	480
1454.861472	0	480
1454.911477	0	480
1454.961482	0	480
1455.011487	0	480
1455.061491	0	480
1455.111496	0	480
1455.161501	0	480
1455.211507	0	480
1455.261512	0	480
1455.311517	0	480
1455.361522	0	480
1455.411527	0	480
1455.461532	0	480
1455.511537	0	480
1455.561542	0	480
1455.611547	0	480
1455.661551	0	480
1455.711556	0	480
1455.761561	0	480
1455.811567	0	480
1455.861572	0	480
1455.911577	0	480
1455.961582	0	480
1456.011587	0	480
1456.061592	0	480
1456.111597	0	480
1456.161602	0	480
1456.211607	0	472
1456.261611	0	472
1456.311616	0	472
1456.361622	0	472
1456.411627	0	464
1456.461632	0	464
1456.511637	0	464
1456.561642	0	464
1456.611647	0	464
1456.661652	0	464
1456.711657	0	464
1456.761662	0	464
1456.811666	0	464
1456.861671	0	464
1456.911676	0	464
1456.961682	0	464
1457.011687	0	464
1457.061692	0	464
1457.111697	0	464
1457.161702	0	464
1457.211707	0	464
1457.261712	0	464
1457.311717	0	464
1457.361722	0	464
1457.411726	0	464
1457.461731	0	464
1457.511736	0	464
1457.561742	0	464
1457.611747	0	464
1457.661752	0	464
1457.711757	0	464
1457.761762	0	464
1457.811767	0	464
1457.861772	0	464
1457.911777	0	464
1457.961782	0	464
1458.011786	0	464
1458.061791	0	464
1458.111797	0	464
1458.161802	0	464
1458.211807	0	464
1458.261812	0	464
1458.311817	0	464
1458.361822	0	464
1458.411827	0	464
1458.461832	0	464
1458.511837	0	464
1458.561841	0	464
1458.611846	0	464
1458.661851	0	464
1458.711857	0	464
1458.761862	0	464
1458.811867	0	464
1458.861872	0	464
1458.911877	0	464
1458.961882	0	464
1459.011887	0	464
1459.061892	0	464
1459.111897	0	464
1459.161901	0	464
1459.211906	0	464
1459.261911	0	464
1459.311917	0	464
1459.361922	0	464
1459.411927	0	464
1459.461932	0	464
1459.511937	0	464
1459.561942	0	464
1459.611947	0	464
1459.661952	0	464
1459.711957	0	464
1459.761961	0	464
1459.811966	0	464
1459.861972	0	464
1459.911977	0	464
1459.961982	0	464
1460.011987	0	464
1460.060991	0	464
1460.110997	0	464
1460.161002	0	464
1460.211007	0	464
1460.261012	0	464
1460.311017	0	464
1460.361022	0	464
1460.411026	0	464
1460.461031	0	464
1460.511036	0	464
1460.561041	0	464
1460.611046	0	464
1460.661052	0	464
1460.711057	0	464
1460.761062	0	464
1460.811067	0	464
1460.861072	0	464
1460.911077	0	464
1460.961082	0	464
1461.011086	0	464
1461.061091	0	464
1461.111096	0	464
1461.161101	0	464
1461.211106	0	464
1461.261112	0	464
1461.311117	0	464
1461.361122	0	464
1461.411127	0	464
1461.461132	0	464
1461.511137	0	464
1461.561141	0	464
1461.611146	0	464
1461.661151	0	464
1461.711156	0	464
1461.761161	0	464
1461.811166	0	464
1461.861172	0	464
1461.911177	0	464
1461.961182	0	464
1462.011187	0	464
1462.061192	0	464
1462.111197	0	464
1462.161201	0	464
1462.211206	0	464
1462.261211	0	464
1462.311216	0	464
1462.361221	0	464
1462.411227	0	464
1462.461232	0	464
1462.511237	0	464
1462.561242	0	464
1462.611247	0	464
1462.661252	0	464
1462.711257	0	464
1462.761261	0	464
1462.811266	0	464
1462.861271	0	464
1462.911276	0	464
1462.961281	0	464
1463.011287	0	464
1463.061292	0	464
1463.111297	0	464
1463.161302	0	464
1463.211307	0	464
1463.261312	0	464
1463.311316	0	464
1463.361321	0	464
1463.411326	0	464
1463.461331	0	464
1463.511336	0	464
1463.561341	0	464
1463.611347	0	464
1463.661352	0	464
1463.711357	0	464
1463.761362	0	464
1463.811367	0	464
1463.861372	0	464
1463.911376	0	464
1463.961381	0	464
1464.011386	0	464
1464.061391	0	464
1464.111396	0	464
1464.161402	0	464
1464.211407	0	464
1464.261412	0	464
1464.311417	0	464
1464.361422	0	464
1464.411427	0	464
1464.461432	0	464
1464.511436	0	464
1464.561441	0	464
1464.611446	0	464
1464.661451	0	464
1464.711456	0	464
1464.761462	0	464
1464.811467	0	464
1464.861472	0	464
1464.911477	0	464
1464.961482	0	464
1465.011487	0	464
1465.061491	0	464
1465.111496	0	464
1465.161501	0	464
1465.211506	0	464
1465.261511	0	464
1465.311516	0	464
1465.361522	0	464
1465.411527	0	464
1465.461532	0	464
1465.511537	0	464
1465.561542	0	464
1465.611547	0	464
1465.661551	0	464
1465.711556	0	464
1465.761561	0	464
1465.811566	0	464
1465.861571	0	464
1465.911577	0	464
1465.961582	0	464
1466.011587	0	464
1466.061592	0	464
1466.111597	0	464
1466.161602	0	464
1466.211607	0	464
1466.261611	0	464
1466.311616	0	464
1466.361621	0	464
1466.411626	0	464
1466.461631	0	464
1466.511637	0	464
1466.561642	0	464
1466.611647	0	464
1466.661652	0	464
1466.711657	0	464
1466.761662	0	464
1466.811666	0	464
1466.861671	0	464
1466.911676	0	464
1466.961681	0	464
1467.011686	0	464
1467.061691	0	464
1467.111697	0	464
1467.161702	0	464
1467.211707	0	464
1467.261712	0	464
1467.311717	0	464
1467.361722	0	464
1467.411726	0	464
1467.461731	0	464
1467.511736	0	464
1467.561741	0	464
1467.611746	0	464
1467.661752	0	464
1467.711757	0	464
1467.761762	0	464
1467.811767	0	464
1467.861772	0	464
1467.911777	0	464
1467.961782	0	464
1468.011786	0	464
1468.061791	0	464
1468.111796	0	464
1468.161801	0	464
1468.211806	0	464
1468.261812	0	464
1468.311817	0	464
1468.361822	0	464
1468.411827	0	464
1468.461832	0	464
1468.511837	0	464
1468.561841	0	464
1468.611846	0	464
1468.661851	0	464
1468.711856	0	464
1468.761861	0	464
1468.811866	0	464
1468.861872	0	464
1468.911877	0	464
1468.961882	0	464
1469.011887	0	464
1469.061892	0	464
1469.111897	0	464
1469.161901	0	464
1469.211906	0	464
1469.261911	0	464
1469.311916	0	464
1469.361921	0	464
1469.411927	0	464
1469.461932	0	464
1469.511937	0	464
1469.561942	0	464
1469.611947	0	464
1469.661952	0	464
1469.711957	0	464
1469.761961	0	464
1469.811966	0	464
1469.861971	0	464
1469.911976	0	464
1469.961981	0	464
1470.011987	0	464
1470.061992	0	464
1470.111997	0	464
1470.162002	0	464
1470.212007	0	464
1470.262012	0	464
1470.312016	0	464
1470.362021	0	464
1470.412026	0	464
1470.462031	0	464
1470.512036	0	464
1470.562042	0	464
1470.612047	0	464
1470.662052	0	464
1470.712057	0	464
1470.762062	0	464
1470.812067	0	464
1470.862072	0	464
1470.912076	0	464
1470.962081	0	464
1471.012086	0	464
1471.062091	0	464
1471.112096	0	464
1471.162102	0	464
1471.212107	0	464
1471.262112	0	464
1471.312117	0	464
1471.362122	0	464
1471.412127	0	464
1471.462132	0	464
1471.512136	0	464
1471.562141	0	464
1471.612146	0	464
1471.662151	0	464
1471.712156	0	464
1471.762162	0	464
1471.812167	0	464
1471.862172	0	464
1471.912177	0	464
1471.962182	0	464
1472.012187	0	464
1472.062191	0	464
1472.112196	0	464
1472.162201	0	464
1472.212206	0	464
1472.262211	0	464
1472.312217	0	464
1472.362222	0	464
1472.412227	0	464
1472.462232	0	464
1472.512237	0	456
1472.562242	0	456
1472.612247	0	456
1472.662251	0	456
1472.712256	0	456
1472.762261	0	456
1472.812266	0	456
1472.862271	0	456
1472.912277	0	456
1472.962282	0	456
1473.012287	0	456
1473.062292	0	456
1473.112297	0	456
1473.162302	0	456
1473.212306	0	456
1473.262311	0	456
1473.312316	0	456
1473.362321	0	456
1473.412326	0	456
1473.462331	0	456
1473.512337	0	456
1473.562342	0	456
1473.612347	0	456
1473.662352	0	456
1473.712357	0	456
1473.762362	0	456
1473.812366	0	456
1473.862371	0	456
1473.912376	0	456
1473.962381	0	456
1474.012386	0	456
1474.062392	0	456
1474.112397	0	456
1474.162402	0	456
1474.212407	0	456
1474.262412	0	456
1474.312417	0	456
1474.362422	0	456
1474.412426	0	456
1474.462431	0	456
1474.512436	0	456
1474.562441	0	456
1474.612446	0	456
1474.662452	0	456
1474.712457	0	456
1474.762462	0	456
1474.812467	0	456
1474.862472	0	456
1474.912477	0	456
1474.962481	0	456
1475.012486	0	456
1475.062491	0	456
1475.112496	0	456
1475.162501	0	456
1475.212506	0	456
1475.262512	0	456
1475.312517	0	456
1475.362522	0	456
1475.412527	0	456
1475.462532	0	456
1475.512537	0	456
1475.562541	0	456
1475.612546	0	456
1475.662551	0	456
1475.712556	0	456
1475.762561	0	456
1475.812567	0	456
1475.862572	0	456
1475.912577	0	456
1475.962582	0	456
1476.012587	0	456
1476.062592	0	456
1476.112597	0	456
1476.162601	0	456
1476.212606	0	456
1476.262611	0	456
1476.312616	0	456
1476.362621	0	456
1476.412627	0	456
1476.462632	0	456
1476.512637	0	456
1476.562642	0	456
1476.612647	0	456
1476.662652	0	456
1476.712656	0	456
1476.762661	0	456
1476.813667	0	456
1476.862671	0	456
1476.912676	0	456
1476.962681	0	456
1477.012687	0	456
1477.062692	0	456
1477.112697	0	456
1477.162702	0	456
1477.212707	0	456
1477.262712	0	456
1477.312716	0	456
1477.362721	0	456
1477.412726	0	456
1477.462731	0	456
1477.511736	0	456
1477.561741	0	456
1477.611746	0	456
1477.661751	0	456
1477.711756	0	456
1477.761761	0	456
1477.811767	0	456
1477.861772	0	456
1477.911777	0	456
1477.961782	0	456
1478.011786	0	456
1478.061791	0	456
1478.111796	0	456
1478.161801	0	456
1478.211806	0	456
1478.261811	0	456
1478.311816	0	456
1478.361822	0	456
1478.411827	0	456
1478.461832	0	456
1478.511837	0	456
1478.561841	0	456
1478.611846	0	456
1478.661851	0	456
1478.711856	0	456
1478.761861	0	456
1478.811866	0	456
1478.861871	0	456
1478.911876	0	456
1478.961882	0	456
1479.011887	0	456
1479.061892	0	456
1479.111897	0	456
1479.161901	0	456
1479.211906	0	456
1479.261911	0	456
1479.311916	0	456
1479.361921	0	456
1479.411926	0	456
1479.461931	0	456
1479.511936	0	456
1479.561942	0	456
1479.611947	0	456
1479.661952	0	456
1479.711957	0	456
1479.761961	0	456
1479.811966	0	456
1479.861971	0	456
1479.911976	0	456
1479.961981	0	456
1480.011986	0	456
1480.061991	0	456
1480.111997	0	456
1480.162002	0	456
1480.212007	0	456
1480.262012	0	456
1480.312016	0	456
1480.362021	0	456
1480.412026	0	456
1480.462031	0	456
1480.512036	0	456
1480.562041	0	456
1480.612046	0	456
1480.662051	0	456
1480.712057	0	456
1480.762062	0	456
1480.812067	0	456
1480.862072	0	456
1480.912076	0	456
1480.962081	0	456
1481.012086	0	456
1481.062091	0	456
1481.112096	0	456
1481.162101	0	456
1481.212106	0	456
1481.262111	0	456
1481.312117	0	456
1481.362122	0	456
1481.412127	0	456
1481.462132	0	456
1481.512136	0	456
1481.562141	0	456
1481.612146	0	456
1481.662151	0	456
1481.712156	0	456
1481.762161	0	456
1481.812166	0	456
1481.862172	0	456
1481.912177	0	456
1481.962182	0	456
1482.012187	0	456
1482.062191	0	456
1482.112196	0	456
1482.162201	0	456
1482.212206	0	456
1482.262211	0	456
1482.312216	0	456
1482.362221	0	456
1482.412226	0	456
1482.462232	0	456
1482.512237	0	456
1482.562242	0	456
1482.612247	0	456
1482.662251	0	456
1482.712256	0	456
1482.762261	0	456
1482.812266	0	456
1482.862271	0	456
1482.912276	0	456
1482.962281	0	456
1483.012286	0	456
1483.062292	0	456
1483.112297	0	456
1483.162302	0	456
1483.212306	0	456
1483.262311	0	456
1483.312316	0	456
1483.362321	0	456
1483.412326	0	456
1483.462331	0	456
1483.512336	0	456
1483.562341	0	456
1483.612347	0	456
1483.662352	0	456
1483.712357	0	456
1483.762362	0	456
1483.812366	0	456
1483.862371	0	456
1483.912376	0	456
1483.962381	0	456
1484.012386	0	456
1484.062391	0	456
1484.112396	0	456
1484.162401	0	456
1484.212407	0	456
1484.262412	0	456
1484.312417	0	456
1484.362422	0	456
1484.412426	0	456
1484.462431	0	456
1484.512436	0	456
1484.562441	0	456
1484.612446	0	456
1484.662451	0	456
1484.712456	0	456
1484.762461	0	456
1484.812467	0	456
1484.862472	0	456
1484.912477	0	456
1484.962481	0	456
1485.012486	0	456
1485.062491	0	456
1485.112496	0	456
1485.162501	0	456
1485.212506	0	456
1485.262511	0	456
1485.312516	0	456
1485.362522	0	456
1485.412527	0	456
1485.462532	0	456
1485.512537	0	456
1485.562541	0	456
1485.612546	0	456
1485.662551	0	456
1485.712556	0	456
1485.762561	0	456
1485.812566	0	456
1485.862571	0	456
1485.912576	0	456
1485.962582	0	456
1486.012587	0	456
1486.062592	0	456
1486.112597	0	456
1486.162601	0	456
1486.212606	0	456
1486.262611	0	456
1486.312616	0	456
1486.362621	0	456
1486.412626	0	456
1486.462631	0	456
1486.512636	0	456
1486.562642	0	456
1486.612647	0	456
1486.662652	0	456
1486.712656	0	456
1486.762661	0	456
1486.812666	0	456
1486.862671	0	456
1486.912676	0	456
1486.962681	0	456
1487.012686	0	456
1487.062691	0	456
1487.112697	0	456
1487.162702	0	456
1487.212707	0	456
1487.262712	0	456
1487.312716	0	456
1487.362721	0	456
1487.412726	0	456
1487.462731	0	456
1487.512736	0	456
1487.562741	0	456
1487.612746	0	456
1487.662751	0	456
1487.712757	0	456
1487.762762	0	456
1487.812767	0	456
1487.862772	0	456
1487.912776	0	456
1487.962781	0	456
1488.012786	0	456
1488.062791	0	456
1488.112796	0	456
1488.162801	0	456
1488.212806	0	456
1488.262811	0	456
1488.312817	0	456
1488.362822	0	456
1488.412827	0	456
1488.462831	0	456
1488.512836	0	456
1488.562841	0	456
1488.612846	0	456
1488.662851	0	456
1488.712856	0	456
1488.762861	0	456
1488.812866	0	456
1488.862872	0	456
1488.912877	0	456
1488.962882	0	456
1489.012887	0	456
1489.062891	0	456
1489.112896	0	456
1489.162901	0	456
1489.212906	0	456
1489.262911	0	456
1489.312916	0	456
1489.362921	0	456
1489.412926	0	456
1489.462932	0	456
1489.512937	0	456
1489.562942	0	456
1489.612947	0	456
1489.662951	0	456
1489.712956	0	456
1489.762961	0	456
1489.812966	0	456
1489.862971	0	456
1489.912976	0	456
1489.962981	0	456
1490.012986	0	456
1490.062992	0	456
1490.112997	0	456
1490.163002	0	456
1490.213006	0	456
1490.263011	0	456
1490.313016	0	456
1490.363021	0	456
1490.413026	0	456
1490.463031	0	456
1490.513036	0	456
1490.563041	0	456
1490.613047	0	456
1490.663052	0	456
1490.713057	0	456
1490.763062	0	456
1490.813066	0	456
1490.863071	0	456
1490.913076	0	456
1490.963081	0	456
1491.013086	0	456
1491.063091	0	456
1491.113096	0	456
1491.163101	0	456
1491.213107	0	456
1491.263112	0	456
1491.313117	0	456
1491.363122	0	456
1491.413126	0	456
1491.463131	0	456
1491.513136	0	456
1491.563141	0	456
1491.613146	0	456
1491.663151	0	456
1491.713156	0	456
1491.763162	0	456
1491.813167	0	456
1491.863172	0	456
1491.913177	0	456
1491.963181	0	456
1492.013186	0	456
1492.063191	0	456
1492.113196	0	456
1492.163201	0	456
1492.213206	0	456
1492.263211	0	456
1492.313216	0	456
1492.363222	0	456
1492.413227	0	456
1492.463232	0	456
1492.513237	0	456
1492.563241	0	456
1492.613246	0	456
1492.663251	0	456
1492.713256	0	456
1492.763261	0	456
1492.813266	0	456
1492.863271	0	456
1492.913276	0	456
1492.963282	0	456
1493.013287	0	456
1493.063292	0	456
1493.113297	0	456
1493.163301	0	456
1493.213306	0	456
1493.263311	0	456
1493.313316	0	456
1493.363321	0	456
1493.413326	0	456
1493.463331	0	456
1493.513337	0	456
1493.563342	0	456
1493.613347	0	456
1493.663352	0	456
1493.713356	0	456
1493.763361	0	456
1493.813366	0	456
1493.863371	0	456
1493.913376	0	456
1493.963381	0	456
1494.013386	0	456
1494.063391	0	456
1494.113397	0	456
1494.163402	0	456
1494.213407	0	456
1494.263412	0	456
1494.313416	0	456
1494.363421	0	456
1494.413426	0	456
1494.463431	0	456
1494.513436	0	456
1494.563441	0	456
1494.613446	0	456
1494.663451	0	456
1494.713457	0	456
1494.763462	0	456
1494.813467	0	456
1494.863472	0	456
1494.913476	0	456
1494.963481	0	456
1495.012486	0	456
1495.062491	0	456
1495.112496	0	456
1495.162501	0	456
1495.212506	0	456
1495.262511	0	456
1495.312516	0	456
1495.362521	0	456
1495.412526	0	456
1495.462531	0	456
1495.512537	0	456
1495.562541	0	456
1495.612546	0	456
1495.662551	0	456
1495.712556	0	456
1495.762561	0	456
1495.812566	0	456
1495.862571	0	456
1495.912576	0	456
1495.962581	0	456
1496.012586	0	456
1496.062592	0	456
1496.112597	0	456
1496.162601	0	456
1496.212606	0	456
1496.262611	0	456
1496.312616	0	456
1496.362621	0	456
1496.412626	0	456
1496.462631	0	456
1496.512636	0	456
1496.562641	0	456
1496.612646	0	456
1496.662652	0	456
1496.712656	0	456
1496.762661	0	456
1496.812666	0	456
1496.862671	0	456
1496.912676	0	456
1496.962681	0	456
1497.012686	0	456
1497.062691	0	456
1497.112696	0	456
1497.162701	0	456
1497.212706	0	456
1497.262712	0	456
1497.312716	0	456
1497.362721	0	456
1497.412726	0	456
1497.462731	0	456
1497.512736	0	456
1497.562741	0	456
1497.612746	0	456
1497.662751	0	456
1497.712756	0	456
1497.762761	0	456
1497.812767	0	456
1497.862772	0	456
1497.912776	0	456
1497.962781	0	456
1498.012786	0	456
1498.062791	0	456
1498.112796	0	456
1498.162801	0	456
1498.212806	0	456
1498.262811	0	456
1498.312816	0	456
1498.362821	0	456
1498.412827	0	456
1498.462831	0	456
1498.512836	0	456
1498.562841	0	456
1498.612846	0	456
1498.662851	0	456
1498.712856	0	456
1498.762861	0	456
1498.812866	0	456
1498.862871	0	456
1498.912876	0	456
1498.962881	0	456
1499.012887	0	456
1499.062891	0	456
1499.112896	0	456
1499.162901	0	456
1499.212906	0	456
1499.262911	0	456
1499.312916	0	456
1499.362921	0	456
1499.412926	0	456
1499.462931	0	456
1499.512936	0	456
1499.562942	0	456
1499.612947	0	456
1499.662951	0	456
1499.712956	0	456
1499.762961	0	456
1499.812966	0	456
1499.862971	0	456
1499.912976	0	456
1499.962981	0	456
1500.012986	0	456
1500.062991	0	456
1500.112996	0	456
1500.163002	0	456
1500.213006	0	456
1500.263011	0	456
1500.313016	0	456
1500.363021	0	456
1500.413026	0	456
1500.463031	0	456
1500.513036	0	456
1500.563041	0	456
1500.613046	0	456
1500.663051	0	456
1500.713056	0	456
1500.763062	0	456
1500.813066	0	456
1500.863071	0	456
1500.913076	0	456
1500.963081	0	456
1501.013086	0	456
1501.063091	0	456
1501.113096	0	456
1501.163101	0	456
1501.213106	0	456
1501.263111	0	456
1501.313117	0	456
1501.363122	0	456
1501.413126	0	456
1501.463131	0	456
1501.513136	0	456
1501.563141	0	456
1501.613146	0	456
1501.663151	0	456
1501.713156	0	456
1501.763161	0	456
1501.813166	0	456
1501.863171	0	456
1501.913177	0	456
1501.963181	0	456
1502.013186	0	456
1502.063191	0	456
1502.113196	0	456
1502.163201	0	456
1502.213206	0	456
1502.263211	0	456
1502.313216	0	456
1502.363221	0	456
1502.413226	0	456
1502.463231	0	456
1502.513237	0	456
1502.563241	0	456
1502.613246	0	456
1502.663251	0	456
1502.713256	0	456
1502.763261	0	456
1502.813266	0	456
1502.863271	0	456
1502.913276	0	456
1502.963281	0	456
1503.013286	0	456
1503.063292	0	456
1503.113297	0	456
1503.163301	0	456
1503.213306	0	456
1503.263311	0	456
1503.313316	0	456
1503.363321	0	456
1503.413326	0	456
1503.463331	0	456
1503.513336	0	456
1503.563341	0	456
1503.613346	0	456
1503.663352	0	456
1503.713356	0	456
1503.763361	0	456
1503.813366	0	456
1503.863371	0	456
1503.913376	0	456
1503.963381	0	456
1504.013386	0	456
1504.063391	0	456
1504.113396	0	456
1504.163401	0	456
1504.213406	0	456
1504.263412	0	456
1504.313416	0	456
1504.363421	0	456
1504.413426	0	456
1504.463431	0	456
1504.513436	0	456
1504.563441	0	456
1504.613446	0	456
1504.663451	0	456
1504.713456	0	456
1504.763461	0	456
1504.813467	0	456
1504.863472	0	456
1504.913476	0	456
1504.963481	0	456
1505.013486	0	456
1505.063491	0	456
1505.113496	0	456
1505.163501	0	456
1505.213506	0	456
1505.263511	0	456
1505.313516	0	456
1505.363521	0	456
1505.413527	0	456
1505.463531	0	456
1505.513536	0	456
1505.563541	0	456
1505.613546	0	456
1505.663551	0	456
1505.713556	0	456
1505.763561	0	456
1505.813566	0	456
1505.863571	0	456
1505.913576	0	456
1505.963581	0	456
1506.013587	0	456
1506.063591	0	456
1506.113596	0	456
1506.163601	0	456
1506.213606	0	456
1506.263611	0	456
1506.313616	0	456
1506.363621	0	456
1506.413626	0	456
1506.463631	0	456
1506.513636	0	456
1506.563642	0	456
1506.613647	0	456
1506.663651	0	456
1506.713656	0	456
1506.763661	0	456
1506.813666	0	456
1506.863671	0	456
1506.913676	0	456
1506.963681	0	456
1507.013686	0	456
1507.063691	0	456
1507.113696	0	456
1507.163702	0	456
1507.213706	0	456
1507.263711	0	456
1507.313716	0	456
1507.363721	0	456
1507.413726	0	456
1507.463731	0	456
1507.513736	0	456
1507.563741	0	456
1507.613746	0	456
1507.663751	0	456
1507.713756	0	456
1507.763762	0	456
1507.813766	0	456
1507.863771	0	456
1507.913776	0	456
1507.963781	0	456
1508.013786	0	456
1508.063791	0	456
1508.113796	0	456
1508.163801	0	456
1508.213806	0	456
1508.263811	0	456
1508.313817	0	456
1508.363822	0	456
1508.413826	0	456
1508.463831	0	456
1508.513836	0	456
1508.563841	0	456
1508.613846	0	456
1508.663851	0	456
1508.713856	0	456
1508.763861	0	456
1508.813866	0	456
1508.863871	0	456
1508.913877	0	456
1508.963881	0	456
1509.013886	0	456
1509.063891	0	456
1509.113896	0	456
1509.163901	0	456
1509.213906	0	456
1509.263911	0	456
1509.313916	0	456
1509.363921	0	456
1509.413926	0	456
1509.463931	0	456
1509.513937	0	456
1509.563941	0	456
1509.613946	0	456
1509.663951	0	456
1509.713956	0	456
1509.763961	0	456
1509.813966	0	456
1509.863971	0	456
1509.913976	0	456
1509.963981	0	456
1510.013986	0	456
1510.063992	0	456
1510.113997	0	456
1510.164001	0	456
1510.214006	0	456
1510.264011	0	456
1510.314016	0	456
1510.364021	0	456
1510.414026	0	456
1510.464031	0	456
1510.514036	0	456
1510.564041	0	456
1510.614046	0	456
1510.664052	0	456
1510.714056	0	456
1510.764061	0	456
1510.814066	0	456
1510.864071	0	456
1510.914076	0	456
1510.964081	0	456
1511.014086	0	456
1511.064091	0	456
1511.114096	0	456
1511.164101	0	456
1511.214107	0	456
1511.264112	0	456
1511.314116	0	456
1511.364121	0	456
1511.414126	0	456
1511.464131	0	456
1511.514136	0	456
1511.564141	0	456
1511.614146	0	456
1511.664151	0	456
1511.714156	0	456
1511.764161	0	456
1511.814167	0	456
1511.864172	0	456
1511.914176	0	456
1511.964181	0	456
1512.014186	0	456
1512.064191	0	456
1512.114196	0	456
1512.164201	0	456
1512.214206	0	456
1512.264211	0	456
1512.314216	0	456
1512.364221	0	456
1512.414227	0	456
1512.464231	0	456
1512.513236	0	456
1512.563241	0	456
1512.613246	0	456
1512.663251	0	456
1512.713256	0	456
1512.763261	0	456
1512.813266	0	456
1512.863271	0	456
1512.913276	0	456
1512.963281	0	456
1513.013286	0	456
1513.063291	0	456
1513.113296	0	456
1513.163301	0	456
1513.213306	0	456
1513.263311	0	456
1513.313316	0	456
1513.363321	0	456
1513.413326	0	456
1513.463331	0	456
1513.513336	0	456
1513.563341	0	456
1513.613346	0	456
1513.663351	0	456
1513.713356	0	456
1513.763361	0	456
1513.813366	0	456
1513.863371	0	456
1513.913376	0	456
1513.963381	0	456
1514.013386	0	456
1514.063391	0	456
1514.113396	0	456
1514.163401	0	456
1514.213406	0	456
1514.263411	0	456
1514.313416	0	456
1514.363421	0	456
1514.413426	0	456
1514.463431	0	456
1514.513436	0	456
1514.563441	0	456
1514.613446	0	456
1514.663451	0	456
1514.713456	0	456
1514.763461	0	456
1514.813466	0	456
1514.863471	0	456
1514.913476	0	456
1514.963481	0	456
1515.013486	0	456
1515.063491	0	456
1515.113496	0	456
1515.163501	0	456
1515.213506	0	456
1515.263511	0	456
1515.313516	0	456
1515.363521	0	456
1515.413526	0	456
1515.463531	0	456
1515.513536	0	456
1515.563541	0	456
1515.613546	0	456
1515.663551	0	456
1515.713556	0	456
1515.763561	0	456
1515.813566	0	456
1515.863571	0	456
1515.913576	0	456
1515.963581	0	456
1516.013586	0	456
1516.063591	0	456
1516.113596	0	456
1516.163601	0	456
1516.213606	0	456
1516.263611	0	456
1516.313616	0	456
1516.363621	0	456
1516.413626	0	456
1516.463631	0	456
1516.513636	0	456
1516.563641	0	456
1516.613646	0	456
1516.663651	0	456
1516.713656	0	456
1516.763661	0	456
1516.813666	0	456
1516.863671	0	456
1516.913676	0	456
1516.963681	0	456
1517.013686	0	456
1517.063691	0	456
1517.113696	0	456
1517.163701	0	456
1517.213706	0	456
1517.263711	0	456
1517.313716	0	456
1517.363721	0	456
1517.413726	0	456
1517.463731	0	456
1517.513736	0	456
1517.563741	0	456
1517.613746	0	456
1517.663751	0	456
1517.713756	0	456
1517.763761	0	456
1517.813766	0	456
1517.863771	0	456
1517.913776	0	456
1517.963781	0	456
1518.013786	0	456
1518.063791	0	456
1518.113796	0	456
1518.163801	0	456
1518.213806	0	456
1518.263811	0	456
1518.313816	0	456
1518.363821	0	456
1518.413826	0	456
1518.463831	0	456
1518.513836	0	456
1518.563841	0	456
1518.613846	0	456
1518.663851	0	456
1518.713856	0	456
1518.763861	0	456
1518.813866	0	456
1518.863871	0	456
1518.913876	0	456
1518.963881	0	456
1519.013886	0	456
1519.063891	0	456
1519.113896	0	456
1519.163901	0	456
1519.213906	0	456
1519.263911	0	456
1519.313916	0	456
1519.363921	0	456
1519.413926	0	456
1519.463931	0	456
1519.513936	0	456
1519.563941	0	456
1519.613946	0	456
1519.663951	0	456
1519.713956	0	456
1519.763961	0	456
1519.813966	0	456
1519.863971	0	456
1519.913976	0	456
1519.963981	0	456
1520.013986	0	456
1520.063991	0	456
1520.113996	0	456
1520.164001	0	456
1520.214006	0	456
1520.264011	0	456
1520.314016	0	456
1520.364021	0	456
1520.414026	0	456
1520.464031	0	456
1520.514036	0	456
1520.564041	0	456
1520.614046	0	456
1520.664051	0	456
1520.714056	0	456
1520.764061	0	456
1520.814066	0	456
1520.864071	0	456
1520.914076	0	456
1520.964081	0	456
1521.014086	0	456
1521.064091	0	456
1521.114096	0	456
1521.164101	0	456
1521.214106	0	456
1521.264111	0	456
1521.314116	0	456
1521.364121	0	456
1521.414126	0	456
1521.464131	0	456
1521.514136	0	456
1521.564141	0	456
1521.614146	0	456
1521.664151	0	456
1521.714156	0	456
1521.764161	0	456
1521.814166	0	456
1521.864171	0	456
1521.914176	0	456
1521.964181	0	456
1522.014186	0	456
1522.064191	0	456
1522.114196	0	456
1522.164201	0	456
1522.214206	0	456
1522.264211	0	456
1522.314216	0	456
1522.364221	0	456
1522.414226	0	456
1522.464231	0	456
1522.514236	0	456
1522.564241	0	456
1522.614246	0	456
1522.664251	0	456
1522.714256	0	456
1522.764261	0	456
1522.814266	0	456
1522.864271	0	456
1522.914276	0	456
1522.964281	0	456
1523.014286	0	456
1523.064291	0	456
1523.114296	0	456
1523.164301	0	456
1523.214306	0	456
1523.264311	0	456
1523.314316	0	456
1523.364321	0	456
1523.414326	0	456
1523.464331	0	456
1523.514336	0	456
1523.564341	0	456
1523.614346	0	456
1523.664351	0	456
1523.714356	0	456
1523.764361	0	456
1523.814366	0	456
1523.864371	0	456
1523.914376	0	456
1523.964381	0	456
1524.014386	0	456
1524.064391	0	456
1524.114396	0	456
1524.164401	0	456
1524.214406	0	456
1524.264411	0	456
1524.314416	0	456
1524.364421	0	456
1524.414426	0	456
1524.464431	0	456
1524.514436	0	456
1524.564441	0	456
1524.614446	0	456
1524.664451	0	456
1524.714456	0	456
1524.764461	0	456
1524.814466	0	456
1524.864471	0	456
1524.914476	0	456
1524.964481	0	456
1525.014486	0	456
1525.064491	0	456
1525.114496	0	456
1525.164501	0	456
1525.214506	0	456
1525.264511	0	456
1525.314516	0	456
1525.364521	0	456
1525.414526	0	456
1525.464531	0	456
1525.514536	0	456
1525.564541	0	456
1525.614546	0	456
1525.664551	0	456
1525.714556	0	456
1525.764561	0	456
1525.814566	0	456
1525.864571	0	456
1525.914576	0	456
1525.964581	0	456
1526.014586	0	456
1526.064591	0	456
1526.114596	0	456
1526.164601	0	456
1526.214606	0	456
1526.264611	0	456
1526.314616	0	456
1526.364621	0	456
1526.414626	0	456
1526.464631	0	456
1526.514636	0	456
1526.564641	0	456
1526.614646	0	456
1526.664651	0	456
1526.714656	0	456
1526.764661	0	456
1526.814666	0	456
1526.864671	0	456
1526.914676	0	456
1526.964681	0	456
1527.014686	0	456
1527.064691	0	456
1527.114696	0	456
1527.164701	0	456
1527.214706	0	456
1527.264711	0	456
1527.314716	0	456
1527.364721	0	456
1527.414726	0	456
1527.464731	0	456
1527.514736	0	456
1527.564741	0	456
1527.614746	0	456
1527.664751	0	456
1527.714756	0	456
1527.764761	0	456
1527.814766	0	456
1527.864771	0	456
1527.914776	0	456
1527.964781	0	456
1528.014786	0	456
1528.064791	0	456
1528.114796	0	456
1528.164801	0	456
1528.214806	0	456
1528.264811	0	456
1528.314816	0	456
1528.364821	0	456
1528.414826	0	456
1528.464831	0	456
1528.514836	0	456
1528.564841	0	456
1528.614846	0	456
1528.664851	0	456
1528.714856	0	456
1528.764861	0	456
1528.814866	0	456
1528.864871	0	456
1528.914876	0	456
1528.964881	0	456
1529.014886	0	456
1529.064891	0	456
1529.114896	0	456
1529.164901	0	456
1529.214906	0	456
1529.264911	0	456
1529.314916	0	456
1529.364921	0	456
1529.414926	0	456
1529.464931	0	456
1529.514936	0	456
1529.564941	0	456
1529.614946	0	456
1529.664951	0	456
1529.714956	0	456
1529.764961	0	456
1529.814966	0	456
1529.864971	0	456
1529.914976	0	456
1529.963981	0	456
1530.013986	0	456
1530.063991	0	456
1530.113996	0	456
1530.164001	0	456
1530.214006	0	456
1530.264011	0	456
1530.314016	0	456
1530.364021	0	456
1530.414026	0	456
1530.464031	0	456
1530.514036	0	456
1530.564041	0	456
1530.614046	0	456
1530.664051	0	456
1530.714056	0	456
1530.764061	0	456
1530.814066	0	456
1530.864071	0	456
1530.914076	0	456
1530.964081	0	456
1531.014086	0	456
1531.064091	0	456
1531.114096	0	456
1531.164101	0	456
1531.214106	0	456
1531.264111	0	456
1531.314116	0	456
1531.364121	0	456
1531.414126	0	456
1531.464131	0	456
1531.514136	0	456
1531.564141	0	456
1531.614146	0	456
1531.664151	0	456
1531.714156	0	456
1531.764161	0	456
1531.814166	0	456
1531.864171	0	456
1531.914176	0	456
1531.964181	0	456
1532.014186	0	456
1532.064191	0	456
1532.114196	0	456
1532.164201	0	456
1532.214206	0	456
1532.264211	0	456
1532.314216	0	456
1532.364221	0	456
1532.414226	0	456
1532.464231	0	456
1532.514236	0	456
1532.564241	0	456
1532.614246	0	456
1532.664251	0	456
1532.714256	0	456
1532.764261	0	456
1532.814266	0	456
1532.864271	0	456
1532.914276	0	456
1532.964281	0	456
1533.014286	0	456
1533.064291	0	456
1533.114296	0	456
1533.164301	0	456
1533.214306	0	456
1533.264311	0	456
1533.314316	0	456
1533.364321	0	456
1533.414326	0	456
1533.464331	0	456
1533.514336	0	456
1533.564341	0	456
1533.614346	0	456
1533.664351	0	456
1533.714356	0	456
1533.764361	0	456
1533.814366	0	456
1533.864371	0	456
1533.914376	0	456
1533.964381	0	456
1534.014386	0	456
1534.064391	0	456
1534.114396	0	456
1534.164401	0	456
1534.214406	0	456
1534.264411	0	456
1534.314416	0	456
1534.364421	0	456
1534.414426	0	456
1534.464431	0	456
1534.514436	0	456
1534.564441	0	456
1534.614446	0	456
1534.664451	0	456
1534.714456	0	456
1534.764461	0	456
1534.814466	0	456
1534.864471	0	456
1534.914476	0	456
1534.964481	0	456
1535.014486	0	456
1535.064491	0	456
1535.114496	0	456
1535.164501	0	456
1535.214506	0	456
1535.264511	0	456
1535.314516	0	456
1535.364521	0	456
1535.414526	0	456
1535.464531	0	456
1535.514536	0	456
1535.564541	0	456
1535.614546	0	456
1535.664551	0	456
1535.714556	0	456
1535.764561	0	456
1535.814566	0	456
1535.864571	0	456
1535.914576	0	456
1535.964581	0	456
1536.014586	0	456
1536.064591	0	456
1536.114596	0	456
1536.164601	0	456
1536.214606	0	456
1536.264611	0	456
1536.314616	0	456
1536.364621	0	456
1536.414626	0	456
1536.464631	0	456
1536.514636	0	456
1536.564641	0	456
1536.614646	0	456
1536.664651	0	456
1536.714656	0	456
1536.764661	0	456
1536.814666	0	456
1536.864671	0	456
1536.914676	0	456
1536.964681	0	456
1537.014686	0	456
1537.064691	0	456
1537.114696	0	456
1537.164701	0	456
1537.214706	0	456
1537.264711	0	456
1537.314716	0	456
1537.364721	0	456
1537.414726	0	456
1537.464731	0	456
1537.514736	0	456
1537.564741	0	456
1537.614746	0	456
1537.664751	0	456
1537.714756	0	456
1537.764761	0	456
1537.814766	0	456
1537.864771	0	456
1537.914776	0	456
1537.964781	0	456
1538.014786	0	456
1538.064791	0	456
1538.114796	0	456
1538.164801	0	456
1538.214806	0	456
1538.264811	0	456
1538.314816	0	456
1538.364821	0	456
1538.414826	0	456
1538.464831	0	456
1538.514836	0	456
1538.564841	0	456
1538.614846	0	456
1538.664851	0	456
1538.714856	0	456
1538.764861	0	456
1538.814866	0	456
1538.864871	0	456
1538.914876	0	456
1538.964881	0	456
1539.014886	0	456
1539.064891	0	456
1539.114896	0	456
1539.164901	0	456
1539.214906	0	456
1539.264911	0	456
1539.314916	0	456
1539.364921	0	456
1539.414926	0	456
1539.464931	0	456
1539.514936	0	456
1539.564941	0	456
1539.614946	0	456
1539.664951	0	456
1539.714956	0	456
1539.764961	0	456
1539.814966	0	456
1539.864971	0	456
1539.914976	0	456
1539.964981	0	456
1540.014986	0	456
1540.064991	0	456
1540.114996	0	456
1540.165001	0	456
1540.215006	0	456
1540.265011	0	456
1540.315016	0	456
1540.365021	0	456
1540.415026	0	456
1540.465031	0	456
1540.515036	0	456
1540.565041	0	456
1540.615046	0	456
1540.665051	0	456
1540.715056	0	456
1540.765061	0	456
1540.815066	0	456
1540.865071	0	456
1540.915076	0	456
1540.965081	0	456
1541.015086	0	456
1541.065091	0	456
1541.115096	0	456
1541.165101	0	456
1541.215106	0	456
1541.265111	0	456
1541.315116	0	456
1541.365121	0	456
1541.415126	0	456
1541.465131	0	456
1541.515136	0	456
1541.565141	0	456
1541.615146	0	456
1541.665151	0	456
1541.715156	0	456
1541.765161	0	456
1541.815166	0	456
1541.865171	0	456
1541.915176	0	456
1541.965181	0	456
1542.015186	0	456
1542.065191	0	456
1542.115196	0	456
1542.165201	0	456
1542.215206	0	456
1542.265211	0	456
1542.315216	0	456
1542.365221	0	456
1542.415226	0	456
1542.465231	0	456
1542.515236	0	456
1542.565241	0	456
1542.615246	0	456
1542.665251	0	456
1542.715256	0	456
1542.765261	0	456
1542.815266	0	456
1542.865271	0	456
1542.915276	0	456
1542.965281	0	456
1543.015286	0	456
1543.065291	0	456
1543.115296	0	456
1543.165301	0	456
1543.215306	0	456
1543.265311	0	456
1543.315316	0	456
1543.365321	0	456
1543.415326	0	456
1543.465331	0	456
1543.515336	0	456
1543.565341	0	456
1543.615346	0	456
1543.665351	0	456
1543.715356	0	456
1543.765361	0	456
1543.815366	0	456
1543.865371	0	456
1543.915376	0	456
1543.965381	0	456
1544.015386	0	456
1544.065391	0	456
1544.115396	0	456
1544.165401	0	456
1544.215406	0	456
1544.265411	0	456
1544.315416	0	456
1544.365421	0	456
1544.415426	0	456
1544.465431	0	456
1544.515436	0	456
1544.565441	0	456
1544.615446	0	456
1544.665451	0	456
1544.715456	0	456
1544.765461	0	456
1544.815466	0	456
1544.865471	0	456
1544.915476	0	456
1544.965481	0	456
1545.015486	0	456
1545.065491	0	456
1545.115496	0	456
1545.165501	0	456
1545.215506	0	456
1545.265511	0	456
1545.315516	0	456
1545.365521	0	456
1545.415526	0	456
1545.465531	0	456
1545.515536	0	456
1545.565541	0	456
1545.615546	0	456
1545.665551	0	456
1545.715556	0	456
1545.765561	0	456
1545.815566	0	456
1545.865571	0	456
1545.915576	0	456
1545.965581	0	456
1546.015586	0	456
1546.065591	0	456
1546.115596	0	456
1546.165601	0	456
1546.215606	0	456
1546.265611	0	456
1546.315616	0	456
1546.365621	0	456
1546.415626	0	456
1546.465631	0	456
1546.515636	0	456
1546.565641	0	456
1546.615646	0	456
1546.665651	0	456
1546.715656	0	456
1546.765661	0	456
1546.815666	0	456
1546.865671	0	456
1546.915676	0	456
1546.965681	0	456
1547.015686	0	456
1547.065691	0	456
1547.115696	0	456
1547.165701	0	456
1547.215706	0	456
1547.265711	0	456
1547.315716	0	456
1547.365721	0	456
1547.415726	0	456
1547.464731	0	456
1547.514736	0	456
1547.564741	0	456
1547.614746	0	456
1547.664751	0	456
1547.714756	0	456
1547.764761	0	456
1547.814766	0	456
1547.864771	0	456
1547.914776	0	456
1547.964781	0	456
1548.014786	0	456
1548.064791	0	456
1548.114796	0	456
1548.164801	0	456
1548.214806	0	456
1548.264811	0	456
1548.314816	0	456
1548.364821	0	456
1548.414826	0	456
1548.464831	0	456
1548.514836	0	456
1548.564841	0	456
1548.614846	0	456
1548.664851	0	456
1548.714856	0	456
1548.764861	0	456
1548.840868	0	456
1548.864871	0	456
1548.915876	0	456
1548.965881	0	456
1549.015886	0	456
1549.065891	0	456
1549.115896	0	456
1549.165901	0	456
1549.215906	0	456
1549.265911	0	456
1549.315916	0	456
1549.365921	0	456
1549.415926	0	456
1549.465931	0	456
1549.515936	0	456
1549.565941	0	456
1549.615946	0	456
1549.665951	0	456
1549.715956	0	456
1549.765961	0	456
1549.815966	0	456
1549.865971	0	456
1549.915976	0	456
1549.965981	0	456
1550.015986	0	456
1550.065991	0	456
1550.115996	0	456
1550.166001	0	456
1550.216006	0	456
1550.266011	0	456
1550.316016	0	456
1550.366021	0	456
1550.416026	0	456
1550.466031	0	456
1550.516036	0	456
1550.566041	0	456
1550.616046	0	456
1550.666051	0	456
1550.716056	0	456
1550.766061	0	456
1550.816066	0	456
1550.866071	0	456
1550.916076	0	456
1550.966081	0	456
1551.016086	0	456
1551.066091	0	456
1551.116096	0	456
1551.166101	0	456
1551.216106	0	456
1551.266111	0	456
1551.316116	0	456
1551.366121	0	456
1551.416126	0	456
1551.466131	0	456
1551.516136	0	456
1551.566141	0	456
1551.616146	0	456
1551.666151	0	456
1551.716156	0	456
1551.766161	0	456
1551.816166	0	456
1551.866171	0	456
1551.916176	0	456
1551.966181	0	456
1552.016186	0	456
1552.066191	0	456
1552.116196	0	456
1552.166201	0	456
1552.216206	0	456
1552.266211	0	456
1552.316216	0	456
1552.366221	0	456
1552.416226	0	456
1552.466231	0	456
1552.516236	0	456
1552.566241	0	456
1552.616246	0	456
1552.666251	0	456
1552.716256	0	456
1552.766261	0	456
1552.816266	0	456
1552.866271	0	456
1552.916276	0	456
1552.966281	0	456
1553.016286	0	456
1553.066291	0	456
1553.116296	0	456
1553.166301	0	456
1553.216306	0	456
1553.266311	0	456
1553.316316	0	456
1553.366321	0	456
1553.416326	0	456
1553.466331	0	456
1553.516336	0	456
1553.566341	0	456
1553.616346	0	456
1553.666351	0	456
1553.716356	0	456
1553.766361	0	456
1553.816366	0	456
1553.866371	0	456
1553.916376	0	456
1553.966381	0	456
1554.016386	0	456
1554.066391	0	456
1554.116396	0	456
1554.166401	0	456
1554.216406	0	456
1554.266411	0	456
1554.316416	0	456
1554.366421	0	456
1554.416426	0	456
1554.466431	0	456
1554.516436	0	456
1554.566441	0	456
1554.616446	0	456
1554.666451	0	456
1554.716456	0	456
1554.766461	0	456
1554.816466	0	456
1554.866471	0	456
1554.995484	0	456
1555.016486	0	456
1555.072492	0	456
1555.116496	0	456
1555.166501	0	456
1555.216506	0	456
1555.266511	0	456
1555.316516	0	456
1555.366521	0	456
1555.416526	0	456
1555.466531	0	456
1555.516536	0	456
1555.566541	0	456
1555.616546	0	456
1555.666551	0	456
1555.716556	0	456
1555.766561	0	456
1555.816566	0	456
1555.866571	0	456
1555.916576	0	456
1555.966581	0	456
1556.016586	0	456
1556.066591	0	456
1556.116596	0	456
1556.166601	0	456
1556.216606	0	456
1556.266611	0	456
1556.316616	0	456
1556.366621	0	456
1556.416626	0	456
1556.466631	0	456
1556.516636	0	456
1556.566641	0	456
1556.616646	0	456
1556.666651	0	456
1556.716656	0	456
1556.766661	0	456
1556.816666	0	456
1556.866671	0	456
1556.916676	0	456
1556.966681	0	456
1557.016686	0	456
1557.066691	0	456
1557.116696	0	456
1557.166701	0	456
1557.216706	0	456
1557.266711	0	456
1557.316716	0	456
1557.366721	0	456
1557.416726	0	456
1557.466731	0	456
1557.516736	0	456
1557.566741	0	456
1557.616746	0	456
1557.666751	0	456
1557.716756	0	456
1557.766761	0	456
1557.816766	0	456
1557.866771	0	456
1557.916776	0	456
1557.966781	0	456
1558.016786	0	456
1558.066791	0	456
1558.116796	0	456
1558.166801	0	456
1558.216806	0	456
1558.266811	0	456
1558.316816	0	456
1558.366821	0	456
1558.416826	0	456
1558.466831	0	456
1558.516836	0	456
1558.566841	0	456
1558.616846	0	456
1558.666851	0	456
1558.716856	0	456
1558.766861	0	456
1558.816866	0	456
1558.866871	0	456
1558.916876	0	456
1558.966881	0	456
1559.016886	0	456
1559.066891	0	456
1559.116896	0	456
1559.166901	0	456
1559.216906	0	456
1559.266911	0	456
1559.316916	0	456
1559.366921	0	456
1559.416926	0	456
1559.466931	0	456
1559.516936	0	456
1559.566941	0	456
1559.616946	0	456
1559.666951	0	456
1559.716956	0	456
1559.766961	0	456
1559.816966	0	456
1559.866971	0	456
1559.916976	0	456
1559.966981	0	456
1560.016986	0	456
1560.066991	0	456
1560.116996	0	456
1560.167001	0	456
1560.217006	0	456
1560.267011	0	456
1560.317016	0	456
1560.367021	0	456
1560.417026	0	456
1560.467031	0	456
1560.517036	0	456
1560.567041	0	456
1560.617046	0	456
1560.667051	0	456
1560.717056	0	456
1560.767061	0	456
1560.817066	0	456
1560.867071	0	456
1560.917076	0	456
1560.967081	0	456
1561.017086	0	456
1561.067091	0	456
1561.117096	0	456
1561.167101	0	456
1561.217106	0	456
1561.267111	0	456
1561.317116	0	456
1561.367121	0	456
1561.417126	0	456
1561.467131	0	456
1561.517136	0	456
1561.567141	0	456
1561.617146	0	456
1561.667151	0	456
1561.717156	0	456
1561.767161	0	456
1561.817166	0	456
1561.867171	0	456
1561.917176	0	456
1561.967181	0	456
1562.017186	0	456
1562.067191	0	456
1562.117196	0	456
1562.167201	0	456
1562.217206	0	456
1562.267211	0	456
1562.317216	0	456
1562.367221	0	456
1562.417226	0	456
1562.467231	0	456
1562.517236	0	456
1562.567241	0	456
1562.617246	0	456
1562.667251	0	456
1562.717256	0	456
1562.767261	0	456
1562.817266	0	456
1562.867271	0	456
1562.917276	0	456
1562.967281	0	456
1563.017286	0	456
1563.067291	0	456
1563.117296	0	456
1563.167301	0	456
1563.217306	0	456
1563.267311	0	456
1563.317316	0	456
1563.367321	0	456
1563.417326	0	456
1563.467331	0	456
1563.517336	0	456
1563.567341	0	456
1563.617346	0	456
1563.667351	0	456
1563.717356	0	456
1563.767361	0	456
1563.817366	0	456
1563.867371	0	456
1563.917376	0	456
1563.967381	0	456
1564.017386	0	456
1564.067391	0	456
1564.117396	0	456
1564.167401	0	456
1564.217406	0	456
1564.267411	0	456
1564.317416	0	456
1564.367421	0	456
1564.417426	0	456
1564.467431	0	456
1564.517436	0	456
1564.567441	0	456
1564.617446	0	456
1564.667451	0	456
1564.717456	0	456
1564.767461	0	456
1564.817466	0	456
1564.867471	0	456
1564.917476	0	456
1564.966481	0	456
1565.016486	0	456
1565.066491	0	580
1565.116496	0	580
1565.166501	0	580
1565.216506	0	580
1565.266511	0	300
1565.316516	0	80
1565.366521	0	0
1565.416526	0	0
1565.466531	0	0
1565.516536	0	0
1565.566541	0	0
1565.616546	0	0
1565.666551	0	0
1565.716556	0	0
1565.766561	0	0
1565.816566	0	0
1565.866571	0	0
1565.916576	0	0
1565.966581	0	0
1566.016586	0	0
1566.066591	0	0
1566.116596	0	0
1566.166601	0	0
1566.216606	0	0
1566.266611	0	0
1566.316616	0	0
1566.366621	0	0
1566.416626	0	0
1566.466631	0	0
1566.516636	0	0
1566.566641	0	0
1566.616646	0	48
1566.666651	0	236
1566.716656	0	236
1566.766661	0	236
1566.816666	0	236
1566.866671	0	236
1566.916676	0	236
1566.966681	0	236
1567.016686	0	236
1567.066691	0	236
1567.116696	0	236
1567.166701	0	236
1567.216706	0	236
1567.266711	0	236
1567.316716	0	236
1567.366721	0	236
1567.416726	0	236
1567.466731	0	236
1567.516736	0	236
1567.566741	0	236
1567.616746	0	236
1567.666751	0	236
1567.716756	0	236
1567.766761	0	236
1567.816766	0	236
1567.866771	0	236
1567.916776	0	236
1567.966781	0	276
1568.016786	0	308
1568.066791	0	308
1568.116796	0	308
1568.166801	0	308
1568.216806	0	308
1568.266811	0	800
1568.316816	0	808
1568.366821	0	808
1568.416826	0	808
1568.466831	0	808
1568.516836	0	808
1568.566841	0	808
1568.616846	0	808
1568.666851	0	808
1568.716856	0	684
1568.766861	0	488
1568.816866	0	448
1568.866871	0	448
1568.916876	0	448
1568.966881	0	448
1569.016886	0	448
1569.066891	0	448
1569.116896	0	448
1569.166901	0	448
1569.216906	0	448
1569.266911	0	448
1569.316916	0	448
1569.366921	0	448
1569.416926	0	448
1569.466931	0	448
1569.516936	0	448
1569.566941	0	448
1569.616946	0	448
1569.666951	0	448
1569.716956	0	448
1569.766961	0	448
1569.816966	0	448
1569.866971	0	448
1569.916976	0	448
1569.966981	0	448
1570.016986	0	448
1570.066991	0	448
1570.116996	0	524
1570.167001	0	524
1570.217006	0	524
1570.267011	0	524
1570.317016	0	524
1570.367021	0	524
1570.417026	0	524
1570.467031	0	628
1570.517036	0	768
1570.567041	0	840
1570.617046	0	840
1570.667051	0	840
1570.717056	0	840
1570.767061	0	840
1570.817066	0	956
1570.867071	0	1236
1570.917076	0	1440
1570.967081	0	1528
1571.017086	-424	1636
1571.067091	-424	1636
1571.117096	-424	1636
1571.167101	-436	1636
1571.217106	-516	1636
1571.267111	-632	1636
1571.317116	-648	1636
1571.367121	-648	1636
1571.417126	-648	1636
1571.467131	-648	1636
1571.517136	-648	1636
1571.567141	-648	1636
1571.617146	-648	1636
1571.667151	-648	1636
1571.717156	-648	1636
1571.767161	-644	1636
1571.817166	-556	1636
1571.867171	-532	1636
1571.917176	-500	1636
1571.967181	-500	1636
1572.017186	-500	1680
1572.067191	-500	1708
1572.117196	-448	1788
1572.167201	-416	1836
1572.217206	-300	1888
1572.267211	-172	2024
1572.317216	-152	2304
1572.367221	-152	2436
1572.417226	-84	2580
1572.467231	17	2816
1572.517236	105	3060
1572.567241	149	3296
1572.617246	201	3408
1572.667251	277	3412
1572.717256	309	3412
1572.767261	349	3412
1572.817266	349	3464
1572.867271	405	3528
1572.917276	405	3628
1572.967281	405	3636
1573.017286	413	3636
1573.067291	429	3636
1573.117296	533	3800
1573.167301	593	3916
1573.217306	653	3964
1573.267311	689	4192
1573.317316	697	4260
1573.367321	705	4260
1573.417326	717	4336
1573.467331	717	4336
1573.517336	733	4444
1573.567341	825	4600
1573.617346	865	4696
1573.667351	901	4708
1573.717356	901	4736
1573.767361	941	4776
1573.817366	949	4820
1573.867371	1021	4964
1573.917376	1033	5052
1573.967381	1053	5096
1574.017386	1081	5096
1574.067391	1081	5096
1574.117396	1105	5096
1574.167401	1133	5096
1574.217406	1133	5096
1574.267411	1133	5096
1574.317416	1133	5096
1574.367421	1133	5096
1574.417426	1173	5096
1574.467431	1173	5096
1574.517436	1177	5120
1574.567441	1181	5140
1574.617446	1201	5164
1574.667451	1221	5184
1574.717456	1305	5244
1574.767461	1369	5332
1574.817466	1385	5400
1574.867471	1425	5400
1574.917476	1425	5400
1574.967481	1433	5408
1575.017486	1433	5440
1575.067491	1445	5460
1575.117496	1469	5468
1575.167501	1493	5480
1575.217506	1493	5524
1575.267511	1493	5524
1575.317516	1513	5548
1575.367521	1513	5556
1575.417526	1513	5556
1575.467531	1513	5556
1575.517536	1513	5556
1575.567541	1513	5556
1575.617546	1513	5556
1575.667551	1513	5556
1575.717556	1513	5556
1575.767561	1521	5556
1575.817566	1521	5556
1575.867571	1521	5556
1575.917576	1525	5556
1575.967581	1525	5556
1576.017586	1525	5556
1576.067591	1525	5556
1576.117596	1525	5556
1576.167601	1525	5556
1576.217606	1525	5572
1576.267611	1525	5592
1576.317616	1525	5612
1576.367621	1525	5612
1576.417626	1525	5656
1576.467631	1525	5656
1576.517636	1537	5656
1576.567641	1549	5720
1576.617646	1597	5772
1576.667651	1649	5836
1576.717656	1665	5888
1576.767661	1665	5892
1576.817666	1669	5892
1576.867671	1669	5892
1576.917676	1669	5892
1576.967681	1677	5892
1577.017686	1677	5892
1577.067691	1677	5892
1577.117696	1677	5892
1577.167701	1677	5892
1577.217706	1677	5892
1577.267711	1677	6008
1577.317716	1677	6176
1577.367721	1677	6420
1577.417726	1677	6572
1577.467731	1677	6576
1577.517736	1677	6584
1577.567741	1677	6584
1577.617746	1677	6584
1577.667751	1677	6592
1577.717756	1677	6632
1577.767761	1677	6632
1577.817766	1677	6632
1577.867771	1677	6632
1577.917776	1677	6632
1577.967781	1677	6632
1578.017786	1677	6632
1578.067791	1677	6632
1578.117796	1677	6592
1578.167801	1665	6536
1578.217806	1513	6452
1578.267811	1133	6452
1578.317816	745	6452
1578.367821	149	6452
1578.417826	-24	6452
1578.467831	-44	6452
1578.517836	-44	6452
1578.567841	-44	6452
1578.617846	-44	6336
1578.667851	-44	6188
1578.717856	-44	6096
1578.767861	-44	6016
1578.817866	-44	5920
1578.867871	-44	5704
1578.917876	-44	5592
1578.967881	-44	5528
1579.017886	-44	5480
1579.067891	-44	5424
1579.117896	-44	5424
1579.167901	-44	5424
1579.217906	-44	5424
1579.267911	-44	5424
1579.317916	-44	5424
1579.367921	-44	5404
1579.417926	-44	5380
1579.467931	-44	5344
1579.517936	-44	5300
1579.567941	-44	5276
1579.617946	-44	5224
1579.667951	-44	5100
1579.717956	-44	4968
1579.767961	-44	4856
1579.817966	-44	4844
1579.867971	-44	4828
1579.917976	-44	4828
1579.967981	-44	4824
1580.017986	-44	4824
1580.067991	-44	4824
1580.117996	-44	4824
1580.168001	-44	4824
1580.218006	-44	4824
1580.268011	-44	4824
1580.318016	-44	4824
1580.368021	-44	4824
1580.418026	-44	4824
1580.468031	-44	4824
1580.518036	-44	4824
1580.568041	-44	4824
1580.618046	-44	4864
1580.668051	-44	4868
1580.718056	-44	4904
1580.768061	-44	4956
1580.818066	-44	5008
1580.868071	-24	5136
1580.918076	29	5204
1580.968081	113	5276
1581.018086	137	5348
1581.068091	205	5440
1581.118096	273	5520
1581.168101	337	5564
1581.218106	353	5596
1581.268111	353	5596
1581.318116	353	5596
1581.368121	353	5596
1581.418126	353	5596
1581.468131	353	5596
1581.518136	353	5596
1581.568141	353	5596
1581.618146	353	5596
1581.668151	353	5596
1581.718156	353	5596
1581.768161	353	5596
1581.818166	353	5596
1581.868171	353	5596
1581.918176	353	5596
1581.968181	369	5596
1582.018186	369	5596
1582.068191	369	5596
1582.118196	369	5596
1582.168201	369	5596
1582.218206	369	5596
1582.268211	369	5596
1582.318216	369	5596
1582.368221	369	5596
1582.417226	373	5584
1582.467231	373	5584
1582.517236	373	5580
1582.567241	373	5560
1582.617246	373	5560
1582.667251	373	5560
1582.717256	373	5560
1582.767261	373	5560
1582.817266	373	5560
1582.867271	373	5560
1582.917276	373	5560
1582.967281	373	5540
1583.017286	373	5540
1583.067291	373	5540
1583.117296	373	5532
1583.167301	373	5532
1583.217306	373	5532
1583.267311	373	5524
1583.317316	373	5524
1583.367321	373	5524
1583.417326	373	5524
1583.467331	373	5524
1583.517336	373	5524
1583.567341	373	5524
1583.617346	373	5524
1583.667351	373	5524
1583.717356	373	5524
1583.767361	373	5524
1583.817366	373	5516
1583.867371	373	5516
1583.917376	373	5516
1583.967381	373	5516
1584.017386	373	5512
1584.067391	373	5504
1584.117396	373	5500
1584.167401	373	5500
1584.217406	373	5500
1584.267411	373	5500
1584.317416	373	5472
1584.367421	373	5472
1584.417426	373	5472
1584.467431	373	5472
1584.517436	373	5468
1584.567441	373	5456
1584.617446	373	5452
1584.667451	373	5448
1584.717456	373	5440
1584.767461	373	5420
1584.817466	373	5416
1584.867471	373	5392
1584.917476	373	5380
1584.967481	373	5380
1585.017486	373	5364
1585.067491	373	5364
1585.117496	373	5348
1585.167501	373	5324
1585.217506	373	5312
1585.267511	373	5288
1585.317516	373	5272
1585.367521	373	5272
1585.417526	373	5264
1585.467531	373	5252
1585.517536	373	5232
1585.567541	373	5232
1585.617546	373	5220
1585.667551	373	5220
1585.717556	373	5220
1585.767561	373	5220
1585.817566	373	5220
1585.867571	373	5220
1585.917576	373	5220
1585.967581	373	5220
1586.017586	401	5220
1586.067591	401	5220
1586.117596	401	5220
1586.167601	401	5220
1586.217606	401	5220
1586.267611	401	5220
1586.317616	401	5220
1586.367621	401	5220
1586.417626	401	5220
1586.467631	401	5220
1586.517636	401	5220
1586.567641	401	5220
1586.617646	401	5220
1586.667651	401	5220
1586.717656	401	5208
1586.767661	401	5208
1586.817666	401	5200
1586.867671	401	5200
1586.917676	401	5200
1586.967681	401	5200
1587.017686	401	5200
1587.067691	401	5200
1587.117696	401	5200
1587.167701	401	5200
1587.217706	401	5200
1587.267711	401	5200
1587.317716	401	5200
1587.367721	401	5200
1587.417726	401	5200
1587.467731	401	5200
1587.517736	401	5200
1587.567741	401	5200
1587.617746	401	5200
1587.667751	401	5200
1587.717756	401	5200
1587.767761	401	5200
1587.817766	401	5200
1587.867771	401	5200
1587.917776	401	5200
1587.967781	401	5200
1588.017786	401	5200
1588.067791	401	5200
1588.117796	401	5200
1588.167801	401	5200
1588.217806	401	5200
1588.267811	401	5200
1588.317816	401	5200
1588.367821	401	5200
1588.417826	401	5200
1588.467831	401	5200
1588.517836	401	5200
1588.567841	401	5200
1588.617846	401	5200
1588.667851	401	5200
1588.717856	401	5200
1588.767861	401	5200
1588.817866	401	5200
1588.867871	401	5200
1588.917876	401	5200
1588.967881	401	5200
1589.017886	401	5200
1589.067891	401	5200
1589.117896	401	5200
1589.167901	401	5200
1589.217906	401	5200
1589.267911	401	5200
1589.317916	401	5200
1589.367921	401	5200
1589.417926	401	5200
1589.467931	401	5200
1589.517936	401	5200
1589.567941	401	5200
1589.617946	401	5200
1589.667951	401	5200
1589.717956	401	5200
1589.767961	401	5200
1589.817966	401	5200
1589.867971	401	5200
1589.917976	401	5200
1589.967981	401	5200
1590.017986	401	5200
1590.067991	401	5200
1590.117996	401	5200
1590.168001	401	5200
1590.218006	401	5200
1590.268011	401	5200
1590.318016	401	5200
1590.368021	401	5200
1590.418026	401	5200
1590.468031	401	5200
1590.518036	401	5200
1590.568041	401	5200
1590.618046	401	5200
1590.668051	401	5200
1590.718056	401	5200
1590.768061	401	5200
1590.818066	401	5200
1590.868071	401	5200
1590.918076	401	5200
1590.968081	401	5200
1591.018086	401	5200
1591.068091	401	5200
1591.118096	401	5200
1591.168101	401	5200
1591.218106	401	5200
1591.268111	401	5200
1591.318116	401	5200
1591.368121	401	5200
1591.418126	401	5200
1591.468131	401	5200
1591.518136	401	5200
1591.568141	401	5200
1591.618146	401	5200
1591.668151	401	5200
1591.718156	401	5200
1591.768161	401	5200
1591.818166	401	5200
1591.868171	401	5200
1591.918176	401	5200
1591.968181	401	5200
1592.018186	401	5200
1592.068191	401	5200
1592.118196	401	5200
1592.168201	401	5200
1592.218206	401	5200
1592.268211	401	5200
1592.318216	401	5200
1592.368221	401	5200
1592.418226	401	5200
1592.468231	401	5200
1592.518236	401	5200
1592.568241	401	5200
1592.618246	401	5200
1592.668251	401	5200
1592.718256	401	5200
1592.768261	401	5200
1592.818266	401	5200
1592.868271	401	5200
1592.918276	401	5200
1592.968281	401	5200
1593.018286	401	5200
1593.068291	401	5200
1593.118296	401	5200
1593.168301	401	5200
1593.218306	401	5200
1593.268311	401	5200
1593.318316	401	5200
1593.368321	401	5200
1593.418326	401	5200
1593.468331	401	5200
1593.518336	401	5200
1593.568341	401	5200
1593.618346	401	5200
1593.668351	401	5200
1593.718356	401	5200
1593.768361	401	5200
1593.818366	401	5200
1593.868371	401	5200
1593.918376	401	5200
1593.968381	401	5200
1594.018386	401	5200
1594.068391	401	5200
1594.118396	401	5200
1594.168401	401	5200
1594.218406	401	5200
1594.268411	401	5200
1594.318416	401	5200
1594.368421	401	5200
1594.418426	401	5200
1594.468431	401	5200
1594.518436	401	5200
1594.568441	401	5200
1594.618446	401	5200
1594.668451	401	5200
1594.718456	401	5200
1594.768461	401	5200
1594.818466	401	5200
1594.868471	401	5200
1594.918476	401	5200
1594.968481	401	5200
1595.018486	401	5200
1595.068491	401	5200
1595.118496	401	5200
1595.168501	401	5200
1595.218506	401	5200
1595.268511	401	5200
1595.318516	401	5200
1595.368521	401	5200
1595.418526	401	5200
1595.468531	401	5200
1595.518536	401	5200
1595.568541	401	5200
1595.618546	401	5200
1595.668551	401	5200
1595.718556	401	5200
1595.768561	401	5200
1595.818566	401	5200
1595.868571	401	5200
1595.918576	401	5200
1595.968581	401	5200
1596.018586	401	5200
1596.068591	401	5200
1596.118596	401	5200
1596.168601	401	5200
1596.218606	401	5200
1596.268611	401	5200
1596.318616	401	5184
1596.368621	401	5184
1596.418626	401	5184
1596.468631	401	5184
1596.518636	401	5184
1596.568641	401	5184
1596.618646	401	5184
1596.668651	401	5184
1596.718656	401	5184
1596.768661	401	5184
1596.818666	401	5184
1596.868671	401	5184
1596.918676	401	5184
1596.968681	401	5184
1597.018686	401	5184
1597.068691	401	5184
1597.118696	401	5184
1597.168701	401	5184
1597.218706	401	5184
1597.268711	401	5184
1597.318716	401	5184
1597.368721	401	5184
1597.418726	401	5184
1597.468731	401	5184
1597.518736	401	5184
1597.568741	401	5184
1597.618746	401	5184
1597.668751	401	5184
1597.718756	401	5184
1597.768761	401	5184
1597.818766	401	5184
1597.868771	401	5184
1597.918776	401	5184
1597.968781	401	5184
1598.018786	401	5184
1598.068791	401	5184
1598.118796	401	5184
1598.168801	401	5184
1598.218806	401	5184
1598.268811	401	5184
1598.318816	401	5184
1598.368821	401	5184
1598.418826	401	5184
1598.468831	401	5184
1598.518836	401	5184
1598.568841	401	5184
1598.618846	401	5184
1598.668851	429	5184
1598.718856	521	5184
1598.768861	569	5184
1598.818866	625	5184
1598.868871	697	5184
1598.918876	749	5184
1598.968881	805	5184
1599.018886	921	5184
1599.068891	1265	5184
1599.118896	1661	5184
1599.168901	1989	5184
1599.218906	2273	5184
1599.268911	2389	5172
1599.318916	2425	5172
1599.368921	2517	5172
1599.418926	2617	5172
1599.468931	2725	5172
1599.518936	2749	5172
1599.568941	2821	5172
1599.618946	2849	5172
1599.668951	2925	5172
1599.718956	2989	5172
1599.768961	3013	5172
1599.818966	3017	5172
1599.868971	3033	5172
1599.917976	3089	5172
1599.967981	3125	5140
1600.017986	3165	5108
1600.067991	3213	5056
1600.117996	3233	5024
1600.168001	3233	4992
1600.218006	3233	4952
1600.268011	3233	4848
1600.318016	3425	4656
1600.368021	3661	4520
1600.418026	3745	4492
1600.468031	3805	4492
1600.518036	3805	4492
1600.568041	3805	4492
1600.618046	3805	4492
1600.668051	3805	4492
1600.718056	3805	4492
1600.768061	3805	4492
1600.818066	3805	4492
1600.868071	3805	4492
1600.918076	3805	4492
1600.968081	3805	4492
1601.018086	3805	4492
1601.068091	3805	4492
1601.118096	3805	4492
1601.168101	3805	4492
1601.218106	3805	4492
1601.268111	3805	4492
1601.318116	3805	4492
1601.368121	3805	4492
1601.418126	3805	4492
1601.468131	3805	4492
1601.518136	3805	4492
1601.568141	3805	4492
1601.618146	3805	4492
1601.668151	3805	4492
1601.718156	3805	4492
1601.768161	3805	4492
1601.818166	3805	4492
1601.868171	3805	4492
1601.918176	3805	4492
1601.968181	3805	4492
1602.018186	3805	4492
1602.068191	3805	4492
1602.118196	3805	4492
1602.168201	3805	4492
1602.218206	3805	4492
1602.268211	3805	4492
1602.318216	3805	4492
1602.368221	3805	4492
1602.418226	3805	4492
1602.468231	3805	4492
1602.518236	3805	4492
1602.568241	3805	4492
1602.618246	3805	4492
1602.668251	3805	4492
1602.718256	3805	4492
1602.768261	3805	4492
1602.818266	3805	4492
1602.868271	3805	4492
1602.918276	3805	4492
1602.968281	3805	4492
1603.018286	3805	4492
1603.068291	3805	4492
1603.118296	3805	4492
1603.168301	3805	4524
1603.218306	3805	4524
1603.268311	3805	4532
1603.318316	3805	4556
1603.368321	3805	4556
1603.418326	3805	4556
1603.468331	3805	4560
1603.518336	3805	4568
1603.568341	3805	4572
1603.618346	3805	4580
1603.668351	3805	4580
1603.718356	3805	4580
1603.768361	3805	4580
1603.818366	3805	4580
1603.868371	3805	4580
1603.918376	3805	4580
1603.968381	3805	4580
1604.018386	3805	4588
1604.068391	3805	4588
1604.118396	3805	4628
1604.168401	3805	4636
1604.218406	3805	4636
1604.268411	3805	4648
1604.318416	3805	4648
1604.368421	3805	4648
1604.418426	3805	4648
1604.468431	3805	4648
1604.518436	3805	4648
1604.568441	3805	4648
1604.618446	3805	4648
1604.668451	3805	4648
1604.718456	3805	4648
1604.774461	3805	4648
1604.818466	3805	4648
1604.868471	3805	4656
1604.918476	3805	4736
1604.968481	3805	4768
1605.018486	3805	4804
1605.068491	3805	4804
1605.118496	3805	4804
1605.168501	3805	4824
1605.218506	3805	4832
1605.268511	3805	4848
1605.318516	3805	4864
1605.368521	3805	4872
1605.418526	3805	4900
1605.468531	3805	4936
1605.518536	3805	4944
1605.568541	3805	4944
1605.618546	3805	4960
1605.668551	3805	4968
1605.718556	3805	4976
1605.768561	3805	5000
1605.818566	3805	5016
1605.868571	3805	5032
1605.918576	3805	5048
1605.968581	3805	5048
1606.018586	3805	5048
1606.068591	3805	5052
1606.118596	3805	5052
1606.168601	3805	5052
1606.218606	3805	5052
1606.268611	3805	5052
1606.318616	3805	5052
1606.368621	3805	5052
1606.418626	3805	5052
1606.468631	3805	5052
1606.518636	3805	5052
1606.568641	3805	5052
1606.618646	3805	5052
1606.668651	3805	5052
1606.718656	3805	5056
1606.768661	3805	5060
1606.818666	3805	5084
1606.868671	3805	5096
1606.918676	3805	5104
1606.968681	3805	5104
1607.018686	3805	5112
1607.068691	3805	5112
1607.118696	3805	5112
1607.168701	3805	5112
1607.218706	3805	5112
1607.268711	3805	5112
1607.318716	3805	5112
1607.368721	3805	5112
1607.418726	3805	5112
1607.468731	3805	5112
1607.518736	3805	5112
1607.568741	3805	5136
1607.618746	3805	5144
1607.668751	3805	5156
1607.718756	3805	5184
1607.768761	3805	5200
1607.818766	3805	5200
1607.868771	3805	5204
1607.918776	3805	5208
1607.968781	3805	5212
1608.018786	3805	5224
1608.068791	3805	5224
1608.118796	3805	5224
1608.168801	3805	5224
1608.218806	3809	5252
1608.268811	3809	5252
1608.318816	3809	5260
1608.368821	3809	5260
1608.418826	3809	5260
1608.468831	3817	5260
1608.518836	3817	5292
1608.568841	3817	5292
1608.618846	3817	5292
1608.668851	3817	5292
1608.718856	3833	5292
1608.768861	3833	5292
1608.823866	3837	5292
1608.868871	3837	5292
1608.918876	3845	5292
1608.968881	3845	5292
1609.018886	3845	5292
1609.068891	3845	5292
1609.118896	3845	5292
1609.168901	3845	5292
1609.218906	3845	5292
1609.268911	3845	5292
1609.318916	3845	5292
1609.368921	3845	5292
1609.418926	3845	5292
1609.468931	3845	5292
1609.518936	3845	5292
1609.568941	3845	5292
1609.618946	3845	5292
1609.668951	3845	5292
1609.718956	3845	5292
1609.768961	3845	5292
1609.818966	3845	5292
1609.868971	3845	5292
1609.918976	3845	5292
1609.968981	3845	5292
1610.018986	3845	5240
1610.068991	3845	4972
1610.118996	3845	4788
1610.169001	3845	4700
1610.219006	3845	4648
1610.269011	3845	4580
1610.319016	3845	4544
1610.369021	3845	4528
1610.419026	3845	4396
1610.469031	3845	4368
1610.519036	3845	4328
1610.569041	3845	4260
1610.619046	3845	4252
1610.669051	3845	4160
1610.719056	3845	4100
1610.769061	3845	4060
1610.819066	3845	4004
1610.869071	3845	4004
1610.919076	3845	4004
1610.969081	3845	4004
1611.019086	3845	4004
1611.069091	3845	4004
1611.119096	3845	4004
1611.169101	3845	4004
1611.219106	3845	4004
1611.269111	3845	4004
1611.319116	3845	4004
1611.369121	3845	4004
1611.419126	3845	4004
1611.469131	3845	4004
1611.519136	3845	4004
1611.569141	3845	4004
1611.619146	3845	4004
1611.669151	3845	4004
1611.719156	3845	4004
1611.769161	3845	4004
1611.819166	3845	4108
1611.869171	3845	4224
1611.919176	3845	4376
1611.969181	3845	4448
1612.019186	3845	4548
1612.069191	3845	4636
1612.119196	3845	4684
1612.169201	3845	4744
1612.219206	3845	4816
1612.269211	3845	4932
1612.319216	3845	5096
1612.369221	3877	5320
1612.419226	3909	5440
1612.469231	3909	5480
1612.519236	3909	5536
1612.569241	3921	5616
1612.619246	3969	5708
1612.669251	3969	5784
1612.719256	3969	5784
1612.769261	3969	5784
1612.819266	3969	5784
1612.869271	3969	5784
1612.919276	3969	5784
1612.969281	3969	5784
1613.019286	3969	5784
1613.069291	3969	5784
1613.119296	3969	5784
1613.169301	3969	5784
1613.219306	3969	5784
1613.269311	3969	5784
1613.319316	3969	5784
1613.369321	3969	5784
1613.419326	3969	5784
1613.469331	3969	5784
1613.519336	3969	5784
1613.569341	3969	5784
1613.619346	3969	5784
1613.669351	3969	5784
1613.719356	3969	5784
1613.769361	3969	5784
1613.819366	3969	5784
1613.869371	3969	5784
1613.919376	3969	5784
1613.969381	3969	5784
1614.019386	3969	5784
1614.069391	3969	5784
1614.119396	3969	5784
1614.169401	3969	5784
1614.219406	3969	5784
1614.269411	3969	5784
1614.319416	3969	5784
1614.369421	3969	5784
1614.419426	3969	5784
1614.469431	3969	5784
1614.519436	3969	5784
1614.569441	3969	5784
1614.619446	3969	5784
1614.669451	3969	5784
1614.719456	3969	5784
1614.769461	3969	5784
1614.819466	3969	5784
1614.869471	3969	5784
1614.919476	3969	5784
1614.969481	3969	5784
1615.019486	3969	5784
1615.069491	3969	5784
1615.119496	3969	5784
1615.169501	3969	5784
1615.219506	3969	5784
1615.269511	3969	5784
1615.319516	3969	5784
1615.369521	3969	5784
1615.419526	3969	5784
1615.469531	3969	5784
1615.519536	3969	5784
1615.569541	3969	5784
1615.619546	3969	5784
1615.669551	3969	5784
1615.719556	3969	5784
1615.769561	3969	5784
1615.819566	3969	5784
1615.869571	3969	5784
1615.919576	3969	5784
1615.969581	3969	5784
1616.019586	3969	5784
1616.069591	3969	5784
1616.119596	3969	5784
1616.169601	3969	5784
1616.219606	3969	5784
1616.269611	3969	5784
1616.319616	3969	5784
1616.369621	3969	5784
1616.419626	3969	5784
1616.469631	3969	5784
1616.519636	3969	5784
1616.569641	3969	5784
1616.619646	3969	5784
1616.669651	3969	5784
1616.719656	3969	5784
1616.769661	3969	5784
1616.819666	3969	5784
1616.869671	3969	5784
1616.919676	3969	5784
1616.969681	3969	5784
1617.019686	3969	5784
1617.069691	3969	5784
1617.119696	3969	5784
1617.169701	3969	5784
1617.219706	3969	5784
1617.269711	3969	5784
1617.319716	3969	5784
1617.369721	3969	5784
1617.418725	3969	5784
1617.468731	3969	5784
1617.518736	3969	5784
1617.568741	3969	5784
1617.618746	3969	5784
1617.668751	3969	5784
1617.718756	3969	5784
1617.768761	3969	5784
1617.818766	3969	5784
1617.868771	3969	5784
1617.918776	3969	5784
1617.968781	3969	5784
1618.018786	3969	5784
1618.068791	3969	5784
1618.118796	3969	5784
1618.168801	3969	5784
1618.218806	3969	5784
1618.268811	3969	5784
1618.318816	3969	5784
1618.368821	3969	5784
1618.418826	3969	5784
1618.468831	3969	5784
1618.518836	3969	5784
1618.568841	3969	5784
1618.618846	3969	5784
1618.668851	3969	5784
1618.718856	3969	5784
1618.768861	3969	5784
1618.818866	3969	5816
1618.868871	3969	5832
1618.918876	3969	5840
1618.968881	3969	5856
1619.018886	3969	5864
1619.068891	3969	5864
1619.118896	3969	5864
1619.168900	3969	5864
1619.218906	3969	5864
1619.268911	3969	5864
1619.318916	3969	5864
1619.368921	3969	5864
1619.418926	3969	5864
1619.468931	3969	5864
1619.518936	3969	5864
1619.568941	3969	5864
1619.618946	3969	5864
1619.668951	3969	5864
1619.718956	3969	5864
1619.768961	3969	5864
1619.818966	3969	5864
1619.868971	3969	5864
1619.918976	3969	5864
1619.968981	3969	5864
1620.018986	3969	5864
1620.068991	3969	5864
1620.118996	3969	5864
1620.169001	3969	5864
1620.219006	3969	5864
1620.269011	3969	5864
1620.319016	3969	5864
1620.369021	3969	5864
1620.419026	3969	5864
1620.469031	3969	5864
1620.519036	3969	5864
1620.569041	3969	5864
1620.619046	3969	5864
1620.669051	3969	5864
1620.719056	3969	5864
1620.769061	3969	5864
1620.819066	3969	5864
1620.869071	3969	5864
1620.919075	3969	5864
1620.969081	3969	5864
1621.019086	3969	5864
1621.069091	3969	5864
1621.119096	3969	5864
1621.169101	3969	5864
1621.219106	3969	5864
1621.269111	3969	5864
1621.319116	3969	5864
1621.369121	3969	5864
1621.419126	3969	5864
1621.469131	3969	5864
1621.519136	3969	5864
1621.569141	3969	5864
1621.619146	3969	5864
1621.669151	3969	5864
1621.719156	3969	5864
1621.769161	3969	5864
1621.819166	3969	5864
1621.869171	3969	5864
1621.919176	3969	5864
1621.969181	3969	5864
1622.019186	3969	5864
1622.069191	3969	5864
1622.119196	3969	5864
1622.169201	3969	5864
1622.219206	3969	5864
1622.269211	3969	5864
1622.319216	3969	5864
1622.369221	3969	5864
1622.419226	3969	5864
1622.469231	3969	5864
1622.519236	3969	5864
1622.569241	3969	5864
1622.619246	3969	5864
1622.669250	3969	5864
1622.719256	3969	5864
1622.769261	3969	5864
1622.819266	3969	5864
1622.869271	3969	5864
1622.919276	3969	5864
1622.969281	3969	5864
1623.019286	3969	5864
1623.069291	3969	5864
1623.119296	3969	5864
1623.169301	3969	5864
1623.219306	3969	5864
1623.269311	3969	5912
1623.319316	3969	5912
1623.369321	3969	5920
1623.419326	3969	5920
1623.469331	3969	5940
1623.519336	3969	5940
1623.569341	3969	5940
1623.619346	3969	5940
1623.669351	3969	5940
1623.719356	3969	5940
1623.769361	3969	5940
1623.819366	3969	5940
1623.869371	3969	5940
1623.919376	3969	5940
1623.969381	3969	5940
1624.019386	3969	5940
1624.069391	3969	5940
1624.119396	3969	5940
1624.169401	3969	5940
1624.219406	3969	5940
1624.269411	3969	5940
1624.319416	3969	5940
1624.369421	3969	5940
1624.419425	3969	5940
1624.469431	3969	5940
1624.519436	3969	5948
1624.569441	3969	5948
1624.619446	3969	5952
1624.669451	3969	5964
1624.719456	3969	5968
1624.769461	3969	5968
1624.819466	3969	5968
1624.869471	3969	6008
1624.919476	3969	6012
1624.969481	3969	6012
1625.019486	3969	6040
1625.069491	3969	6040
1625.119496	3969	6044
1625.169501	3969	6076
1625.219506	3969	6096
1625.269511	3969	6120
1625.319516	3969	6152
1625.369521	3969	6180
1625.419526	3969	6256
1625.469531	3969	6296
1625.519536	3969	6320
1625.569541	3969	6396
1625.619546	3941	6400
1625.669551	3941	6444
1625.719556	3941	6476
1625.769561	3921	6524
1625.819566	3921	6524
1625.869571	3905	6524
1625.919576	3905	6540
1625.969581	3905	6540
1626.019586	3905	6548
1626.069591	3905	6552
1626.119596	3901	6552
1626.169600	3901	6560
1626.219606	3901	6560
1626.269611	3897	6560
1626.319616	3897	6560
1626.369621	3897	6560
1626.419626	3897	6560
1626.469631	3897	6572
1626.519636	3897	6572
1626.569641	3889	6572
1626.619646	3889	6572
1626.669651	3885	6572
1626.719656	3885	6572
1626.769661	3869	6572
1626.819666	3869	6572
1626.869671	3865	6572
1626.919676	3865	6572
1626.969681	3865	6572
1627.019686	3865	6572
1627.069691	3865	6572
1627.119696	3865	6572
1627.169701	3865	6572
1627.219706	3865	6572
1627.269711	3865	6572
1627.319715	3865	6572
1627.369721	3865	6572
1627.419726	3865	6572
1627.469731	3865	6572
1627.519736	3865	6572
1627.569741	3865	6572
1627.619746	3865	6572
1627.669751	3865	6572
1627.719756	3865	6572
1627.769761	3865	6572
1627.819766	3865	6572
1627.869771	3865	6572
1627.919775	3865	6572
1627.969781	3865	6572
1628.019786	3865	6572
1628.069791	3857	6572
1628.119796	3857	6572
1628.169801	3853	6572
1628.219806	3841	6572
1628.269811	3833	6572
1628.319816	3833	6572
1628.369821	3833	6572
1628.419826	3833	6572
1628.469831	3833	6572
1628.519836	3833	6572
1628.569841	3833	6572
1628.619846	3833	6572
1628.669851	3833	6572
1628.719856	3833	6572
1628.769861	3833	6572
1628.819866	3833	6572
1628.869871	3833	6572
1628.919876	3833	6572
1628.969881	3833	6572
1629.019886	3833	6572
1629.069890	3833	6572
1629.119896	3805	6572
1629.169901	3805	6572
1629.219906	3801	6572
1629.269911	3793	6572
1629.319916	3793	6572
1629.369921	3789	6572
1629.419926	3773	6572
1629.469931	3749	6572
1629.519936	3749	6572
1629.569941	3749	6572
1629.619946	3749	6572
1629.669950	3737	6572
1629.719956	3729	6572
1629.769961	3729	6572
1629.819966	3725	6572
1629.869971	3725	6572
1629.919976	3717	6572
1629.969981	3717	6572
1630.019986	3697	6572
1630.069991	3693	6572
1630.119996	3677	6572
1630.170001	3665	6572
1630.220006	3637	6572
1630.270011	3625	6572
1630.320016	3553	6572
1630.370021	3521	6600
1630.420026	3489	6612
1630.470031	3429	6620
1630.520036	3413	6620
1630.570041	3401	6620
1630.620046	3381	6620
1630.670051	3377	6620
1630.720056	3373	6620
1630.770061	3373	6620
1630.820065	3373	6620
1630.870071	3373	6620
1630.920076	3373	6620
1630.970081	3373	6620
1631.020086	3373	6620
1631.070091	3373	6620
1631.120096	3373	6620
1631.170101	3373	6620
1631.220106	3373	6620
1631.270111	3373	6620
1631.320116	3373	6620
1631.370121	3373	6620
1631.420125	3373	6620
1631.470131	3373	6620
1631.520136	3373	6620
1631.570141	3373	6620
1631.620146	3373	6620
1631.670151	3373	6620
1631.720156	3373	6620
1631.770161	3373	6620
1631.820166	3373	6620
1631.870171	3373	6620
1631.920176	3373	6620
1631.970181	3373	6620
1632.020186	3373	6620
1632.070191	3373	6620
1632.120196	3373	6620
1632.170201	3373	6620
1632.220206	3373	6620
1632.270211	3373	6620
1632.320216	3373	6620
1632.370221	3373	6620
1632.420226	3373	6620
1632.470231	3373	6620
1632.520236	3373	6620
1632.570240	3373	6620
1632.620246	3373	6620
1632.670251	3373	6620
1632.720256	3373	6620
1632.770261	3373	6620
1632.820266	3373	6620
1632.870271	3373	6620
1632.920276	3373	6620
1632.970281	3373	6620
1633.020286	3373	6620
1633.070291	3373	6620
1633.120296	3373	6620
1633.170300	3373	6620
1633.220306	3373	6620
1633.270311	3373	6620
1633.320316	3373	6620
1633.370321	3373	6620
1633.420326	3373	6620
1633.470331	3373	6620
1633.520336	3373	6620
1633.570341	3373	6620
1633.620346	3373	6620
1633.670351	3373	6620
1633.720356	3373	6620
1633.770361	3373	6620
1633.820366	3373	6620
1633.870371	3373	6620
1633.920376	3373	6620
1633.970381	3373	6620
1634.020386	3373	6620
1634.070391	3373	6620
1634.120396	3373	6620
1634.170401	3373	6620
1634.220406	3373	6620
1634.270411	3373	6620
1634.320415	3373	6620
1634.370421	3373	6620
1634.420426	3373	6620
1634.470431	3373	6620
1634.520436	3373	6620
1634.570441	3373	6620
1634.620446	3373	6620
1634.670451	3373	6620
1634.720456	3373	6620
1634.770461	3373	6620
1634.820466	3373	6620
1634.869471	3373	6620
1634.919476	3373	6620
1634.969481	3373	6620
1635.019485	3373	6620
1635.069490	3373	6620
1635.119495	3373	6620
1635.169501	3373	6620
1635.219506	3373	6620
1635.269511	3373	6620
1635.319516	3373	6620
1635.369521	3373	6620
1635.419526	3373	6620
1635.469531	3373	6620
1635.519536	3373	6620
1635.569541	3373	6620
1635.619545	3373	6620
1635.669550	3373	6620
1635.719556	3373	6620
1635.769561	3373	6620
1635.819566	3373	6620
1635.869571	3373	6620
1635.919576	3373	6620
1635.969581	3373	6620
1636.019586	3373	6620
1636.069591	3373	6620
1636.119596	3373	6620
1636.169600	3373	6620
1636.219605	3373	6620
1636.269610	3373	6620
1636.319616	3373	6620
1636.369621	3373	6620
1636.419626	3373	6620
1636.469631	3373	6620
1636.519636	3373	6620
1636.569641	3373	6620
1636.619646	3373	6620
1636.669651	3373	6620
1636.719656	3373	6620
1636.769660	3373	6620
1636.819665	3373	6620
1636.869670	3373	6620
1636.919676	3373	6620
1636.969681	3373	6620
1637.019686	3373	6620
1637.069691	3373	6620
1637.119696	3373	6620
1637.169701	3373	6620
1637.219706	3373	6620
1637.269711	3373	6620
1637.319715	3373	6620
1637.369720	3373	6620
1637.419725	3373	6620
1637.469731	3373	6620
1637.519736	3373	6620
1637.569741	3373	6620
1637.619746	3373	6620
1637.669751	3373	6620
1637.719756	3373	6620
1637.769761	3373	6620
1637.819766	3373	6620
1637.869771	3373	6620
1637.919775	3373	6620
1637.969780	3373	6620
1638.019785	3373	6620
1638.069791	3373	6620
1638.119796	3373	6620
1638.169801	3373	6620
1638.219806	3373	6616
1638.269811	3373	6612
1638.319816	3373	6612
1638.369821	3357	6612
1638.419826	3357	6612
1638.469831	3357	6608
1638.519835	3357	6600
1638.569840	3357	6600
1638.619845	3353	6588
1638.669851	3341	6548
1638.719856	3341	6548
1638.769861	3337	6532
1638.819866	3337	6524
1638.869871	3325	6524
1638.919876	3325	6524
1638.969881	3325	6524
1639.019886	3325	6496
1639.069890	3309	6496
1639.119895	3293	6492
1639.169900	3261	6448
1639.219906	3261	6436
1639.269911	3245	6420
1639.319916	3225	6400
1639.369921	3205	6396
1639.419926	3169	6392
1639.469931	3145	6364
1639.519936	3129	6340
1639.569941	3105	6328
1639.619946	3085	6328
1639.669950	3085	6328
1639.719955	3073	6328
1639.769960	3053	6308
1639.819966	2997	6308
1639.869971	2909	6272
1639.919976	2877	6256
1639.969981	2837	6240
1640.019986	2837	6232
1640.069991	2821	6216
1640.119996	2809	6216
1640.170001	2809	6216
1640.220006	2789	6216
1640.270010	2773	6200
1640.320015	2773	6188
1640.370020	2757	6184
1640.420026	2757	6176
1640.470031	2741	6168
1640.520036	2741	6168
1640.570041	2737	6168
1640.620046	2709	6168
1640.670051	2709	6168
1640.720056	2709	6168
1640.770061	2709	6168
1640.820065	2697	6168
1640.870070	2697	6168
1640.920075	2693	6168
1640.970081	2681	6168
1641.020086	2681	6148
1641.070091	2681	6148
1641.120096	2669	6144
1641.170101	2669	6132
1641.220106	2669	6132
1641.270111	2661	6132
1641.320116	2649	6132
1641.370121	2649	6132
1641.420125	2633	6116
1641.470130	2633	6100
1641.520135	2633	6100
1641.570141	2601	6092
1641.620146	2601	6092
1641.670151	2601	6092
1641.720156	2601	6088
1641.770161	2601	6076
1641.820166	2585	6076
1641.870171	2585	6056
1641.920176	2585	6036
1641.970181	2585	6036
1642.020185	2573	6036
1642.070190	2569	6036
1642.120195	2569	6024
1642.170201	2557	6020
1642.220206	2549	6000
1642.270211	2541	6000
1642.320216	2541	6000
1642.370221	2537	5968
1642.420226	2537	5968
1642.470231	2537	5968
1642.520236	2521	5968
1642.570240	2521	5944
1642.620245	2521	5944
1642.670250	2509	5940
1642.720256	2509	5940
1642.770261	2509	5940
1642.820266	2505	5940
1642.870271	2505	5932
1642.920276	2489	5928
1642.970281	2489	5920
1643.020286	2485	5908
1643.070291	2485	5908
1643.120296	2473	5908
1643.170300	2457	5896
1643.220305	2457	5896
1643.270310	2449	5892
1643.320316	2441	5888
1643.370321	2413	5884
1643.420326	2413	5884
1643.470331	2413	5868
1643.520336	2413	5868
1643.570341	2413	5868
1643.620346	2393	5868
1643.670351	2393	5856
1643.720356	2393	5856
1643.770360	2393	5856
1643.820365	2393	5856
1643.870370	2393	5856
1643.920376	2389	5856
1643.970381	2389	5856
1644.020386	2389	5856
1644.070391	2389	5856
1644.120396	2389	5856
1644.170401	2389	5856
1644.220406	2389	5856
1644.270411	2389	5856
1644.320415	2385	5856
1644.370420	2385	5856
1644.420425	2381	5856
1644.470431	2381	5856
1644.520436	2357	5856
1644.570441	2357	5852
1644.620446	2357	5852
1644.670451	2353	5852
1644.720456	2345	5844
1644.770461	2345	5832
1644.846468	2337	5832
1644.897473	2333	5832
1644.922476	2305	5832
1645.003484	2305	5832
1645.020485	2305	5832
1645.070491	2305	5832
1645.120496	2305	5832
1645.170501	2301	5824
1645.220506	2301	5824
1645.270511	2301	5824
1645.320516	2301	5816
1645.370521	2301	5808
1645.420526	2293	5808
1645.470531	2285	5804
1645.520535	2281	5796
1645.570540	2281	5796
1645.620545	2277	5796
1645.670551	2273	5796
1645.720556	2273	5784
1645.770561	2273	5776
1645.820566	2257	5772
1645.870571	2257	5756
1645.920576	2257	5756
1645.970581	2233	5748
1646.020586	2233	5736
1646.070590	2233	5716
1646.120595	2233	5716
1646.170600	2233	5716
1646.220606	2233	5716
1646.270611	2233	5708
1646.320616	2217	5708
1646.370621	2213	5688
1646.420626	2209	5672
1646.470631	2197	5672
1646.520636	2173	5640
1646.570641	2161	5632
1646.620646	2149	5612
1646.670650	2141	5604
1646.720655	2093	5600
1646.770660	2093	5584
1646.820666	2093	5584
1646.870671	2053	5580
1646.920676	2049	5580
1646.970681	2037	5560
1647.020686	2037	5552
1647.070691	2037	5552
1647.120696	2025	5548
1647.170701	2025	5548
1647.220706	2025	5544
1647.270710	2017	5540
1647.320715	2017	5536
1647.370720	1993	5532
1647.420726	1993	5512
1647.470731	1993	5512
1647.520736	1993	5512
1647.570741	1993	5512
1647.620746	1993	5512
1647.670751	1993	5512
1647.720756	1973	5512
1647.770761	1973	5512
1647.820765	1965	5500
1647.870770	1965	5500
1647.920775	1953	5500
1647.970781	1953	5500
1648.020786	1953	5500
1648.070791	1953	5492
1648.120796	1953	5492
1648.170801	1925	5476
1648.220806	1905	5476
1648.270811	1905	5476
1648.320816	1869	5468
1648.370821	1869	5468
1648.420825	1861	5468
1648.470830	1849	5468
1648.520835	1845	5460
1648.570841	1829	5460
1648.620846	1817	5460
1648.670851	1805	5440
1648.720856	1797	5440
1648.770861	1781	5436
1648.820866	1765	5436
1648.870871	1729	5416
1648.920876	1729	5416
1648.970881	1721	5416
1649.020885	1709	5408
1649.070890	1693	5388
1649.120895	1677	5388
1649.170901	1669	5384
1649.220906	1669	5384
1649.270911	1669	5384
1649.320916	1669	5368
1649.370921	1669	5368
1649.420926	1661	5364
1649.470931	1661	5348
1649.520936	1649	5344
1649.570940	1641	5332
1649.620945	1621	5312
1649.670950	1601	5312
1649.720956	1601	5276
1649.770961	1601	5276
1649.820966	1589	5276
1649.870971	1589	5268
1649.920976	1561	5268
1649.970981	1541	5268
1650.020986	1541	5256
1650.070991	1529	5240
1650.120996	1525	5224
1650.171000	1521	5224
1650.221005	1505	5224
1650.271010	1497	5220
1650.321016	1489	5200
1650.371021	1469	5180
1650.421026	1469	5160
1650.471031	1437	5148
1650.521036	1421	5132
1650.571041	1413	5116
1650.621046	1409	5116
1650.671051	1369	5116
1650.721056	1365	5076
1650.771060	1337	5060
1650.821065	1337	5060
1650.871070	1313	5060
1650.921076	1305	5060
1650.971081	1305	5060
1651.021086	1293	5044
1651.071091	1289	5044
1651.121096	1289	5044
1651.171101	1289	5036
1651.221106	1285	5036
1651.271111	1285	5036
1651.321115	1269	5036
1651.371120	1269	5024
1651.421125	1269	5024
1651.471131	1269	5024
1651.521136	1269	5024
1651.571141	1269	5024
1651.621146	1269	5024
1651.671151	1269	5024
1651.721156	1269	5024
1651.771161	1269	5024
1651.821166	1269	5024
1651.871171	1269	5024
1651.921175	1269	5024
1651.971180	1269	5024
1652.021185	1269	5024
1652.071191	1269	5024
1652.121196	1269	5024
1652.171201	1269	5024
1652.221206	1269	5024
1652.271211	1269	5024
1652.321216	1269	5024
1652.370221	1269	5024
1652.420226	1269	5024
1652.470231	1269	5024
1652.520236	1269	5024
1652.570240	1269	5024
1652.620245	1269	5024
1652.670250	1269	5024
1652.720255	1269	5024
1652.770260	1269	5024
1652.820265	1269	5024
1652.870271	1269	5024
1652.920276	1269	5024
1652.970281	1269	5024
1653.020286	1269	5024
1653.070291	1269	5024
1653.120296	1269	5024
1653.170300	1269	5024
1653.220305	1269	5024
1653.270310	1269	5024
1653.320315	1269	5024
1653.370320	1269	5024
1653.420326	1269	5024
1653.470331	1269	5024
1653.520336	1269	5024
1653.570341	1269	5024
1653.620346	1269	5024
1653.670351	1269	5024
1653.720356	1269	5024
1653.770360	1269	5024
1653.820365	1269	5024
1653.870370	1269	5024
1653.920375	1269	5024
1653.970380	1269	5024
1654.020386	1269	5024
1654.070391	1269	5024
1654.120396	1269	5024
1654.170401	1269	5024
1654.220406	1269	5024
1654.270411	1269	5024
1654.320415	1269	5024
1654.370420	1269	5024
1654.420425	1269	5024
1654.470430	1269	5024
1654.520435	1269	5024
1654.570440	1269	5024
1654.620446	1269	5024
1654.670451	1269	5024
1654.720456	1269	5024
1654.770461	1269	5024
1654.820466	1269	5024
1654.870471	1269	5020
1654.920475	1269	5020
1654.970480	1269	5020
1655.020485	1269	5020
1655.070490	1269	5012
1655.120495	1269	5004
1655.170501	1269	4996
1655.220506	1269	4996
1655.270511	1269	4992
1655.320516	1269	4992
1655.370521	1269	4976
1655.420526	1269	4976
1655.470531	1269	4976
1655.520535	1269	4976
1655.570540	1301	4972
1655.620545	1317	4972
1655.670550	1317	4964
1655.720555	1321	4964
1655.770561	1321	4944
1655.820566	1321	4944
1655.870571	1337	4944
1655.920576	1337	4940
1655.970581	1337	4940
1656.020586	1337	4928
1656.070590	1337	4928
1656.120595	1337	4928
1656.170600	1337	4928
1656.220605	1337	4924
1656.270610	1337	4900
1656.320615	1337	4900
1656.370621	1337	4900
1656.420626	1337	4900
1656.470631	1337	4900
1656.520636	1337	4892
1656.570641	1337	4892
1656.620646	1337	4884
1656.670650	1349	4884
1656.720655	1349	4884
1656.770660	1349	4884
1656.820665	1349	4884
1656.870670	1349	4884
1656.920676	1349	4884
1656.970681	1357	4884
1657.020686	1357	4864
1657.070691	1357	4864
1657.120696	1357	4864
1657.170701	1377	4864
1657.220706	1377	4856
1657.270710	1377	4856
1657.320715	1377	4856
1657.370720	1377	4856
1657.420725	1377	4856
1657.470730	1377	4856
1657.520736	1377	4856
1657.570741	1377	4856
1657.620746	1393	4856
1657.670751	1393	4856
1657.720756	1393	4856
1657.770761	1393	4856
1657.820765	1393	4856
1657.870770	1393	4856
1657.920775	1393	4856
1657.970780	1393	4856
1658.020785	1393	4856
1658.070790	1393	4856
1658.120796	1393	4856
1658.170801	1409	4856
1658.220806	1409	4856
1658.270811	1409	4856
1658.320816	1409	4856
1658.370821	1409	4856
1658.420825	1409	4856
1658.470830	1409	4856
1658.520835	1409	4856
1658.570840	1409	4856
1658.620845	1409	4856
1658.670851	1409	4856
1658.720856	1409	4852
1658.770861	1409	4844
1658.820866	1409	4844
1658.870871	1409	4844
1658.920876	1409	4844
1658.970881	1409	4840
1659.020885	1409	4816
1659.070890	1409	4816
1659.120895	1409	4816
1659.170900	1409	4816
1659.220905	1409	4812
1659.270911	1409	4812
1659.320916	1409	4788
1659.370921	1409	4788
1659.420926	1409	4788
1659.470931	1409	4788
1659.520936	1409	4788
1659.570940	1409	4788
1659.620945	1409	4788
1659.670950	1409	4780
1659.720955	1409	4768
1659.770960	1409	4768
1659.820965	1409	4768
1659.870971	1409	4768
1659.920976	1409	4768
1659.970981	1409	4768
1660.020986	1409	4752
1660.070991	1409	4752
1660.120996	1409	4752
1660.171000	1409	4752
1660.221005	1437	4752
1660.271010	1449	4752
1660.321015	1465	4752
1660.371020	1473	4752
1660.421026	1481	4752
1660.471031	1481	4752
1660.521036	1485	4752
1660.571041	1489	4752
1660.621046	1497	4752
1660.671051	1521	4752
1660.721056	1541	4752
1660.771060	1541	4752
1660.821065	1581	4752
1660.871070	1609	4752
1660.921075	1657	4752
1660.971080	1769	4676
1661.021086	1841	4644
1661.071091	1889	4628
1661.121096	1889	4628
1661.171101	1889	4628
1661.221106	1889	4628
1661.271111	1889	4628
1661.321115	1889	4628
1661.371120	1889	4628
1661.421125	1889	4628
1661.471130	1889	4628
1661.521135	1889	4628
1661.571140	1893	4628
1661.621146	1893	4628
1661.671151	1913	4628
1661.721156	1913	4628
1661.771161	1913	4628
1661.821166	1957	4628
1661.871171	1989	4628
1661.921175	2049	4628
1661.971180	2057	4628
1662.021185	2117	4628
1662.071190	2149	4628
1662.121195	2181	4620
1662.171201	2209	4576
1662.221206	2237	4576
1662.271211	2253	4576
1662.321216	2305	4552
1662.371221	2305	4520
1662.421226	2313	4488
1662.471231	2341	4452
1662.521235	2361	4384
1662.571240	2485	4276
1662.621245	2569	4180
1662.671250	2693	4152
1662.721255	2693	4144
1662.771261	2693	4136
1662.821266	2705	4136
1662.871271	2705	4136
1662.921276	2705	4136
1662.971281	2709	4136
1663.021286	2725	4136
1663.071290	2773	4112
1663.121295	2773	4112
1663.171300	2773	4112
1663.221305	2773	4112
1663.271310	2773	4112
1663.321315	2773	4112
1663.371321	2773	4112
1663.421326	2773	4112
1663.471331	2773	4112
1663.521336	2773	4112
1663.571341	2773	4112
1663.621346	2773	4112
1663.671350	2773	4112
1663.721355	2773	4112
1663.771360	2773	4112
1663.821365	2773	4112
1663.871370	2773	4112
1663.921376	2773	4112
1663.971381	2773	4112
1664.021386	2773	4112
1664.071391	2773	4112
1664.121396	2773	4112
1664.171401	2773	4112
1664.221406	2773	4112
1664.271410	2773	4112
1664.321415	2773	4112
1664.371420	2773	4112
1664.421425	2773	4112
1664.471430	2773	4112
1664.521436	2773	4112
1664.571441	2773	4112
1664.621446	2773	4112
1664.671451	2773	4112
1664.721456	2773	4112
1664.771461	2773	4112
1664.821465	2773	4112
1664.871470	2773	4112
1664.921475	2773	4112
1664.971480	2773	4112
1665.021485	2773	4112
1665.071490	2773	4112
1665.121496	2773	4112
1665.171501	2773	4112
1665.221506	2773	4112
1665.271511	2773	4112
1665.321516	2773	4112
1665.371521	2773	4112
1665.421525	2773	4112
1665.471530	2773	4112
1665.521535	2773	4112
1665.571540	2773	4112
1665.621545	2773	4112
1665.671551	2773	4112
1665.721556	2773	4112
1665.771561	2773	4112
1665.821566	2773	4112
1665.871571	2773	4112
1665.921576	2773	4112
1665.971581	2773	4112
1666.021585	2773	4112
1666.071590	2773	4112
1666.121595	2773	4112
1666.171600	2773	4112
1666.221605	2773	4112
1666.271611	2773	4112
1666.321616	2773	4112
1666.371621	2773	4112
1666.421626	2773	4112
1666.471631	2773	4112
1666.521636	2773	4112
1666.571640	2773	4112
1666.621645	2773	4112
1666.671650	2773	4112
1666.721655	2773	4112
1666.771660	2773	4112
1666.821665	2773	4112
1666.871671	2773	4112
1666.921676	2773	4112
1666.971681	2773	4112
1667.021686	2773	4112
1667.071691	2773	4112
1667.121696	2773	4112
1667.171700	2773	4112
1667.221705	2773	4112
1667.271710	2773	4112
1667.321715	2773	4112
1667.371720	2773	4112
1667.421726	2773	4112
1667.471731	2773	4112
1667.521736	2773	4112
1667.571741	2773	4112
1667.621746	2773	4112
1667.671751	2773	4112
1667.721756	2773	4112
1667.771760	2773	4112
1667.821765	2773	4112
1667.871770	2773	4112
1667.921775	2773	4112
1667.971780	2773	4112
1668.021786	2773	4112
1668.071791	2773	4112
1668.121796	2773	4112
1668.171801	2773	4112
1668.221806	2773	4112
1668.271811	2773	4112
1668.321815	2773	4112
1668.371820	2773	4112
1668.421825	2773	4112
1668.471830	2773	4112
1668.521835	2773	4112
1668.571840	2773	4112
1668.621846	2773	4112
1668.671851	2773	4112
1668.721856	2773	4112
1668.771861	2773	4112
1668.821866	2773	4112
1668.871871	2773	4112
1668.921875	2773	4112
1668.971880	2773	4112
1669.021885	2773	4112
1669.071890	2773	4112
1669.121895	2773	4112
1669.171901	2773	4112
1669.221906	2773	4112
1669.271911	2773	4112
1669.321916	2773	4112
1669.371921	2773	4112
1669.421926	2773	4112
1669.471931	2773	4112
1669.521935	2773	4112
1669.571940	2773	4112
1669.621945	2773	4112
1669.671950	2773	4112
1669.721955	2773	4112
1669.771961	2773	4112
1669.821966	2773	4112
1669.870970	2773	4112
1669.920975	2773	4112
1669.970981	2773	4112
1670.020986	2773	4112
1670.070991	2773	4112
1670.120996	2773	4112
1670.171000	2773	4112
1670.221005	2773	4112
1670.271010	2773	4112
1670.321015	2773	4112
1670.371020	2773	4112
1670.421025	2773	4112
1670.471030	2773	4112
1670.521035	2773	4204
1670.571041	2773	4312
1670.621046	2773	4352
1670.671051	2773	4452
1670.721056	2773	4452
1670.771060	2773	4468
1670.821065	2773	4468
1670.871070	2753	4468
1670.921075	2649	4468
1670.971080	2517	4468
1671.021085	2481	4468
1671.071090	2465	4468
1671.121096	2409	4468
1671.171101	2361	4468
1671.221106	2325	4468
1671.271111	2289	4468
1671.321115	2225	4468
1671.371120	2161	4516
1671.421125	2017	4556
1671.471130	1937	4592
1671.521135	1841	4612
1671.571140	1785	4620
1671.621145	1769	4628
1671.671150	1749	4656
1671.721156	1713	4684
1671.771161	1713	4784
1671.821166	1713	5020
1671.871171	1713	5320
1671.921175	1713	5868
1671.971180	1713	6096
1672.021185	1713	6292
1672.071190	1713	6416
1672.121195	1713	6512
1672.171200	1713	6632
1672.221205	1713	6732
1672.271210	1713	6784
1672.321216	1713	6904
1672.371221	1733	7016
1672.421226	1813	7172
1672.471231	1865	7264
1672.521235	1909	7368
1672.571240	1957	7412
1672.621245	2009	7416
1672.671250	2061	7456
1672.721255	2165	7476
1672.771260	2233	7512
1672.821265	2253	7556
1672.871271	2257	7560
1672.921276	2257	7700
1672.971281	2341	7820
1673.021286	2401	7964
1673.071290	2401	8000
1673.121295	2401	8004
1673.171300	2401	8068
1673.221305	2401	8132
1673.271310	2401	8252
1673.321315	2401	8448
1673.371320	2401	8608
1673.421325	2401	8664
1673.471331	2417	8800
1673.521336	2469	8800
1673.571341	2485	8812
1673.621346	2485	8812
1673.671350	2513	8812
1673.721355	2513	8812
1673.771360	2517	8812
1673.821365	2545	8812
1673.871370	2557	8812
1673.921375	2557	8824
1673.971380	2561	8856
1674.021385	2593	8892
1674.071391	2593	8896
1674.121396	2609	8896
1674.171401	2609	8896
1674.221406	2621	8896
1674.271410	2625	8896
1674.321415	2633	8896
1674.371420	2633	8896
1674.421425	2633	8896
1674.471430	2633	8896
1674.521435	2633	8896
1674.571440	2633	8896
1674.621446	2633	8896
1674.671451	2633	8896
1674.721456	2633	8896
1674.771461	2633	8896
1674.821465	2633	8896
1674.871470	2633	8896
1674.921475	2633	8896
1674.971480	2641	8896
1675.021485	2641	8896
1675.071490	2641	8896
1675.121495	2641	8896
1675.171500	2641	8896
1675.221506	2641	8896
1675.271511	2641	8896
1675.321516	2641	8896
1675.371521	2641	8896
1675.421525	2641	8896
1675.471530	2641	8896
1675.521535	2641	8896
1675.571540	2641	8896
1675.621545	2641	8896
1675.671550	2641	8896
1675.721555	2641	8896
1675.771560	2641	8896
1675.821566	2641	8868
1675.871571	2641	8864
1675.921576	2641	8856
1675.971581	2641	8856
1676.021585	2641	8856
1676.071590	2641	8856
1676.121595	2641	8856
1676.171600	2641	8856
1676.221605	2641	8856
1676.271610	2641	8856
1676.321615	2641	8856
1676.371621	2641	8856
1676.421626	2641	8856
1676.471631	2641	8856
1676.521636	2641	8856
1676.571640	2641	8856
1676.621645	2641	8856
1676.671650	2641	8856
1676.721655	2641	8856
1676.771660	2641	8812
1676.831666	2641	8772
1676.871670	2641	8772
1676.921675	2641	8772
1676.971681	2641	8772
1677.021686	2641	8772
1677.071691	2641	8772
1677.121696	2641	8772
1677.171700	2641	8772
1677.221705	2641	8772
1677.271710	2641	8772
1677.321715	2641	8772
1677.371720	2641	8772
1677.421725	2641	8772
1677.471730	2641	8768
1677.521735	2641	8764
1677.571741	2641	8756
1677.621746	2641	8756
1677.671751	2641	8756
1677.721756	2641	8756
1677.771760	2641	8744
1677.821765	2641	8712
1677.871770	2641	8712
1677.921775	2641	8712
1677.971780	2641	8712
1678.021785	2641	8712
1678.071790	2641	8712
1678.121796	2641	8712
1678.171801	2641	8712
1678.221806	2641	8712
1678.271811	2641	8712
1678.321815	2641	8712
1678.371820	2641	8712
1678.421825	2641	8712
1678.471830	2641	8712
1678.521835	2641	8712
1678.571840	2641	8712
1678.621845	2641	8712
1678.671850	2641	8712
1678.721856	2641	8712
1678.771861	2641	8712
1678.821866	2641	8712
1678.871871	2641	8712
1678.921875	2641	8712
1678.971880	2641	8712
1679.021885	2641	8708
1679.071890	2641	8708
1679.121895	2641	8708
1679.171900	2641	8708
1679.221905	2641	8708
1679.271910	2641	8708
1679.321916	2641	8708
1679.371921	2641	8708
1679.421926	2641	8708
1679.471931	2641	8708
1679.521935	2641	8708
1679.571940	2641	8708
1679.621945	2641	8708
1679.671950	2641	8708
1679.721955	2641	8708
1679.771960	2641	8708
1679.821965	2641	8708
1679.871971	2641	8708
1679.921976	2641	8708
1679.971981	2641	8708
1680.021986	2641	8708
1680.071990	2641	8708
1680.121995	2641	8708
1680.172000	2641	8708
1680.222005	2641	8708
1680.272010	2641	8708
1680.322015	2641	8708
1680.372020	2641	8708
1680.422025	2641	8708
1680.472031	2641	8708
1680.522036	2641	8708
1680.572041	2641	8708
1680.622046	2641	8708
1680.672050	2641	8708
1680.722055	2641	8708
1680.772060	2641	8708
1680.822065	2641	8708
1680.872070	2641	8708
1680.922075	2641	8708
1680.972080	2641	8708
1681.022085	2641	8708
1681.072091	2641	8708
1681.122096	2641	8708
1681.172101	2641	8708
1681.222106	2641	8708
1681.272110	2641	8708
1681.322115	2641	8708
1681.372120	2641	8708
1681.422125	2641	8708
1681.472130	2641	8708
1681.522135	2641	8708
1681.572140	2641	8708
1681.622146	2641	8708
1681.672151	2641	8708
1681.722156	2641	8708
1681.772161	2641	8708
1681.822165	2641	8708
1681.872170	2641	8708
1681.922175	2641	8708
1681.972180	2641	8708
1682.022185	2641	8708
1682.072190	2641	8708
1682.122195	2641	8708
1682.172200	2641	8708
1682.222206	2641	8708
1682.272211	2641	8708
1682.322216	2641	8760
1682.372221	2641	8804
1682.422225	2641	8872
1682.472230	2641	8976
1682.522235	2641	8980
1682.572240	2641	8980
1682.622245	2641	8988
1682.672250	2641	9024
1682.722255	2641	9024
1682.772260	2641	9040
1682.822266	2641	9040
1682.872271	2649	9076
1682.922276	2657	9088
1682.972281	2657	9112
1683.022285	2657	9112
1683.072290	2677	9112
1683.122295	2681	9112
1683.172300	2681	9112
1683.222305	2681	9112
1683.272310	2681	9112
1683.322315	2705	9112
1683.372321	2705	9112
1683.422326	2705	9112
1683.472331	2705	9112
1683.522336	2705	9112
1683.572340	2705	9112
1683.622345	2705	9112
1683.672350	2705	9112
1683.722355	2705	9112
1683.772360	2705	9120
1683.822365	2705	9188
1683.872370	2705	9244
1683.922375	2729	9332
1683.972381	2745	9344
1684.022386	2761	9404
1684.072391	2761	9404
1684.122396	2761	9404
1684.172400	2761	9404
1684.222405	2761	9404
1684.272410	2761	9404
1684.322415	2761	9404
1684.372420	2761	9404
1684.422425	2761	9404
1684.472430	2761	9404
1684.522435	2761	9320
1684.572441	2761	9264
1684.622446	2761	9156
1684.672451	2761	9056
1684.722456	2761	8960
1684.772460	2761	8868
1684.822465	2761	8776
1684.872470	2761	8692
1684.922475	2761	8652
1684.972480	2761	8652
1685.022485	2757	8652
1685.072490	2741	8652
1685.122496	2741	8636
1685.172501	2741	8564
1685.222506	2741	8480
1685.272511	2741	8420
1685.322515	2741	8404
1685.372520	2741	8364
1685.422525	2741	8340
1685.472530	2741	8332
1685.522535	2741	8320
1685.572540	2741	8320
1685.622545	2741	8316
1685.672550	2741	8300
1685.722556	2741	8292
1685.772561	2741	8276
1685.822566	2741	8260
1685.872571	2741	8232
1685.922575	2741	8232
1685.972580	2741	8232
1686.022585	2741	8232
1686.072590	2741	8232
1686.122595	2741	8232
1686.172600	2873	8232
1686.222605	3193	8232
1686.272610	3869	8232
1686.322616	4397	8232
1686.372621	4681	8232
1686.422626	4709	8232
1686.472631	4709	8232
1686.522635	4709	8232
1686.572640	4737	8232
1686.622645	4737	8232
1686.672650	4785	8232
1686.722655	4797	8232
1686.772660	4797	8232
1686.822665	4797	8232
1686.872671	4797	8232
1686.922676	4813	8220
1686.972681	4813	8220
1687.022686	4813	8168
1687.072690	4813	8112
1687.122695	4813	8024
1687.172700	4813	7776
1687.222705	4813	7464
1687.272710	4813	7264
1687.321715	4813	7224
1687.371720	4813	7220
1687.421725	4813	7176
1687.471730	4813	7140
1687.521735	4813	7120
1687.571740	4813	7096
1687.621745	4813	7096
1687.671751	4813	7096
1687.721756	4813	7096
1687.771760	4813	7096
1687.821765	4813	7096
1687.871770	4813	7096
1687.921775	4813	7096
1687.971780	4813	7096
1688.021785	4813	7096
1688.071790	4813	7096
1688.121795	4813	7096
1688.171800	4813	7096
1688.221805	4813	7096
1688.271811	4813	7096
1688.321815	4813	7096
1688.371820	4813	7056
1688.421825	4813	7056
1688.471830	4813	7056
1688.521835	4813	7016
1688.571840	4813	7012
1688.621845	4813	7012
1688.671850	4813	6988
1688.721855	4813	6976
1688.771860	4813	6976
1688.821866	4813	6976
1688.871871	4813	6976
1688.921875	4813	6976
1688.971880	4813	6976
1689.021885	4813	6976
1689.071890	4813	6976
1689.121895	4813	6976
1689.171900	4813	6976
1689.221905	4813	6976
1689.271910	4813	6952
1689.321915	4813	6948
1689.371920	4813	6940
1689.421926	4813	6924
1689.471931	4813	6904
1689.521935	4813	6896
1689.571940	4813	6848
1689.621945	4813	6840
1689.671950	4813	6820
1689.721955	4813	6776
1689.771960	4833	6760
1689.821965	4833	6760
1689.871970	4833	6760
1689.921975	4833	6760
1689.971980	4833	6760
1690.021986	4833	6740
1690.071990	4833	6740
1690.121995	4833	6724
1690.172000	4833	6724
1690.222005	4833	6704
1690.272010	4833	6704
1690.322015	4833	6696
1690.372020	4833	6664
1690.422025	4833	6664
1690.472030	4833	6664
1690.522035	4833	6664
1690.572041	4833	6664
1690.622046	4833	6664
1690.672050	4833	6664
1690.722055	4833	6664
1690.772060	4833	6664
1690.822065	4833	6664
1690.872070	4833	6664
1690.922075	4833	6664
1690.972080	4833	6664
1691.022085	4833	6664
1691.072090	4833	6664
1691.122095	4833	6664
1691.172101	4833	6664
1691.222106	4833	6664
1691.272110	4833	6664
1691.322115	4833	6664
1691.372120	4833	6664
1691.422125	4833	6664
1691.472130	4833	6664
1691.522135	4833	6664
1691.572140	4833	6664
1691.622145	4833	6664
1691.672150	4833	6664
1691.722155	4833	6664
1691.772161	4833	6664
1691.822165	4833	6664
1691.872170	4833	6664
1691.922175	4833	6664
1691.972180	4833	6664
1692.022185	4833	6664
1692.072190	4833	6664
1692.122195	4833	6664
1692.172200	4833	6664
1692.222205	4833	6664
1692.272210	4833	6664
1692.322216	4833	6664
1692.372221	4833	6664
1692.422225	4833	6664
1692.472230	4833	6664
1692.522235	4833	6664
1692.572240	4833	6664
1692.622245	4833	6664
1692.672250	4833	6664
1692.722255	4833	6664
1692.772260	4833	6664
1692.822265	4833	6664
1692.872270	4833	6664
1692.922276	4833	6664
1692.972281	4833	6664
1693.022285	4833	6664
1693.072290	4833	6664
1693.122295	4833	6664
1693.172300	4833	6664
1693.222305	4833	6664
1693.272310	4833	6664
1693.322315	4833	6664
1693.372320	4833	6664
1693.422325	4833	6664
1693.472330	4833	6664
1693.522336	4833	6664
1693.572340	4833	6664
1693.622345	4833	6664
1693.672350	4833	6664
1693.722355	4833	6664
1693.772360	4833	6664
1693.822365	4833	6664
1693.872370	4833	6664
1693.922375	4833	6664
1693.972380	4833	6664
1694.022385	4833	6664
1694.072391	4833	6664
1694.122396	4833	6664
1694.172400	4833	6664
1694.222405	4833	6664
1694.272410	4833	6664
1694.322415	4833	6664
1694.372420	4833	6664
1694.422425	4833	6664
1694.472430	4833	6664
1694.522435	4833	6664
1694.572440	4833	6664
1694.622445	4833	6664
1694.672451	4833	6664
1694.722456	4833	6664
1694.772460	4833	6664
1694.822465	4833	6664
1694.872470	4833	6664
1694.922475	4833	6664
1694.972480	4833	6664
1695.022485	4833	6664
1695.072490	4833	6664
1695.122495	4833	6664
1695.172500	4833	6664
1695.222505	4833	6664
1695.272511	4833	6664
1695.322515	4833	6664
1695.372520	4833	6664
1695.422525	4833	6664
1695.472530	4833	6664
1695.522535	4833	6664
1695.572540	4833	6664
1695.622545	4833	6664
1695.672550	4833	6664
1695.722555	4833	6664
1695.772560	4833	6664
1695.822566	4833	6664
1695.872571	4833	6664
1695.922575	4833	6664
1695.972580	4833	6664
1696.022585	4833	6664
1696.072590	4833	6664
1696.122595	4833	6664
1696.172600	4833	6664
1696.222605	4833	6664
1696.272610	4833	6664
1696.322615	4833	6664
1696.372620	4833	6664
1696.422626	4833	6664
1696.472631	4833	6664
1696.522635	4833	6664
1696.572640	4833	6664
1696.622645	4833	6664
1696.672650	4833	6664
1696.722655	4833	6664
1696.772660	4833	6664
1696.822665	4833	6664
1696.872670	4833	6664
1696.922675	4833	6664
1696.972680	4833	6664
1697.022686	4833	6664
1697.072690	4833	6664
1697.122695	4833	6664
1697.172700	4833	6664
1697.222705	4833	6664
1697.272710	4833	6664
1697.322715	4833	6664
1697.372720	4833	6664
1697.422725	4833	6664
1697.472730	4833	6664
1697.522735	4833	6664
1697.572741	4833	6664
1697.622746	4833	6664
1697.672750	4833	6664
1697.722755	4833	6664
1697.772760	4833	6664
1697.822765	4833	6664
1697.872770	4833	6664
1697.922775	4833	6664
1697.972780	4833	6664
1698.022785	4833	6664
1698.072790	4833	6664
1698.122795	4833	6664
1698.172801	4833	6664
1698.222806	4833	6664
1698.272810	4833	6664
1698.322815	4833	6664
1698.372820	4833	6664
1698.422825	4833	6664
1698.472830	4833	6664
1698.522835	4833	6664
1698.572840	4833	6664
1698.622845	4833	6664
1698.672850	4833	6664
1698.722855	4833	6664
1698.772861	4833	6664
1698.822865	4833	6664
1698.872870	4833	6664
1698.922875	4833	6664
1698.972880	4833	6664
1699.022885	4833	6664
1699.072890	4833	6664
1699.122895	4833	6664
1699.172900	4833	6664
1699.222905	4833	6664
1699.272910	4833	6664
1699.322916	4833	6664
1699.372921	4833	6664
1699.422925	4833	6664
1699.472930	4833	6664
1699.522935	4833	6664
1699.572940	4833	6664
1699.622945	4833	6664
1699.672950	4833	6664
1699.722955	4833	6664
1699.772960	4833	6664
1699.822965	4833	6664
1699.872970	4833	6664
1699.922976	4833	6664
1699.972980	4833	6664
1700.022985	4833	6664
1700.072990	4833	6664
1700.122995	4833	6664
1700.173000	4833	6664
1700.223005	4833	6664
1700.273010	4833	6664
1700.323015	4833	6664
1700.373020	4833	6664
1700.423025	4833	6664
1700.473030	4833	6664
1700.523036	4665	6700
1700.573040	4493	6780
1700.623045	4461	6868
1700.673050	4301	6936
1700.723055	4181	6952
1700.773060	4145	7000
1700.823065	4145	7024
1700.873070	4145	7096
1700.923075	4145	7284
1700.973080	4141	7560
1701.023085	4125	7868
1701.073091	4125	8176
1701.123096	4125	8408
1701.173100	4125	8568
1701.223105	4125	8736
1701.273110	4125	8928
1701.323115	4125	9008
1701.373120	4125	9120
1701.423125	4125	9200
1701.473130	4125	9244
1701.523135	4125	9304
1701.573140	4125	9308
1701.623145	4125	9336
1701.673151	4125	9432
1701.723155	4125	9480
1701.773160	4125	9576
1701.823165	4125	9628
1701.873170	4125	9772
1701.923175	4125	9912
1701.973180	4125	10096
1702.023185	4125	10212
1702.073190	4125	10284
1702.123195	4125	10444
1702.173200	4125	10556
1702.223205	4125	10612
1702.273211	4125	10664
1702.323215	4125	10676
1702.373220	4125	10676
1702.423225	4125	10676
1702.473230	4125	10736
1702.523235	4125	10816
1702.573240	4125	10896
1702.623245	4125	10980
1702.673250	4125	11076
1702.723255	4125	11112
1702.773260	4125	11112
1702.823266	4125	11168
1702.873271	4125	11168
1702.923275	4125	11168
1702.973280	4125	11168
1703.023285	4125	11168
1703.073290	4125	11168
1703.123295	4125	11168
1703.173300	4125	11168
1703.223305	4125	11168
1703.273310	4125	11168
1703.323315	4125	11168
1703.373320	4125	11168
1703.423326	4125	11168
1703.473330	4125	11168
1703.523335	4125	11168
1703.573340	4125	11168
1703.623345	4125	11168
1703.673350	4125	11168
1703.723355	4125	11168
1703.773360	4125	11168
1703.823365	4125	11168
1703.873370	4125	11168
1703.923375	4125	11168
1703.973380	4125	11168
1704.023386	4125	11168
1704.073390	4125	11168
1704.123395	4125	11168
1704.173400	4125	11168
1704.223405	4125	11164
1704.273410	4125	11164
1704.323415	4125	11164
1704.373420	4125	11164
1704.423425	4125	11164
1704.473430	4125	11164
1704.523435	4125	11164
1704.573441	4125	11160
1704.623446	4125	11140
1704.673450	4125	11100
1704.723455	4125	11100
1704.773460	4125	11100
1704.822465	4125	11100
1704.872470	4125	11100
1704.922475	4125	11100
1704.972480	4125	11100
1705.022485	4125	11100
1705.072490	4125	11100
1705.122495	4125	11100
1705.172500	4125	11100
1705.222505	4125	11100
1705.272510	4125	11100
1705.322515	4125	11096
1705.372520	4125	11092
1705.422525	4125	11092
1705.472530	4125	11080
1705.522535	4125	11072
1705.572540	4125	11072
1705.622545	4125	11068
1705.672550	4125	11064
1705.722555	4125	11056
1705.772560	4125	11044
1705.822565	4125	11040
1705.872570	4125	11040
1705.922575	4125	11040
1705.972580	4125	11040
1706.022585	4125	11040
1706.072590	4125	11040
1706.122595	4125	11040
1706.172600	4125	11040
1706.222605	4125	11040
1706.272610	4125	11040
1706.322615	4125	11040
1706.372620	4125	11040
1706.422625	4125	11040
1706.472630	4125	11040
1706.522635	4125	11040
1706.572640	4125	11040
1706.622645	4125	11040
1706.672650	4125	11032
1706.722655	4125	11032
1706.772660	4125	11020
1706.822665	4125	11020
1706.872670	4125	11008
1706.922675	4125	10996
1706.972680	4125	10984
1707.022685	4125	10976
1707.072690	4125	10976
1707.122695	4125	10976
1707.172700	4125	10976
1707.222705	4125	10976
1707.272710	4125	10976
1707.322715	4125	10976
1707.372720	4125	10976
1707.422725	4125	10976
1707.472730	4125	10976
1707.522735	4125	10976
1707.572740	4125	10976
1707.622745	4125	10976
1707.672750	4125	10976
1707.722755	4125	10976
1707.772760	4125	10976
1707.822765	4125	10976
1707.872770	4125	10976
1707.922775	4125	10976
1707.972780	4033	10788
1708.022785	3785	10252
1708.072790	3181	9776
1708.122795	2881	9572
1708.172800	2881	9572
1708.222805	2881	9572
1708.272810	2865	9572
1708.322815	2849	9572
1708.372820	2801	9572
1708.422825	2801	9572
1708.472830	2801	9572
1708.522835	2801	9572
1708.572840	2801	9572
1708.622845	2801	9572
1708.672850	2801	9572
1708.722855	2801	9572
1708.772860	2801	9572
1708.822865	2801	9572
1708.872870	2829	9572
1708.922875	3045	9572
1708.972880	3309	9572
1709.022885	3761	9600
1709.072890	4265	9712
1709.122895	4513	9736
1709.172900	4565	9776
1709.222905	4569	9776
1709.272910	4653	9776
1709.322915	4677	9784
1709.372920	4725	9792
1709.422925	4793	9800
1709.472930	4869	9808
1709.522935	4929	9808
1709.572940	4997	9808
1709.622945	4997	9808
1709.672950	4997	9808
1709.722955	4997	9808
1709.772960	4997	9808
1709.822965	4997	9808
1709.872970	5033	9808
1709.922975	5137	9856
1709.972980	5273	9884
1710.022985	5357	9964
1710.072990	5482	10008
1710.122995	5482	10012
1710.173000	5526	10012
1710.223005	5526	10012
1710.273010	5578	10012
1710.323015	5578	10012
1710.373020	5618	10032
1710.423025	5674	10048
1710.473030	5694	10068
1710.523035	5754	10068
1710.573040	5770	10112
1710.623045	5806	10112
1710.673050	5882	10144
1710.723055	5886	10144
1710.773060	5914	10144
1710.823065	5914	10144
1710.873070	5914	10144
1710.923075	5914	10144
1710.973080	5914	10144
1711.023085	5914	10144
1711.073090	5914	10144
1711.123095	5914	10144
1711.173100	5914	10144
1711.223105	5914	10144
1711.273110	5914	10144
1711.323115	5914	10144
1711.373120	5914	10144
1711.423125	5914	10144
1711.473130	5914	10144
1711.523135	5914	10144
1711.573140	5914	10144
1711.623145	5914	10144
1711.673150	5914	10144
1711.723155	5914	10144
1711.773160	5914	10144
1711.823165	5914	10144
1711.873170	5914	10144
1711.923175	5914	10144
1711.973180	5914	10144
1712.023185	5914	10144
1712.073190	5914	10144
1712.123195	5914	10144
1712.173200	5914	10144
1712.223205	5914	10144
1712.273210	5914	10144
1712.323215	5914	10144
1712.373220	5914	10144
1712.423225	5914	10144
1712.473230	5914	10144
1712.523235	5914	10144
1712.573240	5914	10144
1712.623245	5914	10144
1712.673250	5914	10144
1712.723255	5914	10144
1712.773260	5914	10144
1712.823265	5914	10144
1712.873270	5914	10144
1712.923275	5914	10144
1712.973280	5914	10144
1713.023285	5914	10144
1713.073290	5914	10144
1713.123295	5914	10144
1713.173300	5914	10144
1713.223305	5914	10144
1713.273310	5914	10144
1713.323315	5914	10144
1713.373320	5914	10144
1713.423325	5914	10144
1713.473330	5914	10144
1713.523335	5914	10144
1713.573340	5914	10144
1713.623345	5914	10144
1713.673350	5914	10144
1713.723355	5914	10144
1713.773360	5914	10144
1713.823365	5914	10144
1713.873370	5914	10144
1713.923375	5914	10144
1713.973380	5914	10144
1714.023385	5914	10144
1714.073390	5914	10144
1714.123395	5914	10144
1714.173400	5914	10144
1714.223405	5914	10144
1714.273410	5914	10144
1714.323415	5910	10144
1714.373420	5910	10144
1714.423425	5910	10144
1714.473430	5886	10144
1714.523435	5886	10144
1714.573440	5846	10144
1714.623445	5838	10144
1714.673450	5830	10144
1714.723455	5814	10144
1714.773460	5758	10144
1714.823465	5758	10144
1714.873470	5758	10144
1714.923475	5758	10144
1714.973480	5758	10144
1715.023485	5738	10144
1715.073490	5738	10144
1715.123495	5726	10144
1715.173500	5722	10144
1715.223505	5722	10144
1715.273510	5694	10144
1715.323515	5690	10144
1715.373520	5686	10144
1715.423525	5682	10144
1715.473530	5630	10144
1715.523535	5618	10132
1715.573540	5618	10132
1715.623545	5618	10132
1715.673550	5618	10108
1715.723555	5618	10108
1715.773560	5570	10108
1715.823565	5570	10092
1715.873570	5570	10080
1715.923575	5570	10048
1715.973580	5570	10048
1716.023585	5542	10028
1716.073590	5542	9984
1716.123595	5530	9984
1716.173600	5514	9984
1716.223605	5514	9984
1716.273610	5514	9972
1716.323615	5514	9972
1716.373620	5514	9972
1716.423625	5514	9972
1716.473630	5514	9972
1716.523635	5514	9972
1716.573640	5514	9972
1716.623645	5514	9972
1716.673650	5514	9972
1716.723655	5514	9972
1716.773660	5514	9972
1716.823665	5514	9972
1716.873670	5514	9972
1716.923675	5514	9972
1716.973680	5514	9972
1717.023685	5514	9972
1717.073690	5514	9972
1717.123695	5514	9972
1717.173700	5514	9972
1717.223705	5514	9972
1717.273710	5514	9972
1717.323715	5514	9972
1717.373720	5514	9972
1717.423725	5514	9972
1717.473730	5514	9972
1717.523735	5514	9972
1717.573740	5514	9972
1717.623745	5514	9972
1717.673750	5514	9972
1717.723755	5514	9972
1717.773760	5514	9972
1717.823765	5514	9972
1717.873770	5514	9972
1717.923775	5514	9972
1717.973780	5514	9972
1718.023785	5506	9956
1718.073790	5506	9956
1718.123795	5506	9948
1718.173800	5506	9932
1718.223805	5506	9932
1718.273810	5506	9932
1718.323815	5506	9932
1718.373820	5506	9932
1718.423825	5506	9932
1718.473830	5506	9932
1718.523835	5506	9932
1718.573840	5506	9932
1718.623845	5506	9932
1718.673850	5506	9932
1718.723855	5506	9932
1718.773860	5506	9904
1718.823865	5506	9888
1718.873870	5506	9848
1718.923875	5506	9848
1718.973880	5506	9836
1719.023885	5506	9824
1719.073890	5506	9792
1719.123895	5506	9748
1719.173900	5506	9692
1719.223905	5449	9644
1719.273910	5401	9580
1719.323915	5377	9556
1719.373920	5357	9536
1719.423925	5357	9512
1719.473930	5357	9512
1719.523935	5357	9512
1719.573940	5333	9508
1719.623945	5333	9500
1719.673950	5305	9496
1719.723955	5301	9496
1719.773960	5297	9476
1719.823965	5297	9476
1719.873970	5297	9472
1719.923975	5297	9472
1719.973980	5289	9472
1720.023985	5289	9472
1720.073990	5281	9456
1720.123995	5281	9456
1720.174000	5281	9456
1720.224005	5281	9456
1720.274010	5281	9456
1720.324015	5277	9456
1720.374020	5277	9456
1720.424025	5261	9456
1720.474030	5261	9456
1720.524035	5261	9456
1720.574040	5261	9456
1720.624045	5261	9456
1720.674050	5249	9456
1720.724055	5249	9456
1720.774060	5249	9456
1720.824065	5249	9456
1720.874070	5249	9456
1720.924075	5245	9456
1720.974080	5245	9456
1721.024085	5245	9456
1721.074090	5245	9456
1721.124095	5245	9456
1721.174100	5245	9456
1721.224105	5245	9456
1721.274110	5245	9456
1721.324115	5245	9456
1721.374120	5245	9456
1721.424125	5245	9456
1721.474130	5245	9456
1721.524135	5245	9456
1721.574140	5245	9456
1721.624145	5245	9456
1721.674150	5245	9456
1721.724155	5245	9456
1721.774160	5245	9628
1721.824165	5245	10120
1721.874170	5245	10384
1721.924175	5245	10572
1721.974180	5245	10636
1722.024185	5245	10672
1722.074190	5245	10684
1722.124195	5245	10740
1722.174200	5245	10776
1722.224205	5245	10804
1722.274210	5245	10804
1722.323215	5245	10804
1722.373220	5245	10804
1722.423225	5245	10804
1722.473230	5245	10804
1722.523235	5245	10804
1722.573240	5245	10804
1722.623245	5245	10804
1722.673250	5245	10804
1722.723255	5245	10804
1722.773260	5245	10804
1722.823265	5245	10804
1722.873270	5245	10804
1722.923275	5245	10804
1722.973280	5245	10804
1723.023285	5245	10804
1723.073290	5245	10820
1723.123295	5245	10820
1723.173300	5245	10820
1723.223305	5245	10820
1723.273310	5245	10820
1723.323315	5245	10820
1723.373320	5245	10820
1723.423325	5245	10864
1723.473330	5245	10924
1723.523335	5245	11016
1723.573340	5245	11048
1723.623345	5245	11048
1723.673350	5245	11048
1723.723355	5245	11048
1723.773360	5245	11048
1723.823365	5245	11048
1723.873370	5245	11048
1723.923375	5245	11048
1723.973380	5245	11048
1724.023385	5245	11048
1724.073390	5245	11048
1724.123395	5245	11048
1724.173400	5245	11048
1724.223405	5261	11048
1724.273410	5273	11048
1724.323415	5317	11048
1724.373420	5325	11048
1724.423425	5381	11048
1724.473430	5401	11048
1724.523435	5401	11048
1724.573440	5445	11048
1724.623445	5506	11048
1724.673450	5514	11048
1724.723455	5550	11048
1724.773460	5590	11048
1724.823465	5682	11048
1724.873470	5834	11048
1724.923475	6010	11048
1724.973480	6070	11028
1725.023485	6074	10976
1725.073490	6090	10928
1725.123495	6150	10892
1725.173500	6166	10868
1725.223505	6222	10868
1725.273510	6222	10860
1725.323515	6234	10844
1725.373520	6234	10844
1725.423525	6234	10844
1725.473530	6234	10844
1725.523535	6238	10844
1725.573540	6238	10840
1725.623545	6238	10808
1725.673550	6238	10808
1725.723555	6238	10808
1725.773560	6238	10796
1725.823565	6238	10796
1725.873570	6238	10796
1725.923575	6238	10796
1725.973580	6238	10796
1726.023585	6238	10796
1726.073590	6238	10788
1726.123595	6238	10780
1726.173600	6238	10768
1726.223605	6238	10768
1726.273610	6238	10748
1726.323615	6238	10720
1726.373620	6238	10688
1726.423625	6238	10680
1726.473630	6238	10624
1726.523635	6238	10624
1726.573640	6238	10624
1726.623645	6238	10624
1726.673650	6238	10624
1726.723655	6238	10616
1726.773660	6238	10588
1726.823665	6238	10540
1726.873670	6238	10432
1726.923675	6238	10328
1726.973680	6238	10240
1727.023685	6238	10140
1727.073690	6230	9932
1727.123695	6150	9740
1727.173700	6098	9740
1727.223705	6098	9740
1727.273710	6094	9740
1727.323715	6094	9740
1727.373720	6094	9740
1727.423725	6094	9740
1727.473730	6094	9740
1727.523735	6074	9740
1727.573740	6074	9740
1727.623745	6074	9740
1727.673750	6074	9740
1727.723755	6074	9720
1727.773760	6074	9704
1727.823765	6074	9684
1727.873770	6074	9672
1727.923775	6074	9652
1727.973780	6070	9636
1728.023785	6070	9596
1728.073790	6046	9596
1728.123795	6038	9564
1728.173800	6038	9540
1728.223805	6006	9540
1728.273810	6006	9528
1728.323815	6006	9528
1728.373820	5994	9528
1728.423825	5994	9528
1728.473830	5994	9528
1728.523835	5994	9528
1728.573840	5986	9528
1728.623845	5986	9528
1728.673850	5986	9528
1728.723855	5982	9528
1728.773860	5978	9528
1728.823865	5954	9528
1728.873870	5954	9528
1728.923875	5954	9528
1728.973880	5954	9528
1729.023885	5954	9528
1729.073890	5954	9528
1729.123895	5954	9528
1729.173900	5954	9528
1729.223905	5954	9528
1729.273910	5954	9528
1729.323915	5954	9528
1729.373920	5954	9528
1729.423925	5950	9528
1729.473930	5950	9528
1729.523935	5950	9528
1729.573940	5950	9528
1729.623945	5950	9528
1729.673950	5950	9528
1729.723955	5950	9528
1729.773960	5950	9528
1729.823965	5950	9528
1729.873970	5950	9528
1729.923975	5950	9528
1729.973980	5950	9528
1730.023985	5950	9528
1730.073990	5950	9528
1730.123995	5950	9528
1730.174000	5950	9528
1730.224005	5950	9528
1730.274010	5950	9528
1730.324015	5950	9528
1730.374020	5950	9528
1730.424025	5946	9528
1730.474030	5946	9528
1730.524035	5946	9528
1730.574040	5946	9528
1730.624045	5946	9528
1730.674050	5942	9528
1730.724055	5942	9528
1730.774060	5942	9528
1730.824065	5942	9528
1730.874070	5942	9528
1730.924075	5942	9528
1730.974080	5942	9528
1731.024085	5922	9528
1731.074090	5922	9528
1731.124095	5922	9528
1731.174100	5922	9528
1731.224105	5922	9528
1731.274110	5922	9528
1731.324115	5922	9528
1731.374120	5922	9528
1731.424125	5922	9528
1731.474130	5922	9528
1731.524135	5922	9528
1731.574140	5922	9528
1731.624145	5922	9528
1731.674150	5922	9528
1731.724155	5922	9528
1731.774160	5922	9528
1731.824165	5918	9528
1731.874170	5918	9528
1731.924175	5918	9528
1731.974180	5918	9528
1732.024185	5918	9528
1732.074190	5918	9528
1732.124195	5918	9528
1732.174200	5918	9528
1732.224205	5918	9536
1732.274210	5918	9552
1732.324215	5918	9560
1732.374220	5918	9564
1732.424225	5918	9592
1732.474230	5918	9592
1732.524235	5918	9592
1732.574240	5918	9592
1732.624245	5918	9592
1732.674250	5918	9592
1732.724255	5918	9592
1732.774260	5918	9592
1732.824265	5918	9592
1732.874270	5918	9592
1732.924275	5918	9592
1732.974280	5918	9592
1733.024285	5918	9592
1733.074290	5918	9592
1733.124295	5918	9592
1733.174300	5918	9592
1733.224305	5918	9592
1733.274310	5918	9592
1733.324315	5918	9592
1733.374320	5918	9592
1733.424325	5918	9592
1733.474330	5918	9592
1733.524335	5914	9592
1733.574340	5914	9592
1733.624345	5906	9592
1733.674350	5906	9592
1733.724355	5906	9592
1733.774360	5898	9592
1733.824365	5898	9592
1733.874370	5874	9592
1733.924375	5838	9592
1733.974380	5838	9592
1734.024385	5810	9592
1734.074390	5778	9592
1734.124395	5754	9592
1734.174400	5530	9384
1734.224405	5245	9220
1734.274410	5209	9212
1734.324415	5209	9192
1734.374420	5185	9156
1734.424425	5185	9048
1734.474430	5121	8968
1734.524435	4933	8856
1734.574440	4813	8748
1734.624445	4749	8672
1734.674450	4681	8580
1734.724455	4637	8520
1734.774460	4629	8484
1734.824465	4629	8460
1734.874470	4629	8396
1734.924475	4629	8308
1734.974480	4629	8260
1735.024485	4629	8168
1735.074490	4629	8160
1735.124495	4629	8132
1735.174500	4629	8092
1735.224505	4625	8072
1735.274510	4625	7988
1735.324515	4613	7936
1735.374520	4565	7820
1735.424525	4457	7732
1735.474530	4457	7648
1735.524535	4457	7516
1735.574540	4457	7460
1735.624545	4457	7396
1735.674550	4457	7376
1735.724555	4457	7376
1735.774560	4457	7376
1735.824565	4457	7376
1735.874570	4457	7376
1735.924575	4457	7376
1735.974580	4457	7376
1736.024585	4457	7376
1736.074590	4457	7376
1736.124595	4457	7376
1736.174600	4457	7376
1736.224605	4457	7376
1736.274610	4457	7376
1736.324615	4457	7376
1736.374620	4457	7376
1736.424625	4457	7376
1736.474630	4457	7376
1736.524635	4457	7376
1736.574640	4457	7376
1736.624645	4457	7376
1736.674650	4457	7376
1736.724655	4457	7376
1736.774660	4457	7376
1736.824665	4457	7280
1736.874670	4457	7192
1736.924675	4457	7128
1736.974680	4457	7092
1737.024685	4457	7040
1737.074690	4445	6976
1737.124695	4425	6928
1737.174700	4393	6852
1737.224705	4341	6852
1737.274710	4341	6816
1737.324715	4333	6780
1737.374720	4309	6760
1737.424725	4309	6724
1737.474730	4309	6696
1737.524735	4309	6616
1737.574740	4297	6536
1737.624745	4297	6532
1737.674750	4277	6492
1737.724755	4221	6480
1737.774760	4221	6408
1737.824765	4221	6364
1737.874770	4221	6328
1737.924775	4221	6296
1737.974780	4221	6252
1738.024785	4221	6212
1738.074790	4221	6196
1738.124795	4221	6184
1738.174800	4221	6132
1738.224805	4221	6076
1738.274810	4221	6028
1738.324815	4225	5928
1738.374820	4269	5920
1738.424825	4269	5920
1738.474830	4269	5856
1738.524835	4269	5852
1738.574840	4269	5852
1738.624845	4269	5852
1738.674850	4269	5812
1738.724855	4269	5812
1738.774860	4269	5812
1738.824865	4269	5812
1738.874870	4269	5764
1738.924875	4269	5740
1738.974880	4269	5740
1739.024885	4269	5740
1739.074890	4269	5740
1739.124895	4269	5740
1739.174900	4273	5728
1739.224905	4477	5580
1739.274910	4681	5464
1739.324915	4717	5428
1739.374920	4717	5428
1739.424925	4717	5428
1739.474930	4801	5352
1739.524935	4821	5324
1739.574940	4917	5312
1739.624945	5017	5312
1739.674950	5017	5312
1739.724955	5017	5312
1739.773960	5017	5312
1739.823965	5017	5312
1739.873970	5017	5312
1739.923975	5017	5312
1739.973980	5017	5312
1740.023985	5017	5300
1740.073990	5017	5276
1740.123995	5017	5260
1740.174000	5017	5208
1740.224005	5017	5208
1740.274010	4981	5156
1740.324015	4941	5144
1740.374020	4873	5132
1740.424025	4797	5108
1740.474030	4733	5092
1740.524035	4673	5032
1740.574040	4641	4996
1740.624045	4637	4996
1740.674050	4589	4996
1740.724055	4549	4976
1740.774060	4453	4976
1740.824065	4353	4972
1740.874070	4345	4932
1740.924075	4333	4912
1740.974080	4333	4912
1741.024085	4333	4904
1741.074090	4301	4904
1741.124095	4301	4904
1741.174100	4301	4904
1741.224105	4297	4904
1741.274110	4293	4904
1741.324115	4293	4904
1741.374120	4293	4904
1741.424125	4293	4904
1741.474130	4293	4884
1741.524135	4289	4884
1741.574140	4289	4884
1741.624145	4289	4884
1741.674150	4289	4884
1741.724155	4277	4884
1741.774160	4277	4884
1741.824165	4277	4884
1741.874170	4277	4884
1741.924175	4277	4884
1741.974180	4277	4884
1742.024185	4277	4884
1742.074190	4277	4884
1742.124195	4277	4884
1742.174200	4277	4884
1742.224205	4277	4884
1742.274210	4277	4884
1742.324215	4277	4884
1742.374220	4277	4884
1742.424225	4277	4884
1742.474230	4277	4884
1742.524235	4277	4884
1742.574240	4277	4884
1742.624245	4277	4884
1742.674250	4277	4884
1742.724255	4277	4884
1742.774260	4277	4884
1742.824265	4277	4884
1742.874270	4277	4884
1742.924275	4277	4884
1742.974280	4277	4884
1743.024285	4277	4884
1743.074290	4277	4884
1743.124295	4277	4884
1743.174300	4277	4884
1743.224305	4277	4884
1743.274310	4277	4884
1743.324315	4277	4884
1743.374320	4277	4884
1743.424325	4277	4884
1743.474330	4277	4884
1743.524335	4277	4884
1743.574340	4277	4884
1743.624345	4277	4884
1743.674350	4277	4884
1743.724355	4277	4884
1743.774360	4277	4884
1743.824365	4253	4884
1743.874370	4253	4884
1743.924375	4253	4884
1743.974380	4253	4884
1744.024385	4253	4884
1744.074390	4253	4884
1744.124395	4253	4884
1744.174400	4253	4884
1744.224405	4253	4884
1744.274410	4253	4884
1744.324415	4253	4852
1744.374420	4265	4740
1744.424425	4265	4700
1744.474430	4313	4676
1744.524435	4345	4652
1744.574440	4357	4628
1744.624445	4429	4572
1744.674450	4445	4572
1744.724455	4445	4560
1744.774460	4461	4552
1744.824465	4493	4532
1744.874470	4497	4516
1744.924475	4521	4496
1744.974480	4557	4448
1745.024485	4585	4424
1745.074490	4585	4408
1745.124495	4645	4336
1745.174500	4697	4264
1745.224505	4701	4264
1745.274510	4701	4240
1745.324515	4709	4208
1745.374520	4709	4176
1745.424525	4709	4176
1745.474530	4709	4176
1745.524535	4709	4176
1745.574540	4709	4176
1745.624545	4709	4164
1745.674550	4721	4132
1745.724555	4761	4128
1745.774560	4761	4128
1745.824565	4801	4040
1745.874570	4869	4020
1745.924575	4889	3988
1745.974580	4997	3912
1746.024585	5033	3872
1746.074590	5061	3872
1746.124595	5117	3872
1746.174600	5153	3872
1746.224605	5177	3864
1746.274610	5301	3828
1746.324615	5341	3788
1746.374620	5502	3704
1746.424625	5634	3680
1746.474630	5670	3676
1746.524635	5674	3676
1746.574640	5682	3676
1746.624645	5682	3676
1746.674650	5682	3676
1746.724655	5682	3676
1746.774660	5682	3676
1746.824665	5694	3676
1746.874670	5698	3676
1746.924675	5746	3676
1746.974680	5850	3676
1747.024685	5878	3656
1747.074690	6078	3648
1747.124695	6202	3608
1747.174700	6554	3588
1747.224705	6882	3588
1747.274710	7178	3588
1747.324715	7270	3588
1747.374720	7270	3588
1747.424725	7290	3588
1747.474730	7514	3588
1747.524735	7590	3588
1747.574740	7654	3588
1747.624745	7658	3588
1747.674750	7750	3588
1747.724755	7830	3588
1747.774760	7906	3540
1747.824765	7990	3464
1747.874770	8058	3432
1747.924775	8086	3432
1747.974780	8174	3364
1748.024785	8302	3360
1748.074790	8402	3360
1748.124795	8494	3360
1748.174800	8526	3360
1748.224805	8614	3360
1748.274810	8614	3360
1748.324815	8614	3360
1748.374820	8614	3360
1748.424825	8614	3360
1748.474830	8614	3360
1748.524835	8614	3360
1748.574840	8614	3360
1748.624845	8614	3360
1748.674850	8614	3360
1748.724855	8614	3360
1748.774860	8614	3360
1748.824865	8614	3360
1748.874870	8614	3360
1748.924875	8614	3360
1748.974880	8614	3360
1749.024885	8614	3360
1749.074890	8614	3360
1749.124895	8614	3360
1749.174900	8614	3360
1749.224905	8614	3360
1749.274910	8614	3360
1749.324915	8614	3360
1749.374920	8614	3360
1749.424925	8614	3360
1749.474930	8614	3360
1749.524935	8614	3360
1749.574940	8614	3360
1749.624945	8614	3360
1749.674950	8614	3360
1749.724955	8614	3360
1749.774960	8614	3360
1749.824965	8614	3360
1749.874970	8614	3360
1749.924975	8614	3360
1749.974980	8614	3360
1750.024985	8614	3360
1750.074990	8614	3360
1750.124995	8614	3360
1750.175000	8614	3344
1750.225005	8614	3292
1750.275010	8614	3160
1750.325015	8614	3156
1750.375020	8622	3124
1750.425025	8622	3124
1750.475030	8622	3124
1750.525035	8622	3124
1750.575040	8622	3056
1750.625045	8726	2936
1750.675050	8902	2900
1750.725055	8902	2900
1750.775060	8902	2876
1750.825065	8902	2832
1750.875070	8814	2512
1750.925075	8370	2392
1750.975080	7978	2244
1751.025085	7418	2168
1751.075090	6346	1968
1751.125095	5365	1852
1751.175100	4529	1760
1751.225105	4165	1664
1751.275110	3917	1580
1751.325115	3597	1560
1751.375120	3241	1556
1751.425125	2913	1488
1751.475130	2445	1384
1751.525135	1985	1300
1751.575140	1221	776
1751.625145	801	464
1751.675150	621	368
1751.725155	165	292
1751.775160	0	292
1751.825165	0	292
1751.875170	0	292
1751.925175	0	292
1751.975180	0	292
1752.025185	0	292
1752.075190	0	292
1752.125195	0	292
1752.175200	0	276
1752.225205	0	276
1752.275210	0	276
1752.325215	0	276
1752.375220	0	276
1752.425225	0	276
1752.475230	0	276
1752.525235	0	276
1752.575240	0	276
1752.625245	0	276
1752.675250	0	276
1752.725255	0	276
1752.775260	0	276
1752.825265	0	276
1752.875270	0	276
1752.925275	0	244
1752.975280	0	0
1753.025285	0	0
1753.075290	0	0
1753.125295	0	0
1753.175300	0	0
1753.225305	0	0
1753.275310	0	0
1753.325315	0	0
1753.375320	0	0
1753.425325	0	0
1753.475330	0	0
1753.525335	0	0
1753.575340	0	0
1753.625345	0	0
1753.675350	0	0
1753.725355	0	0
1753.775360	0	0
1753.825365	0	0
1753.875370	0	0
1753.925375	0	0
1753.975380	0	0
1754.025385	0	0
1754.075390	0	0
1754.125395	0	0
1754.175400	0	0
1754.225405	0	0
1754.275410	0	0
1754.325415	0	0
1754.375420	0	0
1754.425425	0	0
1754.475430	0	0
1754.525435	0	0
1754.575440	0	0
1754.625445	0	0
1754.675450	0	0
1754.725455	0	0
1754.775460	0	0
1754.825465	0	0
1754.875470	0	0
1754.925475	0	0
1754.975480	0	0
1755.025485	0	0
1755.075490	0	0
1755.125495	0	0
1755.175500	0	0
1755.225505	0	0
1755.275510	0	0
1755.325515	0	0
1755.375520	0	0
1755.425525	0	0
1755.475530	0	0
1755.525535	0	0
1755.575540	0	0
1755.625545	0	0
1755.675550	0	0
1755.725555	0	0
1755.775560	0	0
1755.825565	0	0
1755.875570	0	0
1755.925575	0	0
1755.975580	0	0
1756.025585	0	0
1756.075590	0	0
1756.125595	0	0
1756.175600	0	0
1756.225605	0	0
1756.275610	0	0
1756.325615	0	0
1756.375620	0	0
1756.425625	0	0
1756.475630	0	0
1756.525635	0	0
1756.575640	0	0
1756.625645	0	0
1756.675650	0	0
1756.725655	0	0
1756.775660	0	0
1756.825665	0	0
1756.875670	0	0
1756.925675	0	0
1756.975680	0	0
1757.025685	0	0
1757.075690	0	0
1757.125695	0	0
1757.175700	0	0
1757.225705	0	0
1757.274710	0	0
1757.324715	0	0
1757.374720	0	0
1757.424725	0	0
1757.474730	0	0
1757.524735	0	0
1757.574740	0	0
1757.624745	0	0
1757.674750	0	0
1757.724755	0	0
1757.774760	0	0
1757.824765	0	0
1757.874770	0	0
1757.924775	0	0
1757.974780	0	0
1758.024785	0	0
1758.074790	0	0
1758.124795	0	0
1758.174800	0	0
1758.224805	0	0
1758.274810	0	0
1758.324815	0	0
1758.374820	0	0
1758.424825	0	0
1758.474830	0	0
1758.524835	0	0
1758.574840	0	0
1758.624845	0	0
1758.674850	0	0
1758.724855	0	0
1758.774860	0	0
1758.824865	0	0
1758.874870	0	0
1758.924875	0	0
1758.974880	0	0
1759.024885	0	0
1759.074890	0	0
1759.124895	0	0
1759.174900	0	0
1759.224905	0	0
1759.274910	0	0
1759.324915	0	0
1759.374920	0	0
1759.424925	0	0
1759.474930	0	0
1759.524935	0	0
1759.574940	0	0
1759.624945	0	0
1759.674950	0	0
1759.724955	0	0
1759.774960	0	0
1759.824965	0	0
1759.874970	0	0
1759.924975	0	0
1759.974980	0	0
1760.024985	0	0
1760.074990	0	0
1760.124995	0	0
1760.175000	0	0
1760.225005	0	0
1760.275010	0	0
1760.325015	0	0
1760.375020	0	0
1760.425025	0	0
1760.475030	0	0
1760.525035	0	0
1760.575040	0	0
1760.625045	0	0
1760.675050	0	0
1760.725055	0	0
1760.775060	0	0
1760.825065	0	0
1760.875070	0	0
1760.925075	0	0
1760.975080	0	0
1761.025085	0	0
1761.075090	0	0
1761.125095	0	0
1761.175100	0	0
1761.225105	0	0
1761.275110	0	0
1761.325115	0	0
1761.375120	0	0
1761.425125	0	0
1761.475130	0	0
1761.525135	0	0
1761.575140	0	0
1761.625145	0	0
1761.675150	0	0
1761.725155	0	0
1761.775160	0	0
1761.825165	0	0
1761.875170	0	0
1761.925175	0	0
1761.975180	0	0
1762.025185	0	0
1762.075190	0	0
1762.125195	0	0
1762.175200	0	0
1762.225205	0	0
1762.275210	0	0
1762.325215	0	0
1762.375220	0	0
1762.425225	0	0
1762.475230	0	0
1762.525235	0	0
1762.575240	0	0
1762.625245	0	0
1762.675250	0	0
1762.725255	0	0
1762.775260	0	0
1762.825265	0	0
1762.875270	0	0
1762.925275	0	0
1762.975280	0	0
1763.025285	0	0
1763.075290	0	0
1763.125295	0	0
1763.175300	0	0
1763.225305	0	0
1763.275310	0	0
1763.325315	0	0
1763.375320	0	0
1763.425325	0	0
1763.475330	0	0
1763.525335	0	0
1763.575340	0	0
1763.625345	0	0
1763.675350	0	0
1763.725355	0	0
1763.775360	0	0
1763.825365	0	0
1763.875370	0	0
1763.925375	0	0
1763.975380	0	0
1764.025385	0	0
1764.075390	0	0
1764.125395	0	0
1764.175400	0	0
1764.225405	0	0
1764.275410	0	0
1764.325415	0	0
1764.375420	0	0
1764.425425	0	0
1764.475430	0	0
1764.525435	0	0
1764.575440	0	0
1764.625445	0	0
1764.675450	0	0
1764.725455	0	0
1764.775460	0	0
1764.825465	0	0
1764.875470	0	0
1764.925475	0	0
1764.975480	0	0
1765.025485	0	0
1765.075490	0	0
1765.125495	0	0
1765.175500	0	0
1765.225505	0	0
1765.275510	0	0
1765.325515	0	0
1765.375520	0	0
1765.425525	0	0
1765.475530	0	0
1765.525535	0	0
1765.575540	0	0
1765.625545	0	0
1765.675550	0	0
1765.725555	0	0
1765.775560	0	0
1765.825565	0	0
1765.875570	0	0
1765.925575	0	0
1765.975580	0	0
1766.025585	0	0
1766.075590	0	0
1766.125595	0	0
1766.175600	0	0
1766.225605	0	0
1766.275610	0	0
1766.325615	0	0
1766.375620	0	0
1766.425625	0	0
1766.475630	0	0
1766.525635	0	0
1766.575640	0	0
1766.625645	0	0
1766.675650	0	0
1766.725655	0	0
1766.775660	0	0
1766.825665	0	0
1766.875670	0	0
1766.925675	0	0
1766.975680	0	0
1767.025685	0	0
1767.075690	0	0
1767.125695	0	0
1767.175700	0	0
1767.225705	0	0
1767.275710	0	0
1767.325715	0	0
1767.375720	0	0
1767.425725	0	0
1767.475730	0	0
1767.525735	0	0
1767.575740	0	0
1767.625745	0	0
1767.675750	0	0
1767.725755	0	0
1767.775760	0	0
1767.825765	0	0
1767.875770	0	0
1767.925775	0	0
1767.975780	0	0
1768.025785	0	0
1768.075790	0	0
1768.125795	0	0
1768.175800	0	0
1768.225805	0	0
1768.275810	0	0
1768.325815	0	0
1768.375820	0	0
1768.425825	0	0
1768.475830	0	0
1768.525835	0	0
1768.575840	0	0
1768.625845	0	0
1768.675850	0	0
1768.725855	0	0
1768.775860	0	0
1768.825865	0	0
1768.875870	0	0
1768.925875	0	0
1768.975880	0	0
1769.025885	0	0
1769.075890	0	0
1769.125895	0	0
1769.175900	0	0
1769.225905	0	0
1769.275910	0	0
1769.325915	0	0
1769.375920	0	0
1769.425925	0	0
1769.475930	0	0
1769.525935	0	0
1769.575940	0	0
1769.625945	0	0
1769.675950	0	0
1769.725955	0	0
1769.775960	0	0
1769.825965	0	0
1769.875970	0	0
1769.925975	0	0
1769.975980	0	0
1770.025985	0	0
1770.075990	0	0
1770.125995	0	0
1770.176000	0	0
1770.226005	0	0
1770.276010	0	0
1770.326015	0	0
1770.376020	0	0
1770.426025	0	0
1770.476030	0	0
1770.526035	0	0
1770.576040	0	0
1770.626045	0	0
1770.676050	0	0
1770.726055	0	0
1770.776060	0	0
1770.826065	0	0
1770.876070	0	0
1770.926075	0	0
1770.976080	0	0
1771.026085	0	0
1771.076090	0	0
1771.126095	0	0
1771.176100	0	0
1771.226105	0	0
1771.276110	0	0
1771.326115	0	0
1771.376120	0	0
1771.426125	0	0
1771.476130	0	0
1771.526135	0	0
1771.576140	0	0
1771.626145	0	0
1771.676150	0	0
1771.726155	0	0
1771.776160	0	0
1771.826165	0	0
1771.876170	0	0
1771.926175	0	0
1771.976180	0	0
1772.026185	0	0
1772.076190	0	0
1772.126195	0	0
1772.176200	0	0
1772.226205	0	0
1772.276210	0	0
1772.326215	0	0
1772.376220	0	0
1772.426225	0	0
1772.476230	0	0
1772.526235	0	0
1772.576240	0	0
1772.626245	0	0
1772.676250	0	0
1772.726255	0	0
1772.776260	0	0
1772.826265	0	0
1772.876270	0	0
1772.926275	0	0
1772.976280	0	0
1773.026285	0	0
1773.076290	0	0
1773.126295	0	0
1773.176300	0	0
1773.226305	0	0
1773.276310	0	0
1773.326315	0	0
1773.376320	0	0
1773.426325	0	0
1773.476330	0	0
1773.526335	0	0
1773.576340	0	0
1773.626345	0	0
1773.676350	0	0
1773.726355	0	0
1773.776360	0	0
1773.826365	0	0
1773.876370	0	0
1773.926375	0	0
1773.976380	0	0
1774.026385	0	0
1774.076390	0	0
1774.126395	0	0
1774.176400	0	0
1774.226405	0	0
1774.276410	0	0
1774.326415	0	0
1774.376420	0	0
1774.426425	0	0
1774.476430	0	0
1774.526435	0	0
1774.576440	0	0
1774.626445	0	0
1774.676450	0	0
1774.726455	0	0
1774.775460	0	0
1774.825465	0	0
1774.875470	0	0
1774.925475	0	0
1774.975480	0	0
1775.025485	0	0
1775.075490	0	0
1775.125495	0	0
1775.175500	0	0
1775.225505	0	0
1775.275510	0	0
1775.325515	0	0
1775.375520	0	0
1775.425525	0	0
1775.475530	0	0
1775.525535	0	0
1775.575540	0	0
1775.625545	0	0
1775.675550	0	0
1775.725555	0	0
1775.775560	0	0
1775.825565	0	0
1775.875570	0	0
1775.925575	0	0
1775.975580	0	0
1776.025585	0	0
1776.075590	0	0
1776.125595	0	0
1776.175600	0	0
1776.225605	0	0
1776.275610	0	0
1776.325615	0	0
1776.375620	0	0
1776.425625	0	0
1776.475630	0	0
1776.525635	0	0
1776.575640	0	0
1776.625645	0	0
1776.675650	0	0
1776.725655	0	0
1776.775660	0	0
1776.825665	0	0
1776.875670	0	0
1776.925675	0	0
1776.975680	0	0
1777.025685	0	0
1777.075690	0	0
1777.125695	0	0
1777.175700	0	0
1777.225705	0	0
1777.275710	0	0
1777.325715	0	0
1777.375720	0	0
1777.425725	0	0
1777.475730	0	0
1777.525735	0	0
1777.575740	0	0
1777.625745	0	0
1777.675750	0	0
1777.725755	0	0
1777.775760	0	0
1777.825765	0	0
1777.875770	0	0
1777.925775	0	0
1777.975780	0	0
1778.025785	0	0
1778.075790	0	0
1778.125795	0	0
1778.175800	0	0
1778.225805	0	0
1778.275810	0	0
1778.325815	0	0
1778.375820	0	0
1778.425825	0	0
1778.475830	0	0
1778.525835	0	0
1778.575840	0	0
1778.625845	0	0
1778.675850	0	0
1778.725855	0	0
1778.775860	0	0
1778.825865	0	0
1778.875870	0	0
1778.925875	0	0
1778.975880	0	0
1779.025885	0	0
1779.075890	0	0
1779.125895	0	0
1779.175900	0	0
1779.225905	0	0
1779.275910	0	0
1779.325915	0	0
1779.375920	0	0
1779.425925	0	0
1779.475930	0	0
1779.525935	0	0
1779.575940	0	0
1779.625945	0	0
1779.675950	0	0
1779.725955	0	0
1779.775960	0	0
1779.825965	0	0
1779.875970	0	0
1779.925975	0	0
1779.975980	0	0
1780.025985	0	0
1780.075990	0	0
1780.125995	0	0
1780.176000	0	0
1780.226005	0	0
1780.276010	0	0
1780.326015	0	0
1780.376020	0	0
1780.426025	0	0
1780.476030	0	0
1780.526035	0	0
1780.576040	0	0
1780.626045	0	0
1780.676050	0	0
1780.726055	0	0
1780.776060	0	0
1780.826065	0	0
1780.876070	0	0
1780.926075	0	0
1780.976080	0	0
1781.026085	0	0
1781.076090	0	0
1781.126095	0	0
1781.176100	0	0
1781.226105	0	0
1781.276110	0	0
1781.326115	0	0
1781.376120	0	0
1781.426125	0	0
1781.476130	0	0
1781.526135	0	0
1781.576140	0	0
1781.626145	0	0
1781.676150	0	0
1781.726155	0	0
1781.776160	0	0
1781.826165	0	0
1781.876170	0	0
1781.926175	0	0
1781.976180	0	0
1782.026185	0	0
1782.076190	0	0
1782.126195	0	0
1782.176200	0	0
1782.226205	0	0
1782.276210	0	0
1782.326215	0	0
1782.376220	0	0
1782.426225	0	0
1782.476230	0	0
1782.526235	0	0
1782.576240	0	0
1782.626245	0	0
1782.676250	0	0
1782.726255	0	0
1782.776260	0	0
1782.826265	0	0
1782.876270	0	0
1782.926275	0	0
1782.976280	0	0
1783.026285	0	0
1783.076290	0	0
1783.126295	0	0
1783.176300	0	0
1783.226305	0	0
1783.276310	0	0
1783.326315	0	0
1783.376320	0	0
1783.426325	0	0
1783.476330	0	0
1783.526335	0	0
1783.576340	0	0
1783.626345	0	0
1783.676350	0	0
1783.726355	0	0
1783.776360	0	0
1783.826365	0	0
1783.876370	0	0
1783.926375	0	0
1783.976380	0	0
1784.026385	0	0
1784.076390	0	0
1784.126395	0	0
1784.176400	0	0
1784.226405	0	0
1784.276410	0	0
1784.326415	0	0
1784.376420	0	0
1784.426425	0	0
1784.476430	0	0
1784.526435	0	0
1784.576440	0	0
1784.626445	0	0
1784.676450	0	0
1784.726455	0	0
1784.776460	0	0
1784.826465	0	0
1784.876470	0	0
1784.926475	0	0
1784.976480	0	0
1785.026485	0	0
1785.076490	0	0
1785.126495	0	0
1785.176500	0	0
1785.226505	0	0
1785.276510	0	0
1785.326515	0	0
1785.376520	0	0
1785.426525	0	0
1785.476530	0	0
1785.526535	0	0
1785.576540	0	0
1785.626545	0	0
1785.676550	0	0
1785.726555	0	0
1785.776560	0	0
1785.826565	0	0
1785.876570	0	0
1785.926575	0	0
1785.976580	0	0
1786.026585	0	0
1786.076590	0	0
1786.126595	0	0
1786.176600	0	0
1786.226605	0	0
1786.276610	0	0
1786.326615	0	0
1786.376620	0	0
1786.426625	0	0
1786.476630	0	0
1786.526635	0	0
1786.576640	0	0
1786.626645	0	0
1786.676650	0	0
1786.726655	0	0
1786.776660	0	0
1786.826665	0	0
1786.876670	0	0
1786.926675	0	0
1786.976680	0	0
1787.026685	0	0
1787.076690	0	0
1787.126695	0	0
1787.176700	0	0
1787.226705	0	0
1787.276710	0	0
1787.326715	0	0
1787.376720	0	0
1787.426725	0	0
1787.476730	0	0
1787.526735	0	0
1787.576740	0	0
1787.626745	0	0
1787.676750	0	0
1787.726755	0	0
1787.776760	0	0
1787.826765	0	0
1787.876770	0	0
1787.926775	0	0
1787.976780	0	0
1788.026785	0	0
1788.076790	0	0
1788.126795	0	0
1788.176800	0	0
1788.226805	0	0
1788.276810	0	0
1788.326815	0	0
1788.376820	0	0
1788.426825	0	0
1788.476830	0	0
1788.526835	0	0
1788.576840	0	0
1788.626845	0	0
1788.676850	0	0
1788.726855	0	0
1788.776860	0	0
1788.826865	0	0
1788.876870	0	0
1788.926875	0	0
1788.976880	0	0
1789.026885	0	0
1789.076890	0	0
1789.126895	0	0
1789.176900	0	0
1789.226905	0	0
1789.276910	0	0
1789.326915	0	0
1789.376920	0	0
1789.426925	0	0
1789.476930	0	0
1789.526935	0	0
1789.576940	0	0
1789.626945	0	0
1789.676950	0	0
1789.726955	0	0
1789.776960	0	0
1789.826965	0	0
1789.876970	0	0
1789.926975	0	0
1789.976980	0	0
1790.026985	0	0
1790.076990	0	0
1790.126995	0	0
1790.177000	0	0
1790.227005	0	0
1790.277010	0	0
1790.327015	0	0
1790.377020	0	0
1790.427025	0	0
1790.477030	0	0
1790.527035	0	0
1790.577040	0	0
1790.627045	0	0
1790.677050	0	0
1790.727055	0	0
1790.777060	0	0
1790.827065	0	0
1790.877070	0	0
1790.927075	0	0
1790.977080	0	0
1791.027085	0	0
1791.077090	0	0
1791.127095	0	0
1791.177100	0	0
1791.227105	0	0
1791.277110	0	0
1791.327115	0	0
1791.377120	0	0
1791.427125	0	0
1791.477130	0	0
1791.527135	0	0
1791.577140	0	0
1791.627145	0	0
1791.677150	0	0
1791.727155	0	0
1791.777160	0	0
1791.827165	0	0
1791.877170	0	0
1791.927175	0	0
1791.977180	0	0
1792.027185	0	0
1792.077190	0	0
1792.127195	0	0
1792.177200	0	0
1792.226205	0	0
1792.276210	0	0
1792.326215	0	0
1792.376220	0	0
1792.426225	0	0
1792.476230	0	0
1792.526235	0	0
1792.576240	0	0
1792.626245	0	0
1792.676250	0	0
1792.726255	0	0
1792.776260	0	0
1792.826265	0	0
1792.876270	0	0
1792.926275	0	0
1792.976280	0	0
1793.026285	0	0
1793.076290	0	0
1793.126295	0	0
1793.176300	0	0
1793.226305	0	0
1793.276309	0	0
1793.326315	0	0
1793.376320	0	0
1793.426325	0	0
1793.476330	0	0
1793.526335	0	0
1793.576340	0	0
1793.626345	0	0
1793.676350	0	0
1793.726355	0	0
1793.776360	0	0
1793.826365	0	0
1793.876370	0	0
1793.926375	0	0
1793.976380	0	0
1794.026385	0	0
1794.076390	0	0
1794.126395	0	0
1794.176400	0	0
1794.226405	0	0
1794.276410	0	0
1794.326415	0	0
1794.376420	0	0
1794.426425	0	0
1794.476430	0	0
1794.526435	0	0
1794.576440	0	0
1794.626445	0	0
1794.676450	0	0
1794.726455	0	0
1794.776460	0	0
1794.826465	0	0
1794.876470	0	0
1794.926475	0	0
1794.976480	0	0
1795.026484	0	0
1795.076490	0	0
1795.126495	0	0
1795.176500	0	0
1795.226505	0	0
1795.276510	0	0
1795.326515	0	0
1795.376520	0	0
1795.426525	0	0
1795.476530	0	0
1795.526535	0	0
1795.576540	0	0
1795.626545	0	0
1795.676550	0	0
1795.726555	0	0
1795.776560	0	0
1795.826565	0	0
1795.876570	0	0
1795.926575	0	0
1795.976580	0	0
1796.026585	0	0
1796.076590	0	0
1796.126595	0	0
1796.176600	0	0
1796.226605	0	0
1796.276610	0	0
1796.326615	0	0
1796.376620	0	0
1796.426625	0	0
1796.476630	0	0
1796.526635	0	0
1796.576640	0	0
1796.626645	0	0
1796.676650	0	0
1796.726655	0	0
1796.776659	0	0
1796.826665	0	0
1796.876670	0	0
1796.926675	0	0
1796.976680	0	0
1797.026685	0	0
1797.076690	0	0
1797.126695	0	0
1797.176700	0	0
1797.226705	0	0
1797.276710	0	0
1797.326715	0	0
1797.376720	0	0
1797.426725	0	0
1797.476730	0	0
1797.526735	0	0
1797.576740	0	0
1797.626745	0	0
1797.676750	0	0
1797.726755	0	0
1797.776760	0	0
1797.826765	0	0
1797.876770	0	0
1797.926775	0	0
1797.976780	0	0
1798.026785	0	0
1798.076790	0	0
1798.126795	0	0
1798.176800	0	0
1798.226805	0	0
1798.276810	0	0
1798.326815	0	0
1798.376820	0	0
1798.426825	0	0
1798.476830	0	0
1798.526834	0	0
1798.576840	0	0
1798.626845	0	0
1798.676850	0	0
1798.726855	0	0
1798.776860	0	0
1798.826865	0	0
1798.876870	0	0
1798.926875	0	0
1798.976880	0	0
1799.026885	0	0
1799.076890	0	0
1799.126895	0	0
1799.176900	0	0
1799.226905	0	0
1799.276910	0	0
1799.326915	0	0
1799.376920	0	0
1799.426925	0	0
1799.476930	0	0
1799.526935	0	0
1799.576940	0	0
1799.626945	0	0
1799.676950	0	0
1799.726955	0	0
1799.776960	0	0
1799.826965	0	0
1799.876970	0	0
1799.926975	0	0
1799.976980	0	0
1800.026985	0	0
1800.076990	0	0
1800.126995	0	0
1800.177000	0	0
1800.227005	0	0
1800.277009	0	0
1800.327015	0	0
1800.377020	0	0
1800.427025	0	0
1800.477030	0	0
1800.527035	0	0
1800.577040	0	0
1800.627045	0	0
1800.677050	0	0
1800.727055	0	0
1800.777060	0	0
1800.837066	0	0
1800.877070	0	0
1800.927075	0	0
1800.977080	0	0
1801.027085	0	0
1801.077090	0	0
1801.127095	0	0
1801.177100	0	0
1801.227105	0	0
1801.277110	0	0
1801.327115	0	0
1801.377120	0	0
1801.427125	0	0
1801.477130	0	0
1801.527135	0	0
1801.577140	0	0
1801.627145	0	0
1801.677150	0	0
1801.727155	0	0
1801.777160	0	0
1801.827165	0	0
1801.877170	0	0
1801.927175	0	0
1801.977180	0	0
1802.027184	0	0
1802.077190	0	0
1802.127195	0	0
1802.177200	0	0
1802.227205	0	0
1802.277210	0	0
1802.327215	0	0
1802.377220	0	0
1802.427225	0	0
1802.477230	0	0
1802.527235	0	0
1802.577240	0	0
1802.627245	0	0
1802.677250	0	0
1802.727255	0	0
1802.777260	0	0
1802.827265	0	0
1802.877270	0	0
1802.927275	0	0
1802.977280	0	0
1803.027285	0	0
1803.077290	0	0
1803.127295	0	0
1803.177299	0	0
1803.227305	0	0
1803.277310	0	0
1803.327315	0	0
1803.377320	0	0
1803.427325	0	0
1803.477330	0	0
1803.527335	0	0
1803.577340	0	0
1803.627345	0	0
1803.677350	0	0
1803.727355	0	0
1803.777359	0	0
1803.827365	0	0
1803.877370	0	0
1803.927375	0	0
1803.977380	0	0
1804.027385	0	0
1804.077390	0	0
1804.127395	0	0
1804.177400	0	0
1804.227405	0	0
1804.277410	0	0
1804.327415	0	0
1804.377420	0	0
1804.427425	0	0
1804.477430	0	0
1804.527435	0	0
1804.577440	0	0
1804.627445	0	0
1804.677450	0	0
1804.727455	0	0
1804.777460	0	0
1804.838466	0	0
1804.877470	0	0
1804.927474	0	0
1804.977480	0	0
1805.027485	0	0
1805.077490	0	0
1805.127495	0	0
1805.177500	0	0
1805.227505	0	0
1805.277510	0	0
1805.327515	0	0
1805.377520	0	0
1805.427525	0	0
1805.477530	0	0
1805.527534	0	0
1805.577540	0	0
1805.627545	0	0
1805.677550	0	0
1805.727555	0	0
1805.777560	0	0
1805.827565	0	0
1805.877570	0	0
1805.927575	0	0
1805.977580	0	0
1806.028585	0	0
1806.077590	0	0
1806.127595	0	0
1806.177600	0	0
1806.227605	0	0
1806.277610	0	0
1806.327615	0	0
1806.377620	0	0
1806.427625	0	0
1806.477630	0	0
1806.527635	0	0
1806.577640	0	0
1806.627645	0	0
1806.677649	0	0
1806.727655	0	0
1806.777660	0	0
1806.827665	0	0
1806.877670	0	0
1806.927675	0	0
1806.977680	0	0
1807.027685	0	0
1807.077690	0	0
1807.127695	0	0
1807.177700	0	0
1807.227705	0	0
1807.277709	0	0
1807.327715	0	0
1807.377720	0	0
1807.427725	0	0
1807.477730	0	0
1807.528735	0	0
1807.577740	0	0
1807.627745	0	0
1807.677750	0	0
1807.727755	0	0
1807.777760	0	0
1807.827765	0	0
1807.877770	0	0
1807.927775	0	0
1807.977780	0	0
1808.027785	0	0
1808.077790	0	0
1808.127795	0	0
1808.177800	0	0
1808.227805	0	0
1808.277810	0	0
1808.327815	0	0
1808.377820	0	0
1808.427824	0	0
1808.477830	0	0
1808.527835	0	0
1808.577840	0	0
1808.627845	0	0
1808.677850	0	0
1808.727855	0	0
1808.777860	0	0
1808.827865	0	0
1808.877870	0	0
1808.927875	0	0
1808.977880	0	0
1809.028885	0	0
1809.077890	0	0
1809.127895	0	0
1809.177900	0	0
1809.227905	0	0
1809.277910	0	0
1809.327915	0	0
1809.377920	0	0
1809.427925	0	0
1809.477930	0	0
1809.527935	0	0
1809.577940	0	0
1809.627945	0	0
1809.677950	0	0
1809.726954	0	0
1809.776959	0	0
1809.826965	0	0
1809.876970	0	0
1809.926975	0	0
1809.976980	0	0
1810.026985	0	0
1810.076990	0	0
1810.126995	0	0
1810.177000	0	0
1810.227005	0	0
1810.277009	0	0
1810.327014	0	0
1810.377019	0	0
1810.427025	0	0
1810.477030	0	0
1810.527035	0	0
1810.577040	0	0
1810.627045	0	0
1810.677050	0	0
1810.727055	0	0
1810.777060	0	0
1810.827065	0	0
1810.877069	0	0
1810.927074	0	0
1810.977079	0	0
1811.027085	0	0
1811.077090	0	0
1811.127095	0	0
1811.177100	0	0
1811.227105	0	0
1811.277110	0	0
1811.327115	0	0
1811.377120	0	0
1811.427125	0	0
1811.477129	0	0
1811.527134	0	0
1811.577140	0	0
1811.627145	0	0
1811.677150	0	0
1811.727155	0	0
1811.777160	0	0
1811.827165	0	0
1811.877170	0	0
1811.927175	0	0
1811.977180	0	0
1812.027184	0	0
1812.077189	0	0
1812.127194	0	0
1812.177200	0	0
1812.227205	0	0
1812.277210	0	0
1812.327215	0	0
1812.377220	0	0
1812.427225	0	0
1812.477230	0	0
1812.527235	0	0
1812.577240	0	0
1812.627244	0	0
1812.677249	0	0
1812.727254	0	0
1812.777260	0	0
1812.827265	0	0
1812.877270	0	0
1812.927275	0	0
1812.977280	0	0
1813.027285	0	0
1813.077290	0	0
1813.127295	0	0
1813.177299	0	0
1813.227304	0	0
1813.277309	0	0
1813.327315	0	0
1813.377320	0	0
1813.427325	0	0
1813.477330	0	0
1813.528335	0	0
1813.577340	0	0
1813.627345	0	0
1813.677350	0	0
1813.727355	0	0
1813.777359	0	0
1813.827364	0	0
1813.877369	0	0
1813.927375	0	0
1813.977380	0	0
1814.027385	0	0
1814.077390	0	0
1814.127395	0	0
1814.177400	0	0
1814.227405	0	0
1814.277410	0	0
1814.327415	0	0
1814.377419	0	0
1814.427424	0	0
1814.477429	0	0
1814.527435	0	0
1814.577440	0	0
1814.627445	0	0
1814.677450	0	0
1814.727455	0	0
1814.777460	0	0
1814.827465	0	0
1814.877470	0	0
1814.927474	0	0
1814.977479	0	0
1815.028485	0	0
1815.077490	0	0
1815.127495	0	0
1815.177500	0	0
1815.227505	0	0
1815.277510	0	0
1815.327515	0	0
1815.377520	0	0
1815.427525	0	0
1815.477530	0	0
1815.527534	0	0
1815.577539	0	0
1815.627544	0	0
1815.677550	0	0
1815.727555	0	0
1815.777560	0	0
1815.827565	0	0
1815.877570	0	0
1815.927575	0	0
1815.977580	0	0
1816.027585	0	0
1816.077590	0	0
1816.127594	0	0
1816.177599	0	0
1816.227604	0	0
1816.277610	0	0
1816.327615	0	0
1816.377620	0	0
1816.427625	0	0
1816.477630	0	0
1816.528635	0	0
1816.577640	0	0
1816.627645	0	0
1816.677649	0	0
1816.727654	0	0
1816.777659	0	0
1816.827665	0	0
1816.877670	0	0
1816.927675	0	0
1816.977680	0	0
1817.027685	0	0
1817.077690	0	0
1817.127695	0	0
1817.177700	0	0
1817.227705	0	0
1817.277709	0	0
1817.327714	0	0
1817.377719	0	0
1817.427725	0	0
1817.477730	0	0
1817.527735	0	0
1817.577740	0	0
1817.627745	0	0
1817.677750	0	0
1817.727755	0	0
1817.777760	0	0
1817.827765	0	0
1817.877769	0	0
1817.927774	0	0
1817.977779	0	0
1818.028785	0	0
1818.077790	0	0
1818.127795	0	0
1818.177800	0	0
1818.227805	0	0
1818.277810	0	0
1818.327815	0	0
1818.377820	0	0
1818.427824	0	0
1818.477829	0	0
1818.527834	0	0
1818.577840	0	0
1818.627845	0	0
1818.677850	0	0
1818.727855	0	0
1818.777860	0	0
1818.827865	0	0
1818.877870	0	0
1818.927875	0	0
1818.977880	0	0
1819.027884	0	0
1819.077889	0	0
1819.127894	0	0
1819.177900	0	0
1819.227905	0	0
1819.277910	0	0
1819.327915	0	0
1819.377920	0	0
1819.427925	0	0
1819.477930	0	0
1819.527935	0	0
1819.577940	0	0
1819.627944	0	0
1819.677949	0	0
1819.727954	0	0
1819.777960	0	0
1819.827965	0	0
1819.877970	0	0
1819.927975	0	0
1819.977980	0	0
1820.027985	0	0
1820.077990	0	0
1820.127995	0	0
1820.177999	0	0
1820.228004	0	0
1820.278009	0	0
1820.328015	0	0
1820.378020	0	0
1820.428025	0	0
1820.478030	0	0
1820.528035	0	0
1820.578040	0	0
1820.628045	0	0
1820.678050	0	0
1820.728055	0	0
1820.778059	0	0
1820.828064	0	0
1820.878069	0	0
1820.928075	0	0
1820.978080	0	0
1821.028085	0	0
1821.078090	0	0
1821.128095	0	0
1821.178100	0	0
1821.228105	0	0
1821.279110	0	0
1821.328115	0	0
1821.378119	0	0
1821.428124	0	0
1821.478129	0	0
1821.528135	0	0
1821.578140	0	0
1821.628145	0	0
1821.678150	0	0
1821.728155	0	0
1821.778160	0	0
1821.828165	0	0
1821.878170	0	0
1821.928174	0	0
1821.978179	0	0
1822.028184	0	0
1822.078190	0	0
1822.128195	0	0
1822.178200	0	0
1822.228205	0	0
1822.278210	0	0
1822.328215	0	0
1822.378220	0	0
1822.428225	0	0
1822.478230	0	0
1822.528234	0	0
1822.578239	0	0
1822.628244	0	0
1822.678250	0	0
1822.728255	0	0
1822.778260	0	0
1822.828265	0	0
1822.878270	0	0
1822.928275	0	0
1822.978280	0	0
1823.028285	0	0
1823.078290	0	0
1823.128294	0	0
1823.178299	0	0
1823.228304	0	0
1823.279310	0	0
1823.328315	0	0
1823.378320	0	0
1823.428325	0	0
1823.478330	0	0
1823.528335	0	0
1823.578340	0	0
1823.628345	0	0
1823.678349	0	0
1823.728354	0	0
1823.778359	0	0
1823.828365	0	0
1823.878370	0	0
1823.928375	0	0
1823.978380	0	0
1824.028385	0	0
1824.078390	0	0
1824.128395	0	0
1824.178400	0	0
1824.228405	0	0
1824.278409	0	0
1824.328414	0	0
1824.378419	0	0
1824.428425	0	0
1824.478430	0	0
1824.528435	0	0
1824.578440	0	0
1824.628445	0	0
1824.678450	0	0
1824.728455	0	0
1824.778460	0	0
1824.828465	0	0
1824.878469	0	0
1824.928474	0	0
1824.978479	0	0
1825.028485	0	0
1825.078490	0	0
1825.128495	0	0
1825.178500	0	0
1825.228505	0	0
1825.278510	0	0
1825.328515	0	0
1825.378520	0	0
1825.428524	0	0
1825.478529	0	0
1825.528534	0	0
1825.578540	0	0
1825.628545	0	0
1825.678550	0	0
1825.728555	0	0
1825.778560	0	0
1825.828565	0	0
1825.878570	0	0
1825.928575	0	0
1825.978580	0	0
1826.028584	0	0
1826.078589	0	0
1826.128594	0	0
1826.178600	0	0
1826.228605	0	0
1826.278610	0	0
1826.328615	0	0
1826.378620	0	0
1826.428625	0	0
1826.478630	0	0
1826.528635	0	0
1826.578640	0	0
1826.628644	0	0
1826.678649	0	0
1826.728654	0	0
1826.778660	0	0
1826.828665	0	0
1826.878670	0	0
1826.928675	0	0
1826.978680	0	0
1827.029685	0	0
1827.078690	0	0
1827.128695	0	0
1827.178699	0	0
1827.227705	0	0
1827.277709	0	0
1827.327714	0	0
1827.377719	0	0
1827.427724	0	0
1827.477729	0	0
1827.527735	0	0
1827.577740	0	0
1827.627745	0	0
1827.677750	0	0
1827.727755	0	0
1827.777760	0	0
1827.827765	0	0
1827.877769	0	0
1827.927774	0	0
1827.977779	0	0
1828.027784	0	0
1828.077789	0	0
1828.127795	0	0
1828.177800	0	0
1828.227805	0	0
1828.277810	0	0
1828.327815	0	0
1828.377820	0	0
1828.427824	0	0
1828.477829	0	0
1828.529835	0	0
1828.577839	0	0
1828.627844	0	0
1828.677849	0	0
1828.727855	0	0
1828.777860	0	0
1828.827865	0	0
1828.877870	0	0
1828.927875	0	0
1828.977880	0	0
1829.027884	0	0
1829.077889	0	0
1829.127894	0	0
1829.177899	0	0
1829.227904	0	0
1829.277910	0	0
1829.327915	0	0
1829.377920	0	0
1829.427925	0	0
1829.477930	0	0
1829.527935	0	0
1829.577940	0	0
1829.627944	0	0
1829.677949	0	0
1829.727954	0	0
1829.777959	0	0
1829.827964	0	0
1829.877970	0	0
1829.927975	0	0
1829.977980	0	0
1830.027985	0	0
1830.077990	0	0
1830.127995	0	0
1830.177999	0	0
1830.228004	0	0
1830.278009	0	0
1830.328014	0	0
1830.378019	0	0
1830.428024	0	0
1830.478030	0	0
1830.528035	0	0
1830.578040	0	0
1830.628045	0	0
1830.678050	0	0
1830.728055	0	0
1830.778059	0	0
1830.828064	0	0
1830.878069	0	0
1830.928074	0	0
1830.978079	0	0
1831.028085	0	0
1831.078090	0	0
1831.128095	0	0
1831.178100	0	0
1831.228105	0	0
1831.278110	0	0
1831.328115	0	0
1831.378119	0	0
1831.428124	0	0
1831.478129	0	0
1831.528134	0	0
1831.578139	0	0
1831.628145	0	0
1831.678150	0	0
1831.728155	0	0
1831.778160	0	0
1831.828165	0	0
1831.878170	0	0
1831.928174	0	0
1831.978179	0	0
1832.028184	0	0
1832.078189	0	0
1832.128194	0	0
1832.178199	0	0
1832.228205	0	0
1832.278210	0	0
1832.328215	0	0
1832.378220	0	0
1832.428225	0	0
1832.478230	0	0
1832.528234	0	0
1832.578239	0	0
1832.628244	0	0
1832.678249	0	0
1832.728254	0	0
1832.778260	0	0
1832.828265	0	0
1832.878270	0	0
1832.928275	0	0
1832.978280	0	0
1833.028285	0	0
1833.078290	0	0
1833.128294	0	0
1833.178299	0	0
1833.228304	0	0
1833.278309	0	0
1833.328314	0	0
1833.378320	0	0
1833.428325	0	0
1833.478330	0	0
1833.528335	0	0
1833.578340	0	0
1833.628345	0	0
1833.678349	0	0
1833.728354	0	0
1833.778359	0	0
1833.828364	0	0
1833.878369	0	0
1833.928374	0	0
1833.978380	0	0
1834.028385	0	0
1834.078390	0	0
1834.128395	0	0
1834.178400	0	0
1834.228405	0	0
1834.278409	0	0
1834.328414	0	0
1834.378419	0	0
1834.428424	0	0
1834.478429	0	0
1834.528435	0	0
1834.578440	0	0
1834.628445	0	0
1834.678450	0	0
1834.728455	0	0
1834.778460	0	0
1834.828465	0	0
1834.878469	0	0
1834.928474	0	0
1834.978479	0	0
1835.028484	0	0
1835.078489	0	0
1835.128495	0	0
1835.178500	0	0
1835.228505	0	0
1835.278510	0	0
1835.328515	0	0
1835.378520	0	0
1835.428524	0	0
1835.478529	0	0
1835.528534	0	0
1835.578539	0	0
1835.628544	0	0
1835.678549	0	0
1835.728555	0	0
1835.778560	0	0
1835.895571	0	0
1835.928575	0	0
1835.978580	0	0
1836.028584	0	0
1836.078589	0	0
1836.128594	0	0
1836.178599	0	0
1836.228604	0	0
1836.278610	0	0
1836.328615	0	0
1836.378620	0	0
1836.428625	0	0
1836.478630	0	0
1836.528635	0	0
1836.578640	0	0
1836.628644	0	0
1836.678649	0	0
1836.728654	0	0
1836.778659	0	0
1836.828664	0	0
1836.878670	0	0
1836.928675	0	0
1836.978680	0	0
1837.028685	0	0
1837.078690	0	0
1837.128695	0	0
1837.178699	0	0
1837.228704	0	0
1837.278709	0	0
1837.328714	0	0
1837.378719	0	0
1837.428724	0	0
1837.478730	0	0
1837.528735	0	0
1837.578740	0	0
1837.628745	0	0
1837.678750	0	0
1837.728755	0	0
1837.778759	0	0
1837.828764	0	0
1837.878769	0	0
1837.928774	0	0
1837.978779	0	0
1838.028785	0	0
1838.078790	0	0
1838.128795	0	0
1838.178800	0	0
1838.228805	0	0
1838.278810	0	0
1838.328815	0	0
1838.378819	0	0
1838.428824	0	0
1838.478829	0	0
1838.528834	0	0
1838.578839	0	0
1838.628845	0	0
1838.678850	0	0
1838.728855	0	0
1838.778860	0	0
1838.828865	0	0
1838.878870	0	0
1838.928874	0	0
1838.978879	0	0
1839.028884	0	0
1839.078889	0	0
1839.128894	0	0
1839.178899	0	0
1839.228905	0	0
1839.278910	0	0
1839.328915	0	0
1839.378920	0	0
1839.428925	0	0
1839.478930	0	0
1839.528934	0	0
1839.578939	0	0
1839.628944	0	0
1839.678949	0	0
1839.728954	0	0
1839.778960	0	0
1839.828965	0	0
1839.878970	0	0
1839.928975	0	0
1839.978980	0	0
1840.028985	0	0
1840.078990	0	0
1840.128994	0	0
1840.178999	0	0
1840.229004	0	0
1840.279009	0	0
1840.329014	0	0
1840.379020	0	0
1840.429025	0	0
1840.479030	0	0
1840.529035	0	0
1840.579040	0	0
1840.629045	0	0
1840.679049	0	0
1840.729054	0	0
1840.779059	0	0
1840.829064	0	0
1840.879069	0	0
1840.929074	0	0
1840.979080	0	0
1841.029085	0	0
1841.079090	0	0
1841.129095	0	0
1841.179100	0	0
1841.229105	0	0
1841.279109	0	0
1841.329114	0	0
1841.379119	0	0
1841.429124	0	0
1841.479129	0	0
1841.529135	0	0
1841.579140	0	0
1841.629145	0	0
1841.679150	0	0
1841.729155	0	0
1841.779160	0	0
1841.829165	0	0
1841.879169	0	0
1841.929174	0	0
1841.979179	0	0
1842.029184	0	0
1842.079189	0	0
1842.129195	0	0
1842.179200	0	0
1842.229205	0	0
1842.279210	0	0
1842.329215	0	0
1842.379220	0	0
1842.429224	0	0
1842.479229	0	0
1842.529234	0	0
1842.579239	0	0
1842.629244	0	0
1842.679249	0	0
1842.729255	0	0
1842.779260	0	0
1842.829265	0	0
1842.879270	0	0
1842.929275	0	0
1842.979280	0	0
1843.029284	0	0
1843.079289	0	0
1843.129294	0	0
1843.179299	0	0
1843.229304	0	0
1843.279310	0	0
1843.329315	0	0
1843.379320	0	0
1843.429325	0	0
1843.479330	0	0
1843.529335	0	0
1843.579340	0	0
1843.629344	0	0
1843.679349	0	0
1843.729354	0	0
1843.779359	0	0
1843.829364	0	0
1843.879370	0	0
1843.929375	0	0
1843.979380	0	0
1844.029385	0	0
1844.079390	0	0
1844.129395	0	0
1844.179399	0	0
1844.229404	0	0
1844.279409	0	0
1844.329414	0	0
1844.379419	0	0
1844.429424	0	0
1844.479430	0	0
1844.529435	0	0
1844.579440	0	0
1844.629445	0	0
1844.678450	0	0
1844.728455	0	0
1844.778460	0	0
1844.828465	0	0
1844.878469	0	0
1844.928474	0	0
1844.978479	0	0
1845.028484	0	0
1845.078489	0	0
1845.128494	0	0
1845.178499	0	0
1845.228505	0	0
1845.278510	0	0
1845.328515	0	0
1845.378520	0	0
1845.428524	0	0
1845.478529	0	0
1845.528534	0	0
1845.578539	0	0
1845.628544	0	0
1845.678549	0	0
1845.728554	0	0
1845.778559	0	0
1845.828565	0	0
1845.878570	0	0
1845.928575	0	0
1845.978580	0	0
1846.028584	0	0
1846.078589	0	0
1846.128594	0	0
1846.178599	0	0
1846.228604	0	0
1846.278609	0	0
1846.328614	0	0
1846.378619	0	0
1846.428625	0	0
1846.478630	0	0
1846.528635	0	0
1846.578640	0	0
1846.628644	0	0
1846.678649	0	0
1846.728654	0	0
1846.778659	0	0
1846.828664	0	0
1846.878669	0	0
1846.928674	0	0
1846.978680	0	0
1847.028685	0	0
1847.078690	0	0
1847.128695	0	0
1847.178699	0	0
1847.228704	0	0
1847.278709	0	0
1847.328714	0	0
1847.378719	0	0
1847.428724	0	0
1847.478729	0	0
1847.528734	0	0
1847.578740	0	0
1847.628745	0	0
1847.678750	0	0
1847.728755	0	0
1847.778759	0	0
1847.828764	0	0
1847.878769	0	0
1847.928774	0	0
1847.978779	0	0
1848.028784	0	0
1848.078789	0	0
1848.128794	0	0
1848.178800	0	0
1848.228805	0	0
1848.278810	0	0
1848.328815	0	0
1848.378819	0	0
1848.428824	0	0
1848.478829	0	0
1848.528834	0	0
1848.578839	0	0
1848.628844	0	0
1848.678849	0	0
1848.728855	0	0
1848.778860	0	0
1848.828865	0	0
1848.878870	0	0
1848.928874	0	0
1848.978879	0	0
1849.028884	0	0
1849.078889	0	0
1849.128894	0	0
1849.178899	0	0
1849.228904	0	0
1849.278909	0	0
1849.328915	0	0
1849.378920	0	0
1849.428925	0	0
1849.478930	0	0
1849.528934	0	0
1849.578939	0	0
1849.628944	0	0
1849.678949	0	0
1849.728954	0	0
1849.778959	0	0
1849.828964	0	0
1849.878969	0	0
1849.928975	0	0
1849.978980	0	0
1850.028985	0	0
1850.078990	0	0
1850.128994	0	0
1850.178999	0	0
1850.229004	0	0
1850.279009	0	0
1850.329014	0	0
1850.379019	0	0
1850.429024	0	0
1850.479030	0	0
1850.529035	0	0
1850.579040	0	0
1850.629045	0	0
1850.679049	0	0
1850.729054	0	0
1850.779059	0	0
1850.829064	0	0
1850.879069	0	0
1850.929074	0	0
1850.979079	0	0
1851.029084	0	0
1851.079090	0	0
1851.129095	0	0
1851.179100	0	0
1851.229105	0	0
1851.279109	0	0
1851.329114	0	0
1851.379119	0	0
1851.429124	0	0
1851.479129	0	0
1851.529134	0	0
1851.579139	0	0
1851.629144	0	0
1851.679150	0	0
1851.729155	0	0
1851.779160	0	0
1851.829165	0	0
1851.879169	0	0
1851.929174	0	0
1851.979179	0	0
1852.029184	0	0
1852.079189	0	0
1852.129194	0	0
1852.179199	0	0
1852.229205	0	0
1852.279210	0	0
1852.329215	0	0
1852.379220	0	0
1852.429224	0	0
1852.479229	0	0
1852.529234	0	0
1852.579239	0	0
1852.629244	0	0
1852.679249	0	0
1852.729254	0	0
1852.779259	0	0
1852.829265	0	0
1852.879270	0	0
1852.929275	0	0
1852.979280	0	0
1853.029284	0	0
1853.079289	0	0
1853.129294	0	0
1853.179299	0	0
1853.229304	0	0
1853.279309	0	0
1853.329314	0	0
1853.379319	0	0
1853.429325	0	0
1853.479330	0	0
1853.529335	0	0
1853.579340	0	0
1853.629344	0	0
1853.679349	0	0
1853.729354	0	0
1853.779359	0	0
1853.829364	0	0
1853.879369	0	0
1853.929374	0	0
1853.979380	0	0
1854.029385	0	0
1854.079390	0	0
1854.129395	0	0
1854.179399	0	0
1854.229404	0	0
1854.279409	0	0
1854.329414	0	0
1854.379419	0	0
1854.429424	0	0
1854.479429	0	0
1854.529434	0	0
1854.579440	0	0
1854.629445	0	0
1854.679450	0	0
1854.729455	0	0
1854.779459	0	0
1854.829464	0	0
1854.879469	0	0
1854.929474	0	0
1854.979479	0	0
1855.029484	0	0
1855.079489	0	0
1855.129494	0	0
1855.179500	0	0
1855.229505	0	0
1855.279510	0	0
1855.329515	0	0
1855.379519	0	0
1855.429524	0	0
1855.479529	0	0
1855.529534	0	0
1855.579539	0	0
1855.629544	0	0
1855.679549	0	0
1855.729555	0	0
1855.779560	0	0
1855.829565	0	0
1855.879570	0	0
1855.929574	0	0
1855.979579	0	0
1856.029584	0	0
1856.079589	0	0
1856.129594	0	0
1856.179599	0	0
1856.229604	0	0
1856.279609	0	0
1856.329615	0	0
1856.379620	0	0
1856.429625	0	0
1856.479630	0	0
1856.529634	0	0
1856.579639	0	0
1856.629644	0	0
1856.679649	0	0
1856.729654	0	0
1856.779659	0	0
1856.829664	0	0
1856.879669	0	0
1856.929675	0	0
1856.979680	0	0
1857.029685	0	0
1857.079690	0	0
1857.129694	0	0
1857.179699	0	0
1857.229704	0	0
1857.279709	0	0
1857.329714	0	0
1857.379719	0	0
1857.429724	0	0
1857.479730	0	0
1857.529735	0	0
1857.579740	0	0
1857.629745	0	0
1857.679749	0	0
1857.729754	0	0
1857.779759	0	0
1857.829764	0	0
1857.879769	0	0
1857.929774	0	0
1857.979779	0	0
1858.029784	0	0
1858.079790	0	0
1858.129795	0	0
1858.179800	0	0
1858.229805	0	0
1858.279809	0	0
1858.329814	0	0
1858.379819	0	0
1858.429824	0	0
1858.479829	0	0
1858.529834	0	0
1858.579839	0	0
1858.629844	0	0
1858.679850	0	0
1858.729855	0	0
1858.779860	0	0
1858.829865	0	0
1858.879869	0	0
1858.929874	0	0
1858.979879	0	0
1859.029884	0	0
1859.079889	0	0
1859.129894	0	0
1859.179899	0	0
1859.229905	0	0
1859.279910	0	0
1859.329915	0	0
1859.379920	0	0
1859.429924	0	0
1859.479929	0	0
1859.529934	0	0
1859.579939	0	0
1859.629944	0	0
1859.679949	0	0
1859.729954	0	0
1859.779959	0	0
1859.829965	0	0
1859.879970	0	0
1859.929975	0	0
1859.979980	0	0
1860.029984	0	0
1860.079989	0	0
1860.129994	0	0
1860.179999	0	0
1860.230004	0	0
1860.280009	0	0
1860.330014	0	0
1860.380019	0	0
1860.430025	0	0
1860.480030	0	0
1860.530035	0	0
1860.580040	0	0
1860.630044	0	0
1860.680049	0	0
1860.730054	0	0
1860.780059	0	0
1860.830064	0	0
1860.880069	0	0
1860.930074	0	0
1860.980080	0	0
1861.030085	0	0
1861.080090	0	0
1861.130095	0	0
1861.180099	0	0
1861.230104	0	0
1861.280109	0	0
1861.330114	0	0
1861.380119	0	0
1861.430124	0	0
1861.480129	0	0
1861.530134	0	0
1861.580140	0	0
1861.630145	0	0
1861.680150	0	0
1861.730155	0	0
1861.780159	0	0
1861.830164	0	0
1861.880169	0	0
1861.930174	0	0
1861.980179	0	0
1862.030184	0	0
1862.080189	0	0
1862.130194	0	0
1862.179199	0	0
1862.229204	0	0
1862.279209	0	0
1862.329214	0	0
1862.379220	0	0
1862.429224	0	0
1862.479229	0	0
1862.529234	0	0
1862.579239	0	0
1862.629244	0	0
1862.679249	0	0
1862.729254	0	0
1862.779259	0	0
1862.829264	0	0
1862.879269	0	0
1862.929275	0	0
1862.979280	0	0
1863.029284	0	0
1863.079289	0	0
1863.129294	0	0
1863.179299	0	0
1863.229304	0	0
1863.279309	0	0
1863.329314	0	0
1863.379319	0	0
1863.429324	0	0
1863.479329	0	0
1863.529335	0	0
1863.579340	0	0
1863.629344	0	0
1863.679349	0	0
1863.729354	0	0
1863.779359	0	0
1863.829364	0	0
1863.879369	0	0
1863.929374	0	0
1863.979379	0	0
1864.029384	0	0
1864.079389	0	0
1864.129395	0	0
1864.179399	0	0
1864.229404	0	0
1864.279409	0	0
1864.329414	0	0
1864.379419	0	0
1864.429424	0	0
1864.479429	0	0
1864.529434	0	0
1864.579439	0	0
1864.629444	0	0
1864.679450	0	0
1864.729455	0	0
1864.779459	0	0
1864.829464	0	0
1864.879469	0	0
1864.929474	0	0
1864.979479	0	0
1865.029484	0	0
1865.079489	0	0
1865.129494	0	0
1865.179499	0	0
1865.229504	0	0
1865.279510	0	0
1865.329515	0	0
1865.379519	0	0
1865.429524	0	0
1865.479529	0	0
1865.529534	0	0
1865.579539	0	0
1865.629544	0	0
1865.679549	0	0
1865.729554	0	0
1865.779559	0	0
1865.829564	0	0
1865.879570	0	0
1865.929574	0	0
1865.979579	0	0
1866.029584	0	0
1866.079589	0	0
1866.129594	0	0
1866.179599	0	0
1866.229604	0	0
1866.279609	0	0
1866.329614	0	0
1866.379619	0	0
1866.429625	0	0
1866.479630	0	0
1866.529634	0	0
1866.579639	0	0
1866.629644	0	0
1866.679649	0	0
1866.729654	0	0
1866.779659	0	0
1866.829664	0	0
1866.879669	0	0
1866.929674	0	0
1866.979679	0	0
1867.029685	0	0
1867.079690	0	0
1867.129694	0	0
1867.179699	0	0
1867.229704	0	0
1867.279709	0	0
1867.329714	0	0
1867.379719	0	0
1867.429724	0	0
1867.479729	0	0
1867.529734	0	0
1867.579739	0	0
1867.629745	0	0
1867.679749	0	0
1867.729754	0	0
1867.779759	0	0
1867.829764	0	0
1867.879769	0	0
1867.929774	0	0
1867.979779	0	0
1868.029784	0	0
1868.079789	0	0
1868.129794	0	0
1868.179800	0	0
1868.229805	0	0
1868.279809	0	0
1868.329814	0	0
1868.379819	0	0
1868.429824	0	0
1868.479829	0	0
1868.529834	0	0
1868.579839	0	0
1868.629844	0	0
1868.679849	0	0
1868.729854	0	0
1868.779860	0	0
1868.829865	0	0
1868.879869	0	0
1868.929874	0	0
1868.979879	0	0
1869.029884	0	0
1869.079889	0	0
1869.129894	0	0
1869.179899	0	0
1869.229904	0	0
1869.279909	0	0
1869.329914	0	0
1869.379920	0	0
1869.429924	0	0
1869.479929	0	0
1869.529934	0	0
1869.579939	0	0
1869.629944	0	0
1869.679949	0	0
1869.729954	0	0
1869.779959	0	0
1869.829964	0	0
1869.879969	0	0
1869.929975	0	0
1869.979980	0	0
1870.029984	0	0
1870.079989	0	0
1870.129994	0	0
1870.179999	0	0
1870.230004	0	0
1870.280009	0	0
1870.330014	0	0
1870.380019	0	0
1870.430024	0	0
1870.480029	0	0
1870.530035	0	0
1870.580040	0	0
1870.630044	0	0
1870.680049	0	0
1870.730054	0	0
1870.780059	0	0
1870.830064	0	0
1870.880069	0	0
1870.930074	0	0
1870.980079	0	0
1871.030084	0	0
1871.080089	0	0
1871.130095	0	0
1871.180099	0	0
1871.230104	0	0
1871.280109	0	0
1871.330114	0	0
1871.380119	0	0
1871.430124	0	0
1871.480129	0	0
1871.530134	0	0
1871.580139	0	0
1871.630144	0	0
1871.680150	0	0
1871.730155	0	0
1871.780159	0	0
1871.830164	0	0
1871.880169	0	0
1871.930174	0	0
1871.980179	0	0
1872.030184	0	0
1872.080189	0	0
1872.130194	0	0
1872.180199	0	0
1872.230204	0	0
1872.280210	0	0
1872.330215	0	0
1872.380219	0	0
1872.430224	0	0
1872.480229	0	0
1872.530234	0	0
1872.580239	0	0
1872.630244	0	0
1872.680249	0	0
1872.730254	0	0
1872.780259	0	0
1872.830264	0	0
1872.880270	0	0
1872.930274	0	0
1872.980279	0	0
1873.030284	0	0
1873.080289	0	0
1873.130294	0	0
1873.180299	0	0
1873.230304	0	0
1873.280309	0	0
1873.330314	0	0
1873.380319	0	0
1873.430325	0	0
1873.480330	0	0
1873.530334	0	0
1873.580339	0	0
1873.630344	0	0
1873.680349	0	0
1873.730354	0	0
1873.780359	0	0
1873.830364	0	0
1873.880369	0	0
1873.930374	0	0
1873.980379	0	0
1874.030385	0	0
1874.080389	0	0
1874.130394	0	0
1874.180399	0	0
1874.230404	0	0
1874.280409	0	0
1874.330414	0	0
1874.380419	0	0
1874.430424	0	0
1874.480429	0	0
1874.530434	0	0
1874.580439	0	0
1874.630445	0	0
1874.680449	0	0
1874.730454	0	0
1874.780459	0	0
1874.830464	0	0
1874.880469	0	0
1874.930474	0	0
1874.980479	0	0
1875.030484	0	0
1875.080489	0	0
1875.130494	0	0
1875.180500	0	0
1875.230505	0	0
1875.280509	0	0
1875.330514	0	0
1875.380519	0	0
1875.430524	0	0
1875.480529	0	0
1875.530534	0	0
1875.580539	0	0
1875.630544	0	0
1875.680549	0	0
1875.730554	0	0
1875.780560	0	0
1875.830564	0	0
1875.880569	0	0
1875.930574	0	0
1875.980579	0	0
1876.030584	0	0
1876.080589	0	0
1876.130594	0	0
1876.180599	0	0
1876.230604	0	0
1876.280609	0	0
1876.330614	0	0
1876.380620	0	0
1876.430624	0	0
1876.480629	0	0
1876.530634	0	0
1876.580639	0	0
1876.630644	0	0
1876.680649	0	0
1876.730654	0	0
1876.780659	0	0
1876.830664	0	0
1876.880669	0	0
1876.930675	0	0
1876.980680	0	0
1877.030684	0	0
1877.080689	0	0
1877.130694	0	0
1877.180699	0	0
1877.230704	0	0
1877.280709	0	0
1877.330714	0	0
1877.380719	0	0
1877.430724	0	0
1877.480729	0	-309
1877.530735	0	-521
1877.580739	0	-521
1877.630744	0	-585
1877.680749	0	-1005
1877.730754	0	-1005
1877.780759	0	-969
1877.830764	0	-237
1877.880769	0	0
1877.930774	0	0
1877.980779	0	0
1878.030784	0	0
1878.080789	0	0
1878.130795	0	0
1878.180799	0	0
1878.230804	0	0
1878.280809	0	0
1878.330814	0	0
1878.380819	0	0
1878.430824	0	0
1878.480829	0	0
1878.530834	0	0
1878.580839	0	0
1878.630844	0	0
1878.680850	0	0
1878.730855	0	0
1878.780859	0	0
1878.830864	0	0
1878.880869	0	0
1878.930874	0	0
1878.980879	0	0
1879.030884	0	0
1879.080889	0	0
1879.130894	0	0
1879.180899	0	0
1879.230904	0	0
1879.280910	0	0
1879.330914	0	0
1879.380919	0	0
1879.430924	0	0
1879.480929	0	0
1879.530934	0	0
1879.580939	0	0
1879.630944	0	0
1879.679949	0	0
1879.729954	0	0
1879.779959	0	0
1879.839965	0	0
1879.879969	0	0
1879.929974	0	0
1879.979979	0	0
1880.029984	0	0
1880.079989	0	0
1880.129994	0	0
1880.179999	0	0
1880.230004	0	0
1880.280009	0	0
1880.330014	0	0
1880.380019	0	0
1880.430024	0	0
1880.480029	0	0
1880.530034	0	0
1880.580039	0	0
1880.630044	0	0
1880.680049	0	0
1880.730054	0	0
1880.780059	0	0
1880.830064	0	0
1880.880069	0	0
1880.930074	0	0
1880.980079	0	0
1881.030084	0	0
1881.080089	0	0
1881.130094	0	0
1881.180099	0	0
1881.230104	0	0
1881.280109	0	0
1881.330114	0	0
1881.380119	0	0
1881.430124	0	0
1881.480129	0	0
1881.530134	0	0
1881.580139	0	-21
1881.630144	0	-613
1881.680149	0	-997
1881.730154	-364	-1893
1881.780159	-748	-2477
1881.830164	-1040	-3053
1881.880169	-1232	-3589
1881.930174	-1420	-3985
1881.980179	-1584	-4273
1882.030184	-1792	-4565
1882.080189	-1980	-4713
1882.130194	-2008	-4857
1882.180199	-2020	-4937
1882.230204	-2084	-5157
1882.280209	-2180	-5389
1882.330214	-2212	-5646
1882.380219	-2212	-5726
1882.430224	-2212	-5818
1882.480229	-2212	-6150
1882.530234	-2212	-6650
1882.580239	-2100	-7082
1882.630244	-1700	-7582
1882.680249	-1452	-8054
1882.730254	-1364	-8722
1882.780259	-1364	-8794
1882.830264	-1320	-8794
1882.880269	-1236	-8594
1882.930274	-1164	-7858
1882.980279	-824	-7002
1883.030284	-668	-6470
1883.080289	-380	-5337
1883.130294	41	-4133
1883.180299	241	-3529
1883.230304	325	-3461
1883.280309	349	-3461
1883.330314	397	-3461
1883.380319	473	-3461
1883.430324	493	-3461
1883.480329	493	-3461
1883.530334	493	-3493
1883.580339	493	-3493
1883.630344	493	-3493
1883.680349	493	-3493
1883.730354	493	-3493
1883.780359	493	-3493
1883.830364	493	-3493
1883.880369	493	-3493
1883.930374	493	-3493
1883.980379	493	-3493
1884.030384	493	-3493
1884.080389	493	-3493
1884.130394	493	-3493
1884.180399	493	-3493
1884.230404	493	-3493
1884.280409	493	-3493
1884.330414	493	-3497
1884.380419	493	-3549
1884.430424	493	-3585
1884.480429	493	-3605
1884.530434	493	-3673
1884.580439	493	-3757
1884.630444	493	-3821
1884.680449	493	-3853
1884.730454	493	-3853
1884.780459	493	-3853
1884.830464	493	-3853
1884.880469	493	-3853
1884.930474	493	-3865
1884.980479	493	-3873
1885.030484	493	-3901
1885.080489	501	-3901
1885.130494	501	-3937
1885.180499	505	-3989
1885.230504	505	-4017
1885.280509	517	-4033
1885.330514	517	-4061
1885.380519	517	-4061
1885.430524	517	-4097
1885.480529	517	-4173
1885.530534	517	-4209
1885.580539	517	-4269
1885.630544	517	-4309
1885.680549	517	-4317
1885.730554	517	-4401
1885.780559	517	-4433
1885.830564	517	-4461
1885.880569	517	-4465
1885.930574	517	-4501
1885.980579	517	-4561
1886.030584	517	-4617
1886.080589	517	-4661
1886.130594	517	-4677
1886.180599	517	-4677
1886.230604	517	-4713
1886.280609	517	-4745
1886.330614	517	-4753
1886.380619	517	-4765
1886.430624	517	-4773
1886.480629	517	-4785
1886.530634	517	-4785
1886.580639	517	-4785
1886.630644	517	-4785
1886.680649	525	-4785
1886.730654	553	-4785
1886.780659	597	-4785
1886.830664	597	-4797
1886.880669	597	-4797
1886.930674	597	-4809
1886.980679	597	-4833
1887.030684	597	-4861
1887.080689	633	-4865
1887.130694	633	-4865
1887.180699	633	-4865
1887.230704	633	-4865
1887.280709	633	-4865
1887.330714	633	-4865
1887.380719	633	-4865
1887.430724	633	-4865
1887.480729	633	-4865
1887.530734	633	-4865
1887.580739	633	-4865
1887.630744	633	-4865
1887.680749	633	-4865
1887.730754	633	-4865
1887.780759	633	-4865
1887.830764	633	-4865
1887.880769	633	-4865
1887.930774	633	-4865
1887.980779	633	-4865
1888.030784	633	-4865
1888.080789	633	-4865
1888.130794	633	-4865
1888.180799	633	-4865
1888.230804	633	-4865
1888.280809	633	-4865
1888.330814	633	-4865
1888.380819	633	-4865
1888.430824	633	-4865
1888.480829	633	-4865
1888.530834	633	-4865
1888.580839	641	-4865
1888.630844	641	-4865
1888.680849	645	-4869
1888.730854	653	-4869
1888.780859	677	-4885
1888.830864	693	-4905
1888.880869	717	-4941
1888.930874	757	-5009
1888.980879	829	-5009
1889.030884	837	-5057
1889.080889	889	-5057
1889.130894	893	-5057
1889.180899	893	-5057
1889.230904	893	-5057
1889.280909	893	-5057
1889.330914	893	-5057
1889.380919	893	-5057
1889.430924	893	-5057
1889.480929	893	-5057
1889.530934	893	-5057
1889.580939	893	-5057
1889.630944	893	-5057
1889.680949	893	-5057
1889.730954	893	-5057
1889.780959	893	-5049
1889.830964	893	-5025
1889.880969	893	-5005
1889.930974	893	-4997
1889.980979	893	-4993
1890.030984	893	-4993
1890.080989	893	-4993
1890.130994	893	-4993
1890.180999	893	-4993
1890.231004	893	-4993
1890.281009	893	-4981
1890.331014	893	-4981
1890.381019	893	-4981
1890.431024	893	-4981
1890.481029	893	-4981
1890.531034	893	-4981
1890.581039	893	-4981
1890.631044	893	-4965
1890.681049	893	-4965
1890.731054	893	-4949
1890.781059	893	-4925
1890.831064	893	-4921
1890.881069	893	-4897
1890.931074	893	-4873
1890.981079	893	-4849
1891.031084	893	-4829
1891.081089	893	-4777
1891.131094	893	-4777
1891.181099	893	-4777
1891.231104	893	-4777
1891.281109	893	-4777
1891.331114	893	-4777
1891.381119	893	-4777
1891.431124	893	-4777
1891.481129	893	-4773
1891.531134	893	-4773
1891.581139	893	-4773
1891.631144	893	-4773
1891.681149	893	-4773
1891.731154	893	-4773
1891.781159	893	-4773
1891.831164	893	-4773
1891.881169	893	-4773
1891.931174	893	-4773
1891.981179	893	-4773
1892.031184	893	-4773
1892.081189	893	-4773
1892.131194	893	-4773
1892.181199	893	-4773
1892.231204	893	-4773
1892.281209	893	-4773
1892.331214	893	-4773
1892.381219	893	-4773
1892.431224	893	-4773
1892.481229	893	-4773
1892.531234	893	-4773
1892.581239	893	-4773
1892.631244	893	-4773
1892.681249	893	-4773
1892.731254	893	-4773
1892.781259	893	-4773
1892.831264	893	-4773
1892.881269	893	-4773
1892.931274	893	-4773
1892.981279	893	-4773
1893.031284	893	-4769
1893.081289	893	-4769
1893.131294	893	-4769
1893.181299	893	-4769
1893.231304	893	-4769
1893.281309	893	-4769
1893.331314	893	-4769
1893.381319	893	-4769
1893.431324	893	-4769
1893.481329	893	-4769
1893.531334	893	-4769
1893.581339	893	-4769
1893.631344	893	-4769
1893.681349	893	-4753
1893.731354	893	-4753
1893.781359	893	-4753
1893.831364	893	-4753
1893.881369	893	-4753
1893.931374	893	-4745
1893.981379	893	-4745
1894.031384	893	-4745
1894.081389	893	-4745
1894.131394	893	-4745
1894.181399	893	-4745
1894.231404	893	-4745
1894.281409	893	-4745
1894.331414	893	-4745
1894.381419	893	-4745
1894.431424	893	-4745
1894.481429	893	-4745
1894.531434	893	-4745
1894.581439	893	-4745
1894.631444	893	-4745
1894.681449	893	-4745
1894.731454	893	-4745
1894.781459	893	-4745
1894.831464	893	-4745
1894.881469	893	-4745
1894.931474	893	-4745
1894.981479	893	-4745
1895.031484	893	-4745
1895.081489	893	-4745
1895.131494	893	-4745
1895.181499	893	-4745
1895.231504	893	-4745
1895.281509	893	-4745
1895.331514	893	-4745
1895.381519	893	-4745
1895.431524	893	-4745
1895.481529	893	-4745
1895.531534	893	-4745
1895.581539	893	-4745
1895.631544	893	-4745
1895.681549	893	-4745
1895.731554	893	-4745
1895.781559	893	-4745
1895.831564	893	-4745
1895.881569	893	-4745
1895.931574	893	-4745
1895.981579	893	-4745
1896.031584	893	-4745
1896.081589	893	-4745
1896.131594	893	-4745
1896.181599	893	-4745
1896.231604	893	-4745
1896.281609	893	-4745
1896.331614	893	-4745
1896.381619	893	-4745
1896.431624	893	-4745
1896.481629	893	-4745
1896.531634	893	-4745
1896.581639	893	-4745
1896.631644	893	-4745
1896.681649	893	-4745
1896.731654	893	-4745
1896.781659	893	-4745
1896.831664	893	-4745
1896.881669	893	-4745
1896.931674	893	-4745
1896.981679	893	-4745
1897.031684	893	-4745
1897.081689	893	-4745
1897.130694	893	-4745
1897.180699	893	-4745
1897.230704	893	-4745
1897.280709	893	-4745
1897.330714	893	-4745
1897.380719	893	-4745
1897.430724	893	-4745
1897.480729	893	-4745
1897.530734	893	-4745
1897.580739	893	-4745
1897.630744	893	-4745
1897.680749	893	-4745
1897.730754	893	-4745
1897.780759	893	-4745
1897.830764	893	-4745
1897.880769	893	-4745
1897.930774	893	-4745
1897.980779	893	-4745
1898.030784	893	-4745
1898.080789	893	-4745
1898.130794	893	-4745
1898.180799	893	-4745
1898.230804	893	-4745
1898.280809	893	-4745
1898.330814	893	-4745
1898.380819	893	-4745
1898.430824	893	-4745
1898.480829	893	-4745
1898.530834	893	-4745
1898.580839	893	-4745
1898.630844	893	-4745
1898.680849	893	-4745
1898.730854	893	-4745
1898.780859	893	-4745
1898.830864	893	-4745
1898.880869	893	-4745
1898.930874	893	-4745
1898.980879	893	-4745
1899.030884	893	-4745
1899.080889	893	-4745
1899.130894	893	-4745
1899.180899	893	-4745
1899.230904	893	-4745
1899.280909	893	-4745
1899.330914	893	-4745
1899.380919	893	-4745
1899.430924	893	-4745
1899.480929	893	-4745
1899.530934	893	-4745
1899.580939	893	-4745
1899.630944	893	-4745
1899.680949	893	-4745
1899.730954	893	-4745
1899.780959	893	-4745
1899.830964	893	-4745
1899.880969	893	-4745
1899.930974	893	-4745
1899.980979	893	-4745
1900.030984	893	-4745
1900.080989	893	-4745
1900.130994	893	-4745
1900.180999	893	-4745
1900.231004	893	-4745
1900.281009	893	-4745
1900.331014	893	-4721
1900.381019	893	-4721
1900.431024	893	-4721
1900.481029	893	-4721
1900.531034	893	-4721
1900.581039	893	-4721
1900.631044	893	-4721
1900.681049	893	-4717
1900.731054	893	-4717
1900.781059	893	-4717
1900.831064	893	-4717
1900.881069	893	-4717
1900.931074	893	-4713
1900.981079	893	-4709
1901.031084	893	-4697
1901.081089	893	-4697
1901.131094	893	-4693
1901.181099	893	-4677
1901.231104	893	-4645
1901.281109	893	-4645
1901.331114	893	-4629
1901.381119	893	-4629
1901.431124	893	-4613
1901.481129	893	-4613
1901.531134	881	-4613
1901.581139	881	-4613
1901.631144	881	-4613
1901.681149	877	-4605
1901.731154	877	-4605
1901.781159	873	-4605
1901.831164	873	-4605
1901.881169	857	-4605
1901.931174	857	-4605
1901.981179	857	-4589
1902.031184	845	-4589
1902.081189	845	-4585
1902.131194	845	-4585
1902.181199	813	-4581
1902.231204	813	-4573
1902.281209	813	-4549
1902.331214	813	-4549
1902.381219	801	-4541
1902.431224	789	-4541
1902.481229	781	-4521
1902.531234	781	-4521
1902.581239	777	-4521
1902.631244	777	-4521
1902.681249	749	-4521
1902.731254	749	-4521
1902.781259	749	-4521
1902.831264	749	-4521
1902.881269	749	-4521
1902.931274	749	-4517
1902.981279	737	-4517
1903.031284	721	-4517
1903.081289	721	-4517
1903.131294	721	-4517
1903.181299	721	-4509
1903.231304	721	-4509
1903.281309	717	-4509
1903.331314	701	-4509
1903.381319	701	-4509
1903.431324	701	-4509
1903.481329	701	-4509
1903.531334	701	-4509
1903.581339	701	-4509
1903.631344	701	-4489
1903.681349	701	-4489
1903.731354	701	-4489
1903.781359	701	-4485
1903.831364	701	-4469
1903.881369	701	-4461
1903.931374	701	-4461
1903.981379	701	-4437
1904.031384	701	-4437
1904.081389	701	-4413
1904.131394	701	-4413
1904.181399	701	-4393
1904.231404	701	-4393
1904.281409	701	-4365
1904.331414	669	-4353
1904.381419	657	-4333
1904.431424	637	-4321
1904.481429	613	-4309
1904.531434	613	-4297
1904.581439	613	-4293
1904.631444	613	-4269
1904.681449	613	-4269
1904.731454	613	-4269
1904.781459	613	-4269
1904.831464	613	-4261
1904.881469	613	-4261
1904.931474	613	-4237
1904.981479	613	-4225
1905.031484	613	-4225
1905.081489	609	-4225
1905.131494	593	-4221
1905.181499	593	-4221
1905.231504	593	-4221
1905.281509	589	-4221
1905.331514	589	-4221
1905.381519	569	-4221
1905.431524	569	-4221
1905.481529	569	-4221
1905.531534	569	-4221
1905.581539	569	-4221
1905.631544	569	-4221
1905.682549	569	-4221
1905.731554	569	-4221
1905.781559	545	-4221
1905.831564	529	-4249
1905.881569	485	-4293
1905.931574	469	-4401
1905.981579	441	-4449
1906.031584	429	-4485
1906.081589	369	-4517
1906.131594	369	-4585
1906.181599	341	-4613
1906.231604	305	-4629
1906.281609	297	-4637
1906.331614	293	-4665
1906.381619	285	-4665
1906.431624	285	-4665
1906.481629	285	-4665
1906.531634	285	-4665
1906.581639	285	-4665
1906.631644	285	-4665
1906.681649	285	-4665
1906.731654	285	-4665
1906.781659	285	-4665
1906.831664	285	-4665
1906.881669	285	-4665
1906.931674	277	-4665
1906.983679	277	-4689
1907.031684	277	-4701
1907.081689	269	-4701
1907.131694	253	-4709
1907.181699	229	-4745
1907.231704	229	-4777
1907.281709	217	-4817
1907.331714	213	-4817
1907.381719	213	-4817
1907.431724	209	-4817
1907.481729	209	-4817
1907.531734	193	-4817
1907.581739	193	-4817
1907.631744	193	-4817
1907.681749	185	-4817
1907.731754	181	-4841
1907.781759	153	-4865
1907.831764	129	-4865
1907.881769	129	-4869
1907.931774	129	-4869
1907.981779	129	-4881
1908.031784	129	-4881
1908.081789	129	-4881
1908.131794	129	-4897
1908.181799	129	-4901
1908.231804	129	-4917
1908.281809	125	-4941
1908.331814	121	-4941
1908.381819	121	-4941
1908.431824	121	-4941
1908.481829	121	-4941
1908.531834	121	-4941
1908.581839	121	-4941
1908.631844	113	-4941
1908.681849	113	-4941
1908.731854	101	-4941
1908.781859	101	-4941
1908.831864	101	-4941
1908.881869	101	-4941
1908.931874	101	-4941
1908.981879	101	-4941
1909.031884	101	-4941
1909.081889	101	-4941
1909.131894	101	-4941
1909.181899	101	-4941
1909.231904	101	-4941
1909.281909	101	-4941
1909.331914	101	-4941
1909.381919	101	-4941
1909.431924	101	-4941
1909.481929	101	-4941
1909.531934	93	-4941
1909.581939	93	-4941
1909.631944	93	-4941
1909.681949	93	-4941
1909.731954	93	-4941
1909.781959	93	-4941
1909.831964	93	-4941
1909.881969	93	-4941
1909.931974	93	-4941
1909.981979	93	-4941
1910.031984	93	-4941
1910.081989	93	-4941
1910.131994	93	-4941
1910.181999	93	-4941
1910.232004	93	-4941
1910.282009	93	-4941
1910.332014	93	-4941
1910.382019	93	-4941
1910.432024	93	-4941
1910.482029	93	-4941
1910.532034	93	-4941
1910.582039	93	-4941
1910.632044	93	-4941
1910.682049	81	-4941
1910.732054	81	-4941
1910.782059	73	-4941
1910.832064	73	-4941
1910.882069	69	-4941
1910.932074	41	-4941
1910.982079	41	-4941
1911.032084	41	-4941
1911.082089	41	-4941
1911.132094	41	-4941
1911.182099	29	-4941
1911.232104	29	-4941
1911.282109	29	-4941
1911.332114	17	-4941
1911.382119	17	-4941
1911.432124	17	-4941
1911.482129	17	-4941
1911.532134	-8	-4941
1911.582139	-8	-4941
1911.632144	-20	-4941
1911.682149	-20	-4945
1911.732154	-32	-4945
1911.782159	-32	-4945
1911.832164	-32	-4945
1911.882169	-32	-4945
1911.932174	-44	-4945
1911.982179	-44	-4945
1912.032184	-44	-4945
1912.082189	-44	-4945
1912.132194	-44	-4945
1912.182199	-44	-4945
1912.232204	-44	-4945
1912.282209	-72	-4945
1912.332214	-72	-4945
1912.382219	-72	-4945
1912.432224	-72	-4945
1912.482229	-72	-4945
1912.532234	-72	-4945
1912.582239	-72	-4945
1912.632244	-72	-4945
1912.682249	-72	-4945
1912.732254	-72	-4945
1912.782259	-72	-4945
1912.832264	-72	-4945
1912.882269	-80	-4945
1912.932274	-80	-4945
1912.982279	-80	-4945
1913.032284	-80	-4945
1913.082289	-80	-4945
1913.132294	-84	-4945
1913.182299	-84	-4945
1913.232304	-84	-4945
1913.282309	-84	-4945
1913.332314	-84	-4945
1913.382319	-84	-4945
1913.432324	-84	-4973
1913.482329	-84	-5021
1913.532334	-112	-5057
1913.582339	-136	-5097
1913.632344	-180	-5177
1913.682349	-312	-5261
1913.732354	-356	-5313
1913.782359	-420	-5349
1913.832364	-480	-5393
1913.882369	-544	-5498
1913.932374	-644	-5658
1913.982379	-816	-5910
1914.032384	-892	-6034
1914.082389	-1048	-6290
1914.132394	-1160	-6530
1914.182399	-1240	-6730
1914.232404	-1316	-6998
1914.282409	-1464	-7298
1914.332414	-1588	-7514
1914.382419	-1672	-7678
1914.432424	-1748	-7830
1914.482429	-1828	-7990
1914.532434	-1880	-8110
1914.582439	-1904	-8190
1914.631444	-1904	-8202
1914.681449	-1904	-8254
1914.731454	-1908	-8342
1914.781459	-1908	-8370
1914.831464	-1908	-8442
1914.881469	-1908	-8526
1914.931474	-1908	-8602
1914.981479	-1908	-8702
1915.031484	-1908	-8746
1915.081489	-1952	-8862
1915.131494	-1984	-9038
1915.189500	-2124	-9322
1915.231504	-2136	-9474
1915.281509	-2136	-9778
1915.331514	-2136	-10146
1915.381519	-1960	-10546
1915.431524	-1632	-10846
1915.481529	-1504	-10935
1915.531534	-1440	-11071
1915.581539	-1396	-11159
1915.631544	-1176	-11275
1915.681549	-960	-11275
1915.731554	-648	-11051
1915.781559	-496	-10810
1915.831564	-380	-10486
1915.881569	-232	-10190
1915.931574	-128	-9966
1915.981579	-108	-9822
1916.031584	-84	-9806
1916.081589	-80	-9734
1916.131594	-76	-9734
1916.181599	-56	-9734
1916.231604	-56	-9734
1916.281609	-56	-9734
1916.331614	-56	-9734
1916.381619	-56	-9734
1916.431624	-56	-9734
1916.481629	-56	-9734
1916.531634	-32	-9734
1916.581639	-32	-9878
1916.631644	-28	-10070
1916.681649	-28	-10334
1916.731654	-4	-10638
1916.781659	29	-10678
1916.831664	29	-10678
1916.881669	29	-10678
1916.931674	37	-10678
1916.981679	69	-10678
1917.031684	69	-10678
1917.081689	69	-10678
1917.131694	69	-10678
1917.181699	69	-10678
1917.231704	69	-10678
1917.281709	73	-10678
1917.331714	73	-10678
1917.381719	73	-10678
1917.431724	73	-10678
1917.481729	73	-10678
1917.531734	73	-10678
1917.581739	73	-10678
1917.631744	73	-10678
1917.681749	73	-10678
1917.731754	73	-10678
1917.781759	73	-10678
1917.831764	73	-10678
1917.881769	73	-10678
1917.931774	73	-10678
1917.981779	73	-10678
1918.031784	73	-10678
1918.081789	73	-10678
1918.131794	73	-10678
1918.181799	73	-10678
1918.231804	73	-10678
1918.281809	73	-10678
1918.331814	73	-10678
1918.381819	73	-10678
1918.431824	73	-10678
1918.481829	73	-10746
1918.531834	73	-11023
1918.581839	73	-11211
1918.631844	73	-11331
1918.681849	73	-11499
1918.731854	1	-11799
1918.781859	-124	-12003
1918.831864	-284	-12515
1918.881869	-368	-13015
1918.931874	-368	-13251
1918.981879	-484	-13407
1919.031884	-504	-13643
1919.081889	-504	-13643
1919.131894	-504	-13643
1919.181899	-504	-13643
1919.231904	-504	-13639
1919.281909	-504	-13463
1919.331914	-504	-13347
1919.381919	-504	-13279
1919.431924	-504	-13043
1919.481929	-496	-13043
1919.531934	-496	-12927
1919.581939	-496	-12895
1919.631944	-496	-12723
1919.681949	-468	-12411
1919.731954	-468	-12343
1919.781959	-468	-12139
1919.831964	-468	-12071
1919.881969	-468	-11979
1919.931974	-468	-11859
1919.981979	-468	-11795
1920.031984	-468	-11751
1920.081989	-468	-11735
1920.131994	-468	-11735
1920.181999	-468	-11735
1920.232004	-468	-11699
1920.282009	-468	-11643
1920.332014	-468	-11643
1920.382019	-468	-11587
1920.432024	-468	-11575
1920.482029	-468	-11527
1920.532034	-468	-11527
1920.582039	-468	-11511
1920.632044	-468	-11499
1920.682049	-468	-11499
1920.732054	-468	-11499
1920.782059	-468	-11499
1920.832064	-468	-11499
1920.882069	-468	-11499
1920.932074	-468	-11499
1920.982079	-468	-11499
1921.032084	-468	-11499
1921.082089	-468	-11499
1921.132094	-468	-11499
1921.182099	-468	-11499
1921.232104	-468	-11499
1921.282109	-468	-11499
1921.332114	-468	-11499
1921.382119	-468	-11499
1921.432124	-468	-11499
1921.482129	-468	-11499
1921.532134	-468	-11499
1921.582139	-468	-11499
1921.632144	-468	-11499
1921.682149	-468	-11499
1921.732154	-468	-11499
1921.782159	-468	-11499
1921.832164	-468	-11499
1921.882169	-468	-11499
1921.932174	-468	-11499
1921.982179	-468	-11499
1922.032184	-468	-11499
1922.082189	-468	-11499
1922.132194	-468	-11499
1922.182199	-468	-11499
1922.232204	-468	-11499
1922.282209	-468	-11499
1922.332214	-468	-11499
1922.382219	-468	-11499
1922.432224	-468	-11499
1922.482229	-468	-11499
1922.532234	-468	-11499
1922.582239	-468	-11499
1922.632244	-468	-11499
1922.682249	-468	-11499
1922.732254	-468	-11499
1922.782259	-468	-11499
1922.832264	-468	-11499
1922.882269	-468	-11499
1922.932274	-468	-11499
1922.982279	-468	-11499
1923.032284	-468	-11499
1923.082289	-468	-11499
1923.132294	-468	-11499
1923.182299	-468	-11499
1923.232304	-468	-11499
1923.282309	-468	-11499
1923.332314	-468	-11499
1923.382319	-468	-11499
1923.432324	-468	-11499
1923.482329	-468	-11499
1923.532334	-468	-11499
1923.582339	-468	-11499
1923.632344	-468	-11499
1923.682349	-468	-11499
1923.732354	-468	-11499
1923.782359	-468	-11499
1923.832364	-468	-11499
1923.882369	-468	-11499
1923.932374	-468	-11499
1923.982379	-468	-11499
1924.032384	-468	-11499
1924.082389	-468	-11499
1924.132394	-468	-11499
1924.182399	-468	-11499
1924.232404	-468	-11499
1924.282409	-468	-11499
1924.332414	-468	-11499
1924.382419	-468	-11499
1924.432424	-468	-11499
1924.482429	-468	-11499
1924.532434	-468	-11499
1924.582439	-468	-11499
1924.632444	-468	-11499
1924.682449	-468	-11499
1924.732454	-468	-11499
1924.782459	-468	-11499
1924.832464	-468	-11499
1924.882469	-468	-11499
1924.932474	-468	-11499
1924.982479	-468	-11499
1925.032484	-468	-11499
1925.082489	-468	-11499
1925.132494	-468	-11499
1925.182499	-468	-11499
1925.232504	-468	-11499
1925.282509	-468	-11499
1925.332514	-468	-11499
1925.382519	-468	-11499
1925.432524	-468	-11499
1925.482529	-468	-11499
1925.532534	-468	-11499
1925.582539	-468	-11499
1925.632544	-468	-11499
1925.682549	-468	-11499
1925.732554	-468	-11499
1925.782559	-468	-11499
1925.986579	-468	-11523
1926.034584	-468	-11523
1926.084589	-468	-11531
1926.131594	-468	-11535
1926.181599	-468	-11575
1926.231604	-468	-11575
1926.281609	-468	-11615
1926.331614	-468	-11635
1926.381619	-468	-11659
1926.431624	-468	-11735
1926.481629	-468	-11735
1926.531634	-468	-11751
1926.581639	-468	-11815
1926.631644	-468	-11987
1926.681649	-468	-12099
1926.731654	-468	-12159
1926.781659	-468	-12171
1926.831664	-468	-12279
1926.881669	-468	-12339
1926.931674	-468	-12367
1926.981679	-468	-12399
1927.031684	-468	-12423
1927.081689	-468	-12491
1927.131694	-468	-12611
1927.181699	-456	-12655
1927.231704	-408	-12767
1927.281709	-360	-12787
1927.331714	-252	-12839
1927.381719	-196	-12911
1927.431724	-164	-13011
1927.481729	-104	-13103
1927.531734	-32	-13131
1927.581739	0	-13155
1927.631744	25	-13155
1927.681749	29	-13171
1927.731754	29	-13187
1927.781759	33	-13187
1927.831764	41	-13215
1927.881769	45	-13215
1927.931774	45	-13235
1927.981779	45	-13235
1928.031784	45	-13251
1928.081789	65	-13251
1928.131794	65	-13251
1928.181799	73	-13251
1928.231804	73	-13263
1928.281809	89	-13291
1928.331814	89	-13323
1928.381819	93	-13339
1928.431824	93	-13351
1928.481829	109	-13367
1928.531834	109	-13367
1928.581839	121	-13367
1928.631844	129	-13367
1928.681849	141	-13367
1928.731854	141	-13367
1928.781859	141	-13367
1928.831864	141	-13367
1928.881869	141	-13367
1928.931874	141	-13367
1928.981879	141	-13367
1929.031884	141	-13367
1929.081889	141	-13367
1929.131894	141	-13367
1929.181899	141	-13367
1929.231904	141	-13367
1929.281909	141	-13367
1929.331914	141	-13367
1929.381919	141	-13367
1929.431924	141	-13367
1929.481929	141	-13367
1929.531934	141	-13367
1929.581939	141	-13367
1929.631944	141	-13367
1929.681949	141	-13367
1929.731954	141	-13367
1929.781959	141	-13367
1929.831964	141	-13367
1929.881969	141	-13367
1929.931974	141	-13367
1929.981979	141	-13367
1930.031984	141	-13367
1930.081989	141	-13367
1930.131994	141	-13367
1930.181999	141	-13367
1930.232004	141	-13367
1930.282009	141	-13367
1930.332014	141	-13367
1930.382019	141	-13367
1930.432024	141	-13367
1930.482029	141	-13367
1930.532034	141	-13367
1930.582039	141	-13367
1930.632044	141	-13367
1930.682049	141	-13367
1930.732054	141	-13367
1930.782059	141	-13367
1930.832064	141	-13367
1930.882069	141	-13367
1930.932074	141	-13367
1930.982079	141	-13367
1931.032084	141	-13367
1931.082089	141	-13367
1931.132094	141	-13367
1931.182099	141	-13367
1931.232104	141	-13367
1931.282109	141	-13367
1931.332114	141	-13367
1931.382119	141	-13367
1931.432124	141	-13367
1931.482129	141	-13367
1931.532134	141	-13367
1931.582139	141	-13367
1931.632144	141	-13367
1931.682149	141	-13367
1931.732154	141	-13367
1931.782159	141	-13379
1931.832164	141	-13431
1931.882169	145	-13463
1931.932174	189	-13471
1931.982179	201	-13507
1932.032184	225	-13559
1932.082189	241	-13623
1932.131194	269	-13671
1932.181199	325	-13735
1932.231204	377	-13779
1932.281209	377	-13779
1932.331214	377	-13779
1932.381219	377	-13779
1932.431224	381	-13815
1932.481229	381	-13815
1932.531234	381	-13847
1932.581239	381	-13867
1932.631244	389	-13899
1932.681249	401	-13947
1932.731254	425	-13995
1932.781259	489	-13999
1932.831264	509	-14011
1932.881269	517	-14027
1932.931274	537	-14035
1932.981279	537	-14035
1933.031284	553	-14059
1933.081289	561	-14087
1933.131294	573	-14087
1933.181299	573	-14111
1933.231304	573	-14111
1933.281309	573	-14111
1933.331314	573	-14111
1933.381319	573	-14111
1933.431324	573	-14135
1933.481329	573	-14135
1933.531334	573	-14191
1933.581339	573	-14195
1933.631344	573	-14227
1933.681349	573	-14231
1933.731354	573	-14319
1933.781359	573	-14319
1933.831364	573	-14363
1933.881369	645	-14423
1933.931374	673	-14447
1933.981379	677	-14447
1934.031384	677	-14491
1934.081389	677	-14567
1934.137394	701	-14575
1934.182399	761	-14575
1934.232404	813	-14579
1934.282409	813	-14607
1934.332414	861	-14611
1934.382419	861	-14611
1934.432424	861	-14635
1934.482429	861	-14635
1934.532434	953	-14703
1934.582439	1017	-14767
1934.632444	1077	-14803
1934.682449	1137	-14803
1934.732454	1141	-14803
1934.782459	1209	-14803
1934.832464	1241	-14803
1934.882469	1293	-14803
1934.932474	1389	-14803
1934.982479	1465	-14803
1935.032484	1653	-14803
1935.082489	2041	-14803
1935.132494	2385	-14803
1935.182499	2469	-14803
1935.232504	2477	-14803
1935.282509	2537	-14803
1935.332514	2865	-14803
1935.382519	3109	-14803
1935.432524	3201	-14803
1935.482529	3201	-14803
1935.532534	3201	-14803
1935.582539	3201	-14803
1935.632544	3201	-14751
1935.682549	3201	-14711
1935.732554	3201	-14615
1935.782559	3201	-14515
1935.832564	3201	-14415
1935.882569	3201	-14315
1935.932574	3201	-14179
1935.982579	3201	-14179
1936.032584	3201	-14163
1936.082589	3201	-14163
1936.132594	3201	-14163
1936.182599	3201	-14163
1936.232604	3201	-14163
1936.282609	3201	-14163
1936.332614	3201	-14163
1936.382619	3201	-14163
1936.432624	3201	-14163
1936.482629	3201	-14163
1936.532634	3201	-14163
1936.582639	3201	-14163
1936.632644	3201	-14163
1936.682649	3201	-14163
1936.732654	3201	-14163
1936.782659	3201	-14163
1936.832664	3201	-14163
1936.882669	3201	-14163
1936.932674	3201	-14163
1936.982679	3201	-14163
1937.032684	3201	-14163
1937.082689	3201	-14163
1937.132694	3201	-14163
1937.182699	3201	-14163
1937.232704	3201	-14163
1937.282709	3201	-14163
1937.332714	3201	-14163
1937.382719	3201	-14163
1937.432724	3201	-14163
1937.482729	3201	-14163
1937.532734	3201	-14163
1937.582739	3201	-14163
1937.632744	3201	-14163
1937.682749	3201	-14163
1937.732754	3201	-14163
1937.782759	3201	-14163
1937.832764	3201	-14163
1937.882769	3201	-14163
1937.932774	3201	-14163
1937.982779	3201	-14163
1938.032784	3201	-14163
1938.082789	3201	-14163
1938.132794	3201	-14163
1938.182799	3201	-14163
1938.232804	3201	-14163
1938.282809	3201	-14163
1938.332814	3201	-14163
1938.382819	3201	-14163
1938.432824	3201	-14163
1938.482829	3201	-14163
1938.532834	3201	-14163
1938.582839	3201	-14163
1938.632844	3201	-14163
1938.682849	3201	-14163
1938.732854	3201	-14163
1938.782859	3201	-14163
1938.832864	3201	-14163
1938.882869	3201	-14163
1938.932874	3201	-14163
1938.982879	3201	-14163
1939.032884	3201	-14163
1939.082889	3201	-14163
1939.132894	3201	-14163
1939.182899	3201	-14163
1939.232904	3201	-14163
1939.282909	3201	-14163
1939.332914	3201	-14163
1939.382919	3201	-14163
1939.432924	3201	-14163
1939.482929	3201	-14163
1939.532934	3201	-14163
1939.582939	3201	-14163
1939.632944	3201	-14163
1939.682949	3201	-14163
1939.732954	3201	-14163
1939.782959	3201	-14163
1939.832964	3201	-14163
1939.882969	3201	-14163
1939.932974	3201	-14163
1939.982979	3201	-14163
1940.032984	3201	-14163
1940.082989	3201	-14163
1940.132994	3201	-14163
1940.182999	3201	-14163
1940.233004	3201	-14163
1940.283009	3201	-14163
1940.333014	3201	-14163
1940.383019	3201	-14163
1940.433024	3201	-14163
1940.483029	3201	-14163
1940.533034	3201	-14163
1940.583039	3201	-14163
1940.633044	3201	-14163
1940.683049	3201	-14163
1940.733054	3201	-14163
1940.783059	3201	-14163
1940.833064	3201	-14163
1940.883069	3201	-14163
1940.933074	3201	-14163
1940.983079	3201	-14163
1941.033084	3201	-14163
1941.083089	3201	-14163
1941.133094	3201	-14163
1941.183099	3201	-14163
1941.233104	3201	-14163
1941.283109	3201	-14163
1941.333114	3201	-14135
1941.383119	3201	-14127
1941.433124	3201	-14127
1941.483129	3201	-14115
1941.533134	3201	-14115
1941.583139	3201	-14111
1941.633144	3201	-14111
1941.683149	3201	-14111
1941.733154	3201	-14111
1941.783159	3201	-14111
1941.833164	3201	-14111
1941.883169	3201	-14111
1941.933174	3201	-14111
1941.983179	3201	-14111
1942.033184	3201	-14111
1942.083189	3201	-14111
1942.133194	3201	-14111
1942.183199	3201	-14111
1942.233204	3201	-14111
1942.283209	3201	-14111
1942.333214	3201	-14111
1942.383219	3201	-14111
1942.433224	3201	-14111
1942.483229	3201	-14111
1942.533234	3201	-14111
1942.583239	3201	-14111
1942.633244	3201	-14111
1942.683249	3201	-14111
1942.733254	3201	-14111
1942.783259	3201	-14111
1942.833264	3201	-14111
1942.883269	3201	-14111
1942.933274	3201	-14111
1942.983279	3201	-14111
1943.033284	3201	-14111
1943.083289	3201	-14111
1943.133294	3201	-14111
1943.183299	3201	-14111
1943.233304	3201	-14111
1943.283309	3201	-14103
1943.333314	3201	-14103
1943.383319	3201	-14103
1943.433324	3201	-14103
1943.483329	3201	-14103
1943.533334	3201	-14103
1943.583339	3201	-14103
1943.633344	3201	-14103
1943.683349	3201	-14103
1943.733354	3201	-14103
1943.783359	3201	-14103
1943.833364	3201	-14103
1943.883369	3201	-14103
1943.933374	3201	-14103
1943.983379	3201	-14103
1944.033384	3201	-14103
1944.083389	3201	-14099
1944.133394	3201	-14099
1944.183399	3201	-14099
1944.233404	3201	-14099
1944.283409	3201	-14099
1944.333414	3201	-14099
1944.383419	3201	-14099
1944.433424	3201	-14099
1944.483429	3201	-14099
1944.533434	3201	-14099
1944.583439	3201	-14099
1944.633444	3201	-14099
1944.683449	3201	-14099
1944.733454	3201	-14099
1944.783459	3201	-14099
1944.833464	3201	-14099
1944.883469	3201	-14099
1944.933474	3201	-14099
1944.983479	3201	-14099
1945.033484	3201	-14099
1945.083489	3201	-14099
1945.133494	3201	-14099
1945.183499	3201	-14099
1945.233504	3201	-14099
1945.283509	3201	-14099
1945.333514	3201	-14099
1945.383519	3201	-14099
1945.433524	3201	-14099
1945.483529	3201	-14087
1945.533534	3201	-14087
1945.583539	3201	-14083
1945.633544	3201	-14083
1945.683549	3201	-14083
1945.733554	3201	-14051
1945.783559	3201	-14051
1945.833564	3201	-14043
1945.883569	3201	-14011
1945.933574	3201	-13975
1945.983579	3201	-13951
1946.033584	3201	-13855
1946.083589	3201	-13835
1946.133594	3201	-13775
1946.183599	3201	-13775
1946.233604	3201	-13751
1946.283609	3201	-13751
1946.333614	3201	-13707
1946.383619	3201	-13691
1946.433624	3201	-13639
1946.483629	3201	-13599
1946.533634	3201	-13547
1946.583639	3201	-13547
1946.633644	3201	-13547
1946.683649	3201	-13547
1946.733654	3201	-13547
1946.783659	3201	-13547
1946.833664	3201	-13547
1946.883669	3201	-13547
1946.933674	3201	-13547
1946.983679	3201	-13547
1947.033684	3201	-13547
1947.083689	3201	-13547
1947.133694	3201	-13531
1947.183699	3201	-13531
1947.233704	3201	-13519
1947.283709	3201	-13519
1947.333714	3201	-13519
1947.383719	3201	-13519
1947.433724	3201	-13519
1947.483729	3201	-13519
1947.533734	3201	-13519
1947.583739	3201	-13519
1947.633744	3201	-13519
1947.683749	3201	-13519
1947.733754	3201	-13519
1947.783759	3201	-13519
1947.833764	3201	-13519
1947.883769	3201	-13519
1947.933774	3201	-13519
1947.983779	3201	-13519
1948.033784	3201	-13519
1948.083789	3201	-13519
1948.133794	3201	-13519
1948.183799	3201	-13519
1948.233804	3201	-13519
1948.283809	3201	-13519
1948.333814	3201	-13519
1948.383819	3201	-13519
1948.433824	3201	-13519
1948.483829	3201	-13519
1948.533834	3201	-13519
1948.583839	3201	-13519
1948.633844	3201	-13519
1948.683849	3201	-13519
1948.733854	3201	-13519
1948.783859	3201	-13519
1948.833864	3201	-13519
1948.883869	3201	-13519
1948.933874	3201	-13519
1948.983879	3201	-13519
1949.033884	3201	-13519
1949.083889	3201	-13519
1949.133894	3201	-13519
1949.183899	3201	-13519
1949.233904	3201	-13519
1949.283909	3201	-13519
1949.333914	3201	-13519
1949.383919	3201	-13519
1949.433924	3201	-13519
1949.483929	3201	-13519
1949.533934	3201	-13519
1949.582939	3201	-13519
1949.632944	3201	-13519
1949.682949	3201	-13519
1949.732954	3201	-13519
1949.782959	3201	-13519
1949.832964	3201	-13519
1949.882969	3201	-13519
1949.932974	3201	-13519
1949.982979	3201	-13519
1950.032984	3201	-13519
1950.082989	3201	-13519
1950.132994	3201	-13519
1950.182999	3201	-13519
1950.233004	3201	-13519
1950.283009	3201	-13519
1950.333014	3201	-13519
1950.383019	3201	-13519
1950.433024	3201	-13519
1950.483029	3201	-13519
1950.533034	3201	-13519
1950.583039	3201	-13519
1950.633044	3201	-13519
1950.683049	3201	-13519
1950.733054	3201	-13515
1950.783059	3201	-13515
1950.833064	3201	-13515
1950.883069	3201	-13515
1950.933074	3201	-13479
1950.983079	3201	-13479
1951.033084	3201	-13471
1951.083089	3201	-13471
1951.133094	3201	-13471
1951.183099	3201	-13471
1951.233104	3201	-13451
1951.283109	3201	-13451
1951.333114	3201	-13451
1951.383119	3201	-13451
1951.433124	3201	-13423
1951.483129	3201	-13367
1951.533134	3201	-13355
1951.583139	3213	-13331
1951.633144	3213	-13299
1951.683149	3213	-13299
1951.733154	3213	-13299
1951.783159	3213	-13299
1951.833164	3213	-13299
1951.883169	3213	-13299
1951.933174	3213	-13299
1951.983179	3213	-13299
1952.033184	3229	-13295
1952.083189	3265	-13219
1952.133194	3321	-13211
1952.183199	3337	-13127
1952.233204	3361	-13103
1952.283209	3361	-13071
1952.333214	3369	-13047
1952.383219	3381	-13011
1952.433224	3417	-12935
1952.483229	3433	-12935
1952.533234	3433	-12911
1952.583239	3433	-12891
1952.633244	3433	-12891
1952.683249	3433	-12863
1952.733254	3433	-12859
1952.783259	3433	-12859
1952.833264	3433	-12839
1952.883269	3433	-12795
1952.933274	3433	-12795
1952.983279	3433	-12791
1953.033284	3433	-12767
1953.083289	3433	-12755
1953.133294	3433	-12743
1953.183299	3437	-12715
1953.233304	3437	-12715
1953.283309	3437	-12679
1953.333314	3437	-12675
1953.383319	3437	-12655
1953.433324	3437	-12627
1953.483329	3441	-12615
1953.533334	3441	-12603
1953.583339	3441	-12603
1953.633344	3441	-12547
1953.683349	3441	-12547
1953.733354	3473	-12539
1953.783359	3473	-12531
1953.833364	3477	-12499
1953.883369	3477	-12499
1953.933374	3477	-12459
1953.983379	3477	-12459
1954.033384	3477	-12455
1954.083389	3505	-12455
1954.133394	3505	-12455
1954.183399	3505	-12443
1954.233404	3505	-12415
1954.283409	3505	-12415
1954.333414	3505	-12407
1954.383419	3505	-12387
1954.433424	3505	-12387
1954.483429	3505	-12387
1954.533434	3505	-12387
1954.583439	3505	-12387
1954.633444	3505	-12387
1954.683449	3505	-12379
1954.733454	3505	-12371
1954.783459	3505	-12371
1954.833464	3505	-12371
1954.883469	3505	-12371
1954.933474	3505	-12371
1954.983479	3505	-12371
1955.033484	3521	-12371
1955.083489	3561	-12367
1955.133494	3641	-12347
1955.183499	3725	-12307
1955.233504	3737	-12307
1955.283509	3749	-12307
1955.333514	3753	-12307
1955.383519	3777	-12307
1955.433524	3777	-12307
1955.483529	3777	-12307
1955.533534	3777	-12279
1955.583539	3777	-12279
1955.633544	3777	-12251
1955.683549	3777	-12171
1955.733554	3777	-12131
1955.783559	3777	-12103
1955.833564	3777	-12103
1955.883569	3777	-12091
1955.933574	3777	-12083
1955.983579	3777	-12071
1956.033584	3777	-12027
1956.083589	3777	-12027
1956.133594	3777	-11967
1956.183599	3777	-11967
1956.233604	3777	-11967
1956.283609	3777	-11967
1956.333614	3777	-11967
1956.383619	3777	-11967
1956.433624	3777	-11967
1956.483629	3777	-11967
1956.533634	3777	-11967
1956.583639	3777	-11967
1956.633644	3777	-11967
1956.683649	3777	-11967
1956.733654	3777	-11967
1956.783659	3777	-11967
1956.833664	3777	-11967
1956.883669	3777	-11967
1956.933674	3777	-11967
1956.983679	3777	-11967
1957.033684	3777	-11967
1957.083689	3777	-11967
1957.133694	3777	-11967
1957.183699	3777	-11967
1957.233704	3777	-11967
1957.283709	3777	-11967
1957.333714	3777	-11967
1957.383719	3777	-11967
1957.433724	3777	-11967
1957.483729	3777	-11967
1957.533734	3777	-11967
1957.583739	3777	-11967
1957.633744	3777	-11967
1957.683749	3777	-11967
1957.733754	3777	-11967
1957.783759	3777	-11967
1957.833764	3777	-11967
1957.883769	3777	-11967
1957.933774	3777	-11967
1957.983779	3777	-11967
1958.033784	3777	-11967
1958.083789	3777	-11967
1958.133794	3777	-11967
1958.183799	3777	-11983
1958.233804	3753	-11983
1958.283809	3737	-11983
1958.333814	3725	-11983
1958.383819	3717	-11983
1958.433824	3717	-11983
1958.483829	3717	-11983
1958.533834	3705	-11983
1958.583839	3705	-11983
1958.633844	3701	-11983
1958.683849	3681	-11983
1958.733854	3673	-11983
1958.783859	3673	-11983
1958.833864	3673	-11983
1958.883869	3665	-11983
1958.933874	3665	-11983
1958.983879	3661	-11983
1959.033884	3661	-11983
1959.083889	3661	-11983
1959.133894	3661	-11983
1959.183899	3653	-11983
1959.233904	3641	-11983
1959.283909	3629	-11983
1959.333914	3629	-11983
1959.383919	3629	-11983
1959.433924	3625	-11983
1959.483929	3625	-11983
1959.533934	3625	-11983
1959.583939	3617	-11983
1959.633944	3601	-11983
1959.683949	3597	-11983
1959.733954	3597	-11983
1959.783959	3581	-11983
1959.833964	3581	-11983
1959.883969	3581	-11983
1959.933974	3577	-11983
1959.983979	3561	-11983
1960.033984	3561	-11983
1960.083989	3561	-11983
1960.133994	3561	-11983
1960.183999	3557	-11983
1960.234004	3557	-11983
1960.284009	3541	-11983
1960.334014	3533	-11983
1960.384019	3533	-11983
1960.434024	3533	-11983
1960.484029	3521	-11983
1960.534034	3521	-11983
1960.584039	3521	-11983
1960.634044	3509	-11963
1960.684049	3509	-11959
1960.734054	3509	-11891
1960.784059	3485	-11867
1960.834064	3469	-11867
1960.884069	3457	-11867
1960.934074	3445	-11867
1960.984079	3445	-11867
1961.034084	3445	-11867
1961.084089	3445	-11867
1961.134094	3445	-11867
1961.184099	3445	-11867
1961.234104	3445	-11867
1961.284109	3445	-11867
1961.334114	3433	-11867
1961.384119	3433	-11867
1961.434124	3433	-11867
1961.484129	3433	-11867
1961.534134	3433	-11867
1961.584139	3433	-11867
1961.634144	3433	-11867
1961.684149	3433	-11867
1961.734154	3433	-11867
1961.784159	3433	-11867
1961.834164	3433	-11867
1961.884169	3433	-11867
1961.934174	3433	-11867
1961.984179	3433	-11867
1962.034184	3433	-11867
1962.084189	3433	-11867
1962.134194	3433	-11867
1962.184199	3433	-11867
1962.234204	3433	-11867
1962.284209	3433	-11867
1962.334214	3433	-11867
1962.384219	3433	-11867
1962.434224	3433	-11867
1962.484229	3433	-11867
1962.534234	3433	-11867
1962.584239	3433	-11867
1962.634244	3433	-11867
1962.684249	3433	-11867
1962.734254	3433	-11867
1962.784259	3433	-11867
1962.834264	3433	-11867
1962.884269	3433	-11867
1962.934274	3433	-11867
1962.984279	3433	-11867
1963.034284	3433	-11867
1963.084289	3433	-11867
1963.134294	3433	-11867
1963.184299	3433	-11867
1963.234304	3433	-11867
1963.284309	3433	-11867
1963.334314	3433	-11867
1963.384319	3433	-11867
1963.434324	3433	-11867
1963.484329	3433	-11867
1963.534334	3433	-11867
1963.584339	3417	-11867
1963.634344	3417	-11867
1963.684349	3413	-11867
1963.734354	3385	-11871
1963.784359	3237	-12075
1963.834364	3233	-12231
1963.884369	3025	-12587
1963.934374	2925	-12731
1963.984379	2877	-12855
1964.034384	2665	-13211
1964.084389	2313	-13795
1964.134394	2285	-14055
1964.184399	2217	-14299
1964.234404	2189	-14539
1964.284409	2093	-14919
1964.334414	2017	-15219
1964.384419	1953	-15443
1964.434424	1873	-15739
1964.484429	1817	-15967
1964.534434	1765	-16103
1964.584439	1717	-16159
1964.634444	1693	-16247
1964.684449	1693	-16247
1964.734454	1693	-16247
1964.784459	1693	-16247
1964.834464	1693	-16251
1964.884469	1693	-16259
1964.934474	1693	-16323
1964.984479	1749	-16331
1965.034484	1817	-16343
1965.084489	1989	-16343
1965.134494	2421	-16343
1965.184499	2929	-16343
1965.234504	3009	-16343
1965.284509	3021	-16343
1965.334514	3021	-16343
1965.384519	3021	-16343
1965.434524	3109	-16019
1965.484529	3229	-15819
1965.534534	3229	-15663
1965.584539	3229	-15571
1965.634544	3229	-15535
1965.684549	3229	-15535
1965.734554	3229	-15535
1965.784559	3229	-15455
1965.834564	2997	-15455
1965.884569	2681	-15427
1965.934574	2565	-15427
1965.984579	2477	-15427
1966.034584	2393	-15427
1966.084589	2221	-15427
1966.134594	2081	-15427
1966.184599	2041	-15427
1966.234604	2009	-15427
1966.284609	1893	-15427
1966.334614	1865	-15427
1966.384619	1829	-15427
1966.434624	1817	-15427
1966.484629	1769	-15427
1966.534634	1697	-15427
1966.584639	1681	-15427
1966.634644	1629	-15427
1966.684649	1629	-15427
1966.734654	1625	-15427
1966.784659	1625	-15427
1966.834664	1589	-15427
1966.884669	1573	-15399
1966.934674	1533	-15379
1966.984679	1509	-15379
1967.034684	1509	-15351
1967.083689	1505	-15339
1967.133694	1477	-15319
1967.183699	1469	-15303
1967.233704	1433	-15303
1967.283709	1433	-15303
1967.333714	1433	-15303
1967.383718	1389	-15271
1967.433724	1389	-15271
1967.483729	1389	-15263
1967.533734	1361	-15259
1967.583739	1361	-15255
1967.633744	1361	-15255
1967.683749	1357	-15239
1967.733754	1321	-15223
1967.783759	1313	-15223
1967.833764	1313	-15199
1967.883769	1313	-15199
1967.933774	1313	-15171
1967.983779	1297	-15171
1968.033784	1297	-15159
1968.083789	1297	-15143
1968.133794	1293	-15143
1968.183799	1269	-15083
1968.233804	1265	-15083
1968.283809	1249	-15063
1968.333814	1221	-15043
1968.383819	1221	-15027
1968.433824	1189	-15027
1968.483829	1189	-15015
1968.533834	1177	-14991
1968.583839	1177	-14963
1968.633844	1177	-14963
1968.683849	1157	-14963
1968.733854	1133	-14951
1968.783859	1133	-14951
1968.833864	1133	-14951
1968.883869	1133	-14943
1968.933874	1133	-14939
1968.983879	1105	-14919
1969.033884	1105	-14919
1969.083889	1105	-14919
1969.133893	1105	-14919
1969.183899	1105	-14859
1969.233904	1105	-14671
1969.283909	1093	-14203
1969.333914	1057	-13447
1969.383919	1057	-12891
1969.433924	1057	-12679
1969.483929	1057	-12547
1969.533934	1057	-12231
1969.583939	1057	-11767
1969.633944	1057	-11471
1969.683949	1085	-11187
1969.733954	1281	-10882
1969.783959	1353	-10594
1969.833964	1597	-10110
1969.883969	1713	-9918
1969.950975	1849	-9562
1969.983979	2033	-9078
1970.033984	2149	-8566
1970.083989	2449	-7946
1970.133994	2637	-7254
1970.183999	2637	-7134
1970.234004	2653	-7010
1970.284009	2653	-6878
1970.334014	2653	-6722
1970.384019	2689	-6598
1970.434024	2689	-6482
1970.484029	2749	-6406
1970.534034	2773	-6190
1970.584039	2829	-5934
1970.634044	2909	-5682
1970.684049	2909	-5598
1970.734054	2909	-5530
1970.784059	2909	-5502
1970.834064	2909	-5470
1970.884068	2909	-5441
1970.934074	2909	-5421
1970.984079	2909	-5421
1971.034084	2909	-5421
1971.084089	2909	-5421
1971.134094	2909	-5421
1971.184099	2909	-5421
1971.234104	2909	-5421
1971.284109	2909	-5421
1971.334114	2909	-5421
1971.384119	2909	-5421
1971.434124	2909	-5421
1971.484129	2909	-5421
1971.534134	2909	-5421
1971.584139	2909	-5421
1971.634144	2909	-5421
1971.684149	2909	-5421
1971.734154	2909	-5365
1971.784159	2909	-5329
1971.834164	2909	-5265
1971.884169	2909	-5229
1971.934174	2909	-5201
1971.984179	2929	-5117
1972.034184	2961	-5069
1972.084189	2961	-5009
1972.134194	2969	-4945
1972.184199	2985	-4909
1972.234204	2985	-4885
1972.284209	2985	-4797
1972.334214	2989	-4681
1972.384219	2989	-4629
1972.434224	2989	-4589
1972.484229	2989	-4525
1972.534234	2993	-4485
1972.584239	3009	-4413
1972.634243	3017	-4393
1972.684249	3033	-4353
1972.734254	3033	-4353
1972.784259	3033	-4349
1972.834264	3033	-4325
1972.884269	3037	-4325
1972.934274	3045	-4317
1972.984279	3045	-4317
1973.034284	3045	-4297
1973.084289	3045	-4293
1973.134294	3045	-4293
1973.184299	3045	-4281
1973.234304	3045	-4269
1973.284309	3045	-4261
1973.334314	3045	-4261
1973.384319	3045	-4237
1973.434324	3045	-4237
1973.484329	3045	-4237
1973.534334	3045	-4237
1973.584339	3045	-4237
1973.634344	3045	-4225
1973.684349	3045	-4225
1973.734354	3045	-4217
1973.784359	3045	-4205
1973.834364	3045	-4205
1973.884369	3045	-4193
1973.934374	3045	-4185
1973.984379	3045	-4181
1974.034384	3045	-4149
1974.084389	3045	-4145
1974.134394	3045	-4121
1974.184399	3045	-4121
1974.234404	3045	-4121
1974.284409	3045	-4105
1974.334414	3045	-4105
1974.384418	3045	-4105
1974.434424	3045	-4105
1974.484429	3045	-4129
1974.534434	3045	-4129
1974.584439	3045	-4133
1974.634444	3045	-4169
1974.684449	3045	-4349
1974.734454	3045	-4421
1974.784459	3037	-4561
1974.834464	2929	-4729
1974.884469	2925	-4733
1974.934474	2913	-4733
1974.984479	2913	-4733
1975.034484	2877	-4733
1975.084489	2877	-4733
1975.134494	2877	-4733
1975.184499	2877	-4733
1975.234504	2853	-4733
1975.284509	2853	-4733
1975.334514	2853	-4733
1975.384519	2837	-4733
1975.434524	2825	-4733
1975.484529	2801	-4733
1975.534534	2781	-4733
1975.584539	2737	-4733
1975.634544	2633	-4777
1975.684549	2597	-4777
1975.734554	2561	-4777
1975.784559	2545	-4777
1975.834564	2537	-4777
1975.884569	2537	-4781
1975.934574	2529	-4781
1975.984579	2525	-4781
1976.034584	2525	-4781
1976.084589	2509	-4781
1976.134593	2501	-4781
1976.184599	2501	-4781
1976.234604	2497	-4781
1976.284609	2497	-4781
1976.334614	2497	-4781
1976.384619	2485	-4781
1976.434624	2473	-4781
1976.484629	2473	-4781
1976.534634	2465	-4781
1976.584639	2465	-4781
1976.634644	2421	-4781
1976.684649	2409	-4781
1976.734654	2409	-4781
1976.784659	2393	-4781
1976.834664	2393	-4781
1976.884669	2377	-4781
1976.934674	2377	-4781
1976.984679	2377	-4781
1977.034684	2377	-4781
1977.084689	2365	-4781
1977.134694	2361	-4781
1977.184699	2329	-4781
1977.234704	2321	-4781
1977.284708	2313	-4781
1977.334714	2297	-4781
1977.384719	2293	-4781
1977.434724	2273	-4781
1977.484729	2265	-4781
1977.534734	2265	-4781
1977.584739	2237	-4781
1977.634744	2237	-4781
1977.684749	2213	-4781
1977.734754	2213	-4781
1977.784759	2213	-4781
1977.834764	2197	-4781
1977.884768	2197	-4781
1977.934774	2193	-4781
1977.984779	2193	-4781
1978.034784	2193	-4781
1978.084789	2193	-4781
1978.134794	2193	-4781
1978.184799	2181	-4781
1978.234804	2181	-4781
1978.284809	2181	-4781
1978.334814	2181	-4781
1978.384819	2181	-4781
1978.434824	2181	-4781
1978.484829	2169	-4781
1978.534834	2169	-4781
1978.584839	2161	-4781
1978.634844	2161	-4781
1978.684849	2149	-4781
1978.734854	2105	-4781
1978.784859	2105	-4789
1978.834864	2053	-4825
1978.884869	2049	-4853
1978.934874	2021	-4873
1978.984879	2017	-4889
1979.034883	1997	-4909
1979.084889	1985	-4921
1979.134894	1981	-4957
1979.184899	1969	-4985
1979.234904	1969	-4985
1979.284909	1957	-4985
1979.334914	1941	-4985
1979.384919	1941	-4985
1979.434924	1941	-4993
1979.484929	1941	-4993
1979.534934	1941	-5005
1979.584939	1929	-5005
1979.634943	1917	-5005
1979.684949	1917	-5021
1979.734954	1917	-5021
1979.784959	1917	-5021
1979.834964	1917	-5021
1979.884969	1893	-5021
1979.934974	1893	-5033
1979.984979	1893	-5033
1980.034984	1889	-5049
1980.084989	1861	-5069
1980.134994	1861	-5069
1980.184999	1861	-5077
1980.235004	1837	-5077
1980.285009	1837	-5077
1980.335014	1825	-5077
1980.385019	1825	-5085
1980.435024	1825	-5101
1980.485029	1825	-5101
1980.535034	1825	-5101
1980.585039	1817	-5101
1980.635044	1817	-5101
1980.685049	1817	-5101
1980.735054	1817	-5101
1980.785058	1817	-5101
1980.835064	1817	-5101
1980.885069	1817	-5101
1980.935074	1817	-5101
1980.985079	1817	-5101
1981.035084	1817	-5101
1981.085089	1817	-5101
1981.135094	1817	-5101
1981.185099	1817	-5101
1981.235104	1817	-4997
1981.285109	1797	-4937
1981.335114	1797	-4889
1981.385118	1797	-4841
1981.435124	1797	-4841
1981.485129	1797	-4813
1981.535134	1797	-4813
1981.585139	1797	-4797
1981.635144	1797	-4797
1981.685149	1797	-4797
1981.735154	1797	-4789
1981.785159	1797	-4789
1981.835164	1797	-4789
1981.885169	1797	-4789
1981.935174	1797	-4789
1981.985179	1797	-4789
1982.035184	1797	-4789
1982.085189	1797	-4789
1982.135194	1797	-4789
1982.185199	1797	-4789
1982.235204	1797	-4789
1982.285209	1797	-4789
1982.335214	1797	-4789
1982.385219	1797	-4789
1982.435224	1797	-4789
1982.485229	1797	-4789
1982.535233	1797	-4789
1982.585239	1797	-4789
1982.635244	1797	-4789
1982.685249	1797	-4789
1982.735254	1797	-4789
1982.785259	1797	-4789
1982.835264	1797	-4789
1982.885269	1797	-4853
1982.935274	1797	-4897
1982.985279	1797	-4909
1983.035284	1797	-4993
1983.085289	1773	-5061
1983.135293	1741	-5117
1983.185299	1681	-5201
1983.235304	1621	-5301
1983.285309	1521	-5474
1983.335314	1421	-5606
1983.385319	1353	-5746
1983.435324	1277	-5854
1983.485329	1145	-6030
1983.535334	1113	-6166
1983.585339	1073	-6246
1983.635344	1025	-6354
1983.685349	881	-6506
1983.735354	853	-6570
1983.785359	841	-6622
1983.912372	729	-6798
1983.938374	717	-6834
1983.985379	681	-6894
1984.037384	625	-6990
1984.085389	561	-7098
1984.135394	501	-7234
1984.185399	353	-7434
1984.235404	253	-7570
1984.285408	121	-7786
1984.335414	9	-7970
1984.385419	-72	-8106
1984.435424	-172	-8222
1984.485429	-232	-8322
1984.535434	-288	-8418
1984.584439	-372	-8534
1984.634444	-492	-8750
1984.684449	-668	-9126
1984.734454	-808	-9526
1984.784459	-848	-9538
1984.834464	-848	-9538
1984.884469	-848	-9538
1984.934474	-848	-9538
1984.984478	-848	-9538
1985.034483	-848	-9538
1985.084488	-848	-9538
1985.134494	-848	-9538
1985.184499	-848	-9538
1985.234504	-848	-9538
1985.284509	-848	-9538
1985.334514	-848	-9538
1985.384519	-848	-9754
1985.434524	-848	-9906
1985.484529	-848	-10082
1985.534534	-684	-10382
1985.584538	-544	-10622
1985.634543	-292	-10838
1985.684549	-216	-11031
1985.734554	-108	-11123
1985.784559	-20	-11291
1985.834564	45	-11371
1985.884569	197	-11467
1985.934574	229	-11487
1985.984579	349	-11607
1986.034584	561	-11695
1986.084589	601	-11719
1986.134593	617	-11731
1986.184598	621	-11731
1986.234603	705	-11763
1986.284609	753	-11771
1986.334614	813	-11787
1986.384619	921	-11859
1986.434624	981	-11859
1986.484629	981	-11891
1986.534634	981	-11891
1986.584639	989	-11959
1986.634644	1041	-12019
1986.684649	1041	-12019
1986.734653	1041	-12019
1986.784658	1041	-12019
1986.834663	1061	-12019
1986.884669	1081	-12019
1986.934674	1093	-12019
1986.984679	1125	-12019
1987.034684	1129	-12019
1987.084689	1173	-12019
1987.134694	1197	-11999
1987.184699	1217	-11999
1987.234704	1237	-11987
1987.284708	1241	-11987
1987.334713	1261	-11943
1987.384718	1317	-11919
1987.434724	1321	-11911
1987.484729	1329	-11875
1987.534734	1353	-11875
1987.584739	1353	-11875
1987.634744	1357	-11875
1987.684749	1357	-11875
1987.734754	1389	-11875
1987.784759	1393	-11875
1987.834764	1393	-11875
1987.884768	1393	-11875
1987.934773	1393	-11875
1987.984778	1393	-11875
1988.034784	1393	-11875
1988.084789	1393	-11875
1988.134794	1413	-11875
1988.184799	1413	-11875
1988.234804	1417	-11875
1988.284809	1429	-11875
1988.334814	1489	-11875
1988.384819	1489	-11875
1988.434824	1489	-11875
1988.484828	1489	-11875
1988.534833	1489	-11875
1988.584838	1489	-11875
1988.634844	1505	-11875
1988.684849	1505	-11875
1988.734854	1505	-11875
1988.784859	1505	-11875
1988.834864	1505	-11875
1988.884869	1505	-11875
1988.934874	1505	-11875
1988.984879	1505	-11875
1989.034883	1505	-11875
1989.084888	1505	-11875
1989.134893	1505	-11875
1989.184899	1505	-11875
1989.234904	1505	-11875
1989.284909	1505	-11875
1989.334914	1505	-11875
1989.384919	1505	-11875
1989.434924	1505	-11859
1989.484929	1505	-11859
1989.534934	1505	-11847
1989.584939	1505	-11847
1989.634943	1505	-11847
1989.684948	1505	-11847
1989.734953	1505	-11847
1989.784959	1505	-11847
1989.834964	1505	-11847
1989.884969	1505	-11847
1989.934974	1505	-11811
1989.984979	1505	-11811
1990.034984	1505	-11811
1990.084989	1505	-11811
1990.134994	1505	-11811
1990.184999	1505	-11811
1990.235003	1505	-11811
1990.285008	1505	-11811
1990.335013	1505	-11811
1990.385019	1505	-11811
1990.435024	1505	-11811
1990.485029	1505	-11811
1990.535034	1505	-11811
1990.585039	1505	-11811
1990.635044	1505	-11811
1990.685049	1505	-11811
1990.735054	1505	-11811
1990.785058	1505	-11811
1990.835063	1505	-11811
1990.885068	1505	-11811
1990.935074	1505	-11811
1990.985079	1505	-11811
1991.035084	1505	-11811
1991.085089	1505	-11811
1991.135094	1505	-11811
1991.185099	1505	-11795
1991.235104	1505	-11791
1991.285109	1505	-11791
1991.335114	1505	-11783
1991.385118	1505	-11775
1991.435123	1505	-11775
1991.485128	1505	-11755
1991.535134	1505	-11751
1991.585139	1505	-11731
1991.635144	1505	-11731
1991.685149	1505	-11731
1991.735154	1505	-11731
1991.785159	1505	-11731
1991.835164	1505	-11699
1991.885169	1505	-11699
1991.935174	1505	-11699
1991.985178	1505	-11699
1992.035183	1505	-11699
1992.085188	1505	-11699
1992.135194	1505	-11699
1992.185199	1505	-11699
1992.235204	1505	-11699
1992.285209	1505	-11695
1992.335214	1505	-11695
1992.385219	1505	-11695
1992.435224	1505	-11695
1992.485229	1505	-11695
1992.535233	1505	-11695
1992.585238	1505	-11695
1992.635243	1505	-11695
1992.685249	1505	-11695
1992.735254	1505	-11695
1992.785259	1505	-11695
1992.835264	1505	-11695
1992.885269	1505	-11695
1992.935274	1505	-11695
1992.985279	1505	-11695
1993.035284	1505	-11695
1993.085289	1505	-11695
1993.135293	1505	-11695
1993.185298	1505	-11695
1993.235303	1505	-11695
1993.285309	1505	-11695
1993.335314	1505	-11695
1993.385319	1505	-11695
1993.435324	1505	-11695
1993.485329	1505	-11695
1993.535334	1505	-11695
1993.585339	1505	-11695
1993.635344	1505	-11695
1993.685349	1505	-11695
1993.735353	1505	-11695
1993.785358	1505	-11695
1993.853365	1505	-11695
1993.886369	1505	-11695
1993.935374	1505	-11695
1993.985379	1505	-11695
1994.035384	1505	-11695
1994.085389	1505	-11695
1994.135394	1505	-11695
1994.185399	1505	-11695
1994.235404	1505	-11695
1994.285408	1505	-11695
1994.335413	1505	-11695
1994.385418	1505	-11695
1994.435424	1505	-11695
1994.485429	1505	-11695
1994.535434	1505	-11695
1994.585439	1505	-11695
1994.635444	1505	-11695
1994.685449	1505	-11695
1994.735454	1505	-11695
1994.785459	1505	-11695
1994.835464	1505	-11695
1994.885468	1505	-11691
1994.935473	1505	-11683
1994.985478	1505	-11683
1995.035484	1505	-11655
1995.085489	1505	-11607
1995.135494	1505	-11599
1995.185499	1505	-11559
1995.235504	1505	-11559
1995.285509	1505	-11539
1995.335514	1505	-11495
1995.385519	1505	-11463
1995.435524	1505	-11443
1995.485528	1505	-11423
1995.535533	1505	-11423
1995.585538	1505	-11411
1995.635544	1505	-11395
1995.685549	1505	-11395
1995.735554	1505	-11395
1995.785559	1505	-11355
1995.835564	1505	-11355
1995.885569	1505	-11347
1995.935574	1505	-11347
1995.985579	1505	-11319
1996.035583	1505	-11303
1996.085588	1505	-11251
1996.135593	1505	-11203
1996.185599	1505	-11183
1996.235604	1505	-11147
1996.285609	1505	-11067
1996.335614	1505	-11023
1996.385619	1521	-10971
1996.435624	1529	-10939
1996.485629	1529	-10939
1996.535634	1545	-10939
1996.585639	1545	-10939
1996.635643	1545	-10939
1996.686649	1553	-10939
1996.735653	1553	-10939
1996.785659	1553	-10939
1996.835664	1553	-10939
1996.885669	1553	-10939
1996.935674	1553	-10890
1996.985679	1593	-10810
1997.035684	1633	-10766
1997.085689	1653	-10682
1997.135694	1665	-10590
1997.185699	1677	-10514
1997.235703	1709	-10430
1997.285708	1709	-10402
1997.335713	1709	-10398
1997.385719	1709	-10278
1997.435724	1725	-10258
1997.485729	1729	-10242
1997.535734	1729	-10242
1997.585739	1737	-10238
1997.635744	1737	-10238
1997.685749	1737	-10194
1997.735754	1737	-10174
1997.788759	1737	-10154
1997.835763	1737	-10142
1997.885768	1737	-10098
1997.935774	1737	-10098
1997.985779	1737	-10090
1998.035784	1737	-10086
1998.085789	1737	-10058
1998.135794	1737	-10046
1998.185799	1737	-10046
1998.235804	1737	-10046
1998.285809	1737	-10046
1998.335814	1737	-10046
1998.385818	1737	-10046
1998.435823	1737	-10046
1998.485828	1737	-10046
1998.535834	1737	-10046
1998.585839	1737	-10046
1998.635844	1737	-10046
1998.685849	1737	-10046
1998.735854	1737	-10046
1998.785859	1737	-10046
1998.835864	1737	-10046
1998.885869	1737	-10046
1998.935874	1737	-10046
1998.985878	1737	-10034
1999.035883	1737	-10034
1999.085888	1737	-10018
1999.135894	1737	-10018
1999.186899	1737	-9990
1999.235904	1737	-9990
1999.285909	1737	-9990
1999.335914	1737	-9990
1999.385919	1737	-9990
1999.435924	1737	-9990
1999.485929	1737	-9990
1999.535933	1737	-9990
1999.585938	1737	-9990
1999.635943	1737	-9990
1999.685949	1737	-9990
1999.735954	1737	-9990
1999.785959	1737	-9990
1999.835964	1737	-9990
1999.885969	1737	-9990
1999.935974	1737	-9990
1999.985979	1737	-9990
2000.035984	1737	-9990
2000.085989	1737	-9990
2000.135993	1737	-9990
2000.185998	1737	-9990
2000.236003	1737	-9990
2000.286009	1737	-9990
2000.336014	1737	-9990
2000.386019	1737	-9990
2000.436024	1737	-9990
2000.486029	1737	-9990
2000.536034	1737	-9990
2000.586039	1737	-9998
2000.636044	1737	-9998
2000.686049	1737	-9998
2000.736053	1737	-9998
2000.786058	1737	-9998
2000.836063	1737	-9998
2000.886069	1737	-9998
2000.936074	1737	-9998
2000.986079	1737	-9998
2001.036084	1737	-9998
2001.086089	1737	-9998
2001.136094	1737	-9998
2001.186099	1737	-9998
2001.236104	1737	-9998
2001.286108	1737	-9998
2001.336113	1737	-9998
2001.386118	1737	-9998
2001.436124	1737	-9998
2001.486129	1737	-9998
2001.536134	1737	-9998
2001.586139	1737	-9998
2001.636144	1737	-9998
2001.686149	1737	-9998
2001.736154	1737	-9998
2001.786159	1737	-9998
2001.836164	1737	-9998
2001.886168	1737	-9998
2001.936173	1737	-9998
2001.986178	1737	-9998
2002.035183	1737	-9998
2002.085188	1737	-9998
2002.135193	1737	-9998
2002.185198	1737	-9998
2002.235204	1737	-9998
2002.285209	1737	-9998
2002.335214	1737	-9998
2002.385219	1737	-9998
2002.435224	1737	-9998
2002.485229	1737	-9998
2002.535233	1737	-9998
2002.585238	1737	-9998
2002.635243	1737	-9998
2002.685248	1737	-9998
2002.735253	1737	-9998
2002.785258	1737	-9998
2002.835264	1737	-9998
2002.885269	1737	-9998
2002.935274	1737	-9998
2002.985279	1737	-9866
2003.035284	1737	-9662
2003.085289	1773	-9342
2003.135293	1781	-9182
2003.185298	1781	-9018
2003.235303	1809	-8878
2003.285308	1841	-8818
2003.335313	1905	-8626
2003.385319	2009	-8446
2003.435324	2085	-8318
2003.485329	2121	-8190
2003.535334	2225	-8094
2003.585339	2297	-7930
2003.635344	2373	-7810
2003.685349	2489	-7618
2003.735353	2569	-7482
2003.785358	2637	-7350
2003.835363	2725	-7282
2003.885368	2793	-7222
2003.935373	2853	-7134
2003.985379	2961	-6986
2004.035384	3073	-6866
2004.085389	3149	-6682
2004.135394	3297	-6358
2004.185399	3305	-6298
2004.235404	3317	-6270
2004.285408	3333	-6222
2004.335413	3333	-6194
2004.385418	3333	-6130
2004.435423	3341	-6110
2004.485428	3341	-6094
2004.535433	3341	-6050
2004.585439	3341	-6050
2004.635444	3341	-6050
2004.685449	3341	-6050
2004.735454	3341	-6050
2004.785459	3341	-6050
2004.835464	3341	-6050
2004.885468	3341	-6050
2004.935473	3341	-6050
2004.985478	3341	-6050
2005.035483	3341	-6050
2005.085488	3341	-6002
2005.135494	3341	-5978
2005.185499	3341	-5950
2005.235504	3341	-5874
2005.285509	3373	-5838
2005.335514	3393	-5694
2005.385519	3421	-5566
2005.435524	3509	-5466
2005.485528	3517	-5377
2005.535533	3533	-5313
2005.585538	3537	-5269
2005.635543	3537	-5253
2005.685548	3541	-5253
2005.735554	3573	-5241
2005.785559	3609	-5177
2005.835564	3673	-5125
2005.885569	3729	-5101
2005.935574	3737	-5097
2005.985579	3737	-5053
2006.035583	3753	-5025
2006.085588	3773	-5017
2006.135593	3793	-5005
2006.185598	3849	-4957
2006.235603	3961	-4861
2006.285608	4053	-4765
2006.335614	4161	-4689
2006.385619	4205	-4561
2006.435624	4301	-4497
2006.485629	4345	-4389
2006.535634	4401	-4289
2006.585639	4421	-4233
2006.635643	4453	-4209
2006.685648	4505	-4101
2006.735653	4533	-4101
2006.785658	4553	-4049
2006.835663	4553	-4041
2006.885669	4553	-4041
2006.935674	4553	-4041
2006.985679	4553	-4041
2007.035684	4553	-4041
2007.085689	4553	-4041
2007.135694	4553	-4041
2007.185699	4553	-4041
2007.235703	4553	-4041
2007.285708	4553	-4041
2007.335713	4553	-4041
2007.385718	4553	-4041
2007.435723	4553	-4041
2007.485729	4553	-4041
2007.535734	4569	-4041
2007.585739	4609	-4041
2007.635744	4609	-4041
2007.685749	4609	-4041
2007.735754	4609	-4041
2007.785758	4609	-4041
2007.835763	4609	-4041
2007.885768	4609	-4041
2007.935773	4609	-4041
2007.985778	4609	-4041
2008.035783	4609	-4041
2008.085789	4609	-4025
2008.135794	4609	-4025
2008.185799	4609	-4025
2008.235804	4609	-4025
2008.285809	4609	-4025
2008.335814	4609	-4021
2008.385818	4609	-4021
2008.435823	4609	-4017
2008.485828	4609	-4009
2008.535833	4609	-4009
2008.585838	4609	-4005
2008.635844	4609	-4005
2008.685849	4609	-4005
2008.735854	4609	-4005
2008.785859	4609	-4001
2008.835864	4609	-4001
2008.885869	4609	-3993
2008.935874	4609	-3993
2008.985878	4609	-3993
2009.035883	4609	-3993
2009.085888	4609	-3993
2009.135893	4609	-3993
2009.185898	4609	-3993
2009.235904	4609	-3993
2009.285909	4609	-3993
2009.335914	4609	-3993
2009.385919	4609	-3993
2009.435924	4609	-3993
2009.485929	4609	-3993
2009.535933	4609	-3993
2009.585938	4609	-3993
2009.635943	4609	-3993
2009.685948	4609	-3993
2009.735953	4609	-3993
2009.785958	4609	-3993
2009.835964	4609	-3993
2009.885969	4609	-3993
2009.935974	4609	-3993
2009.985979	4609	-3993
2010.035984	4609	-3993
2010.085989	4609	-3993
2010.135993	4609	-3993
2010.185998	4609	-3993
2010.236003	4609	-3993
2010.286008	4609	-3993
2010.336013	4609	-3993
2010.386019	4609	-3993
2010.436024	4609	-3993
2010.486029	4609	-3993
2010.536034	4609	-3993
2010.586039	4609	-3989
2010.636044	4609	-3945
2010.686049	4609	-3933
2010.736053	4609	-3917
2010.786058	4609	-3917
2010.836063	4609	-3917
2010.886068	4609	-3905
2010.936073	4609	-3905
2010.986079	4609	-3873
2011.036084	4609	-3873
2011.086089	4609	-3873
2011.136094	4609	-3873
2011.186099	4609	-3865
2011.236104	4609	-3865
2011.286108	4609	-3865
2011.336113	4609	-3865
2011.386118	4609	-3865
2011.436123	4609	-3865
2011.486128	4609	-3865
2011.536133	4609	-3865
2011.586139	4609	-3865
2011.636144	4609	-3865
2011.686149	4609	-3865
2011.736154	4609	-3865
2011.786159	4609	-3865
2011.836164	4609	-3865
2011.886168	4609	-3865
2011.936173	4609	-3865
2011.986178	4609	-3865
2012.036183	4609	-3865
2012.086188	4609	-3865
2012.136194	4609	-3865
2012.186199	4609	-3865
2012.236204	4609	-3865
2012.286209	4609	-3865
2012.336214	4609	-3865
2012.386219	4609	-3865
2012.436224	4609	-3865
2012.486228	4609	-3865
2012.536233	4609	-3861
2012.586238	4609	-3861
2012.636243	4609	-3861
2012.686248	4609	-3861
2012.736254	4609	-3861
2012.786259	4609	-3861
2012.836264	4609	-3861
2012.886269	4609	-3861
2012.936274	4609	-3861
2012.986279	4609	-3861
2013.036283	4609	-3861
2013.086288	4609	-3853
2013.136293	4609	-3853
2013.186298	4609	-3853
2013.236303	4609	-3853
2013.286308	4609	-3853
2013.336314	4609	-3853
2013.386319	4609	-3853
2013.436324	4609	-3853
2013.486329	4609	-3853
2013.536334	4609	-3853
2013.586339	4609	-3853
2013.636343	4609	-3853
2013.686348	4609	-3853
2013.736353	4609	-3853
2013.786358	4609	-3853
2013.836363	4609	-3853
2013.886369	4609	-3853
2013.936374	4609	-3853
2013.986379	4609	-3853
2014.036384	4609	-3853
2014.086389	4609	-3853
2014.136394	4609	-3853
2014.186399	4609	-3853
2014.236403	4609	-3853
2014.286408	4609	-3853
2014.336413	4609	-3853
2014.386418	4609	-3853
2014.436423	4609	-3853
2014.486429	4609	-3853
2014.536434	4609	-3853
2014.586439	4609	-3853
2014.636444	4609	-3853
2014.686449	4609	-3853
2014.736454	4609	-3853
2014.786458	4609	-3853
2014.836463	4609	-3837
2014.886468	4609	-3789
2014.936473	4609	-3729
2014.986478	4609	-3637
2015.036483	4609	-3621
2015.086489	4609	-3621
2015.136494	4609	-3621
2015.186499	4609	-3621
2015.236504	4609	-3613
2015.286509	4609	-3537
2015.336514	4485	-3493
2015.386518	4329	-3361
2015.436523	4225	-3265
2015.486528	4081	-3089
2015.536533	3841	-2957
2015.586538	3417	-2761
2015.636544	3017	-2497
2015.686549	2709	-2217
2015.736554	2557	-1973
2015.786559	2433	-1813
2015.855566	2273	-1605
2015.886569	2113	-1409
2015.936574	1981	-1289
2015.986578	1765	-1045
2016.036583	1633	-893
2016.086588	1185	0
2016.136593	1013	0
2016.186598	773	0
2016.236604	433	0
2016.286609	0	0
2016.336614	0	0
2016.386619	0	0
2016.436624	0	0
2016.486629	0	0
2016.536633	0	0
2016.586638	0	0
2016.636643	0	0
2016.686648	0	0
2016.736653	0	0
2016.786658	0	0
2016.836664	0	0
2016.886669	0	0
2016.936674	0	0
2016.986679	0	0
2017.036684	0	0
2017.086689	0	0
2017.136693	0	0
2017.186698	0	0
2017.236703	0	0
2017.286708	0	0
2017.336713	0	0
2017.386719	0	0
2017.436724	0	0
2017.486729	0	0
2017.536734	0	0
2017.586739	0	0
2017.636744	0	0
2017.686749	0	0
2017.736753	0	0
2017.786758	0	0
2017.836763	0	0
2017.886768	0	0
2017.936773	0	0
2017.986779	0	0
2018.036784	0	0
2018.086789	0	0
2018.136794	0	0
2018.186799	0	0
2018.236804	0	0
2018.286808	0	0
2018.336813	0	0
2018.386818	0	0
2018.436823	0	0
2018.486828	0	0
2018.536833	0	0
2018.586839	0	0
2018.636844	0	0
2018.686849	0	0
2018.736854	0	0
2018.786859	0	0
2018.836864	0	0
2018.886868	0	0
2018.936873	0	0
2018.986878	0	0
2019.036883	0	0
2019.086888	0	0
2019.136894	0	0
2019.186899	0	0
2019.236904	0	0
2019.286909	0	0
2019.336914	0	0
2019.386919	0	0
2019.436924	0	0
2019.486928	0	0
2019.535933	0	0
2019.585938	0	0
2019.635943	0	0
2019.685948	0	0
2019.735953	0	0
2019.785958	0	0
2019.835963	0	0
2019.885968	0	0
2019.935974	0	0
2019.985979	0	0
2020.035984	0	0
2020.085989	0	0
2020.135993	0	0
2020.185998	0	0
2020.236003	0	0
2020.286008	0	0
2020.336013	0	0
2020.386018	0	0
2020.436023	0	0
2020.486028	0	0
2020.536034	0	0
2020.586039	0	0
2020.636044	0	0
2020.686049	0	0
2020.736053	0	0
2020.786058	0	0
2020.836063	0	0
2020.886068	0	0
2020.936073	0	0
2020.986078	0	0
2021.036083	0	0
2021.086089	0	0
2021.136094	0	0
2021.186099	0	0
2021.236104	0	0
2021.286108	0	0
2021.336113	0	0
2021.386118	0	0
2021.436123	0	0
2021.486128	0	0
2021.536133	0	0
2021.586138	0	0
2021.636143	0	0
2021.686149	0	0
2021.736154	0	0
2021.786159	0	0
2021.836164	0	0
2021.886168	0	0
2021.936173	0	0
2021.986178	0	0
2022.036183	0	0
2022.086188	0	0
2022.136193	0	0
2022.186198	0	0
2022.236203	0	0
2022.286209	0	0
2022.336214	0	0
2022.386219	0	0
2022.436224	0	0
2022.486228	0	0
2022.536233	0	0
2022.586238	0	0
2022.636243	0	0
2022.686248	0	0
2022.736253	0	0
2022.786258	0	0
2022.836264	0	0
2022.886269	0	0
2022.936274	0	0
2022.986279	0	0
2023.036283	0	0
2023.086288	0	0
2023.136293	0	0
2023.186298	0	0
2023.236303	0	0
2023.286308	0	0
2023.336313	0	0
2023.386318	0	0
2023.436324	0	0
2023.486329	0	0
2023.536334	0	0
2023.586339	0	0
2023.636343	0	0
2023.686348	0	0
2023.736353	0	0
2023.786358	0	0
2023.836363	0	0
2023.886368	0	0
2023.936373	0	0
2023.986378	0	0
2024.036384	0	0
2024.086389	0	0
2024.136394	0	0
2024.186399	0	0
2024.236403	0	0
2024.286408	0	0
2024.336413	0	0
2024.386418	0	0
2024.436423	0	0
2024.486428	0	0
2024.536433	0	0
2024.586439	0	0
2024.636444	0	0
2024.686449	0	0
2024.736454	0	0
2024.786458	0	0
2024.836463	0	0
2024.886468	0	0
2024.936473	0	0
2024.986478	0	0
2025.036483	0	0
2025.086488	0	0
2025.136493	0	0
2025.186499	0	0
2025.236504	0	0
2025.286509	0	0
2025.336514	0	0
2025.386518	0	0
2025.436523	0	0
2025.486528	0	0
2025.536533	0	0
2025.586538	0	0
2025.636543	0	0
2025.686548	0	0
2025.736553	0	0
2025.786559	0	0
2025.836564	0	0
2025.886569	0	0
2025.936574	0	0
2025.986578	0	0
2026.036583	0	0
2026.086588	0	0
2026.136593	0	0
2026.186598	0	0
2026.236603	0	0
2026.286608	0	0
2026.336614	0	0
2026.386619	0	0
2026.436624	0	0
2026.486629	0	0
2026.536633	0	0
2026.586638	0	0
2026.636643	0	0
2026.686648	0	0
2026.736653	0	0
2026.786658	0	0
2026.836663	0	0
2026.886668	0	0
2026.936674	0	0
2026.986679	0	0
2027.036684	0	0
2027.086689	0	0
2027.136693	0	0
2027.186698	0	0
2027.236703	0	0
2027.286708	0	0
2027.336713	0	0
2027.386718	0	0
2027.436723	0	0
2027.486728	0	0
2027.536734	0	0
2027.586739	0	0
2027.636744	0	0
2027.686749	0	0
2027.736753	0	0
2027.786758	0	0
2027.836763	0	0
2027.886768	0	0
2027.936773	0	0
2027.986778	0	0
2028.036783	0	0
2028.086789	0	0
2028.136794	0	0
2028.186799	0	0
2028.236804	0	0
2028.286808	0	0
2028.336813	0	0
2028.386818	0	0
2028.436823	0	0
2028.486828	0	0
2028.536833	0	0
2028.586838	0	0
2028.636843	0	0
2028.686849	0	0
2028.736854	0	0
2028.786859	0	0
2028.836864	0	0
2028.886868	0	0
2028.936873	0	0
2028.986878	0	0
2029.036883	0	0
2029.086888	0	0
2029.136893	0	0
2029.186898	0	0
2029.236903	0	0
2029.286909	0	0
2029.336914	0	0
2029.386919	0	0
2029.436924	0	0
2029.486928	0	0
2029.536933	0	0
2029.586938	0	0
2029.636943	0	0
2029.686948	0	0
2029.736953	0	0
2029.786958	0	0
2029.836964	0	0
2029.886969	0	0
2029.936974	0	0
2029.986979	0	0
2030.036983	0	0
2030.086988	0	0
2030.136993	0	0
2030.186998	0	0
2030.237003	0	0
2030.287008	0	0
2030.337013	0	0
2030.387018	0	0
2030.437024	0	0
2030.487029	0	0
2030.537034	0	0
2030.587039	0	0
2030.637043	0	0
2030.687048	0	0
2030.737053	0	0
2030.787058	0	0
2030.837063	0	0
2030.887068	0	0
2030.937073	0	0
2030.987078	0	0
2031.037084	0	0
2031.087089	0	0
2031.137094	0	0
2031.187099	0	0
2031.237103	0	0
2031.287108	0	0
2031.337113	0	0
2031.387118	0	0
2031.437123	0	0
2031.487128	0	0
2031.537133	0	0
2031.587139	0	0
2031.637144	0	0
2031.687149	0	0
2031.737154	0	0
2031.787158	0	0
2031.837163	0	0
2031.887168	0	0
2031.937173	0	0
2031.987178	0	0
2032.037183	0	0
2032.087188	0	0
2032.137193	0	0
2032.187199	0	0
2032.237204	0	0
2032.287209	0	0
2032.337214	0	0
2032.387218	0	0
2032.437223	0	0
2032.487228	0	0
2032.537233	0	0
2032.587238	0	0
2032.637243	0	0
2032.687248	0	0
2032.737253	0	0
2032.787259	0	0
2032.837264	0	0
2032.887269	0	0
2032.937274	0	0
2032.987278	0	0
2033.037283	0	0
2033.087288	0	0
2033.137293	0	0
2033.187298	0	0
2033.237303	0	0
2033.287308	0	0
2033.337314	0	0
2033.387319	0	0
2033.437324	0	0
2033.487329	0	0
2033.537333	0	0
2033.587338	0	0
2033.637343	0	0
2033.687348	0	0
2033.737353	0	0
2033.787358	0	0
2033.837363	0	0
2033.887368	0	0
2033.937374	0	0
2033.987379	0	0
2034.037384	0	0
2034.087389	0	0
2034.137393	0	0
2034.187398	0	0
2034.237403	0	0
2034.287408	0	0
2034.337413	0	0
2034.387418	0	0
2034.437423	0	0
2034.487428	0	0
2034.537434	0	0
2034.587439	0	0
2034.637444	0	0
2034.687449	0	0
2034.737453	0	0
2034.787458	0	0
2034.837463	0	0
2034.887468	0	0
2034.937473	0	0
2034.987478	0	0
2035.037483	0	0
2035.087489	0	0
2035.137494	0	0
2035.187499	0	0
2035.237504	0	0
2035.287508	0	0
2035.337513	0	0
2035.387518	0	0
2035.437523	0	0
2035.487528	0	0
2035.537533	0	0
2035.587538	0	0
2035.637543	0	0
2035.687549	0	0
2035.737554	0	0
2035.787559	0	0
2035.837564	0	0
2035.887568	0	0
2035.937573	0	0
2035.987578	0	0
2036.037583	0	0
2036.087588	0	0
2036.137593	0	0
2036.187598	0	0
2036.237603	0	0
2036.287609	0	0
2036.337614	0	0
2036.387619	0	0
2036.437624	0	0
2036.487628	0	0
2036.537633	0	0
2036.587638	0	0
2036.637643	0	0
2036.687648	0	0
2036.737653	0	0
2036.787658	0	0
2036.837664	0	0
2036.887669	0	0
2036.937674	0	0
2036.987679	0	0
2037.036684	0	0
2037.086689	0	0
2037.136693	0	0
2037.186698	0	0
2037.236703	0	0
2037.286708	0	0
2037.336713	0	0
2037.386718	0	0
2037.436723	0	0
2037.486728	0	0
2037.536733	0	0
2037.586738	0	0
2037.636744	0	0
2037.686749	0	0
2037.736753	0	0
2037.786758	0	0
2037.836763	0	0
2037.886768	0	0
2037.936773	0	0
2037.986778	0	0
2038.036783	0	0
2038.086788	0	0
2038.136793	0	0
2038.186798	0	0
2038.236804	0	0
2038.286808	0	0
2038.336813	0	0
2038.386818	0	0
2038.436823	0	0
2038.486828	0	0
2038.536833	0	0
2038.586838	0	0
2038.636843	0	0
2038.686848	0	0
2038.736853	0	0
2038.786859	0	0
2038.836864	0	0
2038.886868	0	0
2038.936873	0	0
2038.986878	0	0
2039.036883	0	0
2039.086888	0	0
2039.136893	0	0
2039.186898	0	0
2039.236903	0	0
2039.286908	0	0
2039.336913	0	0
2039.386919	0	0
2039.436924	0	0
2039.486928	0	0
2039.536933	0	0
2039.586938	0	0
2039.636943	0	0
2039.686948	0	0
2039.736953	0	0
2039.786958	0	0
2039.836963	0	0
2039.886968	0	0
2039.936973	0	0
2039.986979	0	0
2040.036983	0	0
2040.086988	0	0
2040.136993	0	0
2040.186998	0	0
2040.237003	0	0
2040.287008	0	0
2040.337013	0	0
2040.387018	0	0
2040.437023	0	0
2040.487028	0	0
2040.537034	0	0
2040.587039	0	0
2040.637043	0	0
2040.687048	0	0
2040.737053	0	0
2040.787058	0	0
2040.837063	0	0
2040.887068	0	0
2040.937073	0	0
2040.987078	0	0
2041.037083	0	0
2041.087088	0	0
2041.137094	0	0
2041.187099	0	0
2041.237103	0	0
2041.287108	0	0
2041.337113	0	0
2041.387118	0	0
2041.437123	0	0
2041.487128	0	0
2041.537133	0	0
2041.587138	0	0
2041.637143	0	0
2041.687148	0	0
2041.737154	0	0
2041.787158	0	0
2041.837163	0	0
2041.887168	0	0
2041.937173	0	0
2041.987178	0	0
2042.037183	0	0
2042.087188	0	0
2042.137193	0	0
2042.187198	0	0
2042.237203	0	0
2042.287209	0	0
2042.337214	0	0
2042.387218	0	0
2042.437223	0	0
2042.487228	0	0
2042.537233	0	0
2042.587238	0	0
2042.637243	0	0
2042.687248	0	0
2042.737253	0	0
2042.787258	0	0
2042.837263	0	0
2042.887269	0	0
2042.937274	0	0
2042.987278	0	0
2043.037283	0	0
2043.087288	0	0
2043.137293	0	0
2043.187298	0	0
2043.237303	0	0
2043.287308	0	0
2043.337313	0	0
2043.387318	0	0
2043.437323	0	0
2043.487329	0	0
2043.537333	0	0
2043.587338	0	0
2043.637343	0	0
2043.687348	0	0
2043.737353	0	0
2043.787358	0	0
2043.837363	0	0
2043.887368	0	0
2043.937373	0	0
2043.987378	0	0
2044.037384	0	0
2044.087389	0	0
2044.137393	0	0
2044.187398	0	0
2044.237403	0	0
2044.287408	0	0
2044.337413	0	0
2044.387418	0	0
2044.437423	0	0
2044.487428	0	0
2044.537433	0	0
2044.587438	0	0
2044.637444	0	0
2044.687449	0	0
2044.737453	0	0
2044.787458	0	0
2044.837463	0	0
2044.887468	0	0
2044.937473	0	0
2044.987478	0	0
2045.037483	0	0
2045.087488	0	0
2045.137493	0	0
2045.187498	0	0
2045.237504	0	0
2045.287508	0	0
2045.337513	0	0
2045.387518	0	0
2045.437523	0	0
2045.487528	0	0
2045.537533	0	0
2045.587538	0	0
2045.637543	0	0
2045.687548	0	0
2045.737553	0	0
2045.787559	0	0
2045.837564	0	0
2045.887568	0	0
2045.937573	0	0
2045.987578	0	0
2046.037583	0	0
2046.087588	0	0
2046.137593	0	0
2046.187598	0	0
2046.237603	0	0
2046.287608	0	0
2046.337613	0	0
2046.387619	0	0
2046.437624	0	0
2046.487628	0	0
2046.537633	0	0
2046.587638	0	0
2046.637643	0	0
2046.687648	0	0
2046.737653	0	0
2046.787658	0	0
2046.837663	0	0
2046.887668	0	0
2046.937673	0	0
2046.987679	0	0
2047.037683	0	0
2047.087688	0	0
2047.137693	0	0
2047.187698	0	0
2047.237703	0	0
2047.287708	0	0
2047.337713	0	0
2047.387718	0	0
2047.437723	0	0
2047.487728	0	0
2047.537734	0	0
2047.587739	0	0
2047.637743	0	0
2047.687748	0	0
2047.737753	0	0
2047.787758	0	0
2047.837763	0	0
2047.887768	0	0
2047.937773	0	0
2047.987778	0	0
2048.037783	0	0
2048.087788	0	0
2048.137794	0	0
2048.187799	0	0
2048.237803	0	0
2048.287808	0	0
2048.337813	0	0
2048.387818	0	0
2048.437823	0	0
2048.487828	0	0
2048.537833	0	0
2048.587838	0	0
2048.637843	0	0
2048.687848	0	0
2048.737854	0	0
2048.787858	0	0
2048.837863	0	0
2048.887868	0	0
2048.937873	0	0
2048.987878	0	0
2049.037883	0	0
2049.087888	0	0
2049.137893	0	0
2049.187898	0	0
2049.237903	0	0
2049.287909	0	0
2049.337914	0	0
2049.387918	0	0
2049.437923	0	0
2049.487928	0	0
2049.537933	0	0
2049.587938	0	0
2049.637943	0	0
2049.687948	0	0
2049.737953	0	0
2049.787958	0	0
2049.837963	0	0
2049.887969	0	0
2049.937973	0	0
2049.987978	0	0
2050.037983	0	0
2050.087988	0	0
2050.137993	0	0
2050.187998	0	0
2050.238003	0	0
2050.288008	0	0
2050.338013	0	0
2050.388018	0	0
2050.438023	0	0
2050.488029	0	0
2050.538033	0	0
2050.588038	0	0
2050.638043	0	0
2050.688048	0	0
2050.738053	0	0
2050.788058	0	0
2050.838063	0	0
2050.888068	0	0
2050.938073	0	0
2050.988078	0	0
2051.038084	0	0
2051.088089	0	0
2051.138093	0	0
2051.188098	0	0
2051.238103	0	0
2051.288108	0	0
2051.338113	0	0
2051.388118	0	0
2051.438123	0	0
2051.488128	0	0
2051.538133	0	0
2051.588138	0	0
2051.638144	0	0
2051.688148	0	0
2051.738153	0	0
2051.788158	0	0
2051.838163	0	0
2051.888168	0	0
2051.938173	0	0
2051.988178	0	0
2052.038183	0	0
2052.088188	0	0
2052.138193	0	0
2052.188198	0	0
2052.238204	0	0
2052.288208	0	0
2052.338213	0	0
2052.388218	0	0
2052.438223	0	0
2052.488228	0	0
2052.538233	0	0
2052.588238	0	0
2052.638243	0	0
2052.688248	0	0
2052.738253	0	0
2052.788259	0	0
2052.838264	0	0
2052.888268	0	0
2052.938273	0	0
2052.988278	0	0
2053.038283	0	0
2053.088288	0	0
2053.138293	0	0
2053.188298	0	0
2053.238303	0	0
2053.288308	0	0
2053.338313	0	0
2053.388319	0	0
2053.438323	0	0
2053.488328	0	0
2053.538333	0	0
2053.588338	0	0
2053.638343	0	0
2053.688348	0	0
2053.738353	0	0
2053.788358	0	0
2053.838363	0	0
2053.888368	0	0
2053.938373	0	0
2053.988379	0	0
2054.038383	0	0
2054.088388	0	0
2054.138393	0	0
2054.188398	0	0
2054.238403	0	0
2054.288408	0	0
2054.338413	0	0
2054.388418	0	0
2054.438423	0	0
2054.487428	0	0
2054.537433	0	0
2054.587438	0	0
2054.637443	0	0
2054.687448	0	0
2054.737453	0	0
2054.787458	0	0
2054.837463	0	0
2054.887468	0	0
2054.937473	0	0
2054.987478	0	0
2055.037483	0	0
2055.087488	0	0
2055.137493	0	0
2055.187498	0	0
2055.237503	0	0
2055.287508	0	0
2055.337513	0	0
2055.387518	0	0
2055.437523	0	0
2055.487528	0	0
2055.537533	0	0
2055.587538	0	0
2055.637543	0	0
2055.687548	0	0
2055.737553	0	0
2055.787558	0	0
2055.837563	0	0
2055.887568	0	0
2055.937573	0	0
2055.987578	0	0
2056.037583	0	0
2056.087588	0	0
2056.137593	0	0
2056.187598	0	0
2056.237603	0	0
2056.287608	0	0
2056.337613	0	0
2056.387618	0	0
2056.437623	0	0
2056.487628	0	0
2056.537633	0	0
2056.587638	0	0
2056.637643	0	0
2056.687648	0	0
2056.737653	0	0
2056.787658	0	0
2056.837663	0	0
2056.887668	0	0
2056.937673	0	0
2056.987678	0	0
2057.037683	0	0
2057.087688	0	0
2057.137693	0	0
2057.187698	0	0
2057.237703	0	0
2057.287708	0	0
2057.337713	0	0
2057.387718	0	0
2057.437723	0	0
2057.487728	0	0
2057.537733	0	0
2057.587738	0	0
2057.637743	0	0
2057.687748	0	0
2057.737753	0	0
2057.787758	0	0
2057.837763	0	0
2057.887768	0	0
2057.937773	0	0
2057.987778	0	0
2058.037783	0	0
2058.087788	0	0
2058.137793	0	0
2058.187798	0	0
2058.237803	0	0
2058.287808	0	0
2058.337813	0	0
2058.387818	0	0
2058.437823	0	0
2058.487828	0	0
2058.537833	0	0
2058.587838	0	0
2058.637843	0	0
2058.687848	0	0
2058.737853	0	0
2058.787858	0	0
2058.837863	0	0
2058.887868	0	0
2058.937873	0	0
2058.987878	0	0
2059.037883	0	0
2059.087888	0	0
2059.137893	0	0
2059.187898	0	0
2059.237903	0	0
2059.287908	0	0
2059.337913	0	0
2059.387918	0	0
2059.437923	0	0
2059.487928	0	0
2059.537933	0	0
2059.587938	0	0
2059.637943	0	0
2059.687948	0	0
2059.737953	0	0
2059.787958	0	0
2059.837963	0	0
2059.887968	0	0
2059.937973	0	0
2059.987978	0	0
2060.037983	0	0
2060.087988	0	0
2060.137993	0	0
2060.187998	0	0
2060.238003	0	0
2060.288008	0	0
2060.338013	0	0
2060.388018	0	0
2060.438023	0	0
2060.488028	0	0
2060.538033	0	0
2060.588038	0	0
2060.638043	0	0
2060.688048	0	0
2060.738053	0	0
2060.788058	0	0
2060.838063	0	0
2060.888068	0	0
2060.938073	0	0
2060.988078	0	0
2061.038083	0	0
2061.088088	0	0
2061.138093	0	0
2061.188098	0	0
2061.238103	0	0
2061.288108	0	0
2061.338113	0	0
2061.388118	0	0
2061.438123	0	0
2061.488128	0	0
2061.538133	0	0
2061.588138	0	0
2061.638143	0	0
2061.688148	0	0
2061.738153	0	0
2061.788158	0	0
2061.838163	0	0
2061.888168	0	0
2061.938173	0	0
2061.988178	0	0
2062.038183	0	0
2062.088188	0	0
2062.138193	0	0
2062.188198	0	0
2062.238203	0	0
2062.288208	0	0
2062.338213	0	0
2062.388218	0	0
2062.438223	0	0
2062.488228	0	0
2062.538233	0	0
2062.588238	0	0
2062.638243	0	0
2062.688248	0	0
2062.738253	0	0
2062.788258	0	0
2062.838263	0	0
2062.888268	0	0
2062.938273	0	0
2062.988278	0	0
2063.038283	0	0
2063.088288	0	0
2063.138293	0	0
2063.188298	0	0
2063.238303	0	0
2063.288308	0	0
2063.338313	0	0
2063.388318	0	0
2063.438323	0	0
2063.488328	0	0
2063.538333	0	0
2063.588338	0	0
2063.638343	0	0
2063.688348	0	0
2063.738353	0	0
2063.788358	0	0
2063.838363	0	0
2063.888368	0	0
2063.938373	0	0
2063.988378	0	0
2064.038383	0	0
2064.088388	0	0
2064.138393	0	0
2064.188398	0	0
2064.238403	0	0
2064.288408	0	0
2064.338413	0	0
2064.388418	0	0
2064.438423	0	0
2064.488428	0	0
2064.538433	0	0
2064.588438	0	0
2064.638443	0	0
2064.688448	0	0
2064.738453	0	0
2064.788458	0	0
2064.838463	0	0
2064.888468	0	0
2064.938473	0	0
2064.988478	0	0
2065.038483	0	0
2065.088488	0	0
2065.138493	0	0
2065.188498	0	0
2065.238503	0	0
2065.288508	0	0
2065.338513	0	0
2065.388518	0	0
2065.438523	0	0
2065.488528	0	0
2065.538533	0	0
2065.588538	0	0
2065.638543	0	0
2065.688548	0	0
2065.738553	0	0
2065.788558	0	0
2065.838563	0	0
2065.888568	0	0
2065.938573	0	0
2065.988578	0	0
2066.038583	0	0
2066.088588	0	0
2066.138593	0	0
2066.188598	0	0
2066.238603	0	0
2066.288608	0	0
2066.338613	0	0
2066.388618	0	0
2066.438623	0	0
2066.488628	0	0
2066.538633	0	0
2066.588638	0	0
2066.638643	0	0
2066.688648	0	0
2066.738653	0	0
2066.788658	0	0
2066.838663	0	0
2066.888668	0	0
2066.938673	0	0
2066.988678	0	0
2067.038683	0	0
2067.088688	0	0
2067.138693	0	0
2067.188698	0	0
2067.238703	0	0
2067.288708	0	0
2067.338713	0	0
2067.388718	0	0
2067.438723	0	0
2067.488728	0	0
2067.538733	0	0
2067.588738	0	0
2067.638743	0	0
2067.688748	0	0
2067.738753	0	0
2067.788758	0	0
2067.838763	0	0
2067.888768	0	0
2067.938773	0	0
2067.988778	0	0
2068.038783	0	0
2068.088788	0	0
2068.138793	0	0
2068.188798	0	0
2068.238803	0	0
2068.288808	0	0
2068.338813	0	0
2068.388818	0	0
2068.438823	0	0
2068.488828	0	0
2068.538833	0	0
2068.588838	0	0
2068.638843	0	0
2068.688848	0	0
2068.738853	0	0
2068.788858	0	0
2068.838863	0	0
2068.888868	0	0
2068.938873	0	0
2068.988878	0	0
2069.038883	0	0
2069.088888	0	0
2069.138893	0	0
2069.188898	0	0
2069.238903	0	0
2069.288908	0	0
2069.338913	0	0
2069.388918	0	0
2069.438923	0	0
2069.488928	0	0
2069.538933	0	0
2069.588938	0	0
2069.638943	0	0
2069.688948	0	0
2069.738953	0	0
2069.788958	0	0
2069.838963	0	0
2069.888968	0	0
2069.938973	0	0
2069.988978	0	0
2070.038983	0	0
2070.088988	0	0
2070.138993	0	0
2070.188998	0	0
2070.239003	0	0
2070.289008	0	0
2070.339013	0	0
2070.389018	0	0
2070.439023	0	0
2070.489028	0	0
2070.539033	0	0
2070.589038	0	0
2070.639043	0	0
2070.689048	0	0
2070.739053	0	0
2070.789058	0	0
2070.839063	0	0
2070.889068	0	0
2070.939073	0	0
2070.989078	0	0
2071.039083	0	0
2071.089088	0	0
2071.139093	0	0
2071.189098	0	0
2071.239103	0	0
2071.289108	0	0
2071.339113	0	0
2071.389118	0	0
2071.439123	0	0
2071.489128	0	0
2071.539133	0	0
2071.589138	0	0
2071.639143	0	0
2071.689148	0	0
2071.739153	0	0
2071.789158	0	0
2071.839163	0	0
2071.889168	0	0
2071.939173	0	0
2071.988178	0	0
2072.038183	0	0
2072.088188	0	0
2072.138193	0	0
2072.188198	0	0
2072.238203	0	0
2072.288208	0	0
2072.338213	0	0
2072.388218	0	0
2072.438223	0	0
2072.488228	0	0
2072.538233	0	0
2072.588238	0	0
2072.638243	0	0
2072.688248	0	0
2072.738253	0	0
2072.788258	0	0
2072.838263	0	0
2072.888268	0	0
2072.938273	0	0
2072.988278	0	0
2073.038283	0	0
2073.088288	0	0
2073.138293	0	0
2073.188298	0	0
2073.238303	0	0
2073.288308	0	0
2073.338313	0	0
2073.388318	0	0
2073.438323	0	0
2073.488328	0	0
2073.538333	0	0
2073.588338	0	0
2073.638343	0	0
2073.688348	0	0
2073.738353	0	0
2073.788358	0	0
2073.838363	0	0
2073.888368	0	0
2073.938373	0	0
2073.988378	0	0
2074.038383	0	0
2074.088388	0	0
2074.138393	0	0
2074.188398	0	0
2074.238403	0	0
2074.288408	0	0
2074.338413	0	0
2074.388418	0	0
2074.438423	0	0
2074.488428	0	0
2074.538433	0	0
2074.588438	0	0
2074.638443	0	0
2074.688448	0	0
2074.738453	0	0
2074.788458	0	0
2074.838463	0	0
2074.888468	0	0
2074.938473	0	0
2074.988478	0	0
2075.038483	0	0
2075.088488	0	0
2075.138493	0	0
2075.188498	0	0
2075.238503	0	0
2075.288508	0	0
2075.338513	0	0
2075.388518	0	0
2075.438523	0	0
2075.488528	0	0
2075.538533	0	0
2075.588538	0	0
2075.638543	0	0
2075.688548	0	0
2075.738553	0	0
2075.788558	0	0
2075.838563	0	0
2075.888568	0	0
2075.938573	0	0
2075.988578	0	0
2076.038583	0	0
2076.088588	0	0
2076.138593	0	0
2076.188598	0	0
2076.238603	0	0
2076.288608	0	0
2076.338613	0	0
2076.388618	0	0
2076.438623	0	0
2076.488628	0	0
2076.538633	0	0
2076.588638	0	0
2076.638643	0	0
2076.688648	0	0
2076.738653	0	0
2076.788658	0	0
2076.838663	0	0
2076.888668	0	0
2076.938673	0	0
2076.988678	0	0
2077.038683	0	0
2077.088688	0	0
2077.138693	0	0
2077.188698	0	0
2077.238703	0	0
2077.288708	0	0
2077.338713	0	0
2077.388718	0	0
2077.438723	0	0
2077.488728	0	0
2077.538733	0	0
2077.588738	0	0
2077.638743	0	0
2077.688748	0	0
2077.738753	0	0
2077.788758	0	0
2077.838763	0	0
2077.888768	0	0
2077.938773	0	0
2077.988778	0	0
2078.038783	0	0
2078.088788	0	0
2078.138793	0	0
2078.188798	0	0
2078.238803	0	0
2078.288808	0	0
2078.338813	0	0
2078.388818	0	0
2078.438823	0	0
2078.488828	0	0
2078.538833	0	0
2078.588838	0	0
2078.638843	0	0
2078.688848	0	0
2078.738853	0	0
2078.788858	0	0
2078.838863	0	0
2078.888868	0	0
2078.938873	0	0
2078.988878	0	0
2079.038883	0	0
2079.088888	0	0
2079.138893	0	0
2079.188898	0	0
2079.238903	0	0
2079.288908	0	0
2079.338913	0	0
2079.388918	0	0
2079.438923	0	0
2079.488928	0	0
2079.538933	0	0
2079.588938	0	0
2079.638943	0	0
2079.688948	0	0
2079.738953	0	0
2079.788958	0	0
2079.838963	0	0
2079.888968	0	0
2079.938973	0	0
2079.988978	0	0
2080.038983	0	0
2080.088988	0	0
2080.138993	0	0
2080.188998	0	0
2080.239003	0	0
2080.289008	0	0
2080.339013	0	0
2080.389018	0	0
2080.439023	0	0
2080.489028	0	0
2080.539033	0	0
2080.589038	0	0
2080.639043	0	0
2080.689048	0	0
2080.739053	0	0
2080.789058	0	0
2080.839063	0	0
2080.889068	0	0
2080.939073	0	0
2080.989078	0	0
2081.039083	0	0
2081.089088	0	0
2081.139093	0	0
2081.189098	0	0
2081.239103	0	0
2081.289108	0	0
2081.339113	0	0
2081.389118	0	0
2081.439123	0	0
2081.489128	0	0
2081.539133	0	0
2081.589138	0	0
2081.639143	0	0
2081.689148	0	0
2081.739153	0	0
2081.789158	0	0
2081.839163	0	0
2081.889168	0	0
2081.939173	0	0
2081.989178	0	0
2082.039183	0	0
2082.089188	0	0
2082.139193	0	0
2082.189198	0	0
2082.239203	0	0
2082.289208	0	0
2082.339213	0	0
2082.389218	0	0
2082.439223	0	0
2082.489228	0	0
2082.539233	0	0
2082.589238	0	0
2082.639243	0	0
2082.689248	0	0
2082.739253	0	0
2082.789258	0	0
2082.839263	0	0
2082.889268	0	0
2082.939273	0	0
2082.989278	0	0
2083.039283	0	0
2083.089288	0	0
2083.139293	0	0
2083.189298	0	0
2083.239303	0	0
2083.289308	0	0
2083.339313	0	0
2083.389318	0	0
2083.439323	0	0
2083.489328	0	0
2083.539333	0	0
2083.589338	0	0
2083.639343	0	0
2083.689348	0	0
2083.739353	0	0
2083.789358	0	0
2083.839363	0	0
2083.889368	0	0
2083.939373	0	0
2083.989378	0	0
2084.039383	0	0
2084.089388	0	0
2084.139393	0	0
2084.189398	0	0
2084.239403	0	0
2084.289408	0	0
2084.339413	0	0
2084.389418	0	0
2084.439423	0	0
2084.489428	0	0
2084.539433	0	0
2084.589438	0	0
2084.639443	0	0
2084.689448	0	0
2084.739453	0	0
2084.789458	0	0
2084.839463	0	0
2084.889468	0	0
2084.939473	0	0
2084.989478	0	0
2085.039483	0	0
2085.089488	0	0
2085.139493	0	0
2085.189498	0	0
2085.239503	0	0
2085.289508	0	0
2085.339513	0	0
2085.389518	0	0
2085.439523	0	0
2085.489528	0	0
2085.539533	0	0
2085.589538	0	0
2085.639543	0	0
2085.689548	0	0
2085.739553	0	0
2085.789558	0	0
2085.839563	0	0
2085.889568	0	0
2085.939573	0	0
2085.989578	0	0
2086.039583	0	0
2086.089588	0	0
2086.139593	0	0
2086.189598	0	0
2086.239603	0	0
2086.289608	0	0
2086.339613	0	0
2086.389618	0	0
2086.439623	0	0
2086.489628	0	0
2086.539633	0	0
2086.589638	0	0
2086.639643	0	0
2086.689648	0	0
2086.739653	0	0
2086.789658	0	0
2086.839663	0	0
2086.889668	0	0
2086.939673	0	0
2086.989678	0	0
2087.039683	0	0
2087.089688	0	0
2087.139693	0	0
2087.189698	0	0
2087.239703	0	0
2087.289708	0	0
2087.339713	0	0
2087.389718	0	0
2087.439723	0	0
2087.489728	0	0
2087.539733	0	0
2087.589738	0	0
2087.639743	0	0
2087.689748	0	0
2087.739753	0	0
2087.789758	0	0
2087.839763	0	0
2087.889768	0	0
2087.939773	0	0
2087.989778	0	0
2088.039783	0	0
2088.089788	0	0
2088.139793	0	0
2088.189798	0	0
2088.239803	0	0
2088.289808	0	0
2088.339813	0	0
2088.389818	0	0
2088.439823	0	0
2088.489828	0	0
2088.539833	0	0
2088.589838	0	0
2088.639843	0	0
2088.689848	0	0
2088.739853	0	0
2088.789858	0	0
2088.839863	0	0
2088.889868	0	0
2088.939873	0	0
2088.989878	0	0
2089.039883	0	0
2089.089888	0	0
2089.139893	0	0
2089.189898	0	0
2089.239903	0	0
2089.289908	0	0
2089.339913	0	0
2089.389918	0	0
2089.439923	0	0
2089.488928	0	0
2089.538933	0	0
2089.588938	0	0
2089.638943	0	0
2089.688948	0	0
2089.738953	0	0
2089.788958	0	0
2089.838963	0	0
2089.888968	0	0
2089.938973	0	0
2089.988978	0	0
2090.038983	0	0
2090.088988	0	0
2090.138993	0	0
2090.188998	0	0
2090.239003	0	0
2090.289008	0	0
2090.339013	0	0
2090.389018	0	0
2090.439023	0	0
2090.489028	0	0
2090.539033	0	0
2090.589038	0	0
2090.639043	0	0
2090.689048	0	0
2090.739053	0	0
2090.789058	0	0
2090.839063	0	0
2090.889068	0	0
2090.939073	0	0
2090.989078	0	0
2091.039083	0	0
2091.089088	0	0
2091.139093	0	0
2091.189098	0	0
2091.239103	0	0
2091.289108	0	0
2091.339113	0	0
2091.389118	0	0
2091.439123	0	0
2091.489128	0	0
2091.539133	0	0
2091.589138	0	0
2091.639143	0	0
2091.689148	0	0
2091.739153	0	0
2091.789158	0	0
2091.839163	0	0
2091.889168	0	0
2091.939173	0	0
2091.989178	0	0
2092.039183	0	0
2092.089188	0	0
2092.139193	0	0
2092.189198	0	0
2092.239203	0	0
2092.289208	0	0
2092.339213	0	0
2092.389218	0	0
2092.439223	0	0
2092.489228	0	0
2092.539233	0	0
2092.589238	0	0
2092.639243	0	0
2092.689248	0	0
2092.739253	0	0
2092.789258	0	0
2092.839263	0	0
2092.889268	0	0
2092.939273	0	0
2092.989278	0	0
2093.039283	0	0
2093.089288	0	0
2093.139293	0	0
2093.189298	0	0
2093.239303	0	0
2093.289308	0	0
2093.339313	0	0
2093.389318	0	0
2093.439323	0	0
2093.489328	0	0
2093.539333	0	0
2093.589338	0	0
2093.639343	0	0
2093.689348	0	0
2093.739353	0	0
2093.789358	0	0
2093.839363	0	0
2093.889368	0	0
2093.939373	0	0
2093.989378	0	0
2094.039383	0	0
2094.089388	0	0
2094.139393	0	0
2094.189398	0	0
2094.239403	0	0
2094.289408	0	0
2094.339413	0	0
2094.389418	0	0
2094.439423	0	0
2094.489428	0	0
2094.539433	0	0
2094.589438	0	0
2094.639443	0	0
2094.689448	0	0
2094.739453	0	0
2094.789458	0	0
2094.839463	0	0
2094.889468	0	0
2094.939473	0	0
2094.989478	0	0
2095.039483	0	0
2095.089488	0	0
2095.139493	0	0
2095.189498	0	0
2095.239503	0	0
2095.289508	0	0
2095.339513	0	0
2095.389518	0	0
2095.439523	0	0
2095.489528	0	0
2095.539533	0	0
2095.589538	0	0
2095.639543	0	0
2095.689548	0	0
2095.739553	0	0
2095.789558	0	0
2095.839563	0	0
2095.889568	0	0
2095.939573	0	0
2095.989578	0	0
2096.039583	0	0
2096.089588	0	0
2096.139593	0	0
2096.189598	0	0
2096.239603	0	0
2096.289608	0	0
2096.339613	0	0
2096.389618	0	0
2096.439623	0	0
2096.489628	0	0
2096.539633	0	0
2096.589638	0	0
2096.639643	0	0
2096.689648	0	0
2096.739653	0	0
2096.789658	0	0
2096.839663	0	0
2096.889668	0	0
2096.939673	0	0
2096.989678	0	0
2097.039683	0	0
2097.089688	0	0
2097.139693	0	0
2097.189698	0	0
2097.239703	0	0
2097.289708	0	0
2097.339713	0	0
2097.389718	0	0
2097.439723	0	0
2097.489728	0	0
2097.539733	0	0
2097.589738	0	0
2097.639743	0	0
2097.689748	0	0
2097.739753	0	0
2097.789758	0	0
2097.839763	0	0
2097.889768	0	0
2097.939773	0	0
2097.989778	0	0
2098.039783	0	0
2098.089788	0	0
2098.139793	0	0
2098.189798	0	0
2098.239803	0	0
2098.289808	0	0
2098.339813	0	0
2098.389818	0	0
2098.439823	0	0
2098.489828	0	0
2098.539833	0	0
2098.589838	0	0
2098.639843	0	0
2098.689848	0	0
2098.739853	0	0
2098.789858	0	0
2098.839863	0	0
2098.889868	0	0
2098.939873	0	0
2098.989878	0	0
2099.039883	0	0
2099.089888	0	0
2099.139893	0	0
2099.189898	0	0
2099.239903	0	0
2099.289908	0	0
2099.339913	0	0
2099.389918	0	0
2099.439923	0	0
2099.489928	0	0
2099.539933	0	0
2099.589938	0	0
2099.639943	0	0
2099.689948	0	0
2099.739953	0	0
2099.789958	0	0
2099.839963	0	0
2099.889968	0	0
2099.939973	0	0
2099.989978	0	0
2100.039983	0	0
2100.089988	0	0
2100.139993	0	0
2100.189998	0	0
2100.240003	0	0
2100.290008	0	0
2100.340013	0	0
2100.390018	0	0
2100.440023	0	0
2100.490028	0	0
2100.540033	0	0
2100.590038	0	0
2100.640043	0	0
2100.690048	0	0
2100.740053	0	0
2100.790058	0	0
2100.840063	0	0
2100.890068	0	0
2100.940073	0	0
2100.990078	0	0
2101.040083	0	0
2101.090088	0	0
2101.140093	0	0
2101.190098	0	0
2101.240103	0	0
2101.290108	0	0
2101.340113	0	0
2101.390118	0	0
2101.440123	0	0
2101.490128	0	0
2101.540133	0	0
2101.590138	0	0
2101.640143	0	0
2101.690148	0	0
2101.740153	0	0
2101.790158	0	0
2101.840163	0	0
2101.890168	0	0
2101.940173	0	0
2101.990178	0	0
2102.040183	0	0
2102.090188	0	0
2102.140193	0	0
2102.190198	0	0
2102.240203	0	0
2102.290208	0	0
2102.340213	0	0
2102.390218	0	0
2102.440223	0	0
2102.490228	0	0
2102.540233	0	0
2102.590238	0	0
2102.640243	0	0
2102.690248	0	0
2102.740253	0	0
2102.790258	0	0
2102.840263	0	0
2102.890268	0	0
2102.940273	0	0
2102.990278	0	0
2103.040283	0	0
2103.090288	0	0
2103.140293	0	0
2103.190298	0	0
2103.240303	0	0
2103.290308	0	0
2103.340313	0	0
2103.390318	0	0
2103.440323	0	0
2103.490328	0	0
2103.540333	0	0
2103.590338	0	0
2103.640343	0	0
2103.690348	0	0
2103.740353	0	0
2103.790358	0	0
2103.840363	0	0
2103.890368	0	0
2103.940373	0	0
2103.990378	0	0
2104.040383	0	0
2104.090388	0	0
2104.140393	0	0
2104.190398	0	0
2104.240403	0	0
2104.290408	0	0
2104.340413	0	0
2104.390418	0	0
2104.440423	0	0
2104.490428	0	0
2104.540433	0	0
2104.590438	0	0
2104.640443	0	0
2104.690448	0	0
2104.740453	0	0
2104.790458	0	0
2104.840463	0	0
2104.890468	0	0
2104.940473	0	0
2104.990478	0	0
2105.040483	0	0
2105.090488	0	0
2105.140493	0	0
2105.190498	0	0
2105.240503	0	0
2105.290508	0	0
2105.340513	0	0
2105.390518	0	0
2105.440523	0	0
2105.490528	0	0
2105.540533	0	0
2105.590538	0	0
2105.640543	0	0
2105.690548	0	0
2105.740553	0	0
2105.790558	0	0
2105.840563	0	0
2105.890568	0	0
2105.940573	0	0
2105.990578	0	0
2106.040583	0	0
2106.090588	0	0
2106.140593	0	0
2106.190598	0	0
2106.240603	0	0
2106.290608	0	0
2106.340613	0	0
2106.390618	0	0
2106.440623	0	0
2106.490628	0	0
2106.540633	0	0
2106.590638	0	0
2106.640643	0	0
2106.690648	0	0
2106.740653	0	0
2106.790658	0	0
2106.840663	0	0
2106.890668	0	0
2106.939673	0	0
2106.989678	0	0
2107.039683	0	0
2107.089688	0	0
2107.139693	0	0
2107.189698	0	0
2107.239703	0	0
2107.289708	0	0
2107.339713	0	0
2107.389718	0	0
2107.439723	0	0
2107.489728	0	0
2107.539733	0	0
2107.589738	0	0
2107.639743	0	0
2107.689748	0	0
2107.739753	0	0
2107.789758	0	0
2107.839763	0	0
2107.889768	0	0
2107.939773	0	0
2107.989778	0	0
2108.039783	0	0
2108.089788	0	0
2108.139793	0	0
2108.189798	0	0
2108.239803	0	0
2108.289808	0	0
2108.339813	0	0
2108.389818	0	0
2108.439823	0	0
2108.489828	0	0
2108.539833	0	0
2108.589838	0	0
2108.639843	0	0
2108.689848	0	0
2108.739853	0	0
2108.789858	0	0
2108.839863	0	0
2108.889868	0	0
2108.939873	0	0
2108.989878	0	0
2109.039883	0	0
2109.089888	0	0
2109.139893	0	0
2109.189898	0	0
2109.239903	0	0
2109.289908	0	0
2109.339913	0	0
2109.389918	0	0
2109.439923	0	0
2109.489928	0	0
2109.539933	0	0
2109.589938	0	0
2109.639943	0	0
2109.689948	0	0
2109.739953	0	0
2109.789958	0	0
2109.839963	0	0
2109.889968	0	0
2109.939973	0	0
2109.989978	0	0
2110.039983	0	0
2110.089988	0	0
2110.139993	0	0
2110.189998	0	0
2110.240003	0	0
2110.290008	0	0
2110.340013	0	0
2110.390018	0	0
2110.440023	0	0
2110.490028	0	0
2110.540033	0	0
2110.590038	0	0
2110.640043	0	0
2110.690048	0	0
2110.740053	0	0
2110.790058	0	0
2110.840063	0	0
2110.890068	0	0
2110.940073	0	0
2110.990078	0	0
2111.040083	0	0
2111.090088	0	0
2111.140093	0	0
2111.190098	0	0
2111.240103	0	0
2111.290108	0	0
2111.340113	0	0
2111.390118	0	0
2111.440123	0	0
2111.490128	0	0
2111.540133	0	0
2111.590138	0	0
2111.640143	0	0
2111.690148	0	0
2111.740153	0	0
2111.790158	0	0
2111.852164	0	0
2111.890168	0	0
2111.940173	0	0
2111.990178	0	0
2112.040183	0	0
2112.090188	0	0
2112.140193	0	0
2112.190198	0	0
2112.240203	0	0
2112.290208	0	0
2112.340213	0	0
2112.390218	0	0
2112.440223	0	0
2112.490228	0	0
2112.540233	0	0
2112.590238	0	0
2112.640243	0	0
2112.690248	0	0
2112.740253	0	0
2112.790258	0	0
2112.840263	0	0
2112.890268	0	0
2112.940273	0	0
2112.990278	0	0
2113.040283	0	0
2113.090288	0	0
2113.140293	0	0
2113.190298	0	0
2113.240303	0	0
2113.290308	0	0
2113.340313	0	0
2113.390318	0	0
2113.440323	0	0
2113.490328	0	0
2113.540333	0	0
2113.590338	0	0
2113.640343	0	0
2113.690348	0	0
2113.740353	0	0
2113.790358	0	0
2113.840363	0	0
2113.890368	0	0
2113.940373	0	0
2113.990378	0	0
2114.040383	0	0
2114.090388	0	0
2114.140393	0	0
2114.190398	0	0
2114.240403	0	0
2114.290408	0	0
2114.340413	0	0
2114.390418	0	0
2114.440423	0	0
2114.490428	0	0
2114.540433	0	0
2114.590438	0	0
2114.640443	0	0
2114.690448	0	0
2114.740453	0	0
2114.790458	0	0
2114.840463	0	0
2114.890468	0	0
2114.940473	0	0
2114.990478	0	0
2115.040483	0	0
2115.090488	0	0
2115.140493	0	0
2115.190498	0	0
2115.240503	0	0
2115.290508	0	0
2115.340513	0	0
2115.390518	0	0
2115.440523	0	0
2115.490528	0	0
2115.540533	0	0
2115.590538	0	0
2115.640543	0	0
2115.690548	0	0
2115.740553	0	0
2115.790558	0	0
2115.840563	0	0
2115.890568	0	0
2115.940573	0	0
2115.990578	0	0
2116.040583	0	0
2116.090588	0	0
2116.140593	0	0
2116.190598	0	0
2116.240603	0	0
2116.290608	0	0
2116.340613	0	0
2116.390618	0	0
2116.440623	0	0
2116.490628	0	0
2116.540633	0	0
2116.590638	0	0
2116.640643	0	0
2116.690648	0	0
2116.740653	0	0
2116.790658	0	0
2116.840663	0	0
2116.890668	0	0
2116.940673	0	0
2116.990678	0	0
2117.040683	0	0
2117.090688	0	0
2117.140693	0	0
2117.190698	0	0
2117.240703	0	0
2117.290708	0	0
2117.340713	0	0
2117.390718	0	0
2117.440723	0	0
2117.490728	0	0
2117.540733	0	0
2117.590738	0	0
2117.640743	0	0
2117.690748	0	0
2117.740753	0	0
2117.790758	0	0
2117.840763	0	0
2117.890768	0	0
2117.940773	0	0
2117.990778	0	0
2118.040783	0	0
2118.090788	0	0
2118.140793	0	0
2118.190798	0	0
2118.240803	0	0
2118.290808	0	0
2118.340813	0	0
2118.390818	0	0
2118.440823	0	0
2118.490828	0	0
2118.540833	0	0
2118.590838	0	0
2118.640843	0	0
2118.690848	0	0
2118.740853	0	0
2118.790858	0	0
2118.840863	0	0
2118.890868	0	0
2118.940873	0	0
2118.990878	0	0
2119.040883	0	0
2119.090888	0	0
2119.140893	0	0
2119.190898	0	0
2119.240903	0	0
2119.290908	0	0
2119.340913	0	0
2119.390918	0	0
2119.440923	0	0
2119.490928	0	0
2119.540933	0	0
2119.590938	0	0
2119.640943	0	0
2119.690948	0	0
2119.740953	0	0
2119.790958	0	0
2119.840963	0	0
2119.890968	0	0
2119.940973	0	0
2119.990978	0	0
2120.040983	0	0
2120.090988	0	0
2120.140993	0	0
2120.190998	0	0
2120.241003	0	0
2120.291008	0	0
2120.341013	0	0
2120.391018	0	0
2120.441023	0	0
2120.491028	0	0
2120.541033	0	0
2120.591038	0	0
2120.641043	0	0
2120.691048	0	0
2120.741053	0	0
2120.791058	0	0
2120.841063	0	0
2120.891068	0	0
2120.941073	0	0
2120.991078	0	0
2121.041083	0	0
2121.091088	0	0
2121.141093	0	0
2121.191098	0	0
2121.241103	0	0
2121.291108	0	0
2121.341113	0	0
2121.391118	0	0
2121.441123	0	0
2121.491128	0	0
2121.541133	0	0
2121.591138	0	0
2121.641143	0	0
2121.691148	0	0
2121.741153	0	0
2121.791158	0	0
2121.902169	0	0
2121.941173	0	0
2121.991178	0	0
2122.041183	0	0
2122.091188	0	0
2122.141193	0	0
2122.191198	0	0
2122.241203	0	0
2122.291208	0	0
2122.341213	0	0
2122.391218	0	0
2122.441223	0	0
2122.491228	0	0
2122.541233	0	0
2122.591238	0	0
2122.641243	0	0
2122.691248	0	0
2122.741253	0	0
2122.791258	0	0
2122.841263	0	0
2122.891268	0	0
2122.941273	0	0
2122.991278	0	0
2123.041283	0	0
2123.091288	0	0
2123.141293	0	0
2123.191298	0	0
2123.241303	0	0
2123.291308	0	0
2123.341313	0	0
2123.391318	0	0
2123.441323	0	0
2123.491328	0	0
2123.541333	0	0
2123.591338	0	0
2123.641343	0	0
2123.691348	0	0
2123.741353	0	0
2123.791358	0	0
2123.841363	0	0
2123.891368	0	0
2123.941373	0	0
2123.991378	0	0
2124.041383	0	0
2124.091388	0	0
2124.141393	0	0
2124.191398	0	0
2124.241403	0	0
2124.291408	0	0
2124.341413	0	0
2124.391418	0	0
2124.440423	0	0
2124.490428	0	0
2124.540433	0	0
2124.590438	0	0
2124.640443	0	0
2124.690448	0	0
2124.740453	0	0
2124.790458	0	0
2124.840463	0	0
2124.890468	0	0
2124.940473	0	0
2124.990478	0	0
2125.040483	0	0
2125.090488	0	0
2125.140493	0	0
2125.190498	0	0
2125.240503	0	0
2125.290508	0	0
2125.340513	0	0
2125.390518	0	0
2125.440523	0	0
2125.490528	0	0
2125.540533	0	0
2125.590538	0	0
2125.640543	0	0
2125.690548	0	0
2125.740553	0	0
2125.790558	0	0
2125.840563	0	0
2125.890568	0	0
2125.940573	0	0
2125.990578	0	0
2126.040583	0	0
2126.090588	0	0
2126.140593	0	0
2126.190598	0	0
2126.240603	0	0
2126.290608	0	0
2126.340613	0	0
2126.390618	0	0
2126.440623	0	0
2126.490628	0	0
2126.540633	0	0
2126.590638	0	0
2126.640643	0	0
2126.690648	0	0
2126.740653	0	0
2126.790658	0	0
2126.840663	0	0
2126.890668	0	0
2126.940673	0	0
2126.990678	0	0
2127.040683	0	0
2127.090688	0	0
2127.140693	0	0
2127.190698	0	0
2127.240703	0	0
2127.290708	0	0
2127.340713	0	0
2127.390718	0	0
2127.440723	0	0
2127.490728	0	0
2127.540733	0	0
2127.590738	0	0
2127.640743	0	0
2127.690748	0	0
2127.740753	0	0
2127.790758	0	0
2127.840763	0	0
2127.890768	0	0
2127.940773	0	0
2127.990778	0	0
2128.040783	0	0
2128.090788	0	0
2128.140793	0	0
2128.190798	0	0
2128.240803	0	0
2128.290808	0	0
2128.340813	0	0
2128.390818	0	0
2128.440823	0	0
2128.490828	0	0
2128.540833	0	0
2128.590838	0	0
2128.640843	0	0
2128.690848	0	0
2128.740853	0	0
2128.790858	0	0
2128.840863	0	0
2128.890868	0	0
2128.940873	0	0
2128.990878	0	0
2129.040883	0	0
2129.090888	0	0
2129.140893	0	0
2129.190898	0	0
2129.240903	0	0
2129.290908	0	0
2129.340913	0	0
2129.390918	0	0
2129.440923	0	0
2129.490928	0	0
2129.540933	0	0
2129.590938	0	0
2129.640943	0	0
2129.690948	0	0
2129.740953	0	0
2129.790958	0	0
2129.840963	0	0
2129.890968	0	0
2129.940973	0	0
2129.990978	0	0
2130.040983	0	0
2130.090988	0	0
2130.140993	0	0
2130.190998	0	0
2130.241003	0	0
2130.291008	0	0
2130.341013	0	0
2130.391018	0	0
2130.441023	0	0
2130.491028	0	0
2130.541033	0	0
2130.591038	0	0
2130.641043	0	0
2130.691048	0	0
2130.741053	0	0
2130.791058	0	0
2130.841063	0	0
2130.891068	0	0
2130.941073	0	0
2130.991078	0	0
2131.041083	0	0
2131.091088	0	0
2131.141093	0	0
2131.191098	0	0
2131.241103	0	0
2131.291108	0	0
2131.341113	0	0
2131.391118	0	0
2131.441123	0	0
2131.491128	0	16
2131.541133	0	16
2131.591138	0	16
2131.641143	0	16
2131.691148	0	16
2131.741153	0	16
2131.791158	0	16
2131.841163	0	16
2131.891168	0	0
2131.941173	0	0
2131.991178	0	0
2132.041183	0	56
2132.091188	0	56
2132.141193	0	56
2132.191198	0	56
2132.241203	0	56
2132.291208	0	56
2132.341213	0	56
2132.391218	0	0
2132.441223	0	0
2132.491228	0	0
2132.541233	0	0
2132.591238	0	0
2132.641243	0	0
2132.691248	0	0
2132.741253	0	0
2132.791258	0	0
2132.841263	0	0
2132.891268	0	0
2132.941273	0	0
2132.991278	0	0
2133.041283	0	0
2133.091288	0	0
2133.141293	0	0
2133.191298	0	0
2133.241303	0	0
2133.291308	0	0
2133.341313	0	0
2133.391318	0	0
2133.441323	0	0
2133.491328	0	0
2133.541333	0	0
2133.591338	0	0
2133.641343	0	0
2133.691348	0	0
2133.741353	0	0
2133.791358	0	0
2133.841363	0	0
2133.891368	0	0
2133.941373	0	0
2133.991378	0	0
2134.041383	0	0
2134.091388	0	0
2134.141393	0	0
2134.191398	0	0
2134.241403	0	0
2134.291408	0	0
2134.341413	0	0
2134.391418	0	0
2134.441423	0	0
2134.491428	0	0
2134.541433	0	0
2134.591438	0	0
2134.641443	0	0
2134.691448	0	0
2134.741453	0	0
2134.791458	0	0
2134.841463	0	0
2134.891468	0	0
2134.941473	0	0
2134.991478	0	0
2135.041483	0	0
2135.091488	0	0
2135.141493	0	0
2135.191498	0	0
2135.241503	0	0
2135.291508	0	0
2135.341513	0	0
2135.391518	0	0
2135.441523	0	0
2135.491528	0	0
2135.541533	0	0
2135.591538	0	0
2135.641543	0	0
2135.691548	0	0
2135.741553	0	0
2135.791558	0	0
2135.841563	0	0
2135.891568	0	0
2135.941573	0	0
2135.991578	0	0
2136.041583	0	0
2136.091588	0	0
2136.141593	0	0
2136.191598	0	0
2136.241603	0	0
2136.291608	0	0
2136.341613	0	0
2136.391618	0	0
2136.441623	0	16
2136.491628	0	16
2136.541633	0	16
2136.591638	0	16
2136.641643	0	16
2136.691648	0	24
2136.741653	0	24
2136.791658	0	24
2136.841663	0	24
2136.891668	0	24
2136.941673	0	24
2136.991678	0	24
2137.041683	0	24
2137.091688	0	24
2137.141693	0	24
2137.191698	0	24
2137.241703	0	24
2137.291708	0	24
2137.341713	0	24
2137.391718	0	24
2137.441723	0	24
2137.491728	0	24
2137.541733	0	24
2137.591738	0	24
2137.641743	0	128
2137.691748	0	220
2137.741753	0	324
2137.791758	0	324
2137.841763	0	324
2137.891768	0	456
2137.941773	0	644
2137.991778	0	644
2138.041783	0	644
2138.091788	0	644
2138.141793	0	644
2138.191798	0	660
2138.241803	0	692
2138.291808	0	768
2138.341813	0	784
2138.391818	0	848
2138.441823	0	932
2138.491828	0	996
2138.541833	0	1184
2138.591838	0	1300
2138.641843	0	1504
2138.691848	277	1584
2138.741853	277	1620
2138.791858	277	1664
2138.841863	277	1740
2138.891868	277	1856
2138.941873	277	1972
2138.991878	277	2124
2139.041883	277	2228
2139.091888	297	2404
2139.141893	393	2604
2139.191898	441	2812
2139.241903	505	2932
2139.291908	517	2996
2139.341913	517	3052
2139.391918	517	3096
2139.441923	517	3164
2139.491928	553	3256
2139.541933	641	3440
2139.591938	717	3564
2139.641943	865	3848
2139.691948	941	4140
2139.741953	957	4220
2139.791958	957	4224
2139.841963	957	4224
2139.891968	977	4300
2139.941973	977	4332
2139.991978	977	4332
2140.041983	977	4332
2140.091988	977	4344
2140.141993	977	4436
2140.191998	989	4580
2140.242003	1049	4796
2140.292008	1049	5088
2140.342013	1049	5196
2140.392018	1061	5196
2140.442023	1061	5220
2140.492028	1061	5320
2140.542033	1077	5320
2140.592038	1077	5320
2140.642043	1077	5320
2140.692048	1085	5320
2140.742053	1085	5304
2140.792058	1085	5232
2140.842063	1085	5220
2140.892068	1085	5124
2140.942073	1085	5092
2140.992078	1085	5020
2141.042083	1085	4940
2141.092088	1085	4904
2141.142093	1085	4904
2141.192098	1085	4904
2141.242103	1085	4904
2141.292108	1085	4904
2141.342113	1085	4904
2141.392118	1085	4904
2141.442123	1085	4968
2141.492128	1085	5072
2141.542133	1085	5200
2141.592138	1085	5352
2141.642143	1085	5392
2141.692148	1085	5392
2141.742153	1085	5392
2141.792158	1085	5392
2141.842163	1085	5392
2141.892168	1085	5392
2141.941173	1085	5392
2141.991178	1085	5380
2142.041183	1085	5000
2142.091188	1061	4736
2142.141193	997	4492
2142.191198	945	4428
2142.241203	921	4408
2142.291208	897	4408
2142.341213	881	4408
2142.391218	881	4408
2142.441223	881	4408
2142.491228	825	4504
2142.541233	821	4568
2142.591238	781	4572
2142.641243	781	4572
2142.691248	781	4572
2142.741253	781	4572
2142.791258	781	4572
2142.841263	781	4568
2142.891268	781	4428
2142.941273	781	4428
2142.991278	781	4428
2143.041283	781	4428
2143.091288	781	4424
2143.141293	781	4424
2143.191298	781	4424
2143.241302	781	4424
2143.291308	781	4424
2143.341313	781	4424
2143.391318	781	4424
2143.441323	781	4424
2143.491328	773	4444
2143.541333	765	4464
2143.591338	757	4464
2143.641343	757	4464
2143.691348	757	4464
2143.741353	753	4472
2143.791358	753	4472
2143.841363	737	4472
2143.891368	733	4472
2143.941373	733	4472
2143.991378	733	4472
2144.041383	733	4472
2144.091388	733	4472
2144.141393	729	4472
2144.191398	729	4472
2144.241403	729	4472
2144.291408	729	4472
2144.341413	729	4472
2144.391418	729	4472
2144.441423	729	4472
2144.491428	729	4472
2144.541433	729	4472
2144.591438	729	4472
2144.641443	729	4472
2144.691448	721	4472
2144.741453	721	4472
2144.791458	721	4472
2144.841463	721	4472
2144.891468	721	4472
2144.941473	721	4472
2144.991477	721	4472
2145.041483	717	4472
2145.091488	717	4472
2145.141493	697	4472
2145.191498	697	4472
2145.241503	693	4472
2145.291508	693	4472
2145.341513	693	4472
2145.391518	693	4472
2145.441523	693	4472
2145.491528	693	4472
2145.541533	693	4472
2145.591538	693	4472
2145.641543	693	4472
2145.691548	693	4472
2145.741553	693	4472
2145.791558	693	4472
2145.841563	693	4472
2145.891568	693	4472
2145.941573	693	4472
2145.991578	693	4472
2146.041583	693	4472
2146.091588	693	4472
2146.141593	693	4472
2146.191598	693	4472
2146.241603	693	4472
2146.291608	693	4472
2146.341613	693	4472
2146.391618	693	4472
2146.441623	693	4472
2146.491628	693	4472
2146.541633	693	4472
2146.591638	693	4472
2146.641643	693	4472
2146.691648	693	4472
2146.741652	693	4472
2146.791658	693	4472
2146.841663	693	4472
2146.891668	693	4492
2146.941673	685	4572
2146.991678	685	4620
2147.041683	685	4636
2147.091688	677	4636
2147.141693	677	4636
2147.191698	661	4636
2147.241703	657	4640
2147.291708	657	4684
2147.341713	637	4764
2147.391718	637	4776
2147.441723	625	4776
2147.491728	593	4776
2147.541733	593	4776
2147.591738	581	4776
2147.641743	557	4768
2147.691748	497	4572
2147.741753	393	4268
2147.791758	209	4060
2147.841763	169	3968
2147.891768	169	3916
2147.941773	165	3888
2147.991778	149	3848
2148.041783	141	3848
2148.091788	141	3808
2148.141793	141	3808
2148.191798	141	3808
2148.241803	141	3808
2148.291808	141	3808
2148.341813	141	3808
2148.391818	125	3808
2148.441823	125	3808
2148.491827	125	3808
2148.541833	125	3852
2148.591838	125	3852
2148.641843	121	3852
2148.691848	121	3864
2148.741853	121	3892
2148.791858	121	3916
2148.841863	121	3924
2148.891868	121	3924
2148.941873	121	3924
2148.991878	121	3924
2149.041883	121	3924
2149.091888	121	3924
2149.141893	121	3924
2149.191898	121	3924
2149.241903	121	3924
2149.291908	121	3924
2149.341913	121	3924
2149.391918	121	3924
2149.441923	121	3924
2149.491928	121	3924
2149.541933	121	3924
2149.591938	121	3924
2149.641943	121	3924
2149.691948	121	3924
2149.741953	121	3924
2149.791958	121	3924
2149.841963	121	3924
2149.891968	121	3924
2149.941973	121	3924
2149.991978	121	3924
2150.041983	121	3924
2150.091988	121	3924
2150.141993	121	3924
2150.191998	121	3924
2150.242002	121	3924
2150.292008	121	3924
2150.342013	121	3924
2150.392018	121	3924
2150.442023	121	3924
2150.492028	121	3924
2150.542033	121	3924
2150.592038	121	3924
2150.642043	121	3924
2150.692048	121	3924
2150.742053	121	3924
2150.792058	121	3924
2150.842063	121	3924
2150.892068	121	3924
2150.942073	121	3924
2150.992078	121	3924
2151.042083	121	3924
2151.092088	121	3924
2151.142093	121	3924
2151.192098	121	3924
2151.242103	121	3924
2151.292108	121	3924
2151.342113	121	3924
2151.392118	121	3924
2151.442123	121	3924
2151.492128	121	3924
2151.542133	121	3924
2151.592138	121	3924
2151.642143	121	3924
2151.692148	121	3924
2151.742153	121	3924
2151.792158	121	3924
2151.842163	121	3924
2151.892168	121	3924
2151.942173	121	3924
2151.992177	121	3924
2152.042183	121	3924
2152.092188	121	3924
2152.142193	121	3924
2152.192198	121	3924
2152.242203	121	3924
2152.292208	121	3924
2152.342213	121	3924
2152.392218	121	3924
2152.442223	121	3924
2152.492228	121	3924
2152.542233	121	3924
2152.592238	121	3924
2152.642243	121	3924
2152.692248	121	3924
2152.742253	121	3924
2152.792258	121	3924
2152.842263	121	3924
2152.892268	121	3924
2152.942273	121	3924
2152.992278	121	3924
2153.042283	121	3940
2153.092288	121	3940
2153.142292	121	3956
2153.192298	121	3996
2153.242303	121	4008
2153.292308	121	4020
2153.342313	121	4056
2153.392318	121	4056
2153.442323	121	4092
2153.492328	121	4092
2153.542333	121	4092
2153.592338	121	4092
2153.642343	121	4092
2153.692348	121	4092
2153.742352	105	4092
2153.792358	101	4092
2153.842363	101	4092
2153.892368	101	4096
2153.942373	101	4116
2153.992378	97	4116
2154.042383	93	4116
2154.092388	77	4148
2154.142393	77	4148
2154.192398	73	4148
2154.242403	73	4148
2154.292408	73	4148
2154.342413	73	4168
2154.392418	65	4196
2154.442423	65	4196
2154.492428	65	4196
2154.542433	65	4196
2154.592438	65	4196
2154.642443	65	4196
2154.692448	61	4196
2154.742453	61	4196
2154.792458	53	4196
2154.842463	53	4196
2154.892467	41	4196
2154.942473	41	4196
2154.992478	41	4196
2155.042483	41	4196
2155.092488	41	4196
2155.142493	41	4196
2155.192498	37	4196
2155.242503	37	4196
2155.292508	37	4196
2155.342513	37	4196
2155.392518	37	4196
2155.442523	37	4196
2155.492527	37	4196
2155.542533	37	4196
2155.592538	37	4196
2155.642543	17	4196
2155.692548	17	4196
2155.742553	17	4196
2155.792558	17	4196
2155.842563	17	4196
2155.892568	17	4196
2155.942573	17	4196
2155.992578	17	4196
2156.042583	17	4196
2156.092588	17	4196
2156.142593	17	4168
2156.192598	17	4168
2156.242603	17	4168
2156.292608	17	4156
2156.342613	17	4156
2156.392618	17	4156
2156.442623	17	4156
2156.492628	17	4156
2156.542633	17	4148
2156.592638	17	4148
2156.642642	17	4148
2156.692648	17	4116
2156.742653	17	4116
2156.792658	17	4116
2156.842663	17	4116
2156.892668	17	4116
2156.942673	17	4100
2156.992678	17	4100
2157.042683	17	4096
2157.092688	17	4096
2157.142693	17	4096
2157.192698	17	4096
2157.242702	17	4096
2157.292708	17	4096
2157.342713	17	4096
2157.392718	17	4096
2157.442723	17	4096
2157.492728	17	4096
2157.542733	17	4096
2157.592738	17	4096
2157.642743	17	4096
2157.692748	17	4096
2157.742753	17	4096
2157.792758	17	4096
2157.842763	9	4096
2157.892768	9	4096
2157.942773	9	4096
2157.992778	9	4096
2158.042783	9	4096
2158.092788	9	4096
2158.142793	9	4096
2158.192798	9	4104
2158.242803	9	4116
2158.292808	9	4136
2158.342813	9	4136
2158.392817	9	4152
2158.442823	9	4152
2158.492828	9	4164
2158.542833	5	4164
2158.592838	5	4164
2158.642843	-12	4192
2158.692848	-12	4192
2158.742853	-12	4192
2158.792858	-12	4192
2158.842863	-12	4192
2158.892868	-12	4192
2158.942873	-12	4192
2158.992877	-12	4192
2159.042883	-12	4192
2159.092888	-12	4192
2159.142893	-12	4192
2159.192898	-12	4192
2159.242903	-12	4192
2159.292908	-12	4192
2159.342913	-12	4192
2159.391918	-12	4192
2159.441923	-12	4192
2159.491928	-12	4192
2159.541933	-12	4192
2159.591938	-12	4192
2159.641943	-12	4192
2159.691947	-12	4192
2159.741952	-12	4192
2159.791958	-12	4192
2159.841963	-12	4192
2159.891968	-12	4192
2159.941973	-12	4192
2159.991978	-12	4192
2160.041983	-12	4192
2160.091988	-12	4192
2160.141993	-12	4192
2160.191998	-12	4192
2160.242002	-12	4192
2160.292007	-12	4192
2160.342012	-12	4192
2160.392018	-12	4192
2160.442023	-12	4192
2160.492028	-12	4192
2160.542033	-12	4192
2160.592038	-12	4192
2160.642043	-12	4192
2160.692048	-12	4192
2160.742053	-12	4192
2160.792058	-12	4192
2160.842062	-12	4192
2160.892067	-12	4192
2160.942072	-12	4192
2160.992078	-12	4192
2161.042083	-12	4192
2161.092088	-12	4192
2161.142093	-12	4192
2161.192098	-12	4192
2161.242103	-12	4192
2161.292108	-12	4192
2161.342113	-12	4192
2161.392118	-12	4192
2161.442122	-12	4220
2161.492127	-12	4256
2161.542133	-12	4280
2161.592138	-12	4280
2161.642143	-12	4280
2161.692148	-12	4280
2161.742153	-12	4280
2161.792158	-12	4280
2161.842163	-12	4148
2161.892168	-12	4120
2161.942173	-12	4112
2161.992177	-12	4112
2162.042182	-12	4112
2162.092187	-12	4112
2162.142193	-12	4112
2162.192198	-12	4112
2162.242203	-12	4112
2162.292208	-12	4112
2162.342213	-12	4112
2162.392218	-12	4112
2162.442223	-12	4112
2162.492228	-12	4112
2162.542233	-12	4112
2162.592237	-12	4112
2162.642242	-12	4112
2162.692247	-12	4112
2162.742253	-12	4112
2162.792258	-12	4112
2162.842263	-12	4112
2162.892268	-12	4112
2162.942273	-12	4112
2162.992278	-12	4112
2163.042283	-12	4112
2163.092288	-12	4112
2163.142292	-12	4152
2163.192297	-12	4168
2163.242302	-12	4196
2163.292308	-12	4196
2163.342313	-12	4196
2163.392318	-12	4196
2163.442323	-12	4196
2163.492328	-12	4196
2163.542333	-12	4196
2163.592338	-12	4196
2163.642343	-12	4196
2163.692348	-12	4208
2163.742352	-12	4208
2163.792357	-12	4208
2163.842362	-12	4208
2163.892368	-12	4208
2163.942373	-12	4208
2163.992378	-12	4208
2164.042383	-12	4208
2164.092388	-12	4208
2164.142393	-12	4208
2164.192398	-12	4208
2164.242403	-12	4208
2164.292408	-12	4208
2164.342412	-12	4208
2164.392417	-12	4208
2164.442422	-12	4208
2164.492428	-12	4208
2164.542433	-12	4208
2164.592438	-12	4208
2164.642443	-12	4208
2164.692448	-12	4208
2164.742453	-12	4208
2164.792458	-12	4208
2164.842463	-12	4208
2164.892467	-12	4208
2164.942472	-12	4228
2164.992477	-12	4228
2165.042483	-12	4248
2165.092488	-12	4268
2165.142493	-12	4268
2165.192498	-12	4268
2165.242503	-12	4268
2165.292508	-12	4268
2165.342513	-12	4268
2165.392518	-12	4268
2165.442523	-12	4276
2165.492527	-12	4284
2165.542532	-12	4304
2165.592537	-12	4320
2165.642543	-12	4328
2165.692548	-12	4328
2165.742553	-12	4328
2165.792558	-12	4328
2165.842563	-12	4328
2165.892568	-12	4328
2165.942573	-12	4328
2165.992578	-12	4328
2166.042583	-12	4328
2166.092587	-12	4328
2166.142592	-12	4328
2166.192597	-12	4328
2166.242603	-12	4328
2166.292608	-12	4328
2166.342613	-12	4328
2166.392618	-12	4328
2166.442623	-12	4328
2166.492628	-12	4328
2166.542633	-12	4328
2166.592638	-12	4328
2166.642642	-12	4328
2166.692647	-12	4328
2166.742652	-12	4328
2166.792658	-12	4328
2166.842663	-12	4328
2166.892668	-12	4328
2166.942673	-12	4328
2166.992678	-12	4328
2167.042683	-12	4328
2167.092688	-12	4328
2167.142693	-12	4328
2167.192698	-12	4328
2167.242702	-12	4328
2167.292707	-12	4328
2167.342712	-12	4328
2167.392718	-12	4328
2167.442723	-12	4328
2167.492728	-12	4328
2167.542733	-12	4328
2167.592738	-12	4328
2167.642743	-12	4328
2167.692748	-12	4328
2167.742753	-12	4328
2167.792758	-12	4328
2167.842762	-12	4328
2167.892767	-12	4328
2167.942772	-12	4328
2167.992778	-12	4328
2168.042783	-12	4328
2168.092788	-12	4328
2168.142793	-12	4328
2168.192798	-12	4328
2168.242803	-12	4328
2168.292808	-12	4328
2168.342813	-12	4328
2168.392817	-12	4328
2168.442822	-12	4328
2168.492827	-12	4328
2168.542833	-12	4328
2168.592838	-12	4328
2168.642843	-12	4328
2168.692848	-12	4328
2168.742853	-12	4328
2168.792858	-12	4328
2168.842863	-12	4328
2168.892868	-12	4328
2168.942873	-12	4328
2168.992877	-12	4328
2169.042882	-12	4328
2169.092887	-12	4328
2169.142893	-12	4328
2169.192898	-12	4328
2169.242903	-12	4328
2169.292908	-12	4328
2169.342913	-12	4328
2169.392918	-12	4328
2169.442923	-12	4328
2169.492928	-12	4328
2169.542933	-12	4328
2169.592937	-12	4328
2169.642942	-12	4328
2169.692947	-12	4328
2169.742953	-12	4328
2169.792958	-12	4328
2169.886967	-12	4328
2169.941973	-12	4328
2169.991978	-12	4328
2170.041983	-12	4328
2170.091988	-12	4328
2170.141993	-12	4328
2170.191998	-12	4328
2170.242002	-12	4328
2170.292007	-12	4328
2170.342012	-12	4328
2170.392017	-12	4328
2170.442022	-12	4328
2170.492028	-12	4328
2170.542033	-12	4328
2170.592038	-12	4328
2170.642043	-12	4328
2170.692048	-12	4328
2170.742053	-12	4328
2170.792058	-12	4328
2170.842062	-12	4328
2170.892067	-12	4328
2170.942072	-12	4328
2170.992077	-12	4328
2171.042082	-12	4328
2171.092088	-12	4328
2171.142093	-12	4328
2171.192098	-12	4328
2171.242103	-12	4328
2171.292108	-12	4328
2171.342113	-12	4328
2171.392118	-12	4328
2171.442122	-12	4396
2171.492127	-12	4460
2171.542132	-12	4528
2171.592137	-12	4576
2171.642142	-12	4720
2171.692148	-12	4948
2171.742153	-12	5072
2171.792158	-12	5216
2171.842163	-12	5340
2171.892168	-12	5504
2171.942173	-12	5568
2171.992177	0	5604
2172.042182	0	5636
2172.092187	0	5684
2172.142192	21	5764
2172.192197	37	5920
2172.242203	45	6132
2172.292208	93	6416
2172.342213	193	6716
2172.392218	233	6924
2172.442223	273	7076
2172.492228	305	7200
2172.542233	329	7324
2172.592237	385	7492
2172.642242	413	7640
2172.692247	493	7828
2172.742252	493	8056
2172.792257	549	8244
2172.842263	565	8468
2172.892268	565	8468
2172.942273	565	8468
2172.992278	565	8468
2173.042283	585	8468
2173.092288	613	8468
2173.142292	641	8468
2173.192297	673	8468
2173.242302	677	8468
2173.292307	677	8468
2173.342312	693	8468
2173.392317	697	8468
2173.442323	717	8468
2173.492328	717	8468
2173.542333	721	8468
2173.592338	721	8468
2173.642343	721	8468
2173.692348	729	8468
2173.742352	729	8468
2173.792357	741	8468
2173.842362	761	8468
2173.892367	761	8468
2173.942372	773	8468
2173.992378	777	8468
2174.042383	789	8468
2174.092388	797	8468
2174.142393	805	8468
2174.192398	805	8468
2174.242403	813	8468
2174.292408	813	8468
2174.342412	813	8468
2174.392417	817	8468
2174.442422	817	8468
2174.492427	837	8468
2174.542432	837	8468
2174.592438	837	8468
2174.642443	837	8468
2174.692448	837	8468
2174.742453	837	8468
2174.792458	885	8468
2174.842463	917	8524
2174.892467	949	8536
2174.942472	993	8612
2174.992477	1025	8640
2175.042482	1025	8688
2175.092487	1065	8716
2175.142492	1109	8764
2175.192498	1165	8812
2175.242503	1169	8812
2175.292508	1169	8812
2175.342513	1169	8812
2175.392518	1169	8812
2175.442523	1185	8812
2175.492527	1185	8812
2175.542532	1185	8812
2175.592537	1185	8812
2175.642542	1205	8812
2175.692547	1205	8812
2175.742553	1205	8812
2175.792558	1221	8812
2175.842563	1241	8812
2175.892568	1245	8868
2175.942573	1269	8920
2175.992578	1337	8972
2176.042583	1337	9036
2176.092587	1337	9056
2176.142592	1337	9056
2176.192597	1337	9056
2176.242602	1369	9072
2176.292607	1369	9072
2176.342613	1369	9072
2176.392618	1369	9072
2176.442623	1369	9072
2176.492628	1381	9072
2176.542633	1381	9072
2176.592638	1381	9072
2176.642642	1381	9072
2176.692647	1381	9072
2176.742652	1381	9072
2176.792657	1381	9072
2176.842662	1381	9072
2176.891667	1381	9072
2176.941672	1381	9124
2176.991677	1381	9156
2177.041682	1381	9200
2177.091687	1405	9228
2177.141693	1417	9268
2177.191698	1421	9292
2177.241703	1449	9324
2177.291708	1449	9324
2177.341712	1449	9336
2177.391717	1449	9376
2177.441722	1449	9408
2177.491727	1449	9424
2177.541732	1449	9432
2177.591737	1449	9432
2177.641742	1449	9432
2177.691747	1449	9432
2177.741753	1449	9432
2177.791758	1453	9432
2177.841763	1453	9432
2177.891768	1453	9432
2177.941772	1497	9432
2177.991777	1497	9432
2178.041782	1497	9432
2178.091787	1497	9432
2178.141792	1497	9432
2178.191797	1497	9432
2178.241802	1497	9432
2178.291808	1497	9432
2178.341813	1497	9432
2178.391818	1497	9432
2178.441823	1497	9432
2178.491827	1497	9432
2178.541832	1497	9432
2178.591837	1497	9432
2178.641842	1497	9432
2178.691847	1497	9432
2178.741852	1497	9432
2178.791857	1497	9432
2178.841862	1497	9432
2178.891868	1497	9448
2178.941873	1497	9508
2178.991878	1497	9556
2179.041883	1497	9556
2179.091887	1497	9572
2179.141892	1497	9616
2179.191897	1501	9700
2179.241902	1509	9728
2179.291907	1533	9728
2179.341912	1541	9728
2179.391917	1557	9728
2179.441922	1557	9728
2179.491928	1561	9728
2179.541933	1561	9728
2179.591938	1561	9728
2179.641943	1561	9728
2179.691947	1561	9728
2179.741952	1569	9728
2179.791957	1569	9728
2179.841962	1569	9728
2179.891967	1569	9728
2179.941972	1569	9728
2179.991977	1569	9728
2180.041983	1573	9728
2180.091988	1573	9728
2180.141993	1573	9728
2180.191998	1573	9728
2180.242002	1573	9728
2180.292007	1585	9728
2180.342012	1589	9728
2180.392017	1593	9728
2180.442022	1605	9728
2180.492027	1633	9728
2180.542032	1633	9728
2180.592037	1633	9752
2180.642043	1653	9764
2180.692048	1653	9792
2180.742053	1661	9792
2180.792058	1673	9808
2180.842062	1689	9832
2180.892067	1689	9832
2180.942072	1697	9832
2180.992077	1725	9832
2181.042082	1757	9844
2181.092087	1757	9844
2181.142092	1757	9856
2181.192097	1757	9856
2181.242103	1757	9856
2181.292108	1757	9860
2181.342113	1757	9896
2181.392118	1757	9916
2181.442122	1757	9940
2181.492127	1757	9940
2181.542132	1769	9968
2181.592137	1769	9968
2181.642142	1769	9976
2181.692147	1769	9996
2181.742152	1769	9996
2181.792158	1769	10028
2181.842163	1769	10068
2181.892168	1769	10120
2181.942173	1769	10204
2181.992177	1769	10312
2182.042182	1769	10440
2182.092187	1769	10560
2182.142192	1769	10740
2182.192197	1769	10880
2182.242202	1769	11020
2182.292207	1769	11184
2182.342212	1769	11376
2182.392218	1769	11500
2182.442223	1769	11656
2182.492228	1713	11776
2182.542233	1665	11824
2182.592237	1605	11924
2182.642242	1545	11960
2182.692247	1453	12032
2182.742252	1253	12212
2182.792257	1117	12316
2182.842262	957	12408
2182.892267	817	12452
2182.942272	753	12452
2182.992278	741	12452
2183.042283	741	12472
2183.092288	709	12484
2183.142292	705	12520
2183.192297	669	12596
2183.242302	613	12680
2183.292307	549	12728
2183.342312	453	12820
2183.392317	417	12824
2183.442322	353	12880
2183.492327	329	12880
2183.542333	305	12912
2183.592338	221	12920
2183.642343	169	12940
2183.692348	137	12940
2183.742352	73	12972
2183.792357	-40	12996
2183.842362	-140	13048
2183.892367	-308	13116
2183.942372	-536	13208
2183.992377	-716	13228
2184.042382	-788	13308
2184.092387	-972	13308
2184.142393	-1124	13332
2184.192398	-1284	13396
2184.242403	-1436	13428
2184.292408	-1528	13484
2184.342412	-1580	13536
2184.392417	-1636	13644
2184.442422	-1724	13680
2184.492427	-1776	13712
2184.542432	-1848	13740
2184.592437	-1920	13744
2184.642442	-2072	13744
2184.692447	-2152	13756
2184.742453	-2152	13756
2184.792458	-2152	13756
2184.842463	-2152	13756
2184.892467	-2152	13756
2184.942472	-2152	13764
2184.992477	-2152	13768
2185.042482	-2152	13768
2185.092487	-2152	13808
2185.142492	-2152	13808
2185.192497	-2152	13812
2185.242502	-2152	13812
2185.292508	-2152	13812
2185.342513	-2152	13812
2185.392518	-2152	13812
2185.442523	-2152	13812
2185.492527	-2152	13812
2185.542532	-2152	13812
2185.592537	-2152	13812
2185.642542	-2152	13812
2185.692547	-2152	13812
2185.742552	-2152	13812
2185.792557	-2152	13812
2185.842562	-2152	13812
2185.892568	-2152	13812
2185.942573	-2152	13812
2185.992578	-2152	13812
2186.042583	-2152	13812
2186.092587	-2152	13812
2186.142592	-2152	13812
2186.192597	-2152	13812
2186.242602	-2152	13812
2186.292607	-2152	13812
2186.342612	-2152	13812
2186.392617	-2152	13812
2186.442622	-2152	13812
2186.492628	-2152	13828
2186.542633	-2152	13828
2186.592638	-2152	13828
2186.642642	-2152	13828
2186.692647	-2152	13828
2186.742652	-2152	13828
2186.792657	-2152	13828
2186.842662	-2152	13828
2186.892667	-2152	13828
2186.942672	-2152	13828
2186.992677	-2152	13828
2187.042683	-2152	13828
2187.092688	-2152	13828
2187.142693	-2152	13828
2187.192698	-2152	13828
2187.242702	-2152	13828
2187.292707	-2152	13828
2187.342712	-2152	13828
2187.392717	-2152	13828
2187.442722	-2152	13828
2187.492727	-2152	13828
2187.542732	-2152	13828
2187.592737	-2152	13828
2187.642743	-2152	13828
2187.692748	-2152	13828
2187.742753	-2152	13836
2187.792758	-2152	13836
2187.842762	-2152	13848
2187.892767	-2152	13848
2187.942772	-2152	13868
2187.992777	-2152	13872
2188.042782	-2152	13900
2188.092787	-2152	13916
2188.142792	-2152	13924
2188.192797	-2152	13948
2188.242803	-2152	13952
2188.292808	-2152	13952
2188.342813	-2152	13952
2188.392817	-2152	13952
2188.442822	-2152	13952
2188.492827	-2152	13952
2188.542832	-2152	13952
2188.592837	-2152	13952
2188.642842	-2152	13952
2188.692847	-2152	13952
2188.742852	-2152	13952
2188.792858	-2152	13948
2188.842863	-2152	13948
2188.892868	-2152	13924
2188.942873	-2152	13924
2188.992877	-2152	13900
2189.042882	-2152	13900
2189.092887	-2152	13880
2189.142892	-2152	13844
2189.192897	-2152	13844
2189.242902	-2152	13840
2189.292907	-2152	13840
2189.342912	-2152	13840
2189.392918	-2152	13840
2189.442923	-2152	13808
2189.492928	-2152	13792
2189.542933	-2152	13736
2189.592937	-2152	13672
2189.642942	-2152	13616
2189.692947	-2152	13564
2189.742952	-2152	13552
2189.792957	-2152	13524
2189.842962	-2152	13516
2189.892967	-2152	13512
2189.942972	-2152	13492
2189.992978	-2152	13484
2190.042983	-2152	13484
2190.092988	-2152	13484
2190.142992	-2152	13484
2190.192997	-2152	13484
2190.243002	-2152	13484
2190.293007	-2152	13484
2190.343012	-2152	13484
2190.393017	-2152	13484
2190.443022	-2152	13484
2190.493027	-2152	13484
2190.543033	-2152	13484
2190.593038	-2152	13484
2190.643043	-2152	13484
2190.693048	-2152	13484
2190.743052	-2152	13484
2190.793057	-2152	13484
2190.843062	-2152	13484
2190.893067	-2152	13484
2190.943072	-2152	13484
2190.993077	-2152	13484
2191.043082	-2152	13484
2191.093087	-2152	13484
2191.143093	-2152	13484
2191.193098	-2152	13484
2191.243103	-2152	13484
2191.293108	-2152	13484
2191.343112	-2152	13484
2191.393117	-2152	13484
2191.443122	-2152	13484
2191.493127	-2152	13484
2191.543132	-2152	13484
2191.593137	-2152	13484
2191.643142	-2152	13484
2191.693148	-2152	13484
2191.743153	-2152	13484
2191.793158	-2152	13484
2191.843163	-2152	13484
2191.893167	-2152	13484
2191.943172	-2152	13484
2191.993177	-2152	13484
2192.043182	-2152	13484
2192.093187	-2152	13484
2192.143192	-2152	13484
2192.193197	-2152	13484
2192.243202	-2152	13484
2192.293208	-2152	13484
2192.343213	-2152	13484
2192.393218	-2152	13484
2192.443223	-2152	13484
2192.493227	-2152	13484
2192.543232	-2152	13484
2192.593237	-2152	13484
2192.643242	-2152	13484
2192.693247	-2152	13484
2192.743252	-2152	13484
2192.793257	-2152	13484
2192.843262	-2152	13484
2192.893268	-2152	13484
2192.943273	-2152	13484
2192.993278	-2152	13484
2193.043283	-2152	13484
2193.093287	-2116	13516
2193.143292	-2076	13648
2193.193297	-2076	13828
2193.243302	-1872	14552
2193.293307	-1652	15508
2193.343312	-1640	16300
2193.393317	-1640	17104
2193.443323	-1640	18036
2193.493328	-1640	18636
2193.543333	-1664	19472
2193.593338	-1708	20412
2193.643342	-1708	21368
2193.693347	-1708	22380
2193.743352	-1708	23264
2193.793357	-1712	23628
2193.843362	-1712	23780
2193.893367	-1712	23960
2193.943372	-1864	24456
2193.993377	-2328	24804
2194.043383	-2796	24652
2194.093388	-3020	24480
2194.143393	-3244	24232
2194.193398	-3632	24056
2194.243402	-4060	23940
2194.293407	-4316	23684
2194.343412	-4592	23476
2194.392417	-4664	23464
2194.442422	-4664	23388
2194.492427	-4680	23356
2194.542432	-4680	23356
2194.592437	-4992	23356
2194.642442	-5788	23356
2194.692447	-6844	23356
2194.742452	-7880	23356
2194.792457	-8548	23356
2194.842463	-8628	23356
2194.892467	-8660	23356
2194.942472	-8720	23356
2194.992477	-8928	23388
2195.042482	-9264	23412
2195.092487	-9832	23468
2195.142492	-10388	23604
2195.192497	-10508	23680
2195.242502	-10508	23680
2195.292507	-10508	23680
2195.342512	-10508	23680
2195.392517	-10512	23696
2195.442523	-10512	23704
2195.492527	-10512	23704
2195.542532	-10512	23704
2195.592537	-10512	23704
2195.642542	-10512	23704
2195.692547	-10512	23704
2195.742552	-10516	23704
2195.792557	-10520	23736
2195.842562	-10520	23736
2195.892567	-10520	23736
2195.942572	-10520	23736
2195.992578	-10520	23736
2196.042583	-10544	23740
2196.092587	-10580	23784
2196.142592	-10612	23788
2196.192597	-10704	23792
2196.242602	-10788	23864
2196.292607	-10944	23896
2196.342612	-10952	23904
2196.392617	-10952	23908
2196.442622	-11000	23908
2196.492627	-11000	23916
2196.542632	-11012	24020
2196.592638	-11024	24064
2196.642642	-11032	24064
2196.692647	-11032	24064
2196.742652	-11044	24064
2196.792657	-11052	24064
2196.842662	-11068	24064
2196.892667	-11080	24068
2196.942672	-11080	24068
2196.992677	-11080	24068
2197.042682	-11080	24068
2197.092687	-11080	24068
2197.142692	-11080	24068
2197.192698	-11080	24068
2197.242702	-11080	24068
2197.292707	-11080	24068
2197.342712	-11080	24068
2197.392717	-11080	24068
2197.442722	-11092	24096
2197.492727	-11336	24296
2197.542732	-12324	24816
2197.592737	-13312	25308
2197.642742	-14088	25532
2197.692747	-14132	25624
2197.742753	-14140	25664
2197.792758	-14152	25688
2197.842762	-14176	25744
2197.892767	-14312	25812
2197.942772	-14588	26016
2197.992777	-14780	26225
2198.042782	-14880	26225
2198.092787	-15116	26225
2198.142792	-15304	26225
2198.192797	-15708	26225
2198.242802	-15992	26225
2198.292807	-16248	26225
2198.342813	-16644	26225
2198.392817	-17096	26225
2198.442822	-17552	26225
2198.492827	-17668	26225
2198.542832	-17668	26225
2198.592837	-17668	26225
2198.642842	-17668	26225
2198.692847	-17668	26225
2198.742852	-17668	26225
2198.792857	-17668	26225
2198.842862	-17668	26225
2198.892867	-17668	26225
2198.942873	-17668	26225
2198.992877	-17668	26225
2199.042882	-17668	26225
2199.092887	-17668	26225
2199.142892	-17668	26225
2199.192897	-17668	26225
2199.242902	-17668	26225
2199.292907	-17652	26225
2199.342912	-17652	26225
2199.392917	-17652	26225
2199.442922	-17652	26225
2199.492928	-17648	26225
2199.542933	-17648	26225
2199.592937	-17648	26225
2199.642942	-17648	26225
2199.692947	-17648	26225
2199.742952	-17648	26225
2199.792957	-17648	26225
2199.842962	-17648	26225
2199.892967	-17636	26225
2199.942972	-17580	26225
2199.992977	-17572	26225
2200.042982	-17388	26225
2200.092988	-17192	26225
2200.142992	-17168	26225
2200.192997	-17132	26225
2200.243002	-17064	26225
2200.293007	-17004	26225
2200.343012	-16952	26225
2200.393017	-16952	26225
2200.443022	-16944	26225
2200.493027	-16940	26225
2200.543032	-16928	26225
2200.593037	-16928	26225
2200.643042	-16924	26225
2200.693048	-16924	26225
2200.743052	-16924	26225
2200.793057	-16920	26225
2200.843062	-16908	26225
2200.893067	-16908	26225
2200.943072	-16900	26225
2200.993077	-16900	26225
2201.043082	-16900	26225
2201.093087	-16900	26225
2201.143092	-16900	26225
2201.193097	-16900	26225
2201.243103	-16900	26225
2201.293108	-16900	26225
2201.343112	-16900	26225
2201.393117	-16900	26225
2201.443122	-16876	26225
2201.493127	-16876	26225
2201.543132	-16864	26225
2201.593137	-16864	26225
2201.643142	-16860	26225
2201.693147	-16856	26225
2201.743152	-16856	26225
2201.793157	-16856	26225
2201.843163	-16856	26225
2201.893167	-16856	26225
2201.943172	-16856	26225
2201.993177	-16856	26225
2202.043182	-16856	26225
2202.093187	-16856	26225
2202.143192	-16856	26225
2202.193197	-16856	26225
2202.243202	-16856	26225
2202.293207	-16852	26225
2202.343212	-16760	26225
2202.393217	-16660	26225
2202.443223	-16600	26225
2202.493227	-16536	26225
2202.543232	-16212	25888
2202.593237	-15972	25452
2202.643242	-15764	25208
2202.693247	-15712	25056
2202.743252	-15616	24888
2202.793257	-15540	24744
2202.843262	-15448	24556
2202.893267	-15408	24312
2202.943272	-15336	24136
2202.993278	-15248	23904
2203.043283	-15176	23828
2203.093287	-15152	23828
2203.143292	-15152	23828
2203.193297	-15152	23820
2203.243302	-15136	23768
2203.293307	-15132	23680
2203.343312	-15120	23480
2203.393317	-14936	23128
2203.443322	-14860	23032
2203.493327	-14860	23032
2203.543332	-14860	23032
2203.593338	-14860	23032
2203.643342	-14860	23032
2203.693347	-14860	23032
2203.743352	-14860	23032
2203.793357	-14860	23032
2203.843362	-14860	23032
2203.893367	-14856	22992
2203.943372	-14856	22984
2203.993377	-14852	22932
2204.043382	-14848	22820
2204.093387	-14840	22740
2204.143392	-14840	22740
2204.193398	-14840	22740
2204.243402	-14840	22740
2204.293407	-14840	22740
2204.343412	-14840	22740
2204.393417	-14840	22740
2204.443422	-14840	22740
2204.493427	-14840	22736
2204.543432	-14840	22688
2204.593437	-14836	22632
2204.643442	-14888	22612
2204.693447	-14888	22612
2204.743453	-14912	22612
2204.793458	-14912	22612
2204.843462	-14912	22608
2204.893467	-14912	22608
2204.943472	-14908	22600
2204.993477	-14964	22604
2205.043482	-14964	22604
2205.093487	-14980	22560
2205.143492	-15012	22560
2205.193497	-15032	22548
2205.243502	-15044	22548
2205.293507	-15044	22548
2205.343513	-15072	22520
2205.393517	-15072	22520
2205.443522	-15072	22520
2205.493527	-15072	22508
2205.543532	-15080	22512
2205.593537	-15080	22492
2205.643542	-15080	22484
2205.693547	-15104	22488
2205.743552	-15100	22456
2205.793557	-15108	22456
2205.843562	-15136	22460
2205.893567	-15180	22448
2205.943573	-15180	22448
2205.993577	-15180	22448
2206.043582	-15180	22432
2206.093587	-15180	22428
2206.143592	-15180	22428
2206.193597	-15180	22428
2206.243602	-15180	22428
2206.293607	-15180	22428
2206.343612	-15180	22428
2206.393617	-15208	22548
2206.443622	-15380	22836
2206.493628	-15412	22932
2206.543633	-15448	22932
2206.593637	-15456	22932
2206.643642	-15460	22932
2206.693647	-15516	22960
2206.743652	-15544	23032
2206.793657	-15636	23140
2206.843662	-15780	23168
2206.893667	-15956	23252
2206.943672	-15956	23252
2206.993677	-16020	23256
2207.043682	-16020	23268
2207.093688	-16088	23272
2207.143692	-16140	23304
2207.193697	-16180	23308
2207.243702	-16236	23332
2207.293707	-16260	23360
2207.343712	-16316	23372
2207.393717	-16428	23380
2207.443722	-16444	23380
2207.493727	-16484	23388
2207.543732	-16484	23388
2207.593737	-16484	23388
2207.643742	-16500	23388
2207.693748	-16500	23388
2207.743752	-16500	23388
2207.793757	-16500	23388
2207.843762	-16500	23388
2207.893767	-16500	23388
2207.943772	-16500	23388
2207.993777	-16500	23388
2208.043782	-16500	23388
2208.093787	-16500	23388
2208.143792	-16500	23388
2208.193797	-16500	23388
2208.243803	-16500	23388
2208.293808	-16500	23388
2208.343812	-16500	23388
2208.393817	-16500	23388
2208.443822	-16500	23380
2208.493827	-16492	23248
2208.543832	-16488	23208
2208.593837	-16484	23144
2208.643842	-16484	23144
2208.693847	-16484	23088
2208.743852	-16484	23088
2208.793857	-16480	23048
2208.843863	-16480	23048
2208.893867	-16480	23048
2208.943872	-16480	23048
2208.993877	-16480	23048
2209.043882	-16480	23040
2209.093887	-16480	23036
2209.143892	-16480	23024
2209.193897	-16480	23024
2209.243902	-16480	23024
2209.293907	-16480	23024
2209.343912	-16480	23024
2209.393917	-16480	23024
2209.443923	-16480	23024
2209.493927	-16480	23024
2209.543932	-16480	23024
2209.593937	-16480	23024
2209.643942	-16480	23024
2209.693947	-16480	23024
2209.743952	-16476	23000
2209.793957	-16476	23000
2209.845963	-16476	22968
2209.893967	-16476	22968
2209.943972	-16476	22968
2209.993978	-16476	22968
2210.043983	-16476	22968
2210.093987	-16476	22948
2210.143992	-16476	22948
2210.193997	-16476	22948
2210.244002	-16476	22948
2210.294007	-16476	22948
2210.344012	-16476	22948
2210.394017	-16472	22944
2210.444022	-16472	22944
2210.494027	-16472	22944
2210.544032	-16472	22944
2210.594038	-16472	22892
2210.644042	-16472	22892
2210.694047	-16472	22892
2210.744052	-16472	22892
2210.794057	-16472	22892
2210.844062	-16472	22892
2210.894067	-16472	22892
2210.944072	-16472	22892
2210.994077	-16472	22892
2211.044082	-16472	22892
2211.094087	-16472	22892
2211.144093	-16472	22892
2211.194098	-16472	22892
2211.244102	-16472	22892
2211.294107	-16472	22892
2211.344112	-16472	22892
2211.394117	-16472	22892
2211.444122	-16472	22892
2211.494127	-16472	22892
2211.544132	-16472	22892
2211.594137	-16472	22892
2211.644142	-16472	22892
2211.694147	-16472	22892
2211.744153	-16472	22892
2211.794158	-16472	22892
2211.843162	-16472	22892
2211.893167	-16472	22892
2211.943172	-16472	22892
2211.993177	-16472	22892
2212.043182	-16472	22892
2212.093187	-16472	22892
2212.143192	-16472	22892
2212.193197	-16472	22892
2212.243202	-16472	22892
2212.293207	-16472	22892
2212.343212	-16472	22892
2212.393217	-16472	22892
2212.443222	-16472	22892
2212.494227	-16472	22892
2212.543232	-16472	22892
2212.593237	-16472	22892
2212.643242	-16472	22892
2212.693247	-16472	22892
2212.743252	-16472	22892
2212.793257	-16472	22892
2212.843262	-16472	22904
2212.893267	-16476	22972
2212.943272	-16476	23000
2212.993277	-16480	23056
2213.043282	-16484	23096
2213.093287	-16484	23128
2213.143292	-16484	23132
2213.193297	-16484	23148
2213.243302	-16488	23156
2213.293307	-16488	23156
2213.343312	-16488	23156
2213.393317	-16488	23156
2213.443322	-16488	23156
2213.493327	-16488	23156
2213.543332	-16488	23156
2213.593337	-16488	23156
2213.643342	-16488	23156
2213.693347	-16488	23156
2213.743352	-16488	23156
2213.793357	-16488	23156
2213.843362	-16488	23156
2213.893367	-16488	23156
2213.943372	-16488	23156
2213.993377	-16488	23156
2214.043382	-16488	23156
2214.093387	-16488	23156
2214.143392	-16488	23156
2214.193397	-16488	23156
2214.243402	-16488	23156
2214.293407	-16488	23156
2214.343412	-16488	23204
2214.393417	-16492	23240
2214.443422	-16496	23296
2214.493427	-16496	23336
2214.543432	-16500	23408
2214.593437	-16508	23504
2214.643442	-16508	23508
2214.693447	-16508	23508
2214.743452	-16508	23508
2214.793457	-16508	23508
2214.843462	-16508	23508
2214.893467	-16508	23508
2214.943472	-16508	23508
2214.993477	-16508	23508
2215.043482	-16508	23508
2215.093487	-16508	23508
2215.143492	-16508	23508
2215.193497	-16508	23508
2215.243502	-16508	23508
2215.293507	-16508	23508
2215.343512	-16508	23508
2215.393517	-16508	23508
2215.443522	-16508	23508
2215.493527	-16508	23508
2215.543532	-16508	23508
2215.593537	-16508	23508
2215.643542	-16508	23508
2215.693547	-16508	23508
2215.743552	-16508	23508
2215.793557	-16508	23508
2215.843562	-16508	23508
2215.893567	-16508	23508
2215.943572	-16508	23508
2215.993577	-16508	23508
2216.043582	-16508	23508
2216.093587	-16508	23508
2216.143592	-16508	23508
2216.193597	-16508	23508
2216.243602	-16508	23508
2216.293607	-16508	23508
2216.343612	-16508	23508
2216.393617	-16508	23508
2216.443622	-16508	23508
2216.493627	-16508	23508
2216.543632	-16508	23508
2216.593637	-16508	23508
2216.643642	-16508	23508
2216.693647	-16508	23508
2216.743652	-16508	23508
2216.793657	-16508	23508
2216.843662	-16508	23508
2216.893667	-16508	23496
2216.943672	-16504	23468
2216.993677	-16504	23468
2217.043682	-16504	23468
2217.093687	-16504	23468
2217.143692	-16504	23468
2217.193697	-16504	23452
2217.243702	-16504	23448
2217.293707	-16504	23436
2217.343712	-16504	23428
2217.393717	-16500	23400
2217.443722	-16500	23400
2217.493727	-16500	23400
2217.543732	-16500	23376
2217.593737	-16496	23348
2217.643742	-16496	23348
2217.693747	-16496	23328
2217.743752	-16496	23316
2217.793757	-16496	23316
2217.843762	-16492	23276
2217.893767	-16492	23276
2217.943772	-16492	23276
2217.993777	-16492	23276
2218.043782	-16492	23276
2218.093787	-16492	23276
2218.143792	-16492	23272
2218.193797	-16492	23272
2218.243802	-16492	23272
2218.293807	-16492	23272
2218.343812	-16492	23256
2218.393817	-16492	23256
2218.443822	-16492	23236
2218.493827	-16492	23236
2218.543832	-16492	23236
2218.593837	-16492	23236
2218.643842	-16492	23236
2218.693847	-16492	23236
2218.743852	-16492	23236
2218.793857	-16492	23236
2218.843862	-16492	23236
2218.893867	-16488	23212
2218.943872	-16488	23212
2218.993877	-16488	23212
2219.043882	-16488	23212
2219.093887	-16488	23212
2219.143892	-16488	23212
2219.193897	-16488	23212
2219.243902	-16488	23212
2219.293907	-16488	23212
2219.343912	-16488	23212
2219.393917	-16488	23212
2219.443922	-16488	23212
2219.493927	-16488	23212
2219.543932	-16488	23212
2219.593937	-16488	23212
2219.643942	-16488	23212
2219.693947	-16488	23212
2219.743952	-16488	23212
2219.793957	-16488	23212
2219.843962	-16488	23212
2219.893967	-16488	23212
2219.943972	-16488	23212
2219.993977	-16488	23212
2220.043982	-16488	23212
2220.093987	-16488	23212
2220.143992	-16488	23212
2220.193997	-16488	23212
2220.244002	-16488	23212
2220.294007	-16488	23212
2220.344012	-16488	23212
2220.394017	-16488	23212
2220.444022	-16488	23212
2220.494027	-16488	23212
2220.544032	-16488	23212
2220.594037	-16488	23212
2220.644042	-16488	23212
2220.694047	-16488	23212
2220.744052	-16488	23212
2220.794057	-16488	23212
2220.844062	-16488	23212
2220.894067	-16488	23212
2220.944072	-16488	23212
2220.994077	-16488	23212
2221.044082	-16488	23212
2221.094087	-16488	23212
2221.144092	-16488	23212
2221.194097	-16488	23212
2221.244102	-16488	23212
2221.294107	-16488	23212
2221.344112	-16488	23212
2221.394117	-16488	23212
2221.444122	-16488	23212
2221.494127	-16488	23212
2221.544132	-16488	23212
2221.594137	-16488	23212
2221.644142	-16488	23212
2221.694147	-16488	23212
2221.744152	-16488	23212
2221.794157	-16488	23212
2221.844162	-16488	23212
2221.894167	-16488	23212
2221.944172	-16488	23212
2221.994177	-16488	23212
2222.044182	-16488	23212
2222.094187	-16488	23212
2222.144192	-16488	23212
2222.194197	-16488	23212
2222.244202	-16488	23212
2222.294207	-16488	23212
2222.344212	-16488	23212
2222.394217	-16488	23212
2222.444222	-16488	23212
2222.494227	-16488	23212
2222.544232	-16488	23212
2222.594237	-16488	23212
2222.644242	-16488	23212
2222.694247	-16488	23212
2222.744252	-16488	23212
2222.794257	-16488	23212
2222.844262	-16488	23212
2222.894267	-16488	23212
2222.944272	-16488	23212
2222.994277	-16488	23212
2223.044282	-16488	23212
2223.094287	-16488	23212
2223.144292	-16488	23212
2223.194297	-16488	23212
2223.244302	-16488	23212
2223.294307	-16488	23212
2223.344312	-16488	23212
2223.394317	-16488	23212
2223.444322	-16488	23212
2223.494327	-16488	23212
2223.544332	-16488	23212
2223.594337	-16488	23212
2223.644342	-16488	23212
2223.694347	-16488	23212
2223.744352	-16484	23144
2223.794357	-16484	23112
2223.844362	-16484	23104
2223.894367	-16480	23060
2223.944372	-16476	22996
2223.994377	-16476	22964
2224.044382	-16468	22860
2224.094387	-16464	22800
2224.144392	-16452	22712
2224.194397	-16404	22604
2224.244402	-16272	22396
2224.294407	-16068	22156
2224.344412	-15556	21684
2224.394417	-15176	21280
2224.444422	-14768	20936
2224.494427	-14496	20688
2224.544432	-14348	20460
2224.594437	-14284	20360
2224.644442	-14212	20280
2224.694447	-14176	20188
2224.744452	-14128	20136
2224.794457	-14124	20068
2224.844462	-14096	20016
2224.894467	-14096	19992
2224.944472	-14092	19920
2224.994477	-14020	19816
2225.044482	-13980	19744
2225.094487	-13924	19648
2225.144492	-13880	19548
2225.194497	-13832	19420
2225.244502	-13744	19328
2225.294507	-13664	19228
2225.344512	-13588	19108
2225.394517	-13540	19064
2225.444522	-13492	19004
2225.494527	-13452	18900
2225.544532	-13352	18796
2225.594537	-13292	18724
2225.644542	-13244	18608
2225.694547	-13192	18528
2225.744552	-13136	18468
2225.794557	-13092	18424
2225.844562	-13068	18352
2225.894567	-13040	18320
2225.944572	-13012	18196
2225.994577	-12888	18028
2226.044582	-12820	17864
2226.094587	-12680	17468
2226.144592	-12224	16864
2226.194597	-12064	16608
2226.244602	-12040	16588
2226.294607	-12040	16588
2226.344612	-12040	16588
2226.394617	-12040	16588
2226.444622	-12040	16560
2226.494627	-12040	16540
2226.544632	-12016	16472
2226.594637	-12016	16436
2226.644642	-12016	16368
2226.694647	-12016	16352
2226.744652	-12012	16308
2226.794657	-12008	16280
2226.844662	-11992	16256
2226.894667	-11976	16200
2226.944672	-11940	16164
2226.994677	-11940	16152
2227.044682	-11872	16104
2227.094687	-11868	16080
2227.144692	-11824	16028
2227.194697	-11812	15952
2227.244702	-11812	15952
2227.294707	-11768	15940
2227.344712	-11768	15896
2227.394717	-11724	15860
2227.444722	-11716	15860
2227.494727	-11716	15856
2227.544732	-11652	15828
2227.594737	-11640	15800
2227.644742	-11572	15776
2227.694747	-11536	15748
2227.744752	-11520	15744
2227.794757	-11520	15744
2227.844762	-11520	15700
2227.894767	-11520	15672
2227.944772	-11520	15672
2227.994777	-11516	15640
2228.044782	-11516	15628
2228.094787	-11516	15604
2228.144792	-11516	15596
2228.194797	-11516	15520
2228.244802	-11516	15472
2228.294807	-11516	15404
2228.344812	-11516	15200
2228.394817	-11508	15008
2228.444822	-11508	14868
2228.494827	-11480	14752
2228.544832	-11480	14660
2228.594837	-11480	14540
2228.644842	-11480	14472
2228.694847	-11480	14428
2228.744852	-11480	14376
2228.794857	-11480	14364
2228.844862	-11480	14336
2228.894867	-11480	14328
2228.944872	-11480	14272
2228.994877	-11480	14196
2229.044882	-11480	14080
2229.094887	-11480	14032
2229.144892	-11480	13928
2229.194897	-11480	13868
2229.244902	-11480	13808
2229.294907	-11480	13744
2229.343912	-11480	13676
2229.393917	-11480	13628
2229.443922	-11480	13552
2229.493927	-11480	13484
2229.543932	-11520	13416
2229.593937	-11532	13388
2229.643942	-11532	13328
2229.693947	-11532	13320
2229.743952	-11532	13276
2229.793957	-11532	13264
2229.843962	-11536	13228
2229.893967	-11536	13200
2229.943972	-11560	13200
2229.993977	-11576	13184
2230.043982	-11576	13172
2230.093987	-11584	13172
2230.143992	-11592	13172
2230.193997	-11628	13172
2230.244002	-11628	13172
2230.294007	-11636	13172
2230.344012	-11640	13172
2230.394017	-11652	13172
2230.444022	-11688	13172
2230.494027	-11688	13168
2230.544032	-11688	13152
2230.594037	-11688	13152
2230.644042	-11688	13152
2230.694047	-11688	13128
2230.744052	-11688	13128
2230.794057	-11688	13128
2230.844062	-11688	13128
2230.894067	-11688	13128
2230.944072	-11688	13120
2230.994077	-11688	13120
2231.044082	-11688	13120
2231.094087	-11688	13120
2231.144092	-11688	13120
2231.194097	-11688	13120
2231.244102	-11688	13120
2231.294107	-11688	13120
2231.344112	-11688	13120
2231.394117	-11688	13120
2231.444122	-11688	13120
2231.494127	-11688	13120
2231.544132	-11688	13120
2231.594137	-11688	13120
2231.644142	-11688	13120
2231.694147	-11688	13120
2231.744152	-11688	13120
2231.794157	-11688	13120
2231.844162	-11688	13120
2231.894167	-11688	13104
2231.944172	-11688	13104
2231.994177	-11688	13104
2232.044182	-11688	13104
2232.094187	-11688	13104
2232.144192	-11688	13104
2232.194197	-11688	13104
2232.244202	-11688	13104
2232.294207	-11688	13104
2232.344212	-11688	13104
2232.394217	-11688	13104
2232.444222	-11688	13104
2232.494227	-11688	13100
2232.544232	-11688	13100
2232.594237	-11688	13100
2232.644242	-11688	13100
2232.694247	-11688	13100
2232.744252	-11688	13100
2232.794257	-11688	13100
2232.844262	-11688	13100
2232.894267	-11688	13100
2232.944272	-11688	13100
2232.994277	-11688	13100
2233.044282	-11688	13100
2233.094287	-11688	13100
2233.144292	-11688	13100
2233.194297	-11688	13100
2233.244302	-11688	13100
2233.294307	-11688	13100
2233.344312	-11688	13100
2233.394317	-11688	13100
2233.444322	-11688	13100
2233.494327	-11688	13100
2233.544332	-11688	13080
2233.594337	-11688	13080
2233.644342	-11688	13080
2233.694347	-11688	13080
2233.744352	-11688	13080
2233.794357	-11688	13080
2233.844362	-11688	13080
2233.894367	-11688	13080
2233.944372	-11688	13080
2233.994377	-11688	13080
2234.044382	-11688	13080
2234.094387	-11688	13080
2234.144392	-11688	13080
2234.194397	-11688	13080
2234.244402	-11688	13080
2234.294407	-11688	13080
2234.344412	-11688	13080
2234.394417	-11688	13080
2234.444422	-11688	13080
2234.494427	-11688	13080
2234.544432	-11688	13080
2234.594437	-11688	13080
2234.644442	-11688	13080
2234.694447	-11688	13080
2234.744452	-11688	13080
2234.794457	-11688	13080
2234.844462	-11688	13080
2234.894467	-11688	13080
2234.944472	-11688	13080
2234.994477	-11688	13080
2235.044482	-11688	13004
2235.094487	-11756	12864
2235.144492	-11912	12600
2235.194497	-12020	12372
2235.244502	-12060	12240
2235.294507	-12112	12164
2235.344512	-12132	12128
2235.394517	-12132	12060
2235.444522	-12180	11912
2235.494527	-12208	11656
2235.544532	-12208	11268
2235.594537	-12208	11080
2235.644542	-12208	10948
2235.694547	-12208	10820
2235.744552	-12208	10656
2235.794557	-12116	10576
2235.844562	-12012	10540
2235.894567	-11928	10488
2235.944572	-11844	10488
2235.994577	-11788	10488
2236.044582	-11756	10488
2236.094587	-11700	10488
2236.144592	-11676	10488
2236.194597	-11564	10488
2236.244602	-11516	10488
2236.294607	-11464	10488
2236.344612	-11464	10488
2236.394617	-11464	10524
2236.444622	-11464	10524
2236.494627	-11464	10532
2236.544632	-11464	10548
2236.594637	-11464	10548
2236.644642	-11464	10548
2236.694647	-11464	10584
2236.744652	-11464	10628
2236.794657	-11464	10636
2236.844662	-11464	10668
2236.894667	-11464	10680
2236.944672	-11464	10684
2236.994677	-11464	10700
2237.044682	-11464	10700
2237.094687	-11464	10704
2237.144692	-11464	10704
2237.194697	-11464	10720
2237.244702	-11464	10728
2237.294707	-11464	10764
2237.344712	-11464	10776
2237.394717	-11464	10776
2237.444722	-11464	10776
2237.494727	-11464	10776
2237.544732	-11464	10776
2237.594737	-11464	10776
2237.644742	-11464	10776
2237.694747	-11464	10776
2237.744752	-11464	10776
2237.794757	-11464	10776
2237.844762	-11464	10776
2237.894767	-11464	10776
2237.944772	-11464	10776
2237.994777	-11464	10776
2238.044782	-11464	10776
2238.094787	-11464	10776
2238.144792	-11464	10776
2238.194797	-11464	10776
2238.244802	-11464	10776
2238.294807	-11464	10776
2238.344812	-11464	10776
2238.394817	-11464	10776
2238.444822	-11464	10776
2238.494827	-11464	10776
2238.544832	-11464	10776
2238.594837	-11464	10776
2238.644842	-11464	10776
2238.694847	-11464	10776
2238.744852	-11464	10776
2238.794857	-11464	10776
2238.844862	-11464	10776
2238.894867	-11464	10776
2238.944872	-11464	10776
2238.994877	-11464	10776
2239.044882	-11464	10776
2239.094887	-11464	10776
2239.144892	-11464	10776
2239.194897	-11464	10776
2239.244902	-11464	10776
2239.294907	-11464	10776
2239.344912	-11464	10776
2239.394917	-11464	10776
2239.444922	-11464	10776
2239.494927	-11464	10776
2239.544932	-11464	10776
2239.594937	-11464	10776
2239.644942	-11464	10776
2239.694947	-11464	10776
2239.744952	-11464	10776
2239.794957	-11464	10776
2239.844962	-11464	10776
2239.894967	-11464	10776
2239.944972	-11464	10776
2239.994977	-11464	10776
2240.044982	-11464	10776
2240.094987	-11464	10776
2240.144992	-11464	10776
2240.194997	-11464	10776
2240.245002	-11464	10776
2240.295007	-11464	10776
2240.345012	-11464	10776
2240.395017	-11464	10776
2240.445022	-11464	10776
2240.495027	-11464	10776
2240.545032	-11464	10776
2240.595037	-11464	10776
2240.645042	-11464	10776
2240.695047	-11464	10776
2240.745052	-11464	10776
2240.795057	-11464	10776
2240.845062	-11464	10776
2240.895067	-11464	10776
2240.945072	-11464	10776
2240.995077	-11464	10776
2241.045082	-11464	10776
2241.095087	-11464	10776
2241.145092	-11464	10776
2241.195097	-11464	10776
2241.245102	-11464	10776
2241.295107	-11464	10776
2241.345112	-11464	10776
2241.395117	-11464	10776
2241.445122	-11464	10776
2241.495127	-11464	10776
2241.545132	-11464	10776
2241.595137	-11464	10776
2241.645142	-11464	10776
2241.695147	-11464	10776
2241.745152	-11464	10776
2241.795157	-11464	10776
2241.845162	-11464	10776
2241.895167	-11464	10776
2241.945172	-11464	10776
2241.995177	-11464	10776
2242.045182	-11464	10776
2242.095187	-11464	10776
2242.145192	-11464	10776
2242.195197	-11464	10776
2242.245202	-11464	10776
2242.295207	-11464	10776
2242.345212	-11464	10776
2242.395217	-11464	10776
2242.445222	-11464	10776
2242.495227	-11464	10776
2242.545232	-11464	10776
2242.595237	-11464	10776
2242.645242	-11464	10776
2242.695247	-11464	10776
2242.745252	-11464	10776
2242.795257	-11464	10776
2242.845262	-11464	10776
2242.895267	-11464	10776
2242.945272	-11464	10776
2242.995277	-11464	10776
2243.045282	-11464	10776
2243.095287	-11464	10776
2243.145292	-11464	10776
2243.195297	-11464	10776
2243.245302	-11464	10776
2243.295307	-11464	10776
2243.345312	-11464	10776
2243.395317	-11464	10776
2243.445322	-11464	10776
2243.495327	-11464	10776
2243.545332	-11464	10776
2243.595337	-11464	10776
2243.645342	-11464	10776
2243.695347	-11464	10776
2243.745352	-11464	10776
2243.795357	-11456	10776
2243.845362	-11448	10776
2243.895367	-11448	10776
2243.945372	-11448	10776
2243.995377	-11444	10776
2244.045382	-11444	10776
2244.095387	-11432	10776
2244.145392	-11432	10776
2244.195397	-11432	10776
2244.245402	-11432	10776
2244.295407	-11404	10776
2244.345412	-11404	10776
2244.395417	-11404	10776
2244.445422	-11404	10776
2244.495427	-11404	10776
2244.545432	-11404	10776
2244.595437	-11404	10776
2244.645442	-11404	10776
2244.695447	-11396	10776
2244.745452	-11364	10776
2244.795457	-11364	10776
2244.845462	-11364	10776
2244.895467	-11364	10776
2244.945472	-11332	10776
2244.995477	-11332	10776
2245.045482	-11300	10776
2245.095487	-11300	10776
2245.145492	-11248	10768
2245.195497	-11192	10760
2245.245502	-11040	10640
2245.295507	-10608	10560
2245.345512	-10160	10468
2245.395517	-9884	10436
2245.445522	-9884	10428
2245.495527	-9884	10424
2245.545532	-9884	10424
2245.595537	-9884	10424
2245.645542	-9884	10424
2245.695547	-9884	10424
2245.745552	-9884	10424
2245.795557	-9884	10424
2245.845562	-9884	10424
2245.895567	-9884	10424
2245.945572	-9884	10424
2245.995577	-9884	10424
2246.045582	-9884	10424
2246.095587	-9884	10424
2246.145592	-9884	10424
2246.195597	-9884	10424
2246.245602	-9884	10424
2246.295607	-9884	10424
2246.345612	-9884	10424
2246.395617	-9884	10424
2246.445622	-9884	10424
2246.495627	-9884	10424
2246.545632	-9884	10424
2246.595637	-9884	10424
2246.645642	-9884	10424
2246.695647	-9884	10424
2246.745652	-9884	10424
2246.795657	-9884	10424
2246.844662	-9884	10424
2246.894667	-9884	10424
2246.944672	-9884	10424
2246.994677	-9884	10424
2247.044682	-9884	10424
2247.094687	-9884	10424
2247.144692	-9884	10424
2247.194697	-9884	10424
2247.244702	-9884	10424
2247.294707	-9884	10424
2247.344712	-9884	10424
2247.394717	-9884	10424
2247.444722	-9884	10424
2247.494727	-9884	10424
2247.544732	-9884	10424
2247.594737	-9884	10424
2247.644742	-9884	10424
2247.694747	-9884	10424
2247.744752	-9884	10424
2247.794757	-9884	10424
2247.844762	-9884	10424
2247.894767	-9884	10424
2247.944772	-9884	10424
2247.994777	-9884	10424
2248.044782	-9884	10424
2248.094787	-9884	10400
2248.144792	-9884	10384
2248.194797	-9884	10384
2248.244802	-9884	10384
2248.294807	-9884	10368
2248.344812	-9884	10368
2248.394817	-9884	10360
2248.444822	-9884	10360
2248.494827	-9884	10360
2248.544832	-9884	10360
2248.594837	-9884	10360
2248.644842	-9884	10340
2248.694847	-9884	10340
2248.744852	-9884	10340
2248.794857	-9884	10340
2248.844862	-9884	10332
2248.894867	-9884	10308
2248.944872	-9884	10292
2248.994877	-9884	10292
2249.044882	-9884	10292
2249.094887	-9884	10292
2249.144892	-9884	10292
2249.194897	-9884	10292
2249.244902	-9884	10292
2249.294907	-9884	10292
2249.344912	-9884	10292
2249.394917	-9884	10292
2249.444922	-9884	10292
2249.494927	-9884	10292
2249.544932	-9884	10276
2249.594937	-9884	10276
2249.644942	-9884	10276
2249.694947	-9884	10276
2249.744952	-9884	10276
2249.794957	-9884	10276
2249.856963	-9884	10276
2249.894967	-9884	10276
2249.944972	-9884	10276
2249.994977	-9884	10276
2250.044982	-9884	10348
2250.094987	-9884	10628
2250.144992	-10228	12388
2250.194997	-12196	14172
2250.245002	-14936	15776
2250.295007	-17208	18068
2250.345012	-17444	20404
2250.395017	-18324	21696
2250.445022	-19136	22980
2250.495027	-19432	24388
2250.545032	-19892	25136
2250.595037	-20096	25272
2250.645042	-20088	25148
2250.695047	-20088	25148
2250.745052	-20100	25348
2250.795057	-20100	25348
2250.845062	-20100	25348
2250.895067	-20100	25376
2250.945072	-20108	25512
2250.995077	-20488	25804
2251.045082	-20608	25948
2251.095087	-20608	25948
2251.145092	-20608	25948
2251.195097	-20608	25948
2251.245102	-20608	25948
2251.295107	-20608	25948
2251.345112	-20596	25800
2251.395117	-20584	25552
2251.445122	-20572	25392
2251.495127	-20568	25300
2251.545132	-20564	25220
2251.595137	-20552	25192
2251.645142	-20516	25188
2251.695147	-20488	25060
2251.745152	-20472	25060
2251.795157	-20472	25060
2251.845162	-20472	25060
2251.895167	-20472	25060
2251.945172	-20472	25060
2251.995177	-20472	25060
2252.045182	-20472	25060
2252.095187	-20472	25060
2252.145192	-20472	25060
2252.195197	-20472	25060
2252.245202	-20472	25060
2252.295207	-20472	25060
2252.345212	-20472	25060
2252.395217	-20472	25060
2252.445222	-20472	25060
2252.495227	-20472	25060
2252.545232	-20472	25060
2252.595237	-20472	25060
2252.645242	-20472	25060
2252.695247	-20472	25060
2252.745252	-20472	25060
2252.795257	-20472	25060
2252.845262	-20472	25060
2252.895267	-20472	25060
2252.945272	-20472	25060
2252.995277	-20476	25104
2253.045282	-20476	25132
2253.095287	-20480	25176
2253.145292	-20484	25216
2253.195297	-20484	25256
2253.245302	-20488	25284
2253.295307	-20488	25284
2253.345312	-20488	25284
2253.395317	-20488	25280
2253.445322	-20484	25252
2253.495327	-20440	25024
2253.545332	-20408	24908
2253.595337	-20116	24540
2253.645342	-19932	24376
2253.695347	-19924	24368
2253.745352	-19880	24320
2253.795357	-19872	24320
2253.845362	-19836	24316
2253.895367	-19836	24316
2253.945372	-19836	24316
2253.995377	-19836	24316
2254.045382	-19836	24316
2254.095387	-19836	24316
2254.145392	-19836	24316
2254.195397	-19836	24316
2254.245402	-19836	24316
2254.295407	-19836	24316
2254.345412	-19836	24316
2254.395417	-19824	24316
2254.445422	-19820	24300
2254.495427	-19820	24300
2254.545432	-19812	24228
2254.595437	-19776	24208
2254.645442	-19712	24096
2254.695447	-19544	23916
2254.745452	-19420	23608
2254.795457	-19248	23360
2254.845462	-18948	23060
2254.895467	-18452	22756
2254.945472	-17920	22464
2254.995477	-17560	22332
2255.045482	-17124	22188
2255.095487	-16752	22064
2255.145492	-16404	21908
2255.195497	-15908	21816
2255.245502	-15424	21628
2255.295507	-15064	21444
2255.345512	-14992	21396
2255.395517	-14992	21396
2255.445522	-14992	21396
2255.495527	-14992	21396
2255.545532	-14992	21396
2255.595537	-14992	21396
2255.645542	-14996	21404
2255.695547	-15004	21580
2255.745552	-15008	21648
2255.795557	-15012	21740
2255.845562	-15016	21760
2255.895567	-15016	21760
2255.945572	-15016	21760
2255.995577	-15016	21760
2256.045582	-15016	21760
2256.095587	-15016	21760
2256.145592	-15016	21760
2256.195597	-15016	21760
2256.245602	-15016	21760
2256.295607	-15016	21760
2256.345612	-15016	21760
2256.395617	-15016	21760
2256.445622	-15016	21760
2256.495627	-15016	21760
2256.545632	-15016	21760
2256.595637	-15016	21760
2256.645642	-15016	21760
2256.695647	-15016	21760
2256.745652	-15016	21760
2256.795657	-15024	21760
2256.845662	-15028	21760
2256.895667	-15036	21764
2256.945672	-15072	21764
2256.995677	-15076	21764
2257.045682	-15112	21768
2257.095687	-15120	21768
2257.145692	-15156	21768
2257.195697	-15172	21772
2257.245702	-15176	21772
2257.295707	-15196	21772
2257.345712	-15220	21772
2257.395717	-15220	21772
2257.445722	-15264	21776
2257.495727	-15264	21776
2257.545732	-15268	21776
2257.595737	-15268	21776
2257.645742	-15276	21776
2257.695747	-15312	21752
2257.745752	-15308	21712
2257.795757	-15352	21716
2257.845762	-15352	21684
2257.895767	-15392	21672
2257.945772	-15412	21644
2257.995777	-15416	21644
2258.045782	-15420	21644
2258.095787	-15448	21644
2258.145792	-15456	21644
2258.195797	-15456	21644
2258.245802	-15456	21644
2258.295807	-15456	21644
2258.345812	-15460	21632
2258.395817	-15460	21612
2258.445822	-15460	21592
2258.495827	-15456	21576
2258.545832	-15496	21540
2258.595837	-15588	21512
2258.645842	-15680	21480
2258.695847	-15740	21484
2258.745852	-15740	21460
2258.795857	-15740	21460
2258.845862	-15740	21460
2258.895867	-15740	21460
2258.945872	-15740	21460
2258.995877	-15740	21460
2259.045882	-15748	21460
2259.095887	-15748	21460
2259.145892	-15748	21460
2259.195897	-15748	21460
2259.245902	-15748	21460
2259.295907	-15748	21460
2259.345912	-15748	21460
2259.395917	-15748	21460
2259.445922	-15748	21460
2259.495927	-15748	21460
2259.545932	-15748	21460
2259.595937	-15748	21460
2259.645942	-15748	21460
2259.695947	-15748	21460
2259.745952	-15744	21384
2259.795957	-15736	21228
2259.845962	-15732	21156
2259.895967	-15720	20992
2259.945972	-15736	20836
2259.995977	-15788	20832
2260.045982	-15788	20796
2260.095987	-15784	20764
2260.145992	-15800	20764
2260.195997	-15800	20764
2260.246002	-15800	20732
2260.296007	-15800	20724
2260.346012	-15800	20720
2260.396017	-15796	20684
2260.446022	-15796	20648
2260.496027	-15796	20648
2260.546032	-15796	20648
2260.596037	-15808	20648
2260.646042	-15808	20648
2260.696047	-15808	20648
2260.746052	-15812	20648
2260.796057	-15812	20648
2260.846062	-15812	20648
2260.896067	-15880	20652
2260.946072	-15880	20652
2260.996077	-15880	20652
2261.046082	-15880	20652
2261.096087	-15880	20652
2261.146092	-15904	20652
2261.196097	-15904	20652
2261.246102	-15904	20652
2261.296107	-15904	20652
2261.346112	-15904	20652
2261.396117	-15904	20652
2261.446122	-15904	20652
2261.496127	-15904	20652
2261.546132	-15904	20652
2261.596137	-15904	20652
2261.646142	-15904	20652
2261.696147	-15920	20652
2261.746152	-15920	20652
2261.796157	-15920	20652
2261.846162	-15920	20652
2261.896167	-15920	20652
2261.946172	-15920	20652
2261.996177	-15920	20652
2262.046182	-15920	20652
2262.096187	-15920	20652
2262.146192	-15920	20652
2262.196197	-15920	20652
2262.246202	-15920	20652
2262.296207	-15920	20652
2262.346212	-15920	20652
2262.396217	-15920	20652
2262.446222	-15920	20652
2262.496227	-15920	20652
2262.546232	-15920	20652
2262.596237	-15920	20652
2262.646242	-15920	20652
2262.696247	-15920	20652
2262.746252	-15920	20652
2262.796257	-15920	20652
2262.846262	-15920	20652
2262.896267	-15920	20652
2262.946272	-15920	20652
2262.996277	-15920	20652
2263.046282	-15920	20652
2263.096287	-15920	20652
2263.146292	-15920	20652
2263.196297	-15920	20652
2263.246302	-15920	20652
2263.296307	-15920	20652
2263.346312	-15928	20736
2263.396317	-15932	20808
2263.446322	-15932	20816
2263.496327	-15936	20880
2263.546332	-15940	20964
2263.596337	-15944	21012
2263.646342	-15944	21012
2263.696347	-15944	21012
2263.746352	-15944	21012
2263.796357	-15944	21012
2263.846362	-15944	21012
2263.896367	-15944	21012
2263.946372	-15944	21012
2263.996377	-15944	21012
2264.046382	-15944	21012
2264.096387	-15944	21012
2264.146392	-15944	21012
2264.196397	-15944	21012
2264.246402	-15944	21012
2264.295407	-15944	21012
2264.345412	-15944	21012
2264.395417	-15944	21012
2264.445422	-15944	21012
2264.495427	-15944	21012
2264.545432	-15944	21012
2264.595437	-15944	21012
2264.645442	-15944	21012
2264.695447	-15944	21012
2264.745452	-15944	21012
2264.795457	-15944	21012
2264.845462	-15944	21012
2264.895467	-15944	21012
2264.945472	-15944	21012
2264.995477	-15944	21012
2265.045482	-15944	21012
2265.095487	-15944	21012
2265.145492	-15944	21012
2265.195497	-15944	21012
2265.245502	-15944	21012
2265.295507	-15944	21012
2265.345512	-15944	21012
2265.395517	-15944	21012
2265.445522	-15944	21012
2265.495527	-15944	21012
2265.545532	-15944	21012
2265.595537	-15948	21068
2265.645542	-15948	21112
2265.695547	-15952	21156
2265.745552	-15952	21180
2265.795557	-15956	21220
2265.845562	-15956	21224
2265.895567	-15956	21224
2265.945572	-15956	21224
2265.995577	-15956	21228
2266.045582	-15960	21288
2266.095587	-15964	21388
2266.145592	-15968	21436
2266.195597	-15972	21532
2266.245602	-15980	21636
2266.295607	-15984	21680
2266.345612	-15984	21732
2266.395617	-15988	21804
2266.445622	-15992	21868
2266.495627	-15996	21900
2266.545632	-16000	21952
2266.595637	-16000	21988
2266.645642	-16000	21988
2266.695647	-16000	21988
2266.745652	-16000	21988
2266.795657	-16000	21988
2266.845662	-16000	21988
2266.895667	-16000	21988
2266.945672	-16000	21988
2266.995677	-16000	21992
2267.045682	-16000	22012
2267.095687	-16000	22012
2267.145692	-16000	22012
2267.195697	-16000	22012
2267.245702	-16000	22012
2267.295707	-16000	22012
2267.345712	-16000	22012
2267.395717	-16000	22012
2267.445722	-16000	22012
2267.495727	-16000	22012
2267.545732	-16000	22012
2267.595737	-16000	22012
2267.645742	-16000	22012
2267.695747	-16000	22012
2267.745752	-16000	22012
2267.795757	-16000	22012
2267.845762	-16000	22012
2267.895767	-16000	22012
2267.945772	-16000	22012
2267.995777	-16000	22012
2268.045782	-16000	22012
2268.095787	-16000	22012
2268.145792	-16000	22012
2268.195797	-16000	22012
2268.245802	-15996	21900
2268.295807	-15984	21704
2268.345812	-15972	21536
2268.395817	-15964	21348
2268.445822	-15956	21232
2268.495827	-15948	21084
2268.545832	-15944	20884
2268.595837	-15960	20884
2268.645842	-15960	20864
2268.695847	-15960	20860
2268.745852	-15960	20860
2268.795857	-15960	20860
2268.845862	-15956	20784
2268.895867	-15948	20692
2268.945872	-15944	20620
2268.996877	-15940	20508
2269.045882	-15936	20428
2269.095887	-15932	20380
2269.145892	-15928	20352
2269.195897	-15928	20324
2269.245902	-15928	20316
2269.295907	-15928	20316
2269.345912	-15928	20312
2269.395917	-15924	20284
2269.445922	-15924	20284
2269.495927	-15924	20284
2269.545932	-15924	20284
2269.595937	-15924	20284
2269.645942	-15924	20280
2269.695947	-15924	20240
2269.745952	-15920	20204
2269.795957	-15920	20204
2269.845962	-15920	20204
2269.895967	-15920	20204
2269.945972	-15920	20204
2269.995977	-15920	20204
2270.045982	-15920	20204
2270.095987	-15920	20204
2270.145992	-15920	20204
2270.195997	-15920	20204
2270.246002	-15920	20204
2270.296007	-15920	20204
2270.346012	-15920	20204
2270.396017	-15920	20204
2270.446022	-15920	20204
2270.496027	-15920	20204
2270.546032	-15920	20204
2270.596037	-15920	20204
2270.646042	-15920	20204
2270.696047	-15920	20204
2270.746052	-15920	20204
2270.796057	-15920	20204
2270.846062	-15920	20204
2270.896067	-15920	20204
2270.946072	-15920	20204
2270.996077	-15920	20204
2271.046082	-15920	20204
2271.096087	-15920	20204
2271.146092	-15920	20204
2271.196097	-15920	20204
2271.246102	-15920	20204
2271.296107	-15920	20204
2271.346112	-15924	20228
2271.396117	-15924	20272
2271.446122	-15928	20328
2271.496127	-15928	20348
2271.546132	-15932	20380
2271.596137	-15932	20400
2271.646142	-15936	20428
2271.696147	-15936	20432
2271.746152	-15936	20448
2271.796157	-15936	20480
2271.846162	-15936	20480
2271.896167	-15936	20480
2271.946172	-15936	20480
2271.996177	-15936	20480
2272.046182	-15936	20480
2272.096187	-15936	20480
2272.146192	-15936	20480
2272.196197	-15936	20480
2272.246202	-15936	20480
2272.296207	-15936	20480
2272.346212	-15936	20480
2272.396217	-15936	20480
2272.446222	-15936	20480
2272.496227	-15936	20480
2272.546232	-15936	20480
2272.596237	-15936	20480
2272.646242	-15936	20480
2272.696247	-15936	20480
2272.746252	-15936	20480
2272.796257	-15936	20480
2272.846262	-15936	20480
2272.896267	-15936	20480
2272.946272	-15936	20480
2272.996277	-15936	20480
2273.046282	-15936	20480
2273.096287	-15936	20480
2273.146292	-15936	20480
2273.196297	-15936	20480
2273.246302	-15936	20480
2273.296307	-15936	20480
2273.346312	-15936	20480
2273.396317	-15936	20480
2273.446322	-15936	20480
2273.496327	-15936	20480
2273.546332	-15936	20480
2273.596337	-15936	20480
2273.646342	-15952	20484
2273.696347	-15952	20484
2273.746352	-15952	20484
2273.796357	-15952	20484
2273.846362	-15952	20484
2273.896367	-15952	20484
2273.946372	-15952	20484
2273.996377	-15952	20484
2274.046382	-15952	20484
2274.096387	-15952	20484
2274.146392	-15952	20484
2274.196397	-15952	20484
2274.246402	-15952	20484
2274.296407	-15952	20484
2274.346412	-15952	20484
2274.396417	-15952	20484
2274.446422	-15952	20484
2274.496427	-15952	20484
2274.546432	-15952	20484
2274.596437	-15952	20484
2274.646442	-15952	20484
2274.696447	-15952	20484
2274.746452	-15952	20484
2274.796457	-15952	20484
2274.846462	-15952	20484
2274.896467	-15952	20484
2274.946472	-15952	20484
2274.996477	-15952	20484
2275.046482	-15952	20484
2275.096487	-15952	20484
2275.146492	-15952	20484
2275.196497	-15952	20484
2275.246502	-15952	20484
2275.296507	-15952	20484
2275.346512	-15952	20484
2275.396517	-15952	20484
2275.446522	-15952	20484
2275.496527	-15952	20484
2275.546532	-15952	20484
2275.596537	-15952	20484
2275.646542	-15952	20484
2275.696547	-15952	20484
2275.746552	-15952	20484
2275.796557	-15952	20484
2275.846562	-15952	20484
2275.896567	-15952	20484
2275.946572	-15952	20484
2275.996577	-15952	20484
2276.046582	-15952	20484
2276.096587	-15964	20484
2276.146592	-15964	20484
2276.196597	-15964	20484
2276.246602	-15964	20484
2276.296607	-15980	20492
2276.346612	-15988	20604
2276.396617	-15988	20616
2276.446622	-15992	20712
2276.496627	-16012	20804
2276.546632	-16016	20804
2276.596637	-16028	20820
2276.646642	-16044	20840
2276.696647	-16044	20844
2276.746652	-16048	20892
2276.796657	-16052	20952
2276.846662	-16052	20976
2276.896667	-16056	21048
2276.946672	-16068	21116
2276.996677	-16076	21216
2277.046682	-16080	21284
2277.096687	-16088	21344
2277.146692	-16116	21424
2277.196697	-16136	21424
2277.246702	-16144	21424
2277.296707	-16144	21424
2277.346712	-16144	21424
2277.396717	-16152	21424
2277.446722	-16156	21424
2277.496727	-16156	21424
2277.546732	-16156	21424
2277.596737	-16156	21424
2277.646742	-16156	21424
2277.696747	-16156	21424
2277.746752	-16156	21424
2277.796757	-16156	21424
2277.846762	-16156	21424
2277.896767	-16156	21424
2277.946772	-16156	21424
2277.996777	-16156	21424
2278.046782	-16156	21424
2278.096787	-16156	21424
2278.146792	-16156	21424
2278.196797	-16156	21424
2278.246802	-16156	21424
2278.296807	-16156	21424
2278.346812	-16156	21424
2278.396817	-16156	21424
2278.446822	-16156	21424
2278.496827	-16156	21424
2278.546832	-16156	21424
2278.596837	-16156	21424
2278.646842	-16156	21424
2278.696847	-16156	21424
2278.746852	-16156	21424
2278.796857	-16156	21424
2278.846862	-16156	21424
2278.896867	-16156	21424
2278.946872	-16156	21424
2278.996877	-16156	21424
2279.046882	-16156	21424
2279.096887	-16156	21424
2279.146892	-16156	21424
2279.196897	-16156	21424
2279.246902	-16156	21424
2279.296907	-16156	21424
2279.346912	-16156	21424
2279.396917	-16156	21424
2279.446922	-16156	21424
2279.496927	-16156	21424
2279.546932	-16156	21424
2279.596937	-16156	21424
2279.646942	-16156	21424
2279.696947	-16156	21424
2279.746952	-16156	21424
2279.796957	-16156	21424
2279.846962	-16156	21424
2279.896967	-16156	21424
2279.946972	-16156	21424
2279.996977	-16156	21424
2280.046982	-16156	21424
2280.096987	-16156	21424
2280.146992	-16156	21424
2280.196997	-16156	21424
2280.247002	-16156	21424
2280.297007	-16156	21424
2280.347012	-16156	21424
2280.397017	-16156	21424
2280.447022	-16156	21424
2280.497027	-16156	21424
2280.547032	-16156	21424
2280.597037	-16156	21424
2280.647042	-16156	21424
2280.697047	-16156	21424
2280.747052	-16156	21424
2280.797057	-16156	21424
2280.847062	-16156	21424
2280.897067	-16156	21424
2280.947072	-16156	21424
2280.997077	-16156	21424
2281.047082	-16156	21424
2281.097087	-16156	21424
2281.147092	-16156	21424
2281.197097	-16156	21424
2281.247102	-16156	21424
2281.297107	-16156	21424
2281.347112	-16156	21424
2281.397117	-16156	21424
2281.447122	-16156	21424
2281.497127	-16156	21424
2281.547132	-16156	21424
2281.597137	-16156	21424
2281.647142	-16156	21424
2281.697147	-16156	21424
2281.747152	-16156	21424
2281.797157	-16156	21424
2281.846162	-16156	21424
2281.896167	-16156	21424
2281.946172	-16156	21424
2281.996177	-16156	21424
2282.046182	-16156	21424
2282.096187	-16156	21424
2282.146192	-16156	21424
2282.197197	-16156	21424
2282.246202	-16156	21424
2282.296207	-16156	21424
2282.346212	-16156	21424
2282.396217	-16156	21424
2282.446222	-16156	21424
2282.496227	-16156	21424
2282.546232	-16156	21424
2282.596237	-16156	21424
2282.646242	-16156	21424
2282.697247	-16156	21424
2282.746252	-16156	21424
2282.796257	-16156	21424
2282.846262	-16156	21424
2282.896267	-16156	21424
2282.946272	-16156	21424
2282.996277	-16156	21424
2283.046282	-16156	21424
2283.096287	-16156	21424
2283.146292	-16156	21424
2283.196297	-16156	21424
2283.246302	-16156	21424
2283.296307	-16156	21424
2283.346312	-16156	21424
2283.396317	-16156	21424
2283.446322	-16156	21424
2283.496327	-16156	21424
2283.546332	-16156	21424
2283.596337	-16156	21424
2283.646342	-16156	21424
2283.696347	-16156	21424
2283.746352	-16156	21424
2283.796357	-16156	21424
2283.846362	-16156	21424
2283.896367	-16156	21424
2283.946372	-16156	21424
2283.996377	-16156	21424
2284.046382	-16156	21404
2284.096387	-16148	21308
2284.146392	-16148	21308
2284.196397	-16148	21304
2284.246402	-16148	21268
2284.296407	-16144	21232
2284.346412	-16144	21232
2284.396417	-16144	21204
2284.446422	-16144	21204
2284.496427	-16144	21204
2284.546432	-16144	21204
2284.596437	-16144	21204
2284.646442	-16144	21204
2284.696447	-16144	21204
2284.746452	-16140	21180
2284.796457	-16140	21180
2284.846462	-16140	21180
2284.896467	-16140	21180
2284.946472	-16140	21180
2284.996477	-16140	21180
2285.046482	-16140	21180
2285.096487	-16140	21172
2285.146492	-16140	21172
2285.196497	-16140	21172
2285.246502	-16140	21156
2285.296507	-16140	21152
2285.346512	-16140	21152
2285.396517	-16140	21152
2285.446522	-16140	21152
2285.496527	-16140	21152
2285.546532	-16140	21152
2285.596537	-16140	21152
2285.646542	-16140	21152
2285.696547	-16140	21152
2285.746552	-16140	21136
2285.796557	-16132	21052
2285.846562	-16132	21032
2285.896567	-16132	21032
2285.946572	-16128	20972
2285.996577	-16128	20972
2286.046582	-16128	20972
2286.096587	-16128	20968
2286.146592	-16128	20968
2286.196597	-16128	20968
2286.246602	-16128	20952
2286.296607	-16128	20936
2286.346612	-16124	20908
2286.396617	-16120	20836
2286.446622	-16120	20836
2286.496627	-16116	20772
2286.546632	-16116	20760
2286.596637	-16116	20732
2286.646642	-16112	20688
2286.696647	-16112	20656
2286.746652	-16112	20656
2286.796657	-16108	20628
2286.846662	-16108	20628
2286.896667	-16108	20624
2286.946672	-16108	20616
2286.996677	-16108	20604
2287.046682	-16108	20604
2287.096687	-16108	20604
2287.146692	-16108	20600
2287.196697	-16108	20592
2287.246702	-16108	20584
2287.296707	-16108	20584
2287.346712	-16108	20584
2287.396717	-16108	20584
2287.446722	-16108	20584
2287.496727	-16108	20584
2287.546732	-16104	20564
2287.596737	-16104	20564
2287.646742	-16104	20564
2287.696747	-16104	20564
2287.746752	-16104	20564
2287.796757	-16104	20564
2287.846762	-16104	20564
2287.896767	-16104	20564
2287.946772	-16104	20564
2287.996777	-16104	20564
2288.046782	-16104	20564
2288.096787	-16104	20564
2288.146792	-16104	20564
2288.196797	-16104	20564
2288.246802	-16104	20564
2288.296807	-16104	20556
2288.346812	-16104	20556
2288.396817	-16104	20556
2288.446822	-16104	20552
2288.496827	-16104	20552
2288.546832	-16104	20532
2288.596837	-16104	20532
2288.646842	-16104	20532
2288.696847	-16104	20532
2288.746852	-16104	20532
2288.796857	-16104	20532
2288.846862	-16104	20532
2288.896867	-16104	20532
2288.946872	-16104	20524
2288.996877	-16104	20524
2289.046882	-16104	20524
2289.096887	-16100	20500
2289.146892	-16100	20500
2289.196897	-16100	20500
2289.246902	-16100	20500
2289.296907	-16100	20492
2289.346912	-16100	20492
2289.396917	-16100	20492
2289.446922	-16100	20492
2289.496927	-16100	20488
2289.546932	-16100	20468
2289.596937	-16100	20452
2289.646942	-16100	20452
2289.696947	-16100	20452
2289.746952	-16096	20432
2289.796957	-16096	20432
2289.846962	-16096	20432
2289.896967	-16096	20432
2289.946972	-16096	20432
2289.996977	-16096	20432
2290.046982	-16096	20432
2290.096987	-16096	20432
2290.146992	-16096	20432
2290.196997	-16096	20432
2290.247002	-16096	20428
2290.297007	-16096	20428
2290.347012	-16096	20428
2290.397017	-16096	20428
2290.447022	-16096	20428
2290.497027	-16096	20428
2290.547032	-16116	20432
2290.597037	-16116	20432
2290.647042	-16116	20432
2290.697047	-16116	20432
2290.747052	-16116	20432
2290.797057	-16116	20432
2290.847062	-16116	20432
2290.897067	-16116	20432
2290.947072	-16116	20432
2290.997077	-16116	20432
2291.047082	-16116	20432
2291.097087	-16112	20424
2291.147092	-16112	20424
2291.197097	-16112	20424
2291.247102	-16112	20420
2291.297107	-16112	20420
2291.347112	-16112	20420
2291.397117	-16112	20420
2291.447122	-16112	20420
2291.497127	-16112	20420
2291.547132	-16112	20420
2291.597137	-16112	20420
2291.647142	-16112	20420
2291.697147	-16112	20420
2291.747152	-16112	20420
2291.797157	-16112	20420
2291.847162	-16112	20420
2291.897167	-16112	20420
2291.947172	-16112	20420
2291.997177	-16112	20420
2292.047182	-16112	20408
2292.097187	-16112	20408
2292.147192	-16112	20408
2292.197197	-16112	20408
2292.247202	-16112	20408
2292.297207	-16112	20408
2292.347212	-16112	20408
2292.397217	-16112	20408
2292.447222	-16120	20408
2292.497227	-16120	20408
2292.547232	-16120	20408
2292.597237	-16120	20408
2292.647242	-16120	20408
2292.697247	-16120	20408
2292.747252	-16120	20408
2292.797257	-16120	20408
2292.847262	-16120	20408
2292.897267	-16120	20408
2292.947272	-16120	20408
2292.997277	-16120	20408
2293.047282	-16120	20408
2293.097287	-16120	20408
2293.147292	-16120	20408
2293.197297	-16120	20408
2293.247302	-16120	20408
2293.297307	-16120	20408
2293.347312	-16120	20408
2293.397317	-16120	20408
2293.447322	-16120	20408
2293.497327	-16120	20408
2293.547332	-16120	20408
2293.597337	-16120	20408
2293.647342	-16120	20408
2293.697347	-16120	20408
2293.747352	-16120	20408
2293.797357	-16120	20408
2293.847362	-16120	20408
2293.897367	-16120	20408
2293.947372	-16120	20408
2293.997377	-16120	20408
2294.047382	-16120	20408
2294.097387	-16120	20408
2294.147392	-16120	20408
2294.197397	-16120	20408
2294.247402	-16120	20408
2294.297407	-16128	20408
2294.347412	-16128	20408
2294.397417	-16128	20408
2294.447422	-16132	20412
2294.497427	-16132	20412
2294.547432	-16132	20412
2294.597437	-16132	20412
2294.647442	-16132	20412
2294.697447	-16132	20412
2294.747452	-16132	20412
2294.797457	-16132	20412
2294.847462	-16132	20412
2294.897467	-16140	20412
2294.947472	-16140	20412
2294.997477	-16140	20412
2295.047482	-16140	20412
2295.097487	-16140	20412
2295.147492	-16140	20412
2295.197497	-16140	20412
2295.247502	-16140	20412
2295.297507	-16140	20412
2295.347512	-16140	20412
2295.397517	-16140	20412
2295.447522	-16140	20412
2295.497527	-16140	20412
2295.547532	-16140	20412
2295.597537	-16140	20412
2295.647542	-16140	20412
2295.697547	-16140	20412
2295.747552	-16140	20412
2295.797557	-16140	20412
2295.847562	-16140	20412
2295.897567	-16140	20412
2295.947572	-16140	20412
2295.997577	-16140	20412
2296.047582	-16140	20412
2296.097587	-16140	20412
2296.147592	-16140	20412
2296.197597	-16140	20412
2296.247602	-16140	20412
2296.297607	-16140	20412
2296.347612	-16140	20412
2296.397617	-16140	20412
2296.447622	-16140	20412
2296.497627	-16140	20412
2296.547632	-16140	20412
2296.597637	-16140	20412
2296.647642	-16140	20412
2296.697647	-16140	20412
2296.747652	-16140	20412
2296.797657	-16140	20412
2296.847662	-16140	20404
2296.897667	-16140	20404
2296.947672	-16136	20340
2296.997677	-16136	20340
2297.047682	-16136	20324
2297.097687	-16132	20256
2297.147692	-16132	20256
2297.197697	-16132	20244
2297.247702	-16128	20192
2297.297707	-16124	20152
2297.347712	-16124	20120
2297.397717	-16124	20112
2297.447722	-16124	20108
2297.497727	-16120	20088
2297.547732	-16120	20056
2297.597737	-16120	20032
2297.647742	-16116	20012
2297.697747	-16116	19984
2297.747752	-16112	19948
2297.797757	-16108	19888
2297.847762	-16108	19840
2297.897767	-16104	19780
2297.947772	-16104	19764
2297.997777	-16104	19764
2298.047782	-16104	19764
2298.097787	-16104	19764
2298.147792	-16104	19764
2298.197797	-16104	19764
2298.247802	-16104	19764
2298.297807	-16104	19764
2298.347812	-16104	19764
2298.397817	-16104	19764
2298.447822	-16104	19764
2298.497827	-16104	19764
2298.547832	-16104	19764
2298.597837	-16104	19764
2298.647842	-16104	19764
2298.697847	-16104	19764
2298.747852	-16104	19764
2298.797857	-16104	19764
2298.847862	-16104	19764
2298.897867	-16104	19764
2298.947872	-16104	19764
2298.997877	-16104	19764
2299.047882	-16104	19764
2299.097887	-16104	19764
2299.147892	-16104	19764
2299.197897	-16104	19764
2299.247902	-16104	19764
2299.296907	-16104	19764
2299.346912	-16104	19764
2299.396917	-16104	19764
2299.446922	-16104	19764
2299.497927	-16104	19764
2299.546932	-16104	19764
2299.596937	-16104	19764
2299.646942	-16104	19764
2299.696947	-16104	19764
2299.746952	-16104	19764
2299.797957	-16104	19764
2299.846961	-16104	19764
2299.896967	-16104	19764
2299.946972	-16104	19764
2299.997977	-16104	19764
2300.046982	-16104	19764
2300.096987	-16104	19764
2300.146992	-16104	19764
2300.196997	-16104	19764
2300.247002	-16104	19764
2300.298007	-16104	19764
2300.347012	-16100	19736
2300.398017	-16100	19736
2300.447021	-16100	19736
2300.498027	-16100	19736
2300.547032	-16100	19724
2300.597037	-16100	19724
2300.647042	-16100	19724
2300.698047	-16100	19712
2300.747052	-16100	19696
2300.798057	-16100	19692
2300.847062	-16096	19680
2300.897067	-16096	19656
2300.947072	-16096	19648
2300.997077	-16096	19632
2301.047082	-16096	19632
2301.097087	-16096	19632
2301.147092	-16096	19632
2301.197097	-16096	19632
2301.247102	-16092	19608
2301.297107	-16092	19596
2301.347112	-16092	19560
2301.397117	-16092	19560
2301.447122	-16092	19560
2301.497127	-16092	19560
2301.547132	-16092	19560
2301.597136	-16088	19532
2301.647142	-16088	19532
2301.697147	-16088	19520
2301.747152	-16088	19520
2301.797157	-16088	19520
2301.847162	-16088	19520
2301.898167	-16088	19520
2301.947172	-16088	19520
2301.998177	-16088	19520
2302.047182	-16088	19520
2302.097187	-16092	19556
2302.147192	-16092	19580
2302.197196	-16096	19632
2302.247202	-16096	19632
2302.298207	-16096	19632
2302.347212	-16096	19632
2302.397217	-16096	19632
2302.447222	-16096	19632
2302.497227	-16092	19580
2302.547232	-16088	19512
2302.597237	-16088	19512
2302.647242	-16084	19464
2302.698247	-16084	19464
2302.747252	-16084	19464
2302.797257	-16084	19464
2302.847262	-16084	19464
2302.897267	-16084	19464
2302.947272	-16084	19464
2302.998277	-16084	19464
2303.047282	-16072	19464
2303.097287	-16072	19464
2303.147292	-16056	19460
2303.197297	-16032	19460
2303.247302	-15912	19452
2303.298307	-15912	19452
2303.347311	-15868	19452
2303.397317	-15840	19448
2303.447322	-15812	19448
2303.498327	-15688	19440
2303.547332	-15212	19412
2303.598337	-14516	19372
2303.647342	-13952	19336
2303.698347	-13852	19332
2303.747352	-13852	19332
2303.797357	-13852	19332
2303.847362	-13852	19332
2303.897367	-13852	19332
2303.947371	-13852	19332
2303.998377	-13852	19332
2304.047382	-13852	19332
2304.097387	-13852	19332
2304.147392	-13852	19332
2304.198397	-13852	19332
2304.247402	-13852	19332
2304.297407	-13852	19332
2304.347412	-13852	19332
2304.397417	-13852	19332
2304.447422	-13852	19332
2304.498427	-13852	19332
2304.547432	-13852	19332
2304.597437	-13852	19332
2304.647442	-13852	19332
2304.697447	-13852	19332
2304.747452	-13852	19332
2304.797457	-13832	19332
2304.847462	-13832	19332
2304.897467	-13832	19332
2304.947472	-13832	19332
2304.997477	-13832	19332
2305.047482	-13832	19332
2305.097486	-13832	19332
2305.147492	-13832	19332
2305.198497	-13832	19332
2305.247502	-13832	19332
2305.298507	-13832	19332
2305.347512	-13832	19332
2305.397517	-13832	19332
2305.447522	-13832	19332
2305.497527	-13832	19332
2305.547532	-13832	19332
2305.597537	-13832	19332
2305.647542	-13832	19332
2305.697547	-13832	19332
2305.747552	-13832	19332
2305.797557	-13832	19332
2305.847562	-13832	19332
2305.897567	-13832	19332
2305.947572	-13832	19332
2305.997577	-13832	19332
2306.047582	-13832	19332
2306.097587	-13832	19332
2306.147592	-13832	19332
2306.198597	-13832	19332
2306.247602	-13832	19332
2306.297607	-13832	19332
2306.347612	-13832	19332
2306.397617	-13832	19332
2306.447622	-13832	19332
2306.498627	-13832	19332
2306.547632	-13832	19332
2306.597637	-13832	19332
2306.647642	-13832	19332
2306.698647	-13832	19332
2306.747652	-13832	19332
2306.797657	-13832	19332
2306.847661	-13832	19332
2306.898667	-13832	19332
2306.947672	-13832	19332
2306.998677	-13832	19332
2307.047682	-13832	19348
2307.097687	-13840	19436
2307.147692	-13840	19460
2307.197697	-13844	19544
2307.247702	-13844	19560
2307.297707	-13848	19624
2307.347712	-13852	19652
2307.397717	-13856	19708
2307.447722	-13856	19708
2307.497727	-13856	19712
2307.547732	-13856	19712
2307.597737	-13856	19712
2307.647742	-13856	19712
2307.697747	-13856	19712
2307.747752	-13856	19712
2307.797757	-13856	19712
2307.847762	-13856	19712
2307.897767	-13856	19712
2307.947772	-13856	19712
2307.997777	-13856	19712
2308.047782	-13856	19712
2308.097787	-13856	19712
2308.147792	-13856	19712
2308.197797	-13856	19712
2308.247802	-13856	19712
2308.297807	-13856	19712
2308.347812	-13856	19712
2308.397817	-13856	19712
2308.447822	-13856	19728
2308.497827	-13860	19792
2308.547832	-13868	19956
2308.597836	-13872	20024
2308.647842	-13884	20216
2308.697847	-13888	20284
2308.747852	-13892	20336
2308.797857	-13896	20440
2308.847862	-13904	20516
2308.897867	-13904	20536
2308.947872	-13904	20564
2308.997877	-13904	20564
2309.047882	-13904	20564
2309.097887	-13904	20564
2309.147892	-13904	20564
2309.197897	-13904	20564
2309.247902	-13904	20564
2309.297907	-13904	20564
2309.347912	-13904	20564
2309.397917	-13904	20564
2309.447922	-13904	20564
2309.497927	-13904	20564
2309.547932	-13904	20564
2309.597937	-13904	20564
2309.647942	-13904	20564
2309.697947	-13904	20564
2309.747952	-13904	20564
2309.797957	-13904	20564
2309.847962	-13904	20564
2309.897967	-13904	20564
2309.947972	-13904	20564
2309.997977	-13904	20564
2310.047982	-13904	20564
2310.097987	-13904	20564
2310.147992	-13904	20564
2310.197997	-13904	20564
2310.248002	-13904	20540
2310.298007	-13904	20536
2310.348011	-13900	20464
2310.398017	-13900	20456
2310.448022	-13896	20428
2310.498027	-13896	20420
2310.548032	-13896	20416
2310.598037	-13896	20416
2310.648042	-13896	20388
2310.698047	-13892	20364
2310.748052	-13892	20364
2310.798057	-13892	20364
2310.848062	-13892	20356
2310.898067	-13892	20356
2310.948072	-13892	20356
2310.998077	-13892	20344
2311.048082	-13892	20336
2311.098087	-13892	20324
2311.148092	-13888	20284
2311.198097	-13888	20284
2311.248102	-13888	20284
2311.298107	-13888	20284
2311.348112	-13888	20260
2311.398117	-13888	20260
2311.448122	-13888	20260
2311.498127	-13888	20252
2311.548132	-13888	20252
2311.598137	-13888	20248
2311.648142	-13884	20232
2311.698147	-13884	20232
2311.748152	-13884	20232
2311.798157	-13884	20232
2311.848162	-13884	20232
2311.898167	-13884	20232
2311.948172	-13884	20232
2311.998177	-13884	20228
2312.048182	-13884	20220
2312.098186	-13884	20212
2312.148192	-13884	20212
2312.198197	-13884	20212
2312.248202	-13884	20212
2312.298207	-13884	20212
2312.348212	-13884	20212
2312.398217	-13884	20212
2312.448222	-13884	20212
2312.498227	-13884	20212
2312.548232	-13884	20212
2312.598237	-13884	20212
2312.648242	-13884	20212
2312.698247	-13884	20212
2312.748252	-13884	20212
2312.798257	-13884	20212
2312.848262	-13884	20212
2312.898267	-13884	20212
2312.948272	-13884	20212
2312.998277	-13884	20212
2313.048282	-13884	20212
2313.098287	-13884	20212
2313.148292	-13884	20212
2313.198297	-13884	20212
2313.248302	-13884	20212
2313.298307	-13884	20212
2313.348312	-13884	20212
2313.398317	-13884	20212
2313.448322	-13884	20212
2313.498327	-13884	20212
2313.548332	-13884	20212
2313.598337	-13884	20212
2313.648342	-13884	20212
2313.698347	-13884	20212
2313.748352	-13884	20212
2313.798357	-13884	20212
2313.848361	-13884	20212
2313.898367	-13884	20212
2313.948372	-13884	20212
2313.998377	-13884	20212
2314.048382	-13884	20212
2314.098387	-13884	20212
2314.148392	-13884	20212
2314.198397	-13884	20212
2314.248402	-13884	20212
2314.298407	-13884	20212
2314.348412	-13884	20212
2314.398417	-13884	20212
2314.448422	-13884	20228
2314.498427	-13892	20332
2314.548432	-13900	20452
2314.598437	-13904	20540
2314.648442	-13908	20600
2314.698447	-13916	20772
2314.748452	-13924	20908
2314.798457	-13936	21096
2314.848462	-13944	21252
2314.898467	-13956	21420
2314.948472	-13968	21608
2314.998477	-13972	21708
2315.048482	-13976	21768
2315.098487	-13976	21768
2315.148492	-13976	21768
2315.198497	-13976	21768
2315.248502	-13976	21768
2315.298507	-13976	21768
2315.348512	-13976	21768
2315.398517	-13976	21768
2315.448522	-13976	21768
2315.498527	-13976	21768
2315.548532	-14084	21896
2315.598536	-14348	22052
2315.648542	-14632	22332
2315.698547	-14964	22508
2315.748552	-15216	22704
2315.798557	-15412	22824
2315.848562	-15476	22872
2315.898567	-15520	22912
2315.948572	-15520	22912
2315.998577	-15520	22912
2316.048582	-15520	22912
2316.098587	-15520	22912
2316.148592	-15520	22912
2316.199597	-15520	22912
2316.248602	-15520	22912
2316.298607	-15520	22912
2316.348612	-15520	22900
2316.398617	-15516	22836
2316.448622	-15512	22804
2316.498627	-15508	22752
2316.548632	-15508	22744
2316.598637	-15508	22720
2316.648642	-15508	22720
2316.698647	-15508	22708
2316.747652	-15508	22692
2316.798657	-15504	22680
2316.847661	-15500	22620
2316.897666	-15500	22612
2316.947671	-15500	22576
2316.998677	-15500	22576
2317.047682	-15500	22572
2317.097687	-15500	22568
2317.147692	-15496	22516
2317.197697	-15496	22516
2317.247702	-15496	22516
2317.298707	-15496	22516
2317.347712	-15496	22508
2317.397717	-15496	22508
2317.447721	-15496	22508
2317.497726	-15496	22504
2317.547731	-15492	22476
2317.597737	-15492	22476
2317.647742	-15492	22476
2317.697747	-15492	22476
2317.747752	-15492	22476
2317.797757	-15492	22476
2317.847762	-15492	22476
2317.897767	-15492	22476
2317.947772	-15492	22476
2317.997777	-15492	22476
2318.047781	-15492	22476
2318.097786	-15492	22476
2318.147791	-15492	22476
2318.197797	-15492	22476
2318.247802	-15492	22452
2318.297807	-15492	22452
2318.347812	-15492	22452
2318.397817	-15492	22452
2318.447822	-15492	22452
2318.497827	-15492	22452
2318.547832	-15492	22452
2318.597836	-15492	22452
2318.647841	-15492	22452
2318.698847	-15492	22452
2318.747852	-15492	22452
2318.797857	-15492	22428
2318.847862	-15492	22428
2318.897867	-15488	22396
2318.947872	-15484	22300
2318.998877	-15484	22288
2319.047882	-15484	22284
2319.097887	-15484	22284
2319.147892	-15480	22252
2319.198897	-15480	22252
2319.247901	-15480	22252
2319.298907	-15488	22252
2319.347912	-15488	22252
2319.397917	-15496	22252
2319.447922	-15496	22252
2319.498927	-15496	22252
2319.547932	-15496	22252
2319.597937	-15496	22252
2319.647942	-15512	22256
2319.697947	-15512	22256
2319.747952	-15512	22256
2319.797956	-15512	22256
2319.847961	-15512	22256
2319.897966	-15512	22256
2319.947972	-15512	22256
2319.998977	-15512	22256
2320.047982	-15520	22256
2320.097987	-15520	22256
2320.147992	-15520	22256
2320.198997	-15536	22256
2320.248002	-15536	22256
2320.299007	-15536	22256
2320.348011	-15536	22256
2320.398016	-15536	22256
2320.448021	-15536	22256
2320.499027	-15536	22256
2320.548032	-15536	22256
2320.598037	-15536	22256
2320.648042	-15536	22256
2320.698047	-15536	22256
2320.748052	-15536	22256
2320.799057	-15536	22256
2320.848062	-15536	22256
2320.898067	-15536	22256
2320.948071	-15536	22256
2320.998076	-15536	22256
2321.048081	-15536	22256
2321.098087	-15536	22256
2321.148092	-15536	22256
2321.199097	-15536	22256
2321.248102	-15536	22256
2321.298107	-15536	22256
2321.348112	-15536	22256
2321.398117	-15536	22256
2321.448122	-15536	22256
2321.498127	-15536	22256
2321.548131	-15536	22256
2321.598136	-15536	22256
2321.648141	-15536	22256
2321.699147	-15536	22256
2321.748152	-15536	22256
2321.799157	-15536	22256
2321.848162	-15536	22256
2321.898167	-15536	22256
2321.948172	-15536	22256
2321.998177	-15536	22256
2322.048182	-15536	22256
2322.098186	-15536	22256
2322.148191	-15536	22256
2322.199197	-15536	22256
2322.248202	-15536	22256
2322.298207	-15536	22256
2322.348212	-15536	22256
2322.399217	-15536	22256
2322.448222	-15536	22256
2322.499227	-15536	22256
2322.548232	-15536	22256
2322.598237	-15536	22256
2322.648242	-15536	22256
2322.699247	-15536	22256
2322.748251	-15536	22256
2322.799257	-15536	22256
2322.848262	-15536	22256
2322.898267	-15536	22256
2322.948272	-15536	22256
2322.998277	-15536	22256
2323.048282	-15536	22256
2323.098287	-15536	22256
2323.148292	-15536	22256
2323.199297	-15536	22256
2323.248302	-15536	22256
2323.299307	-15536	22256
2323.348311	-15536	22256
2323.399317	-15536	22256
2323.448322	-15536	22256
2323.499327	-15536	22256
2323.548332	-15536	22256
2323.598337	-15536	22256
2323.648342	-15536	22256
2323.699347	-15536	22256
2323.748352	-15536	22256
2323.799357	-15536	22256
2323.848361	-15536	22256
2323.898366	-15536	22256
2323.948371	-15536	22256
2323.999377	-15536	22256
2324.048382	-15536	22256
2324.098387	-15536	22256
2324.148392	-15536	22256
2324.198397	-15536	22256
2324.248402	-15536	22256
2324.299407	-15536	22256
2324.348412	-15536	22256
2324.398417	-15536	22248
2324.448421	-15536	22248
2324.498426	-15536	22248
2324.548431	-15536	22248
2324.598437	-15536	22248
2324.648442	-15536	22248
2324.699447	-15536	22248
2324.748452	-15536	22248
2324.798457	-15536	22248
2324.848462	-15536	22248
2324.898467	-15536	22248
2324.948472	-15536	22248
2324.998477	-15536	22248
2325.048481	-15536	22248
2325.098486	-15536	22248
2325.148492	-15536	22248
2325.198497	-15536	22248
2325.248502	-15536	22248
2325.299507	-15536	22248
2325.348512	-15536	22248
2325.398517	-15536	22248
2325.448522	-15536	22248
2325.498527	-15536	22248
2325.548532	-15536	22248
2325.598536	-15536	22248
2325.648541	-15536	22248
2325.699547	-15536	22248
2325.748552	-15536	22248
2325.798557	-15536	22248
2325.848562	-15536	22248
2325.898567	-15536	22248
2325.948572	-15536	22248
2325.998577	-15536	22248
2326.048582	-15536	22248
2326.098587	-15536	22248
2326.148592	-15536	22248
2326.198596	-15536	22248
2326.248601	-15536	22248
2326.299607	-15536	22248
2326.348612	-15536	22248
2326.398617	-15536	22248
2326.448622	-15536	22248
2326.498627	-15536	22248
2326.548632	-15536	22248
2326.598637	-15536	22248
2326.648642	-15536	22248
2326.698647	-15536	22248
2326.748652	-15536	22248
2326.798656	-15536	22248
2326.848661	-15536	22248
2326.898667	-15536	22248
2326.948672	-15536	22248
2326.998677	-15536	22248
2327.048682	-15536	22248
2327.098687	-15536	22248
2327.148692	-15536	22248
2327.198697	-15536	22248
2327.248702	-15536	22248
2327.298707	-15536	22248
2327.348711	-15536	22248
2327.398716	-15536	22248
2327.448721	-15536	22248
2327.498727	-15536	22248
2327.548732	-15536	22248
2327.598737	-15536	22248
2327.648742	-15536	22248
2327.698747	-15536	22248
2327.748752	-15536	22248
2327.798757	-15536	22248
2327.848762	-15536	22248
2327.898767	-15536	22248
2327.948771	-15536	22248
2327.998776	-15536	22248
2328.048781	-15536	22248
2328.098787	-15536	22248
2328.148792	-15536	22248
2328.199797	-15536	22248
2328.248802	-15536	22248
2328.299807	-15536	22248
2328.348812	-15536	22248
2328.398817	-15536	22248
2328.448822	-15536	22248
2328.498827	-15536	22248
2328.548831	-15536	22248
2328.598836	-15536	22248
2328.648842	-15536	22248
2328.698847	-15536	22248
2328.748852	-15536	22248
2328.799857	-15536	22248
2328.848862	-15536	22248
2328.898867	-15536	22248
2328.948872	-15536	22248
2328.998877	-15536	22248
2329.048882	-15536	22248
2329.098886	-15536	22248
2329.148891	-15536	22248
2329.199897	-15536	22248
2329.248902	-15536	22248
2329.298907	-15536	22248
2329.348912	-15536	22248
2329.398917	-15536	22248
2329.448922	-15536	22248
2329.498927	-15536	22248
2329.548932	-15536	22248
2329.598937	-15536	22248
2329.648942	-15536	22248
2329.698946	-15536	22248
2329.748951	-15536	22248
2329.798956	-15536	22248
2329.848962	-15536	22248
2329.898967	-15536	22248
2329.948972	-15536	22248
2329.998977	-15536	22248
2330.048982	-15536	22248
2330.098987	-15536	22248
2330.148992	-15536	22248
2330.198997	-15536	22248
2330.249002	-15536	22248
2330.299006	-15536	22248
2330.349011	-15536	22244
2330.399017	-15536	22240
2330.449022	-15536	22240
2330.499027	-15536	22220
2330.549032	-15536	22220
2330.599037	-15536	22220
2330.649042	-15532	22176
2330.699047	-15532	22168
2330.749052	-15532	22168
2330.799057	-15532	22168
2330.849061	-15532	22168
2330.899066	-15532	22168
2330.949071	-15532	22168
2330.999077	-15532	22168
2331.049082	-15532	22136
2331.099087	-15524	22012
2331.149092	-15512	21832
2331.199097	-15500	21620
2331.249102	-15496	21548
2331.299107	-15492	21468
2331.349112	-15484	21356
2331.399117	-15484	21324
2331.449121	-15480	21296
2331.499126	-15480	21252
2331.549131	-15476	21228
2331.599137	-15476	21200
2331.649142	-15472	21152
2331.699147	-15468	21104
2331.749152	-15468	21060
2331.799157	-15468	21048
2331.849162	-15464	21008
2331.899167	-15464	21008
2331.949172	-15464	20976
2331.999177	-15460	20968
2332.049181	-15460	20952
2332.099186	-15460	20928
2332.149192	-15460	20920
2332.199197	-15456	20896
2332.249202	-15456	20884
2332.299207	-15456	20852
2332.349212	-15452	20824
2332.399217	-15448	20760
2332.449222	-15448	20736
2332.499227	-15448	20724
2332.549232	-15444	20684
2332.599236	-15444	20664
2332.649241	-15444	20644
2332.699246	-15440	20580
2332.749252	-15436	20544
2332.799257	-15428	20388
2332.849262	-15172	20028
2332.899267	-14716	19452
2332.949272	-14068	18832
2332.999277	-13712	18412
2333.049282	-13476	18184
2333.099287	-13440	18080
2333.149292	-13412	18020
2333.199296	-13352	17900
2333.249301	-13180	17748
2333.299306	-12808	17436
2333.349312	-12348	17004
2333.399317	-11928	16680
2333.449322	-11676	16452
2333.499327	-11536	16276
2333.549332	-11444	16132
2333.599337	-11444	15888
2333.649342	-11204	15572
2333.699347	-10916	15152
2333.749352	-10584	14736
2333.799356	-10496	14444
2333.849361	-10452	14220
2333.899367	-10452	13944
2333.949372	-10424	13364
2333.999377	-10272	12676
2334.049382	-9956	12044
2334.099387	-9560	11344
2334.149392	-8956	10032
2334.199397	-8196	8656
2334.248402	-7316	7224
2334.298407	-5984	5980
2334.348412	-4556	4668
2334.398417	-3636	3640
2334.448421	-2812	2800
2334.498426	-2268	2192
2334.548431	-1888	1816
2334.598436	-1684	1632
2334.648441	-1524	1620
2334.698447	-1400	1612
2334.748452	-788	1424
2334.798457	-272	1300
2334.848462	0	1300
2334.898467	0	1080
2334.948472	0	400
2334.998477	0	160
2335.048481	0	0
2335.098486	0	0
2335.148491	0	0
2335.198496	0	0
2335.248501	0	0
2335.298507	0	0
2335.348512	0	0
2335.398517	0	0
2335.448522	0	0
2335.498527	0	0
2335.548532	0	0
2335.598536	0	0
2335.648541	0	0
2335.698546	0	0
2335.748551	0	0
2335.798556	0	0
2335.848561	0	0
2335.898567	0	0
2335.948572	0	0
2335.998577	0	0
2336.048582	0	0
2336.098587	0	0
2336.148592	0	0
2336.198596	0	0
2336.248601	0	0
2336.298606	0	0
2336.348611	0	0
2336.398616	0	0
2336.448622	0	0
2336.498627	0	0
2336.548632	0	0
2336.598637	0	0
2336.648642	0	0
2336.698647	0	0
2336.748652	0	0
2336.798656	0	0
2336.848661	0	0
2336.898666	0	0
2336.948671	0	0
2336.998676	0	0
2337.048682	0	0
2337.098687	0	0
2337.148692	0	0
2337.198697	0	0
2337.248702	0	0
2337.298707	0	0
2337.348711	0	0
2337.398716	0	0
2337.448721	0	0
2337.498726	0	0
2337.548731	0	0
2337.598736	0	0
2337.648742	0	0
2337.698747	0	0
2337.748752	0	0
2337.798757	0	0
2337.848762	0	0
2337.898767	0	0
2337.948771	0	0
2337.998776	0	0
2338.048781	0	0
2338.098786	0	0
2338.148791	0	0
2338.198797	0	0
2338.248802	0	0
2338.298807	0	0
2338.348812	0	0
2338.398817	0	0
2338.448822	0	0
2338.498827	0	0
2338.548831	0	0
2338.598836	0	0
2338.648841	0	0
2338.698846	0	0
2338.748851	0	0
2338.798857	0	0
2338.848862	0	0
2338.898867	0	0
2338.948872	0	0
2338.998877	0	0
2339.048882	0	0
2339.098886	0	0
2339.148891	0	0
2339.198896	0	0
2339.248901	0	0
2339.298906	0	0
2339.348911	0	0
2339.398917	0	0
2339.448922	0	0
2339.498927	0	0
2339.548932	0	0
2339.598937	0	0
2339.648942	0	0
2339.698946	0	0
2339.748951	0	0
2339.798956	0	0
2339.848961	0	0
2339.898966	0	0
2339.948972	0	0
2339.998977	0	0
2340.048982	0	0
2340.098987	0	0
2340.148992	0	0
2340.198997	0	0
2340.249002	0	0
2340.299006	0	0
2340.349011	0	0
2340.399016	0	0
2340.449021	0	0
2340.499026	0	0
2340.549032	0	0
2340.599037	0	0
2340.649042	0	0
2340.699047	0	0
2340.749052	0	0
2340.799057	0	0
2340.849061	0	0
2340.899066	0	0
2340.949071	0	0
2340.999076	0	0
2341.049081	0	0
2341.099086	0	0
2341.149092	0	0
2341.199097	0	0
2341.249102	0	0
2341.299107	0	0
2341.349112	0	0
2341.399117	0	0
2341.449121	0	0
2341.499126	0	0
2341.549131	0	0
2341.599136	0	0
2341.649141	0	0
2341.699147	0	0
2341.749152	0	0
2341.799157	0	0
2341.849162	0	0
2341.899167	0	0
2341.949172	0	0
2341.999177	0	0
2342.049181	0	0
2342.099186	0	0
2342.149191	0	0
2342.199196	0	0
2342.249201	0	0
2342.299207	0	0
2342.349212	0	0
2342.399217	0	0
2342.449222	0	0
2342.499227	0	0
2342.549232	0	0
2342.599236	0	0
2342.649241	0	0
2342.699246	0	0
2342.749251	0	0
2342.799256	0	0
2342.849261	0	0
2342.899267	0	0
2342.949272	0	0
2342.999277	0	0
2343.049282	0	0
2343.099287	0	0
2343.149292	0	0
2343.199296	0	0
2343.249301	0	0
2343.299306	0	0
2343.349311	0	0
2343.399316	0	0
2343.449322	0	0
2343.499327	0	0
2343.549332	0	0
2343.599337	0	0
2343.649342	0	0
2343.700346	0	0
2343.749352	0	0
2343.799356	0	0
2343.849361	0	0
2343.899366	0	0
2343.949371	0	0
2343.999376	0	0
2344.049382	0	0
2344.099387	0	0
2344.149392	0	0
2344.199397	0	0
2344.249402	0	0
2344.299407	0	0
2344.349411	0	0
2344.399416	0	0
2344.449421	0	0
2344.499426	0	0
2344.549431	0	0
2344.599436	0	0
2344.649442	0	0
2344.699447	0	0
2344.749452	0	0
2344.799457	0	0
2344.849462	0	0
2344.899467	0	0
2344.949471	0	0
2344.999476	0	0
2345.049481	0	0
2345.099486	0	0
2345.149491	0	0
2345.199497	0	0
2345.249502	0	0
2345.299507	0	0
2345.349512	0	0
2345.399517	0	0
2345.449522	0	0
2345.499527	0	0
2345.549531	0	0
2345.599536	0	0
2345.649541	0	0
2345.699546	0	0
2345.749551	0	0
2345.799557	0	0
2345.849562	0	0
2345.899567	0	0
2345.949572	0	0
2345.999577	0	0
2346.049582	0	0
2346.099586	0	0
2346.149591	0	0
2346.199596	0	0
2346.249601	0	0
2346.299606	0	0
2346.349612	0	0
2346.399617	0	0
2346.449622	0	0
2346.499627	0	0
2346.549632	0	0
2346.599637	0	0
2346.649642	0	0
2346.699646	0	0
2346.749651	0	0
2346.799656	0	0
2346.849661	0	0
2346.899666	0	0
2346.949672	0	0
2346.999677	0	0
2347.049682	0	0
2347.099687	0	0
2347.149692	0	0
2347.199697	0	0
2347.249701	0	0
2347.299706	0	0
2347.349711	0	0
2347.399716	0	0
2347.449721	0	0
2347.499726	0	0
2347.549732	0	0
2347.599737	0	0
2347.649742	0	0
2347.699747	0	0
2347.749752	0	0
2347.799757	0	0
2347.849761	0	0
2347.899766	0	0
2347.949771	0	0
2347.999776	0	0
2348.049781	0	0
2348.099787	0	0
2348.149792	0	0
2348.199797	0	0
2348.249802	0	0
2348.299807	0	0
2348.349812	0	0
2348.399817	0	0
2348.449821	0	0
2348.499826	0	0
2348.549831	0	0
2348.599836	0	0
2348.649841	0	0
2348.699847	0	0
2348.749852	0	0
2348.799857	0	0
2348.849862	0	0
2348.899867	0	0
2348.949872	0	0
2348.999876	0	0
2349.049881	0	0
2349.099886	0	0
2349.149891	0	0
2349.199896	0	0
2349.249901	0	0
2349.299907	0	0
2349.349912	0	0
2349.399917	0	0
2349.449922	0	0
2349.499927	0	0
2349.549932	0	0
2349.599936	0	0
2349.649941	0	0
2349.699946	0	0
2349.749951	0	0
2349.799956	0	0
2349.849962	0	0
2349.899967	0	0
2349.949972	0	0
2349.999977	0	0
2350.049982	0	0
2350.099987	0	0
2350.149992	0	0
2350.199996	0	0
2350.250001	0	0
2350.300006	0	0
2350.350011	0	0
2350.400016	0	0
2350.450022	0	0
2350.500027	0	0
2350.550032	0	0
2350.600037	0	0
2350.650042	0	0
2350.700047	0	0
2350.750051	0	0
2350.800056	0	0
2350.850061	0	0
2350.900066	0	0
2350.950071	0	0
2351.000076	0	0
2351.050082	0	0
2351.100087	0	0
2351.150092	0	0
2351.200097	0	0
2351.250102	0	0
2351.300107	0	0
2351.350111	0	0
2351.400116	0	0
2351.450121	0	0
2351.500126	0	0
2351.550131	0	0
2351.600137	0	0
2351.650142	0	0
2351.700147	0	0
2351.749151	0	0
2351.799156	0	0
2351.849162	0	0
2351.899167	0	0
2351.949172	0	0
2351.999177	0	0
2352.049181	0	0
2352.099186	0	0
2352.149191	0	0
2352.199196	0	0
2352.249201	0	0
2352.299206	0	0
2352.349211	0	0
2352.399217	0	0
2352.449222	0	0
2352.500226	0	0
2352.549232	0	0
2352.599236	0	0
2352.649241	0	0
2352.699246	0	0
2352.749251	0	0
2352.799256	0	0
2352.849261	0	0
2352.899266	0	0
2352.949271	0	0
2352.999277	0	0
2353.049282	0	0
2353.099287	0	0
2353.149292	0	0
2353.199296	0	0
2353.249301	0	0
2353.299306	0	0
2353.349311	0	0
2353.399316	0	0
2353.449321	0	0
2353.500327	0	0
2353.549331	0	0
2353.599337	0	0
2353.649342	0	0
2353.699347	0	0
2353.749352	0	0
2353.799356	0	0
2353.849361	0	0
2353.899366	0	0
2353.949371	0	0
2353.999376	0	0
2354.049381	0	0
2354.099386	0	0
2354.149392	0	0
2354.199397	0	0
2354.249402	0	0
2354.299407	0	0
2354.349411	0	0
2354.399416	0	0
2354.449421	0	0
2354.499426	0	0
2354.549431	0	0
2354.599436	0	0
2354.649441	0	0
2354.699446	0	0
2354.749452	0	0
2354.799457	0	0
2354.849462	0	0
2354.899467	0	0
2354.949471	0	0
2354.999476	0	0
2355.049481	0	0
2355.099486	0	0
2355.149491	0	0
2355.199496	0	0
2355.249501	0	0
2355.299506	0	0
2355.349512	0	0
2355.399517	0	0
2355.449522	0	0
2355.499527	0	0
2355.549531	0	0
2355.599536	0	0
2355.649541	0	0
2355.699546	0	0
2355.749551	0	0
2355.799556	0	0
2355.849561	0	0
2355.899567	0	0
2355.949572	0	0
2355.999577	0	0
2356.049582	0	0
2356.099586	0	0
2356.149591	0	0
2356.199596	0	0
2356.249601	0	0
2356.299606	0	0
2356.349611	0	0
2356.399616	0	0
2356.449621	0	0
2356.499627	0	0
2356.549632	0	0
2356.599637	0	0
2356.649642	0	0
2356.699646	0	0
2356.749651	0	0
2356.799656	0	0
2356.849661	0	0
2356.899666	0	0
2356.949671	0	0
2356.999676	0	0
2357.049681	0	0
2357.099687	0	0
2357.149692	0	0
2357.199697	0	0
2357.249701	0	0
2357.299706	0	0
2357.349711	0	0
2357.399716	0	0
2357.449721	0	0
2357.499726	0	0
2357.549731	0	0
2357.599736	0	0
2357.649742	0	0
2357.699747	0	0
2357.749752	0	0
2357.799757	0	0
2357.849761	0	0
2357.899766	0	0
2357.949771	0	0
2357.999776	0	0
2358.049781	0	0
2358.099786	0	0
2358.149791	0	0
2358.199796	0	0
2358.249802	0	0
2358.299807	0	0
2358.349812	0	0
2358.399817	0	0
2358.449821	0	0
2358.499826	0	0
2358.549831	0	0
2358.599836	0	0
2358.649841	0	0
2358.699846	0	0
2358.749851	0	0
2358.799856	0	0
2358.849862	0	0
2358.899867	0	0
2358.949872	0	0
2358.999876	0	0
2359.049881	0	0
2359.099886	0	0
2359.149891	0	0
2359.199896	0	0
2359.249901	0	0
2359.299906	0	0
2359.349911	0	0
2359.399917	0	0
2359.449922	0	0
2359.499927	0	0
2359.549932	0	0
2359.599936	0	0
2359.649941	0	0
2359.699946	0	0
2359.749951	0	0
2359.799956	0	0
2359.849961	0	0
2359.899966	0	0
2359.949971	0	0
2359.999977	0	0
2360.049982	0	0
2360.099987	0	0
2360.149992	0	0
2360.199996	0	0
2360.250001	0	0
2360.300006	0	0
2360.350011	0	0
2360.400016	0	0
2360.450021	0	0
2360.500026	0	0
2360.550031	0	0
2360.600037	0	0
2360.650042	0	0
2360.700047	0	0
2360.750051	0	0
2360.800056	0	0
2360.850061	0	0
2360.900066	0	0
2360.950071	0	0
2361.000076	0	0
2361.050081	0	0
2361.100086	0	0
2361.150092	0	0
2361.200097	0	0
2361.250102	0	0
2361.300107	0	0
2361.350111	0	0
2361.400116	0	0
2361.450121	0	0
2361.500126	0	0
2361.550131	0	0
2361.600136	0	0
2361.650141	0	0
2361.700146	0	0
2361.750152	0	0
2361.800157	0	0
2361.850162	0	0
2361.900167	0	0
2361.950171	0	0
2362.000176	0	0
2362.050181	0	0
2362.100186	0	0
2362.150191	0	0
2362.200196	0	0
2362.250201	0	0
2362.300206	0	0
2362.350212	0	0
2362.400217	0	0
2362.450222	0	0
2362.500226	0	0
2362.550231	0	0
2362.600236	0	0
2362.650241	0	0
2362.700246	0	0
2362.750251	0	0
2362.800256	0	0
2362.850261	0	0
2362.900267	0	0
2362.950272	0	0
2363.000277	0	0
2363.050282	0	0
2363.100286	0	0
2363.150291	0	0
2363.200296	0	0
2363.250301	0	0
2363.300306	0	0
2363.350311	0	0
2363.400316	0	0
2363.450321	0	0
2363.500327	0	0
2363.550332	0	0
2363.600337	0	0
2363.650342	0	0
2363.700346	0	0
2363.750351	0	0
2363.800356	0	0
2363.850361	0	0
2363.900366	0	0
2363.950371	0	0
2364.000376	0	0
2364.050381	0	0
2364.100387	0	0
2364.150392	0	0
2364.200397	0	0
2364.250401	0	0
2364.300406	0	0
2364.350411	0	0
2364.400416	0	0
2364.450421	0	0
2364.500426	0	0
2364.550431	0	0
2364.600436	0	0
2364.650442	0	0
2364.700447	0	0
2364.750452	0	0
2364.800457	0	0
2364.850461	0	0
2364.900466	0	0
2364.950471	0	0
2365.000476	0	0
2365.050481	0	0
2365.100486	0	0
2365.150491	0	0
2365.200496	0	0
2365.250502	0	0
2365.300507	0	0
2365.350512	0	0
2365.400517	0	0
2365.450521	0	0
2365.500526	0	0
2365.550531	0	0
2365.600536	0	0
2365.650541	0	0
2365.700546	0	0
2365.750551	0	0
2365.800556	0	0
2365.850562	0	0
2365.900567	0	0
2365.950572	0	0
2366.000576	0	0
2366.050581	0	0
2366.100586	0	0
2366.150591	0	0
2366.200596	0	0
2366.250601	0	0
2366.301607	0	0
2366.350611	0	0
2366.400617	0	0
2366.450622	0	0
2366.500627	0	0
2366.550632	0	0
2366.600636	0	0
2366.650641	0	0
2366.700646	0	0
2366.750651	0	0
2366.800656	0	0
2366.850661	0	0
2366.900666	0	0
2366.950671	0	0
2367.000677	0	0
2367.050682	0	0
2367.100687	0	0
2367.150692	0	0
2367.200696	0	0
2367.250701	0	0
2367.300706	0	0
2367.350711	0	0
2367.400716	0	0
2367.450721	0	0
2367.500726	0	0
2367.550732	0	0
2367.600737	0	0
2367.650742	0	0
2367.700747	0	0
2367.750751	0	0
2367.800756	0	0
2367.850761	0	0
2367.900766	0	0
2367.950771	0	0
2368.000776	0	0
2368.050781	0	0
2368.100786	0	0
2368.150792	0	0
2368.200797	0	0
2368.250802	0	0
2368.300807	0	0
2368.350811	0	0
2368.400816	0	0
2368.450821	0	0
2368.500826	0	0
2368.550831	0	0
2368.600836	0	0
2368.650841	0	0
2368.700846	0	0
2368.750852	0	0
2368.800857	0	0
2368.850862	0	0
2368.900867	0	0
2368.950871	0	0
2369.000876	0	0
2369.050881	0	0
2369.100886	0	0
2369.150891	0	0
2369.199896	0	0
2369.249901	0	0
2369.299906	0	0
2369.349911	0	0
2369.399916	0	0
2369.449921	0	0
2369.499926	0	0
2369.549932	0	0
2369.599936	0	0
2369.649941	0	0
2369.700946	0	0
2369.749951	0	0
2369.799956	0	0
2369.849961	0	0
2369.899966	0	0
2369.949971	0	0
2369.999976	0	0
2370.049981	0	0
2370.099987	0	0
2370.149992	0	0
2370.199996	0	0
2370.250001	0	0
2370.300006	0	0
2370.350011	0	0
2370.400016	0	0
2370.450021	0	0
2370.500026	0	0
2370.550031	0	0
2370.600036	0	0
2370.650041	0	0
2370.700047	0	0
2370.750051	0	0
2370.800056	0	0
2370.850061	0	0
2370.900066	0	0
2370.950071	0	0
2371.000076	0	0
2371.050081	0	0
2371.100086	0	0
2371.150091	0	0
2371.200096	0	0
2371.250101	0	0
2371.300107	0	0
2371.350111	0	0
2371.400116	0	0
2371.450121	0	0
2371.500126	0	0
2371.550131	0	0
2371.600136	0	0
2371.650141	0	0
2371.700146	0	0
2371.750151	0	0
2371.800156	0	0
2371.850162	0	0
2371.900167	0	0
2371.950171	0	0
2372.000176	0	0
2372.050181	0	0
2372.100186	0	0
2372.150191	0	0
2372.200196	0	0
2372.250201	0	0
2372.300206	0	0
2372.350211	0	0
2372.400216	0	0
2372.450222	0	0
2372.500226	0	0
2372.550231	0	0
2372.600236	0	0
2372.650241	0	0
2372.700246	0	0
2372.750251	0	0
2372.800256	0	0
2372.850261	0	0
2372.900266	0	0
2372.950271	0	0
2373.000276	0	0
2373.050282	0	0
2373.100286	0	0
2373.150291	0	0
2373.200296	0	0
2373.250301	0	0
2373.300306	0	0
2373.350311	0	0
2373.400316	0	0
2373.450321	0	0
2373.500326	0	0
2373.550331	0	0
2373.600337	0	0
2373.650342	0	0
2373.700346	0	0
2373.750351	0	0
2373.800356	0	0
2373.850361	0	0
2373.900366	0	0
2373.950371	0	0
2374.000376	0	0
2374.050381	0	0
2374.100386	0	0
2374.150391	0	0
2374.200397	0	0
2374.250401	0	0
2374.300406	0	0
2374.350411	0	0
2374.400416	0	0
2374.450421	0	0
2374.500426	0	0
2374.550431	0	0
2374.600436	0	0
2374.650441	0	0
2374.700446	0	0
2374.750451	0	0
2374.800457	0	0
2374.850461	0	0
2374.900466	0	0
2374.950471	0	0
2375.000476	0	0
2375.050481	0	0
2375.100486	0	0
2375.150491	0	0
2375.200496	0	0
2375.250501	0	0
2375.300506	0	0
2375.350512	0	0
2375.400517	0	0
2375.450521	0	0
2375.500526	0	0
2375.550531	0	0
2375.600536	0	0
2375.650541	0	0
2375.700546	0	0
2375.750551	0	0
2375.800556	0	0
2375.850561	0	0
2375.900566	0	0
2375.950572	0	0
2376.000576	0	0
2376.050581	0	0
2376.100586	0	0
2376.150591	0	0
2376.200596	0	0
2376.250601	0	0
2376.300606	0	0
2376.350611	0	0
2376.400616	0	0
2376.450621	0	0
2376.500626	0	0
2376.550632	0	0
2376.600636	0	0
2376.650641	0	0
2376.700646	0	0
2376.750651	0	0
2376.800656	0	0
2376.850661	0	0
2376.900666	0	0
2376.950671	0	0
2377.000676	0	0
2377.050681	0	0
2377.100687	0	0
2377.150692	0	0
2377.200696	0	0
2377.250701	0	0
2377.300706	0	0
2377.350711	0	0
2377.400716	0	0
2377.450721	0	0
2377.500726	0	0
2377.550731	0	0
2377.600736	0	0
2377.650741	0	0
2377.700747	0	0
2377.750751	0	0
2377.800756	0	0
2377.850761	0	0
2377.900766	0	0
2377.950771	0	0
2378.000776	0	0
2378.050781	0	0
2378.100786	0	0
2378.150791	0	0
2378.200796	0	0
2378.250801	0	0
2378.300807	0	0
2378.350811	0	0
2378.400816	0	0
2378.450821	0	0
2378.500826	0	0
2378.550831	0	0
2378.600836	0	0
2378.650841	0	0
2378.700846	0	0
2378.750851	0	0
2378.800856	0	0
2378.850862	0	0
2378.900867	0	0
2378.950871	0	0
2379.000876	0	0
2379.050881	0	0
2379.100886	0	0
2379.150891	0	0
2379.200896	0	0
2379.250901	0	0
2379.300906	0	0
2379.350911	0	0
2379.400916	0	0
2379.450922	0	0
2379.500926	0	0
2379.550931	0	0
2379.600936	0	0
2379.650941	0	0
2379.700946	0	0
2379.750951	0	0
2379.800956	0	0
2379.850961	0	0
2379.900966	0	0
2379.950971	0	0
2380.000976	0	0
2380.050982	0	0
2380.100986	0	0
2380.150991	0	0
2380.200996	0	0
2380.251001	0	0
2380.301006	0	0
2380.351011	0	0
2380.401016	0	0
2380.451021	0	0
2380.501026	0	0
2380.551031	0	0
2380.601037	0	0
2380.651042	0	0
2380.701046	0	0
2380.751051	0	0
2380.801056	0	0
2380.851061	0	0
2380.901066	0	0
2380.951071	0	0
2381.001076	0	0
2381.051081	0	0
2381.101086	0	0
2381.151091	0	0
2381.201097	0	0
2381.251101	0	0
2381.301106	0	0
2381.351111	0	0
2381.401116	0	0
2381.451121	0	0
2381.501126	0	0
2381.551131	0	0
2381.601136	0	0
2381.651141	0	0
2381.701146	0	0
2381.751151	0	0
2381.801157	0	0
2381.851161	0	0
2381.901166	0	0
2381.951171	0	0
2382.001176	0	0
2382.051181	0	0
2382.101186	0	0
2382.151191	0	0
2382.201196	0	0
2382.251201	0	0
2382.301206	0	0
2382.351212	0	0
2382.401217	0	0
2382.451221	0	0
2382.501226	0	0
2382.551231	0	0
2382.601236	0	0
2382.651241	0	0
2382.701246	0	0
2382.751251	0	0
2382.801256	0	0
2382.851261	0	0
2382.901266	0	0
2382.951272	0	0
2383.001276	0	0
2383.051281	0	0
2383.101286	0	0
2383.151291	0	0
2383.201296	0	0
2383.251301	0	0
2383.301306	0	0
2383.351311	0	0
2383.401316	0	0
2383.451321	0	0
2383.501326	0	0
2383.551332	0	0
2383.601336	0	0
2383.651341	0	0
2383.701346	0	0
2383.751351	0	0
2383.801356	0	0
2383.882364	0	0
2383.951371	0	0
2384.001376	0	0
2384.051381	0	0
2384.101387	0	0
2384.151392	0	0
2384.201396	0	0
2384.251401	0	0
2384.301406	0	0
2384.351411	0	0
2384.401416	0	0
2384.451421	0	0
2384.501426	0	0
2384.551431	0	0
2384.601436	0	0
2384.651441	0	0
2384.701447	0	0
2384.751451	0	0
2384.801456	0	0
2384.851461	0	0
2384.901466	0	0
2384.951471	0	0
2385.001476	0	0
2385.051481	0	0
2385.101486	0	0
2385.151491	0	0
2385.201496	0	0
2385.251501	0	0
2385.301507	0	0
2385.351511	0	0
2385.401516	0	0
2385.451521	0	0
2385.501526	0	0
2385.551531	0	0
2385.601536	0	0
2385.651541	0	0
2385.701546	0	0
2385.751551	0	0
2385.801556	0	0
2385.851562	0	0
2385.901567	0	0
2385.951571	0	0
2386.001576	0	0
2386.051581	0	0
2386.101586	0	0
2386.151591	0	0
2386.201596	0	0
2386.251601	0	0
2386.301606	0	0
2386.351611	0	0
2386.401616	0	0
2386.451622	0	0
2386.501626	0	0
2386.551631	0	0
2386.601636	0	0
2386.651641	0	0
2386.700646	0	0
2386.750651	0	0
2386.800656	0	0
2386.850661	0	0
2386.900666	0	0
2386.950671	0	0
2387.000676	0	0
2387.050681	0	0
2387.100686	0	0
2387.150691	0	0
2387.200696	0	0
2387.250701	0	0
2387.300706	0	0
2387.350711	0	0
2387.400716	0	0
2387.450721	0	0
2387.500726	0	0
2387.550731	0	0
2387.600736	0	0
2387.650741	0	0
2387.700746	0	0
2387.750751	0	0
2387.800756	0	0
2387.850761	0	0
2387.900766	0	0
2387.950771	0	0
2388.000776	0	0
2388.050781	0	0
2388.100786	0	0
2388.150791	0	0
2388.200796	0	0
2388.250801	0	0
2388.300806	0	0
2388.350811	0	0
2388.400816	0	0
2388.450821	0	0
2388.500826	0	0
2388.550831	0	0
2388.600836	0	0
2388.650841	0	0
2388.700846	0	0
2388.750851	0	0
2388.800856	0	0
2388.850861	0	0
2388.900866	0	0
2388.950871	0	0
2389.000876	0	0
2389.050881	0	0
2389.100886	0	0
2389.150891	0	0
2389.200896	0	0
2389.250901	0	0
2389.300906	0	0
2389.350911	0	0
2389.400916	0	0
2389.450921	0	0
2389.500926	0	0
2389.550931	0	0
2389.600936	0	0
2389.650941	0	0
2389.700946	0	0
2389.750951	0	0
2389.800956	0	0
2389.850961	0	0
2389.900966	0	0
2389.950971	0	0
2390.000976	0	0
2390.050981	0	0
2390.100986	0	0
2390.150991	0	0
2390.200996	0	0
2390.251001	0	0
2390.301006	0	0
2390.351011	0	0
2390.401016	0	0
2390.451021	0	0
2390.501026	0	0
2390.551031	0	0
2390.601036	0	0
2390.651041	0	0
2390.701046	0	0
2390.751051	0	0
2390.801056	0	0
2390.851061	0	0
2390.901066	0	0
2390.951071	0	0
2391.001076	0	0
2391.051081	0	0
2391.101086	0	0
2391.151091	0	0
2391.201096	0	0
2391.251101	0	0
2391.301106	0	0
2391.351111	0	0
2391.401116	0	0
2391.451121	0	0
2391.501126	0	0
2391.551131	0	0
2391.601136	0	0
2391.651141	0	0
2391.701146	0	0
2391.751151	0	0
2391.801156	0	0
2391.851161	0	0
2391.901166	0	0
2391.951171	0	0
2392.001176	0	0
2392.051181	0	0
2392.101186	0	0
2392.151191	0	0
2392.201196	0	0
2392.251201	0	0
2392.301206	0	0
2392.351211	0	0
2392.401216	0	0
2392.451221	0	0
2392.501226	0	0
2392.551231	0	0
2392.601236	0	0
2392.651241	0	0
2392.701246	0	0
2392.751251	0	0
2392.801256	0	0
2392.851261	0	0
2392.901266	0	0
2392.951271	0	0
2393.001276	0	0
2393.051281	0	0
2393.101286	0	0
2393.151291	0	0
2393.201296	0	0
2393.251301	0	0
2393.301306	0	0
2393.351311	0	0
2393.401316	0	0
2393.451321	0	0
2393.501326	0	0
2393.551331	0	0
2393.601336	0	0
2393.651341	0	0
2393.701346	0	0
2393.751351	0	0
2393.801356	0	0
2393.851361	0	0
2393.901366	0	0
2393.951371	0	0
2394.001376	0	0
2394.051381	0	0
2394.101386	0	0
2394.151391	0	0
2394.201396	0	0
2394.251401	0	0
2394.301406	0	0
2394.351411	0	0
2394.401416	0	0
2394.451421	0	0
2394.501426	0	0
2394.551431	0	0
2394.601436	0	0
2394.651441	0	0
2394.701446	0	0
2394.751451	0	0
2394.801456	0	0
2394.851461	0	0
2394.901466	0	0
2394.951471	0	0
2395.001476	0	0
2395.051481	0	0
2395.101486	0	0
2395.151491	0	0
2395.201496	0	0
2395.251501	0	0
2395.301506	0	0
2395.351511	0	0
2395.401516	0	0
2395.451521	0	0
2395.501526	0	0
2395.551531	0	0
2395.601536	0	0
2395.651541	0	0
2395.701546	0	0
2395.751551	0	0
2395.801556	0	0
2395.851561	0	0
2395.901566	0	0
2395.951571	0	0
2396.001576	0	0
2396.051581	0	0
2396.101586	0	0
2396.151591	0	0
2396.201596	0	0
2396.251601	0	0
2396.301606	0	0
2396.351611	0	0
2396.401616	0	0
2396.451621	0	0
2396.501626	0	0
2396.551631	0	0
2396.601636	0	0
2396.651641	0	0
2396.701646	0	0
2396.751651	0	0
2396.801656	0	0
2396.851661	0	0
2396.901666	0	0
2396.951671	0	0
2397.001676	0	0
2397.051681	0	0
2397.101686	0	0
2397.151691	0	0
2397.201696	0	0
2397.251701	0	0
2397.301706	0	0
2397.351711	0	0
2397.401716	0	0
2397.451721	0	0
2397.501726	0	0
2397.551731	0	0
2397.601736	0	0
2397.651741	0	0
2397.701746	0	0
2397.751751	0	0
2397.801756	0	0
2397.851761	0	0
2397.901766	0	0
2397.951771	0	0
2398.001776	0	0
2398.051781	0	0
2398.101786	0	0
2398.151791	0	0
2398.201796	0	0
2398.251801	0	0
2398.301806	0	0
2398.351811	0	0
2398.401816	0	0
2398.451821	0	0
2398.501826	0	0
2398.551831	0	0
2398.601836	0	0
2398.651841	0	0
2398.701846	0	0
2398.751851	0	0
2398.801856	0	0
2398.851861	0	0
2398.901866	0	0
2398.951871	0	0
2399.001876	0	0
2399.051881	0	0
2399.101886	0	0
2399.151891	0	0
2399.201896	0	0
2399.251901	0	0
2399.301906	0	0
2399.351911	0	0
2399.401916	0	0
2399.451921	0	0
2399.501926	0	0
2399.551931	0	0
2399.601936	0	0
2399.651941	0	0
2399.701946	0	0
2399.751951	0	0
2399.801956	0	0
2399.851961	0	0
2399.901966	0	0
2399.951971	0	0
2400.001976	0	0
2400.051981	0	0
2400.101986	0	0
2400.151991	0	0
2400.201996	0	0
2400.252001	0	0
2400.302006	0	0
2400.352011	0	0
2400.402016	0	0
2400.452021	0	0
2400.502026	0	0
2400.552031	0	0
2400.602036	0	0
2400.652041	0	0
2400.702046	0	0
2400.752051	0	0
2400.802056	0	0
2400.852061	0	0
2400.902066	0	0
2400.952071	0	0
2401.002076	0	0
2401.052081	0	0
2401.102086	0	0
2401.152091	0	0
2401.202096	0	0
2401.252101	0	0
2401.302106	0	0
2401.352111	0	0
2401.402116	0	0
2401.452121	0	0
2401.502126	0	0
2401.552131	0	0
2401.602136	0	0
2401.652141	0	0
2401.702146	0	0
2401.752151	0	0
2401.802156	0	0
2401.852161	0	0
2401.902166	0	0
2401.952171	0	0
2402.002176	0	0
2402.052181	0	0
2402.102186	0	0
2402.152191	0	0
2402.202196	0	0
2402.252201	0	0
2402.302206	0	0
2402.352211	0	0
2402.402216	0	0
2402.452221	0	0
2402.502226	0	0
2402.552231	0	0
2402.602236	0	0
2402.652241	0	0
2402.702246	0	0
2402.752251	0	0
2402.802256	0	0
2402.852261	0	0
2402.902266	0	0
2402.952271	0	0
2403.002276	0	0
2403.052281	0	0
2403.102286	0	0
2403.152291	0	0
2403.202296	0	0
2403.252301	0	0
2403.302306	0	0
2403.352311	0	0
2403.402316	0	0
2403.452321	0	0
2403.502326	0	0
2403.552331	0	0
2403.602336	0	0
2403.652341	0	0
2403.702346	0	0
2403.752351	0	0
2403.802356	0	0
2403.852361	0	0
2403.902366	0	0
2403.952371	0	0
2404.002376	0	0
2404.052381	0	0
2404.102386	0	0
2404.152391	0	0
2404.201396	0	0
2404.251401	0	0
2404.301406	0	0
2404.351411	0	0
2404.401416	0	0
2404.451421	0	0
2404.501426	0	0
2404.551431	0	0
2404.601436	0	0
2404.651441	0	0
2404.701446	0	0
2404.751451	0	0
2404.801456	0	0
2404.851461	0	0
2404.901466	0	0
2404.951471	0	0
2405.001476	0	0
2405.051481	0	0
2405.101486	0	0
2405.151491	0	0
2405.201496	0	0
2405.251501	0	0
2405.301506	0	0
2405.351511	0	0
2405.401516	0	0
2405.451521	0	0
2405.501526	0	0
2405.551531	0	0
2405.601536	0	0
2405.651541	0	0
2405.701546	0	0
2405.751551	0	0
2405.801556	0	0
2405.851561	0	0
2405.901566	0	0
2405.951571	0	0
2406.001576	0	0
2406.051581	0	0
2406.101586	0	0
2406.151591	0	0
2406.201596	0	0
2406.251601	0	0
2406.301606	0	0
2406.351611	0	0
2406.401616	0	0
2406.451621	0	0
2406.501626	0	0
2406.551631	0	0
2406.601636	0	0
2406.651641	0	0
2406.701646	0	0
2406.751651	0	0
2406.801656	0	0
2406.851661	0	0
2406.901666	0	0
2406.951671	0	0
2407.001676	0	0
2407.051681	0	0
2407.101686	0	0
2407.151691	0	0
2407.201696	0	0
2407.251701	0	0
2407.301706	0	0
2407.351711	0	0
2407.401716	0	0
2407.451721	0	0
2407.501726	0	0
2407.551731	0	0
2407.601736	0	0
2407.651741	0	0
2407.701746	0	0
2407.751751	0	0
2407.801756	0	0
2407.851761	0	0
2407.901766	0	0
2407.951771	0	0
2408.001776	0	0
2408.051781	0	0
2408.101786	0	0
2408.151791	0	0
2408.201796	0	0
2408.251801	0	0
2408.301806	0	0
2408.351811	0	0
2408.401816	0	0
2408.451821	0	0
2408.501826	0	0
2408.551831	0	0
2408.601836	0	0
2408.651841	0	0
2408.701846	0	0
2408.751851	0	0
2408.801856	0	0
2408.851861	0	0
2408.901866	0	0
2408.951871	0	0
2409.001876	0	0
2409.051881	0	0
2409.101886	0	0
2409.151891	0	0
2409.201896	0	0
2409.251901	0	0
2409.301906	0	0
2409.351911	0	0
2409.401916	0	0
2409.451921	0	0
2409.501926	0	0
2409.551931	0	0
2409.601936	0	0
2409.651941	0	0
2409.701946	0	0
2409.751951	0	0
2409.801956	0	0
2409.851961	0	0
2409.901966	0	0
2409.951971	0	0
2410.001976	0	0
2410.051981	0	0
2410.101986	0	0
2410.151991	0	0
2410.201996	0	0
2410.252001	0	0
2410.302006	0	0
2410.352011	0	0
2410.402016	0	0
2410.452021	0	0
2410.502026	0	0
2410.552031	0	0
2410.602036	0	0
2410.652041	0	0
2410.702046	0	0
2410.752051	0	0
2410.802056	0	0
2410.852061	0	0
2410.902066	0	0
2410.952071	0	0
2411.002076	0	0
2411.052081	0	0
2411.102086	0	0
2411.152091	0	0
2411.202096	0	0
2411.252101	0	0
2411.302106	0	0
2411.352111	0	0
2411.402116	0	0
2411.452121	0	0
2411.502126	0	0
2411.552131	0	0
2411.602136	0	0
2411.652141	0	0
2411.702146	0	0
2411.752151	0	0
2411.802156	0	0
2411.852161	0	0
2411.902166	0	0
2411.952171	0	0
2412.002176	0	0
2412.052181	0	0
2412.102186	0	0
2412.152191	0	0
2412.202196	0	0
2412.252201	0	0
2412.302206	0	0
2412.352211	0	0
2412.402216	0	0
2412.452221	0	0
2412.502226	0	0
2412.552231	0	0
2412.602236	0	0
2412.652241	0	0
2412.702246	0	0
2412.752251	0	0
2412.802256	0	0
2412.852261	0	0
2412.902266	0	0
2412.952271	0	0
2413.002276	0	0
2413.052281	0	0
2413.102286	0	0
2413.152291	0	0
2413.202296	0	0
2413.252301	0	0
2413.302306	0	0
2413.352311	0	0
2413.402316	0	0
2413.452321	0	0
2413.502326	0	0
2413.552331	0	0
2413.602336	0	0
2413.652341	0	0
2413.702346	0	0
2413.752351	0	0
2413.802356	0	0
2413.852361	0	0
2413.902366	0	0
2413.952371	0	0
2414.002376	0	0
2414.052381	0	0
2414.102386	0	0
2414.152391	0	0
2414.202396	0	0
2414.252401	0	0
2414.302406	0	0
2414.352411	0	0
2414.402416	0	0
2414.452421	0	0
2414.502426	0	0
2414.552431	0	0
2414.602436	0	0
2414.652441	0	0
2414.702446	0	0
2414.752451	0	0
2414.802456	0	0
2414.852461	0	0
2414.902466	0	0
2414.952471	0	0
2415.002476	0	0
2415.052481	0	0
2415.102486	0	0
2415.152491	0	0
2415.202496	0	0
2415.252501	0	0
2415.302506	0	0
2415.352511	0	0
2415.402516	0	0
2415.452521	0	0
2415.502526	0	0
2415.552531	0	0
2415.602536	0	0
2415.652541	0	0
2415.702546	0	0
2415.752551	0	0
2415.802556	0	0
2415.853561	0	0
2415.902566	0	0
2415.952571	0	0
2416.002576	0	0
2416.052581	0	0
2416.102586	0	0
2416.152591	0	0
2416.202596	0	0
2416.252601	0	0
2416.302606	0	0
2416.352611	0	0
2416.402616	0	0
2416.452621	0	0
2416.502626	0	0
2416.552631	0	0
2416.602636	0	0
2416.652641	0	0
2416.702646	0	0
2416.752651	0	0
2416.802656	0	0
2416.852661	0	0
2416.902666	0	0
2416.952671	0	0
2417.002676	0	0
2417.052681	0	0
2417.102686	0	0
2417.152691	0	0
2417.202696	0	0
2417.252701	0	0
2417.302706	0	0
2417.352711	0	0
2417.402716	0	0
2417.452721	0	0
2417.502726	0	0
2417.552731	0	0
2417.602736	0	0
2417.652741	0	0
2417.702746	0	0
2417.752751	0	0
2417.802756	0	0
2417.852761	0	0
2417.902766	0	0
2417.952771	0	0
2418.002776	0	0
2418.052781	0	0
2418.102786	0	0
2418.152791	0	0
2418.202796	0	0
2418.252801	0	0
2418.302806	0	0
2418.352811	0	0
2418.402816	0	0
2418.452821	0	0
2418.502826	0	0
2418.552831	0	0
2418.602836	0	0
2418.652841	0	0
2418.702846	0	0
2418.752851	0	0
2418.802856	0	0
2418.852861	0	0
2418.902866	0	0
2418.952871	0	0
2419.002876	0	0
2419.052881	0	0
2419.102886	0	0
2419.152891	0	0
2419.202896	0	0
2419.252901	0	0
2419.302906	0	0
2419.352911	0	0
2419.402916	0	0
2419.452921	0	0
2419.502926	0	0
2419.552931	0	0
2419.602936	0	0
2419.652941	0	0
2419.702946	0	0
2419.752951	0	0
2419.802956	0	0
2419.852961	0	0
2419.902966	0	0
2419.952971	0	0
2420.002976	0	0
2420.052981	0	0
2420.102986	0	0
2420.152991	0	0
2420.202996	0	0
2420.253001	0	0
2420.303006	0	0
2420.353011	0	0
2420.403016	0	0
2420.453021	0	0
2420.503026	0	0
2420.553031	0	0
2420.603036	0	0
2420.653041	0	0
2420.703046	0	0
2420.753051	0	0
2420.803056	0	0
2420.853061	0	0
2420.903066	0	0
2420.953071	0	0
2421.003076	0	0
2421.053081	0	0
2421.103086	0	0
2421.153091	0	0
2421.203096	0	0
2421.253101	0	0
2421.303106	0	0
2421.353111	0	0
2421.403116	0	0
2421.453121	0	0
2421.503126	0	0
2421.553131	0	0
2421.603136	0	0
2421.652141	0	0
2421.702146	0	0
2421.752151	0	0
2421.802156	0	0
2421.852161	0	0
2421.902166	0	0
2421.952171	0	0
2422.002176	0	0
2422.052181	0	0
2422.102186	0	0
2422.152191	0	0
2422.202196	0	0
2422.252201	0	0
2422.302206	0	0
2422.352211	0	0
2422.402216	0	0
2422.452221	0	0
2422.502226	0	0
2422.552231	0	0
2422.602236	0	0
2422.652241	0	0
2422.703246	0	0
2422.752251	0	0
2422.802256	0	0
2422.852261	0	0
2422.902266	0	0
2422.952271	0	0
2423.002276	0	0
2423.052281	0	0
2423.102286	0	0
2423.152291	0	0
2423.202296	0	0
2423.252301	0	0
2423.302306	0	0
2423.352311	0	0
2423.402316	0	0
2423.452321	0	0
2423.502326	0	0
2423.552331	0	0
2423.602336	0	0
2423.652341	0	0
2423.702346	0	0
2423.752351	0	0
2423.802356	0	0
2423.852361	0	0
2423.902366	0	0
2423.952371	0	0
2424.002376	0	0
2424.052381	0	0
2424.103386	0	0
2424.152391	0	0
2424.202396	0	0
2424.252401	0	0
2424.302406	0	0
2424.352411	0	0
2424.402416	0	0
2424.452421	0	0
2424.502426	0	0
2424.552431	0	0
2424.602436	0	0
2424.652441	0	0
2424.703446	0	0
2424.752451	0	0
2424.802456	0	0
2424.852461	0	0
2424.902466	0	0
2424.952471	0	0
2425.002476	0	0
2425.052481	0	0
2425.102486	0	0
2425.152491	0	0
2425.202496	0	0
2425.252501	0	0
2425.302506	0	0
2425.352511	0	0
2425.402516	0	0
2425.452521	0	0
2425.502526	0	0
2425.552531	0	0
2425.602536	0	0
2425.652541	0	0
2425.702546	0	0
2425.752551	0	0
2425.802556	0	0
2425.852561	0	0
2425.902566	0	0
2425.952571	0	0
2426.002576	0	0
2426.052581	0	0
2426.102586	0	0
2426.152591	0	0
2426.202596	0	0
2426.252601	0	0
2426.302606	0	0
2426.352611	0	0
2426.402616	0	0
2426.452621	0	0
2426.502626	0	0
2426.552631	0	0
2426.602636	0	0
2426.652641	0	0
2426.702646	0	0
2426.752651	0	0
2426.802656	0	0
2426.852661	0	0
2426.902666	0	0
2426.952671	0	0
2427.002676	0	0
2427.052681	0	0
2427.102686	0	0
2427.152691	0	0
2427.202696	0	0
2427.252701	0	0
2427.302706	0	0
2427.352711	0	0
2427.402716	0	0
2427.452721	0	0
2427.502726	0	0
2427.552731	0	0
2427.602736	0	0
2427.652741	0	0
2427.702746	0	0
2427.752751	0	0
2427.802756	0	0
2427.852761	0	0
2427.902766	0	0
2427.952771	0	0
2428.002776	0	0
2428.052781	0	0
2428.102786	0	0
2428.152791	0	0
2428.202796	0	0
2428.252801	0	0
2428.302806	0	0
2428.352811	0	0
2428.402816	0	0
2428.452821	0	0
2428.502826	0	0
2428.552831	0	0
2428.602836	0	0
2428.652841	0	0
2428.702846	0	0
2428.752851	0	0
2428.802856	0	0
2428.852861	0	0
2428.902866	0	0
2428.952871	0	0
2429.002876	0	0
2429.052881	0	0
2429.102886	0	0
2429.152891	0	0
2429.202896	0	0
2429.252901	0	0
2429.302906	0	0
2429.352911	0	0
2429.402916	0	0
2429.452921	0	0
2429.502926	0	0
2429.552931	0	0
2429.602936	0	0
2429.652941	0	0
2429.702946	0	0
2429.752951	0	0
2429.802956	0	0
2429.852961	0	0
2429.902966	0	0
2429.952971	0	0
2430.002976	0	0
2430.052981	0	0
2430.102986	0	0
2430.152991	0	0
2430.203996	0	0
2430.253001	0	0
2430.303006	0	0
2430.353011	0	0
2430.403016	0	0
2430.453021	0	0
2430.503026	0	0
2430.553031	0	0
2430.603036	0	0
2430.653041	0	0
2430.703046	0	0
2430.753051	0	0
2430.803056	0	0
2430.853061	0	0
2430.903066	0	0
2430.953071	0	0
2431.003076	0	0
2431.053081	0	0
2431.103086	0	0
2431.153091	0	0
2431.203096	0	0
2431.253101	0	0
2431.303106	0	0
2431.353111	0	0
2431.403116	0	0
2431.453121	0	0
2431.503126	0	0
2431.553131	0	0
2431.603136	0	0
2431.653141	0	0
2431.703146	0	0
2431.753151	0	0
2431.803156	0	0
2431.853161	0	0
2431.903166	0	0
2431.953171	0	0
2432.003176	0	0
2432.053181	0	0
2432.103186	0	0
2432.153191	0	0
2432.203196	0	0
2432.253201	0	0
2432.303206	0	0
2432.353211	0	0
2432.403216	0	0
2432.453221	0	0
2432.503226	0	0
2432.553231	0	0
2432.603236	0	0
2432.653241	0	0
2432.703246	0	0
2432.753251	0	0
2432.803256	0	0
2432.853261	0	0
2432.903266	0	0
2432.953271	0	0
2433.003276	0	0
2433.053281	0	0
2433.103286	0	0
2433.153291	0	0
2433.203296	0	0
2433.253301	0	0
2433.303306	0	0
2433.353311	0	0
2433.403316	0	0
2433.453321	0	0
2433.503326	0	0
2433.553331	0	0
2433.603336	0	0
2433.653341	0	0
2433.703346	0	0
2433.753351	0	0
2433.803356	0	0
2433.853361	0	0
2433.903366	0	0
2433.953371	0	0
2434.003376	0	0
2434.053381	0	0
2434.103386	0	0
2434.153391	0	0
2434.203396	0	0
2434.253401	0	0
2434.303406	0	0
2434.353411	0	0
2434.403416	0	0
2434.453421	0	0
2434.503426	0	0
2434.553431	0	0
2434.603436	0	0
2434.653441	0	0
2434.703446	0	0
2434.753451	0	0
2434.803456	0	0
2434.853461	0	0
2434.903466	0	0
2434.953471	0	0
2435.003476	0	0
2435.053481	0	0
2435.103486	0	0
2435.153491	0	0
2435.203496	0	0
2435.253501	0	0
2435.303506	0	0
2435.353511	0	0
2435.403516	0	0
2435.453521	0	0
2435.503526	0	0
2435.553531	0	0
2435.603536	0	0
2435.653541	0	0
2435.703546	0	0
2435.753551	0	0
2435.803556	0	0
2435.853561	0	0
2435.903566	0	0
2435.953571	0	0
2436.003576	0	0
2436.053581	0	0
2436.103586	0	0
2436.153591	0	0
2436.203596	0	0
2436.253601	0	0
2436.303606	0	0
2436.353611	0	0
2436.403616	0	0
2436.453621	0	0
2436.503626	0	0
2436.553631	0	0
2436.603636	0	0
2436.653641	0	0
2436.703646	0	0
2436.753651	0	0
2436.803656	0	0
2436.853661	0	0
2436.903666	0	0
2436.953671	0	0
2437.003676	0	0
2437.053681	0	0
2437.103686	0	0
2437.153691	0	0
2437.203696	0	0
2437.253701	0	0
2437.303706	0	0
2437.353711	0	0
2437.403716	0	0
2437.453721	0	0
2437.503726	0	0
2437.553731	0	0
2437.603736	0	0
2437.653741	0	0
2437.704746	0	0
2437.753751	0	0
2437.803756	0	0
2437.853761	0	0
2437.903766	0	0
2437.953771	0	0
2438.003776	0	0
2438.053781	0	0
2438.103786	0	0
2438.153791	0	0
2438.203796	0	0
2438.253801	0	0
2438.303806	0	0
2438.353811	0	0
2438.403816	0	0
2438.453821	0	0
2438.503826	0	0
2438.553831	0	0
2438.603836	0	0
2438.653841	0	0
2438.703846	0	0
2438.753851	0	0
2438.803856	0	0
2438.853861	0	0
2438.903866	0	0
2438.953871	0	0
2439.003876	0	0
2439.053881	0	0
2439.103886	0	0
2439.152891	0	0
2439.202896	0	0
2439.252901	0	0
2439.302906	0	0
2439.352911	0	0
2439.402916	0	0
2439.452921	0	0
2439.502926	0	0
2439.552931	0	0
2439.602936	0	0
2439.652941	0	0
2439.702946	0	0
2439.752951	0	0
2439.802956	0	0
2439.852961	0	0
2439.902966	0	0
2439.952971	0	0
2440.002976	0	0
2440.052981	0	0
2440.102986	0	0
2440.152991	0	0
2440.202996	0	0
2440.253001	0	0
2440.303006	0	0
2440.353011	0	0
2440.403016	0	0
2440.453021	0	0
2440.503026	0	0
2440.553031	0	0
2440.603036	0	0
2440.653041	0	0
2440.703046	0	0
2440.753051	0	0
2440.803056	0	0
2440.853061	0	0
2440.903066	0	0
2440.953071	0	0
2441.003076	0	0
2441.053081	0	0
2441.103086	0	0
2441.153091	0	0
2441.203096	0	0
2441.253101	0	0
2441.303106	0	0
2441.353111	0	0
2441.403116	0	0
2441.453121	0	0
2441.503126	0	0
2441.553131	0	0
2441.603136	0	0
2441.653141	0	0
2441.703146	0	0
2441.753151	0	0
2441.803156	0	0
2441.853161	0	0
2441.903166	0	0
2441.953171	0	0
2442.003176	0	0
2442.053181	0	0
2442.103186	0	0
2442.153191	0	0
2442.203196	0	0
2442.253201	0	0
2442.303206	0	0
2442.353211	0	0
2442.403216	0	0
2442.453221	0	0
2442.503226	0	0
2442.553231	0	0
2442.603236	0	0
2442.653241	0	0
2442.703246	0	0
2442.753251	0	0
2442.803256	0	0
2442.853261	0	0
2442.903266	0	0
2442.953271	0	0
2443.003276	0	0
2443.053281	0	0
2443.103286	0	0
2443.153291	0	0
2443.203296	0	0
2443.253301	0	0
2443.303306	0	0
2443.353311	0	0
2443.403316	0	0
2443.453321	0	0
2443.503326	0	0
2443.553331	0	0
2443.603336	0	0
2443.653341	0	0
2443.703346	0	0
2443.753351	0	0
2443.803356	0	0
2443.853361	0	0
2443.903366	0	0
2443.953371	0	0
2444.003376	0	0
2444.053381	0	0
2444.103386	0	0
2444.153391	0	0
2444.203396	0	0
2444.253401	0	0
2444.303406	0	0
2444.353411	0	0
2444.403416	0	0
2444.453421	0	0
2444.503426	0	0
2444.553431	0	0
2444.603436	0	0
2444.653441	0	0
2444.703446	0	0
2444.753451	0	0
2444.803456	0	0
2444.853461	0	0
2444.903466	0	0
2444.953471	0	0
2445.003476	0	0
2445.053481	0	0
2445.103486	0	0
2445.153491	0	0
2445.203496	0	0
2445.253501	0	0
2445.303506	0	0
2445.353511	0	0
2445.403516	0	0
2445.453521	0	0
2445.503526	0	0
2445.553531	0	0
2445.603536	0	0
2445.653541	0	0
2445.703546	0	0
2445.753551	0	0
2445.803556	0	0
2445.853561	0	0
2445.903566	0	0
2445.953571	0	0
2446.003576	0	0
2446.053581	0	0
2446.103586	0	0
2446.153591	0	0
2446.203596	0	0
2446.253601	0	0
2446.303606	0	0
2446.353611	0	0
2446.403616	0	0
2446.453621	0	0
2446.503626	0	0
2446.553631	0	0
2446.603636	0	0
2446.653641	0	0
2446.703646	0	0
2446.753651	0	0
2446.803656	0	0
2446.853661	0	0
2446.903666	0	0
2446.953671	0	0
2447.003676	0	0
2447.053681	0	0
2447.103686	0	0
2447.153691	0	0
2447.203696	0	0
2447.253701	0	0
2447.303706	0	0
2447.353711	0	0
2447.403716	0	0
2447.453721	0	0
2447.503726	0	0
2447.553731	0	0
2447.603736	0	0
2447.653741	0	0
2447.704746	0	0
2447.753751	0	0
2447.803756	0	0
2447.853761	0	0
2447.903766	0	0
2447.953771	0	0
2448.003776	0	0
2448.053781	0	0
2448.103786	0	0
2448.153791	0	0
2448.203796	0	0
2448.253801	0	0
2448.303806	0	0
2448.353811	0	0
2448.403816	0	0
2448.453821	0	0
2448.503826	0	0
2448.553831	0	0
2448.605836	0	0
2448.653841	0	0
2448.703846	0	0
2448.753851	0	0
2448.803856	0	0
2448.853861	0	0
2448.903866	0	0
2448.953871	0	0
2449.003876	0	0
2449.053881	0	0
2449.103886	0	0
2449.153891	0	0
2449.204896	0	0
2449.253901	0	0
2449.303906	0	0
2449.353911	0	0
2449.404916	0	0
2449.453921	0	0
2449.503926	0	0
2449.553931	0	0
2449.603936	0	0
2449.653941	0	0
2449.703946	0	0
2449.753951	0	0
2449.803956	0	0
2449.853961	0	0
2449.903966	0	0
2449.953971	0	0
2450.003976	0	0
2450.053981	0	0
2450.103986	0	0
2450.153991	0	0
2450.203996	0	0
2450.254001	0	0
2450.304006	0	0
2450.354011	0	0
2450.405016	0	0
2450.454021	0	0
2450.504026	0	0
2450.554031	0	0
2450.604036	0	0
2450.654041	0	0
2450.704046	0	0
2450.754051	0	0
2450.804056	0	0
2450.854061	0	0
2450.904066	0	0
2450.954071	0	0
2451.004076	0	0
2451.054081	0	0
2451.104086	0	0
2451.154091	0	0
2451.204096	0	0
2451.254101	0	0
2451.304106	0	0
2451.354111	0	0
2451.404116	0	0
2451.454121	0	0
2451.504126	0	0
2451.554131	0	0
2451.604136	0	0
