0.000000	0	0
0.224022	0	0
0.246025	0	0
0.296030	0	0
0.346035	0	0
0.396039	0	0
0.446044	0	0
0.496049	0	0
0.546055	0	0
0.596060	0	0
0.646065	0	0
0.696070	0	0
0.755075	0	0
0.796080	0	0
0.865087	0	0
0.896090	0	0
0.946095	0	0
0.996099	0	0
1.046104	0	0
1.096109	0	0
1.146115	0	0
1.196120	0	0
1.246125	0	0
1.296130	0	0
1.346135	0	0
1.396140	0	0
1.446145	0	0
1.496150	0	0
1.546154	0	0
1.596159	0	0
1.646164	0	0
1.696170	0	0
1.746175	0	0
1.796180	0	0
1.846185	0	0
1.896190	0	0
1.946195	0	0
1.996200	0	0
2.046205	0	0
2.096210	0	0
2.146214	0	0
2.196219	0	0
2.246224	0	0
2.296230	0	0
2.346235	0	0
2.396240	0	0
2.446245	0	0
2.496250	0	0
2.546255	0	0
2.596260	0	0
2.646265	0	0
2.696270	0	0
2.746274	0	0
2.796279	0	0
2.846284	0	0
2.896290	0	0
2.946295	0	0
2.996300	0	0
3.046305	0	0
3.096310	0	0
3.146315	0	0
3.196320	0	0
3.246325	0	0
3.296329	0	0
3.346334	0	0
3.396339	0	0
3.446345	0	0
3.496350	0	0
3.546355	0	0
3.596360	0	0
3.646365	0	0
3.696370	0	0
3.746375	0	0
3.796380	0	0
3.846385	0	0
3.896389	0	0
3.946394	0	0
3.996399	0	0
4.046405	0	0
4.096410	0	0
4.146415	0	0
4.196420	0	0
4.246425	0	0
4.296430	0	0
4.346435	0	0
4.396440	0	0
4.446445	0	0
4.496449	0	0
4.546454	0	0
4.596459	0	0
4.646465	0	0
4.696470	0	0
4.746475	0	0
4.796480	0	0
4.846485	0	0
4.896490	0	0
4.946495	0	0
4.996500	0	0
5.046504	0	0
5.096509	0	0
5.146514	0	0
5.196520	0	0
5.246525	0	0
5.296530	0	0
5.346535	0	0
5.396540	0	0
5.446545	0	0
5.496550	0	0
5.546555	0	0
5.596560	0	0
5.646564	0	0
5.696569	0	0
5.746574	0	0
5.796580	0	0
5.846585	0	0
5.896590	0	0
5.946595	0	0
5.996600	0	0
6.046605	0	0
6.096610	0	0
6.146615	0	0
6.196620	0	0
6.246624	0	0
6.296629	0	0
6.346634	0	0
6.396640	0	0
6.446645	0	0
6.496650	0	0
6.546655	0	0
6.596660	0	0
6.646665	0	0
6.696670	0	0
6.746675	0	0
6.796679	0	0
6.846684	0	0
6.896689	0	0
6.946695	0	0
6.996700	0	0
7.046705	0	0
7.096710	0	0
7.146715	0	0
7.196720	0	0
7.246725	0	0
7.296730	0	0
7.346735	0	0
7.396739	0	0
7.446744	0	0
7.496749	0	0
7.546755	0	0
7.596760	0	0
7.646765	0	0
7.696770	0	0
7.746775	0	0
7.796780	0	0
7.846785	0	0
7.896790	0	0
7.946795	0	0
7.996799	0	0
8.046804	0	0
8.096809	0	0
8.146815	0	0
8.196820	0	0
8.246825	0	0
8.296830	0	0
8.346835	0	0
8.396840	0	0
8.446845	0	0
8.496850	0	0
8.546854	0	0
8.596859	0	0
8.646864	0	0
8.696870	0	0
8.746875	0	0
8.796880	0	0
8.846885	0	0
8.896890	0	0
8.946895	0	0
8.996900	0	0
9.046905	0	0
9.096910	0	0
9.146914	0	0
9.196919	0	0
9.246924	0	0
9.296930	0	0
9.346935	0	0
9.396940	0	0
9.446945	0	0
9.496950	0	0
9.546955	0	0
9.596960	0	0
9.646965	0	0
9.696970	0	0
9.746974	0	0
9.796979	0	0
9.846984	0	0
9.896990	0	0
9.946995	0	0
9.997000	0	0
10.047005	0	0
10.097010	0	0
10.147015	0	0
10.197020	0	0
10.247025	0	0
10.297029	0	0
10.347034	0	0
10.397039	0	0
10.447045	0	0
10.497050	0	0
10.547055	0	0
10.597060	0	0
10.647065	0	0
10.697070	0	0
10.747075	0	0
10.797080	0	0
10.847085	0	0
10.897089	0	0
10.947094	0	0
10.997099	0	0
11.047105	0	0
11.097110	0	0
11.147115	0	0
11.197120	0	0
11.247125	0	0
11.297130	0	0
11.347135	0	0
11.397140	0	0
11.447145	0	0
11.497149	0	0
11.547154	0	0
11.597159	0	0
11.647165	0	0
11.697170	0	0
11.746174	0	0
11.796179	0	0
11.846185	0	0
11.896190	0	0
11.946195	0	0
11.996200	0	0
12.046205	0	0
12.096210	0	0
12.146214	0	0
12.196219	0	0
12.246224	0	0
12.296229	0	0
12.346234	0	0
12.396239	0	0
12.446245	0	0
12.496250	0	0
12.546255	0	0
12.596260	0	0
12.646265	0	0
12.696270	0	0
12.746274	0	0
12.796279	0	0
12.846284	0	0
12.896289	0	0
12.946294	0	0
12.996300	0	0
13.046305	0	0
13.096310	0	0
13.146315	0	0
13.196320	0	0
13.246325	0	0
13.296329	0	0
13.346334	0	0
13.396339	0	0
13.446344	0	0
13.496349	0	0
13.546354	0	0
13.596360	0	0
13.646365	0	0
13.696370	0	0
13.746375	0	0
13.796380	0	0
13.846385	0	0
13.896389	0	0
13.946394	0	0
13.996399	0	0
14.046404	0	0
14.096409	0	0
14.146414	0	0
14.196420	0	0
14.246425	0	0
14.296430	0	0
14.346435	0	0
14.396440	0	0
14.446445	0	0
14.496449	0	0
14.546454	0	0
14.596459	0	0
14.646464	0	0
14.696469	0	0
14.746475	0	0
14.796480	0	0
14.846485	0	0
14.896490	0	0
14.946495	0	0
14.996500	0	0
15.046504	0	0
15.096509	0	0
15.146514	0	0
15.196519	0	0
15.246524	0	0
15.296529	0	0
15.346535	0	0
15.396540	0	0
15.446545	0	0
15.496550	0	0
15.546555	0	0
15.596560	0	0
15.646564	0	0
15.696569	0	0
15.746574	0	0
15.796579	0	0
15.846584	0	0
15.896589	0	0
15.946595	0	0
15.996600	0	0
16.046605	0	0
16.096610	0	0
16.146615	0	0
16.196620	0	0
16.246624	0	0
16.296629	0	0
16.346634	0	0
16.396639	0	0
16.446644	0	0
16.496650	0	0
16.546655	0	0
16.596660	0	0
16.646665	0	0
16.696670	0	0
16.746675	0	0
16.796679	0	0
16.846684	0	0
16.896689	0	0
16.946694	0	0
16.996699	0	0
17.046704	0	0
17.096710	0	0
17.146715	0	0
17.196720	0	0
17.246725	0	0
17.296730	0	0
17.346735	0	0
17.396739	0	0
17.446744	0	0
17.496749	0	0
17.546754	0	0
17.596759	0	0
17.646764	0	0
17.696770	0	0
17.746775	0	0
17.796780	0	0
17.846785	0	0
17.896790	0	0
17.946795	0	0
17.996799	0	0
18.046804	0	0
18.096809	0	0
18.146814	0	0
18.196819	0	0
18.246825	0	0
18.296830	0	0
18.346835	0	0
18.396840	0	0
18.446845	0	0
18.496850	0	0
18.546854	0	0
18.596859	0	0
18.646864	0	0
18.696869	0	0
18.746874	0	0
18.796879	0	0
18.846885	0	0
18.896890	0	0
18.946895	0	0
18.996900	0	0
19.046905	0	0
19.096910	0	0
19.146914	0	0
19.196919	0	0
19.246924	0	0
19.296929	0	0
19.346934	0	0
19.396939	0	0
19.446945	0	0
19.496950	0	0
19.546955	0	0
19.596960	0	0
19.646965	0	0
19.696970	0	0
19.746974	0	0
19.796979	0	0
19.846984	0	0
19.896989	0	0
19.946994	0	0
19.997000	0	0
20.047005	0	0
20.097010	0	0
20.147015	0	0
20.197020	0	0
20.247025	0	0
20.297029	0	0
20.347034	0	0
20.397039	0	0
20.447044	0	0
20.497049	0	0
20.547054	0	0
20.597060	0	0
20.647065	0	0
20.697070	0	0
20.747075	0	0
20.797080	0	0
20.847085	0	0
20.897089	0	0
20.947094	0	0
20.997099	0	0
21.047104	0	0
21.097109	0	0
21.147114	0	0
21.197120	0	0
21.247125	0	0
21.297130	0	0
21.347135	0	0
21.397140	0	0
21.447145	0	0
21.497149	0	0
21.547154	0	0
21.597159	0	0
21.647164	0	0
21.697169	0	0
21.747175	0	0
21.797180	0	0
21.847185	0	0
21.897190	0	0
21.947195	0	0
21.997200	0	0
22.047204	0	0
22.097209	0	0
22.147214	0	0
22.197219	0	0
22.247224	0	0
22.297229	0	0
22.347235	0	0
22.397240	0	0
22.447245	0	0
22.497250	0	0
22.547255	0	0
22.597260	0	0
22.647264	0	0
22.697269	0	0
22.747274	0	0
22.797279	0	0
22.847284	0	0
22.897290	0	0
22.947295	0	0
22.997300	0	0
23.047305	0	0
23.097310	0	0
23.147315	0	0
23.197320	0	0
23.247324	0	0
23.297329	0	0
23.347334	0	0
23.397339	0	0
23.447344	0	0
23.497350	0	0
23.547355	0	0
23.597360	0	0
23.647365	0	0
23.697370	0	0
23.747375	0	0
23.797379	0	0
23.847384	0	0
23.897389	0	0
23.947394	0	0
23.997399	0	0
24.047404	0	0
24.097410	0	0
24.147415	0	0
24.197420	0	0
24.247425	0	0
24.297430	0	0
24.347435	0	0
24.397439	0	0
24.447444	0	0
24.497449	0	0
24.547454	0	0
24.597459	0	0
24.647465	0	0
24.697470	0	0
24.747475	0	0
24.797480	0	0
24.847485	0	0
24.897490	0	0
24.947495	0	0
24.997499	0	0
25.047504	0	0
25.097509	0	0
25.147514	0	0
25.197519	0	0
25.247525	0	0
25.297530	0	0
25.347535	0	0
25.397540	0	0
25.447545	0	0
25.497550	0	0
25.547554	0	0
25.597559	0	0
25.647564	0	0
25.697569	0	0
25.747574	0	0
25.797579	0	0
25.847585	0	0
25.897590	0	0
25.947595	0	0
25.997600	0	0
26.047605	0	0
26.097610	0	0
26.147614	0	0
26.197619	0	0
26.247624	0	0
26.297629	0	0
26.347634	0	0
26.397640	0	0
26.447645	0	0
26.497650	0	0
26.547655	0	0
26.597660	0	0
26.647665	0	0
26.697670	0	0
26.747674	0	0
26.797679	0	0
26.847684	0	0
26.897689	0	0
26.947694	0	0
26.997700	0	0
27.047705	0	0
27.097710	0	0
27.147715	0	0
27.197720	0	0
27.247725	0	0
27.297729	13	0
27.347734	13	0
27.397739	21	0
27.447744	133	0
27.497749	153	0
27.547754	177	0
27.597760	273	0
27.647765	273	0
27.697770	377	0
27.747775	377	0
27.797780	377	0
27.847785	377	0
27.897789	385	0
27.947794	405	0
27.997799	405	0
28.047804	473	0
28.097809	481	0
28.147815	525	0
28.197820	525	0
28.247825	585	0
28.297830	585	0
28.347835	621	0
28.397840	645	0
28.447845	697	0
28.497849	697	0
28.547854	697	0
28.597859	697	0
28.647864	697	0
28.697869	741	0
28.747875	769	0
28.797880	865	0
28.847885	865	0
28.897890	881	0
28.947895	917	0
28.997900	917	0
29.047904	925	0
29.097909	977	0
29.147914	977	0
29.197919	1021	0
29.247924	1073	0
29.296929	1149	0
29.346934	1149	0
29.396939	1149	0
29.446944	1193	0
29.496949	1213	0
29.546955	1221	0
29.596960	1245	0
29.646965	1245	0
29.696970	1245	0
29.746974	1273	0
29.796979	1297	0
29.846984	1317	0
29.896989	1317	0
29.946994	1325	0
29.996999	1369	0
30.047004	1369	0
30.097009	1369	0
30.147015	1369	0
30.197020	1369	0
30.247025	1401	0
30.297029	1401	0
30.347034	1401	0
30.397039	1401	0
30.447044	1421	0
30.497049	1429	0
30.547054	1465	0
30.597059	1505	0
30.647064	1505	0
30.697070	1541	0
30.747075	1541	0
30.797080	1541	0
30.847085	1637	0
30.897089	1669	-365
30.947094	1689	-365
30.997099	1701	-365
31.047104	1733	-365
31.097109	1797	-365
31.147114	1841	-365
31.197119	1885	-365
31.247124	1885	-365
31.297130	1909	-365
31.347135	1909	-365
31.397140	1909	-365
31.447145	1925	-365
31.497149	1969	-365
31.547154	1989	-365
31.597159	2009	-365
31.647164	2033	-365
31.697169	2065	-365
31.747174	2137	-365
31.797179	2201	-365
31.847184	2233	-365
31.897190	2297	-365
31.947195	2329	-365
31.997200	2381	-365
32.047204	2413	-365
32.097209	2461	-365
32.147214	2497	-365
32.197219	2497	-365
32.247224	2533	-365
32.297229	2565	-365
32.347234	2589	-365
32.397239	2621	-365
32.447245	2649	-365
32.497250	2681	-365
32.547255	2733	-365
32.597260	2769	-365
32.647264	2837	-365
32.697269	2913	-365
32.747274	3005	-365
32.797279	3073	-365
32.847284	3149	-365
32.897289	3169	-373
32.947294	3217	-425
32.997299	3253	-425
33.047305	3253	-533
33.097310	3265	-589
33.147315	3305	-621
33.197320	3309	-657
33.247324	3317	-733
33.297329	3373	-793
33.347334	3425	-841
33.397339	3449	-921
33.447344	3489	-953
33.497349	3493	-973
33.547354	3525	-1017
33.597359	3561	-1045
33.647365	3597	-1109
33.697370	3629	-1121
33.747375	3657	-1141
33.797379	3709	-1189
33.848384	3765	-1277
33.897389	3821	-1325
33.947394	3945	-1413
33.997399	4025	-1441
34.047404	4105	-1461
34.097409	4169	-1461
34.147414	4245	-1501
34.197420	4297	-1525
34.247425	4369	-1541
34.297430	4437	-1589
34.348434	4473	-1641
34.397439	4517	-1753
34.447444	4657	-1813
34.497449	4825	-1925
34.547454	4905	-1961
34.597459	4953	-2061
34.647464	4977	-2117
34.697469	5029	-2177
34.747474	5057	-2273
34.797480	5073	-2337
34.847485	5093	-2441
34.897490	5129	-2485
34.947495	5161	-2581
34.997499	5249	-2653
35.047504	5309	-2749
35.097509	5361	-2785
35.147514	5373	-2809
35.197519	5397	-2841
35.247524	5470	-2845
35.297529	5538	-2897
35.347534	5610	-2901
35.397540	5722	-2989
35.447545	5750	-3041
35.497550	5818	-3069
35.547554	5854	-3101
35.597559	5866	-3101
35.647564	5866	-3101
35.697569	5866	-3101
35.747574	5866	-3101
35.797579	5898	-3101
35.847584	5914	-3101
35.897589	5926	-3101
35.947595	5926	-3101
35.997600	5926	-3101
36.047605	5926	-3101
36.097610	5926	-3101
36.147614	5926	-3101
36.197619	5942	-3101
36.247624	5942	-3101
36.297629	5942	-3101
36.347634	5942	-3101
36.397639	5942	-3101
36.447644	5942	-3101
36.497649	5942	-3101
36.547655	5942	-3101
36.597660	5942	-3101
36.647665	5942	-3101
36.697670	5942	-3101
36.747674	5942	-3101
36.797679	5942	-3101
36.847684	5942	-3101
36.897689	5942	-3101
36.947694	5942	-3101
36.997699	5942	-3101
37.047704	5942	-3101
37.097709	5942	-3101
37.147715	5942	-3101
37.197720	5942	-3101
37.247725	5942	-3101
37.297729	5978	-3101
37.347734	5986	-3101
37.397739	5998	-3101
37.447744	6014	-3105
37.497749	6030	-3105
37.547754	6030	-3105
37.597759	6050	-3105
37.647764	6070	-3105
37.697770	6070	-3105
37.747775	6098	-3105
37.797780	6118	-3105
37.847785	6138	-3105
37.897789	6150	-3105
37.947794	6186	-3105
37.997799	6186	-3109
38.047804	6186	-3109
38.097809	6202	-3109
38.147814	6202	-3109
38.197819	6230	-3113
38.247824	6230	-3141
38.297830	6230	-3141
38.347835	6230	-3141
38.397840	6230	-3141
38.447845	6230	-3141
38.497849	6230	-3141
38.547854	6230	-3141
38.597859	6230	-3141
38.647864	6230	-3141
38.697869	6230	-3141
38.747874	6230	-3141
38.797879	6230	-3141
38.847884	6230	-3141
38.897890	6230	-3149
38.947895	6230	-3157
38.997900	6230	-3157
39.047904	6230	-3157
39.097909	6230	-3173
39.147914	6230	-3205
39.197919	6230	-3205
39.247924	6230	-3205
39.297929	6230	-3217
39.347934	6230	-3217
39.397939	6230	-3217
39.447945	6230	-3217
39.497950	6230	-3229
39.547955	6230	-3229
39.597960	6230	-3229
39.647964	6230	-3265
39.697969	6170	-3265
39.747974	6150	-3265
39.797979	6106	-3269
39.847984	6074	-3269
39.897989	6042	-3281
39.947994	6022	-3281
39.997999	5974	-3285
40.048005	5922	-3289
40.098010	5890	-3289
40.148015	5854	-3289
40.198020	5834	-3289
40.248024	5794	-3289
40.298029	5730	-3289
40.348034	5666	-3289
40.398039	5666	-3289
40.448044	5618	-3289
40.498049	5526	-3341
40.548054	5413	-3341
40.598059	5357	-3341
40.648065	5189	-3393
40.698070	5113	-3393
40.748075	4993	-3393
40.798079	4957	-3405
40.848084	4937	-3405
40.898089	4917	-3405
40.948094	4913	-3405
40.998099	4913	-3405
41.048104	4893	-3405
41.098109	4893	-3409
41.148114	4893	-3409
41.198120	4889	-3409
41.248125	4889	-3413
41.298130	4889	-3413
41.348135	4889	-3421
41.398139	4889	-3437
41.448144	4889	-3437
41.498149	4889	-3437
41.548154	4889	-3437
41.598159	4889	-3437
41.648164	4889	-3437
41.698169	4889	-3437
41.748174	4889	-3437
41.798180	4889	-3437
41.848185	4889	-3437
41.898190	4889	-3437
41.948195	4889	-3437
41.998199	4889	-3437
42.048204	4889	-3437
42.098209	4889	-3437
42.148214	4889	-3437
42.198219	4889	-3437
42.248224	4889	-3437
42.298229	4889	-3437
42.348235	4889	-3437
42.398240	4889	-3437
42.448245	4889	-3437
42.498250	4889	-3437
42.548254	4889	-3437
42.598259	4889	-3437
42.648264	4889	-3437
42.698269	4889	-3437
42.748274	4889	-3437
42.798279	4889	-3437
42.848284	4889	-3437
42.898289	4889	-3437
42.948295	4889	-3437
42.998300	4889	-3437
43.048305	4889	-3437
43.098310	4889	-3437
43.148314	4889	-3437
43.198319	4889	-3437
43.248324	4889	-3437
43.298329	4889	-3437
43.348334	4889	-3437
43.398339	4889	-3437
43.448344	4889	-3437
43.498349	4889	-3437
43.548355	4889	-3437
43.598360	4889	-3437
43.648365	4889	-3437
43.698370	4889	-3437
43.748374	4889	-3437
43.798379	4889	-3437
43.848384	4889	-3437
43.898389	4889	-3437
43.948394	4889	-3437
43.998399	4889	-3437
44.048404	4889	-3437
44.098410	4889	-3437
44.148415	4889	-3437
44.198420	4889	-3437
44.248425	4889	-3437
44.298429	4889	-3437
44.348434	4889	-3437
44.398439	4889	-3437
44.448444	4889	-3437
44.498449	4889	-3437
44.548454	4889	-3437
44.598459	4889	-3437
44.648464	4889	-3437
44.698470	4889	-3437
44.748475	4889	-3437
44.798480	4889	-3437
44.848485	4889	-3437
44.898489	4889	-3437
44.948494	4889	-3437
44.998499	4889	-3437
45.048504	4889	-3437
45.098509	4889	-3437
45.148514	4889	-3437
45.198519	4889	-3437
45.248524	4889	-3437
45.298530	4889	-3437
45.348535	4889	-3437
45.398540	4889	-3437
45.448545	4889	-3437
45.498549	4889	-3437
45.548554	4889	-3437
45.598559	4889	-3437
45.648564	4889	-3437
45.698569	4889	-3437
45.748574	4889	-3437
45.798579	4889	-3437
45.848585	4889	-3437
45.898590	4889	-3437
45.948595	4889	-3437
45.998600	4889	-3437
46.048604	4889	-3437
46.098609	4889	-3437
46.148614	4889	-3437
46.198619	4889	-3437
46.248624	4889	-3437
46.298629	4889	-3437
46.348634	4889	-3437
46.398639	4889	-3437
46.448645	4889	-3437
46.498650	4889	-3437
46.548655	4889	-3437
46.598660	4889	-3437
46.648664	4889	-3437
46.698669	4889	-3437
46.747674	4889	-3437
46.797679	4889	-3437
46.847684	4889	-3437
46.897689	4889	-3437
46.947694	4889	-3437
46.997699	4889	-3437
47.047704	4889	-3437
47.097709	4889	-3437
47.147714	4889	-3437
47.197719	4889	-3437
47.247725	4889	-3437
47.297729	4889	-3437
47.347734	4889	-3437
47.397739	4889	-3437
47.447744	4889	-3437
47.497749	4889	-3437
47.547754	4889	-3437
47.597759	4889	-3437
47.647764	4889	-3437
47.697769	4889	-3437
47.747774	4889	-3437
47.797779	4889	-3437
47.847785	4889	-3437
47.897789	4889	-3437
47.947794	4889	-3437
47.997799	4889	-3437
48.047804	4889	-3437
48.097809	4889	-3437
48.147814	4889	-3437
48.197819	4889	-3437
48.247824	4889	-3437
48.297829	4889	-3437
48.347834	4889	-3437
48.397840	4889	-3437
48.447845	4889	-3437
48.497849	4889	-3437
48.547854	4889	-3437
48.597859	4889	-3437
48.647864	4889	-3437
48.697869	4889	-3437
48.747874	4889	-3437
48.797879	4889	-3437
48.847884	4889	-3437
48.897889	4889	-3437
48.947894	4889	-3437
48.997900	4889	-3437
49.047904	4889	-3437
49.097909	4889	-3437
49.147914	4889	-3437
49.197919	4889	-3437
49.247924	4889	-3437
49.297929	4889	-3437
49.347934	4889	-3437
49.397939	4889	-3437
49.447944	4889	-3437
49.497949	4889	-3437
49.547954	4889	-3437
49.597960	4889	-3437
49.647964	4889	-3437
49.697969	4889	-3437
49.747974	4889	-3437
49.797979	4889	-3437
49.847984	4889	-3437
49.897989	4889	-3437
49.947994	4889	-3437
49.997999	4889	-3437
50.048004	4889	-3437
50.098009	4889	-3437
50.148015	4889	-3437
50.198020	4889	-3437
50.248024	4889	-3437
50.298029	4889	-3437
50.348034	4889	-3437
50.398039	4889	-3437
50.448044	4889	-3437
50.498049	4889	-3437
50.548054	4889	-3437
50.598059	4889	-3437
50.648064	4889	-3437
50.698069	4889	-3437
50.748075	4889	-3437
50.798079	4889	-3437
50.848084	4889	-3437
50.898089	4889	-3437
50.948094	4889	-3437
50.998099	4889	-3437
51.048104	4889	-3437
51.098109	4889	-3437
51.148114	4889	-3437
51.198119	4889	-3437
51.248124	4889	-3437
51.298129	4889	-3437
51.348135	4889	-3437
51.398139	4889	-3437
51.448144	4889	-3437
51.498149	4889	-3437
51.548154	4889	-3437
51.598159	4889	-3437
51.648164	4889	-3437
51.698169	4889	-3437
51.748174	4889	-3437
51.798179	4889	-3437
51.848184	4889	-3437
51.898190	4889	-3437
51.948195	4889	-3437
51.998199	4889	-3437
52.048204	4889	-3437
52.098209	4889	-3437
52.148214	4889	-3437
52.198219	4889	-3437
52.248224	4889	-3437
52.298229	4889	-3437
52.348234	4889	-3437
52.398239	4889	-3437
52.448244	4889	-3437
52.498250	4889	-3437
52.548254	4889	-3437
52.598259	4889	-3437
52.648264	4889	-3437
52.698269	4889	-3437
52.748274	4889	-3437
52.798279	4889	-3437
52.848284	4889	-3437
52.898289	4889	-3437
52.948294	4889	-3437
52.998299	4889	-3437
53.048304	4889	-3437
53.098310	4889	-3437
53.148314	4889	-3437
53.198319	4889	-3437
53.248324	4889	-3437
53.298329	4889	-3437
53.348334	4889	-3437
53.398339	4889	-3437
53.448344	4889	-3437
53.498349	4889	-3437
53.548354	4889	-3437
53.598359	4889	-3437
53.648365	4889	-3437
53.698370	4889	-3437
53.748374	4889	-3437
53.798379	4889	-3437
53.848384	4889	-3437
53.898389	4889	-3437
53.948394	4889	-3437
53.998399	4889	-3437
54.048404	4889	-3437
54.098409	4889	-3437
54.148414	4889	-3437
54.198419	4889	-3437
54.248425	4889	-3437
54.298429	4889	-3437
54.348434	4889	-3437
54.398439	4889	-3437
54.448444	4889	-3437
54.498449	4889	-3437
54.548454	4889	-3437
54.598459	4889	-3437
54.648464	4889	-3437
54.698469	4889	-3437
54.748474	4889	-3437
54.798479	4889	-3437
54.848485	4889	-3437
54.898489	4889	-3437
54.948494	4889	-3437
54.998499	4889	-3437
55.048504	4889	-3437
55.098509	4889	-3437
55.148514	4889	-3437
55.198519	4889	-3437
55.248524	4889	-3437
55.298529	4889	-3437
55.348534	4889	-3437
55.398540	4889	-3437
55.448545	4889	-3437
55.498549	4889	-3437
55.548554	4889	-3437
55.598559	4889	-3437
55.648564	4889	-3437
55.698569	4889	-3437
55.748574	4889	-3437
55.798579	4889	-3437
55.848584	4889	-3437
55.898589	4889	-3437
55.948594	4889	-3437
55.998600	4889	-3437
56.048604	4889	-3437
56.098609	4889	-3437
56.148614	4889	-3437
56.198619	4889	-3437
56.249624	4889	-3437
56.298629	4889	-3437
56.348634	4889	-3437
56.398639	4889	-3437
56.448644	4889	-3437
56.498649	4889	-3437
56.548654	4889	-3437
56.598660	4889	-3437
56.648664	4889	-3437
56.698669	4889	-3437
56.748674	4889	-3437
56.798679	4889	-3437
56.848684	4889	-3437
56.898689	4889	-3437
56.948694	4889	-3437
56.998699	4889	-3437
57.048704	4889	-3437
57.098709	4889	-3437
57.148715	4889	-3437
57.198720	4889	-3437
57.248724	4889	-3437
57.298729	4889	-3437
57.348734	4889	-3437
57.398739	4889	-3437
57.448744	4889	-3437
57.498749	4889	-3437
57.548754	4889	-3437
57.598759	4889	-3437
57.648764	4889	-3437
57.698769	4889	-3437
57.748775	4889	-3437
57.798779	4889	-3437
57.848784	4889	-3437
57.898789	4889	-3437
57.948794	4889	-3437
57.998799	4889	-3437
58.048804	4889	-3437
58.098809	4889	-3437
58.148814	4889	-3437
58.198819	4889	-3437
58.248824	4889	-3437
58.298829	4889	-3437
58.348835	4889	-3437
58.398839	4889	-3437
58.448844	4889	-3437
58.498849	4889	-3437
58.548854	4889	-3437
58.598859	4889	-3437
58.648864	4889	-3437
58.698869	4889	-3437
58.748874	4889	-3437
58.798879	4889	-3437
58.848884	4889	-3437
58.898890	4889	-3437
58.948895	4889	-3437
58.998899	4889	-3437
59.048904	4889	-3437
59.098909	4889	-3437
59.148914	4889	-3437
59.198919	4889	-3437
59.248924	4889	-3437
59.298929	4889	-3437
59.348934	4889	-3437
59.398939	4889	-3437
59.448944	4889	-3437
59.498950	4889	-3437
59.550954	4889	-3437
59.598959	4889	-3437
59.648964	4889	-3437
59.698969	4889	-3437
59.748974	4889	-3437
59.798979	4889	-3437
59.848984	4889	-3437
59.904990	4889	-3437
59.949995	4889	-3437
60.000000	4889	-3437
60.050004	4889	-3437
60.100009	4889	-3437
60.150014	4889	-3437
60.200019	4889	-3437
60.250024	4889	-3437
60.300029	4889	-3437
60.350034	4889	-3437
60.400039	4889	-3437
60.450045	4889	-3437
60.500050	4889	-3437
60.550055	4889	-3437
60.600060	4889	-3437
60.650064	4889	-3437
60.700069	4889	-3437
60.750074	4889	-3437
60.800079	4889	-3437
60.850084	4889	-3437
60.900089	4889	-3437
60.950094	4889	-3437
61.000099	4889	-3437
61.050105	4889	-3437
61.100110	4889	-3437
61.150115	4889	-3437
61.200119	4889	-3437
61.250124	4889	-3437
61.300129	4889	-3437
61.350134	4889	-3437
61.400139	4889	-3437
61.450144	4889	-3437
61.500149	4889	-3437
61.550154	4889	-3437
61.600160	4889	-3437
61.650165	4889	-3437
61.700170	4889	-3437
61.750175	4889	-3437
61.800179	4889	-3437
61.850184	4889	-3437
61.900189	4889	-3437
61.950194	4889	-3437
62.000199	4889	-3437
62.050204	4889	-3437
62.100209	4901	-3437
62.150214	4965	-3437
62.200220	5013	-3437
62.250225	5053	-3437
62.300230	5141	-3437
62.350235	5141	-3437
62.400239	5173	-3437
62.450244	5189	-3437
62.500249	5197	-3437
62.550254	5245	-3437
62.600259	5313	-3437
62.650264	5421	-3437
62.700269	5558	-3433
62.750274	5642	-3229
62.800280	5646	-3113
62.850285	5734	-2865
62.900290	5738	-2693
62.950294	5750	-2545
63.000299	5750	-2377
63.050304	5750	-2209
63.100309	5750	-2101
63.150314	5750	-2045
63.200319	5750	-1997
63.250324	5750	-1933
63.300329	5750	-1913
63.350335	5750	-1877
63.400340	5750	-1853
63.450345	5750	-1845
63.500350	5750	-1793
63.550354	5750	-1769
63.600359	5750	-1741
63.650364	5750	-1741
63.700369	5750	-1741
63.750374	5750	-1741
63.800379	5750	-1741
63.850384	5750	-1741
63.900389	5754	-1741
63.950395	5754	-1741
64.000400	5766	-1725
64.050405	5782	-1697
64.100410	5782	-1629
64.150414	5782	-1613
64.199419	5798	-1569
64.249424	5798	-1565
64.299429	5802	-1545
64.349434	5802	-1485
64.399439	5806	-1453
64.449444	5806	-1421
64.499449	5806	-1385
64.549454	5822	-1365
64.599459	5822	-1309
64.649464	5822	-1269
64.699469	5826	-1229
64.749475	5842	-1165
64.799479	5842	-1085
64.849484	5842	-1065
64.899489	5842	-1005
64.949494	5842	-945
64.999499	5842	-881
65.049504	5842	-869
65.099509	5850	-845
65.149514	5870	-845
65.199519	5870	-845
65.249524	5874	-845
65.299530	5874	-841
65.349535	5874	-821
65.399539	5874	-817
65.449544	5874	-761
65.499549	5874	-741
65.549554	5874	-685
65.599559	5874	-657
65.649564	5874	-625
65.699569	5874	-585
65.749574	5874	-429
65.799579	5874	-417
65.849584	5874	-349
65.899590	5874	-349
65.949594	5874	-325
65.999599	5874	-325
66.049604	5874	-297
66.099609	5874	-297
66.149614	5874	-257
66.199619	5874	-237
66.249624	5874	-197
66.299629	5874	-125
66.349634	5874	-125
66.399639	5874	-89
66.449644	5874	-77
66.499650	5874	-77
66.549654	5874	-77
66.599659	5874	-49
66.649664	5874	-49
66.699669	5874	-49
66.749674	5874	-49
66.799679	5874	-49
66.849684	5874	-49
66.899689	5874	-49
66.949694	5874	-49
66.999699	5874	-49
67.049705	5874	-49
67.099710	5874	-49
67.149714	5874	-49
67.199719	5874	-49
67.249724	5874	-49
67.299729	5874	-49
67.349734	5874	-49
67.399739	5874	-49
67.449744	5874	-49
67.499749	5874	-49
67.549754	5874	-49
67.599759	5874	-49
67.649765	5874	-49
67.699769	5874	-49
67.749774	5874	-49
67.799779	5874	-49
67.849784	5874	-49
67.899789	5874	-49
67.949794	5874	-49
67.999799	5874	-49
68.049804	5874	-49
68.099809	5874	-49
68.149814	5874	-49
68.199819	5874	-49
68.249825	5874	-49
68.299829	5874	-49
68.349834	5874	-49
68.399839	5874	-49
68.449844	5874	-49
68.499849	5874	-49
68.549854	5874	-49
68.599859	5874	-49
68.649864	5874	-49
68.699869	5874	-49
68.749874	5874	-49
68.799880	5874	-49
68.849885	5874	-49
68.899889	5874	-49
68.949894	5874	-49
68.999899	5874	-49
69.049904	5874	-49
69.099909	5874	-49
69.149914	5874	-49
69.199919	5874	-49
69.249924	5874	-49
69.299929	5874	-49
69.349934	5874	-49
69.399940	5874	-49
69.449944	5874	-41
69.499949	5874	-25
69.549954	5874	-1
69.599959	5874	0
69.649964	5874	0
69.699969	5874	0
69.749974	5874	0
69.799979	5874	0
69.849984	5874	0
69.899989	5874	0
69.949994	5874	0
70.000000	5874	0
70.050004	5874	0
70.100009	5874	0
70.150014	5874	8
70.200019	5874	8
70.250024	5874	12
70.300029	5874	12
70.350034	5874	40
70.400039	5874	64
70.450044	5874	124
70.500049	5874	148
70.550055	5874	188
70.600060	5874	192
70.650064	5874	192
70.700069	5894	200
70.750074	5894	200
70.800079	5898	200
70.850084	5898	200
70.900089	5898	200
70.950094	5898	200
71.000099	5898	200
71.050104	5918	204
71.100109	5918	236
71.150115	5918	236
71.200119	5918	236
71.250124	5930	248
71.300129	5930	248
71.350134	5942	248
71.400139	5942	248
71.450144	5942	248
71.500149	5942	248
71.550154	5942	248
71.600159	5942	248
71.650164	5942	252
71.700169	5942	260
71.750175	5942	276
71.800179	5942	284
71.850184	5942	300
71.900189	5942	336
71.950194	5942	336
72.000199	5942	336
72.050204	5942	336
72.100209	5942	372
72.150214	5942	372
72.200219	5942	372
72.250224	5942	372
72.300230	5942	372
72.350235	5942	372
72.400239	5942	372
72.450244	5942	372
72.500249	5942	372
72.550254	5942	372
72.600259	5942	376
72.650264	5942	376
72.700269	5942	384
72.750274	5942	384
72.800279	5942	384
72.850284	5942	388
72.900290	5942	392
72.950294	5942	392
73.000299	5942	392
73.050304	5942	392
73.100309	5942	392
73.150314	5942	396
73.200319	5942	416
73.250324	5942	416
73.300329	5942	428
73.350334	5942	428
73.400339	5942	428
73.450344	5942	428
73.500350	5942	428
73.550354	5942	428
73.600359	5942	428
73.650364	5942	428
73.700369	5942	428
73.750374	5942	428
73.800379	5942	428
73.850384	5942	428
73.900389	5942	428
73.950394	5942	428
74.000399	5942	428
74.050405	5942	428
74.100410	5942	428
74.150414	5942	428
74.200419	5942	428
74.250424	5942	428
74.300429	5942	428
74.350434	5942	436
74.400439	5942	436
74.450444	5942	436
74.500449	5942	436
74.550454	5942	436
74.600459	5942	436
74.650465	5942	436
74.700469	5942	436
74.750474	5942	436
74.800479	5942	436
74.850484	5942	436
74.900489	5942	436
74.950494	5942	436
75.000499	5942	436
75.050504	5942	436
75.100509	5942	436
75.150514	5942	436
75.200519	5942	436
75.250525	5942	436
75.300529	5942	448
75.350534	5942	448
75.400539	5942	460
75.450544	5942	460
75.500549	5942	460
75.550554	5942	460
75.600559	5942	468
75.650564	5942	468
75.700569	5942	476
75.750574	5942	476
75.800580	5942	476
75.850585	5942	476
75.900589	5942	476
75.950594	5942	476
76.000599	5942	476
76.050604	5942	476
76.100609	5942	476
76.150614	5942	476
76.200619	5942	476
76.250624	5942	476
76.300629	5942	476
76.350634	5942	480
76.400640	5942	480
76.450644	5942	480
76.500649	5942	480
76.550654	5942	492
76.600659	5942	492
76.650664	5942	504
76.700669	5942	504
76.750674	5942	504
76.800679	5942	504
76.850684	5942	504
76.900689	5942	504
76.950694	5942	512
77.000700	5942	528
77.050704	5942	528
77.100709	5942	528
77.150714	5942	528
77.200719	5942	528
77.250724	5942	528
77.300729	5942	528
77.350734	5942	528
77.400739	5942	528
77.450744	5942	528
77.500749	5942	528
77.550755	5942	528
77.600760	5942	528
77.650764	5942	548
77.700769	5942	548
77.750774	5942	548
77.800779	5942	552
77.850784	5942	552
77.900789	5942	552
77.950794	5942	552
78.000799	5942	552
78.050804	5942	552
78.100809	5942	552
78.150815	5942	552
78.200819	5942	552
78.250824	5942	552
78.300829	5942	560
78.350834	5942	560
78.400839	5942	564
78.450844	5942	564
78.500849	5942	564
78.550854	5942	564
78.600859	5942	564
78.650864	5942	564
78.700869	5942	564
78.750875	5942	564
78.800879	5942	564
78.850884	5942	564
78.900889	5942	564
78.950894	5942	564
79.000899	5942	564
79.050904	5942	564
79.100909	5942	564
79.150914	5942	564
79.200919	5942	564
79.250924	5942	564
79.300930	5942	564
79.350935	5942	564
79.400939	5942	564
79.450944	5942	564
79.500949	5942	564
79.550954	5942	564
79.600959	5942	564
79.650964	5942	564
79.700969	5942	564
79.750974	5942	564
79.800979	5942	564
79.850984	5942	564
79.900990	5942	564
79.950994	5942	564
80.000999	5942	564
80.051004	5942	564
80.101009	5942	564
80.151014	5942	564
80.201019	5942	564
80.251024	5942	564
80.301029	5942	564
80.351034	5942	564
80.401039	5942	564
80.451044	5942	564
80.501050	5942	564
80.551054	5942	564
80.601059	5942	564
80.651064	5942	564
80.701069	5942	564
80.751074	5942	564
80.801079	5942	564
80.851084	5942	564
80.901089	5942	564
80.951094	5942	564
81.001099	5942	564
81.051105	5942	564
81.101110	5942	564
81.151114	5942	564
81.201119	5942	564
81.251124	5942	564
81.301129	5942	564
81.351134	5942	564
81.401139	5942	564
81.451144	5942	564
81.501149	5942	564
81.551154	5942	564
81.601159	5942	564
81.651165	5942	564
81.700169	5942	564
81.750174	5942	564
81.800179	5942	564
81.850184	5942	564
81.900189	5942	564
81.950194	5942	564
82.000199	5942	564
82.050204	5942	576
82.100209	5942	576
82.150214	5942	592
82.200219	5942	592
82.250224	5942	592
82.300229	5942	592
82.350234	5942	592
82.400239	5942	596
82.450244	5942	596
82.500249	5942	596
82.550254	5942	596
82.600259	5942	596
82.650264	5942	596
82.700269	5942	596
82.750274	5942	596
82.800279	5942	596
82.850284	5942	596
82.900289	5942	596
82.950294	5942	596
83.000299	5942	596
83.050304	5942	596
83.100309	5942	596
83.150314	5942	596
83.200319	5942	596
83.250324	5942	596
83.300329	5942	596
83.350334	5942	596
83.400339	5942	596
83.450344	5942	596
83.500349	5942	596
83.550354	5942	596
83.600359	5942	596
83.650364	5942	608
83.700369	5942	608
83.750374	5942	608
83.800379	5942	612
83.850384	5942	616
83.900389	5942	616
83.950394	5942	616
84.000399	5942	616
84.050404	5942	616
84.100409	5942	616
84.150414	5942	616
84.200419	5942	616
84.250424	5942	624
84.300429	5942	624
84.350434	5942	624
84.400439	5942	624
84.450444	5942	624
84.500449	5942	624
84.550454	5942	624
84.600459	5942	624
84.650464	5942	624
84.700469	5942	624
84.750474	5942	628
84.800479	5942	628
84.850484	5942	628
84.900489	5942	628
84.950494	5942	628
85.000499	5942	628
85.050504	5942	628
85.100509	5942	628
85.150514	5942	628
85.200519	5942	628
85.250524	5942	636
85.300529	5942	636
85.350534	5942	636
85.400539	5942	636
85.450544	5942	636
85.500549	5942	636
85.550554	5942	636
85.600559	5942	636
85.650564	5942	636
85.700569	5942	636
85.750574	5942	636
85.800579	5942	636
85.850584	5942	636
85.900589	5942	636
85.950594	5942	636
86.000599	5942	636
86.050604	5942	636
86.100609	5942	636
86.150614	5942	636
86.200619	5942	636
86.250624	5942	636
86.300629	5942	636
86.350634	5942	636
86.400639	5942	636
86.450644	5942	636
86.500649	5942	636
86.550654	5942	636
86.600659	5942	636
86.650664	5942	636
86.700669	5942	636
86.750674	5942	636
86.800679	5942	636
86.850684	5942	636
86.900689	5942	636
86.950694	5942	636
87.000699	5942	636
87.050704	5942	636
87.100709	5942	636
87.150714	5942	636
87.200719	5942	656
87.250724	5942	656
87.300729	5942	656
87.350734	5942	656
87.401739	5942	656
87.450744	5942	656
87.500749	5942	656
87.550754	5942	656
87.600759	5942	656
87.650764	5942	656
87.700769	5942	656
87.750774	5942	656
87.800779	5942	656
87.850784	5942	656
87.900789	5942	656
87.950794	5942	656
88.000799	5942	656
88.050804	5942	660
88.100809	5942	660
88.150814	5942	660
88.200819	5942	664
88.250824	5942	664
88.300829	5942	668
88.350834	5942	668
88.400839	5942	680
88.450844	5942	680
88.500849	5942	680
88.550854	5942	680
88.600859	5942	680
88.650864	5942	680
88.700869	5942	680
88.750874	5942	680
88.800879	5942	680
88.850884	5942	680
88.900889	5942	680
88.950894	5942	680
89.000899	5942	680
89.050904	5942	680
89.100909	5942	680
89.150914	5942	680
89.200919	5942	680
89.250924	5942	680
89.300929	5942	680
89.350934	5942	680
89.400939	5942	680
89.450944	5942	680
89.500949	5942	680
89.550954	5942	680
89.600959	5942	680
89.650964	5942	680
89.700969	5942	680
89.750974	5942	680
89.800979	5942	680
89.850984	5942	680
89.900989	5942	680
89.950994	5942	680
90.000999	5942	680
90.051004	5942	680
90.101009	5942	680
90.151014	5942	680
90.201019	5942	680
90.251024	5942	680
90.301029	5942	680
90.351034	5942	680
90.401039	5942	680
90.451044	5942	680
90.501049	5942	680
90.551054	5942	680
90.601059	5942	680
90.651064	5942	680
90.701069	5942	680
90.751074	5942	680
90.801079	5942	680
90.851084	5942	680
90.901089	5942	680
90.951094	5942	680
91.001099	5942	680
91.051104	5942	680
91.101109	5942	680
91.151114	5942	680
91.201119	5942	680
91.251124	5942	680
91.301129	5942	680
91.351134	5942	680
91.401139	5942	680
91.451144	5942	680
91.501149	5942	680
91.551154	5942	680
91.601159	5942	680
91.651164	5942	680
91.701169	5942	680
91.751174	5942	680
91.801179	5942	680
91.851184	5942	680
91.931192	5942	680
91.951194	5942	680
92.001199	5942	680
92.051204	5942	680
92.101209	5942	680
92.151214	5942	680
92.201219	5942	680
92.251224	5942	680
92.301229	5942	680
92.351234	5942	680
92.401239	5942	680
92.455245	5942	680
92.501249	5942	680
92.551254	5942	680
92.601259	5942	680
92.651264	5942	680
92.701269	5942	680
92.751274	5942	680
92.801279	5942	680
92.851284	5942	680
92.901289	5942	680
92.951294	5942	680
93.001299	5942	680
93.051304	5942	680
93.101309	5942	680
93.151314	5942	680
93.201319	5942	680
93.251324	5942	680
93.301329	5942	680
93.351334	5942	680
93.401339	5942	680
93.451344	5942	680
93.501349	5942	680
93.551354	5942	680
93.601359	5942	680
93.651364	5942	680
93.701369	5942	680
93.751374	5942	680
93.801379	5942	680
93.851384	5942	680
93.901389	5942	680
93.951394	5942	684
94.001399	5942	684
94.051404	5942	684
94.101409	5942	684
94.151414	5942	684
94.201419	5942	692
94.251424	5942	692
94.301429	5942	692
94.351434	5942	692
94.401439	5942	692
94.451444	5942	692
94.501449	5942	692
94.551454	5942	700
94.601459	5942	708
94.651464	5942	708
94.701469	5942	708
94.751474	5942	708
94.801479	5942	708
94.851484	5942	708
94.901489	5942	708
94.951494	5942	708
95.001499	5942	708
95.051504	5942	708
95.101509	5942	708
95.151514	5942	708
95.201519	5942	708
95.251524	5942	708
95.301529	5942	708
95.351534	5942	708
95.401539	5942	708
95.451544	5942	708
95.501549	5942	708
95.551554	5942	708
95.601559	5942	708
95.651564	5942	708
95.701569	5942	708
95.751574	5942	708
95.801579	5942	708
95.851584	5942	708
95.901589	5942	708
95.951594	5942	708
96.001599	5942	708
96.051604	5942	708
96.101609	5942	708
96.151614	5942	708
96.201619	5942	708
96.251624	5942	708
96.301629	5942	708
96.351634	5942	708
96.401639	5942	708
96.451644	5942	708
96.501649	5942	708
96.551654	5942	708
96.601659	5942	708
96.651664	5942	708
96.701669	5942	708
96.751674	5942	708
96.801679	5942	708
96.851684	5942	708
96.901689	5942	708
96.951694	5942	708
97.001699	5942	708
97.051704	5942	708
97.101709	5942	708
97.151714	5942	708
97.201719	5942	708
97.251724	5942	708
97.301729	5942	708
97.351734	5942	708
97.401739	5942	712
97.451744	5942	712
97.501749	5942	712
97.551754	5942	712
97.601759	5942	716
97.651764	5942	716
97.701769	5942	716
97.751774	5942	716
97.801779	5942	716
97.851784	5942	716
97.901789	5942	716
97.951794	5942	716
98.001799	5942	716
98.051804	5942	716
98.101809	5942	716
98.151814	5942	716
98.201819	5942	716
98.251824	5942	716
98.301829	5942	728
98.351834	5942	728
98.401839	5942	728
98.451844	5942	728
98.501849	5942	728
98.551854	5942	728
98.601859	5942	728
98.651864	5942	728
98.701869	5942	728
98.751874	5942	728
98.801879	5942	728
98.851884	5942	728
98.901889	5942	728
98.951894	5942	728
99.001899	5942	728
99.051904	5942	728
99.101909	5942	728
99.151914	5942	728
99.200919	5942	728
99.250924	5942	728
99.300929	5942	728
99.350934	5942	728
99.400939	5942	728
99.450944	5942	728
99.500949	5942	728
99.550954	5942	728
99.600959	5942	728
99.650964	5942	728
99.700969	5942	728
99.750974	5942	728
99.800979	5942	728
99.850984	5942	728
99.900989	5942	728
99.950994	5942	728
100.000999	5942	728
100.051004	5942	728
100.101009	5942	728
100.151014	5942	728
100.201019	5942	728
100.251024	5942	728
100.301029	5942	732
100.351034	5942	732
100.401039	5942	732
100.451044	5942	732
100.501049	5942	732
100.551054	5942	732
100.601059	5942	732
100.651064	5942	732
100.701069	5942	732
100.751074	5942	732
100.801079	5942	732
100.851084	5942	732
100.901089	5942	732
100.951094	5942	732
101.001099	5942	732
101.051104	5942	732
101.101109	5942	732
101.151114	5942	732
101.201119	5942	732
101.251124	5942	732
101.301129	5942	732
101.351134	5942	732
101.401139	5942	732
101.451144	5942	732
101.501149	5942	732
101.551154	5942	732
101.601159	5942	732
101.651164	5942	732
101.701169	5942	740
101.751174	5942	740
101.801179	5942	740
101.851184	5942	740
101.901189	5942	740
101.951194	5942	740
102.001199	5942	740
102.051204	5942	740
102.101209	5942	740
102.151214	5942	740
102.201219	5942	740
102.251224	5942	740
102.301229	5942	740
102.351234	5942	740
102.401239	5942	740
102.451244	5942	740
102.501249	5942	740
102.551254	5942	740
102.601259	5942	740
102.651264	5942	740
102.701269	5898	740
102.751274	5878	740
102.801279	5850	740
102.851284	5822	740
102.901289	5738	740
102.951294	5654	740
103.001299	5417	728
103.051304	4853	628
103.101309	4205	588
103.151314	3817	540
103.201319	3649	540
103.251324	3625	504
103.301329	3589	504
103.351334	3589	504
103.401339	3561	480
103.451344	3529	480
103.501349	3521	480
103.551354	3445	480
103.601359	3405	480
103.651364	3261	476
103.701369	3117	472
103.751374	2985	464
103.801379	2909	404
103.851384	2865	404
103.901389	2797	404
103.951394	2749	404
104.001399	2713	400
104.051404	2653	392
104.101409	2633	392
104.151414	2617	392
104.201419	2593	380
104.251424	2593	368
104.301429	2577	368
104.351434	2557	360
104.401439	2557	360
104.451444	2549	360
104.501449	2509	356
104.551454	2469	356
104.601459	2453	336
104.651464	2425	336
104.701469	2393	336
104.751474	2361	328
104.801479	2341	328
104.851484	2277	328
104.901489	2181	328
104.951494	2065	328
105.001499	1837	328
105.051504	1689	328
105.101509	1481	0
105.151514	1305	0
105.201519	1089	0
105.251524	341	0
105.301529	0	0
105.351534	0	0
105.401539	0	0
105.451544	0	0
105.501549	0	0
105.551554	0	0
105.601559	0	0
105.651564	0	0
105.701569	0	0
105.751574	0	0
105.801579	0	0
105.851584	0	0
105.901589	0	0
105.951594	0	0
106.001599	0	0
106.051604	0	0
106.101609	0	0
106.151614	0	0
106.201619	0	0
106.251624	0	0
106.301629	0	0
106.351634	0	0
106.401639	0	0
106.451644	0	0
106.501649	0	0
106.551654	0	0
106.601659	0	0
106.651664	0	0
106.701669	0	0
106.751674	0	0
106.801679	0	0
106.851684	0	0
106.901689	0	0
106.951694	0	0
107.001699	0	0
107.051704	0	0
107.101709	0	0
107.151714	0	0
107.201719	0	0
107.251724	0	0
107.301729	0	0
107.351734	0	0
107.401739	0	0
107.451744	0	0
107.501749	0	0
107.551754	0	0
107.601759	0	0
107.651764	0	0
107.701769	0	0
107.751774	0	0
107.801779	0	0
107.851784	0	0
107.901789	0	0
107.951794	0	0
108.001799	0	0
108.051804	0	0
108.101809	0	0
108.151814	0	0
108.201819	0	0
108.251824	0	0
108.301829	0	0
108.351834	0	0
108.401839	0	0
108.451844	0	0
108.501849	0	0
108.551854	0	0
108.601859	0	0
108.651864	0	0
108.701869	0	0
108.751874	0	0
108.801879	0	0
108.851884	0	0
108.901889	0	0
108.951894	0	0
109.001899	0	0
109.051904	0	0
109.101909	0	0
109.151914	0	0
109.201919	0	0
109.251924	0	0
109.301929	0	0
109.351934	0	0
109.401939	0	0
109.451944	0	0
109.501949	0	0
109.551954	0	0
109.601959	0	0
109.651964	0	0
109.701969	0	0
109.751974	0	0
109.801979	0	0
109.851984	0	0
109.901989	0	0
109.951994	0	0
110.001999	0	0
110.052004	0	0
110.102009	0	0
110.152014	0	0
110.202019	0	0
110.252024	0	0
110.302029	0	0
110.352034	0	0
110.402039	0	0
110.452044	0	0
110.502049	0	0
110.552054	0	0
110.602059	0	0
110.656065	0	0
110.702069	0	0
110.752074	0	0
110.802079	0	0
110.852084	0	0
110.902089	0	0
110.952094	0	0
111.002099	0	0
111.052104	0	0
111.102109	0	0
111.152114	0	0
111.202119	0	0
111.252124	0	0
111.302129	0	0
111.352134	0	0
111.402139	0	0
111.452144	0	0
111.502149	0	0
111.552154	0	0
111.602159	0	0
111.652164	0	0
111.702169	0	0
111.752174	0	0
111.802179	0	0
111.852184	0	0
111.902189	0	0
111.952194	0	0
112.002199	0	0
112.052204	0	0
112.102209	0	0
112.152214	0	0
112.202219	0	0
112.252224	0	0
112.302229	0	0
112.352234	0	0
112.402239	0	0
112.452244	0	0
112.502249	0	0
112.552254	0	0
112.602259	0	0
112.652264	0	0
112.702269	0	0
112.752274	0	0
112.802279	0	0
112.852284	0	0
112.902289	0	0
112.952294	0	0
113.002299	0	0
113.052304	0	0
113.102309	0	0
113.152314	0	0
113.202319	0	0
113.252324	0	0
113.302329	0	0
113.352334	0	0
113.402339	0	0
113.452344	0	0
113.502349	0	0
113.552354	0	0
113.602359	0	0
113.652364	0	0
113.702369	0	0
113.752374	0	0
113.802379	0	0
113.852384	0	0
113.902389	0	0
113.952394	0	0
114.002399	0	0
114.052404	0	0
114.102409	0	0
114.152414	0	0
114.202419	0	0
114.252424	0	0
114.302429	0	0
114.352434	0	0
114.402439	0	0
114.452444	0	0
114.502449	0	0
114.552454	0	0
114.602459	0	0
114.652464	0	0
114.702469	0	0
114.752474	0	0
114.802479	0	0
114.852484	0	0
114.902489	0	0
114.952494	0	0
115.002499	0	0
115.052504	0	0
115.102509	0	0
115.152514	0	0
115.202519	0	0
115.252524	0	0
115.302529	0	0
115.352534	0	0
115.402539	0	0
115.452544	0	0
115.502549	0	0
115.552554	0	0
115.602559	0	0
115.652564	0	0
115.702569	0	0
115.752574	0	0
115.802579	0	0
115.852584	0	0
115.902589	0	0
115.952594	0	0
116.002599	0	0
116.052604	0	0
116.102609	0	0
116.152614	0	0
116.202619	0	0
116.252624	0	0
116.302629	0	0
116.352634	0	0
116.402639	0	0
116.452644	0	0
116.502649	0	0
116.552654	0	0
116.602659	0	0
116.651664	0	0
116.701669	0	0
116.751674	0	0
116.801679	0	0
116.851684	0	0
116.901689	0	0
116.951694	0	0
117.001699	0	0
117.051704	0	0
117.101709	0	0
117.151714	0	0
117.201719	0	0
117.251724	0	0
117.301729	0	0
117.351734	0	0
117.401739	0	0
117.451744	0	0
117.501749	0	0
117.551754	0	0
117.601759	0	0
117.651764	0	0
117.701769	0	0
117.751774	0	0
117.801779	0	0
117.851784	0	0
117.901789	0	0
117.951794	0	0
118.001799	0	0
118.051804	0	0
118.101809	0	0
118.151814	0	0
118.201819	0	0
118.251824	0	0
118.301829	0	0
118.351834	0	0
118.401839	0	0
118.451844	0	0
118.501849	0	0
118.551854	0	0
118.601859	0	0
118.651864	0	0
118.701869	0	0
118.751874	0	0
118.801879	0	0
118.851884	0	0
118.901889	0	0
118.951894	0	0
119.001899	0	0
119.051904	0	0
119.101909	0	0
119.151914	0	0
119.201919	0	0
119.251924	0	0
119.301929	0	0
119.351934	0	0
119.401939	0	0
119.451944	0	0
119.501949	0	0
119.551954	0	0
119.601959	0	0
119.651964	0	0
119.701969	0	0
119.751974	0	0
119.801979	0	0
119.851984	0	0
119.901989	0	0
119.951994	0	0
120.001999	0	0
120.052004	0	0
120.102009	0	0
120.152014	0	0
120.202019	0	0
120.252024	0	0
120.302029	0	0
120.352034	0	0
120.402039	0	0
120.452044	0	0
120.502049	0	0
120.552054	0	0
120.602059	0	0
120.652064	0	0
120.702069	0	0
120.752074	0	0
120.802079	0	0
120.852084	0	0
120.902089	0	0
120.952094	0	0
121.002099	0	0
121.052104	0	0
121.102109	0	0
121.152114	0	0
121.202119	0	0
121.252124	0	0
121.302129	0	0
121.352134	0	0
121.402139	0	0
121.452144	0	0
121.502149	0	0
121.552154	0	0
121.602159	0	0
121.652164	0	0
121.702169	0	0
121.752174	0	0
121.802179	0	0
121.852184	0	0
121.902189	0	0
121.952194	0	0
122.002199	0	0
122.052204	0	0
122.102209	0	0
122.152214	0	0
122.202219	0	0
122.252224	0	0
122.302229	0	0
122.352234	0	0
122.402239	0	0
122.452244	0	0
122.502249	0	0
122.552254	0	0
122.602259	0	0
122.652264	0	0
122.702269	0	0
122.752274	0	0
122.802279	0	0
122.852284	0	0
122.902289	0	0
122.952294	0	0
123.002299	0	0
123.052304	0	0
123.102309	0	0
123.152314	0	0
123.202319	0	0
123.252324	0	0
123.302329	0	0
123.352334	0	0
123.402339	0	0
123.452344	0	0
123.502349	0	0
123.552354	0	0
123.602359	0	0
123.652364	0	0
123.702369	0	0
123.752374	0	0
123.802379	0	0
123.852384	0	0
123.957395	0	0
124.029402	0	0
124.052404	0	0
124.102409	0	0
124.152414	0	0
124.202419	0	0
124.252424	0	0
124.302429	0	0
124.352434	0	0
124.402439	0	0
124.452444	0	0
124.502449	0	0
124.552454	0	0
124.602459	0	0
124.652464	0	0
124.702469	0	0
124.752474	0	0
124.802479	0	0
124.852484	0	0
124.902489	0	0
124.952494	0	0
125.002499	0	0
125.055504	0	0
125.102509	0	0
125.152514	0	0
125.202519	0	0
125.252524	0	0
125.302529	0	0
125.352534	0	0
125.402539	0	0
125.452544	0	0
125.502549	0	0
125.552554	0	0
125.602559	0	0
125.652564	0	0
125.702569	0	0
125.752574	0	0
125.802579	0	0
125.852584	0	0
125.902589	0	0
125.952594	0	0
126.002599	0	0
126.052604	0	0
126.102609	0	0
126.152614	0	0
126.202619	0	0
126.252624	0	0
126.302629	0	0
126.352634	0	0
126.402639	0	0
126.452644	0	0
126.502649	0	0
126.552654	0	0
126.602659	0	0
126.652664	0	0
126.702669	0	0
126.752674	0	0
126.802679	0	0
126.852684	0	0
126.902689	0	0
126.952694	0	0
127.002699	0	0
127.052704	0	0
127.102709	0	0
127.152714	0	0
127.202719	0	0
127.252724	0	0
127.302729	0	0
127.352734	0	0
127.402739	0	0
127.452744	0	0
127.502749	0	0
127.552754	0	0
127.602759	0	0
127.652764	0	0
127.702769	0	0
127.752774	0	0
127.802779	0	0
127.852784	0	0
127.902789	0	0
127.952794	0	0
128.002799	0	0
128.052804	0	0
128.102809	0	0
128.152814	0	0
128.202819	0	0
128.252824	0	0
128.302829	0	0
128.352834	0	0
128.402839	0	0
128.452844	0	0
128.502849	0	0
128.552854	0	0
128.602859	0	0
128.652864	0	0
128.702869	0	0
128.752874	0	0
128.802879	0	0
128.852884	0	0
128.902889	0	0
128.952894	0	0
129.002899	0	0
129.052904	0	0
129.102909	0	0
129.152914	0	0
129.202919	0	0
129.252924	0	0
129.302929	0	0
129.352934	0	0
129.402939	0	0
129.452944	0	0
129.502949	0	0
129.552954	0	0
129.602959	0	0
129.652964	0	0
129.702969	0	0
129.752974	0	0
129.802979	0	0
129.852984	0	0
129.902989	0	0
129.952994	0	0
130.002999	0	0
130.114010	0	0
130.186018	0	0
130.203019	0	0
130.253024	0	0
130.303029	0	0
130.353034	0	0
130.403039	0	0
130.453044	0	0
130.503049	0	0
130.553054	0	0
130.603059	0	0
130.653064	0	0
130.703069	0	0
130.753074	0	0
130.803079	0	0
130.853084	0	0
130.903089	0	0
130.953094	0	0
131.003099	0	0
131.053104	0	0
131.103109	0	0
131.153114	0	0
131.203119	0	0
131.253124	0	0
131.303129	0	0
131.353134	0	0
131.403139	0	0
131.453144	0	0
131.503149	0	0
131.553154	0	0
131.603159	0	0
131.653164	0	0
131.703169	0	0
131.753174	0	0
131.803179	0	0
131.853184	0	0
131.903189	0	0
131.953194	0	0
132.003199	0	0
132.053204	0	0
132.103209	0	0
132.153214	0	0
132.203219	0	0
132.253224	0	0
132.303229	0	0
132.353234	0	0
132.403239	0	0
132.453244	0	0
132.503249	0	0
132.553254	0	0
132.603259	0	0
132.653264	0	0
132.703269	0	0
132.753274	0	0
132.803279	0	0
132.853284	0	0
132.903289	0	0
132.953294	0	0
133.003299	0	0
133.053304	0	0
133.103309	0	0
133.153314	0	0
133.203319	0	0
133.256324	0	0
133.303329	0	0
133.353334	0	0
133.403339	0	0
133.453344	0	0
133.503349	0	0
133.553354	0	0
133.603359	0	0
133.653364	0	0
133.703369	0	0
133.753374	0	0
133.803379	0	0
133.853384	0	0
133.903389	0	0
133.953394	0	0
134.003399	0	0
134.053404	0	0
134.103409	0	0
134.152414	0	0
134.202419	0	0
134.252424	0	0
134.302429	0	0
134.352434	0	0
134.402439	0	0
134.452444	0	0
134.502449	0	0
134.552454	0	0
134.602459	0	0
134.652464	0	0
134.702469	0	0
134.752474	0	0
134.802479	0	0
134.852484	0	0
134.902489	0	0
134.952494	0	0
135.002499	0	0
135.052504	0	0
135.102509	0	0
135.152514	0	0
135.202519	0	0
135.252524	0	0
135.302529	0	0
135.352534	0	0
135.402539	0	0
135.452544	0	0
135.502549	0	0
135.552554	0	0
135.602559	0	0
135.652564	0	0
135.702569	0	0
135.752574	0	0
135.802579	0	0
135.852584	0	0
135.902589	0	0
135.952594	0	0
136.002599	0	0
136.052604	0	0
136.102609	0	0
136.152614	0	0
136.202619	0	0
136.252624	0	0
136.302629	0	0
136.352634	0	0
136.402639	0	0
136.452644	0	0
136.502649	0	0
136.552654	0	0
136.602659	0	0
136.652664	0	0
136.702669	0	0
136.752674	0	0
136.802679	0	0
136.852684	0	0
136.902689	0	0
136.952694	0	0
137.002699	0	0
137.052704	0	0
137.102709	0	0
137.152714	0	0
137.202719	0	0
137.252724	0	0
137.302729	0	0
137.352734	0	0
137.402739	0	0
137.452744	0	0
137.502749	0	0
137.552754	0	0
137.602759	0	0
137.652764	0	0
137.702769	0	0
137.752774	0	0
137.802779	0	0
137.852784	0	0
137.902789	0	0
137.952794	0	0
138.002799	0	0
138.052804	0	0
138.102809	0	0
138.152814	0	0
138.202819	0	0
138.252824	0	0
138.302829	0	0
138.352834	0	0
138.402839	0	0
138.452844	0	0
138.502849	0	0
138.552854	0	0
138.602859	0	0
138.652864	0	0
138.702869	0	0
138.752874	0	0
138.802879	0	0
138.852884	0	0
138.902889	0	0
138.952894	0	0
139.002899	0	0
139.052904	0	0
139.102909	0	0
139.152914	0	0
139.202919	0	0
139.252924	0	0
139.302929	0	0
139.352934	0	0
139.402939	0	0
139.452944	0	0
139.502949	0	0
139.552954	0	0
139.602959	0	0
139.652964	0	0
139.702969	0	0
139.752974	0	0
139.802979	0	0
139.852984	0	0
139.902989	0	0
139.952994	0	0
140.002999	0	0
140.053004	0	0
140.103009	0	0
140.153014	0	0
140.203019	0	0
140.253024	0	0
140.303029	0	0
140.353034	0	0
140.403039	0	0
140.453044	0	0
140.503049	0	0
140.553054	0	0
140.603059	0	0
140.653064	0	0
140.703069	0	0
140.753074	0	0
140.803079	0	0
140.853084	0	0
140.903089	0	0
140.953094	0	0
141.003099	0	0
141.053104	0	0
141.103109	0	0
141.153114	0	0
141.203119	0	0
141.253124	0	0
141.303129	0	0
141.353134	0	0
141.403139	0	0
141.453144	0	0
141.503149	0	0
141.553154	0	0
141.603159	0	0
141.653164	0	0
141.703169	0	0
141.753174	0	0
141.803179	0	0
141.853184	0	0
141.903189	0	0
141.953194	0	0
142.003199	0	0
142.053204	0	0
142.103209	0	0
142.153214	0	0
142.203219	0	0
142.253224	0	0
142.303229	0	0
142.353234	0	0
142.403239	0	0
142.453244	0	0
142.503249	0	0
142.553254	0	0
142.603259	0	0
142.653264	0	0
142.703269	0	0
142.762275	0	0
142.803279	0	0
142.853284	0	0
142.903289	0	0
142.953294	0	0
143.003299	0	0
143.053304	0	0
143.103309	0	0
143.153314	0	0
143.203319	0	0
143.253324	0	0
143.303329	0	0
143.353334	0	0
143.403339	0	0
143.453344	0	0
143.503349	0	0
143.553354	0	0
143.603359	0	0
143.653364	0	0
143.703369	0	0
143.753374	0	0
143.803379	0	0
143.853384	0	0
143.903389	0	0
143.953394	0	0
144.003399	0	0
144.053404	0	0
144.103409	0	0
144.153414	0	0
144.203419	0	0
144.255424	0	0
144.303429	0	0
144.353434	0	0
144.403439	0	0
144.453444	0	0
144.503449	0	0
144.553454	0	0
144.603459	0	0
144.653464	0	0
144.703469	0	0
144.753474	0	0
144.803479	0	0
144.853484	0	0
144.903489	0	0
144.953494	0	0
145.003499	0	0
145.053504	0	0
145.103509	0	0
145.153514	0	0
145.203519	0	0
145.253524	0	0
145.303529	0	0
145.353534	0	0
145.403539	0	0
145.453544	0	0
145.503549	0	0
145.553554	0	0
145.603559	0	0
145.653564	0	0
145.703569	0	0
145.753574	0	0
145.803579	0	0
145.853584	0	0
145.903589	0	0
145.953594	0	0
146.003599	0	0
146.053604	0	0
146.103609	0	0
146.153614	0	0
146.203619	0	0
146.253624	0	0
146.303629	0	0
146.353634	0	0
146.403639	0	0
146.453644	0	0
146.503649	0	0
146.553654	0	0
146.603659	0	0
146.653664	0	0
146.703669	0	0
146.753674	0	0
146.803679	0	0
146.853684	0	0
146.903689	0	0
146.953694	0	0
147.003699	0	0
147.053704	0	0
147.103709	0	0
147.153714	0	0
147.203719	0	0
147.253724	0	0
147.303729	0	0
147.353734	0	0
147.403739	0	0
147.453744	0	0
147.503749	0	0
147.553754	0	0
147.603759	0	0
147.653764	0	0
147.703769	0	0
147.753774	0	0
147.803779	0	0
147.853784	0	0
147.903789	0	0
147.953794	0	0
148.003799	0	0
148.053804	0	0
148.103809	0	0
148.153814	0	0
148.203819	0	0
148.253824	0	0
148.303829	0	0
148.353834	0	0
148.403839	0	0
148.453844	0	0
148.503849	0	0
148.553854	0	0
148.603859	0	0
148.653864	0	0
148.703869	0	0
148.753874	0	0
148.803879	0	0
148.853884	0	0
148.903889	0	0
148.953894	0	0
149.003899	0	0
149.053904	0	0
149.103909	0	0
149.153914	0	0
149.203919	0	0
149.253924	0	0
149.303929	0	0
149.353934	0	0
149.403939	0	0
149.453944	0	0
149.503949	0	0
149.553954	0	0
149.603959	0	0
149.653964	0	0
149.703969	0	0
149.753974	0	0
149.803979	0	0
149.853984	0	0
149.903989	0	0
149.953994	0	0
150.003999	0	0
150.054004	0	0
150.104009	0	0
150.154014	0	0
150.204019	0	0
150.254024	0	0
150.304029	0	0
150.354034	0	0
150.404039	0	0
150.454044	0	0
150.504049	0	0
150.554054	0	0
150.604059	0	0
150.654064	0	0
150.704069	0	0
150.754074	0	0
150.804079	0	0
150.854084	0	0
150.904089	0	0
150.954094	0	0
151.004099	0	0
151.054104	0	0
151.104109	0	0
151.154114	0	0
151.204119	0	0
151.254124	0	0
151.304129	0	0
151.354134	0	0
151.404139	0	0
151.454144	0	0
151.504149	0	0
151.554154	0	0
151.604159	0	0
151.653164	0	0
151.703169	0	0
151.753174	0	0
151.803179	0	0
151.853184	0	0
151.903189	0	0
151.956194	0	0
152.003199	0	0
152.053204	0	0
152.103209	0	0
152.153214	0	0
152.203219	0	0
152.253224	0	0
152.303229	0	0
152.353234	0	0
152.403239	0	0
152.453244	0	0
152.503249	0	0
152.553254	0	0
152.603259	0	0
152.653264	0	0
152.703269	0	0
152.753274	0	0
152.803279	0	0
152.853284	0	0
152.903289	0	0
152.953294	0	0
153.003299	0	0
153.053304	0	0
153.103309	0	0
153.153314	0	0
153.203319	0	0
153.253324	0	0
153.303329	0	0
153.353334	0	0
153.403339	0	0
153.453344	0	0
153.503349	0	0
153.553354	0	0
153.603359	0	0
153.653364	0	0
153.703369	0	0
153.753374	0	0
153.803379	0	0
153.853384	0	0
153.903389	0	0
153.953394	0	0
154.003399	0	0
154.053404	0	0
154.103409	0	0
154.153414	0	0
154.203419	0	0
154.253424	0	0
154.303429	0	0
154.353434	0	0
154.403439	0	0
154.453444	0	0
154.503449	0	0
154.553454	0	0
154.603459	0	0
154.653464	0	0
154.703469	0	0
154.753474	0	0
154.803479	0	0
154.853484	0	0
154.903489	0	0
154.953494	0	0
155.003499	0	0
155.053504	0	0
155.103509	0	0
155.153514	0	0
155.203519	0	0
155.258524	0	0
155.303529	0	0
155.353534	0	0
155.403539	0	0
155.453544	0	0
155.503549	0	0
155.553554	0	0
155.603559	0	0
155.653564	0	0
155.703569	0	0
155.753574	0	0
155.803579	0	0
155.853584	0	0
155.903589	0	0
155.953594	0	0
156.003599	0	0
156.053604	0	0
156.103609	0	0
156.153614	0	0
156.203619	0	0
156.253624	0	0
156.303629	0	0
156.353634	0	0
156.403639	0	0
156.453644	0	0
156.503649	0	0
156.553654	0	0
156.603659	0	0
156.653664	0	0
156.703669	0	0
156.753674	0	0
156.803679	0	0
156.853684	0	0
156.903689	0	0
156.953694	0	0
157.003699	0	0
157.053704	0	0
157.103709	0	0
157.153714	0	0
157.203719	0	0
157.253724	0	0
157.303729	0	0
157.353734	0	0
157.403739	0	0
157.453744	0	0
157.503749	0	0
157.553754	0	0
157.603759	0	0
157.653764	0	0
157.703769	0	0
157.753774	0	0
157.803779	0	0
157.853784	0	0
157.903789	0	0
157.953794	0	0
158.003799	0	0
158.053804	0	0
158.103809	0	0
158.153814	0	0
158.203819	0	0
158.253824	0	0
158.303829	0	0
158.353834	0	0
158.403839	0	0
158.453844	0	0
158.503849	0	0
158.553854	0	0
158.603859	0	0
158.653864	0	0
158.703869	0	0
158.753874	0	0
158.803879	0	0
158.853884	0	0
158.903889	0	0
158.953894	0	0
159.003899	0	0
159.053904	0	0
159.103909	0	0
159.153914	0	0
159.203919	0	0
159.253924	0	0
159.303929	0	0
159.353934	0	0
159.403939	0	0
159.453944	0	0
159.503949	0	0
159.560955	0	0
159.603959	0	0
159.653964	0	0
159.703969	0	0
159.753974	0	0
159.803979	0	0
159.853984	0	0
159.903989	0	0
159.953994	0	0
160.003999	0	0
160.054004	0	0
160.104009	0	0
160.154014	0	0
160.204019	0	0
160.254024	0	0
160.304029	0	0
160.354034	0	0
160.404039	0	0
160.454044	0	0
160.504049	0	0
160.554054	0	0
160.604059	0	0
160.654064	0	32
160.704069	0	104
160.754074	0	104
160.804079	0	152
160.854084	0	180
160.904089	0	180
160.954094	0	180
161.004099	0	180
161.054104	0	180
161.104109	0	180
161.154114	0	180
161.204119	0	180
161.254124	0	180
161.304129	0	180
161.354134	0	180
161.404139	0	180
161.454144	0	180
161.504149	0	180
161.554154	0	180
161.604159	0	180
161.654164	0	180
161.704169	0	180
161.754174	0	180
161.804179	0	180
161.854184	0	180
161.904189	0	180
161.954194	0	180
162.004199	0	180
162.054204	0	180
162.104209	0	180
162.154214	0	180
162.204219	0	180
162.254224	0	180
162.304229	0	180
162.354234	0	80
162.404239	0	56
162.454244	0	0
162.504249	0	0
162.554254	0	0
162.604259	0	0
162.654264	0	0
162.704269	0	0
162.754274	0	0
162.804279	0	0
162.854284	0	0
162.904289	0	0
162.954294	0	0
163.004299	0	0
163.054304	0	0
163.104309	0	0
163.154314	0	0
163.204319	0	0
163.254324	0	0
163.304329	0	0
163.354334	0	0
163.404339	0	0
163.454344	0	0
163.504349	0	0
163.554354	0	0
163.604359	0	0
163.654364	0	0
163.704369	0	0
163.754374	0	0
163.804379	0	0
163.854384	0	0
163.904389	0	0
163.954394	0	0
164.004399	0	0
164.054404	0	0
164.104409	0	0
164.154414	0	0
164.204419	0	0
164.254424	0	0
164.304429	0	0
164.354434	0	0
164.404439	0	0
164.454444	0	0
164.504449	0	0
164.554454	0	0
164.604459	0	0
164.654464	0	0
164.704469	0	0
164.754474	0	0
164.804479	0	0
164.854484	0	0
164.904489	0	0
164.954494	0	0
165.004499	0	0
165.054504	0	0
165.104509	0	0
165.154514	0	0
165.204519	0	0
165.254524	0	0
165.304529	0	0
165.354534	0	0
165.404539	0	0
165.454544	0	0
165.504549	0	0
165.554554	0	0
165.604559	0	0
165.654564	0	0
165.704569	0	0
165.754574	0	0
165.804579	0	0
165.854584	0	0
165.904589	0	0
165.954594	0	0
166.004599	0	0
166.054604	0	0
166.104609	0	0
166.154614	0	0
166.204619	0	0
166.254624	0	0
166.304629	0	0
166.354634	0	0
166.404639	0	0
166.454644	0	0
166.504649	0	0
166.554654	0	0
166.604659	0	0
166.654664	0	0
166.704669	0	0
166.754674	0	0
166.804679	0	0
166.854684	0	0
166.904689	0	0
166.954694	0	0
167.004699	0	0
167.054704	0	0
167.104709	0	0
167.154714	0	0
167.204719	0	0
167.254724	0	0
167.304729	0	0
167.354734	0	0
167.404739	0	0
167.454744	0	0
167.504749	0	0
167.554754	0	0
167.604759	0	0
167.654764	0	0
167.704769	0	0
167.754774	0	0
167.804779	0	0
167.854784	0	0
167.904789	0	0
167.954794	0	0
168.004799	0	0
168.054804	0	0
168.104809	0	0
168.154814	0	0
168.204819	0	0
168.254824	0	0
168.304829	0	0
168.354834	0	0
168.404839	0	0
168.454844	0	0
168.504849	0	0
168.554854	0	0
168.604859	0	0
168.654864	0	0
168.704869	0	0
168.754874	0	0
168.804879	0	0
168.854884	0	0
168.904889	0	0
168.954894	0	0
169.004899	0	0
169.061904	0	0
169.103909	0	0
169.153913	0	0
169.203919	0	0
169.253924	0	0
169.303929	0	0
169.353934	0	0
169.403939	0	0
169.453944	0	0
169.503949	0	0
169.553954	0	0
169.603959	0	0
169.653964	0	0
169.703969	0	0
169.753973	0	0
169.803979	0	0
169.853984	0	0
169.903989	0	0
169.953994	0	0
170.003999	0	0
170.054004	0	0
170.104009	0	0
170.154014	0	0
170.204019	0	0
170.254024	0	0
170.304029	0	0
170.354034	0	0
170.404039	0	0
170.454044	0	0
170.504049	0	0
170.554054	0	0
170.604059	0	0
170.654064	0	0
170.704069	0	0
170.754074	0	0
170.804079	0	0
170.854084	0	0
170.904088	0	0
170.954094	0	0
171.004099	0	0
171.054104	0	0
171.104109	0	0
171.154114	0	0
171.204119	0	0
171.254124	0	0
171.304129	0	0
171.354134	0	0
171.404139	0	0
171.454144	0	0
171.504148	0	0
171.554154	0	0
171.604159	0	0
171.654164	0	0
171.704169	0	0
171.754174	0	0
171.804179	0	0
171.854184	0	0
171.904189	0	0
171.954194	0	0
172.004199	0	0
172.054204	0	0
172.104209	0	0
172.154214	0	0
172.204219	0	0
172.254224	0	0
172.304229	0	0
172.354234	0	0
172.404239	0	0
172.454244	0	0
172.504249	0	0
172.554254	0	0
172.604259	0	0
172.654263	0	0
172.704269	0	0
172.754274	0	0
172.804279	0	0
172.854284	0	0
172.904289	0	0
172.954294	0	0
173.004299	0	0
173.054304	0	0
173.104309	0	0
173.154314	0	0
173.204319	0	0
173.254323	0	0
173.304329	0	0
173.354334	0	0
173.404339	0	0
173.454344	0	0
173.504349	0	0
173.554354	0	0
173.604359	0	0
173.654364	0	0
173.704369	0	0
173.754374	0	0
173.804379	0	0
173.854384	0	0
173.904389	0	0
173.954394	0	0
174.004399	0	0
174.054404	0	0
174.104409	0	0
174.154414	0	0
174.204419	0	0
174.254424	0	0
174.304429	0	0
174.354434	0	0
174.404438	0	0
174.454444	0	0
174.504449	0	0
174.554454	0	0
174.604459	0	0
174.654464	0	0
174.704469	0	0
174.754474	0	0
174.804479	0	0
174.854484	0	0
174.904489	0	0
174.954494	0	0
175.004498	0	0
175.054504	0	0
175.104509	0	0
175.154514	0	0
175.204519	0	0
175.254524	0	0
175.304529	0	0
175.354534	0	0
175.404539	0	0
175.454544	0	0
175.504549	0	0
175.554554	0	0
175.604559	0	0
175.654564	0	0
175.704569	0	0
175.754574	0	0
175.804579	0	0
175.854584	0	0
175.904589	0	0
175.954594	0	0
176.004599	0	0
176.054604	0	0
176.104609	0	0
176.155614	0	0
176.204619	0	0
176.254624	0	0
176.304629	0	0
176.354634	0	0
176.404639	0	0
176.454644	0	0
176.504649	0	0
176.554654	0	0
176.604659	0	0
176.654664	0	0
176.704669	0	0
176.754673	0	0
176.804679	0	0
176.854684	0	0
176.904689	0	0
176.954694	0	0
177.004699	0	0
177.054704	0	0
177.104709	0	0
177.154714	0	0
177.204719	0	0
177.254724	0	0
177.304729	0	0
177.354734	0	0
177.404739	0	0
177.454744	0	0
177.504749	0	0
177.554754	0	0
177.604759	0	0
177.654764	0	0
177.704769	0	0
177.754774	0	0
177.804779	0	0
177.854784	0	0
177.904788	0	0
177.954794	0	0
178.004799	0	0
178.054804	0	0
178.104809	0	0
178.154814	0	0
178.204819	0	0
178.254824	0	0
178.304829	0	0
178.354834	0	0
178.404839	0	0
178.454844	0	0
178.504848	0	0
178.554854	0	0
178.604859	0	0
178.654864	0	0
178.704869	0	0
178.754874	0	0
178.804879	0	0
178.854884	0	0
178.904889	0	0
178.954894	0	0
179.004899	0	0
179.054904	0	0
179.104909	0	0
179.154914	0	0
179.204919	0	0
179.254924	0	0
179.304929	0	0
179.354934	0	0
179.404939	0	0
179.454944	0	0
179.504949	0	0
179.554954	0	0
179.604959	0	0
179.654963	0	0
179.704969	0	0
179.754974	0	0
179.804979	0	0
179.854984	0	0
179.904989	0	0
179.954994	0	0
180.004999	0	0
180.055004	0	0
180.105009	0	0
180.155014	0	0
180.205019	0	0
180.255023	0	0
180.305029	0	0
180.355034	0	0
180.405039	0	0
180.455044	0	0
180.505049	0	0
180.555054	0	0
180.605059	0	0
180.655064	0	0
180.705069	0	0
180.755074	0	0
180.805079	0	0
180.855084	0	0
180.905089	0	0
180.955094	0	0
181.005099	0	0
181.055104	0	0
181.105109	0	0
181.155114	0	0
181.205119	0	0
181.255124	0	0
181.305129	0	0
181.355134	0	0
181.405138	0	0
181.455144	0	0
181.505149	0	0
181.555154	0	0
181.605159	0	0
181.655164	0	0
181.705169	0	0
181.755174	0	0
181.805179	0	0
181.855184	0	0
181.905189	0	0
181.955194	0	0
182.005198	0	0
182.055204	0	0
182.105209	0	0
182.155214	0	0
182.205219	0	0
182.255224	0	0
182.305229	0	0
182.355234	0	0
182.405239	0	0
182.455244	0	0
182.505249	0	0
182.555254	0	0
182.605259	0	0
182.655264	0	0
182.705269	0	0
182.755274	0	0
182.805279	0	0
182.855284	0	0
182.905289	0	0
182.955294	0	0
183.005299	0	0
183.055304	0	0
183.105309	0	0
183.155313	0	0
183.205319	0	0
183.255324	0	0
183.305329	0	0
183.355334	0	0
183.405339	0	0
183.455344	0	0
183.505349	0	0
183.555354	0	0
183.605359	0	0
183.655364	0	0
183.705369	0	0
183.755373	0	0
183.805379	0	0
183.855384	0	0
183.905389	0	0
183.955394	0	0
184.005399	0	0
184.055404	0	0
184.105409	0	0
184.155414	0	0
184.205419	0	0
184.255424	0	0
184.305429	0	0
184.355434	0	0
184.405439	0	0
184.455444	0	0
184.505449	0	0
184.555454	0	0
184.605459	0	0
184.655464	0	0
184.705469	0	0
184.755474	0	0
184.805479	0	0
184.855484	0	0
184.905488	0	0
184.955494	0	0
185.005499	0	0
185.055504	0	0
185.105509	0	0
185.155514	0	0
185.205519	0	0
185.255524	0	0
185.305529	0	0
185.355534	0	0
185.405539	0	0
185.455544	0	0
185.505548	0	0
185.555554	0	0
185.605559	0	0
185.655564	0	0
185.705569	0	0
185.755574	0	0
185.805579	0	0
185.855584	0	0
185.905589	0	0
185.955594	0	0
186.005599	0	0
186.055604	0	0
186.105609	0	0
186.155614	0	0
186.205619	0	0
186.255624	0	0
186.305629	0	0
186.355634	0	0
186.405639	0	0
186.455644	0	0
186.505649	0	0
186.555654	0	0
186.604659	0	0
186.654664	0	0
186.704669	0	0
186.754673	0	0
186.804678	0	0
186.854683	0	0
186.904689	0	0
186.954694	0	0
187.004699	0	0
187.054704	0	0
187.104709	0	0
187.154714	0	0
187.204719	0	0
187.254724	0	0
187.304729	0	0
187.354733	0	0
187.404738	0	0
187.454743	0	0
187.504749	0	0
187.554754	0	0
187.604759	0	0
187.654764	0	0
187.704769	0	0
187.754774	0	0
187.804779	0	0
187.854784	0	0
187.904788	0	0
187.954793	0	0
188.004798	0	0
188.054804	0	0
188.104809	0	0
188.154814	0	0
188.204819	0	0
188.254824	0	0
188.304829	0	0
188.354834	0	0
188.404839	0	0
188.454844	0	0
188.504848	0	0
188.554853	0	0
188.604858	0	0
188.654864	0	0
188.704869	0	0
188.754874	0	0
188.804879	0	0
188.854884	0	0
188.904889	0	0
188.954894	0	0
189.004899	0	0
189.054904	0	0
189.104908	0	0
189.154913	0	0
189.204918	0	0
189.254924	0	0
189.304929	0	0
189.354934	0	0
189.404939	0	0
189.454944	0	0
189.504949	0	0
189.554954	0	0
189.604959	0	0
189.654963	0	0
189.704968	0	0
189.754973	0	0
189.804979	0	0
189.854984	0	0
189.904989	0	0
189.954994	0	0
190.004999	0	0
190.055004	0	0
190.105009	0	0
190.155014	0	0
190.205019	0	0
190.255023	0	0
190.305028	0	0
190.355033	0	0
190.405039	0	0
190.455044	0	0
190.505049	0	0
190.560054	0	0
190.605059	0	0
190.655064	0	0
190.705069	0	0
190.755074	0	0
190.805079	0	0
190.855083	0	0
190.905088	0	0
190.955093	0	0
191.005099	0	0
191.055104	0	0
191.105109	0	0
191.155114	0	0
191.205119	0	0
191.255124	0	0
191.305129	0	0
191.355134	0	0
191.405138	0	0
191.455143	0	0
191.505148	0	0
191.555154	0	0
191.605159	0	0
191.655164	0	0
191.705169	0	0
191.755174	0	0
191.805179	0	0
191.855184	0	0
191.905189	0	0
191.955194	0	0
192.005198	0	0
192.055203	0	0
192.105208	0	0
192.155214	0	0
192.205219	0	0
192.255224	0	0
192.305229	0	0
192.355234	0	0
192.405239	0	0
192.455244	0	0
192.505249	0	0
192.555254	0	0
192.605258	0	0
192.655263	0	0
192.705268	0	0
192.755274	0	0
192.805279	0	0
192.855284	0	0
192.905289	0	0
192.955294	0	0
193.005299	0	0
193.055304	0	0
193.105309	0	0
193.155313	0	0
193.205318	0	0
193.255323	0	0
193.305329	0	0
193.355334	0	0
193.405339	0	0
193.455344	0	0
193.505349	0	0
193.555354	0	0
193.605359	0	0
193.655364	0	0
193.705369	0	0
193.755373	0	0
193.805378	0	0
193.855383	0	0
193.905389	0	0
193.955394	0	0
194.005399	0	0
194.055404	0	0
194.105409	0	0
194.155414	0	0
194.205419	0	0
194.255424	0	0
194.305429	0	0
194.355433	0	0
194.405438	0	0
194.455443	0	0
194.505449	0	0
194.555454	0	0
194.605459	0	0
194.655464	0	0
194.705469	0	0
194.755474	0	0
194.805479	0	0
194.855484	0	0
194.905488	0	0
194.955493	0	0
195.005498	0	0
195.055504	0	0
195.105509	0	0
195.155514	0	0
195.205519	0	0
195.255524	0	0
195.305529	0	0
195.355534	0	0
195.405539	0	0
195.455544	0	0
195.505548	0	0
195.555553	0	0
195.605558	0	0
195.655564	0	0
195.705569	0	0
195.755574	0	0
195.805579	0	0
195.855584	0	0
195.905589	0	0
195.955594	0	0
196.005599	0	0
196.055604	0	0
196.105608	0	0
196.155613	0	0
196.205618	0	0
196.255624	0	0
196.305629	0	0
196.355634	0	0
196.405639	0	0
196.455644	0	0
196.505649	0	0
196.555654	0	0
196.605659	0	0
196.655663	0	0
196.705668	0	0
196.755673	0	0
196.805679	0	0
196.855684	0	0
196.905689	0	0
196.955694	0	0
197.005699	0	0
197.055704	0	0
197.105709	0	0
197.155714	0	0
197.205719	0	0
197.255723	0	0
197.305728	0	0
197.355733	0	0
197.405739	0	0
197.455744	0	0
197.505749	0	0
197.555754	0	0
197.605759	0	0
197.655764	0	0
197.705769	0	0
197.755774	0	0
197.805779	0	0
197.855783	0	0
197.905788	0	0
197.955793	0	0
198.005799	0	0
198.055804	0	0
198.105809	0	0
198.155814	0	0
198.205819	0	0
198.255824	0	0
198.305829	0	0
198.355834	0	0
198.405838	0	0
198.455843	0	0
198.505848	0	0
198.555854	0	0
198.605859	0	0
198.655864	0	0
198.705869	0	0
198.755874	0	0
198.805879	0	0
198.855884	0	0
198.905889	0	0
198.955894	0	0
199.005898	0	0
199.055903	0	0
199.105908	0	0
199.155914	0	0
199.205919	0	0
199.255924	0	0
199.305929	0	0
199.355934	0	0
199.405939	0	0
199.455944	0	0
199.505949	0	0
199.555954	0	0
199.605958	0	0
199.655963	0	0
199.705968	0	0
199.755974	0	0
199.805979	0	0
199.855984	0	0
199.905989	0	0
199.955994	0	0
200.005999	0	0
200.056004	0	0
200.106009	0	0
200.156013	0	0
200.206018	0	0
200.256023	0	0
200.306029	0	0
200.356034	0	0
200.406039	0	0
200.456044	0	0
200.506049	0	0
200.556054	0	0
200.606059	0	0
200.656064	0	0
200.706069	0	0
200.756073	0	0
200.806078	0	0
200.856083	0	0
200.906089	0	0
200.956094	0	0
201.006099	0	0
201.056104	0	0
201.106109	0	0
201.156114	0	0
201.206119	0	0
201.256124	0	0
201.306129	0	0
201.356133	0	0
201.406138	0	0
201.456143	0	0
201.506149	0	0
201.556154	0	0
201.606159	0	0
201.656164	0	0
201.706169	0	0
201.756174	0	0
201.806179	0	0
201.856184	0	0
201.906188	0	0
201.956193	0	0
202.006198	0	0
202.056204	0	0
202.106209	0	0
202.156214	0	0
202.206219	0	0
202.256224	0	0
202.306229	0	0
202.356234	0	0
202.406239	0	0
202.456244	0	0
202.506248	0	0
202.556253	0	0
202.606258	0	0
202.656264	0	0
202.706269	0	0
202.756274	0	0
202.806279	0	0
202.856284	0	0
202.906289	0	0
202.956294	0	0
203.006299	0	0
203.056304	0	0
203.106308	0	0
203.156313	0	0
203.206318	0	0
203.256324	0	0
203.306329	0	0
203.356334	0	0
203.406339	0	0
203.456344	0	0
203.506349	0	0
203.556354	0	0
203.606359	0	0
203.656363	0	0
203.706368	0	0
203.756373	0	0
203.806379	0	0
203.856384	0	0
203.906389	0	0
203.956394	0	0
204.006399	0	0
204.056404	0	0
204.105409	0	0
204.155414	0	0
204.205419	0	0
204.255424	0	0
204.305429	0	0
204.355433	0	0
204.405438	0	0
204.455443	0	0
204.505448	0	0
204.555453	0	0
204.605459	0	0
204.655464	0	0
204.705469	0	0
204.755474	0	0
204.805479	0	0
204.855484	0	0
204.905488	0	0
204.955493	0	0
205.005498	0	0
205.055503	0	0
205.105508	0	0
205.155513	0	0
205.205519	0	0
205.255524	0	0
205.305529	0	0
205.355534	0	0
205.405539	0	0
205.455544	0	0
205.505548	0	0
205.555553	0	0
205.605558	0	0
205.655563	0	0
205.705568	0	0
205.755574	0	0
205.805579	0	0
205.855584	0	0
205.905589	0	0
205.955594	0	0
206.005599	0	0
206.055604	0	0
206.105608	0	0
206.155613	0	0
206.205618	0	0
206.255623	0	0
206.305628	0	0
206.355634	0	0
206.405639	0	0
206.455644	0	0
206.505649	0	0
206.555654	0	0
206.605659	0	0
206.655663	0	0
206.705668	0	0
206.755673	0	0
206.805678	0	0
206.855683	0	0
206.905688	0	0
206.955694	0	0
207.005699	0	0
207.055704	0	0
207.105709	0	0
207.155714	0	0
207.205719	0	0
207.255723	0	0
207.305728	0	0
207.355733	0	0
207.405738	0	0
207.455743	0	0
207.505749	0	0
207.561754	0	0
207.605759	0	0
207.655764	0	0
207.705769	0	0
207.755774	0	0
207.805779	0	0
207.855783	0	0
207.905788	0	0
207.955793	0	0
208.005798	0	0
208.055803	0	0
208.105809	0	0
208.155814	0	0
208.205819	0	0
208.255824	0	0
208.305829	0	0
208.355834	0	0
208.405838	0	0
208.455843	0	0
208.505848	0	0
208.555853	0	0
208.605858	0	0
208.659864	0	0
208.705869	0	0
208.755874	0	0
208.805879	0	0
208.855884	0	0
208.905889	0	0
208.955894	0	0
209.005898	0	0
209.055903	0	0
209.105908	0	0
209.155913	0	0
209.205918	0	0
209.255924	0	0
209.305929	0	0
209.355934	0	0
209.405939	0	0
209.455944	0	0
209.505949	0	0
209.555954	0	0
209.605958	0	0
209.655963	0	0
209.705968	0	0
209.755973	0	0
209.805978	0	0
209.855984	0	0
209.905989	0	0
209.955994	0	0
210.005999	0	0
210.056004	0	0
210.106009	0	0
210.156013	0	0
210.206018	0	0
210.256023	0	0
210.306028	0	0
210.356033	0	0
210.406038	0	0
210.456044	0	0
210.506049	0	0
210.556054	0	0
210.606059	0	0
210.656064	0	0
210.706069	0	0
210.756073	0	0
210.806078	0	0
210.856083	0	0
210.906088	0	0
210.956093	0	0
211.006099	0	0
211.056104	0	0
211.106109	0	0
211.156114	0	0
211.206119	0	0
211.256124	0	0
211.306129	0	0
211.356133	0	0
211.406138	0	0
211.456143	0	0
211.506148	0	0
211.556153	0	0
211.606159	0	0
211.656164	0	0
211.706169	0	0
211.763174	0	0
211.806179	0	0
211.856184	0	0
211.906188	0	0
211.956193	0	0
212.006198	0	0
212.056203	0	0
212.106208	0	0
212.156213	0	0
212.206219	0	0
212.256224	0	0
212.306229	0	0
212.356234	0	0
212.406239	0	0
212.456244	0	0
212.506248	0	0
212.556253	0	0
212.606258	0	0
212.656263	0	0
212.706268	0	0
212.756274	0	0
212.806279	0	0
212.856284	0	0
212.906289	0	0
212.956294	0	0
213.006299	0	0
213.056304	0	0
213.106308	0	0
213.156313	0	0
213.206318	0	0
213.256323	0	0
213.306328	0	0
213.356334	0	0
213.406339	0	0
213.456344	0	0
213.506349	0	0
213.556354	0	0
213.606359	0	0
213.656363	0	0
213.706368	0	0
213.756373	0	0
213.806378	0	0
213.856383	0	0
213.906388	0	0
213.956394	0	0
214.006399	0	0
214.056404	0	0
214.106409	0	0
214.156414	0	0
214.206419	0	0
214.256423	0	0
214.306428	0	0
214.356433	0	0
214.406438	0	0
214.456443	0	0
214.506449	0	0
214.556454	0	0
214.606459	0	0
214.656464	0	0
214.706469	0	0
214.756474	0	0
214.806479	0	0
214.856483	0	0
214.906488	0	0
214.956493	0	0
215.006498	0	0
215.056503	0	0
215.106509	0	0
215.156514	0	0
215.206519	0	0
215.256524	0	0
215.306529	0	0
215.356534	0	0
215.406538	0	0
215.456543	0	0
215.506548	0	0
215.556553	0	0
215.606558	0	0
215.656563	0	0
215.706569	0	0
215.756574	0	0
215.806579	0	0
215.856584	0	0
215.906589	0	0
215.956594	0	0
216.006598	0	0
216.056603	0	0
216.106608	0	0
216.156613	0	0
216.206618	0	0
216.256624	0	0
216.306629	0	0
216.356634	0	0
216.406639	0	0
216.456644	0	0
216.506649	0	0
216.556653	0	0
216.606658	0	0
216.656663	0	0
216.706668	0	0
216.756673	0	0
216.806678	0	0
216.856684	0	0
216.906689	0	0
216.956694	0	0
217.006699	0	0
217.056704	0	0
217.106709	0	0
217.156713	0	0
217.206718	0	0
217.256723	0	0
217.306728	0	0
217.356733	0	0
217.406738	0	0
217.456744	0	0
217.506749	0	0
217.556754	0	0
217.606759	0	0
217.656764	0	0
217.706769	0	0
217.756773	0	0
217.806778	0	0
217.856783	0	0
217.906788	0	0
217.956793	0	0
218.006799	0	0
218.056804	0	0
218.106809	0	0
218.156814	0	0
218.206819	0	0
218.256824	0	0
218.306828	0	0
218.356833	0	0
218.406838	0	0
218.456843	0	0
218.506848	0	0
218.556853	0	0
218.606859	0	0
218.656864	0	0
218.706869	0	0
218.756874	0	0
218.806879	0	0
218.856884	0	0
218.906888	0	0
218.956893	0	0
219.006898	0	0
219.056903	0	0
219.106908	0	0
219.156913	0	0
219.206919	0	0
219.256924	0	0
219.306929	0	0
219.356934	0	0
219.406939	0	0
219.456944	0	0
219.506948	0	0
219.556953	0	0
219.606958	0	0
219.656963	0	0
219.706968	0	0
219.756974	0	0
219.806979	0	0
219.856984	0	0
219.964994	0	0
220.006999	0	0
220.057003	0	0
220.107008	0	0
220.157013	0	0
220.207018	0	0
220.257023	0	0
220.307028	0	0
220.357034	0	0
220.407039	0	0
220.457044	0	0
220.507049	0	0
220.557054	0	0
220.607059	0	0
220.657063	0	0
220.707068	0	0
220.757073	0	0
220.807078	0	0
220.857083	0	0
220.907088	0	0
220.957094	0	0
221.007099	0	0
221.057104	0	0
221.107109	0	0
221.157114	0	0
221.207119	0	0
221.257123	0	0
221.307128	0	0
221.357133	0	0
221.407138	0	0
221.457143	0	0
221.507149	0	0
221.558154	0	0
221.606158	0	0
221.656163	0	0
221.706169	0	0
221.757174	0	0
221.806179	0	0
221.858183	0	0
221.906188	0	0
221.956193	0	0
222.006198	0	0
222.057203	0	0
222.106208	0	0
222.157214	0	0
222.206218	0	0
222.257224	0	0
222.306229	0	0
222.357234	0	0
222.406239	0	0
222.456244	0	0
222.506248	0	0
222.558254	0	0
222.606258	0	0
222.656263	0	0
222.706268	0	0
222.763274	0	0
222.806278	0	0
222.858284	0	0
222.906289	0	0
222.958293	0	0
223.006299	0	0
223.058304	0	0
223.106308	0	0
223.157313	0	0
223.206318	0	0
223.257324	0	0
223.306328	0	0
223.358334	0	0
223.406338	0	0
223.456344	0	0
223.506349	0	0
223.563354	0	0
223.606359	0	0
223.656363	0	0
223.706368	0	0
223.757373	0	0
223.806378	0	0
223.856383	0	0
223.906388	0	0
223.956393	0	0
224.006398	0	0
224.058403	0	0
224.106409	0	0
224.157413	0	0
224.206419	0	0
224.256423	0	0
224.306428	0	0
224.357433	0	0
224.406438	0	0
224.457444	0	0
224.506448	0	0
224.565454	0	0
224.606458	0	0
224.657464	0	0
224.706469	0	0
224.758473	0	0
224.806479	0	0
224.856483	0	0
224.906488	0	0
224.956493	0	0
225.006498	0	0
225.056503	0	0
225.106508	0	0
225.157514	0	0
225.206519	0	0
225.256524	0	0
225.306529	0	0
225.358533	0	0
225.406538	0	0
225.457543	0	0
225.506548	0	0
225.556553	0	0
225.606558	0	0
225.657564	0	0
225.706568	0	0
225.756573	0	0
225.806579	0	0
225.857584	0	0
225.906589	0	0
225.956594	0	0
226.006598	0	0
226.057603	0	0
226.106608	0	0
226.156613	0	0
226.206618	0	0
226.256623	0	0
226.306628	0	0
226.358634	0	0
226.406639	0	0
226.456644	0	0
226.506649	0	0
226.556653	0	0
226.606658	0	0
226.657663	13	0
226.706668	117	0
226.757674	237	0
226.806678	273	0
226.856683	393	0
226.906688	465	0
226.957694	465	0
227.006699	561	0
227.058703	629	0
227.106709	637	0
227.156713	709	0
227.206718	769	0
227.256723	793	0
227.306728	829	0
227.358734	829	0
227.406738	845	0
227.456743	845	0
227.506748	845	0
227.558753	857	0
227.606759	941	0
227.657763	1001	0
227.706769	1021	0
227.756773	1149	48
227.806778	1421	160
227.858784	1757	900
227.906788	1925	1020
227.956793	2029	1084
228.006798	2061	1180
228.057804	2109	1264
228.106808	2121	1324
228.157814	2133	1380
228.206819	2145	1420
228.258823	2145	1496
228.306828	2145	1584
228.357833	2145	1632
228.406838	2145	1712
228.456843	2145	1752
228.506848	2145	1796
228.558854	2145	1820
228.606858	2145	1820
228.657864	2145	1848
228.706869	2145	1868
228.756874	2145	1868
228.806879	2145	1868
228.857883	2145	1868
228.906888	2145	1868
228.957893	2145	1868
229.006898	2145	1868
229.057903	2145	1868
229.106908	2145	1868
229.157914	2145	1868
229.206918	2145	1868
229.256923	2145	1868
229.306929	2145	1868
229.356934	2145	1868
229.406939	2145	1868
229.456944	2145	1868
229.506948	2145	1868
229.556953	2145	1868
229.606958	2145	1868
229.656963	2145	1868
229.706968	2145	1868
229.758974	2145	1868
229.806978	2145	1868
229.857984	2145	1868
229.906989	2145	1868
229.957994	2145	1868
230.006999	2145	1868
230.057003	2145	1868
230.107008	2145	1868
230.158013	2145	1868
230.207018	2145	1868
230.258024	2145	1868
230.307028	2145	1868
230.357033	2145	1868
230.407038	2145	1868
230.457044	2145	1868
230.507049	2145	1868
230.558053	2145	1868
230.607059	2145	1868
230.657063	2145	1868
230.707068	2145	1868
230.757073	2145	1868
230.807078	2145	1868
230.859084	2145	1868
230.907088	2145	1868
230.957093	2145	1868
231.007098	2145	1868
231.057104	2145	1868
231.107109	2145	1868
231.158113	2145	1868
231.207119	2145	1868
231.257123	2145	1868
231.307128	2145	1868
231.358133	2145	1868
231.407138	2145	1868
231.457143	2145	1868
231.507148	2185	1868
231.558154	2209	1868
231.607158	2209	1868
231.657164	2233	1868
231.707169	2233	1868
231.757174	2237	1868
231.807178	2277	1868
231.858183	2277	1868
231.907188	2297	1868
231.957193	2301	1868
232.007198	2301	1868
232.058204	2313	1868
232.107208	2317	1868
232.157213	2345	1868
232.207219	2345	1868
232.258224	2357	1868
232.307229	2357	1868
232.358233	2365	1868
232.407238	2393	1868
232.457243	2413	1868
232.507248	2441	1868
232.558253	2445	1868
232.607258	2453	1868
232.657263	2453	1868
232.707268	2453	1868
232.758274	2453	1868
232.807279	2453	1868
232.858284	2453	1868
232.907289	2453	1868
232.957294	2453	1904
233.007298	2453	1932
233.058303	2453	1972
233.107308	2453	2004
233.157313	2453	2076
233.207318	2453	2228
233.257323	2453	2320
233.307328	2453	2352
233.358334	2453	2352
233.407339	2453	2352
233.457344	2453	2352
233.507349	2453	2352
233.558353	2453	2352
233.607358	2453	2352
233.657363	2453	2352
233.707368	2453	2352
233.757373	2453	2352
233.807378	2453	2364
233.857383	2453	2412
233.907388	2453	2420
233.957394	2453	2436
234.007399	2453	2468
234.058403	2453	2536
234.107409	2453	2544
234.157413	2453	2548
234.207418	2453	2560
234.257423	2453	2588
234.307428	2453	2596
234.358434	2453	2624
234.407438	2453	2668
234.457443	2453	2692
234.507448	2453	2692
234.558454	2453	2692
234.607459	2453	2692
234.657464	2453	2692
234.707469	2453	2692
234.757473	2453	2692
234.807478	2453	2692
234.857483	2453	2692
234.907488	2453	2692
234.957493	2453	2692
235.007498	2453	2692
235.058504	2453	2692
235.107508	2453	2692
235.157514	2453	2692
235.207519	2453	2692
235.257524	2453	2692
235.307528	2453	2692
235.357533	2453	2692
235.407538	2453	2692
235.457543	2453	2692
235.507548	2453	2692
235.557553	2453	2692
235.607558	2453	2692
235.657563	2453	2692
235.707569	2453	2692
235.757574	2453	2692
235.807579	2453	2692
235.857584	2453	2692
235.907588	2453	2692
235.957593	2453	2692
236.007598	2453	2692
236.057603	2453	2692
236.107608	2453	2692
236.157613	2453	2692
236.207618	2453	2692
236.257623	2453	2692
236.307629	2453	2692
236.358634	2453	2692
236.407639	2453	2692
236.457644	2453	2692
236.507648	2453	2692
236.557653	2453	2692
236.607658	2453	2692
236.657663	2453	2692
236.707668	2453	2692
236.757673	2453	2692
236.807678	2453	2692
236.858684	2453	2692
236.907689	2453	2692
236.957694	2453	2692
237.007699	2453	2692
237.057703	2453	2692
237.107708	2453	2692
237.157713	2453	2692
237.207718	2453	2692
237.257723	2453	2692
237.307728	2453	2692
237.358734	2453	2692
237.407738	2453	2692
237.457744	2453	2692
237.507749	2453	2692
237.557754	2453	2692
237.607759	2453	2692
237.662764	2453	2692
237.707768	2453	2692
237.757773	2453	2692
237.807778	2453	2692
237.858784	2453	2692
237.907788	2453	2692
237.957793	2453	2692
238.007798	2453	2692
238.057804	2453	2736
238.107809	2453	2804
238.157814	2453	2840
238.207819	2453	2864
238.257823	2453	2884
238.307828	2453	2892
238.357833	2453	2892
238.407838	2453	2912
238.457843	2453	2920
238.507848	2453	2948
238.558854	2453	2948
238.607858	2453	2960
238.657864	2453	2976
238.707869	2453	2992
238.757874	2453	3024
238.807878	2453	3024
238.858883	2453	3028
238.907888	2445	3028
238.957893	2445	3028
239.007898	2441	3028
239.058904	2441	3028
239.106908	2441	3028
239.156913	2441	3044
239.206918	2441	3044
239.256923	2441	3044
239.306928	2441	3044
239.356933	2441	3044
239.406939	2441	3044
239.456944	2441	3044
239.506948	2441	3044
239.558953	2437	3044
239.606958	2433	3044
239.656963	2433	3044
239.706968	2433	3044
239.756973	2433	3044
239.806978	2433	3044
239.856983	2433	3044
239.906988	2433	3044
239.956993	2433	3044
240.006999	2433	3044
240.059003	2433	3044
240.107008	2433	3044
240.157013	2433	3044
240.207018	2433	3044
240.257023	2433	3060
240.307028	2433	3060
240.357033	2433	3060
240.407038	2433	3060
240.458044	2433	3060
240.507048	2433	3060
240.566054	2429	3060
240.607059	2429	3060
240.658063	2417	3060
240.707068	2417	3060
240.758073	2417	3060
240.807078	2417	3060
240.857083	2417	3060
240.907088	2417	3060
240.958094	2417	3060
241.007098	2417	3080
241.058104	2417	3080
241.107108	2409	3080
241.158113	2405	3080
241.207119	2405	3096
241.257123	2393	3120
241.307128	2393	3120
241.358133	2393	3124
241.407138	2393	3132
241.457143	2393	3136
241.507148	2393	3136
241.559154	2393	3136
241.607158	2393	3148
241.658164	2393	3152
241.707168	2393	3152
241.757174	2393	3152
241.807178	2393	3152
241.857183	2393	3160
241.907188	2393	3160
241.958193	2393	3160
242.007198	2393	3160
242.059204	2393	3160
242.107208	2393	3160
242.157213	2393	3160
242.207218	2393	3160
242.261224	2393	3160
242.307228	2393	3160
242.357234	2393	3160
242.407238	2393	3160
242.457243	2393	3160
242.507248	2393	3168
242.557253	2393	3168
242.607258	2393	3168
242.658263	2393	3168
242.707268	2393	3168
242.758274	2393	3168
242.807278	2393	3168
242.857283	2393	3168
242.907289	2393	3168
242.958293	2393	3168
243.007298	2393	3168
243.057303	2393	3168
243.107308	2393	3168
243.157313	2393	3168
243.207318	2393	3168
243.257323	2393	3168
243.307328	2393	3168
243.358334	2393	3168
243.407338	2393	3168
243.457343	2393	3168
243.507349	2393	3168
243.559353	2393	3168
243.607358	2393	3168
243.658363	2393	3168
243.707368	2393	3168
243.758373	2393	3168
243.807378	2393	3168
243.857383	2393	3168
243.907388	2393	3168
243.958394	2393	3168
244.007398	2393	3168
244.058403	2393	3168
244.107409	2393	3168
244.158413	2393	3168
244.207418	2393	3168
244.257423	2393	3168
244.307428	2393	3168
244.358433	2393	3168
244.407438	2393	3168
244.457443	2393	3168
244.507448	2393	3168
244.558454	2393	3168
244.607458	2393	3168
244.658463	2393	3168
244.707469	2393	3168
244.757473	2393	3168
244.807478	2393	3168
244.858483	2393	3168
244.907488	2393	3168
244.957493	2393	3168
245.007498	2393	3168
245.058504	2393	3168
245.107508	2393	3168
245.158514	2393	3168
245.207518	2393	3168
245.258523	2393	3168
245.307528	2393	3168
245.358533	2393	3168
245.407538	2393	3168
245.457543	2393	3168
245.507548	2393	3168
245.559554	2393	3168
245.607558	2393	3168
245.657563	2393	3168
245.707568	2393	3168
245.757573	2393	3168
245.807578	2393	3168
245.857584	2393	3168
245.907588	2393	3168
245.958593	2393	3168
246.007598	2393	3168
246.058603	2393	3168
246.107608	2393	3168
246.158613	2393	3168
246.207618	2393	3168
246.257623	2393	3168
246.307628	2393	3168
246.357633	2393	3168
246.407639	2393	3168
246.457644	2393	3168
246.507648	2393	3168
246.558653	2393	3168
246.607658	2393	3168
246.657663	2393	3168
246.707668	2393	3168
246.757673	2393	3168
246.807678	2393	3168
246.857683	2393	3168
246.907688	2393	3168
246.957693	2393	3168
247.007699	2393	3168
247.057703	2393	3168
247.107708	2393	3168
247.158713	2393	3168
247.207718	2393	3168
247.257723	2393	3168
247.307728	2393	3168
247.358733	2393	3168
247.407738	2393	3168
247.457743	2393	3168
247.507748	2393	3168
247.558753	2393	3168
247.607759	2393	3168
247.657763	2393	3168
247.707768	2393	3168
247.757773	2393	3168
247.807778	2393	3168
247.857783	2393	3168
247.907788	2393	3168
247.957793	2393	3168
248.007798	2393	3168
248.057803	2393	3168
248.107808	2393	3168
248.157814	2393	3168
248.207819	2393	3168
248.257823	2393	3168
248.307828	2393	3168
248.357833	2393	3168
248.407838	2393	3168
248.457843	2393	3168
248.507848	2393	3168
248.557853	2393	3168
248.607858	2393	3168
248.657863	2393	3168
248.707868	2393	3168
248.757874	2393	3168
248.807878	2393	3168
248.857883	2393	3168
248.907888	2393	3168
248.957893	2393	3168
249.007898	2393	3168
249.057903	2393	3168
249.107908	2393	3168
249.157913	2393	3168
249.207918	2393	3168
249.257923	2393	3168
249.307928	2393	3168
249.357934	2393	3168
249.407938	2393	3168
249.457943	2393	3168
249.507948	2393	3168
249.557953	2393	3168
249.607958	2393	3168
249.657963	2393	3176
249.707968	2393	3176
249.757973	2393	3176
249.807978	2393	3176
249.857983	2393	3176
249.907989	2393	3176
249.957994	2393	3176
250.007998	2393	3176
250.060003	2393	3176
250.108008	2393	3176
250.158013	2393	3176
250.208018	2393	3176
250.258023	2393	3176
250.308028	2393	3176
250.359034	2393	3176
250.408038	2393	3176
250.458043	2393	3176
250.508049	2393	3176
250.559053	2393	3176
250.608058	2393	3176
250.658063	2393	3176
250.708068	2393	3176
250.758073	2393	3176
250.808078	2393	3176
250.858083	2393	3176
250.908088	2393	3176
250.959094	2393	3176
251.008098	2393	3176
251.060103	2393	3176
251.108109	2393	3176
251.158113	2393	3176
251.208118	2393	3176
251.258123	2393	3176
251.308128	2393	3176
251.358133	2393	3176
251.408138	2393	3176
251.458143	2393	3176
251.508148	2393	3176
251.558153	2393	3176
251.608158	2393	3176
251.659163	2393	3176
251.708169	2393	3176
251.758173	2393	3176
251.808178	2393	3176
251.858183	2393	3176
251.925190	2393	3176
251.959193	2393	3176
252.008198	2393	3176
252.058203	2393	3176
252.108208	2393	3176
252.159214	2393	3176
252.208218	2393	3176
252.258224	2393	3176
252.308228	2393	3176
252.358233	2393	3176
252.408238	2393	3176
252.458243	2393	3176
252.508248	2393	3176
252.558253	2393	3176
252.608258	2393	3176
252.659264	2393	3176
252.708268	2393	3176
252.758273	2393	3176
252.808278	2393	3176
252.859283	2393	3176
252.908288	2393	3176
252.958293	2393	3176
253.008298	2393	3176
253.058303	2393	3176
253.108308	2393	3176
253.159313	2393	3176
253.208318	2393	3176
253.258323	2393	3176
253.308328	2393	3176
253.359334	2393	3176
253.408339	2393	3176
253.458344	2393	3176
253.508348	2393	3176
253.558353	2393	3176
253.608358	2393	3164
253.658363	2393	3104
253.708368	2393	3056
253.758373	2393	3036
253.808378	2393	2996
253.859384	2393	2984
253.908388	2393	2964
253.958393	2393	2916
254.008399	2393	2916
254.058403	2393	2888
254.108408	2393	2888
254.158413	2393	2856
254.208418	2393	2828
254.258423	2393	2784
254.308428	2393	2744
254.359434	2393	2728
254.408438	2393	2700
254.458443	2393	2684
254.508448	2393	2680
254.559453	2393	2644
254.608459	2393	2644
254.658463	2393	2628
254.708468	2393	2604
254.758473	2393	2592
254.808478	2393	2592
254.859483	2393	2592
254.908488	2393	2592
254.958493	2393	2592
255.008498	2393	2592
255.059504	2393	2560
255.108508	2393	2540
255.158514	2393	2512
255.208519	2393	2508
255.259523	2393	2504
255.308528	2393	2496
255.359533	2393	2456
255.408538	2397	2440
255.458543	2417	2440
255.508548	2453	2440
255.559554	2461	2440
255.608558	2497	2440
255.658563	2617	2440
255.708568	2661	2440
255.758574	2741	2440
255.808578	2781	2412
255.858583	2889	2396
255.908588	2961	2380
255.958593	3009	2352
256.008598	3065	2320
256.059603	3161	2276
256.108608	3213	2276
256.158613	3249	2276
256.208618	3249	2272
256.258623	3249	2240
256.308628	3249	2196
256.359633	3249	2152
256.408638	3249	2132
256.458643	3249	2076
256.508648	3249	2076
256.558653	3249	2076
256.607658	3249	2076
256.657663	3249	2076
256.707668	3249	2076
256.759674	3249	2076
256.807678	3249	2076
256.857683	3249	2056
256.907688	3249	2012
256.957693	3249	1980
257.007698	3249	1960
257.057703	3249	1940
257.107708	3253	1916
257.158713	3257	1900
257.207718	3257	1888
257.257723	3261	1880
257.307728	3261	1868
257.357733	3261	1844
257.407738	3269	1828
257.457743	3269	1812
257.507748	3277	1788
257.557753	3293	1764
257.607758	3293	1748
257.658763	3293	1708
257.707768	3293	1708
257.757773	3301	1664
257.807778	3325	1640
257.858783	3325	1640
257.907788	3325	1612
257.958793	3325	1612
258.007798	3325	1612
258.057803	3325	1588
258.107808	3325	1588
258.157813	3325	1552
258.207818	3325	1484
258.257823	3325	1464
258.307828	3325	1464
258.359833	3325	1464
258.407838	3325	1464
258.457843	3325	1464
258.507848	3325	1464
258.559854	3325	1464
258.607858	3325	1452
258.658864	3325	1424
258.707868	3325	1392
258.757873	3325	1376
258.807878	3325	1376
258.858883	3325	1376
258.907888	3325	1332
258.958893	3325	1288
259.007898	3325	1252
259.058903	3341	1188
259.107908	3357	1160
259.157913	3357	1128
259.207918	3397	1032
259.257923	3405	984
259.307928	3405	968
259.359933	3417	960
259.407938	3429	956
259.457943	3429	952
259.507948	3429	908
259.559953	3429	868
259.607958	3445	864
259.658963	3445	864
259.707968	3461	864
259.757973	3461	852
259.807978	3461	852
259.859983	3485	848
259.907988	3485	824
259.957993	3485	808
260.007998	3485	796
260.060003	3493	784
260.108008	3493	692
260.159013	3493	652
260.208018	3493	644
260.259023	3497	644
260.308028	3497	604
260.360034	3497	548
260.408038	3509	548
260.458043	3509	548
260.508048	3509	548
260.559053	3509	540
260.608058	3509	508
260.659063	3509	508
260.708068	3509	508
260.758073	3509	508
260.808078	3509	508
260.858083	3509	508
260.908088	3509	508
260.958093	3509	508
261.008098	3509	508
261.058103	3509	508
261.108108	3509	508
261.159113	3509	508
261.208118	3509	508
261.259123	3509	508
261.308128	3509	508
261.358133	3509	508
261.408138	3509	508
261.458143	3509	508
261.508148	3509	508
261.558153	3509	508
261.608158	3509	508
261.658163	3509	508
261.708168	3509	508
261.758173	3509	508
261.808178	3509	508
261.859183	3509	508
261.908188	3509	508
261.959193	3509	508
262.008198	3509	508
262.058203	3509	508
262.108208	3509	508
262.158213	3509	508
262.208218	3509	508
262.258223	3509	508
262.308228	3509	508
262.359233	3509	508
262.408238	3509	508
262.459243	3509	508
262.508248	3513	508
262.559253	3513	508
262.608258	3521	508
262.659263	3521	508
262.708268	3521	508
262.758273	3521	508
262.808278	3521	508
262.860283	3521	508
262.908288	3521	508
262.958293	3521	508
263.008298	3521	508
263.059303	3521	508
263.108308	3521	508
263.159313	3521	508
263.208318	3521	508
263.258323	3521	508
263.308328	3529	508
263.360333	3529	508
263.408338	3529	508
263.459343	3529	508
263.508348	3529	508
263.558353	3529	508
263.608358	3529	508
263.658363	3529	508
263.708368	3529	508
263.759373	3529	508
263.808378	3529	508
263.860384	3529	508
263.908388	3529	508
263.958393	3529	508
264.008398	3529	508
264.060403	3529	508
264.108408	3529	508
264.159413	3529	508
264.208418	3529	508
264.258423	3529	508
264.308428	3529	508
264.360434	3529	508
264.408438	3529	508
264.458443	3529	508
264.508448	3529	508
264.559453	3529	508
264.608458	3529	508
264.659463	3529	508
264.708468	3529	508
264.759473	3529	508
264.808478	3529	508
264.859483	3529	508
264.908488	3529	508
264.958493	3529	508
265.008498	3529	508
265.060503	3529	508
265.108508	3529	508
265.158513	3529	508
265.208518	3529	508
265.258523	3529	508
265.308528	3529	508
265.358533	3529	508
265.408538	3529	508
265.459543	3529	508
265.508548	3529	508
265.559553	3529	508
265.608558	3529	508
265.658563	3529	508
265.708568	3529	508
265.760573	3529	508
265.808578	3529	508
265.858583	3529	508
265.908588	3529	508
265.959593	3493	508
266.008598	3453	508
266.060604	3201	508
266.108608	2905	508
266.159613	2645	508
266.208618	2537	508
266.259624	2533	508
266.309628	2517	508
266.359633	2497	508
266.408638	2489	508
266.458643	2429	508
266.508648	2393	508
266.558653	2365	508
266.608658	2225	508
266.659663	1937	508
266.708668	1673	508
266.759673	1281	0
266.808678	977	0
266.859684	813	0
266.908688	741	0
266.958693	665	0
267.008698	577	0
267.060703	481	0
267.108708	353	0
267.158713	245	0
267.208718	29	0
267.259723	0	0
267.308728	0	0
267.360734	0	0
267.408738	0	0
267.458743	0	0
267.508748	0	0
267.560753	0	0
267.608758	0	0
267.659763	0	0
267.708768	0	0
267.758773	0	0
267.808778	0	0
267.860784	0	0
267.908788	0	0
267.958793	0	0
268.008798	0	0
268.059803	0	0
268.108808	0	0
268.159813	0	0
268.208818	0	0
268.259823	0	0
268.308828	0	0
268.358833	0	0
268.408838	0	0
268.458843	0	0
268.508848	0	0
268.559853	0	0
268.608858	0	0
268.658863	0	0
268.708868	0	0
268.758873	0	0
268.808878	0	0
268.858883	0	0
268.908888	0	0
268.959893	0	0
269.008898	0	0
269.059903	0	0
269.108908	0	0
269.158913	0	0
269.208918	0	0
269.259923	0	0
269.308928	0	0
269.358933	0	0
269.408938	0	0
269.459943	0	0
269.508948	0	0
269.560954	0	0
269.608958	0	0
269.658963	0	0
269.708968	0	0
269.758973	0	0
269.808978	0	0
269.859983	0	0
269.908988	0	0
269.958993	0	0
270.008998	0	0
270.059003	0	0
270.109008	0	0
270.160013	0	0
270.209018	0	0
270.259023	0	0
270.309028	0	0
270.359033	0	0
270.409038	0	0
270.459043	0	0
270.509048	0	0
270.560053	0	0
270.609058	0	0
270.659063	0	0
270.709068	0	0
270.760073	0	0
270.809078	0	0
270.860083	0	0
270.909088	0	0
270.959093	0	0
271.009098	0	0
271.059103	0	0
271.109108	0	0
271.159113	0	0
271.209118	0	0
271.259123	0	0
271.309128	0	0
271.360133	0	0
271.409138	0	0
271.459143	0	0
271.509148	0	0
271.560153	0	0
271.609158	0	0
271.659163	0	0
271.709168	0	0
271.760173	0	0
271.809178	0	0
271.860183	0	0
271.909188	0	0
271.959193	0	0
272.009198	0	0
272.060204	0	0
272.109208	0	0
272.159213	0	0
272.209218	0	0
272.259223	0	0
272.309228	0	0
272.360233	0	0
272.409238	0	0
272.462244	0	0
272.509248	0	0
272.560253	0	0
272.609258	0	0
272.659263	0	0
272.709268	0	0
272.759273	0	0
272.809278	0	0
272.860283	0	0
272.909288	0	0
272.960293	0	0
273.009298	0	0
273.059303	0	0
273.109308	0	0
273.159313	0	0
273.209318	0	0
273.259323	0	0
273.309328	0	0
273.359333	0	0
273.409338	0	0
273.459343	0	0
273.509348	0	0
273.559353	0	0
273.609358	0	0
273.660363	0	0
273.709368	0	0
273.759373	0	0
273.809378	0	0
273.859383	0	0
273.909388	0	0
273.959393	0	0
274.008398	0	0
274.059403	0	0
274.108408	0	0
274.159413	0	0
274.208418	0	0
274.258423	0	0
274.308428	0	0
274.360433	0	0
274.408438	0	0
274.458443	0	0
274.508448	0	0
274.560453	0	0
274.608458	0	0
274.658463	0	0
274.708468	0	0
274.759473	0	0
274.808478	0	0
274.859483	0	0
274.908488	0	0
274.958493	0	0
275.008498	0	0
275.059503	0	0
275.108508	0	0
275.159513	0	0
275.208518	0	0
275.258523	0	0
275.308528	0	0
275.359533	0	0
275.408538	0	0
275.459543	0	0
275.508548	0	0
275.558553	0	0
275.608558	0	0
275.659563	0	0
275.708568	0	0
275.758573	0	0
275.808578	0	0
275.860583	0	0
275.908588	0	0
275.958593	0	0
276.008598	0	0
276.059603	0	0
276.108608	0	0
276.158613	0	0
276.208618	0	0
276.258623	0	0
276.308628	0	0
276.360633	0	0
276.408638	0	0
276.458643	0	0
276.508648	0	0
276.559653	0	0
276.608658	0	0
276.658663	0	0
276.708668	0	0
276.758673	0	0
276.808678	0	0
276.860683	0	0
276.908688	0	0
276.959693	0	0
277.008698	0	0
277.059703	0	0
277.108708	0	0
277.159713	0	0
277.208718	0	0
277.258723	0	0
277.308728	0	0
277.360734	0	0
277.408738	0	0
277.458743	0	0
277.508748	0	0
277.560753	0	0
277.608758	0	0
277.658763	0	0
277.708768	0	0
277.758773	0	0
277.808778	0	0
277.859783	0	0
277.908788	0	0
277.958793	0	0
278.008798	0	0
278.059803	0	0
278.108808	0	0
278.158813	0	0
278.208818	0	0
278.258823	0	0
278.308828	0	0
278.359833	0	0
278.408838	0	0
278.458843	0	0
278.508848	0	0
278.560853	0	0
278.608858	0	0
278.658863	0	0
278.708868	0	0
278.758873	0	0
278.808878	0	0
278.858883	0	0
278.908888	0	0
278.958893	0	0
279.008898	0	0
279.060904	0	0
279.108908	0	0
279.158913	0	0
279.208918	0	0
279.258923	0	0
279.308928	0	0
279.359933	0	0
279.408938	0	0
279.459943	0	0
279.508948	0	0
279.559953	0	0
279.608958	0	0
279.658963	0	0
279.708968	0	0
279.758973	0	0
279.808978	0	0
279.858983	0	0
279.908988	0	0
279.958993	0	0
280.008998	0	0
280.059003	0	0
280.109008	0	0
280.159013	0	0
280.209018	0	0
280.259023	0	0
280.309028	0	0
280.360033	0	0
280.409038	0	0
280.459043	0	0
280.509048	0	0
280.559053	0	0
280.609058	0	0
280.659063	0	0
280.709068	0	0
280.759073	0	0
280.809078	0	0
280.859083	0	0
280.909088	0	0
280.959093	0	0
281.009098	0	0
281.059103	0	0
281.109108	0	0
281.159113	0	0
281.209118	0	0
281.259123	0	0
281.309128	0	0
281.360133	0	0
281.409138	0	0
281.459143	0	0
281.509148	0	0
281.559153	0	0
281.609158	0	0
281.659163	0	0
281.709168	0	0
281.759173	0	0
281.809178	0	0
281.860183	0	0
281.909188	0	0
281.959193	0	0
282.009198	0	0
282.059203	0	0
282.109208	0	0
282.159213	0	0
282.209218	0	0
282.259223	0	0
282.309228	0	0
282.360233	0	0
282.409238	0	0
282.459243	0	0
282.509248	0	0
282.559253	0	0
282.609258	0	0
282.659263	0	0
282.709268	0	0
282.759273	0	0
282.809278	0	0
282.860283	0	0
282.909288	0	0
282.960293	0	0
283.009298	0	0
283.060303	0	0
283.109308	0	0
283.159313	0	0
283.209318	0	0
283.259323	0	0
283.309328	0	0
283.360333	0	0
283.409338	0	0
283.459343	0	0
283.509348	0	0
283.560353	0	0
283.609358	0	0
283.659363	0	0
283.709368	0	0
283.759373	0	0
283.809378	0	0
283.860383	0	0
283.909388	0	0
283.959393	0	0
284.009398	0	0
284.060403	0	0
284.109408	0	0
284.159413	0	0
284.209418	0	0
284.259423	0	0
284.309428	0	0
284.359433	0	0
284.438441	0	0
284.459443	0	0
284.509448	0	0
284.560453	0	0
284.609458	0	0
284.659463	0	0
284.709468	0	0
284.760473	0	0
284.809478	0	0
284.859483	0	0
284.909488	0	0
284.959493	0	0
285.009498	0	0
285.060503	0	0
285.109508	0	0
285.160513	0	0
285.209518	0	0
285.259523	0	0
285.309528	0	0
285.359533	0	0
285.409538	0	0
285.459543	0	0
285.509548	0	0
285.559553	0	0
285.609558	0	0
285.659563	0	0
285.709568	0	0
285.759573	0	0
285.809578	0	0
285.859583	0	0
285.909588	0	0
285.959593	0	0
286.009598	0	0
286.059603	0	0
286.109608	0	0
286.160613	0	0
286.209618	0	0
286.259623	0	0
286.309628	0	0
286.359633	0	0
286.409638	0	0
286.459643	0	0
286.509648	0	0
286.559653	0	0
286.609658	0	0
286.659663	0	0
286.709668	0	0
286.759673	0	0
286.809678	0	0
286.860683	0	0
286.909688	0	0
286.959693	0	0
287.009698	0	0
287.060703	0	0
287.109708	0	0
287.159713	0	0
287.209718	0	0
287.259723	0	0
287.309728	0	0
287.360733	0	0
287.409738	0	0
287.459743	0	0
287.509748	0	0
287.559753	0	0
287.609758	0	0
287.659763	0	0
287.709768	0	0
287.759773	0	0
287.809778	0	0
287.860783	0	0
287.909788	0	0
287.959793	0	0
288.009798	0	0
288.059803	0	0
288.109808	0	0
288.159813	0	0
288.209818	0	0
288.259823	0	0
288.309828	0	0
288.359833	0	0
288.409838	0	0
288.459843	0	0
288.509848	0	0
288.560853	0	0
288.609858	0	0
288.659863	0	0
288.709868	0	0
288.759873	0	0
288.809878	0	0
288.859883	0	0
288.909888	0	0
288.959893	0	0
289.009898	0	0
289.060903	0	0
289.109908	0	0
289.159913	0	0
289.209918	0	0
289.259923	0	0
289.309928	0	0
289.359933	0	0
289.409938	0	0
289.459943	0	0
289.509948	0	0
289.559953	0	0
289.609958	0	0
289.660963	0	0
289.709968	0	0
289.759973	0	0
289.809978	0	0
289.859983	0	0
289.909988	0	0
289.959993	0	0
290.009998	0	0
290.061003	0	0
290.110008	0	0
290.160013	0	0
290.210018	0	0
290.260023	0	0
290.310028	0	0
290.360033	0	0
290.410038	0	0
290.460043	0	0
290.510048	0	0
290.560053	0	0
290.610058	0	0
290.660063	0	0
290.710068	0	0
290.760073	0	0
290.810078	0	0
290.860083	0	0
290.910088	0	0
290.960093	0	0
291.010098	0	0
291.060103	0	0
291.110108	0	0
291.160113	0	0
291.210118	0	0
291.260123	0	0
291.310128	0	0
291.360133	0	0
291.410138	0	0
291.460143	0	0
291.509148	0	0
291.559153	0	0
291.609158	0	0
291.661163	0	0
291.709168	0	0
291.760173	0	0
291.809178	0	0
291.860183	0	0
291.909188	0	0
291.960193	0	0
292.009198	0	0
292.059203	0	0
292.109208	0	0
292.161213	0	0
292.209218	0	0
292.259223	0	0
292.309228	0	0
292.360233	0	0
292.409238	0	0
292.459243	0	0
292.509248	0	0
292.560253	0	0
292.609258	0	0
292.660263	0	0
292.709268	0	0
292.759273	0	0
292.809278	0	0
292.860283	0	0
292.909288	0	0
292.960293	0	0
293.009298	0	0
293.060303	0	0
293.109308	0	0
293.160313	0	0
293.209318	0	0
293.259323	0	0
293.309328	0	0
293.360333	0	0
293.409338	0	0
293.460343	0	0
293.509348	0	0
293.560353	0	0
293.609358	0	0
293.660363	0	0
293.709368	0	0
293.760373	0	0
293.809378	0	0
293.860383	0	0
293.909388	0	0
293.959393	0	0
294.009398	0	0
294.062403	0	0
294.109408	0	0
294.160413	0	0
294.209418	0	0
294.260423	0	0
294.309428	0	0
294.360433	0	0
294.409438	0	0
294.459443	0	0
294.509448	0	0
294.561453	0	0
294.609458	0	0
294.660463	0	0
294.709468	0	0
294.759473	0	0
294.809478	0	0
294.860483	0	0
294.909488	0	0
294.959493	0	0
295.009498	0	0
295.060503	0	0
295.109508	0	0
295.159513	0	0
295.209518	0	0
295.259523	0	0
295.309528	0	0
295.360533	0	0
295.409538	0	0
295.459543	0	0
295.509548	0	0
295.560553	0	0
295.609558	0	0
295.659563	0	0
295.709568	0	0
295.759573	0	0
295.809578	0	0
295.860583	0	0
295.909588	0	0
295.960593	0	0
296.009598	0	0
296.060603	0	0
296.109608	0	0
296.159613	0	0
296.209618	0	0
296.259623	0	0
296.309628	0	0
296.359633	0	0
296.409638	0	0
296.460643	0	0
296.509648	0	0
296.559653	0	0
296.609658	0	0
296.660663	0	0
296.709668	0	0
296.759673	0	0
296.809678	0	0
296.859683	0	0
296.909688	0	0
296.959693	0	0
297.009698	0	0
297.060703	0	0
297.109708	0	0
297.159713	0	0
297.209718	0	0
297.259723	0	0
297.309728	0	0
297.359733	0	0
297.409738	0	0
297.459743	0	0
297.509748	0	0
297.559753	0	0
297.609758	0	0
297.660763	0	0
297.709768	0	0
297.759773	0	0
297.809778	0	0
297.861783	0	0
297.909788	0	0
297.959793	0	0
298.009798	0	0
298.060803	0	0
298.109808	0	0
298.159813	0	0
298.209818	109	0
298.259823	333	0
298.309828	489	0
298.361833	793	0
298.409838	1117	0
298.460843	1385	0
298.509848	1525	0
298.560853	1569	0
298.609858	1569	0
298.659863	1569	0
298.709868	1569	0
298.759873	1609	0
298.809878	1753	100
298.888886	1949	88
298.966894	1977	88
299.009898	2001	88
299.060903	2001	88
299.109908	2001	88
299.159913	2001	88
299.209918	2001	88
299.259923	2001	88
299.309928	2001	88
299.360933	2001	88
299.409938	2001	44
299.459943	2001	44
299.509948	2001	44
299.561953	2001	44
299.609958	2001	44
299.659963	2001	40
299.709968	2001	40
299.759973	2001	40
299.809978	2001	40
299.861983	2001	40
299.909988	2001	40
299.959993	2001	40
300.009998	2001	40
300.060003	2001	24
300.110008	2001	24
300.160013	2001	24
300.210018	2001	24
300.260023	2001	24
300.310028	2001	24
300.362033	2001	24
300.410038	2001	24
300.460043	2001	24
300.510048	2001	24
300.561053	2001	24
300.610058	2001	24
300.660063	2001	24
300.710068	2001	24
300.760073	2001	24
300.810078	2001	24
300.860083	2001	24
300.910088	2001	24
300.960093	2001	24
301.010098	1981	24
301.061103	1981	24
301.110108	1973	24
301.160113	1961	24
301.237121	1953	24
301.261123	1937	24
301.310128	1937	24
301.360133	1937	24
301.410138	1937	24
301.460143	1937	24
301.510148	1933	24
301.560153	1909	24
301.610158	1901	24
301.660163	1901	24
301.710168	1901	24
301.760173	1889	24
301.810178	1889	36
301.862183	1873	44
301.910188	1873	48
301.960193	1861	64
302.010198	1857	64
302.061203	1857	64
302.110208	1841	72
302.160213	1841	88
302.210218	1841	96
302.261223	1829	96
302.310228	1817	96
302.361233	1805	104
302.410238	1785	112
302.460243	1769	120
302.510248	1741	120
302.590256	1741	124
302.610258	1741	140
302.661263	1741	140
302.710268	1729	140
302.761273	1729	148
302.810278	1729	152
302.861283	1729	156
302.910288	1725	156
302.960293	1721	168
303.010298	1717	168
303.061303	1693	168
303.110308	1693	176
303.160313	1693	176
303.210318	1693	176
303.260323	1693	176
303.310328	1693	176
303.360333	1693	176
303.410338	1681	176
303.461343	1681	176
303.510348	1681	176
303.561353	1681	176
303.610358	1681	176
303.660363	1681	176
303.710368	1681	176
303.761373	1681	184
303.810378	1681	184
303.861383	1681	184
303.910388	1681	184
303.960393	1681	184
304.010398	1681	184
304.061403	1681	184
304.110408	1669	184
304.160413	1669	184
304.210418	1669	184
304.260423	1669	184
304.310428	1669	184
304.360433	1669	184
304.410438	1669	184
304.461443	1665	192
304.510448	1665	192
304.560453	1665	192
304.610458	1665	192
304.661463	1665	192
304.710468	1665	192
304.761473	1645	0
304.810478	1645	0
304.860483	1621	0
304.910488	1621	0
304.960493	1621	0
305.010498	1609	0
305.061503	1609	0
305.110508	1585	0
305.161513	1585	0
305.210518	1585	0
305.260523	1585	0
305.310528	1569	0
305.362533	1569	0
305.410538	1569	0
305.461543	1569	0
305.510548	1517	0
305.561553	1517	0
305.610558	1517	0
305.661563	1517	0
305.710568	1517	0
305.760573	1517	0
305.810578	1517	0
305.861583	1473	0
305.910588	1473	0
305.960593	1453	0
306.010598	1453	0
306.062603	1453	0
306.110608	1413	0
306.160613	1401	0
306.210618	1401	0
306.260623	1401	0
306.310628	1401	0
306.362633	1401	0
306.410638	1401	0
306.460643	1401	0
306.510648	1401	0
306.561653	1401	0
306.610658	1401	0
306.661663	1401	0
306.710668	1401	0
306.761673	1401	0
306.810678	1401	0
306.861683	1401	0
306.910688	1401	0
306.960693	1401	0
307.010698	1401	0
307.062703	1401	0
307.110708	1401	0
307.161713	1401	0
307.210718	1401	0
307.261723	1401	0
307.310728	1401	0
307.361733	1401	0
307.410738	1401	0
307.460743	1401	0
307.510748	1401	0
307.562753	1401	0
307.610758	1401	0
307.661763	1401	0
307.710768	1401	0
307.760773	1401	0
307.810778	1401	0
307.861783	1401	0
307.910788	1401	0
307.961793	1401	0
308.010798	1401	0
308.061803	1401	0
308.110808	1401	0
308.161813	1401	0
308.210818	1401	0
308.261823	1401	0
308.310828	1401	0
308.361833	1401	0
308.410838	1401	0
308.460843	1401	0
308.510848	1401	0
308.561853	1401	0
308.610858	1401	0
308.661863	1401	0
308.710868	1401	0
308.760873	1401	0
308.810878	1401	0
308.861883	1401	0
308.910888	1401	0
308.961893	1401	0
309.009898	1517	0
309.060903	1769	240
309.109908	1957	240
309.161913	2173	240
309.210918	2381	240
309.261923	2645	240
309.309928	2757	240
309.360933	2785	240
309.409938	2801	236
309.459943	2809	236
309.509948	2849	192
309.562953	2957	144
309.609958	3145	144
309.660963	3509	144
309.710968	3813	144
309.759973	3857	144
309.809978	3857	144
309.862983	3857	144
309.909988	3857	144
309.960993	3857	144
310.009998	3857	144
310.061003	3881	72
310.110008	3881	28
310.162013	3881	28
310.210018	3889	28
310.261023	3917	28
310.310028	3953	56
310.361033	4005	196
310.410038	4021	196
310.462043	4093	248
310.510048	4125	248
310.562053	4125	248
310.610058	4125	248
310.661063	4125	248
310.710068	4181	248
310.760073	4201	248
310.810078	4217	248
310.862083	4253	248
310.910088	4281	248
310.960093	4337	248
311.010098	4385	248
311.062103	4433	248
311.110108	4465	248
311.162113	4509	248
311.211118	4549	248
311.261123	4613	248
311.310128	4673	248
311.363133	4717	248
311.410138	4721	248
311.461143	4737	248
311.510148	4737	248
311.562153	4737	248
311.610158	4737	248
311.662163	4737	296
311.711168	4737	332
311.761173	4753	332
311.810178	4753	332
311.863183	4753	376
311.910188	4753	376
311.960193	4753	376
312.010198	4753	376
312.063203	4753	376
312.110208	4753	376
312.162213	4753	376
312.210218	4753	376
312.261223	4753	376
312.310228	4753	376
312.360233	4753	376
312.410238	4753	376
312.460243	4753	376
312.510248	4753	376
312.561253	4753	376
312.610258	4753	392
312.662263	4753	392
312.711268	4753	392
312.762273	4753	392
312.810278	4753	400
312.861283	4753	436
312.910288	4753	456
312.961293	4753	484
313.010298	4753	512
313.061303	4753	548
313.110308	4753	552
313.162313	4753	568
313.239321	4753	572
313.262323	4753	572
313.310328	4753	572
313.360333	4753	572
313.410338	4753	572
313.462343	4753	572
313.510348	4753	572
313.561353	4753	572
313.610358	4753	572
313.662363	4753	572
313.710368	4753	572
313.761373	4753	572
313.810378	4753	572
313.860383	4753	572
313.910388	4753	572
313.961393	4753	572
314.010398	4753	572
314.061403	4753	572
314.110408	4753	572
314.161413	4753	572
314.210418	4753	572
314.261423	4753	572
314.310428	4753	572
314.362433	4753	572
314.410438	4753	572
314.461443	4753	572
314.510448	4753	572
314.561453	4753	572
314.610458	4753	572
314.660463	4753	572
314.710468	4753	572
314.761473	4753	572
314.810478	4753	572
314.862483	4753	572
314.910488	4753	572
314.962493	4753	572
315.010498	4753	572
315.062503	4753	572
315.110508	4753	572
315.160513	4753	572
315.210518	4753	572
315.261523	4753	572
315.310528	4753	572
315.360533	4753	572
315.410538	4753	572
315.461543	4753	572
315.510548	4753	572
315.561553	4753	572
315.610558	4753	572
315.662563	4753	572
315.710568	4753	572
315.761573	4753	572
315.810578	4753	572
315.860583	4753	572
315.910588	4753	572
315.960593	4753	572
316.010598	4753	572
316.062603	4753	572
316.110608	4753	572
316.162613	4753	572
316.210618	4753	572
316.260623	4753	572
316.310628	4753	572
316.363633	4753	572
316.410638	4753	572
316.460643	4753	572
316.510648	4753	572
316.562653	4753	572
316.610658	4753	572
316.660663	4753	572
316.710668	4753	572
316.760673	4753	572
316.810678	4753	572
316.862683	4753	572
316.910688	4753	572
316.960693	4753	572
317.010698	4753	572
317.061703	4753	572
317.110708	4753	572
317.161713	4753	572
317.210718	4753	572
317.260723	4753	572
317.310728	4753	572
317.362733	4753	572
317.410738	4753	572
317.460743	4753	572
317.510748	4753	572
317.562753	4753	572
317.610758	4753	572
317.660763	4753	572
317.710768	4753	572
317.761773	4753	572
317.810778	4753	572
317.862783	4753	572
317.910788	4753	572
317.961793	4753	572
318.010798	4753	572
318.062803	4753	572
318.110808	4753	572
318.160813	4753	572
318.210818	4753	572
318.260823	4753	572
318.310828	4753	572
318.362833	4753	572
318.410838	4753	572
318.460843	4753	572
318.510848	4753	572
318.560853	4753	584
318.610858	4753	612
318.660863	4753	616
318.710868	4753	680
318.761873	4753	680
318.810878	4753	704
318.860883	4753	740
318.910888	4753	740
318.961893	4753	748
319.010898	4749	748
319.062903	4749	748
319.110908	4749	748
319.160913	4749	748
319.210918	4749	760
319.261923	4749	760
319.310928	4749	788
319.360933	4749	804
319.410938	4749	804
319.460943	4749	804
319.510948	4749	808
319.561953	4749	828
319.610958	4749	828
319.661963	4749	828
319.710968	4749	828
319.760973	4749	828
319.810978	4749	828
319.862983	4749	828
319.910988	4749	828
319.960993	4749	828
320.010998	4749	828
320.061003	4749	828
320.111008	4749	828
320.162013	4749	828
320.211018	4749	828
320.261023	4749	828
320.311028	4749	828
320.363033	4749	828
320.411038	4749	828
320.462043	4749	828
320.511048	4749	828
320.563053	4749	828
320.611058	4749	828
320.661063	4749	828
320.711068	4749	828
320.761073	4749	828
320.811078	4749	828
320.862083	4749	828
320.911088	4749	828
320.961093	4749	828
321.011098	4749	828
321.063103	4749	828
321.111108	4749	828
321.161113	4749	828
321.211118	4749	828
321.261123	4749	828
321.311128	4749	828
321.363133	4749	828
321.411138	4749	828
321.461143	4749	828
321.511148	4749	828
321.562153	4749	828
321.611158	4749	828
321.662163	4749	828
321.711168	4749	828
321.761173	4749	828
321.811178	4749	828
321.863183	4749	828
321.911188	4749	828
321.961193	4749	828
322.011198	4749	828
322.062203	4749	828
322.111208	4749	828
322.161213	4749	828
322.211218	4749	828
322.262223	4749	828
322.311228	4749	828
322.361233	4749	828
322.411238	4749	828
322.461243	4749	828
322.511248	4749	828
322.563253	4749	828
322.611258	4749	828
322.661263	4749	828
322.711268	4749	828
322.762273	4749	828
322.811278	4749	828
322.861283	4749	828
322.911288	4749	828
322.961293	4749	828
323.011298	4749	828
323.062303	4749	828
323.111308	4749	828
323.161313	4749	828
323.211318	4749	828
323.262323	4749	828
323.311328	4749	828
323.362333	4749	828
323.411338	4749	828
323.461343	4749	828
323.511348	4749	828
323.562353	4749	828
323.611358	4749	828
323.662363	4749	828
323.711368	4749	828
323.761373	4749	828
323.811378	4749	828
323.862383	4749	828
323.911388	4749	828
323.961393	4749	828
324.011398	4749	860
324.061403	4749	860
324.111408	4749	860
324.162413	4749	860
324.211418	4749	860
324.262423	4749	860
324.311428	4749	860
324.362433	4749	860
324.411438	4749	860
324.461443	4749	860
324.511448	4749	860
324.562453	4749	860
324.611458	4749	860
324.662463	4749	860
324.711468	4749	860
324.762473	4749	860
324.811478	4749	860
324.861483	4749	860
324.941491	4749	860
324.963493	4749	860
325.011498	4749	860
325.061503	4749	860
325.111508	4749	860
325.162513	4749	860
325.211518	4749	860
325.261523	4749	860
325.311528	4749	860
325.362533	4749	860
325.411538	4749	860
325.461543	4749	860
325.511548	4749	860
325.562553	4749	860
325.611558	4749	860
325.661563	4749	860
325.711568	4749	860
325.761573	4749	860
325.811578	4749	860
325.863583	4749	860
325.911588	4749	860
325.962593	4749	860
326.011598	4749	860
326.062603	4749	860
326.111608	4749	860
326.162613	4749	860
326.211618	4749	860
326.261623	4749	860
326.311628	4749	860
326.362633	4749	860
326.411638	4749	860
326.460643	4749	860
326.510648	4749	860
326.563653	4749	860
326.610658	4749	860
326.660663	4749	860
326.710668	4749	860
326.760673	4749	860
326.810678	4749	860
326.863683	4749	860
326.910688	4749	860
326.960693	4749	860
327.010698	4749	860
327.063703	4749	860
327.110708	4749	860
327.160713	4749	860
327.210718	4749	860
327.260723	4749	860
327.310728	4749	860
327.363733	4749	860
327.410738	4749	860
327.460743	4749	860
327.510748	4749	860
327.563753	4749	860
327.610758	4749	860
327.660763	4749	880
327.710768	4749	880
327.761773	4749	880
327.810778	4749	880
327.860783	4749	880
327.910788	4749	880
327.961793	4749	880
328.010798	4749	884
328.063803	4749	884
328.110808	4749	900
328.160813	4749	912
328.211818	4749	920
328.261823	4749	920
328.310828	4749	924
328.360833	4749	924
328.410838	4749	924
328.460843	4749	924
328.510848	4749	924
328.561853	4749	924
328.610858	4749	924
328.660863	4749	924
328.710868	4749	924
328.761873	4749	924
328.810878	4749	924
328.861883	4749	924
328.910888	4749	924
328.960893	4749	924
329.010898	4749	924
329.060903	4749	924
329.110908	4749	924
329.162913	4749	924
329.210918	4749	924
329.260923	4749	924
329.310928	4749	924
329.362933	4749	924
329.410938	4749	924
329.462943	4749	924
329.510948	4749	924
329.561953	4749	924
329.610958	4749	924
329.662963	4749	924
329.710968	4749	924
329.762973	4749	924
329.810978	4749	924
329.862983	4749	924
329.910988	4749	924
329.962993	4749	924
330.010998	4749	924
330.063003	4749	924
330.111008	4749	924
330.161013	4749	924
330.211018	4749	924
330.263023	4749	924
330.311028	4749	924
330.363033	4749	924
330.411038	4749	924
330.462043	4749	924
330.511048	4749	924
330.563053	4749	924
330.611058	4749	924
330.663063	4749	924
330.712068	4749	924
330.761073	4749	924
330.811078	4749	928
330.863083	4749	928
330.911088	4749	928
330.961093	4749	928
331.011098	4749	928
331.062103	4749	940
331.111108	4749	944
331.161113	4749	944
331.211118	4749	944
331.261123	4749	944
331.311128	4749	944
331.364133	4749	948
331.411138	4749	948
331.462143	4749	948
331.511148	4749	948
331.563153	4749	964
331.611158	4749	964
331.661163	4749	968
331.712168	4749	968
331.762173	4749	968
331.811178	4749	968
331.863183	4749	968
331.911188	4749	968
331.962193	4749	968
332.011198	4749	968
332.062203	4749	968
332.111208	4749	968
332.163213	4749	968
332.211218	4749	968
332.263223	4749	972
332.311228	4749	972
332.363233	4749	972
332.411238	4749	976
332.462243	4749	976
332.511248	4749	976
332.562253	4749	976
332.611258	4749	976
332.663263	4749	976
332.711268	4749	976
332.761273	4749	976
332.811278	4749	976
332.862283	4749	976
332.911288	4749	976
332.962293	4749	976
333.011298	4749	976
333.061303	4749	976
333.111308	4749	976
333.161313	4749	976
333.211318	4749	976
333.261323	4749	976
333.311328	4749	976
333.363333	4749	976
333.411338	4749	976
333.461343	4749	976
333.511348	4749	976
333.561353	4749	988
333.611358	4749	988
333.662363	4749	988
333.712368	4749	988
333.761373	4749	988
333.811378	4749	992
333.864383	4749	992
333.911388	4749	1000
333.961393	4749	1000
334.011398	4749	1004
334.062403	4749	1004
334.111408	4749	1004
334.161413	4749	1020
334.211418	4749	1020
334.263423	4749	1020
334.311428	4749	1020
334.363433	4749	1020
334.411438	4749	1020
334.462443	4749	1020
334.511448	4749	1020
334.561453	4749	1020
334.611458	4749	1020
334.662463	4749	1020
334.711468	4749	1020
334.761473	4749	1020
334.811478	4749	1020
334.864483	4749	1020
334.911488	4749	1020
334.961493	4749	1040
335.017498	4749	1040
335.063503	4749	1040
335.111508	4749	1040
335.162513	4749	1040
335.211518	4749	1040
335.261523	4749	1040
335.311528	4749	1040
335.363533	4749	1040
335.411538	4749	1040
335.463543	4749	1040
335.511548	4749	1040
335.563553	4749	1040
335.612558	4749	1040
335.663563	4749	1040
335.711568	4749	1040
335.761573	4749	1040
335.811578	4749	1040
335.864583	4749	1040
335.911588	4749	1040
335.961593	4749	1040
336.011598	4749	1040
336.064603	4749	1040
336.111608	4749	1040
336.163613	4749	1040
336.211618	4749	1040
336.262623	4749	1040
336.311628	4749	1040
336.363633	4749	1040
336.411638	4749	1040
336.461643	4749	1040
336.511648	4749	1040
336.562653	4749	1040
336.611658	4749	1040
336.661663	4749	1040
336.713668	4749	1040
336.761673	4749	1040
336.811678	4749	1040
336.863683	4749	1040
336.911688	4749	1040
336.961693	4749	1040
337.011698	4749	1040
337.063703	4749	1040
337.111708	4749	1040
337.162713	4749	1040
337.211718	4749	1040
337.262723	4749	1040
337.311728	4749	1040
337.362733	4749	1040
337.411738	4749	1040
337.461743	4749	1040
337.511748	4749	1040
337.563753	4749	1040
337.611758	4749	1040
337.661763	4749	1040
337.711768	4749	1048
337.762773	4749	1052
337.811778	4749	1052
337.861783	4749	1052
337.911788	4749	1056
337.961793	4749	1056
338.011798	4749	1064
338.063803	4749	1064
338.111808	4749	1064
338.161813	4749	1064
338.212818	4749	1068
338.264823	4749	1068
338.311828	4749	1068
338.362833	4749	1068
338.411838	4749	1068
338.461843	4749	1068
338.511848	4749	1068
338.562853	4749	1096
338.611858	4749	1096
338.662863	4749	1096
338.711868	4749	1096
338.761873	4749	1096
338.811878	4749	1096
338.861883	4749	1096
338.911888	4749	1096
338.961893	4749	1096
339.011898	4749	1096
339.062903	4749	1096
339.111908	4749	1096
339.161913	4749	1096
339.211918	4749	1108
339.261923	4749	1108
339.311928	4749	1108
339.361933	4749	1108
339.411938	4749	1108
339.461943	4749	1108
339.511948	4749	1108
339.562953	4749	1108
339.611958	4749	1108
339.661963	4749	1108
339.711968	4749	1108
339.761973	4749	1108
339.811978	4749	1108
339.862983	4749	1108
339.911988	4749	1108
339.961993	4749	1108
340.011998	4749	1108
340.063003	4749	1108
340.112008	4749	1108
340.162013	4749	1108
340.212018	4749	1108
340.262023	4749	1108
340.312028	4749	1108
340.362033	4749	1108
340.412038	4749	1108
340.462043	4749	1108
340.512048	4749	1120
340.563053	4749	1120
340.612058	4749	1120
340.662063	4749	1124
340.712068	4749	1124
340.762073	4749	1136
340.812078	4749	1144
340.862083	4749	1144
340.912088	4749	1144
340.962093	4749	1144
341.012098	4749	1144
341.062103	4749	1144
341.112108	4749	1144
341.162113	4749	1156
341.212118	4749	1164
341.262123	4749	1164
341.313128	4749	1180
341.363133	4749	1180
341.412138	4749	1188
341.462143	4749	1196
341.512148	4749	1196
341.563153	4749	1200
341.612158	4749	1200
341.662163	4749	1212
341.712168	4749	1212
341.762173	4749	1212
341.812178	4749	1224
341.863183	4749	1224
341.912188	4749	1224
341.962193	4749	1228
342.012198	4749	1228
342.062203	4749	1240
342.112208	4749	1240
342.162213	4749	1240
342.212218	4749	1240
342.262223	4749	1256
342.312228	4749	1256
342.363233	4749	1256
342.412238	4749	1256
342.462243	4749	1256
342.512248	4749	1256
342.563253	4749	1256
342.612258	4749	1256
342.662263	4749	1256
342.712268	4749	1256
342.762273	4749	1256
342.812278	4749	1256
342.863283	4749	1256
342.912288	4749	1256
342.962293	4749	1256
343.012298	4749	1256
343.063303	4749	1256
343.112308	4749	1256
343.163313	4749	1256
343.212318	4749	1256
343.262323	4749	1256
343.312328	4749	1256
343.363333	4749	1256
343.412338	4749	1256
343.462343	4749	1256
343.512348	4749	1256
343.562353	4749	1256
343.612358	4749	1256
343.662363	4749	1256
343.712368	4749	1256
343.762373	4749	1256
343.812378	4749	1256
343.863383	4749	1256
343.912388	4749	1256
343.961393	4737	1256
344.011398	4721	1256
344.064403	4721	1256
344.111408	4713	1256
344.161413	4713	1256
344.211418	4713	1256
344.262423	4713	1272
344.311428	4713	1272
344.361433	4713	1272
344.411438	4713	1272
344.461443	4713	1284
344.511448	4713	1284
344.563453	4713	1284
344.611458	4713	1284
344.661463	4713	1284
344.711468	4713	1284
344.761473	4713	1284
344.811478	4713	1284
344.862483	4713	1284
344.911488	4713	1284
344.961493	4713	1284
345.040501	4713	1284
345.064503	4713	1288
345.111508	4713	1288
345.161513	4713	1288
345.214518	4713	1288
345.263523	4713	1288
345.311528	4713	1288
345.362533	4713	1288
345.411538	4713	1288
345.462543	4713	1288
345.511548	4713	1292
345.561553	4713	1300
345.611557	4713	1300
345.661563	4713	1300
345.712568	4713	1300
345.763573	4713	1300
345.811578	4713	1304
345.861583	4713	1304
345.911588	4713	1304
345.961593	4713	1324
346.011598	4713	1324
346.061603	4713	1324
346.111608	4713	1324
346.162613	4713	1324
346.211618	4713	1324
346.261623	4713	1324
346.311628	4713	1324
346.363633	4713	1324
346.411638	4713	1324
346.461643	4713	1332
346.511648	4713	1332
346.561653	4713	1332
346.611658	4713	1332
346.661663	4709	1332
346.711668	4709	1332
346.761672	4705	1332
346.811678	4705	1332
346.862683	4705	1332
346.911688	4705	1332
346.963693	4705	1332
347.011698	4705	1340
347.063703	4705	1348
347.111708	4705	1364
347.162713	4705	1364
347.211718	4705	1364
347.261723	4705	1364
347.311728	4705	1364
347.364733	4705	1364
347.411738	4705	1364
347.461743	4705	1364
347.511748	4705	1364
347.563753	4705	1364
347.611758	4705	1364
347.663763	4705	1364
347.711768	4705	1364
347.761773	4705	1364
347.811778	4705	1364
347.907787	4705	1364
347.979795	4705	1364
348.029799	4705	1364
348.064803	4705	1364
348.111808	4705	1364
348.163813	4737	1364
348.211818	4793	1364
348.262823	4793	1316
348.311828	4909	1316
348.364833	5065	1316
348.411838	5534	1252
348.461843	6358	1060
348.511847	6614	860
348.563853	6622	860
348.611858	6642	948
348.663863	6642	948
348.711868	6642	948
348.762873	6642	924
348.811878	6658	932
348.864883	6710	968
348.911888	6754	968
348.961893	6754	968
349.011898	6826	968
349.063903	6914	968
349.111907	7018	968
349.164913	7098	976
349.211918	7114	976
349.261923	7250	948
349.311928	7346	996
349.362933	7534	996
349.411938	7566	996
349.461943	7566	996
349.511948	7566	996
349.563953	7574	996
349.611958	7598	996
349.661963	7598	996
349.711968	7622	996
349.761973	7710	996
349.811978	7818	996
349.876984	8054	996
349.922989	8126	940
349.968993	8178	940
350.012998	8190	940
350.064003	8190	940
350.112008	8190	940
350.162013	8194	940
350.212018	8206	940
350.263023	8206	940
350.312028	8206	940
350.362033	8206	940
350.412038	8206	940
350.464043	8206	892
350.512048	8206	892
350.565053	8206	892
350.612058	8206	892
350.662063	8206	892
350.712068	8206	892
350.764073	8206	892
350.812078	8206	892
350.863083	8206	892
350.912088	8206	892
350.963093	8206	892
351.012098	8206	892
351.065103	8226	892
351.112108	8226	892
351.164113	8246	892
351.212118	8246	892
351.263123	8246	892
351.312128	8246	892
351.364133	8246	892
351.412138	8246	892
351.463143	8246	892
351.512148	8246	892
351.563153	8246	892
351.612158	8258	892
351.663163	8274	892
351.712168	8294	892
351.763173	8310	892
351.812178	8314	892
351.864183	8354	892
351.912188	8378	892
351.963193	8378	892
352.012197	8378	892
352.063203	8378	892
352.112208	8378	892
352.162213	8378	892
352.212218	8394	892
352.262223	8394	892
352.312228	8394	892
352.364233	8394	892
352.412238	8394	892
352.463243	8394	892
352.512248	8394	892
352.563253	8394	892
352.612257	8394	892
352.663263	8394	892
352.712268	8394	892
352.762273	8394	892
352.812278	8394	892
352.864283	8394	892
352.912288	8394	892
352.964293	8394	892
353.012298	8394	892
353.064303	8394	892
353.112308	8394	892
353.163313	8394	892
353.212318	8394	892
353.262323	8394	892
353.312328	8394	892
353.364333	8394	892
353.412338	8394	892
353.462343	8394	892
353.512348	8394	892
353.563353	8394	892
353.612358	8394	892
353.663363	8394	892
353.712368	8394	892
353.763373	8394	892
353.812378	8394	892
353.864383	8394	892
353.912388	8394	892
353.962393	8394	892
354.012398	8394	892
354.064403	8394	892
354.112408	8394	892
354.163413	8394	892
354.212418	8394	892
354.262423	8394	892
354.312428	8394	892
354.364433	8394	892
354.412438	8394	892
354.462443	8394	892
354.512448	8394	892
354.563453	8394	892
354.612458	8394	892
354.662463	8394	892
354.712468	8394	892
354.762473	8394	892
354.812478	8394	892
354.863483	8394	892
354.912488	8394	892
354.963493	8394	892
355.012498	8394	892
355.063503	8394	892
355.112508	8394	892
355.162513	8394	892
355.212518	8394	892
355.262523	8394	892
355.312528	8394	892
355.364533	8394	892
355.412538	8394	892
355.463543	8394	892
355.512547	8394	892
355.562553	8394	892
355.613558	8394	892
355.663563	8394	892
355.712568	8394	892
355.762573	8394	892
355.812578	8394	892
355.863583	8394	892
355.912588	8394	892
355.963593	8394	892
356.012598	8394	892
356.062603	8394	892
356.112607	8394	892
356.163613	8394	892
356.212618	8394	892
356.262623	8394	892
356.312628	8394	892
356.362633	8394	892
356.412638	8394	892
356.463643	8394	892
356.512648	8394	892
356.564653	8394	892
356.612658	8394	892
356.663663	8394	856
356.712668	8394	856
356.763673	8394	856
356.812678	8394	856
356.862683	8394	856
356.912688	8394	856
356.963693	8394	856
357.012698	8394	856
357.063703	8394	856
357.112708	8394	856
357.163713	8394	812
357.212718	8394	760
357.262722	8394	760
357.312728	8394	768
357.364733	8394	628
357.412738	8394	580
357.463743	8394	580
357.512748	8394	580
357.564753	8394	580
357.612758	8394	580
357.662763	8394	580
357.712768	8394	580
357.762773	8394	580
357.812778	8394	580
357.864783	8394	568
357.912788	8394	476
357.963793	8394	476
358.012798	8394	476
358.063803	8394	476
358.112808	8394	476
358.163813	8394	476
358.212818	8394	464
358.262823	8394	464
358.313828	8394	464
358.363833	8394	464
358.412838	8394	464
358.462843	8394	464
358.512848	8394	464
358.563853	8394	464
358.612858	8394	504
358.662863	8394	504
358.712868	8394	504
358.762873	8394	504
358.812878	8394	540
358.863883	8394	540
358.912888	8394	540
358.963893	8394	540
359.064903	8394	540
359.111907	8394	540
359.162913	8394	540
359.211917	8394	540
359.261923	8394	540
359.311928	8394	540
359.362933	8394	540
359.411938	8394	540
359.461943	8394	644
359.511948	8394	772
359.562953	8394	780
359.611958	8394	780
359.661963	8394	720
359.711967	8394	704
359.763973	8394	704
359.811977	8394	704
359.863983	8394	704
359.911988	8394	704
359.961993	8394	704
360.011998	8394	704
360.064003	8394	704
360.112008	8394	704
360.162013	8394	704
360.212018	8394	704
360.264023	8394	704
360.312027	8394	704
360.364033	8394	704
360.412038	8394	704
360.462043	8394	704
360.512048	8394	704
360.562053	8394	704
360.612058	8394	704
360.662063	8394	704
360.712068	8394	704
360.763072	8394	704
360.812078	8394	704
360.863083	8394	704
360.912087	8394	704
360.962092	8394	704
361.012098	8394	704
361.064103	8394	704
361.112108	8394	704
361.162113	8394	704
361.212118	8394	1004
361.262123	8394	1244
361.312128	8394	1308
361.362133	8394	1356
361.412138	8394	1448
361.461143	8378	1496
361.511147	8330	1536
361.563153	8322	1536
361.611157	8314	1536
361.661162	8314	1536
361.711167	8278	1572
361.761172	8230	1596
361.811178	8154	1760
361.861183	7966	1940
361.911188	7862	2152
361.961193	7842	2168
362.011198	7838	2168
362.063203	7838	2168
362.111207	7838	2168
362.161212	7838	2168
362.211217	7838	2168
362.261222	7838	2168
362.311227	7838	1896
362.361232	7838	1728
362.411238	7838	1520
362.461243	7838	1448
362.511248	7838	1448
362.563253	7838	1104
362.611258	7838	880
362.661263	7838	780
362.711267	7838	780
362.761272	7838	780
362.811277	7838	568
362.862283	7838	548
362.911287	7838	548
362.963293	7838	548
363.011298	7838	588
363.061303	7838	720
363.111308	7838	720
363.162313	7838	720
363.211318	7838	788
363.261322	7838	788
363.311327	7838	788
363.363333	7838	788
363.411337	7838	640
363.461342	7838	640
363.511347	7838	640
363.562353	7838	640
363.611358	7838	640
363.663363	7838	640
363.711368	7838	640
363.761373	7838	640
363.811378	7838	640
363.861382	7838	640
363.911387	7838	640
363.961392	7838	640
364.011397	7838	640
364.061402	7838	640
364.111407	7838	640
364.163413	7838	640
364.211418	7838	640
364.261423	7838	640
364.311428	7838	640
364.363433	7838	640
364.411438	7838	640
364.461442	7838	640
364.511447	7838	640
364.561452	7838	640
364.611457	7838	640
364.661462	7838	640
364.711468	7838	640
364.761473	7838	640
364.811478	7838	640
364.913488	7838	640
364.961493	7838	640
365.011497	7838	640
365.061502	7838	640
365.111507	7838	640
365.161512	7838	640
365.211517	7838	640
365.261522	7838	640
365.402536	7838	660
365.411538	7838	660
365.461543	7838	592
365.511548	7838	592
365.564553	7838	592
365.611557	7838	592
365.661562	7838	592
365.711567	7838	592
365.762573	7838	592
365.811577	7838	592
365.864583	7838	592
365.911588	7838	592
365.961593	7838	592
366.011598	7838	592
366.063603	7838	592
366.111608	7838	592
366.161613	7838	592
366.211617	7838	592
366.261622	7838	592
366.311627	7838	592
366.363633	7838	564
366.411637	7838	564
366.461643	7838	564
366.511648	7838	564
366.563653	7838	564
366.611658	7838	564
366.661663	7838	564
366.711668	7838	564
366.761672	7838	564
366.811677	7838	564
366.861682	7838	564
366.911687	7838	564
366.963693	7838	564
367.011697	7838	564
367.062703	7838	564
367.111708	7838	564
367.161713	7838	564
367.211718	7838	564
367.261723	7838	564
367.311728	7838	564
367.361732	7838	564
367.411737	7838	564
367.461742	7838	564
367.511747	7838	564
367.561752	7838	564
367.611757	7838	564
367.661763	7838	564
367.711768	7838	564
367.761773	7838	564
367.811778	7838	564
367.861783	7838	564
367.911788	7838	564
367.961792	7838	564
368.011797	7838	564
368.061802	7838	564
368.111807	7838	564
368.161812	7838	564
368.211818	7838	564
368.261823	7838	564
368.311828	7838	564
368.361833	7838	564
368.411838	7838	564
368.461843	7838	564
368.511847	7838	564
368.561852	7838	564
368.611857	7838	564
368.661862	7838	564
368.711867	7838	564
368.761872	7838	564
368.811878	7838	564
368.861883	7838	564
368.911888	7838	564
368.961893	7838	564
369.011898	7838	564
369.061903	7838	564
369.111907	7838	564
369.163913	7838	564
369.211917	7838	564
369.261922	7838	564
369.311927	7838	564
369.364933	7838	564
369.411938	7838	564
369.461943	7838	564
369.511948	7838	564
369.561953	7838	564
369.611958	7838	564
369.661963	7838	564
369.711967	7838	564
369.761972	7838	564
369.823979	7838	564
369.861982	7838	564
369.911987	7838	564
369.961993	7838	564
370.011998	7838	568
370.065003	7838	592
370.112008	7838	596
370.165013	7838	624
370.212018	7838	624
370.263022	7838	624
370.312027	7838	624
370.365033	7838	624
370.412037	7838	624
370.462042	7838	636
370.512047	7838	684
370.565053	7838	700
370.613058	7838	700
370.662063	7838	700
370.712068	7838	704
370.762073	7838	704
370.933090	7838	704
370.962092	7838	704
371.012097	7838	704
371.062102	7838	712
371.112107	7838	712
371.162113	7838	712
371.212118	7838	720
371.262123	7838	720
371.367133	7838	720
371.412138	7838	720
371.462142	7838	776
371.512147	7838	776
371.562152	7838	776
371.643161	7838	776
371.662162	7838	776
371.712168	7838	800
371.762173	7838	860
371.812178	7838	884
371.862183	7838	884
371.912188	7838	884
371.964193	7838	884
372.012197	7838	884
372.064203	7838	884
372.112207	7838	884
372.162212	7838	884
372.212217	7838	884
372.262222	7838	884
372.312228	7838	884
372.362233	7838	884
372.412238	7838	884
372.464243	7838	884
372.512248	7838	884
372.564253	7838	884
372.612257	7838	884
372.662262	7838	884
372.712267	7838	884
372.762272	7838	884
372.812277	7838	884
372.862283	7838	884
372.912288	7838	884
372.964293	7838	884
373.012298	7838	884
373.064303	7838	884
373.112308	7838	884
373.162313	7838	884
373.212317	7838	884
373.262322	7838	884
373.312327	7838	884
373.362332	7838	884
373.412337	7838	884
373.462343	7838	884
373.512348	7838	884
373.562353	7838	884
373.612358	7838	884
373.662363	7838	884
373.712368	7838	884
373.762372	7838	884
373.812377	7814	884
373.862382	7794	884
373.912387	7794	884
373.962392	7754	884
374.012397	7706	884
374.064403	7538	884
374.112408	7078	884
374.165413	6254	876
374.212418	5586	840
374.262423	5490	812
374.312428	5490	796
374.364433	5462	784
374.412437	5329	784
374.462442	5133	676
374.512447	4761	580
374.562452	4029	440
374.612458	2829	92
374.665463	301	0
374.712468	0	0
374.762473	0	0
374.812478	0	0
374.865483	0	0
374.912488	0	0
374.962492	0	0
375.012497	0	0
375.065503	0	0
375.112507	0	0
375.162512	0	0
375.212518	0	0
375.262523	0	0
375.312528	0	0
375.362533	0	0
375.412538	125	0
375.462543	185	0
375.512547	185	0
375.562552	185	0
375.612557	185	0
375.662562	185	0
375.712567	185	0
375.762572	185	0
375.812578	185	0
375.865583	185	0
375.912588	185	0
375.962593	185	0
376.012598	185	0
376.065603	185	0
376.112607	185	0
376.162612	185	0
376.212617	185	0
376.262622	185	0
376.312627	185	0
376.364633	185	0
376.412638	185	0
376.462643	177	0
376.512648	73	0
376.562653	0	0
376.612658	0	0
376.662663	0	0
376.712667	0	0
376.762672	0	0
376.812677	0	0
376.863683	0	0
376.912687	0	0
376.962693	0	0
377.012698	0	0
377.063703	0	0
377.201716	0	0
377.212718	0	0
377.264723	0	0
377.312727	0	0
377.364733	0	0
377.412737	0	0
377.463743	0	0
377.512747	0	0
377.562753	0	0
377.668763	0	0
377.712768	0	0
377.762773	0	0
377.812778	0	0
377.864783	0	0
377.912787	0	0
377.964793	0	0
378.012797	0	0
378.062802	0	0
378.112808	0	0
378.162813	0	0
378.215818	0	0
378.262823	0	0
378.312828	0	0
378.364833	0	0
378.412838	0	0
378.463842	0	0
378.512847	0	0
378.565853	0	0
378.612857	0	0
378.662862	0	0
378.712868	0	0
378.762873	0	0
378.812878	0	0
378.862883	0	0
378.913888	0	0
378.961893	0	0
379.011898	0	0
379.061903	0	0
379.111907	0	0
379.161912	0	0
379.211917	0	0
379.261922	0	0
379.311927	0	0
379.361932	0	0
379.411937	0	0
379.461942	0	0
379.511948	0	0
379.561953	0	0
379.611958	0	0
379.664963	0	0
379.711967	0	0
379.761972	0	0
379.811977	0	0
379.861982	0	0
379.911987	0	0
379.961992	0	0
380.011997	0	0
380.062002	0	0
380.112008	0	0
380.163013	0	0
380.212018	0	0
380.262022	0	0
380.312027	0	0
380.362032	0	0
380.412037	0	0
380.462042	0	0
380.512047	0	0
380.562052	0	0
380.612057	0	0
380.662063	0	0
380.712068	0	0
380.762073	0	0
380.812078	0	0
380.862082	0	0
380.912087	0	0
380.962092	0	0
381.012097	0	0
381.066103	0	0
381.112107	0	0
381.165112	0	0
381.212117	0	0
381.262123	0	0
381.312128	0	0
381.362133	0	0
381.412138	0	0
381.462142	0	0
381.512147	0	0
381.562152	0	0
381.612157	0	0
381.662162	0	0
381.712167	0	0
381.762172	0	0
381.812177	0	0
381.862183	0	0
381.912188	0	0
381.962193	0	0
382.012197	0	0
382.062202	0	0
382.112207	0	0
382.162212	0	0
382.212217	0	0
382.262222	0	0
382.312227	0	0
382.362232	0	0
382.412238	0	0
382.462243	0	0
382.512248	0	0
382.565253	0	0
382.612257	0	0
382.662262	0	0
382.712267	0	0
382.762272	0	0
382.812277	0	0
382.862282	0	0
382.912287	0	0
382.962292	0	0
383.012298	0	0
383.062303	0	0
383.112308	0	0
383.162313	0	0
383.212317	0	0
383.262322	0	0
383.312327	0	0
383.362332	0	0
383.412337	0	0
383.463343	0	0
383.512347	0	0
383.562352	0	0
383.612358	0	0
383.662363	0	0
383.712368	0	0
383.762372	0	0
383.812377	0	0
383.862382	0	0
383.912387	0	0
383.962392	0	0
384.012397	0	0
384.062402	0	0
384.112407	0	0
384.162413	0	0
384.212418	0	0
384.262423	0	0
384.312428	0	0
384.362432	0	0
384.412437	0	0
384.464443	0	0
384.512447	0	0
384.564453	0	0
384.612457	0	0
384.662462	0	0
384.712467	0	0
384.762473	0	0
384.812478	0	0
384.864482	0	0
384.912488	0	0
384.962492	0	0
385.012497	0	0
385.063502	0	0
385.112507	0	0
385.165513	0	0
385.212517	0	0
385.262522	0	0
385.312527	0	0
385.362533	0	0
385.412538	0	0
385.462543	0	0
385.512547	0	0
385.564553	0	0
385.612557	0	0
385.662562	0	0
385.712567	0	0
385.762572	0	0
385.812577	0	0
385.862582	0	0
385.912588	0	0
385.962593	0	0
386.012598	0	0
386.065603	0	0
386.112607	0	0
386.162612	0	0
386.212617	0	0
386.262622	0	0
386.345631	0	0
386.362632	0	0
386.412637	0	0
386.464643	0	0
386.512648	0	0
386.562653	0	0
386.612658	0	0
386.662663	0	0
386.712667	0	0
386.762672	0	0
386.812677	0	0
386.864683	0	0
386.912687	0	0
386.962692	0	0
387.012697	0	0
387.064703	0	0
387.112708	0	0
387.164712	0	0
387.212718	0	0
387.262722	0	0
387.312727	0	0
387.363732	0	0
387.412737	0	0
387.462742	0	0
387.512747	0	0
387.563753	0	0
387.612757	0	0
387.662763	0	0
387.712768	0	0
387.762773	0	0
387.812778	0	0
387.862782	0	0
387.912787	0	0
387.962792	0	0
388.012797	0	0
388.064803	0	0
388.112807	0	0
388.162812	0	0
388.212817	0	0
388.263823	0	0
388.312828	0	0
388.365833	0	0
388.412838	0	0
388.462842	0	0
388.512847	0	0
388.565853	0	0
388.612857	0	0
388.662862	0	0
388.712867	0	0
388.762872	0	0
388.812877	0	0
388.865883	0	0
388.912888	0	0
388.962893	0	0
389.012897	0	0
389.064903	0	0
389.112907	0	0
389.162912	0	0
389.212917	0	0
389.262922	0	0
389.312927	0	0
389.364933	0	0
389.412938	0	0
389.462943	0	0
389.512948	0	0
389.565953	0	0
389.612957	0	0
389.662962	0	0
389.712967	0	0
389.762972	0	0
389.812977	0	0
389.862982	0	0
389.912987	0	0
389.962992	0	0
390.012998	0	0
390.063003	0	0
390.113008	0	0
390.163013	0	0
390.213017	0	0
390.263022	0	0
390.313027	0	0
390.365033	0	0
390.413037	0	0
390.463042	0	0
390.513047	0	0
390.563052	0	0
390.708067	0	0
390.718068	0	0
390.763072	0	0
390.815078	0	0
390.866083	0	0
390.913087	0	0
390.963092	0	0
391.013097	0	0
391.063102	0	0
391.142110	0	0
391.166113	0	0
391.213118	0	0
391.263123	0	0
391.313128	0	0
391.365133	0	0
391.413137	0	0
391.463142	0	0
391.513147	0	0
391.580154	0	0
391.613157	0	0
391.708167	0	0
391.719168	0	0
391.798176	0	0
391.840180	0	0
391.896186	0	0
391.944191	0	0
391.993196	0	0
392.041200	0	0
392.090205	0	0
392.138210	0	0
392.188215	0	0
392.236220	0	0
392.285224	0	0
392.333230	0	0
392.382234	0	0
392.430239	0	0
392.481244	0	0
392.529249	0	0
392.578254	0	0
392.626259	0	0
392.683264	0	0
392.731269	0	0
392.780274	0	0
392.828279	0	0
392.880284	0	0
392.928289	0	0
392.979294	0	0
393.027299	0	0
393.076303	0	0
393.124309	0	0
393.184315	0	0
393.232319	0	0
393.284325	0	0
393.332329	0	0
393.384335	0	0
393.432339	0	0
393.494346	0	0
393.542350	0	0
393.593355	0	0
393.641360	0	0
393.698366	697	0
393.746371	1517	0
393.797376	2505	-805
393.845381	4029	-1117
393.901386	5558	-1157
393.949391	6030	-1181
394.000396	6030	-1181
394.048401	6030	-1165
394.097406	6030	-1125
394.145411	6030	-1125
394.195415	5986	-1125
394.243421	5734	-1001
394.292425	5514	-657
394.340430	5117	-657
394.391435	4665	-657
394.439440	4301	-657
394.488445	3973	-365
394.536450	3953	-161
394.585454	3953	-53
394.634459	3953	-25
394.684464	3953	-25
394.732469	3953	32
394.781474	3953	88
394.829479	3953	88
394.878484	3953	88
394.928489	3953	116
394.978494	3961	408
395.026499	4017	552
395.088505	4017	552
395.141510	4017	552
395.208517	4017	832
395.253521	4017	1388
395.329529	4017	1712
395.381534	4017	1908
395.433539	4017	2184
395.482544	4017	2324
395.542550	4017	2324
395.592556	4025	2324
395.641560	4049	2324
395.698566	4065	2324
395.750571	4105	2128
395.799576	4129	1984
395.855582	4181	1852
395.917588	4201	1836
395.967593	4257	1828
396.015598	4257	1824
396.065603	4277	1824
396.114607	4289	1824
396.166613	4357	1824
396.214618	4385	1824
396.264623	4553	1824
396.314628	4725	1824
396.366633	5037	1824
396.414638	5401	1824
396.464643	5802	1824
396.513648	5894	1824
396.563653	5894	1824
396.613657	5894	1824
396.664662	5894	1824
396.713667	5894	1824
396.765673	5894	1824
396.813677	5894	1824
396.865683	5830	1824
396.914688	5742	1824
396.964693	5742	1824
397.013698	5742	1824
397.065702	5742	1824
397.114707	5742	1824
397.166713	5742	1824
397.213717	5742	1824
397.265723	5742	1824
397.313727	5742	1824
397.366733	5742	1824
397.414738	5718	1824
397.463742	5686	1824
397.513747	5686	1824
397.563753	5686	1824
397.617758	5666	1824
397.667763	5634	1824
397.715767	5634	1824
397.764772	5634	1824
397.813777	5634	1824
397.863782	5634	1824
397.913787	5618	1824
397.965793	5602	1824
398.013797	5578	1824
398.065803	5578	1824
398.113807	5570	1824
398.165812	5522	1824
398.213818	5514	1824
398.263823	5490	1824
398.313828	5490	1824
398.365833	5482	1824
398.413837	5433	1824
398.465843	5417	1824
398.513847	5417	1824
398.566853	5417	1836
398.613857	5397	1836
398.665863	5397	1836
398.713867	5397	1836
398.765872	5397	1836
398.813878	5397	1836
398.866883	5397	1844
398.913888	5397	1844
398.966893	5397	1844
399.013897	5397	1852
399.065903	5397	1888
399.113907	5397	1888
399.165913	5385	1892
399.213917	5385	1896
399.265923	5385	1896
399.313928	5385	1928
399.365932	5361	1940
399.413938	5361	1940
399.465942	5361	1940
399.513947	5361	1940
399.565953	5357	1944
399.613957	5329	1964
399.666963	5269	1996
399.713967	5261	2004
399.765973	5261	2028
399.813977	5229	2028
399.865983	5229	2040
399.913988	5229	2064
399.964993	5217	2064
400.013998	5217	2064
400.066003	5217	2064
400.114007	5217	2064
400.167013	5217	2072
400.214017	5217	2072
400.264022	5217	2076
400.314027	5217	2076
400.367033	5217	2076
400.414037	5217	2076
400.464042	5217	2076
400.514048	5217	2076
400.566052	5217	2076
400.614058	5217	2076
400.667063	5217	2076
400.714067	5217	2076
400.764072	5217	2076
400.814077	5217	2076
400.866083	5217	2076
400.914087	5217	2076
400.966093	5217	2076
401.014097	5217	2076
401.067103	5217	2076
401.114108	5217	2076
401.165112	5217	2076
401.214118	5217	2076
401.265122	5217	2076
401.314127	5217	2076
401.366133	5209	2076
401.414137	5209	2076
401.464142	5209	2076
401.514147	5209	2076
401.564152	5209	2076
401.614157	5209	2076
401.671163	5209	2076
401.715168	5209	2076
401.766172	5209	2076
401.814178	5209	2076
401.866183	5209	2076
401.914187	5205	2076
401.964192	5197	2076
402.014197	5197	2076
402.067203	5169	2076
402.114207	5169	2076
402.165213	5165	2076
402.214217	5165	2076
402.266222	5165	2076
402.314228	5165	2088
402.366232	5165	2088
402.414237	5157	2088
402.464242	5157	2088
402.514247	5157	2088
402.566253	5157	2088
402.614257	5157	2088
402.666263	5157	2088
402.714267	5157	2088
402.764272	5157	2088
402.814278	5157	2128
402.866282	5157	2140
402.914288	5157	2140
402.964293	5157	2140
403.014297	5157	2168
403.067303	5137	2168
403.114307	4741	1596
403.164312	3257	888
403.214317	1681	512
403.264322	725	0
403.314327	725	0
403.364332	681	0
403.414338	377	0
403.465343	281	0
403.544351	0	0
403.567353	0	0
403.622358	0	0
403.680364	0	0
403.724369	0	0
403.774374	0	0
403.818378	0	0
403.864382	0	0
403.914387	0	0
403.966393	0	0
404.014398	0	0
404.066402	333	0
404.114408	1237	0
404.164412	2353	-397
404.214417	3613	-597
404.265422	4589	-613
404.314427	4649	-613
404.365433	4649	-613
404.414437	4649	-613
404.465443	4649	-613
404.514447	4649	-613
404.566453	4649	-613
404.614458	4649	-613
404.664463	4649	-505
404.714468	4649	-369
404.765472	4649	-369
404.814477	4649	-369
404.867483	4649	-369
404.914487	4649	-369
404.964492	4649	-369
405.014497	4649	-369
405.065503	4649	-369
405.114507	4649	-369
405.164513	4649	-369
405.214518	4649	-369
405.266522	4649	-369
405.314528	4649	-369
405.364532	4649	-369
405.414537	4649	-369
405.465542	4649	-469
405.514547	4649	-469
405.565553	4629	-469
405.614557	4589	-601
405.664562	4537	-893
405.714567	4529	-893
405.766572	4529	-893
405.814578	4529	-893
405.864583	4529	-893
405.914587	4529	-893
405.964592	4529	-893
406.014597	4529	-893
406.065602	4529	-893
406.114607	4529	-893
406.164612	4529	-893
406.214617	4529	-893
406.264622	4529	-893
406.314628	4521	-893
406.364633	4521	-893
406.414638	4509	-893
406.464643	4477	-893
406.514647	4421	-893
406.564652	4421	-893
406.614657	4421	-893
406.664662	4409	-893
406.714667	4409	-893
406.764672	4409	-893
406.814677	4409	-893
406.865683	4409	-893
406.914688	4409	-893
406.964693	4409	-893
407.014698	4409	-893
407.065702	4409	-893
407.114707	4409	-893
407.164712	4409	-893
407.214717	4409	-893
407.264722	4409	-893
407.314727	4409	-893
407.364732	4409	-893
407.414737	4409	-893
407.464742	4409	-893
407.514748	4409	-893
407.564753	4409	-893
407.614758	4409	-893
407.664762	4409	-893
407.714767	4409	-893
407.764772	4409	-893
407.814777	4409	-893
407.865783	4409	-893
407.914787	4409	-893
407.964792	4409	-893
408.014797	4409	-893
408.064803	4409	-789
408.114808	4373	-749
408.164813	4225	-717
408.214818	3681	-593
408.264822	2157	-361
408.314827	421	0
408.365832	421	0
408.414837	421	0
408.464842	169	0
408.514847	0	0
408.565853	0	0
408.614857	0	0
408.664863	0	0
408.714868	0	0
408.764873	0	0
408.814878	0	0
408.865882	0	0
408.914887	0	0
408.964892	0	0
409.014897	0	0
409.064902	0	0
409.114907	0	0
409.164912	0	0
409.214917	0	0
409.264923	0	0
409.314928	0	0
409.365932	0	0
409.414937	0	0
409.464942	0	0
409.514947	0	0
409.564952	0	0
409.614957	0	0
409.664962	0	0
409.717968	0	0
409.764972	0	0
409.814978	0	0
409.864983	0	0
409.914988	0	0
409.964993	0	0
410.014997	0	0
410.065002	0	0
410.115007	0	0
410.165012	0	0
410.215017	0	0
410.265022	0	0
410.315027	0	0
410.366033	0	0
410.415038	0	0
410.465043	0	0
410.515048	0	0
410.565053	0	0
410.615057	0	0
410.665062	0	0
410.715067	0	0
410.765072	0	0
410.815077	0	0
410.866083	0	0
410.915087	0	0
410.965092	0	0
411.015098	0	0
411.066103	0	0
411.115108	0	0
411.165112	0	0
411.215117	0	0
411.265122	0	0
411.315127	0	0
411.366133	0	0
411.415137	0	0
411.465142	0	0
411.515147	0	0
411.566153	0	0
411.615158	0	0
411.665163	0	0
411.715168	0	0
411.765172	0	0
411.815177	0	0
411.865182	0	0
411.915187	0	0
411.965192	0	0
412.015197	0	0
412.066203	0	0
412.115207	0	0
412.165213	0	0
412.215218	0	0
412.265223	0	0
412.315228	0	0
412.365232	0	0
412.415237	0	0
412.465242	0	0
412.515247	0	0
412.566253	0	0
412.615257	0	0
412.665262	0	0
412.715267	0	0
412.765273	0	0
412.815278	0	0
412.865283	0	0
412.915287	0	0
412.965292	0	0
413.015297	0	0
413.065302	0	0
413.115307	0	0
413.165312	0	0
413.215317	0	0
413.265322	0	0
413.315328	0	0
413.365333	0	0
413.415338	0	0
413.465343	0	0
413.515347	0	0
413.565352	0	0
413.615357	0	0
413.665362	0	0
413.715367	0	0
413.765372	0	0
413.815377	0	0
413.865382	0	0
413.914387	0	0
413.964392	0	0
414.014397	0	0
414.065403	0	0
414.114408	0	0
414.164412	0	0
414.214417	0	0
414.264422	0	0
414.314427	0	0
414.365432	0	0
414.414437	0	0
414.464442	0	0
414.514447	0	0
414.564452	0	0
414.614457	0	0
414.665462	0	0
414.714468	0	0
414.764472	0	0
414.814477	0	0
414.864482	0	0
414.914487	0	0
414.965492	0	0
415.014497	0	0
415.065503	0	0
415.114507	0	0
415.165513	0	0
415.214517	0	0
415.264523	0	0
415.314528	0	0
415.365532	0	0
415.414537	0	0
415.465542	0	0
415.514547	0	0
415.564552	0	0
415.614557	0	0
415.665563	0	0
415.714567	0	0
415.764572	0	0
415.814577	0	0
415.865582	0	0
415.914587	0	0
415.964592	0	0
416.014597	0	0
416.064602	0	0
416.114607	0	0
416.165612	0	0
416.214617	0	0
416.264622	0	0
416.314627	0	0
416.365633	0	0
416.414637	0	0
416.464643	0	0
416.514647	0	0
416.565652	0	0
416.614657	0	0
416.665662	0	0
416.714667	0	0
416.764672	0	0
416.814677	0	0
416.865683	0	0
416.914687	0	0
416.964692	0	0
417.014698	0	0
417.065702	0	0
417.114707	0	0
417.164712	0	0
417.214717	0	0
417.265722	0	0
417.314727	0	0
417.365732	0	0
417.414737	0	0
417.464742	0	0
417.514747	0	0
417.565753	0	0
417.614758	0	0
417.664762	0	0
417.714767	0	0
417.765772	0	0
417.814777	0	0
417.865782	0	0
417.914787	0	0
417.964792	0	0
418.014797	0	0
418.065803	0	0
418.114807	0	0
418.164812	0	0
418.214818	0	0
418.265822	0	0
418.314827	0	0
418.364832	0	0
418.414837	0	0
418.465842	0	0
418.514847	0	0
418.565853	0	0
418.614857	0	0
418.664862	0	0
418.714867	0	0
418.765872	0	0
418.814878	0	0
418.865882	0	0
418.914887	0	0
418.964892	0	0
419.014897	0	0
419.065902	0	0
419.114907	0	0
419.164912	0	0
419.214917	0	0
419.265923	0	0
419.314927	0	0
419.365932	0	0
419.414937	0	0
419.465942	0	0
419.514947	0	0
419.565952	0	0
419.614957	0	0
419.664962	0	0
419.714967	0	0
419.764972	0	0
419.814977	0	0
419.865983	0	0
419.914987	0	0
419.965992	0	0
420.014997	0	0
420.066002	0	0
420.115007	0	0
420.166012	0	0
420.215017	0	0
420.265022	0	0
420.315027	0	0
420.366033	0	0
420.415037	0	0
420.466043	0	0
420.515048	0	0
420.568053	0	0
420.615057	0	0
420.666062	0	0
420.715067	0	0
420.765072	0	0
420.815077	0	0
420.865082	0	0
420.915087	0	0
420.966093	0	0
421.015097	0	0
421.065102	0	0
421.115108	0	0
421.166112	0	0
421.215117	0	0
421.265122	0	0
421.315127	0	0
421.366132	0	0
421.415137	0	0
421.465142	0	0
421.515147	0	0
421.566153	0	0
421.615157	0	0
421.666162	0	0
421.715168	0	0
421.765172	0	0
421.815177	0	0
421.866182	0	0
421.915187	0	0
421.965192	0	0
422.015197	0	0
422.068202	0	0
422.115207	0	0
422.166213	0	0
422.215217	0	0
422.265223	0	0
422.315228	0	0
422.366232	0	0
422.415237	0	0
422.465242	0	0
422.515247	0	0
422.566252	0	0
422.615257	0	0
422.665262	0	0
422.715267	0	0
422.766273	0	0
422.815277	0	0
422.865283	0	0
422.915287	0	0
422.965292	0	0
423.015297	0	0
423.066302	0	0
423.115307	0	0
423.165312	0	0
423.215317	0	0
423.265322	0	0
423.315327	0	0
423.366333	0	0
423.415337	0	0
423.465343	0	0
423.515347	0	0
423.566352	0	0
423.615357	0	0
423.665362	0	0
423.715367	0	0
423.766372	0	0
423.815377	0	0
423.886384	0	0
423.915387	0	0
423.979393	0	0
424.015398	0	0
424.065403	0	0
424.115407	0	0
424.165412	0	0
424.215417	0	0
424.265422	0	0
424.315427	0	0
424.366432	0	0
424.415437	0	0
424.465442	0	0
424.515447	0	0
424.566453	0	0
424.615458	0	0
424.665462	0	0
424.715467	0	0
424.766472	0	0
424.815477	0	0
424.866482	0	0
424.915487	0	0
424.965492	0	0
425.015497	0	0
425.066503	0	0
425.115507	0	0
425.165512	0	0
425.215518	0	0
425.265522	0	0
425.315527	0	0
425.366532	0	0
425.415537	0	0
425.465542	0	0
425.515547	0	0
425.566553	0	0
425.615557	0	0
425.665562	0	0
425.715567	0	0
425.765573	0	0
425.815578	0	0
425.866582	0	0
425.915587	0	0
425.965592	0	0
426.015597	0	0
426.066602	0	0
426.115607	0	0
426.165612	0	0
426.215617	0	0
426.265622	0	0
426.315627	0	0
426.366632	0	0
426.415637	0	0
426.465642	0	0
426.515647	0	0
426.565652	0	0
426.615657	0	0
426.665662	0	0
426.715667	0	0
426.765672	0	0
426.815677	0	0
426.866683	0	0
426.915687	0	0
426.965693	0	0
427.015697	0	0
427.066702	0	0
427.115707	0	0
427.165712	0	0
427.215717	0	0
427.265722	0	0
427.315727	0	0
427.366733	0	0
427.415737	0	0
427.465742	0	0
427.515748	0	0
427.566752	0	0
427.615757	0	0
427.665762	0	0
427.715767	0	0
427.765772	0	0
427.815777	0	0
427.866782	0	0
427.915787	0	0
427.965792	0	0
428.015797	0	0
428.066803	0	0
428.115808	0	0
428.165812	0	0
428.215817	0	0
428.266822	0	0
428.315827	0	0
428.365832	0	0
428.415837	0	0
428.465842	0	0
428.515847	0	0
428.565852	0	0
428.615857	0	0
428.665862	0	0
428.715868	0	0
428.765872	0	0
428.815877	0	0
428.866882	0	0
428.915887	0	0
428.965892	0	0
429.015897	0	0
429.066903	0	0
429.115907	0	0
429.165912	0	0
429.215917	0	0
429.265923	0	0
429.315928	0	0
429.365932	0	0
429.415937	0	0
429.465942	0	0
429.515947	0	0
429.565952	0	0
429.615957	0	0
429.665962	0	0
429.715967	0	0
429.765972	0	0
429.815977	0	0
429.865983	0	0
429.915987	0	0
429.965992	0	0
430.015997	0	0
430.067002	0	0
430.116007	0	0
430.166012	0	0
430.216017	0	0
430.266022	0	0
430.316027	0	0
430.366032	0	0
430.416037	0	0
430.466043	0	0
430.516047	0	0
430.566052	0	0
430.616057	0	0
430.666062	0	0
430.716067	0	0
430.766072	0	0
430.816077	0	0
430.866082	0	0
430.916087	0	0
430.966092	0	0
431.016098	0	0
431.066103	0	0
431.116107	0	0
431.166112	0	0
431.216117	0	0
431.266122	0	0
431.316127	0	0
431.366132	0	0
431.415137	0	0
431.466142	0	0
431.515147	0	0
431.566152	0	0
431.615157	0	0
431.666162	0	0
431.715167	0	0
431.765172	0	0
431.815177	0	0
431.866182	0	0
431.915187	0	0
431.965192	0	0
432.015197	0	0
432.065202	0	0
432.115207	0	0
432.166212	0	0
432.215217	0	0
432.265222	0	0
432.315227	0	0
432.366232	0	0
432.415237	0	0
432.465242	0	0
432.515247	0	0
432.566252	0	0
432.615257	0	0
432.666262	0	0
432.715267	0	0
432.765272	0	0
432.815277	0	0
432.866282	0	0
432.915287	0	0
432.965292	0	0
433.015297	0	0
433.066302	0	0
433.115307	0	0
433.165312	0	0
433.215317	0	0
433.265322	0	0
433.315327	0	0
433.366333	0	0
433.415337	0	0
433.465342	0	0
433.515347	0	0
433.566352	0	0
433.615357	0	0
433.665362	0	0
433.715367	0	0
433.765372	0	0
433.815377	0	0
433.866382	0	0
433.915387	0	0
433.965392	0	0
434.015397	0	0
434.066402	0	0
434.115407	0	0
434.165412	0	0
434.215417	0	0
434.265422	0	0
434.315427	0	0
434.365432	0	0
434.415437	0	0
434.465442	0	0
434.515447	0	0
434.566453	0	0
434.615457	0	0
434.665462	0	0
434.715467	0	0
434.765472	0	0
434.815477	0	0
434.865482	0	0
434.915487	0	0
434.965492	0	0
435.015497	0	0
435.066502	0	0
435.115507	0	0
435.165512	0	0
435.215517	0	0
435.265522	0	0
435.315527	0	0
435.366532	0	0
435.415537	0	0
435.466542	0	0
435.515547	0	0
435.566552	0	0
435.615557	0	0
435.665562	0	0
435.715567	0	0
435.766572	0	0
435.815577	0	0
435.866582	0	0
435.915587	0	0
435.966592	0	0
436.015597	0	0
436.065602	0	0
436.115607	0	0
436.165612	0	0
436.215617	0	0
436.265622	0	0
436.315627	0	0
436.365632	0	0
436.415637	0	0
436.466642	0	0
436.515647	0	0
436.566652	0	0
436.615657	0	0
436.666662	0	0
436.715667	0	0
436.765672	0	0
436.815677	0	0
436.865682	0	0
436.915687	0	0
436.966692	0	0
437.015697	0	0
437.066702	0	0
437.115707	0	0
437.166712	0	0
437.215717	0	0
437.265722	0	0
437.315727	0	0
437.366732	0	0
437.415737	0	0
437.466743	0	0
437.515747	0	0
437.565752	0	0
437.615757	0	0
437.666762	0	0
437.715767	0	0
437.766772	0	0
437.815777	0	0
437.866782	0	0
437.915787	0	0
437.965792	0	0
438.015797	0	0
438.065802	0	0
438.115807	0	0
438.165812	0	0
438.215817	0	0
438.265822	0	0
438.315827	0	0
438.366832	0	0
438.415837	0	0
438.465842	0	0
438.515847	0	0
438.565852	0	0
438.615857	0	0
438.666862	0	0
438.715867	0	0
438.765872	0	0
438.815877	0	0
438.866882	0	0
438.915887	0	0
438.965892	0	0
439.015897	0	0
439.066902	0	0
439.115907	0	0
439.165912	0	0
439.215917	0	0
439.266922	0	0
439.315927	0	0
439.365932	0	0
439.415937	0	0
439.465942	0	0
439.515947	0	0
439.565952	0	0
439.615957	0	0
439.665962	0	0
439.715967	0	0
439.765972	0	0
439.815977	0	0
439.866982	0	0
439.915987	0	0
439.965992	0	0
440.015997	0	0
440.067002	0	0
440.116007	0	0
440.166012	0	0
440.216017	0	0
440.267022	0	0
440.316027	0	0
440.366032	0	0
440.416037	0	0
440.467042	0	0
440.516047	0	0
440.566052	0	0
440.616057	0	0
440.666062	0	0
440.716067	0	0
440.767072	0	0
440.816077	0	0
440.866082	0	0
440.916087	0	0
440.967093	0	0
441.016097	0	0
441.067102	0	0
441.116107	0	0
441.166112	0	0
441.216117	0	0
441.267122	0	0
441.316127	0	0
441.366132	0	0
441.416137	0	0
441.467142	0	0
441.516147	0	0
441.567153	0	0
441.616157	0	0
441.666162	0	0
441.716167	0	0
441.766172	0	0
441.816177	0	0
441.867182	0	0
441.916187	0	0
441.967192	0	0
442.016197	0	0
442.067202	0	0
442.116207	0	0
442.167212	0	0
442.216217	0	0
442.266222	0	0
442.316227	0	0
442.366232	0	0
442.416237	0	0
442.467242	0	0
442.516247	0	0
442.566252	0	0
442.616257	0	0
442.687264	0	0
442.716267	0	0
442.766272	0	0
442.816277	0	0
442.867282	0	0
442.916287	0	0
442.967292	0	0
443.016297	0	0
443.066302	0	0
443.116307	0	0
443.167312	0	0
443.216317	0	0
443.266322	0	0
443.316327	0	0
443.367332	0	0
443.416337	0	0
443.466342	0	0
443.516347	0	0
443.567352	0	0
443.616357	0	0
443.667362	0	0
443.716367	0	0
443.766372	0	0
443.816377	0	0
443.867383	0	0
443.916387	0	0
443.966392	0	0
444.016397	0	0
444.067402	0	0
444.116407	0	0
444.167412	0	0
444.216417	0	0
444.266422	0	0
444.316427	0	0
444.367432	0	0
444.416437	0	0
444.466442	0	0
444.516447	0	0
444.567452	0	0
444.616457	0	0
444.666462	0	0
444.716467	0	0
444.766472	0	0
444.816477	0	0
444.867482	0	0
444.916487	0	0
444.966492	0	0
445.016497	0	0
445.067502	0	0
445.116507	0	0
445.166512	0	0
445.216517	0	0
445.266522	0	0
445.316527	0	0
445.367532	0	0
445.416537	0	0
445.466542	0	0
445.516547	0	0
445.567552	0	0
445.616557	0	0
445.666562	0	0
445.716567	0	0
445.767572	0	0
445.816577	0	0
445.866582	0	0
445.916587	0	0
445.966592	0	0
446.016597	0	0
446.066602	0	0
446.116607	0	0
446.166612	0	0
446.216617	0	0
446.266622	0	0
446.316627	0	0
446.367632	0	0
446.416637	0	0
446.466642	0	0
446.516647	0	0
446.567652	0	0
446.616657	0	0
446.666662	0	0
446.716667	0	0
446.766672	0	0
446.816677	0	0
446.867682	0	0
446.916687	0	0
446.966692	0	0
447.016697	0	0
447.067702	0	0
447.116707	0	0
447.166712	0	0
447.216717	0	0
447.266722	0	0
447.316727	0	0
447.367733	0	0
447.416737	0	0
447.466742	0	0
447.516747	0	0
447.566752	0	0
447.616757	0	0
447.666762	0	0
447.716767	0	0
447.766772	0	0
447.816777	0	0
447.867782	0	0
447.916787	0	0
447.966792	0	0
448.016797	0	0
448.067802	0	0
448.116807	0	0
448.166812	0	0
448.216817	0	0
448.266822	0	0
448.316827	0	0
448.367832	0	0
448.416837	0	0
448.466842	0	0
448.516847	0	0
448.566852	0	0
448.616857	0	0
448.666862	0	0
448.716867	0	0
448.766872	0	0
448.816877	0	0
448.866882	0	0
448.915887	0	0
448.965892	0	0
449.015897	0	0
449.066902	0	0
449.115907	0	0
449.166912	0	0
449.215917	0	0
449.266922	0	0
449.315927	0	0
449.366932	0	0
449.415937	0	0
449.466942	0	0
449.515947	0	0
449.566952	0	0
449.615957	0	0
449.666962	0	0
449.715967	0	0
449.766972	0	0
449.818977	0	0
449.865982	0	0
449.915987	0	0
449.966992	0	0
450.015997	0	0
450.067002	0	0
450.116007	0	0
450.167012	0	0
450.216017	0	0
450.267022	0	0
450.316027	0	0
450.367032	0	0
450.416037	0	0
450.467042	0	0
450.516047	0	0
450.567052	0	0
450.616057	0	0
450.666062	0	0
450.716067	0	0
450.767072	0	0
450.816077	0	0
450.867082	0	0
450.916087	0	0
450.967092	0	0
451.016097	0	0
451.067102	0	0
451.116107	0	0
451.166112	0	0
451.216117	0	0
451.266122	0	0
451.316127	0	0
451.367132	0	0
451.416137	0	0
451.466142	0	0
451.516147	0	0
451.567152	0	0
451.616157	0	0
451.666162	0	0
451.716167	0	0
451.766172	0	0
451.816177	0	0
451.867182	0	0
451.916187	0	0
451.967192	0	0
452.046200	0	0
452.067202	0	0
452.116207	0	0
452.166212	0	0
452.216217	0	0
452.266222	0	0
452.316227	0	0
452.367232	0	0
452.416237	0	0
452.466242	0	0
452.516247	0	0
452.567252	0	0
452.616257	0	0
452.666262	0	0
452.716267	0	0
452.766272	0	0
452.816277	0	0
452.867282	0	0
452.916287	0	0
452.967292	0	0
453.023298	0	0
453.076303	0	0
453.116307	0	0
453.167312	0	0
453.216317	0	0
453.266322	0	0
453.316327	0	0
453.366332	0	0
453.416337	0	0
453.466342	0	0
453.516347	0	0
453.566352	0	0
453.616357	0	0
453.667362	0	0
453.716367	0	0
453.766372	0	0
453.848380	0	0
453.867382	0	0
453.916387	0	0
453.966392	0	0
454.016397	0	0
454.066402	0	0
454.116407	0	0
454.167412	0	0
454.216417	0	0
454.266422	0	0
454.316427	0	0
454.367432	0	0
454.416437	0	0
454.466442	0	0
454.516447	0	0
454.566452	0	0
454.616457	0	0
454.667462	0	0
454.716467	0	0
454.766472	0	0
454.816477	0	0
454.867482	0	0
454.916487	0	0
454.966492	0	0
455.016497	0	0
455.067502	0	0
455.116507	0	0
455.167512	0	0
455.216517	0	0
455.266522	0	0
455.316527	0	0
455.367532	0	0
455.416537	0	0
455.466542	0	0
455.516547	0	0
455.567552	0	0
455.629559	0	0
455.666562	0	0
455.716567	0	0
455.766572	0	0
455.816577	0	0
455.867582	0	0
455.916587	0	0
455.966592	0	0
456.016597	0	0
456.067602	0	0
456.116607	0	0
456.166612	0	0
456.216617	0	0
456.267622	0	0
456.316627	0	0
456.367632	0	0
456.416637	0	0
456.466642	0	0
456.516647	0	0
456.567652	0	0
456.616657	0	0
456.666662	0	0
456.716667	0	0
456.767672	0	0
456.816677	0	0
456.866682	0	0
456.916687	0	0
456.966692	0	0
457.016697	0	0
457.066702	0	0
457.116707	0	0
457.166712	0	0
457.216717	0	0
457.267722	0	0
457.316727	0	0
457.367732	0	0
457.416737	0	0
457.467742	0	0
457.516747	0	0
457.567752	0	0
457.616757	0	0
457.666762	0	0
457.716767	0	0
457.767772	0	0
457.816777	0	0
457.866782	0	0
457.916787	0	0
457.967792	0	0
458.016797	0	0
458.066802	0	0
458.116807	0	0
458.166812	0	0
458.216817	0	0
458.266822	0	0
458.316827	0	0
458.367832	0	0
458.416837	0	0
458.467842	0	0
458.516847	0	0
458.566852	0	0
458.616857	0	0
458.667862	0	0
458.716867	0	0
458.766872	0	0
458.816877	0	0
458.867882	0	0
458.916887	0	0
458.967892	0	0
459.016897	0	0
459.066902	0	0
459.116907	0	0
459.167912	0	0
459.216917	0	0
459.266922	0	0
459.316927	0	0
459.366932	0	0
459.416937	0	0
459.467942	0	0
459.516947	0	0
459.566952	0	0
459.616957	0	0
459.667962	0	0
459.716967	0	0
459.766972	0	0
459.816977	0	0
459.867982	0	0
459.916987	0	0
459.966992	0	0
460.016997	0	0
460.067002	0	0
460.117007	0	0
460.168012	0	0
460.217017	0	0
460.267022	0	0
460.317027	0	0
460.368032	0	0
460.417037	0	0
460.467042	0	0
460.517047	0	0
460.567052	0	0
460.617057	0	0
460.668062	0	0
460.717067	0	0
460.767072	0	0
460.817077	0	0
460.868082	0	0
460.917087	0	0
460.967092	0	0
461.017097	0	0
461.068102	0	0
461.117107	0	0
461.167112	0	0
461.217117	0	0
461.268122	0	0
461.317127	0	0
461.368132	0	0
461.417137	0	0
461.467142	0	0
461.517147	0	0
461.568152	0	0
461.617157	0	0
461.667162	0	0
461.717167	0	0
461.767172	0	0
461.817177	0	0
461.867182	0	0
461.919188	0	0
461.967192	0	0
462.017197	0	0
462.068202	0	0
462.117207	0	0
462.167212	0	0
462.217217	0	0
462.268222	0	0
462.317227	0	0
462.367232	0	0
462.417237	0	0
462.468242	0	0
462.517247	0	0
462.568252	0	0
462.617257	0	0
462.667262	0	0
462.717267	0	0
462.768272	0	0
462.817277	0	0
462.867282	0	0
462.917287	0	0
462.967292	0	0
463.017297	0	0
463.067302	0	0
463.117307	0	0
463.167312	0	0
463.217317	0	0
463.268322	0	0
463.317327	0	0
463.367332	0	0
463.417337	0	0
463.468342	0	0
463.517347	0	0
463.568352	0	0
463.617357	0	0
463.667362	0	0
463.717367	0	0
463.767372	0	0
463.817377	0	0
463.868382	0	0
463.917387	0	0
463.968392	0	0
464.017397	0	0
464.068402	0	0
464.117407	0	0
464.168412	0	0
464.217417	0	0
464.267422	0	0
464.317427	0	0
464.367432	0	0
464.417437	0	0
464.468442	0	0
464.517447	0	0
464.567452	0	0
464.617457	0	0
464.668462	0	0
464.717467	0	0
464.767472	0	0
464.817477	0	0
464.868482	0	0
464.917487	0	0
464.968492	0	0
465.017497	0	0
465.068502	0	0
465.117507	0	0
465.168512	0	0
465.217517	0	0
465.267522	0	0
465.317527	0	0
465.368532	0	0
465.417537	0	0
465.467542	0	0
465.517547	0	0
465.568552	0	0
465.617557	0	0
465.667562	0	0
465.717567	0	0
465.767572	0	0
465.817577	0	0
465.868582	0	0
465.917587	0	0
465.967592	0	0
466.017597	0	0
466.068602	0	0
466.117607	0	0
466.167612	0	0
466.217617	0	0
466.267622	0	0
466.317627	0	0
466.368632	0	0
466.416637	0	0
466.467642	0	0
466.516647	0	0
466.568652	0	0
466.616657	0	0
466.666662	0	0
466.716667	0	0
466.768672	0	0
466.816677	0	0
466.868682	0	0
466.916687	0	0
466.967692	0	0
467.016697	0	0
467.068702	0	0
467.116707	0	0
467.167712	0	0
467.216717	0	0
467.267722	0	0
467.316727	0	0
467.368732	0	0
467.416737	0	0
467.467742	0	0
467.516747	0	0
467.566752	0	0
467.616757	0	0
467.667762	0	0
467.716767	0	0
467.767772	0	0
467.816777	0	0
467.867782	0	0
467.916787	0	0
467.967792	0	0
468.016797	0	0
468.067802	0	0
468.116807	0	0
468.167812	0	0
468.216817	0	0
468.267822	0	0
468.316827	0	0
468.367832	0	0
468.416837	0	0
468.467842	0	0
468.516847	0	0
468.568852	0	0
468.616857	0	0
468.667862	0	0
468.716867	0	0
468.767872	0	0
468.816877	0	0
468.867882	0	0
468.916887	0	0
468.967892	0	0
469.016897	0	0
469.067902	0	0
469.116907	0	0
469.167912	0	0
469.216917	0	0
469.267922	0	0
469.316927	0	0
469.367932	0	0
469.416937	0	0
469.467942	0	0
469.516947	0	0
469.567952	0	0
469.616957	0	0
469.666962	0	0
469.716967	0	0
469.767972	0	0
469.816977	0	0
469.867982	0	0
469.916987	0	0
469.967992	0	0
470.016997	0	0
470.068002	0	0
470.117007	0	0
470.168012	0	0
470.217017	0	0
470.268022	0	0
470.317027	0	0
470.368032	0	0
470.417037	0	0
470.468042	0	0
470.517047	0	0
470.568052	0	0
470.617057	0	0
470.668062	0	0
470.717067	0	0
470.768072	0	0
470.817077	0	0
470.868082	0	0
470.917087	0	0
470.967092	0	0
471.017097	0	0
471.068102	0	0
471.117107	0	0
471.168112	0	0
471.217117	0	0
471.267122	0	0
471.317127	0	0
471.368132	0	0
471.417137	0	0
471.467142	0	0
471.517147	0	0
471.568152	0	0
471.617157	0	0
471.667162	0	0
471.717167	0	0
471.767172	0	0
471.817177	0	0
471.868182	0	0
471.917187	0	0
471.967192	0	0
472.017197	0	0
472.068202	0	0
472.117207	0	0
472.167212	0	0
472.217217	0	0
472.268222	0	0
472.317227	0	0
472.368232	0	0
472.417237	0	0
472.467242	0	0
472.517247	0	0
472.568252	0	0
472.617257	0	0
472.667262	0	0
472.717267	0	0
472.767272	0	0
472.817277	0	0
472.868282	0	0
472.917287	0	0
472.967292	0	0
473.017297	0	0
473.068302	0	0
473.117307	0	0
473.167312	0	0
473.217317	0	0
473.267322	0	0
473.317327	0	0
473.368332	0	0
473.417337	0	0
473.467342	0	0
473.517347	0	0
473.568352	0	0
473.617357	0	0
473.667362	0	0
473.717367	0	0
473.767372	0	0
473.817377	0	0
473.868382	0	0
473.917387	0	0
473.967392	0	0
474.017397	0	0
474.068402	0	0
474.117407	0	0
474.167412	0	0
474.217417	0	0
474.268422	0	0
474.317427	0	0
474.367432	0	0
474.417437	0	0
474.468442	0	0
474.517447	0	0
474.568452	0	0
474.617457	0	0
474.667462	0	0
474.717467	0	0
474.767472	0	0
474.817477	0	0
474.868482	0	0
474.917487	0	0
474.968492	0	0
475.017497	0	0
475.068502	0	0
475.117507	0	0
475.167512	0	0
475.217517	0	0
475.267522	0	0
475.317527	0	0
475.367532	0	0
475.417537	0	0
475.468542	0	0
475.517547	0	0
475.568552	0	0
475.617557	0	0
475.667562	0	0
475.717567	0	0
475.767572	0	0
475.817577	0	0
475.868582	0	0
475.917587	0	0
475.967592	0	0
476.017597	0	0
476.067602	0	0
476.117607	0	0
476.167612	0	0
476.217617	0	0
476.267622	0	0
476.317627	0	0
476.368632	0	0
476.417637	0	0
476.467642	0	0
476.517647	0	0
476.568652	0	0
476.617657	0	0
476.668662	0	0
476.717667	0	0
476.767672	0	0
476.817677	0	0
476.868682	0	0
476.917687	0	0
476.967692	0	0
477.017697	0	0
477.067702	0	0
477.117707	0	0
477.168712	0	0
477.217717	0	0
477.267722	0	0
477.317727	0	0
477.368732	0	0
477.417737	0	0
477.467742	0	0
477.517747	0	0
477.568752	0	0
477.617757	0	0
477.667762	0	0
477.717767	0	0
477.768772	0	0
477.817777	0	0
477.868782	0	0
477.917787	0	0
477.967792	0	0
478.017797	0	0
478.068802	0	0
478.117807	0	0
478.167812	0	0
478.217817	0	0
478.268822	0	0
478.317827	0	0
478.367832	0	0
478.417837	0	0
478.467842	0	0
478.517847	0	0
478.568852	0	0
478.617857	0	0
478.667862	0	0
478.717867	0	0
478.768872	0	0
478.817877	0	0
478.867882	0	0
478.917887	0	0
478.968892	0	0
479.017897	0	0
479.068902	0	0
479.117907	0	0
479.168912	0	0
479.217917	0	0
479.268922	0	0
479.317927	0	0
479.367932	0	0
479.417937	0	0
479.468942	0	0
479.517947	0	0
479.568952	0	0
479.617957	0	0
479.667962	0	0
479.717967	0	0
479.768972	0	0
479.817977	0	0
479.868982	0	0
479.917987	0	0
479.968992	0	0
480.017997	0	0
480.069002	0	0
480.118007	0	0
480.168012	0	0
480.218017	0	0
480.268022	0	0
480.318027	0	0
480.368032	0	0
480.418037	0	0
480.469042	0	0
480.518047	0	0
480.568052	0	0
480.618057	0	0
480.669062	0	0
480.718067	0	0
480.768072	0	0
480.818077	0	0
480.868082	0	0
480.918087	0	0
480.969092	0	0
481.018097	0	0
481.069102	0	0
481.118107	0	0
481.169112	0	0
481.218117	0	0
481.268122	0	0
481.318127	0	0
481.369132	0	0
481.418137	0	0
481.469142	0	0
481.518147	0	0
481.568152	0	0
481.618157	0	0
481.669162	0	0
481.718167	0	0
481.768172	0	0
481.818177	0	0
481.869182	0	0
481.918187	0	0
481.968192	0	0
482.018197	0	0
482.068202	0	0
482.118207	0	0
482.169212	0	0
482.218217	0	0
482.268222	0	0
482.318227	0	0
482.369232	0	0
482.418237	0	0
482.468242	0	0
482.518247	0	0
482.568252	0	0
482.618257	0	0
482.669262	0	0
482.718267	0	0
482.769272	0	0
482.818277	0	0
482.869282	0	0
482.918287	0	0
482.968292	0	0
483.018297	0	0
483.069302	0	0
483.118307	0	0
483.168312	0	0
483.218317	0	0
483.269322	0	0
483.318327	0	0
483.368332	0	0
483.418337	0	0
483.468342	0	0
483.518347	0	0
483.569352	0	0
483.618357	0	0
483.668362	0	0
483.718367	0	0
483.769372	0	0
483.817377	0	0
483.869382	0	0
483.917387	0	0
483.968392	0	0
484.017397	0	0
484.069402	0	0
484.117407	0	0
484.168412	0	0
484.217417	0	0
484.269422	0	0
484.317427	0	0
484.368432	0	0
484.417437	0	0
484.469442	0	0
484.517447	0	0
484.568452	0	0
484.617457	0	0
484.668462	0	0
484.717467	0	0
484.769472	0	0
484.817477	0	0
484.869482	0	0
484.917487	0	0
484.967492	0	0
485.055501	0	0
485.069502	0	0
485.117507	0	0
485.181513	0	0
485.219517	0	0
485.276523	0	0
485.317527	0	0
485.369532	0	0
485.417537	0	0
485.468542	0	0
485.517547	0	0
485.569552	0	0
485.617557	0	0
485.668562	0	0
485.717567	0	0
485.768572	0	0
485.817577	0	0
485.869582	0	0
485.917587	0	0
485.968592	0	0
486.017597	0	0
486.068602	0	0
486.117607	0	0
486.169612	0	0
486.217617	0	0
486.268622	0	0
486.317627	0	0
486.368632	0	0
486.417637	0	0
486.468642	0	0
486.517647	0	0
486.568652	0	0
486.617657	0	0
486.668662	0	0
486.717667	0	0
486.768672	0	0
486.817677	0	0
486.868682	0	0
486.917687	0	0
486.967692	0	0
487.017697	0	0
487.068702	0	0
487.117707	0	0
487.169712	0	0
487.217717	0	0
487.268722	0	0
487.317727	0	0
487.369732	0	0
487.417737	0	0
487.468742	0	0
487.517747	0	0
487.568752	0	0
487.617757	0	0
487.668762	0	0
487.717767	0	0
487.768772	0	0
487.817777	0	0
487.869782	0	0
487.917787	0	0
487.968792	0	0
488.017797	0	0
488.067802	0	0
488.117807	0	0
488.169812	0	0
488.217817	0	0
488.267822	0	0
488.317827	0	0
488.369832	0	0
488.417837	0	0
488.468842	0	0
488.517847	0	0
488.569852	0	0
488.617857	0	0
488.668862	0	0
488.717867	0	0
488.769872	0	0
488.817877	0	0
488.869882	0	0
488.917887	0	0
488.968892	0	0
489.017897	0	0
489.068902	0	0
489.117907	0	0
489.168912	0	0
489.217917	0	0
489.268922	0	0
489.317927	0	0
489.368932	0	0
489.417937	0	0
489.468942	0	0
489.517947	0	0
489.568952	0	0
489.617957	0	0
489.668962	0	0
489.717967	0	0
489.768972	0	0
489.817977	0	0
489.868982	0	0
489.917987	0	0
489.968992	0	0
490.017997	0	0
490.069002	0	0
490.118007	0	0
490.169012	0	0
490.218017	0	0
490.269022	0	0
490.318027	0	0
490.370032	0	0
490.418037	0	0
490.469042	0	0
490.518047	0	0
490.569052	0	0
490.618057	0	0
490.669062	0	0
490.718067	0	0
490.768072	0	0
490.818077	0	0
490.869082	0	0
490.918087	0	0
490.969092	0	0
491.018097	0	0
491.069102	0	0
491.118107	0	0
491.169112	0	0
491.218117	0	0
491.269122	0	0
491.318127	0	0
491.369132	0	0
491.418137	0	0
491.469142	0	0
491.518147	0	0
491.569152	0	0
491.618157	0	0
491.669162	0	0
491.718167	0	0
491.768172	0	0
491.818177	0	0
491.869182	0	0
491.918187	0	0
491.968192	0	0
492.018197	0	0
492.069202	0	0
492.118207	0	0
492.168212	0	0
492.218217	0	0
492.269222	0	0
492.318227	0	0
492.369232	0	0
492.418237	0	0
492.468242	0	0
492.518247	0	0
492.569252	0	0
492.618257	0	0
492.668262	0	0
492.718267	0	0
492.768272	0	0
492.818277	0	0
492.869282	0	0
492.918287	0	0
492.969292	0	0
493.018297	0	0
493.069302	0	0
493.118307	0	0
493.168312	0	0
493.218317	0	0
493.268322	0	0
493.318327	0	0
493.369332	0	0
493.418337	0	0
493.469342	0	0
493.518347	0	0
493.569352	0	0
493.618357	0	0
493.668362	0	0
493.718367	0	0
493.769372	0	0
493.818377	0	0
493.869382	0	0
493.918387	0	0
493.968392	0	0
494.018397	0	0
494.069402	0	0
494.118407	0	0
494.169412	0	0
494.218417	0	0
494.268422	0	0
494.318427	0	0
494.368432	0	0
494.418437	0	0
494.468442	0	0
494.518447	0	0
494.569452	0	0
494.618457	0	0
494.668462	0	0
494.718467	0	0
494.769472	0	0
494.818477	0	0
494.869482	0	0
494.918487	0	0
494.968492	0	0
495.018497	0	0
495.069502	0	0
495.118507	0	0
495.168512	0	0
495.218517	0	0
495.268522	0	0
495.318527	0	0
495.368532	0	0
495.418537	0	0
495.470542	0	0
495.518547	0	0
495.569552	0	0
495.618557	0	0
495.668562	0	0
495.718567	0	0
495.769572	0	0
495.818577	0	0
495.868582	0	0
495.918587	0	0
495.969592	0	0
496.018597	0	0
496.069602	0	0
496.118607	0	0
496.168612	0	0
496.218617	0	0
496.268622	0	0
496.318627	0	0
496.368632	0	0
496.418637	0	0
496.468642	0	0
496.518647	0	0
496.569652	0	0
496.618657	0	0
496.668662	0	0
496.718667	0	0
496.768672	0	0
496.818677	0	0
496.869682	0	0
496.918687	0	0
496.968692	0	0
497.018697	0	0
497.068702	0	0
497.118707	0	0
497.168712	0	0
497.218717	0	0
497.268722	0	0
497.318727	0	0
497.368732	0	0
497.418737	0	0
497.468742	0	0
497.518747	0	0
497.568752	0	0
497.618757	0	0
497.669762	0	0
497.718767	0	0
497.768772	0	0
497.818777	0	0
497.869782	0	0
497.926788	0	0
497.969792	0	0
498.018797	0	0
498.068802	0	0
498.118807	0	0
498.168812	0	0
498.218817	0	0
498.268822	0	0
498.318827	0	0
498.369832	0	0
498.418837	0	0
498.468842	0	0
498.518847	0	0
498.569852	0	0
498.618857	0	0
498.669862	0	0
498.719867	0	0
498.768872	0	0
498.818877	0	0
498.869882	0	0
498.918887	0	0
498.968892	0	0
499.018897	0	0
499.069902	0	0
499.118907	0	0
499.169912	0	0
499.218917	0	0
499.268922	0	0
499.318927	0	0
499.369932	0	0
499.418937	0	0
499.468942	0	0
499.518947	0	0
499.569952	0	0
499.618957	0	0
499.668962	0	0
499.718967	0	0
499.769972	0	0
499.818977	0	0
499.869982	0	0
499.918987	0	0
499.968992	0	0
500.018997	0	0
500.070002	0	0
500.119007	0	0
500.169012	0	0
500.219017	0	0
500.269022	0	0
500.319027	0	0
500.369032	0	0
500.419037	0	0
500.469042	0	0
500.519047	0	0
500.570052	0	0
500.619057	0	0
500.669062	0	0
500.719067	0	0
500.770072	0	0
500.819077	0	0
500.869082	0	0
500.919087	0	0
500.969092	0	0
501.019097	0	0
501.070102	0	0
501.119107	0	0
501.169112	0	0
501.219117	0	0
501.270122	0	0
501.318127	0	0
501.368132	0	0
501.418137	0	0
501.468142	0	0
501.518147	0	0
501.568152	0	0
501.618157	0	0
501.668162	0	0
501.718167	0	0
501.768172	0	0
501.818177	0	0
501.868182	0	0
501.918187	0	0
501.968192	0	0
502.018197	0	0
502.068202	0	0
502.118207	0	0
502.169212	0	0
502.218217	0	0
502.268222	0	0
502.318227	0	0
502.368232	0	0
502.418237	0	0
502.468242	0	0
502.518247	0	0
502.570252	0	0
502.618257	0	0
502.669262	0	0
502.718267	0	0
502.768272	0	0
502.818277	0	0
502.870282	0	0
502.918287	0	0
502.968292	0	0
503.018297	0	0
503.068302	0	0
503.118307	0	0
503.168312	0	0
503.218317	0	0
503.268322	0	0
503.318327	0	0
503.370332	0	0
503.418337	0	0
503.468342	0	0
503.518347	0	0
503.568352	0	0
503.618357	0	0
503.668362	0	0
503.718367	0	0
503.770372	0	0
503.818377	0	0
503.870382	0	0
503.918387	0	0
503.968392	0	0
504.018397	0	0
504.068402	0	0
504.118407	0	0
504.170412	0	0
504.218417	0	0
504.269422	0	0
504.318427	0	0
504.368432	0	0
504.418437	0	0
504.468442	0	0
504.518447	0	0
504.571452	0	0
504.618457	0	0
504.670462	0	0
504.720467	0	0
504.770472	0	0
504.818477	0	0
504.868482	0	0
504.918487	0	0
504.969492	0	0
505.018497	0	0
505.069502	0	0
505.118507	0	0
505.170512	0	0
505.218517	0	0
505.270522	0	0
505.318527	0	0
505.370532	0	0
505.418537	0	0
505.469542	0	0
505.518547	0	0
505.569552	0	0
505.618557	0	0
505.668562	0	0
505.718567	0	0
505.770572	0	0
505.818577	0	0
505.870582	0	0
505.918587	0	0
505.969592	0	0
506.018597	0	0
506.070602	0	0
506.118607	0	0
506.169612	0	0
506.220617	0	0
506.269622	0	0
506.318627	0	0
506.369632	0	0
506.418637	0	0
506.470642	0	0
506.518647	0	0
506.570652	0	0
506.618657	0	0
506.669662	0	0
506.718667	0	0
506.769672	0	0
506.818677	0	0
506.870682	0	0
506.918687	0	0
506.968692	0	0
507.018697	0	0
507.070702	0	0
507.118707	0	0
507.169712	0	0
507.218717	0	0
507.270722	0	0
507.318727	0	0
507.369732	0	0
507.418737	0	0
507.468742	0	0
507.518747	0	0
507.569752	0	0
507.618757	0	0
507.669762	0	0
507.718767	0	0
507.769772	0	0
507.818777	0	0
507.869782	0	0
507.918787	0	0
507.969792	0	0
508.018797	0	0
508.069802	0	0
508.118807	0	0
508.169812	0	0
508.218817	0	0
508.268822	0	0
508.318827	0	0
508.370832	0	0
508.418837	0	0
508.469842	0	0
508.518847	0	0
508.569852	0	0
508.618857	0	0
508.669862	0	0
508.718867	0	0
508.769872	0	0
508.818877	0	0
508.869882	0	0
508.918887	0	0
508.970892	0	0
509.018897	0	0
509.070902	0	0
509.118907	0	0
509.170912	0	0
509.220917	0	0
509.270922	0	0
509.318927	0	0
509.370932	0	0
509.418937	0	0
509.469942	0	0
509.518947	0	0
509.569952	0	0
509.618957	0	0
509.668962	0	0
509.718967	0	0
509.769972	0	0
509.818977	0	0
509.868982	0	0
509.918987	0	0
509.969992	0	0
510.018997	0	0
510.069002	0	0
510.119007	0	0
510.170012	0	0
510.219017	0	0
510.270022	0	0
510.319027	0	0
510.371032	0	0
510.419037	0	0
510.469042	0	0
510.519047	0	0
510.570052	0	0
510.619057	0	0
510.670062	0	0
510.721067	0	0
510.770072	0	0
510.819077	0	0
510.870082	0	0
510.919087	0	0
510.970092	0	0
511.019097	0	0
511.070102	0	0
511.119107	0	0
511.170112	0	0
511.219117	0	0
511.270122	0	0
511.319127	0	0
511.370132	0	0
511.419137	0	0
511.469142	0	0
511.519147	0	0
511.571152	0	0
511.619157	0	0
511.670162	0	0
511.719167	0	0
511.770172	0	0
511.819177	0	0
511.870182	0	0
511.919187	0	0
511.969192	0	0
512.019197	0	0
512.070202	0	0
512.119207	0	0
512.170212	0	0
512.220217	0	0
512.270222	0	0
512.319227	0	0
512.370232	0	0
512.419237	0	0
512.470242	0	0
512.519247	0	0
512.570252	0	0
512.619257	0	0
512.670262	0	0
512.719267	0	0
512.770272	0	0
512.819277	0	0
512.870282	0	0
512.919287	0	0
512.970292	0	0
513.019297	0	0
513.070302	0	0
513.119307	0	0
513.170312	0	0
513.219317	0	0
513.270322	0	0
513.319327	0	0
513.370332	0	0
513.419337	0	0
513.470342	0	0
513.519347	0	0
513.570352	0	0
513.619357	0	0
513.670362	0	0
513.720367	0	0
513.770372	0	0
513.819377	0	0
513.870382	0	0
513.919387	0	0
513.970392	0	0
514.019397	0	0
514.072402	0	0
514.119407	0	0
514.170412	0	0
514.219417	0	0
514.270422	0	0
514.319427	0	0
514.370432	0	0
514.419437	0	0
514.469442	0	0
514.519447	0	0
514.570452	0	0
514.619457	0	0
514.670462	0	0
514.719467	0	0
514.770472	0	0
514.819477	0	0
514.870482	0	0
514.919487	0	0
514.969492	0	0
515.019497	0	0
515.070502	0	0
515.119507	0	0
515.170512	0	0
515.220517	0	0
515.270522	0	0
515.319527	0	0
515.370532	0	0
515.419537	0	0
515.469542	0	0
515.519547	0	0
515.570552	0	0
515.619557	0	0
515.669562	0	0
515.719567	0	0
515.770572	0	0
515.819577	0	0
515.870582	0	0
515.919587	0	0
515.969592	0	0
516.019597	0	0
516.070602	0	0
516.119607	0	0
516.169612	0	0
516.219617	0	0
516.269622	0	0
516.319627	0	0
516.370632	0	0
516.419637	0	0
516.469642	0	0
516.519647	0	0
516.570652	0	0
516.619657	0	0
516.669662	0	0
516.720667	0	0
516.770672	0	0
516.819677	0	0
516.870682	0	0
516.919687	0	0
516.969692	0	0
517.019697	0	0
517.070702	0	0
517.119707	0	0
517.169712	0	0
517.219717	0	0
517.269722	0	0
517.319727	0	0
517.369732	0	0
517.419737	0	0
517.469742	0	0
517.519747	0	0
517.569752	0	0
517.619757	0	0
517.669762	0	0
517.719767	0	0
517.770772	0	0
517.819777	0	0
517.870782	0	0
517.919787	0	0
517.969792	0	0
518.019797	0	0
518.069802	0	0
518.119807	0	0
518.169812	0	0
518.219817	0	0
518.269822	0	0
518.319827	0	0
518.369832	0	0
518.419837	0	0
518.469842	0	0
518.519847	0	0
518.570852	0	0
518.619857	0	0
518.669862	0	0
518.719867	0	0
518.769872	0	0
518.818877	0	0
518.868882	0	0
518.918887	0	0
518.968892	0	0
519.018897	0	0
519.068902	0	0
519.118906	0	0
519.168912	0	0
519.218917	0	0
519.268922	0	0
519.318927	0	0
519.368932	0	0
519.418937	0	0
519.468942	0	0
519.518947	0	0
519.568952	0	0
519.618957	0	0
519.668962	0	0
519.718966	0	0
519.768972	0	0
519.818977	0	0
519.868982	0	0
519.918987	0	0
519.968992	0	0
520.018997	0	0
520.069002	0	0
520.119007	0	0
520.169012	0	0
520.219017	0	0
520.269022	0	0
520.319027	0	0
520.369032	0	0
520.419037	0	0
520.469042	0	0
520.519047	0	0
520.569052	0	0
520.619057	0	0
520.669062	0	0
520.719067	0	0
520.769072	0	0
520.819077	0	0
520.869081	0	0
520.919087	0	0
520.969092	0	0
521.019097	0	0
521.071102	0	0
521.119107	0	0
521.169112	0	0
521.219117	0	0
521.269122	0	0
521.319127	0	0
521.369132	0	0
521.419137	0	0
521.469141	0	0
521.519147	0	0
521.569152	0	0
521.619157	0	0
521.669162	0	0
521.719167	0	0
521.769172	0	0
521.819177	0	0
521.869182	0	0
521.919187	0	0
521.969192	0	0
522.019197	0	0
522.069202	0	0
522.119207	0	0
522.169212	0	0
522.219217	0	0
522.269222	0	0
522.319227	0	0
522.369232	0	0
522.419237	0	0
522.469242	0	0
522.519247	0	0
522.569252	0	0
522.619256	0	0
522.669262	0	0
522.719267	0	0
522.769272	0	0
522.819277	0	0
522.869282	0	0
522.919287	0	0
522.969292	0	0
523.019297	0	0
523.069302	0	0
523.119307	0	0
523.169312	0	0
523.219316	0	0
523.269322	0	0
523.319327	0	0
523.369332	0	0
523.419337	0	0
523.469342	0	0
523.519347	0	0
523.569352	0	0
523.619357	0	0
523.669362	0	0
523.719367	0	0
523.769372	0	0
523.819377	0	0
523.869382	0	0
523.919387	0	0
523.969392	0	0
524.019397	0	0
524.069402	0	0
524.119407	0	0
524.169412	0	0
524.219417	0	0
524.269422	0	0
524.319427	0	0
524.371432	0	0
524.419437	0	0
524.471442	0	0
524.519447	0	0
524.569452	0	0
524.619457	0	0
524.670462	0	0
524.719467	0	0
524.769472	0	0
524.819477	0	0
524.869482	0	0
524.920487	0	0
524.971492	0	0
525.019497	0	0
525.072502	0	0
525.119507	0	0
525.169512	0	0
525.219517	0	0
525.271522	0	0
525.319527	0	0
525.369532	0	0
525.419537	0	0
525.471542	0	0
525.519547	0	0
525.572552	0	0
525.619557	0	0
525.669562	0	0
525.719567	0	0
525.770572	0	0
525.819577	0	0
525.873582	0	0
525.919587	0	0
525.970592	0	0
526.019597	0	0
526.072602	0	0
526.119606	0	0
526.171612	0	0
526.219617	0	0
526.271622	0	0
526.319627	0	0
526.371632	0	0
526.419637	0	0
526.469642	0	0
526.519647	0	0
526.572652	0	0
526.619657	0	0
526.669662	0	0
526.719666	0	0
526.770672	0	0
526.819677	0	0
526.869682	0	0
526.919687	0	0
526.969692	0	0
527.019697	0	0
527.072702	0	0
527.119707	0	0
527.172712	0	0
527.219717	0	0
527.269722	0	0
527.319727	0	0
527.371732	0	0
527.419737	0	0
527.469742	0	0
527.519747	0	0
527.569752	0	0
527.620757	0	0
527.673762	0	0
527.719767	0	0
527.770772	0	0
527.819777	0	0
527.869781	0	0
527.919787	0	0
527.969792	0	0
528.019797	0	0
528.073802	0	0
528.119807	0	0
528.170812	0	0
528.236818	0	0
528.280823	0	0
528.324827	0	0
528.382833	0	0
528.429838	0	0
528.476842	0	0
528.521847	0	0
528.572852	0	0
528.619857	0	0
528.673862	0	0
528.719867	0	0
528.770872	0	0
528.819877	0	0
528.872882	0	0
528.919887	0	0
528.969892	0	0
529.019897	0	0
529.072902	0	0
529.119907	0	0
529.169912	0	0
529.219917	0	0
529.271922	0	0
529.319927	0	0
529.372932	0	0
529.419937	0	0
529.469942	0	0
529.519947	0	0
529.572952	0	0
529.619956	0	0
529.669962	0	0
529.719967	0	0
529.769972	0	0
529.819977	0	0
529.872982	0	0
529.919987	0	0
529.972992	0	0
530.019997	0	0
530.073002	0	0
530.120007	0	0
530.174012	0	0
530.220016	0	0
530.270022	0	0
530.321027	0	0
530.370032	0	0
530.420037	0	0
530.472042	0	0
530.520047	0	0
530.573052	0	0
530.620057	0	0
530.672062	0	0
530.720067	0	0
530.770072	0	0
530.820077	0	0
530.873082	0	0
530.920087	0	0
530.971092	0	0
531.020097	0	0
531.070102	0	0
531.120107	0	0
531.174112	0	0
531.220117	0	0
531.270122	0	0
531.320127	0	0
531.373132	0	0
531.420137	0	0
531.470142	0	0
531.520147	0	0
531.573152	0	0
531.620157	0	0
531.674162	0	0
531.720167	0	0
531.772172	0	0
531.820177	0	0
531.909185	0	0
531.953190	0	0
531.999195	0	0
532.043199	0	0
532.089204	0	0
532.133208	0	0
532.181213	0	0
532.220217	0	0
532.273222	0	0
532.320227	0	0
532.373232	0	0
532.420237	0	0
532.470242	0	0
532.520247	0	0
532.573252	0	0
532.620257	0	0
532.670262	0	0
532.720267	0	0
532.770272	0	0
532.820277	0	0
532.872282	0	0
532.920287	0	0
532.972292	0	0
533.020297	0	0
533.072302	0	0
533.120306	0	0
533.170312	0	0
533.220317	0	0
533.271322	0	0
533.320327	0	0
533.370332	0	0
533.420337	0	0
533.473342	0	0
533.520347	0	0
533.573352	0	0
533.620357	0	0
533.670362	0	0
533.720366	0	0
533.773372	0	0
533.820377	0	0
533.870382	0	0
533.920387	0	0
533.970392	0	0
534.020397	0	0
534.070402	0	0
534.120407	0	0
534.170412	0	0
534.220417	0	0
534.270422	0	0
534.320427	0	0
534.371432	0	0
534.420437	0	0
534.470442	0	0
534.520447	0	0
534.570452	0	0
534.620457	0	0
534.673462	0	0
534.720467	0	0
534.773472	0	0
534.820477	0	0
534.873482	0	0
534.920487	0	0
534.970492	0	0
535.020497	0	0
535.070502	0	0
535.120507	0	0
535.173512	0	0
535.220517	0	0
535.270522	0	0
535.320527	0	0
535.373532	0	0
535.420537	0	0
535.471542	0	0
535.524547	0	0
535.573552	0	0
535.620557	0	0
535.670562	0	0
535.720567	0	0
535.770572	0	0
535.820577	0	0
535.873582	0	0
535.920587	0	0
535.970592	0	0
536.020597	0	0
536.073602	0	0
536.120607	0	0
536.170612	0	0
536.220617	0	0
536.269622	0	0
536.319627	0	0
536.369632	0	0
536.419637	0	0
536.469642	0	0
536.519647	0	0
536.569652	0	0
536.619657	0	0
536.669662	0	0
536.719666	0	0
536.769671	0	0
536.819676	0	0
536.869682	0	0
536.919687	0	0
536.969692	0	0
537.019697	0	0
537.069702	0	0
537.119707	0	0
537.169712	0	0
537.219717	0	0
537.269722	0	0
537.319726	0	0
537.369731	0	0
537.419736	0	0
537.469742	0	0
537.519747	0	0
537.569752	0	0
537.619757	0	0
537.669762	0	0
537.719767	0	0
537.769772	0	0
537.819777	0	0
537.869781	0	0
537.919786	0	0
537.969791	0	0
538.019797	0	0
538.069802	0	0
538.119807	0	0
538.169812	0	0
538.219817	0	0
538.269822	0	0
538.319827	0	0
538.369832	0	0
538.419837	0	0
538.469841	0	0
538.519846	0	0
538.569851	0	0
538.619857	0	0
538.669862	0	0
538.719867	0	0
538.769872	0	0
538.819877	0	0
538.869882	0	0
538.919887	0	0
538.969892	0	0
539.019897	0	0
539.069901	0	0
539.119906	0	0
539.169911	0	0
539.219917	0	0
539.269922	0	0
539.319927	0	0
539.369932	0	0
539.419937	0	0
539.471942	0	0
539.519947	0	0
539.569952	0	0
539.619956	0	0
539.669961	0	0
539.719966	0	0
539.769972	0	0
539.819977	0	0
539.869982	0	0
539.919987	0	0
539.969992	0	0
540.019997	0	0
540.070002	0	0
540.120007	0	0
540.170012	0	0
540.220016	0	0
540.270021	0	0
540.320026	0	0
540.370032	0	0
540.420037	0	0
540.470042	0	0
540.520047	0	0
540.570052	0	0
540.620057	0	0
540.670062	0	0
540.720067	0	0
540.770072	0	0
540.820076	0	0
540.870081	0	0
540.920086	0	0
540.970092	0	0
541.020097	0	0
541.070102	0	0
541.120107	0	0
541.170112	0	0
541.220117	0	0
541.270122	0	0
541.320127	0	0
541.370131	0	0
541.420136	0	0
541.470141	0	0
541.520147	0	0
541.570152	0	0
541.620157	0	0
541.670162	0	0
541.720167	0	0
541.770172	0	0
541.820177	0	0
541.870182	0	0
541.920187	0	0
541.970191	0	0
542.020196	0	0
542.070201	0	0
542.120207	0	0
542.170212	0	0
542.220217	0	0
542.270222	0	0
542.320227	0	0
542.370232	0	0
542.420237	0	0
542.470242	0	0
542.520247	0	0
542.570251	0	0
542.620256	0	0
542.670261	0	0
542.720267	0	0
542.770272	0	0
542.820277	0	0
542.870282	0	0
542.920287	0	0
542.970292	0	0
543.020297	0	0
543.070302	0	0
543.120306	0	0
543.170311	0	0
543.220316	0	0
543.270322	0	0
543.320327	0	0
543.370332	0	0
543.420337	0	0
543.470342	0	0
543.520347	0	0
543.570352	0	0
543.620357	0	0
543.670362	0	0
543.720366	0	0
543.770371	0	0
543.820376	0	0
543.870382	0	0
543.920387	0	0
543.970392	0	0
544.020397	0	0
544.070402	0	0
544.120407	0	0
544.170412	0	0
544.220417	0	0
544.270422	0	0
544.320426	0	0
544.370431	0	0
544.420436	0	0
544.470442	0	0
544.520447	0	0
544.570452	0	0
544.620457	0	0
544.670462	0	0
544.720467	0	0
544.770472	0	0
544.820477	0	0
544.870481	0	0
544.920486	0	0
544.970491	0	0
545.020497	0	0
545.070502	0	0
545.120507	0	0
545.170512	0	0
545.220517	0	0
545.270522	0	0
545.320527	0	0
545.370532	0	0
545.420537	0	0
545.470541	0	0
545.520546	0	0
545.570551	0	0
545.621557	0	0
545.670562	0	0
545.720567	0	0
545.770572	0	0
545.820577	0	0
545.870582	0	0
545.920587	0	0
545.970592	0	0
546.020597	0	0
546.070601	0	0
546.122607	0	0
546.170611	0	0
546.220617	0	0
546.270622	0	0
546.320627	0	0
546.370632	0	0
546.420637	0	0
546.470642	0	0
546.520647	0	0
546.570652	0	0
546.620656	0	0
546.670661	0	0
546.720666	0	0
546.770672	0	0
546.820677	0	0
546.870682	0	0
546.920687	0	0
546.970692	0	0
547.020697	0	0
547.070702	0	0
547.120707	0	0
547.170712	0	0
547.220716	0	0
547.270721	0	0
547.320726	0	0
547.370732	0	0
547.420737	0	0
547.473742	0	0
547.520747	0	0
547.570752	0	0
547.620757	0	0
547.673762	0	0
547.720767	0	0
547.770772	0	0
547.820776	0	0
547.873782	0	0
547.920786	0	0
547.971792	0	0
548.020797	0	0
548.073802	0	0
548.120807	0	0
548.170812	0	0
548.220817	0	0
548.270822	0	0
548.320827	0	0
548.373832	0	0
548.420836	0	0
548.473842	0	0
548.520847	0	0
548.572852	0	0
548.620857	0	0
548.671862	0	0
548.720867	0	0
548.770872	0	0
548.820877	0	0
548.870882	0	0
548.920887	0	0
548.973892	0	0
549.020896	0	0
549.070901	0	0
549.120907	0	0
549.174912	0	0
549.220917	0	0
549.273922	0	0
549.320927	0	0
549.373932	0	0
549.420937	0	0
549.473942	0	0
549.520947	0	0
549.571952	0	0
549.620956	0	0
549.673962	0	0
549.720967	0	0
549.770972	0	0
549.820977	0	0
549.873982	0	0
549.920987	0	0
549.971992	0	0
550.020997	0	0
550.072002	0	0
550.121006	0	0
550.171011	0	0
550.221016	0	0
550.271022	0	0
550.321027	0	0
550.374032	0	0
550.421037	0	0
550.474042	0	0
550.521047	0	0
550.574052	0	0
550.621057	0	0
550.673062	0	0
550.721066	0	0
550.771071	0	0
550.821076	0	0
550.875082	0	0
550.921087	0	0
550.973092	0	0
551.021097	0	0
551.073102	0	0
551.121107	0	0
551.173112	0	0
551.221117	0	0
551.271122	0	0
551.321126	0	0
551.374132	0	0
551.421136	0	0
551.473142	0	0
551.521147	0	0
551.571152	0	0
551.621157	0	0
551.673162	0	0
551.721167	0	0
551.771172	0	0
551.821177	0	0
551.874182	0	0
551.921186	0	0
551.972192	0	0
552.021197	0	0
552.073202	0	0
552.121207	0	0
552.171212	0	0
552.221217	0	0
552.271222	0	0
552.321227	0	0
552.374232	0	0
552.421237	0	0
552.474242	0	0
552.521246	0	0
552.573252	0	0
552.621257	0	0
552.671262	0	0
552.721267	0	0
552.771272	0	0
552.821277	0	0
552.874282	0	0
552.921287	0	0
552.974292	0	0
553.021297	0	0
553.071301	0	0
553.121306	0	0
553.172312	0	0
553.221317	0	0
553.271322	0	0
553.321327	0	0
553.374332	0	0
553.421337	0	0
553.471342	0	0
553.521347	0	0
553.575352	0	0
553.621356	0	0
553.672362	0	0
553.721366	0	0
553.770371	0	0
553.820376	0	0
553.870381	0	0
553.920386	0	0
553.970392	0	0
554.020397	0	0
554.070402	0	0
554.120407	0	0
554.170412	0	0
554.220417	0	0
554.270422	0	0
554.320426	0	0
554.370431	0	0
554.420436	0	0
554.470441	0	0
554.520446	0	0
554.570452	0	0
554.620457	0	0
554.670462	0	0
554.720467	0	0
554.770472	0	0
554.820477	0	0
554.870481	0	0
554.920486	0	0
554.970491	0	0
555.020496	0	0
555.070501	0	0
555.120506	0	0
555.170512	0	0
555.220517	0	0
555.270522	0	0
555.320527	0	0
555.370532	0	0
555.420537	0	0
555.470541	0	0
555.520546	0	0
555.570551	0	0
555.620556	0	0
555.670561	0	0
555.720567	0	0
555.770572	0	0
555.820577	0	0
555.870582	0	0
555.920587	0	0
555.970592	0	0
556.020597	0	0
556.070601	0	0
556.120606	0	0
556.170611	0	0
556.220616	0	0
556.270621	0	0
556.320627	0	0
556.370632	0	0
556.420637	0	0
556.470642	0	0
556.520647	0	0
556.570652	0	0
556.620656	0	0
556.670661	0	0
556.720666	0	0
556.770671	0	0
556.820676	0	0
556.870681	0	0
556.920687	0	0
556.970692	0	0
557.020697	0	0
557.070702	0	0
557.120707	0	0
557.170712	0	0
557.220716	0	0
557.270721	0	0
557.320726	0	0
557.370731	0	0
557.420736	0	0
557.470742	0	0
557.520747	0	0
557.570752	0	0
557.620757	0	0
557.670762	0	0
557.720767	0	0
557.770772	0	0
557.820776	0	0
557.870781	0	0
557.920786	0	0
557.970791	0	0
558.020796	0	0
558.070802	0	0
558.120807	0	0
558.170812	0	0
558.220817	0	0
558.270822	0	0
558.320827	0	0
558.370831	0	0
558.420836	0	0
558.470841	0	0
558.520846	0	0
558.570851	0	0
558.620856	0	0
558.670862	0	0
558.720867	0	0
558.770872	0	0
558.820877	0	0
558.870882	0	0
558.920887	0	0
558.970891	0	0
559.020896	0	0
559.070901	0	0
559.120906	0	0
559.170911	0	0
559.220917	0	0
559.270922	0	0
559.320927	0	0
559.370932	0	0
559.420937	0	0
559.470942	0	0
559.524947	0	0
559.593954	0	0
559.620956	0	0
559.670961	0	0
559.720966	0	0
559.770971	0	0
559.820977	0	0
559.870982	0	0
559.920987	0	0
559.970992	0	0
560.020997	0	0
560.071002	0	0
560.121006	0	0
560.171011	0	0
560.221016	0	0
560.271021	0	0
560.321026	0	0
560.371031	0	0
560.421037	0	0
560.471042	0	0
560.521047	0	0
560.571052	0	0
560.621057	0	0
560.671062	0	0
560.721066	0	0
560.771071	0	0
560.821076	0	0
560.871081	0	0
560.921086	0	0
560.971092	0	0
561.021097	0	0
561.071102	0	0
561.121107	0	0
561.171112	0	0
561.221117	0	0
561.271122	0	0
561.321126	0	0
561.371131	0	0
561.421136	0	0
561.471141	0	0
561.521146	0	0
561.571152	0	0
561.621157	0	0
561.671162	0	0
561.721167	0	0
561.771172	0	0
561.821177	0	0
561.871181	0	0
561.921186	0	0
561.971191	0	0
562.021196	0	0
562.071201	0	0
562.121206	0	0
562.171212	0	0
562.221217	0	0
562.271222	0	0
562.321227	0	0
562.371232	0	0
562.421237	0	0
562.471241	0	0
562.521246	0	0
562.571251	0	0
562.621256	0	0
562.671261	0	0
562.721267	0	0
562.771272	0	0
562.821277	0	0
562.871282	0	0
562.921287	0	0
562.971292	0	0
563.021297	0	0
563.071301	0	0
563.121306	0	0
563.171311	0	0
563.223317	0	0
563.271321	0	0
563.321327	0	0
563.371332	0	0
563.421337	0	0
563.471342	0	0
563.521347	0	0
563.571352	0	0
563.621356	0	0
563.671361	0	0
563.721366	0	0
563.771371	0	0
563.821376	0	0
563.871381	0	0
563.928387	0	0
563.971392	0	0
564.021397	0	0
564.071402	0	0
564.121407	0	0
564.171412	0	0
564.221416	0	0
564.271421	0	0
564.321426	0	0
564.371431	0	0
564.421436	0	0
564.471442	0	0
564.521447	0	0
564.571452	0	0
564.621457	0	0
564.671462	0	0
564.721467	0	0
564.771472	0	0
564.821476	0	0
564.871481	0	0
564.921486	0	0
564.971491	0	0
565.021496	0	0
565.071502	0	0
565.121507	0	0
565.171512	0	0
565.221517	0	0
565.271522	0	0
565.321527	0	0
565.371531	0	0
565.421536	0	0
565.471541	0	0
565.521546	0	0
565.571551	0	0
565.621556	0	0
565.671562	0	0
565.721567	0	0
565.771572	0	0
565.821577	0	0
565.871582	0	0
565.921587	0	0
565.971591	0	0
566.021596	0	0
566.071601	0	0
566.121606	0	0
566.171611	0	0
566.221617	0	0
566.271622	0	0
566.321627	0	0
566.371632	0	0
566.421637	0	0
566.471642	0	0
566.521646	0	0
566.571651	0	0
566.621656	0	0
566.671661	0	0
566.721666	0	0
566.771671	0	0
566.821677	0	0
566.871682	0	0
566.921687	0	0
566.971692	0	0
567.021697	0	0
567.071702	0	0
567.121706	0	0
567.171711	0	0
567.221716	0	0
567.271721	0	0
567.321726	0	0
567.371731	0	0
567.421737	0	0
567.471742	0	0
567.521747	0	0
567.571752	0	0
567.621757	0	0
567.671762	0	0
567.721766	0	0
567.771771	0	0
567.821776	0	0
567.871781	0	0
567.921786	0	0
567.971792	0	0
568.048799	0	0
568.097804	0	0
568.121807	0	0
568.171812	0	0
568.221817	0	0
568.271821	0	0
568.321826	0	0
568.371831	0	0
568.421836	0	0
568.471841	0	0
568.521846	0	0
568.571852	0	0
568.621857	0	0
568.674862	0	0
568.721867	0	0
568.771872	0	0
568.821877	0	0
568.872881	0	0
568.921886	0	0
568.971891	0	0
569.021896	0	0
569.074902	0	0
569.121906	0	0
569.174912	0	0
569.221917	0	0
569.271922	0	0
569.321927	0	0
569.374932	0	0
569.421937	0	0
569.471941	0	0
569.521946	0	0
569.574952	0	0
569.621956	0	0
569.674962	0	0
569.721967	0	0
569.775972	0	0
569.821977	0	0
569.872982	0	0
569.921987	0	0
569.971992	0	0
570.021996	0	0
570.075002	0	0
570.122006	0	0
570.173012	0	0
570.222016	0	0
570.272021	0	0
570.322027	0	0
570.372032	0	0
570.422037	0	0
570.472042	0	0
570.522047	0	0
570.574052	0	0
570.622056	0	0
570.672061	0	0
570.722066	0	0
570.772071	0	0
570.822076	0	0
570.872081	0	0
570.922087	0	0
570.975092	0	0
571.022097	0	0
571.076102	0	0
571.122107	0	0
571.174112	0	0
571.222116	0	0
571.271122	0	0
571.321126	0	0
571.371131	0	0
571.421136	0	0
571.471141	0	0
571.521146	0	0
571.571151	0	0
571.621156	0	0
571.671162	0	0
571.721167	0	0
571.771172	0	0
571.821177	0	0
571.871181	0	0
571.921186	0	0
571.971191	0	0
572.021196	0	0
572.071201	0	0
572.121206	0	0
572.171211	0	0
572.221216	0	0
572.271222	0	0
572.321227	0	0
572.371232	0	0
572.421237	0	0
572.471241	0	0
572.521246	0	0
572.571251	0	0
572.621256	0	0
572.671261	0	0
572.721266	0	0
572.771271	0	0
572.828277	0	0
572.878282	0	0
572.921287	0	0
572.971292	0	0
573.021297	0	0
573.071301	0	0
573.121306	0	0
573.171311	0	0
573.221316	0	0
573.271321	0	0
573.321326	0	0
573.371331	0	0
573.421337	0	0
573.471342	0	0
573.521347	0	0
573.571352	0	0
573.621356	0	0
573.671361	0	0
573.721366	0	0
573.771371	0	0
573.821376	0	0
573.871381	0	0
573.921386	0	0
573.971391	0	0
574.021397	0	0
574.071402	0	0
574.121407	0	0
574.171412	0	0
574.221416	0	0
574.271421	0	0
574.321426	0	0
574.371431	0	0
574.421436	0	0
574.471441	0	0
574.521446	0	0
574.571451	0	0
574.621457	0	0
574.671462	0	0
574.721467	0	0
574.771472	0	0
574.821476	0	0
574.871481	0	0
574.921486	0	0
574.971491	0	0
575.021496	0	0
575.071501	0	0
575.121506	0	0
575.171512	0	0
575.221517	0	0
575.271522	0	0
575.321527	0	0
575.371531	0	0
575.421536	0	0
575.471541	0	0
575.521546	0	0
575.571551	0	0
575.621556	0	0
575.671561	0	0
575.721566	0	0
575.771572	0	0
575.821577	0	0
575.871582	0	0
575.921587	0	0
575.971591	0	0
576.021596	0	0
576.071601	0	0
576.121606	0	0
576.171611	0	0
576.221616	0	0
576.271621	0	0
576.321626	0	0
576.371632	0	0
576.421637	0	0
576.471642	0	0
576.521646	0	0
576.571651	0	0
576.621656	0	0
576.671661	0	0
576.721666	0	0
576.771671	0	0
576.821676	0	0
576.871681	0	0
576.921687	0	0
576.971692	0	0
577.021697	0	0
577.071702	0	0
577.121706	0	0
577.171711	0	0
577.221716	0	0
577.271721	0	0
577.321726	0	0
577.371731	0	0
577.421736	0	0
577.471741	0	0
577.521747	0	0
577.571752	0	0
577.621757	0	0
577.671762	0	0
577.721766	0	0
577.771771	0	0
577.821776	0	0
577.871781	0	0
577.921786	0	0
577.971791	0	0
578.021796	0	0
578.071801	0	0
578.121807	0	0
578.171812	0	0
578.221817	0	0
578.271821	0	0
578.321826	0	0
578.371831	0	0
578.421836	0	0
578.471841	0	0
578.521846	0	0
578.571851	0	0
578.621856	0	0
578.671862	0	0
578.721867	0	0
578.771872	0	0
578.821877	0	0
578.871881	0	0
578.921886	0	0
578.971891	0	0
579.021896	0	0
579.071901	0	0
579.121906	0	0
579.171911	0	0
579.221916	0	0
579.271922	0	0
579.321927	0	0
579.371932	0	0
579.421937	0	0
579.471941	0	0
579.521946	0	0
579.571951	0	0
579.621956	0	0
579.671961	0	0
579.721966	0	0
579.771971	0	0
579.821976	0	0
579.871982	0	0
579.921987	0	0
579.971992	0	0
580.021996	0	0
580.072001	0	0
580.122006	0	0
580.172011	0	0
580.222016	0	0
580.272021	0	0
580.322026	0	0
580.372031	0	0
580.422037	0	0
580.472042	0	0
580.522047	0	0
580.572052	0	0
580.622056	0	0
580.672061	0	0
580.722066	0	0
580.772071	0	0
580.822076	0	0
580.872081	0	0
580.922086	0	0
580.972091	0	0
581.022097	0	0
581.072102	0	0
581.122107	0	0
581.172112	0	0
581.222116	0	0
581.272121	0	0
581.322126	0	0
581.372131	0	0
581.422136	0	0
581.472141	0	0
581.522146	0	0
581.572151	0	0
581.622157	0	0
581.672162	0	0
581.722167	0	0
581.772171	0	0
581.822176	0	0
581.872181	0	0
581.922186	0	0
581.972191	0	0
582.022196	0	0
582.072201	0	0
582.122206	0	0
582.172212	0	0
582.222217	0	0
582.272222	0	0
582.322227	0	0
582.372231	0	0
582.422236	0	0
582.472241	0	0
582.522246	0	0
582.572251	0	0
582.622256	0	0
582.672261	0	0
582.722266	0	0
582.772272	0	0
582.822277	0	0
582.872282	0	0
582.922287	0	0
582.972291	0	0
583.022296	0	0
583.072301	0	0
583.122306	0	0
583.172311	0	0
583.222316	0	0
583.272321	0	0
583.322326	0	0
583.372332	0	0
583.422337	0	0
583.472342	0	0
583.522346	0	0
583.572351	0	0
583.622356	0	0
583.672361	0	0
583.722366	0	0
583.772371	0	0
583.822376	0	0
583.872381	0	0
583.922387	0	0
583.972392	0	0
584.022397	0	0
584.072402	0	0
584.122406	0	0
584.172411	0	0
584.222416	0	0
584.272421	0	0
584.322426	0	0
584.372431	0	0
584.422436	0	0
584.472441	0	0
584.522447	0	0
584.572452	0	0
584.622457	0	0
584.672462	0	0
584.722466	0	0
584.772471	0	0
584.822476	0	0
584.872481	0	0
584.922486	0	0
584.972491	0	0
585.022496	0	0
585.072501	0	0
585.122507	0	0
585.172512	0	0
585.222517	0	0
585.272521	0	0
585.322526	0	0
585.373531	0	0
585.422536	0	0
585.472541	0	0
585.522546	0	0
585.572551	0	0
585.622556	0	0
585.672562	0	0
585.722567	0	0
585.772572	0	0
585.822577	0	0
585.872581	0	0
585.924587	0	0
585.972591	0	0
586.022596	0	0
586.072601	0	0
586.122606	0	0
586.172611	0	0
586.222616	0	0
586.272622	0	0
586.322627	0	0
586.372632	0	0
586.422637	0	0
586.472641	0	0
586.522646	0	0
586.573651	0	0
586.622656	0	0
586.672661	0	0
586.722666	0	0
586.772671	0	0
586.822676	0	0
586.872682	0	0
586.922687	0	0
586.972692	0	0
587.022696	0	0
587.072701	0	0
587.122706	0	0
587.172711	0	0
587.222716	0	0
587.272721	0	0
587.322726	0	0
587.372731	0	0
587.422737	0	0
587.472742	0	0
587.522747	0	0
587.572752	0	0
587.622756	0	0
587.672761	0	0
587.722766	0	0
587.772771	0	0
587.822776	0	0
587.872781	0	0
587.922786	0	0
587.972791	0	0
588.022797	0	0
588.072802	0	0
588.122807	0	0
588.172812	0	0
588.222816	0	0
588.272821	0	0
588.322826	0	0
588.372831	0	0
588.422836	0	0
588.472841	0	0
588.522846	0	0
588.576852	0	0
588.622857	0	0
588.672862	0	0
588.721866	0	0
588.771871	0	0
588.821877	0	0
588.871881	0	0
588.921886	0	0
588.971891	0	0
589.021896	0	0
589.071901	0	0
589.121906	0	0
589.171911	0	0
589.221916	0	0
589.271921	0	0
589.321926	0	0
589.371932	0	0
589.421937	0	0
589.471941	0	0
589.521946	0	0
589.571951	0	0
589.621956	0	0
589.671961	0	0
589.721966	0	0
589.771971	0	0
589.821976	0	0
589.871981	0	0
589.921986	0	0
589.971992	0	0
590.021996	0	0
590.072001	0	0
590.122006	0	0
590.172011	0	0
590.222016	0	0
590.272021	0	0
590.322026	0	0
590.372031	0	0
590.422036	0	0
590.472041	0	0
590.522046	0	0
590.572052	0	0
590.622056	0	0
590.672061	0	0
590.722066	0	0
590.772071	0	0
590.822076	0	0
590.872081	0	0
590.922086	0	0
590.972091	0	0
591.022096	0	0
591.072101	0	0
591.122107	0	0
591.172112	0	0
591.222116	0	0
591.272121	0	0
591.322126	0	0
591.372131	0	0
591.422136	0	0
591.472141	0	0
591.522146	0	0
591.572151	0	0
591.622156	0	0
591.672161	0	0
591.722167	0	0
591.772171	0	0
591.822176	0	0
591.872181	0	0
591.922186	0	0
591.972191	0	0
592.022196	0	0
592.072201	0	0
592.122206	0	0
592.172211	0	0
592.222216	0	0
592.272221	0	0
592.322227	0	0
592.372231	0	0
592.422236	0	0
592.472241	0	0
592.522246	0	0
592.572251	0	0
592.622256	0	0
592.672261	0	0
592.722266	0	0
592.772271	0	0
592.822276	0	0
592.872282	0	0
592.922287	0	0
592.972291	0	0
593.022296	0	0
593.072301	0	0
593.122306	0	0
593.172311	0	0
593.222316	0	0
593.272321	0	0
593.322326	0	0
593.372331	0	0
593.422336	0	0
593.472342	0	0
593.522346	0	0
593.572351	0	0
593.622356	0	0
593.672361	0	0
593.722366	0	0
593.772371	0	0
593.822376	0	0
593.872381	0	0
593.922386	0	0
593.972391	0	0
594.022396	0	0
594.072402	0	0
594.122406	0	0
594.172411	0	0
594.222416	0	0
594.272421	0	0
594.322426	0	0
594.372431	0	0
594.422436	0	0
594.472441	0	0
594.522446	0	0
594.572451	0	0
594.622457	0	0
594.672462	0	0
594.722466	0	0
594.772471	0	0
594.822476	0	0
594.872481	0	0
594.922486	0	0
594.972491	0	0
595.022496	0	0
595.072501	0	0
595.122506	0	0
595.172511	0	0
595.222517	0	0
595.272521	0	0
595.322526	0	0
595.372531	0	0
595.422536	0	0
595.472541	0	0
595.522546	0	0
595.572551	0	0
595.622556	0	0
595.672561	0	0
595.722566	0	0
595.772571	0	0
595.822577	0	0
595.872581	0	0
596.080602	0	0
596.122606	0	0
596.177612	0	0
596.222616	0	0
596.272621	0	0
596.322626	0	0
596.372632	0	0
596.422637	0	0
596.472641	0	0
596.522646	0	0
596.572651	0	0
596.622656	0	0
596.672661	0	0
596.722666	0	0
596.772671	0	0
596.822676	0	0
596.872681	0	0
596.922686	0	0
596.972692	0	0
597.022696	0	0
597.072701	0	0
597.122706	0	0
597.172711	0	0
597.222716	0	0
597.272721	0	0
597.322726	0	0
597.372731	0	0
597.422736	0	0
597.472741	0	0
597.522746	0	0
597.572752	0	0
597.622756	0	0
597.672761	0	0
597.722766	0	0
597.772771	0	0
597.822776	0	0
597.872781	0	0
597.922786	0	0
597.972791	0	0
598.022796	0	0
598.072801	0	0
598.122807	0	0
598.172812	0	0
598.222816	0	0
598.272821	0	0
598.322826	0	0
598.372831	0	0
598.422836	0	0
598.472841	0	0
598.522846	0	0
598.572851	0	0
598.622856	0	0
598.672861	0	0
598.722867	0	0
598.772871	0	0
598.822876	0	0
598.872881	0	0
598.922886	0	0
598.972891	0	0
599.022896	0	0
599.072901	0	0
599.122906	0	0
599.172911	0	0
599.222916	0	0
599.272921	0	0
599.322927	0	0
599.372931	0	0
599.422936	0	0
599.472941	0	0
599.522946	0	0
599.572951	0	0
599.622956	0	0
599.672961	0	0
599.754970	0	0
599.772971	0	0
599.822976	0	0
599.872982	0	0
599.922987	0	0
599.972991	0	0
600.022996	0	0
600.073001	0	0
600.123006	0	0
600.173011	0	0
600.223016	0	0
600.273021	0	0
600.323026	0	0
600.373031	0	0
600.423036	0	0
600.473042	0	0
600.523046	0	0
600.573051	0	0
600.623056	0	0
600.673061	0	0
600.723066	0	0
600.773071	0	0
600.823076	0	0
600.873081	0	0
600.923086	0	0
600.973091	0	0
601.023096	0	0
601.073102	0	0
601.123106	0	0
601.173111	0	0
601.223116	0	0
601.273121	0	0
601.323126	0	0
601.373131	0	0
601.423136	0	0
601.473141	0	0
601.523146	0	0
601.573151	0	0
601.623157	0	0
601.673162	0	0
601.723166	0	0
601.773171	0	0
601.823176	0	0
601.873181	0	0
601.923186	0	0
601.973191	0	0
602.023196	0	0
602.073201	0	0
602.123206	0	0
602.173211	0	0
602.223217	0	0
602.273221	0	0
602.323226	0	0
602.373231	0	0
602.423236	0	0
602.473241	0	0
602.523246	0	0
602.573251	0	0
602.623256	0	0
602.673261	0	0
602.723266	0	0
602.773271	0	0
602.823277	0	0
602.873281	0	0
602.923286	0	0
602.973291	0	0
603.023296	0	0
603.073301	0	0
603.123306	0	0
603.173311	0	0
603.223316	0	0
603.273321	0	0
603.323326	0	0
603.373332	0	0
603.423337	0	0
603.473341	0	0
603.523346	0	0
603.573351	0	0
603.623356	0	0
603.673361	0	0
603.723366	0	0
603.773371	0	0
603.823376	0	0
603.873381	0	0
603.923386	0	0
603.973392	0	0
604.023396	0	0
604.073401	0	0
604.123406	0	0
604.173411	0	0
604.223416	0	0
604.273421	0	0
604.323426	0	0
604.373431	0	0
604.423436	0	0
604.473441	0	0
604.523446	0	0
604.573452	0	0
604.623456	0	0
604.673461	0	0
604.723466	0	0
604.773471	0	0
604.823476	0	0
604.873481	0	0
604.923486	0	0
604.973491	0	0
605.023496	0	0
605.073501	0	0
605.123507	0	0
605.173512	0	0
605.223516	0	0
605.273521	0	0
605.323526	0	0
605.373531	0	0
605.423536	0	0
605.473541	0	0
605.523546	0	0
605.573551	0	0
605.623556	0	0
605.673561	0	0
605.723567	0	0
605.773571	0	0
605.823576	0	0
605.873581	0	0
605.923586	0	0
605.973591	0	0
606.023596	0	0
606.073601	0	0
606.123606	0	0
606.173611	0	0
606.222616	0	0
606.272621	0	0
606.322626	0	0
606.372631	0	0
606.422636	0	0
606.472641	0	0
606.522646	0	0
606.572651	0	0
606.622656	0	0
606.672661	0	0
606.722666	0	0
606.772671	0	0
606.822676	0	0
606.872681	0	0
606.922686	0	0
606.972691	0	0
607.022696	0	0
607.072701	0	0
607.122706	0	0
607.172711	0	0
607.222716	0	0
607.272721	0	0
607.322726	0	0
607.372731	0	0
607.422736	0	0
607.472741	0	0
607.522746	0	0
607.572751	0	0
607.622756	0	0
607.672761	0	0
607.722766	0	0
607.772771	0	0
607.822776	0	0
607.872781	0	0
607.922786	0	0
607.972791	0	0
608.022796	0	0
608.072801	0	0
608.122806	0	0
608.172811	0	0
608.222816	0	0
608.272821	0	0
608.322826	0	0
608.372831	0	0
608.422836	0	0
608.472841	0	0
608.522846	0	0
608.572851	0	0
608.622856	0	0
608.672861	0	0
608.722866	0	0
608.772871	0	0
608.822876	0	0
608.872881	0	0
608.922886	0	0
608.972891	0	0
609.022896	0	0
609.072901	0	0
609.122906	0	0
609.172911	0	0
609.222916	0	0
609.272921	0	0
609.322926	0	0
609.372931	0	0
609.422936	0	0
609.472941	0	0
609.522946	0	0
609.572951	0	0
609.622956	0	0
609.672961	0	0
609.722966	0	0
609.772971	0	0
609.822976	0	0
609.872981	0	0
609.922986	0	0
609.972991	0	0
610.022996	0	0
610.073001	0	0
610.123006	0	0
610.173011	0	0
610.223016	0	0
610.273021	0	0
610.323026	0	0
610.373031	0	0
610.423036	0	0
610.473041	0	0
610.523046	0	0
610.573051	0	0
610.623056	0	0
610.673061	0	0
610.723066	0	0
610.773071	0	0
610.823076	0	0
610.873081	0	0
610.923086	0	0
610.973091	0	0
611.023096	0	0
611.073101	0	0
611.123106	0	0
611.173111	0	0
611.223116	0	0
611.273121	0	0
611.323126	0	0
611.373131	0	0
611.423136	0	0
611.473141	0	0
611.523146	0	0
611.573151	0	0
611.623156	0	0
611.673161	0	0
611.723166	0	0
611.773171	0	0
611.823176	0	0
611.873181	0	0
611.923186	0	0
611.973191	0	0
612.023196	0	0
612.073201	0	0
612.123206	0	0
612.173211	0	0
612.223216	0	0
612.273221	0	0
612.323226	0	0
612.373231	0	0
612.423236	0	0
612.473241	0	0
612.523246	0	0
612.573251	0	0
612.623256	0	0
612.673261	0	0
612.723266	0	0
612.773271	0	0
612.823276	0	0
612.873281	0	0
612.923286	0	0
612.973291	0	0
613.023296	0	0
613.073301	0	0
613.123306	0	0
613.173311	0	0
613.223316	0	0
613.273321	0	0
613.323326	0	0
613.373331	0	0
613.423336	0	0
613.473341	0	0
613.523346	0	0
613.573351	0	0
613.623356	0	0
613.673361	0	0
613.723366	0	0
613.773371	0	0
613.823376	0	0
613.873381	0	0
613.923386	0	0
613.973391	0	0
614.023396	0	0
614.073401	0	0
614.123406	0	0
614.173411	0	0
614.223416	0	0
614.273421	0	0
614.323426	0	0
614.373431	0	0
614.423436	0	0
614.473441	0	0
614.523446	0	0
614.573451	0	0
614.623456	0	0
614.673461	0	0
614.723466	0	0
614.773471	0	0
614.823476	0	0
614.873481	0	0
614.923486	0	0
614.973491	0	0
615.023496	0	0
615.073501	0	0
615.123506	0	0
615.173511	0	0
615.223516	0	0
615.273521	0	0
615.323526	0	0
615.373531	0	0
615.423536	0	0
615.473541	0	0
615.523546	0	0
615.573551	0	0
615.623556	0	0
615.673561	0	0
615.723566	0	0
615.773571	0	0
615.823576	0	0
615.873581	0	0
615.923586	0	0
615.973591	0	0
616.023596	0	0
616.073601	0	0
616.123606	0	0
616.173611	0	0
616.223616	0	0
616.273621	0	0
616.323626	0	0
616.373631	0	0
616.423636	0	0
616.473641	0	0
616.523646	0	0
616.573651	0	0
616.623656	0	0
616.673661	0	0
616.723666	0	0
616.773671	0	0
616.823676	0	0
616.873681	0	0
616.923686	0	0
616.973691	0	0
617.023696	0	0
617.073701	0	0
617.123706	0	0
617.173711	0	0
617.223716	0	0
617.273721	0	0
617.323726	0	0
617.373731	0	0
617.423736	0	0
617.473741	0	0
617.523746	0	0
617.573751	0	0
617.623756	0	0
617.673761	0	0
617.723766	0	0
617.773771	0	0
617.823776	0	0
617.873781	0	0
617.923786	0	0
617.973791	0	0
618.023796	0	0
618.073801	0	0
618.123806	0	0
618.173811	0	0
618.223816	0	0
618.273821	0	0
618.323826	0	0
618.373831	0	0
618.423836	0	0
618.473841	0	0
618.523846	0	0
618.573851	0	0
618.623856	0	0
618.673861	0	0
618.723866	0	0
618.773871	0	0
618.823876	0	0
618.873881	0	0
618.923886	0	0
618.973891	0	0
619.023896	0	0
619.073901	0	0
619.123906	0	0
619.173911	0	0
619.223916	0	0
619.273921	0	0
619.323926	0	0
619.373931	0	0
619.423936	0	0
619.473941	0	0
619.523946	0	0
619.573951	0	0
619.623956	0	0
619.673961	0	0
619.723966	0	0
619.773971	0	0
619.823976	0	0
619.873981	0	0
619.923986	0	0
619.973991	0	0
620.023996	0	0
620.074001	0	8
620.124006	0	40
620.174011	0	96
620.257020	0	196
620.274021	0	204
620.324026	0	204
620.374031	0	204
620.424036	0	204
620.474041	0	204
620.524046	0	204
620.574051	0	204
620.624056	0	204
620.674061	0	204
620.724066	0	204
620.774071	0	204
620.824076	0	204
620.874081	0	204
620.924086	0	204
620.974091	0	204
621.024096	0	204
621.074101	0	204
621.124106	0	204
621.174111	0	204
621.224116	0	204
621.274121	0	204
621.324126	0	204
621.374131	0	204
621.424136	0	204
621.474141	0	204
621.524146	0	204
621.574151	0	204
621.624156	0	204
621.674161	0	204
621.724166	0	204
621.774171	0	204
621.824176	0	204
621.874181	0	204
621.924186	0	204
621.974191	0	204
622.024196	0	204
622.074201	0	204
622.124206	0	204
622.174211	0	204
622.224216	0	204
622.274221	0	204
622.324226	0	204
622.374231	0	204
622.424236	0	204
622.474241	0	204
622.524246	0	204
622.574251	0	204
622.625257	0	204
622.674261	0	204
622.724266	0	204
622.774271	0	204
622.824276	0	204
622.874281	0	204
622.924286	0	204
622.974291	0	204
623.024296	0	204
623.074301	0	204
623.124306	0	204
623.174311	0	204
623.224316	0	204
623.274321	0	204
623.324326	0	204
623.374331	0	204
623.424336	0	204
623.474341	0	204
623.524346	0	204
623.574351	0	204
623.624356	0	204
623.674361	0	204
623.723366	0	204
623.773371	0	204
623.823376	0	204
623.873381	0	204
623.923386	0	204
623.973391	0	204
624.023396	0	204
624.073401	0	204
624.123406	0	204
624.173411	0	204
624.223416	0	204
624.273421	0	204
624.323426	0	204
624.373431	0	204
624.423436	0	204
624.473441	0	204
624.523446	0	204
624.573451	0	204
624.623456	0	204
624.673461	0	204
624.723466	0	204
624.773471	0	204
624.823476	0	204
624.873481	0	204
624.923486	0	204
624.973491	0	204
625.023496	0	204
625.073501	0	204
625.123506	0	204
625.173511	0	204
625.223516	0	204
625.273521	0	204
625.323526	0	204
625.373531	0	204
625.423536	0	204
625.473541	0	204
625.523546	0	204
625.573551	0	204
625.623556	0	204
625.673561	0	204
625.723566	0	204
625.773571	0	204
625.823576	0	204
625.873581	0	204
625.923586	0	204
625.973591	0	204
626.023596	0	204
626.073601	0	204
626.123606	0	204
626.173611	0	204
626.223616	0	204
626.273621	0	204
626.323626	0	204
626.373631	0	204
626.423636	0	204
626.473641	0	204
626.523646	0	204
626.573651	0	204
626.628656	0	204
626.679662	0	204
626.723666	0	204
626.773671	0	204
626.823676	0	204
626.873681	0	204
626.923686	0	204
626.973691	0	204
627.023696	0	204
627.073701	0	204
627.123706	0	204
627.173711	0	204
627.223716	0	204
627.273721	0	204
627.323726	0	204
627.373731	0	204
627.423736	0	204
627.473741	0	204
627.523746	0	204
627.573751	0	204
627.623756	0	204
627.673761	0	204
627.723766	0	204
627.773771	0	204
627.823776	0	204
627.873781	0	204
627.923786	0	204
627.973791	0	204
628.023796	0	204
628.073801	0	204
628.123806	0	204
628.173811	0	204
628.223816	0	204
628.273821	0	204
628.323826	0	204
628.373831	0	204
628.423836	0	204
628.473841	0	204
628.523846	0	204
628.573851	0	204
628.623856	0	204
628.673861	0	204
628.723866	0	204
628.773871	0	204
628.823876	0	204
628.873881	0	204
628.923886	0	204
628.973891	0	204
629.050899	0	204
629.097904	0	204
629.123906	0	204
629.190913	0	204
629.223916	0	204
629.285923	0	204
629.323926	0	204
629.373931	0	204
629.423936	0	204
629.473941	0	204
629.523946	0	204
629.573951	0	204
629.623956	0	204
629.673961	0	204
629.723966	0	204
629.773971	0	204
629.823976	0	204
629.873981	0	204
629.923986	0	204
629.973991	0	204
630.023996	0	204
630.074001	0	204
630.124006	0	204
630.174011	0	204
630.224016	0	204
630.274021	0	204
630.325026	0	204
630.374031	0	204
630.424036	0	204
630.474041	0	204
630.524046	0	204
630.574051	0	204
630.624056	0	204
630.674061	0	204
630.724066	0	204
630.774071	0	204
630.824076	0	204
630.874081	0	204
630.924086	0	204
630.974091	0	204
631.024096	0	204
631.074101	0	204
631.124106	0	204
631.174111	0	204
631.224116	0	204
631.274121	0	204
631.324126	0	204
631.374131	0	204
631.424136	0	204
631.474141	0	204
631.524146	0	204
631.574151	0	204
631.624156	0	204
631.674161	0	204
631.724166	0	204
631.774171	0	204
631.824176	0	204
631.874181	0	204
631.924186	0	204
631.974191	0	204
632.024196	0	204
632.074201	0	204
632.124206	0	204
632.174211	0	204
632.224216	0	204
632.274221	0	204
632.324226	0	204
632.374231	0	204
632.424236	0	204
632.474241	0	204
632.524246	0	204
632.574251	0	204
632.624256	0	204
632.674261	0	204
632.724266	0	204
632.774271	0	204
632.824276	0	204
632.874281	0	204
632.924286	0	204
632.974291	0	204
633.027297	0	204
633.074301	0	204
633.124306	0	204
633.174311	0	204
633.224316	0	204
633.274321	0	204
633.324326	0	204
633.374331	0	204
633.424336	0	204
633.474341	0	204
633.524346	0	204
633.574351	0	204
633.624356	0	204
633.674361	0	204
633.724366	0	204
633.774371	0	204
633.824376	0	204
633.874381	0	204
633.924386	0	204
633.974391	0	204
634.024396	0	204
634.074401	0	204
634.124406	0	204
634.174411	0	204
634.224416	0	204
634.274421	0	204
634.324426	0	204
634.374431	0	204
634.424436	0	204
634.474441	0	204
634.524446	0	204
634.574451	0	204
634.624456	0	204
634.674461	0	204
634.724466	0	204
634.774471	0	204
634.824476	0	204
634.874481	0	204
634.924486	0	204
634.974491	0	204
635.024496	0	204
635.074501	0	204
635.124506	0	204
635.174511	0	204
635.224516	0	204
635.274521	0	204
635.324526	0	204
635.374531	0	204
635.424536	0	204
635.474541	0	204
635.524546	0	204
635.574551	0	204
635.624556	0	204
635.674561	0	204
635.724566	0	204
635.774571	0	204
635.824576	0	204
635.874581	0	204
635.924586	0	204
635.974591	0	204
636.024596	0	204
636.074601	0	204
636.124606	0	204
636.174611	0	204
636.224616	0	204
636.274621	0	204
636.324626	0	204
636.374631	0	204
636.424636	0	204
636.474641	0	204
636.524646	0	204
636.574651	0	204
636.624656	0	204
636.674661	0	204
636.724666	0	204
636.774671	0	204
636.824676	0	204
636.874681	0	204
636.924686	0	204
636.974691	0	204
637.024696	0	204
637.074701	0	204
637.124706	0	204
637.174711	0	204
637.224716	0	204
637.274721	0	204
637.324726	0	204
637.374731	0	204
637.424736	0	204
637.474741	0	204
637.524746	0	204
637.574751	0	204
637.624756	0	204
637.674761	0	204
637.724766	0	204
637.774771	0	204
637.824776	0	204
637.874781	0	204
637.924786	0	204
637.974791	0	204
638.024796	0	204
638.074801	0	204
638.124806	0	204
638.174811	0	204
638.224816	0	204
638.274821	0	204
638.324826	0	204
638.374831	0	204
638.424836	0	204
638.474841	0	204
638.524846	0	204
638.574851	0	204
638.624856	0	204
638.674861	0	204
638.724866	0	204
638.774871	0	204
638.824876	0	204
638.874881	0	204
638.924886	0	204
638.974891	0	204
639.024896	0	204
639.074901	0	204
639.124906	0	204
639.174911	0	204
639.224916	0	204
639.274921	0	204
639.324926	0	204
639.374931	0	204
639.428936	0	204
639.478941	0	204
639.524946	0	204
639.574951	0	204
639.624956	0	204
639.674961	0	204
639.724966	0	204
639.774971	0	204
639.824976	0	204
639.874981	0	204
639.924986	0	204
639.974991	0	204
640.024996	0	204
640.075001	0	204
640.125006	0	204
640.175011	0	204
640.225016	0	204
640.275021	0	204
640.325026	0	204
640.375031	0	204
640.425036	0	204
640.475041	0	204
640.525046	0	204
640.575051	0	204
640.625056	0	204
640.675061	0	204
640.725066	0	204
640.775071	0	204
640.825076	0	204
640.875081	0	204
640.925086	0	204
640.975091	0	204
641.025096	0	204
641.075101	0	204
641.125106	0	204
641.174111	0	204
641.224116	0	204
641.274121	0	204
641.324126	0	204
641.374131	0	204
641.424136	0	204
641.474141	0	204
641.524146	0	204
641.574151	0	204
641.624156	0	204
641.674161	0	204
641.724166	0	204
641.774171	0	204
641.824176	0	204
641.874181	0	204
641.924186	0	204
641.974191	0	204
642.024196	0	204
642.074201	0	204
642.124206	0	204
642.174211	0	204
642.224216	0	204
642.274221	0	204
642.324226	0	204
642.374231	0	204
642.424236	0	204
642.474241	0	204
642.524246	0	204
642.574251	0	204
642.624256	0	204
642.674261	0	204
642.724266	0	204
642.774271	0	204
642.824276	0	204
642.874281	0	204
642.924286	0	204
642.974291	0	204
643.024296	0	204
643.074301	0	204
643.124306	0	204
643.174311	0	204
643.224316	0	204
643.274321	0	204
643.324326	0	204
643.374331	0	204
643.424336	0	204
643.474341	0	204
643.524346	0	204
643.574351	0	204
643.624356	0	204
643.674361	0	204
643.724366	0	204
643.774371	0	204
643.824376	0	204
643.874381	0	204
643.924386	0	204
643.974391	0	204
644.024396	0	204
644.074401	0	204
644.124406	0	204
644.174411	0	204
644.224416	0	204
644.274421	0	204
644.324426	0	204
644.374431	0	204
644.424436	0	204
644.474441	0	204
644.524446	0	204
644.574451	0	204
644.624456	0	204
644.674461	0	204
644.724466	0	204
644.774471	0	204
644.824476	0	204
644.874481	0	204
644.924486	0	204
644.974491	0	204
645.024496	0	204
645.074501	0	204
645.124506	0	204
645.174511	0	204
645.224516	0	204
645.274521	0	204
645.324526	0	204
645.374531	0	204
645.424536	0	204
645.474541	0	204
645.524546	0	204
645.574551	0	204
645.624556	0	204
645.674561	0	204
645.724566	0	204
645.774571	0	204
645.827576	0	204
645.882582	0	204
645.924586	0	204
645.974591	0	204
646.024596	0	204
646.074601	0	204
646.124606	0	204
646.174611	0	204
646.224616	0	204
646.274621	0	204
646.324626	0	204
646.374631	0	204
646.424636	0	204
646.474641	0	204
646.524646	0	204
646.574651	0	204
646.624656	0	204
646.674661	0	204
646.724666	0	204
646.774671	0	204
646.824676	0	204
646.874681	0	204
646.924686	0	204
646.974691	0	204
647.024696	0	204
647.074701	0	204
647.124706	0	204
647.174711	0	204
647.224716	0	204
647.274721	0	204
647.324726	0	204
647.374731	0	204
647.424736	0	204
647.474741	0	204
647.524746	0	204
647.574751	0	204
647.624756	0	204
647.674761	0	204
647.724766	0	204
647.774771	0	204
647.824776	0	204
647.874781	0	204
647.924786	0	204
647.974791	0	204
648.024796	0	204
648.074801	0	204
648.124806	0	204
648.174811	0	204
648.224816	0	204
648.274821	0	204
648.324826	0	204
648.374831	0	204
648.424836	0	204
648.474841	0	204
648.524846	0	204
648.574851	0	204
648.624856	0	204
648.674861	0	204
648.724866	0	204
648.774871	0	204
648.824876	0	204
648.874881	0	204
648.924886	0	204
648.974891	0	204
649.024896	0	204
649.074901	0	204
649.124906	0	204
649.174911	0	204
649.224916	0	204
649.274921	0	204
649.324926	0	204
649.374931	0	204
649.424936	0	204
649.474941	0	204
649.524946	0	204
649.574951	0	204
649.624956	0	204
649.674961	0	204
649.724966	0	204
649.774971	0	204
649.824976	0	204
649.874981	0	204
649.924986	0	204
649.974991	0	204
650.024996	0	204
650.075001	0	204
650.125006	0	204
650.175011	0	204
650.225016	0	204
650.275021	0	204
650.325026	0	204
650.375031	0	204
650.425036	0	204
650.475041	0	204
650.525046	0	204
650.575051	0	204
650.625056	0	204
650.675061	0	204
650.725066	0	204
650.775071	0	204
650.825076	0	204
650.875081	0	204
650.925086	0	204
650.975091	0	204
651.025096	0	204
651.075101	0	204
651.125106	0	204
651.175111	0	204
651.225116	0	204
651.275121	0	204
651.325126	0	204
651.375131	0	204
651.425136	0	204
651.475141	0	204
651.525146	0	204
651.575151	0	204
651.625156	0	204
651.675161	0	204
651.725166	0	204
651.775171	0	204
651.825176	0	204
651.875181	0	204
651.925186	0	204
651.975191	0	204
652.025196	0	204
652.075201	0	204
652.125206	0	204
652.175211	0	204
652.226216	0	204
652.275221	0	204
652.325226	0	204
652.375231	0	204
652.425236	0	204
652.475241	0	204
652.525246	0	204
652.575251	0	204
652.625256	0	204
652.675261	0	204
652.725266	0	204
652.775271	0	204
652.825276	0	204
652.875281	0	204
652.925286	0	204
652.975291	0	204
653.025296	0	204
653.075301	0	204
653.125306	0	204
653.175311	0	204
653.225316	0	204
653.275321	0	204
653.325326	0	204
653.375331	0	204
653.425336	0	204
653.475341	0	204
653.525346	0	204
653.575351	0	204
653.625356	0	204
653.675361	0	204
653.725366	0	204
653.775371	0	204
653.825376	0	204
653.875381	0	204
653.925386	0	204
653.975391	0	204
654.025396	0	204
654.075401	0	204
654.125406	0	204
654.175411	0	204
654.225416	0	204
654.275421	0	204
654.325426	0	204
654.375431	0	204
654.425436	0	204
654.475441	0	204
654.525446	0	204
654.575451	0	204
654.625456	0	204
654.675461	0	204
654.725466	0	204
654.775471	0	204
654.825476	0	204
654.875481	0	204
654.925486	0	204
654.975491	0	204
655.025496	0	204
655.075501	0	204
655.125506	0	204
655.175511	0	204
655.225516	0	204
655.275521	0	204
655.325526	0	204
655.375531	0	204
655.425536	0	204
655.475541	0	204
655.525546	0	204
655.575551	0	204
655.625556	0	204
655.675561	0	204
655.725566	0	204
655.775571	0	204
655.825576	0	204
655.875581	0	204
655.925586	0	204
655.975591	0	204
656.025596	0	204
656.075601	0	204
656.125606	0	204
656.175611	0	204
656.225616	0	204
656.275621	0	204
656.325626	0	204
656.375631	0	204
656.425636	0	204
656.475641	0	204
656.560649	0	204
656.575651	0	204
656.625656	0	204
656.675661	0	204
656.725666	0	204
656.775671	0	204
656.825676	0	204
656.875681	0	204
656.925686	0	204
656.975691	0	204
657.025696	0	204
657.075701	0	204
657.125706	0	204
657.175711	0	204
657.225716	0	204
657.275721	0	204
657.325726	0	204
657.375731	0	204
657.425736	0	204
657.475741	0	204
657.525746	0	204
657.575751	0	204
657.625756	0	204
657.675761	0	204
657.725766	0	204
657.775771	0	204
657.825776	0	204
657.875781	0	204
657.925786	0	204
657.975791	0	204
658.025796	0	204
658.075801	0	204
658.125806	0	204
658.175811	0	204
658.225816	0	204
658.275821	0	204
658.325826	0	204
658.375831	0	204
658.425836	0	204
658.475841	0	204
658.525846	0	204
658.575851	0	204
658.626856	0	204
658.674861	0	204
658.724866	0	204
658.774871	0	204
658.824876	0	204
658.874881	0	204
658.924886	0	204
658.974891	0	204
659.024896	0	204
659.074901	0	204
659.124906	0	204
659.174911	0	204
659.224916	0	204
659.274921	0	204
659.324926	0	204
659.374931	0	204
659.424936	0	204
659.474941	0	204
659.524946	0	204
659.574951	0	204
659.624956	0	204
659.674961	0	204
659.724966	0	204
659.774971	0	204
659.824976	0	204
659.874981	0	204
659.924986	0	204
659.974991	0	204
660.024996	0	204
660.075001	0	204
660.125006	0	204
660.175011	0	204
660.225016	0	204
660.275021	0	204
660.325026	0	204
660.375031	0	204
660.425036	0	204
660.475041	0	204
660.525046	0	204
660.575051	0	204
660.625056	0	204
660.675061	0	204
660.725066	0	204
660.775071	0	204
660.825076	0	204
660.875081	0	204
660.925086	0	204
660.975091	0	204
661.025096	0	204
661.075101	0	204
661.125106	0	204
661.175111	0	204
661.225116	0	204
661.275121	0	204
661.325126	0	204
661.375131	0	204
661.425136	0	204
661.475141	0	204
661.525146	0	204
661.575151	0	204
661.625156	0	204
661.675161	0	204
661.725166	0	204
661.775171	0	204
661.825176	0	204
661.875181	0	204
661.925186	0	204
661.975191	0	204
662.025196	0	204
662.075201	0	204
662.125206	0	204
662.175211	0	204
662.225216	0	204
662.275221	0	204
662.325226	0	204
662.375231	0	204
662.425236	0	204
662.475241	0	204
662.525246	0	204
662.575251	0	204
662.625256	0	204
662.675261	0	204
662.725266	0	204
662.775271	0	204
662.825276	0	204
662.875281	0	204
662.925286	0	204
662.975291	0	204
663.025296	0	204
663.075301	0	204
663.125306	0	204
663.175311	0	204
663.225316	0	204
663.275321	0	204
663.325326	0	204
663.375331	0	204
663.425336	0	204
663.475341	0	204
663.525346	0	204
663.575351	0	204
663.625356	0	204
663.675361	0	204
663.725366	0	204
663.775371	0	204
663.825376	0	204
663.875381	0	204
663.925386	0	204
663.975391	0	204
664.025396	0	204
664.075401	0	204
664.125406	0	204
664.175411	0	204
664.225416	0	204
664.275421	0	204
664.325426	0	204
664.375431	0	204
664.425436	0	204
664.475441	0	204
664.525446	0	204
664.575451	0	204
664.625456	0	204
664.675461	0	204
664.725466	0	204
664.775471	0	204
664.825476	0	204
664.875481	0	204
664.925486	0	204
664.975491	0	204
665.025496	0	204
665.075501	0	204
665.125506	0	204
665.175511	0	204
665.225516	0	204
665.275521	0	204
665.325526	0	204
665.375531	0	204
665.425536	0	204
665.475541	0	204
665.525546	0	204
665.575551	0	204
665.625556	0	204
665.675561	0	204
665.725566	0	204
665.775571	0	204
665.825576	0	204
665.875581	0	204
665.925586	0	204
665.975591	0	204
666.025596	0	204
666.075601	0	204
666.125606	0	204
666.175611	0	204
666.225616	0	204
666.275621	0	204
666.325626	0	204
666.375631	0	204
666.425636	0	204
666.475641	0	204
666.525646	0	204
666.575651	0	204
666.625656	0	204
666.675661	0	204
666.725666	0	204
666.775671	0	204
666.825676	0	204
666.875681	0	204
666.925686	0	204
666.975691	0	204
667.025696	0	204
667.075701	0	204
667.125706	0	204
667.175711	0	204
667.225716	0	204
667.275721	0	204
667.325726	0	204
667.375731	0	204
667.425736	0	204
667.475741	0	204
667.525746	0	204
667.575751	0	204
667.625756	0	204
667.675761	0	204
667.725766	0	204
667.775771	0	204
667.825776	0	204
667.875781	0	204
667.925786	0	204
667.975791	0	204
668.025796	0	204
668.075801	0	204
668.125806	0	204
668.175811	0	204
668.225816	0	204
668.275821	0	204
668.325826	0	204
668.375831	0	204
668.425836	0	204
668.475841	0	204
668.525846	0	204
668.575851	0	204
668.625856	0	204
668.675861	0	204
668.725866	0	204
668.775871	0	204
668.825876	0	204
668.875881	0	204
668.925886	0	204
668.975891	0	204
669.025896	0	204
669.075901	0	204
669.125906	0	204
669.175911	0	204
669.225916	0	204
669.275921	0	204
669.325926	0	204
669.375931	0	204
669.425936	0	204
669.475941	0	204
669.525946	0	204
669.575951	0	204
669.625956	0	204
669.675961	0	204
669.725966	0	204
669.775971	0	204
669.825976	0	204
669.875981	0	204
669.925986	0	204
669.975991	0	204
670.025996	0	204
670.076001	0	204
670.126006	0	204
670.176011	0	204
670.226016	0	204
670.276021	0	204
670.326026	0	204
670.376031	0	204
670.426036	0	204
670.476041	0	204
670.526046	0	204
670.576051	0	204
670.626056	0	204
670.676061	0	204
670.726066	0	204
670.776071	0	204
670.826076	0	204
670.876081	0	204
670.926086	0	204
670.976091	0	204
671.026096	0	204
671.076101	0	204
671.126106	0	204
671.176111	0	204
671.226116	0	204
671.276121	0	204
671.326126	0	204
671.376131	0	204
671.429136	0	204
671.482141	0	204
671.526146	0	204
671.576151	0	204
671.626156	0	204
671.676161	0	204
671.726166	0	204
671.776171	0	204
671.826176	0	204
671.876181	0	204
671.926186	0	204
671.976191	0	204
672.026196	0	204
672.076201	0	204
672.126206	0	204
672.176211	0	204
672.226216	0	204
672.276221	0	204
672.326226	0	204
672.376231	0	204
672.426236	0	204
672.476241	0	204
672.526246	0	204
672.576251	0	204
672.626256	0	204
672.676261	0	204
672.726266	0	204
672.778271	0	204
672.827276	0	204
672.876281	0	204
672.926286	0	204
672.976291	0	204
673.026296	0	204
673.076301	0	204
673.126306	0	204
673.176311	0	204
673.226316	0	204
673.276321	0	204
673.326326	0	204
673.376331	0	204
673.426336	0	204
673.476341	0	204
673.526346	0	204
673.576351	0	204
673.626356	0	204
673.676361	0	204
673.726366	0	204
673.776371	0	204
673.854379	0	204
673.901383	0	204
673.926386	0	204
673.976391	0	204
674.026396	0	204
674.076401	0	204
674.126406	0	204
674.176411	0	204
674.226416	0	204
674.276421	0	204
674.326426	0	204
674.376431	0	204
674.426436	0	204
674.476441	0	204
674.526446	0	204
674.576451	0	204
674.626456	0	204
674.676461	0	204
674.726466	0	204
674.776471	0	204
674.826476	0	204
674.876481	0	204
674.926486	0	204
674.976491	0	204
675.026496	0	204
675.076501	0	204
675.126506	0	204
675.176511	0	204
675.226516	0	204
675.276521	0	204
675.326526	0	204
675.376531	0	204
675.426536	0	204
675.476541	0	204
675.526546	0	204
675.576551	0	204
675.626556	0	204
675.676561	0	204
675.726566	0	204
675.776571	0	204
675.826576	0	204
675.876581	0	204
675.926586	0	204
675.976591	0	204
676.026596	0	204
676.076601	0	204
676.126606	0	204
676.175611	0	204
676.225616	0	204
676.275621	0	204
676.325626	0	204
676.375631	0	204
676.425636	0	204
676.475641	0	204
676.525646	0	204
676.575651	0	204
676.625656	0	204
676.675661	0	204
676.725666	0	204
676.775671	0	204
676.825676	0	204
676.875681	0	204
676.925686	0	204
676.975691	0	204
677.025696	0	204
677.075701	0	204
677.125706	0	204
677.175711	0	204
677.225716	0	204
677.275721	0	204
677.325726	0	204
677.375731	0	204
677.425736	0	204
677.475741	0	204
677.525746	0	204
677.575751	0	204
677.625756	0	204
677.675761	0	204
677.725766	0	204
677.775771	0	204
677.827776	0	204
677.883781	0	204
677.925786	0	204
677.975791	0	204
678.025796	0	204
678.075801	0	204
678.125806	0	204
678.175811	0	204
678.225816	0	204
678.275821	0	204
678.325826	0	204
678.375831	0	204
678.425836	0	204
678.475841	0	204
678.525846	0	204
678.575851	0	204
678.625856	0	204
678.675861	0	204
678.725866	0	204
678.775871	0	204
678.825876	0	204
678.875881	0	204
678.925886	0	204
678.975891	0	204
679.025896	0	204
679.075901	0	204
679.125906	0	204
679.175911	0	204
679.225916	0	204
679.275921	0	204
679.325926	0	204
679.375931	0	204
679.425936	0	204
679.475941	0	204
679.525946	0	204
679.575951	0	204
679.625956	0	204
679.675961	0	204
679.725966	0	204
679.775971	0	204
679.825976	0	204
679.875981	0	204
679.925986	0	204
679.975991	0	204
680.025996	0	204
680.076001	0	204
680.126006	0	204
680.176011	0	204
680.226016	0	204
680.276021	0	204
680.326026	0	204
680.376031	0	204
680.426036	0	204
680.476041	0	204
680.526046	0	204
680.576051	0	204
680.626056	0	204
680.676061	0	204
680.726066	0	204
680.776071	0	204
680.826076	0	204
680.876081	0	204
680.926086	0	204
680.976091	0	204
681.026096	0	204
681.076101	0	204
681.126106	0	204
681.176111	0	204
681.226116	0	204
681.276121	0	204
681.326126	0	204
681.376131	0	204
681.426136	0	204
681.476141	0	204
681.526146	0	204
681.576151	0	204
681.626156	0	204
681.676161	0	204
681.726166	0	204
681.776171	0	204
681.826176	0	204
681.876181	0	204
681.926186	0	204
681.976191	0	204
682.026196	0	204
682.076201	0	204
682.126206	0	204
682.176211	0	204
682.226216	0	204
682.276221	0	204
682.326226	0	204
682.376231	0	204
682.426236	0	204
682.476241	0	204
682.526246	0	204
682.576251	0	204
682.626256	0	204
682.676261	0	204
682.726266	0	204
682.776271	0	204
682.826276	0	204
682.876281	0	204
682.926286	0	204
682.976291	0	204
683.026296	0	204
683.076301	0	204
683.126306	0	204
683.176311	0	204
683.226316	0	204
683.276321	0	204
683.326326	0	204
683.376331	0	204
683.426336	0	204
683.476341	0	204
683.526346	0	204
683.576351	0	204
683.626356	0	204
683.676361	0	204
683.726366	0	204
683.776371	0	204
683.826376	0	204
683.876381	0	204
683.926386	0	204
683.976391	0	204
684.026396	0	204
684.076401	0	204
684.126406	0	204
684.176411	0	204
684.226416	0	204
684.276421	0	204
684.326426	0	204
684.376431	0	204
684.426436	0	204
684.476441	0	204
684.526446	0	204
684.576451	0	204
684.626456	0	204
684.676461	0	204
684.726466	0	204
684.776471	0	204
684.826476	0	204
684.876481	0	204
684.926486	0	204
684.976491	0	204
685.026496	0	204
685.076501	0	204
685.126506	0	204
685.176511	0	204
685.226516	0	204
685.276521	0	204
685.326526	0	204
685.376531	0	204
685.426536	0	204
685.476541	0	204
685.526546	0	204
685.576551	0	204
685.626556	0	204
685.676561	0	204
685.726566	0	204
685.776571	0	204
685.826576	0	204
685.876581	0	204
685.926586	0	204
685.976591	0	204
686.026596	0	204
686.076601	0	204
686.126606	0	204
686.176611	0	204
686.226616	0	204
686.276621	0	204
686.326626	0	204
686.376631	0	204
686.426636	0	204
686.476641	0	204
686.526646	0	204
686.576651	0	204
686.626656	0	204
686.676661	0	204
686.726666	0	204
686.776671	0	204
686.826676	0	204
686.876681	0	204
686.926686	0	204
686.976691	0	204
687.026696	0	204
687.076701	0	204
687.126706	0	204
687.176711	0	204
687.226716	0	204
687.276721	0	204
687.326726	0	204
687.376731	0	204
687.426736	0	204
687.476741	0	204
687.526746	0	204
687.576751	0	204
687.626756	0	204
687.676761	0	204
687.726766	0	204
687.776771	0	204
687.826776	0	204
687.876781	0	204
687.926786	0	204
687.976791	0	204
688.026796	0	204
688.076801	0	204
688.126806	0	204
688.176811	0	204
688.226816	0	204
688.276821	0	204
688.326826	0	204
688.376831	0	204
688.426836	0	204
688.476841	0	204
688.526846	0	204
688.576851	0	204
688.626856	0	204
688.676861	0	204
688.726866	0	204
688.776871	0	204
688.826876	0	204
688.876881	0	204
688.926886	0	204
688.976891	0	204
689.026896	0	204
689.076901	0	204
689.126906	0	204
689.176911	0	204
689.226916	0	204
689.276921	0	204
689.326926	0	204
689.376931	0	204
689.426936	0	204
689.476941	0	204
689.526946	0	204
689.576951	0	204
689.626956	0	204
689.676961	0	204
689.726966	0	204
689.776971	0	204
689.826976	0	204
689.876981	0	324
689.926986	0	408
689.976991	0	408
690.026996	0	424
690.077001	0	496
690.127006	0	628
690.177011	0	660
690.227016	0	684
690.277021	0	684
690.327026	0	684
690.377031	0	684
690.427036	0	684
690.477041	0	684
690.527046	0	684
690.577051	0	684
690.628056	0	684
690.677061	0	684
690.727066	0	684
690.777071	0	684
690.827076	0	684
690.877081	0	644
690.927086	0	512
690.977091	0	0
691.027096	0	0
691.077101	0	0
691.127106	0	0
691.177111	0	0
691.227116	0	0
691.277121	0	0
691.327126	0	0
691.377131	0	0
691.427136	0	0
691.477141	0	0
691.527146	0	0
691.577151	0	0
691.627156	0	0
691.677161	0	0
691.727166	0	0
691.777171	0	0
691.827176	0	0
691.877181	0	0
691.928186	0	0
691.977191	0	0
692.027196	0	0
692.077201	0	0
692.127206	0	0
692.177211	0	0
692.227216	0	0
692.277221	0	0
692.327226	0	0
692.377231	0	0
692.427236	0	0
692.477241	0	0
692.527246	0	0
692.577251	0	0
692.627256	0	0
692.677261	0	0
692.727266	0	0
692.777271	0	0
692.827276	0	0
692.877281	0	0
692.927286	0	0
692.977291	0	0
693.027296	0	0
693.077301	0	0
693.127306	0	0
693.177311	0	0
693.227316	0	0
693.277321	0	0
693.327326	0	0
693.377331	0	0
693.427336	0	0
693.477341	0	0
693.527346	0	0
693.577351	0	0
693.626356	0	0
693.676361	0	0
693.726366	0	0
693.776371	0	0
693.826375	0	0
693.876381	0	0
693.926386	0	0
693.976391	0	0
694.026396	0	0
694.076401	0	0
694.126406	0	0
694.176411	0	0
694.226416	0	0
694.276421	0	0
694.326426	0	0
694.376431	0	0
694.426436	0	0
694.476441	0	0
694.526446	0	0
694.576451	0	0
694.626456	0	0
694.676461	0	0
694.726466	0	0
694.776471	0	0
694.826476	0	0
694.876481	0	0
694.926486	0	0
694.976490	0	0
695.026496	0	0
695.076501	0	0
695.126506	0	0
695.176511	0	0
695.226516	0	0
695.276521	0	0
695.326526	0	0
695.376531	0	0
695.426536	0	0
695.476541	0	0
695.526546	0	0
695.576550	0	0
695.626556	0	0
695.676561	0	0
695.726566	0	0
695.776571	0	0
695.826576	0	0
695.876581	0	0
695.926586	0	0
695.976591	0	0
696.026596	0	0
696.076601	0	0
696.126606	0	0
696.176611	0	0
696.226616	0	0
696.276621	0	0
696.326626	0	0
696.376631	0	0
696.426636	0	0
696.476641	0	0
696.526646	0	0
696.576651	0	0
696.626656	0	0
696.676661	0	0
696.726665	0	0
696.776671	0	0
696.826676	0	0
696.876681	0	0
696.926686	0	0
696.976691	0	0
697.026696	0	0
697.076701	0	0
697.126706	0	0
697.176711	0	0
697.226716	0	0
697.276721	0	0
697.326725	0	0
697.376731	0	0
697.427736	0	0
697.476741	0	0
697.526746	0	0
697.576751	0	0
697.626756	0	0
697.676761	0	0
697.726766	0	0
697.776771	0	0
697.826776	0	0
697.876781	0	0
697.926786	0	0
697.976791	0	0
698.026796	0	0
698.076801	0	0
698.126806	0	0
698.176811	0	0
698.226816	0	0
698.276821	0	0
698.326826	0	0
698.376831	0	0
698.426836	0	0
698.476840	0	0
698.526846	0	0
698.576851	0	0
698.626856	0	0
698.676861	0	0
698.726866	0	0
698.776871	0	0
698.826876	0	0
698.876881	0	0
698.926886	0	0
698.976891	0	0
699.026896	0	0
699.076900	0	0
699.126906	0	0
699.176911	0	0
699.226916	0	0
699.276921	0	0
699.326926	0	0
699.376931	0	0
699.426936	0	0
699.476941	0	0
699.526946	0	0
699.576951	0	0
699.626956	0	0
699.676961	0	0
699.726966	0	0
699.776971	0	0
699.826976	0	0
699.876981	0	0
699.926986	0	0
699.976991	0	0
700.026996	0	0
700.077001	0	0
700.127006	0	0
700.177011	0	0
700.227015	0	0
700.277021	0	0
700.327026	0	0
700.377031	0	0
700.427036	0	0
700.477041	0	0
700.527046	0	0
700.577051	0	0
700.627056	0	0
700.677061	0	0
700.727066	0	0
700.777071	0	0
700.827075	0	0
700.877081	0	0
700.927086	0	0
700.977091	0	0
701.027096	0	0
701.077101	0	0
701.127106	0	0
701.177111	0	0
701.227116	0	0
701.277121	0	0
701.327126	0	0
701.377131	0	0
701.427136	0	0
701.477141	0	0
701.527146	0	0
701.577151	0	0
701.627156	0	0
701.677161	0	0
701.727166	0	0
701.777171	0	0
701.827176	0	0
701.877181	0	0
701.927186	0	0
701.977190	0	0
702.027196	0	0
702.077201	0	0
702.127206	0	0
702.177211	0	0
702.227216	0	0
702.277221	0	0
702.327226	0	0
702.377231	0	0
702.427236	0	0
702.477241	0	0
702.527246	0	0
702.577250	0	0
702.627256	0	0
702.677261	0	0
702.727266	0	0
702.777271	0	0
702.827276	0	0
702.877281	0	0
702.927286	0	0
702.977291	0	0
703.027296	0	0
703.077301	0	0
703.127306	0	0
703.177311	0	0
703.227316	0	0
703.277321	0	0
703.327326	0	0
703.377331	0	0
703.427336	0	0
703.477341	0	0
703.527346	0	0
703.577351	0	0
703.627356	0	0
703.677361	0	0
703.727365	0	0
703.777371	0	0
703.827376	0	0
703.877381	0	0
703.927386	0	0
703.977391	0	0
704.027396	0	0
704.077401	0	0
704.127406	0	0
704.177411	0	0
704.227416	0	0
704.277421	0	0
704.327425	0	0
704.377431	0	0
704.427436	0	0
704.477441	0	0
704.527446	0	0
704.577451	0	0
704.627456	0	0
704.677461	0	0
704.727466	0	0
704.777471	0	0
704.827476	0	0
704.877481	0	0
704.927486	0	0
704.977491	0	0
705.027496	0	0
705.077501	0	0
705.127506	0	0
705.177511	0	0
705.227516	0	0
705.277521	0	0
705.327526	0	0
705.377531	0	0
705.427536	0	0
705.477540	0	0
705.527546	0	0
705.577551	0	0
705.627556	0	0
705.677561	0	0
705.727566	0	0
705.777571	0	0
705.827576	0	0
705.877581	0	0
705.927586	0	0
705.977591	0	0
706.027596	0	0
706.077600	0	0
706.127606	0	0
706.177611	0	0
706.227616	0	0
706.277621	0	0
706.327626	0	0
706.377631	0	0
706.427636	0	0
706.477641	0	0
706.527646	0	0
706.577651	0	0
706.627656	0	0
706.677661	0	0
706.727666	0	0
706.777671	0	0
706.827676	0	0
706.877681	0	0
706.927686	0	0
706.977691	0	0
707.027696	0	0
707.077701	0	0
707.127706	0	0
707.177711	0	0
707.227715	0	0
707.277721	0	0
707.327726	0	0
707.377731	0	0
707.427736	0	0
707.477741	0	0
707.527746	0	0
707.577751	0	0
707.627756	0	0
707.677761	0	0
707.727766	0	0
707.777771	0	0
707.827775	0	0
707.877781	0	0
707.927786	0	0
707.977791	0	0
708.027796	0	0
708.077801	0	0
708.127806	0	0
708.177811	0	0
708.227816	0	0
708.277821	0	0
708.327826	0	0
708.377831	0	0
708.427836	0	0
708.477841	0	0
708.527846	0	0
708.577851	0	0
708.627856	0	0
708.677861	0	0
708.727866	0	0
708.777871	0	0
708.827876	0	0
708.877881	0	0
708.927886	0	0
708.977890	0	0
709.027896	0	0
709.077901	0	0
709.127906	0	0
709.177911	0	0
709.227916	0	0
709.277921	0	0
709.327926	0	0
709.377931	0	0
709.427936	0	0
709.477941	0	0
709.527946	0	0
709.577950	0	0
709.627956	0	0
709.677961	0	0
709.727966	0	0
709.777971	0	0
709.827976	0	0
709.877981	0	0
709.927986	0	0
709.977991	0	0
710.027996	0	0
710.078001	0	0
710.128006	0	0
710.178011	0	0
710.228016	0	0
710.278021	0	0
710.328026	0	0
710.378031	0	0
710.428036	0	0
710.478041	0	0
710.528046	0	0
710.578051	0	0
710.628056	0	0
710.678061	0	0
710.728065	0	0
710.778071	0	0
710.828076	0	0
710.878081	0	0
710.928086	0	0
710.978091	0	0
711.028096	0	0
711.078101	0	0
711.127106	0	0
711.177111	0	0
711.227116	0	0
711.277121	0	0
711.327126	0	0
711.377131	0	0
711.427135	0	0
711.477140	0	0
711.527145	0	0
711.577151	0	0
711.627156	0	0
711.677161	0	0
711.727166	0	0
711.777171	0	0
711.827176	0	0
711.877181	0	0
711.927186	0	0
711.977190	0	0
712.027195	0	0
712.077200	0	0
712.127206	0	0
712.177211	0	0
712.227216	0	0
712.277221	0	0
712.327226	0	0
712.377231	0	0
712.427236	0	0
712.477241	0	0
712.527246	0	0
712.577250	0	0
712.627255	0	0
712.677260	0	0
712.727266	0	0
712.777271	0	0
712.827276	0	0
712.877281	0	0
712.927286	0	0
712.977291	0	0
713.027296	0	0
713.077301	0	0
713.127306	0	0
713.177310	0	0
713.227315	0	0
713.277320	0	0
713.327326	0	0
713.377331	0	0
713.427336	0	0
713.477341	0	0
713.527346	0	0
713.577351	0	0
713.627356	0	0
713.677361	0	0
713.727365	0	0
713.777370	0	0
713.827375	0	0
713.877381	0	0
713.927386	0	0
713.977391	0	0
714.027396	0	0
714.077401	0	0
714.127406	0	0
714.177411	0	0
714.227416	0	0
714.277421	0	0
714.327425	0	0
714.377430	0	0
714.427435	0	0
714.477441	0	0
714.527446	0	0
714.577451	0	0
714.627456	0	0
714.677461	0	0
714.727466	0	0
714.777471	0	0
714.827476	0	0
714.877481	0	0
714.927485	0	0
714.977490	0	0
715.027495	0	0
715.077501	0	0
715.127506	0	0
715.177511	0	0
715.227516	0	0
715.277521	0	0
715.327526	0	0
715.377531	0	0
715.427536	0	0
715.477540	0	0
715.527545	0	0
715.577550	0	0
715.627556	0	0
715.677561	0	0
715.727566	0	0
715.777571	0	0
715.827576	0	0
715.877581	0	0
715.927586	0	0
715.977591	0	0
716.027596	0	0
716.077600	0	0
716.127605	0	0
716.177610	0	0
716.227616	0	0
716.277621	0	0
716.327626	0	0
716.377631	0	0
716.427636	0	0
716.477641	0	0
716.527646	0	0
716.577651	0	0
716.627656	0	0
716.677660	0	0
716.727665	0	0
716.777670	0	0
716.827676	0	0
716.877681	0	0
716.927686	0	0
716.977691	0	0
717.027696	0	0
717.077701	0	0
717.127706	0	0
717.177711	0	0
717.227715	0	0
717.277720	0	0
717.327725	0	0
717.377731	0	0
717.427736	0	0
717.477741	0	0
717.527746	0	0
717.577751	0	0
717.627756	0	0
717.677761	0	0
717.727766	0	0
717.777771	0	0
717.827775	0	0
717.877780	0	0
717.927785	0	0
717.977791	0	0
718.027796	0	0
718.077801	0	0
718.127806	0	0
718.177811	0	0
718.227816	0	0
718.277821	0	0
718.327826	0	0
718.377831	0	0
718.427835	0	0
718.477840	0	0
718.527845	0	0
718.577851	0	0
718.627856	0	0
718.677861	0	0
718.727866	0	0
718.777871	0	0
718.827876	0	0
718.877881	0	0
718.927886	0	0
718.977890	0	0
719.027895	0	0
719.077900	0	0
719.127906	0	0
719.177911	0	0
719.227916	0	0
719.277921	0	0
719.327926	0	0
719.377931	0	0
719.427936	0	0
719.477941	0	0
719.527946	0	0
719.577950	0	0
719.627955	0	0
719.677960	0	0
719.727966	0	0
719.777971	0	0
719.827976	0	0
719.877981	0	0
719.927986	0	0
719.977991	0	0
720.027996	0	0
720.078001	0	0
720.128006	0	0
720.178010	0	0
720.228015	0	0
720.278020	0	0
720.328026	0	0
720.378031	0	0
720.428036	0	0
720.478041	0	0
720.528046	0	0
720.578051	0	0
720.628056	0	0
720.678061	0	0
720.728065	0	0
720.778070	0	0
720.828075	0	0
720.878081	0	0
720.928086	0	0
720.978091	0	0
721.028096	0	0
721.078101	0	0
721.128106	0	0
721.178111	0	0
721.228116	0	0
721.278121	0	0
721.328125	0	0
721.378130	0	0
721.428135	0	0
721.478141	0	0
721.528146	0	0
721.578151	0	0
721.628156	0	0
721.678161	0	0
721.728166	0	0
721.778171	0	0
721.828176	0	0
721.878181	0	0
721.928185	0	0
721.978190	0	0
722.028195	0	0
722.078201	0	0
722.128206	0	0
722.178211	0	0
722.228216	0	0
722.278221	0	0
722.328226	0	0
722.378231	0	0
722.428236	0	0
722.478240	0	0
722.528245	0	0
722.578250	0	0
722.628256	0	0
722.678261	0	0
722.728266	0	0
722.778271	0	0
722.828276	0	0
722.878281	0	0
722.928286	0	0
722.978291	0	0
723.028296	0	0
723.078300	0	0
723.128305	0	0
723.178310	0	0
723.228316	0	0
723.278321	0	0
723.328326	0	0
723.378331	0	0
723.428336	0	0
723.478341	0	0
723.528346	0	0
723.578351	0	0
723.628356	0	0
723.678360	0	0
723.728365	0	0
723.778370	0	0
723.828376	0	0
723.878381	0	0
723.928386	0	0
723.978391	0	0
724.028396	0	0
724.078401	0	0
724.128406	0	0
724.178411	0	0
724.228415	0	0
724.278420	0	0
724.328425	0	0
724.378431	0	0
724.428436	0	0
724.478441	0	0
724.528446	0	0
724.578451	0	0
724.628456	0	0
724.678461	0	0
724.729465	0	0
724.788472	0	0
724.828475	0	0
724.878480	0	0
724.928485	0	0
724.978491	0	0
725.028496	0	0
725.078501	0	0
725.128506	0	0
725.178511	0	0
725.228516	0	0
725.278521	0	0
725.328526	0	0
725.378531	0	0
725.428535	0	0
725.478540	0	0
725.528545	0	0
725.578551	0	0
725.628556	0	0
725.678561	0	0
725.728566	0	0
725.778571	0	0
725.828576	0	0
725.878581	0	0
725.928586	0	0
725.978590	0	0
726.028595	0	0
726.078600	0	0
726.128606	0	0
726.178611	0	0
726.228616	0	0
726.278621	0	0
726.328626	0	0
726.378631	0	0
726.428636	0	0
726.478641	0	0
726.528646	0	0
726.578650	0	0
726.628655	0	0
726.678660	0	0
726.728666	0	0
726.778671	0	0
726.828676	0	0
726.878681	0	0
726.928686	0	0
726.978691	0	0
727.028696	0	0
727.078701	0	0
727.128706	0	0
727.178710	0	0
727.228715	0	0
727.278720	0	0
727.328726	0	0
727.378731	0	0
727.428736	0	0
727.478741	0	0
727.528746	0	0
727.578751	0	0
727.628756	0	0
727.678761	0	0
727.728765	0	0
727.778770	0	0
727.828775	0	0
727.878781	0	0
727.928786	0	0
727.978791	0	0
728.028796	0	0
728.078801	0	0
728.128806	0	0
728.178811	0	0
728.228816	0	0
728.278821	0	0
728.328825	0	0
728.378830	0	-113
728.428835	0	-237
728.478841	0	-449
728.528846	0	-585
728.578851	0	-649
728.627855	0	-881
728.677861	0	-905
728.727866	0	-1049
728.777871	0	-1049
728.827876	0	-1049
728.877881	0	-1049
728.927886	0	-1049
728.977890	0	-1049
729.027895	0	-1049
729.077900	0	-1049
729.127905	0	-1049
729.177910	0	-1049
729.227915	0	-1049
729.277921	0	-1049
729.327926	0	-1049
729.377931	0	-1193
729.427936	0	-1281
729.477941	0	-1281
729.527946	0	-1281
729.577950	0	-1289
729.627955	0	-1289
729.677960	0	-1289
729.727965	0	-1289
729.777970	0	-1289
729.827976	0	-1317
729.877981	0	-1361
729.927986	0	-1361
729.977991	0	-1361
730.027996	0	-1361
730.078001	0	-1361
730.128006	0	-1361
730.178010	0	-1361
730.228015	0	-1361
730.278020	0	-1361
730.328025	0	-1361
730.378030	0	-1361
730.428036	0	-1361
730.478041	0	-1361
730.528046	0	-1361
730.578051	0	-1361
730.628056	0	-1361
730.678061	0	-1361
730.728065	0	-1361
730.778070	0	-1361
730.828075	0	-1361
730.878080	0	-1361
730.928085	0	-1361
730.978090	0	-1361
731.028096	0	-1361
731.078101	0	-1361
731.128106	0	-1361
731.178111	0	-1361
731.228116	0	-1361
731.278121	0	-1361
731.328125	0	-1361
731.378130	0	-1361
731.428135	0	-1361
731.478140	0	-1361
731.528145	0	-1361
731.578151	0	-1361
731.628156	0	-1361
731.678161	0	-1361
731.728166	0	-1361
731.778171	0	-1361
731.828176	0	-1361
731.878181	0	-1361
731.928185	0	-1361
731.978190	0	-1361
732.028195	0	-1361
732.078200	0	-1361
732.128205	0	-1361
732.178211	0	-1361
732.228216	0	-1361
732.278221	0	-1361
732.328226	0	-1361
732.378231	0	-1361
732.428236	0	-1361
732.478240	0	-1361
732.528245	0	-1361
732.578250	0	-1361
732.628255	0	-1361
732.678260	0	-1361
732.728265	0	-1361
732.778271	0	-1361
732.828276	0	-1361
732.878281	0	-1361
732.928286	0	-1361
732.978291	0	-1361
733.028296	0	-1361
733.078300	0	-1361
733.128305	0	-1361
733.178310	0	-1361
733.228315	0	-1361
733.278320	0	-1361
733.328326	0	-1361
733.378331	0	-1361
733.428336	0	-1361
733.478341	0	-1361
733.528346	0	-1361
733.578351	0	-1361
733.628356	0	-1361
733.678360	0	-1361
733.728365	0	-1361
733.778370	0	-1361
733.828375	0	-1361
733.878380	0	-1441
733.928386	0	-1541
733.978391	0	-1629
734.028396	0	-1641
734.078401	-544	-1713
734.128406	-544	-1733
734.178411	-544	-1793
734.228415	-544	-1793
734.278420	-540	-1829
734.328425	-540	-1833
734.378430	-528	-1885
734.428435	-528	-1885
734.478440	-516	-1889
734.528446	-512	-1889
734.578451	-500	-1889
734.628456	-492	-1917
734.678461	-492	-1937
734.728466	-492	-1953
734.778471	-492	-1973
734.828475	-476	-1993
734.878480	-464	-2025
734.928485	-436	-2033
734.978490	-428	-2037
735.028495	-388	-2073
735.078501	-348	-2085
735.128506	-316	-2109
735.178511	-304	-2113
735.228516	-284	-2125
735.278521	-256	-2165
735.328526	-252	-2209
735.378531	-180	-2225
735.428535	-112	-2257
735.478540	-28	-2317
735.528545	25	-2337
735.578550	25	-2365
735.628555	25	-2413
735.678561	29	-2445
735.728566	29	-2477
735.778571	29	-2485
735.828576	29	-2489
735.878581	29	-2529
735.928586	29	-2545
735.978590	29	-2553
736.028595	29	-2553
736.078600	29	-2553
736.128605	29	-2553
736.178610	29	-2553
736.228615	29	-2553
736.278621	29	-2581
736.328626	29	-2629
736.378631	29	-2641
736.428636	29	-2645
736.478641	29	-2649
736.528646	29	-2649
736.578650	29	-2649
736.628655	29	-2649
736.678660	29	-2649
736.728665	29	-2649
736.778670	29	-2649
736.828676	29	-2649
736.878681	29	-2649
736.928686	29	-2649
736.978691	29	-2649
737.028696	29	-2649
737.078701	29	-2649
737.128706	29	-2649
737.178710	29	-2649
737.228715	29	-2649
737.278720	29	-2649
737.328725	29	-2649
737.378730	29	-2649
737.428736	29	-2649
737.478741	29	-2649
737.528746	29	-2649
737.578751	29	-2649
737.628756	29	-2649
737.678761	29	-2649
737.728765	29	-2649
737.778770	29	-2649
737.828775	29	-2649
737.878780	29	-2649
737.928785	29	-2649
737.978790	29	-2649
738.028796	29	-2649
738.078801	29	-2649
738.128806	29	-2649
738.178811	29	-2649
738.228816	29	-2649
738.278821	29	-2649
738.328825	29	-2649
738.378830	29	-2649
738.428835	29	-2649
738.478840	29	-2649
738.528845	29	-2649
738.578851	29	-2649
738.628856	29	-2649
738.678861	29	-2649
738.728866	29	-2649
738.778871	29	-2649
738.828876	29	-2649
738.878881	29	-2649
738.928885	29	-2649
738.978890	29	-2649
739.028895	29	-2649
739.078900	29	-2649
739.128905	29	-2649
739.178911	29	-2649
739.228916	29	-2649
739.278921	29	-2649
739.330926	29	-2649
739.378931	29	-2649
739.428936	29	-2649
739.478940	29	-2649
739.528945	29	-2649
739.578950	29	-2649
739.628955	29	-2649
739.678960	29	-2649
739.728965	29	-2649
739.778971	29	-2649
739.828976	29	-2649
739.878981	29	-2649
739.928986	29	-2649
740.033996	29	-2649
740.120005	29	-2649
740.165009	29	-2649
740.211014	29	-2649
740.255018	29	-2649
740.303023	29	-2649
740.347027	29	-2649
740.395032	29	-2649
740.439036	29	-2649
740.493042	29	-2649
740.537046	29	-2649
740.584051	29	-2649
740.629056	29	-2649
740.679060	29	-2649
740.729065	29	-2649
740.779070	29	-2649
740.829075	29	-2649
740.879080	29	-2649
740.929086	29	-2649
740.979091	29	-2649
741.029096	29	-2649
741.079101	29	-2649
741.129106	29	-2649
741.179111	29	-2649
741.229115	29	-2649
741.279120	29	-2649
741.329125	29	-2649
741.379130	29	-2649
741.429135	29	-2649
741.479140	29	-2649
741.529146	29	-2649
741.579151	29	-2649
741.629156	29	-2649
741.679161	29	-2649
741.729166	29	-2649
741.779171	29	-2649
741.829175	29	-2649
741.879180	29	-2649
741.929185	29	-2649
741.979190	29	-2649
742.029195	29	-2649
742.079201	29	-2649
742.129206	29	-2649
742.179211	29	-2649
742.229216	29	-2645
742.279221	29	-2645
742.329226	29	-2641
742.379230	29	-2629
742.429235	29	-2629
742.479240	29	-2629
742.529245	29	-2629
742.579250	29	-2629
742.629255	29	-2629
742.679261	29	-2629
742.729266	29	-2629
742.779271	29	-2629
742.829276	29	-2629
742.879281	29	-2629
742.929286	29	-2629
742.979290	29	-2629
743.029295	29	-2629
743.079300	29	-2629
743.129305	29	-2629
743.179310	29	-2629
743.229315	29	-2629
743.279321	29	-2629
743.329326	29	-2629
743.379331	29	-2629
743.429336	29	-2629
743.479341	29	-2629
743.529346	29	-2629
743.579350	29	-2629
743.629355	29	-2629
743.679360	29	-2629
743.729365	29	-2629
743.779370	29	-2629
743.829376	29	-2629
743.879381	29	-2629
743.929386	29	-2629
743.979391	29	-2629
744.029396	29	-2629
744.079401	29	-2629
744.129405	29	-2629
744.179410	29	-2629
744.229415	29	-2629
744.279420	29	-2629
744.329425	29	-2629
744.379430	29	-2629
744.429436	29	-2629
744.479441	29	-2629
744.529446	29	-2629
744.579451	29	-2629
744.629456	29	-2629
744.679461	29	-2629
744.729465	29	-2629
744.779470	29	-2629
744.829475	29	-2629
744.879480	29	-2629
744.929485	29	-2629
744.979490	29	-2629
745.029496	29	-2629
745.079501	29	-2629
745.129506	29	-2629
745.179511	29	-2629
745.229516	29	-2629
745.279521	29	-2629
745.329525	29	-2629
745.379530	29	-2629
745.429535	29	-2629
745.479540	29	-2629
745.529545	29	-2629
745.579551	29	-2629
745.629556	29	-2629
745.679561	29	-2629
745.729566	29	-2629
745.779571	29	-2629
745.829576	29	-2629
745.879580	29	-2629
745.929585	29	-2629
745.979590	29	-2629
746.029595	29	-2629
746.078600	29	-2629
746.128605	29	-2629
746.178610	29	-2629
746.228615	29	-2629
746.278620	29	-2629
746.328625	29	-2629
746.378631	29	-2629
746.428636	29	-2629
746.478641	29	-2629
746.528646	29	-2629
746.578650	29	-2629
746.628655	29	-2629
746.678660	29	-2629
746.728665	29	-2629
746.778670	29	-2629
746.828675	29	-2629
746.878680	29	-2629
746.928685	29	-2629
746.978691	29	-2629
747.028696	29	-2629
747.078701	29	-2629
747.128706	29	-2629
747.178710	29	-2629
747.228715	29	-2629
747.278720	29	-2629
747.328725	29	-2629
747.378730	29	-2629
747.428735	29	-2629
747.478740	29	-2629
747.528746	29	-2629
747.578751	29	-2629
747.628756	29	-2629
747.678761	29	-2629
747.728765	29	-2629
747.778770	29	-2629
747.828775	29	-2629
747.878780	29	-2629
747.928785	29	-2629
747.978790	29	-2629
748.028795	29	-2629
748.078800	29	-2629
748.128806	29	-2629
748.178811	29	-2629
748.228816	29	-2629
748.278821	29	-2629
748.328825	29	-2629
748.378830	29	-2629
748.428835	29	-2629
748.478840	29	-2629
748.528845	29	-2629
748.578850	29	-2629
748.628855	29	-2629
748.678860	29	-2629
748.728866	29	-2629
748.778871	29	-2629
748.828876	29	-2629
748.878881	29	-2629
748.928885	29	-2629
748.978890	29	-2629
749.028895	29	-2629
749.078900	29	-2629
749.128905	29	-2629
749.178910	29	-2629
749.228915	29	-2629
749.278921	29	-2629
749.328926	29	-2629
749.378931	29	-2629
749.428936	29	-2629
749.478940	29	-2629
749.528945	29	-2629
749.578950	29	-2629
749.628955	29	-2629
749.678960	29	-2629
749.728965	29	-2629
749.778970	29	-2629
749.828975	29	-2629
749.878981	29	-2629
749.928986	29	-2629
749.978991	29	-2629
750.028996	29	-2629
750.079000	29	-2629
750.129005	29	-2629
750.179010	29	-2629
750.229015	29	-2629
750.279020	29	-2629
750.329025	29	-2629
750.379030	29	-2629
750.429035	29	-2629
750.479041	29	-2629
750.529046	29	-2629
750.579051	29	-2629
750.629056	29	-2629
750.679060	29	-2629
750.729065	29	-2629
750.779070	29	-2629
750.829075	29	-2629
750.879080	29	-2629
750.929085	29	-2629
750.979090	29	-2641
751.029096	29	-2657
751.079101	29	-2697
751.129106	29	-2725
751.179111	29	-2749
751.229115	29	-2765
751.279120	29	-2801
751.329125	29	-2821
751.379130	29	-2873
751.429135	29	-2877
751.479140	29	-2917
751.529145	29	-2941
751.579150	29	-2941
751.629156	29	-2941
751.679161	29	-2941
751.729166	29	-2945
751.779171	29	-2945
751.829175	29	-2945
751.879180	29	-2945
751.929185	29	-2949
751.979190	29	-2949
752.029195	29	-2949
752.079200	29	-2949
752.129205	29	-2949
752.179210	29	-2957
752.229216	29	-2957
752.279221	29	-2957
752.329226	29	-2957
752.379230	29	-2957
752.429235	29	-2957
752.479240	29	-2957
752.529245	29	-2957
752.579250	29	-2957
752.629255	29	-2957
752.679260	29	-2957
752.729265	29	-2957
752.779271	29	-2957
752.829276	29	-2957
752.879281	29	-2957
752.929286	29	-2957
752.979290	29	-2957
753.029295	29	-2957
753.079300	29	-2957
753.129305	29	-2957
753.179310	29	-2957
753.229315	29	-2957
753.279320	29	-2957
753.329325	29	-2957
753.379331	29	-2957
753.429336	29	-2957
753.479341	29	-2957
753.529346	29	-2957
753.579350	29	-2957
753.629355	29	-2957
753.679360	29	-2957
753.729365	29	-2957
753.779370	29	-2957
753.829375	29	-2957
753.879380	29	-2957
753.929385	29	-2957
753.979391	29	-2957
754.029396	29	-2957
754.079401	29	-2957
754.129405	29	-2957
754.179410	29	-2957
754.229415	29	-2957
754.279420	29	-2957
754.329425	29	-2957
754.379430	29	-2957
754.429435	29	-2957
754.479440	29	-2957
754.529446	29	-2957
754.579451	29	-2957
754.629456	29	-2957
754.679461	29	-2957
754.729465	29	-2957
754.779470	29	-2957
754.829475	29	-2957
754.879480	29	-2957
754.929485	29	-2957
754.979490	29	-2957
755.029495	29	-2957
755.079500	29	-2957
755.129506	29	-2957
755.179511	29	-2957
755.229516	29	-2957
755.279521	29	-2957
755.329525	29	-2957
755.379530	29	-2957
755.429535	29	-2957
755.479540	29	-2957
755.529545	29	-2957
755.579550	29	-2957
755.629555	29	-2957
755.679560	29	-2957
755.729566	29	-2957
755.779571	29	-2957
755.829576	29	-2957
755.879580	29	-2957
755.929585	29	-2957
755.979590	29	-2957
756.029595	29	-2957
756.079600	29	-2957
756.129605	29	-2957
756.179610	29	-2957
756.229615	29	-2957
756.279621	29	-2957
756.329626	29	-2957
756.379631	29	-2957
756.429636	29	-2957
756.479640	29	-2957
756.529645	29	-2957
756.579650	29	-2957
756.629655	29	-2957
756.679660	29	-2957
756.729665	29	-2957
756.779670	29	-2957
756.829675	29	-2957
756.879681	29	-2957
756.929686	29	-2957
756.979691	29	-2957
757.029696	29	-2957
757.079700	29	-2957
757.129705	29	-2957
757.179710	29	-2957
757.229715	29	-2957
757.279720	29	-2957
757.329725	29	-2957
757.379730	29	-2957
757.429735	29	-2957
757.479741	29	-2957
757.529746	29	-2957
757.579751	29	-2957
757.629755	29	-2957
757.679760	29	-2957
757.729765	29	-2957
757.779770	29	-2957
757.829775	29	-2957
757.879780	29	-2957
757.929785	29	-2957
757.979790	29	-2957
758.029796	29	-2957
758.079801	29	-2957
758.129806	29	-2957
758.179811	29	-2957
758.229815	29	-2957
758.279820	29	-2957
758.329825	29	-2957
758.379830	29	-2957
758.429835	29	-2957
758.479840	29	-2957
758.529845	29	-2957
758.579850	29	-2957
758.629856	29	-2957
758.679861	29	-2957
758.729866	29	-2957
758.779871	29	-2957
758.829875	29	-2957
758.879880	29	-2957
758.929885	29	-2957
758.979890	29	-2957
759.029895	29	-2957
759.079900	29	-2957
759.129905	29	-2957
759.179910	29	-2957
759.229916	29	-2957
759.279921	29	-2957
759.329926	29	-2957
759.379930	29	-2957
759.429935	29	-2957
759.479940	29	-2957
759.529945	29	-2957
759.579950	29	-2957
759.629955	29	-2957
759.679960	29	-2957
759.729965	29	-2957
759.779971	29	-2957
759.829976	29	-2957
759.879981	29	-2957
759.929986	29	-2957
759.979990	29	-2957
760.029995	29	-2957
760.080000	29	-2957
760.130005	29	-2957
760.180010	29	-2957
760.230015	29	-2957
760.280020	29	-2957
760.330025	29	-2957
760.380031	29	-2957
760.430036	29	-2957
760.480041	29	-2957
760.530046	29	-2957
760.580050	29	-2957
760.630055	29	-2957
760.680060	29	-2957
760.730065	29	-2957
760.780070	29	-2957
760.830075	29	-2957
760.880080	29	-2957
760.930085	29	-2957
760.980091	29	-2957
761.030096	29	-2957
761.080101	29	-2957
761.130105	29	-2957
761.180110	29	-2957
761.230115	29	-2957
761.280120	29	-2957
761.330125	29	-2957
761.380130	29	-2957
761.430135	29	-2957
761.480140	29	-2957
761.530146	29	-2957
761.580151	29	-2957
761.630156	29	-2957
761.680161	29	-2957
761.730165	29	-2957
761.780170	29	-2957
761.830175	29	-2957
761.880180	29	-2957
761.930185	29	-2957
761.980190	29	-2957
762.030195	29	-2957
762.080200	29	-2957
762.130206	29	-2957
762.180211	29	-2957
762.230216	29	-2957
762.280221	29	-2957
762.330225	29	-2957
762.380230	29	-2957
762.430235	29	-2957
762.480240	29	-2957
762.530245	29	-2957
762.580250	29	-2957
762.630255	29	-2957
762.680260	29	-2957
762.730266	29	-2957
762.780271	29	-2957
762.830276	29	-2957
762.880280	29	-2957
762.930285	29	-2957
762.980290	29	-2957
763.030295	29	-2957
763.080300	29	-2957
763.130305	29	-2957
763.180310	29	-2957
763.230315	29	-2957
763.280321	29	-2957
763.330326	29	-2957
763.380331	29	-2957
763.430336	29	-2957
763.480340	29	-2957
763.530345	29	-2957
763.579350	29	-2957
763.629355	29	-2957
763.679360	29	-2957
763.729365	29	-2957
763.779370	29	-2957
763.829375	29	-2957
763.879380	29	-2957
763.929385	29	-2957
763.979390	29	-2957
764.029395	29	-2957
764.079401	29	-2957
764.129405	29	-2957
764.179410	29	-2957
764.229415	29	-2957
764.279420	29	-2957
764.329425	29	-2957
764.379430	29	-2957
764.429435	29	-2957
764.479440	29	-2957
764.529445	29	-2957
764.579450	29	-2957
764.629455	29	-2957
764.679461	29	-2957
764.729465	29	-2957
764.779470	29	-2957
764.829475	29	-2957
764.879480	29	-2957
764.929485	29	-2957
764.979490	29	-2957
765.029495	29	-2957
765.079500	29	-2957
765.129505	29	-2957
765.179510	29	-2957
765.229516	29	-2957
765.279521	29	-2957
765.329525	29	-2957
765.379530	29	-2957
765.429535	29	-2957
765.479540	29	-2957
765.529545	29	-2957
765.579550	29	-2957
765.629555	29	-2957
765.679560	29	-2957
765.729565	29	-2957
765.779570	29	-2957
765.829576	29	-2957
765.879580	29	-2957
765.929585	29	-2957
765.979590	29	-2957
766.029595	29	-2957
766.079600	29	-2925
766.129605	29	-2925
766.179610	29	-2925
766.229615	29	-2925
766.279620	29	-2925
766.329625	29	-2925
766.379630	29	-2925
766.429636	29	-2925
766.479640	29	-2925
766.529645	29	-2925
766.579650	29	-2925
766.629655	29	-2925
766.679660	29	-2913
766.729665	29	-2861
766.779670	29	-2833
766.829675	29	-2789
766.879680	29	-2765
766.929685	29	-2717
766.979691	29	-2677
767.029696	29	-2633
767.079700	29	-2565
767.129705	29	-2533
767.179710	29	-2489
767.229715	29	-2465
767.279720	29	-2389
767.329725	29	-2389
767.379730	29	-2365
767.429735	29	-2317
767.479740	29	-2277
767.529745	29	-2277
767.579751	29	-2249
767.629755	29	-2229
767.679760	29	-2189
767.729765	29	-2153
767.779770	29	-2141
767.829775	29	-2137
767.879780	29	-2109
767.929785	29	-2085
767.979790	29	-2061
768.029795	29	-2033
768.079800	29	-2033
768.129805	29	-2013
768.179811	29	-2005
768.229815	29	-2005
768.279820	29	-1965
768.329825	29	-1953
768.379830	29	-1945
768.429835	29	-1909
768.479840	29	-1861
768.529845	29	-1805
768.579850	29	-1785
768.629855	29	-1785
768.679860	29	-1765
768.729866	29	-1705
768.779871	29	-1705
768.829875	0	-1605
768.879880	0	-1585
768.929885	0	-1525
768.979890	0	-1477
769.029895	0	-1397
769.079900	0	-1397
769.129905	0	-1381
769.179910	0	-1301
769.229915	0	-1301
769.279920	0	-1245
769.329926	0	-1245
769.379930	0	-1173
769.429935	0	-1149
769.479940	0	-1021
769.529945	0	-845
769.579950	0	-745
769.629955	0	-657
769.679960	0	-621
769.729965	0	-549
769.779970	0	-405
769.829975	0	-309
769.879980	0	-65
769.929986	0	0
769.979990	0	0
770.029995	0	0
770.080000	0	0
770.130005	0	0
770.180010	0	0
770.230015	0	0
770.280020	0	0
770.330025	0	0
770.380030	0	0
770.430035	0	0
770.480041	0	0
770.530046	0	0
770.580050	0	0
770.630055	0	0
770.680060	0	0
770.730065	0	0
770.780070	0	0
770.830075	0	0
770.880080	0	0
770.930085	0	0
770.980090	0	0
771.030095	0	0
771.080101	0	0
771.130105	0	0
771.180110	0	0
771.230115	0	0
771.280120	0	0
771.330125	0	0
771.380130	0	0
771.430135	0	0
771.480140	0	0
771.530145	0	0
771.580150	0	0
771.630155	0	0
771.680161	0	0
771.730165	0	0
771.780170	0	0
771.830175	0	0
771.880180	0	0
771.930185	0	0
771.980190	0	0
772.030195	0	0
772.080200	0	0
772.130205	0	0
772.180210	0	0
772.230216	0	0
772.280221	0	0
772.330225	0	0
772.380230	0	0
772.430235	0	0
772.480240	0	0
772.530245	0	0
772.580250	0	0
772.630255	0	24
772.680260	0	72
772.730265	0	128
772.780270	0	160
772.830276	0	160
772.880280	0	212
772.930285	0	212
772.980290	0	220
773.030295	0	220
773.080300	0	236
773.130305	0	260
773.180310	0	260
773.230315	0	268
773.280320	0	268
773.330325	0	268
773.380330	0	268
773.430336	0	268
773.480340	0	268
773.530345	0	268
773.580350	0	268
773.630355	0	268
773.680360	0	268
773.730365	0	268
773.780370	0	268
773.830375	0	268
773.880380	0	268
773.930385	0	268
773.980391	0	268
774.030396	0	268
774.080400	0	268
774.130405	0	268
774.180410	0	268
774.230415	0	268
774.280420	0	268
774.330425	0	268
774.380430	0	268
774.430435	0	268
774.480440	0	268
774.530445	0	268
774.580451	0	268
774.630455	0	268
774.680460	0	268
774.730465	0	268
774.780470	0	268
774.830475	0	268
774.880480	0	268
774.930485	0	268
774.980490	0	268
775.030495	0	268
775.080500	0	268
775.130505	0	268
775.180511	0	268
775.230515	0	268
775.280520	0	268
775.330525	0	268
775.380530	0	268
775.430535	0	268
775.480540	0	268
775.530545	0	268
775.580550	0	268
775.630555	0	220
775.680560	0	160
775.730566	0	72
775.780571	0	40
775.830575	0	8
775.880580	0	0
775.930585	0	0
775.980590	0	0
776.030595	0	0
776.080600	0	0
776.130605	0	0
776.180610	0	0
776.230615	0	0
776.280620	0	0
776.330626	0	0
776.380630	0	0
776.430635	0	0
776.480640	0	0
776.530645	0	0
776.580650	0	0
776.630655	0	0
776.680660	0	0
776.730665	0	0
776.780670	0	0
776.830675	0	0
776.880680	0	0
776.930686	0	0
776.980690	0	0
777.030695	0	0
777.080700	0	0
777.130705	0	0
777.180710	0	0
777.230715	0	0
777.280720	0	0
777.330725	0	0
777.380730	0	0
777.430735	0	0
777.480741	0	0
777.530746	0	0
777.580750	0	112
777.630755	0	252
777.680760	0	532
777.730765	0	636
777.780770	0	668
777.830775	0	816
777.880780	0	908
777.930785	0	908
777.980790	0	956
778.030795	0	1056
778.080801	0	1088
778.130805	0	1088
778.180810	0	1088
778.230815	0	1088
778.280820	0	1144
778.330825	0	1160
778.380830	0	1192
778.430835	0	1268
778.480840	0	1292
778.530845	0	1292
778.580850	0	1332
778.630855	0	1332
778.680861	0	1340
778.730865	0	1408
778.780870	0	1424
778.830875	0	1488
778.880880	0	1520
778.930885	0	1536
778.980890	-424	1564
779.030895	-424	1592
779.080900	-424	1608
779.130905	-424	1648
779.180910	-424	1660
779.230916	-424	1668
779.280921	-424	1676
779.330925	-424	1716
779.380930	-424	1716
779.430935	-424	1724
779.480940	-424	1736
779.530945	-424	1756
779.580950	-424	1768
779.630955	-424	1768
779.680960	-424	1792
779.730965	-424	1828
779.780970	-424	1828
779.830976	-424	1852
779.880980	-424	1868
779.930985	-424	1884
779.980990	-424	1884
780.030995	-424	1900
780.081000	-424	1932
780.131005	-424	1952
780.181010	-424	1992
780.231015	-424	2008
780.281020	-424	2048
780.331025	-424	2076
780.381030	-424	2088
780.431036	-424	2148
780.481040	-424	2148
780.531045	-424	2152
780.585051	-424	2248
780.631055	-424	2248
780.681060	-424	2276
780.731065	-424	2340
780.792071	-424	2384
780.831075	-424	2412
780.881080	-424	2476
780.931085	-424	2476
780.990091	-424	2520
781.031096	-424	2520
781.080100	-424	2520
781.130105	-424	2524
781.180110	-424	2544
781.230115	-424	2548
781.280120	-424	2584
781.330125	-424	2592
781.380130	-424	2608
781.430135	-424	2608
781.480140	-424	2608
781.530145	-424	2608
781.580150	-424	2608
781.630155	-424	2608
781.680160	-424	2652
781.730165	-448	2688
781.780170	-464	2692
781.830175	-500	2692
781.880180	-500	2716
781.930185	-512	2720
781.980190	-552	2760
782.030195	-556	2772
782.080200	-568	2832
782.130205	-604	2916
782.180210	-604	2980
782.230215	-604	3032
782.280220	-604	3104
782.330225	-604	3120
782.380230	-604	3144
782.430235	-604	3164
782.480240	-604	3164
782.530245	-604	3164
782.580250	-604	3180
782.630255	-604	3180
782.680260	-604	3180
782.730265	-604	3180
782.780270	-604	3180
782.830275	-604	3180
782.880280	-604	3180
782.930285	-604	3180
782.980290	-604	3180
783.030295	-604	3180
783.080300	-604	3204
783.130305	-604	3204
783.180310	-604	3224
783.230315	-604	3232
783.280320	-604	3232
783.330325	-604	3272
783.380330	-604	3272
783.430335	-604	3272
783.480340	-604	3272
783.530345	-604	3272
783.580350	-604	3272
783.630355	-604	3272
783.680360	-604	3272
783.730365	-604	3272
783.780370	-604	3272
783.830375	-604	3272
783.880380	-604	3272
783.930385	-604	3272
783.980390	-604	3272
784.030395	-604	3272
784.080400	-604	3272
784.130405	-604	3272
784.180410	-604	3272
784.230415	-604	3272
784.280420	-604	3272
784.330425	-604	3272
784.380430	-604	3272
784.430435	-604	3272
784.480440	-604	3272
784.530445	-604	3272
784.580450	-604	3272
784.630455	-604	3272
784.680460	-604	3272
784.730465	-604	3272
784.780470	-604	3272
784.830475	-604	3272
784.880480	-604	3272
784.930485	-604	3272
784.980490	-604	3272
785.030495	-604	3272
785.080500	-604	3272
785.130505	-604	3272
785.180510	-604	3272
785.230515	-604	3272
785.280520	-604	3272
785.330525	-604	3272
785.380530	-604	3272
785.430535	-604	3272
785.480540	-604	3272
785.530545	-604	3272
785.580550	-604	3272
785.630555	-604	3272
785.680560	-604	3272
785.730565	-604	3272
785.780570	-604	3272
785.830575	-604	3272
785.880580	-604	3272
785.930585	-604	3272
785.980590	-604	3272
786.030595	-604	3272
786.080600	-604	3272
786.130605	-604	3272
786.180610	-604	3272
786.230615	-604	3272
786.280620	-604	3272
786.330625	-604	3272
786.380630	-604	3272
786.430635	-604	3272
786.480640	-604	3272
786.530645	-604	3272
786.580650	-604	3272
786.630655	-604	3272
786.680660	-604	3272
786.730665	-604	3272
786.780670	-604	3272
786.830675	-604	3272
786.880680	-604	3272
786.930685	-604	3272
786.980690	-604	3272
787.030695	-604	3272
787.080700	-604	3272
787.130705	-604	3272
787.180710	-604	3272
787.230715	-604	3272
787.280720	-604	3272
787.330725	-604	3272
787.380730	-604	3272
787.430735	-604	3272
787.480740	-604	3272
787.530745	-604	3272
787.580750	-604	3272
787.630755	-604	3272
787.680760	-604	3272
787.730765	-604	3272
787.780770	-604	3272
787.830775	-604	3272
787.880780	-604	3272
788.026795	-604	3272
788.047797	-604	3272
788.137806	-604	3272
788.179810	-604	3272
788.229815	-604	3272
788.279820	-604	3272
788.329825	-604	3272
788.379830	-604	3272
788.429835	-604	3272
788.479840	-604	3272
788.529845	-604	3272
788.579850	-604	3272
788.629855	-604	3272
788.679860	-604	3272
788.729865	-604	3272
788.779870	-604	3272
788.829875	-604	3272
788.879880	-604	3272
788.929885	-604	3272
788.979890	-604	3272
789.029895	-604	3272
789.079900	-604	3272
789.129905	-604	3272
789.179910	-604	3272
789.229915	-604	3272
789.279920	-604	3272
789.329925	-604	3272
789.379930	-604	3272
789.429935	-604	3272
789.479940	-604	3272
789.529945	-604	3272
789.579950	-604	3272
789.629955	-604	3272
789.679960	-604	3272
789.729965	-604	3272
789.779970	-604	3272
789.829975	-604	3272
789.879980	-604	3272
789.929985	-604	3272
789.979990	-604	3272
790.029995	-604	3272
790.080000	-604	3272
790.130005	-604	3272
790.180010	-604	3272
790.230015	-604	3272
790.280020	-604	3272
790.330025	-604	3272
790.380030	-604	3272
790.430035	-604	3272
790.480040	-604	3272
790.530045	-604	3272
790.580050	-604	3272
790.630055	-604	3272
790.680060	-604	3272
790.730065	-604	3272
790.780070	-604	3272
790.830075	-604	3272
790.880080	-604	3272
790.930085	-604	3272
790.980090	-604	3272
791.030095	-604	3272
791.080100	-604	3272
791.130105	-604	3272
791.180110	-604	3272
791.230115	-604	3272
791.280120	-604	3272
791.330125	-604	3272
791.380130	-604	3272
791.430135	-604	3272
791.480140	-604	3272
791.530145	-604	3272
791.580150	-604	3272
791.630155	-604	3272
791.680160	-604	3272
791.730165	-604	3272
791.780170	-604	3272
791.830175	-604	3272
791.880180	-604	3272
791.930185	-604	3272
791.980190	-604	3272
792.030195	-604	3272
792.080200	-604	3272
792.130205	-604	3272
792.180210	-604	3272
792.230215	-604	3272
792.280220	-604	3272
792.330225	-604	3272
792.380230	-604	3272
792.430235	-604	3272
792.480240	-604	3272
792.530245	-604	3272
792.580250	-604	3272
792.630255	-604	3272
792.680260	-604	3272
792.730265	-604	3272
792.780270	-604	3272
792.830275	-604	3272
792.880280	-604	3272
792.930285	-604	3272
792.980290	-604	3272
793.030295	-604	3272
793.080300	-604	3272
793.130305	-604	3272
793.180310	-604	3272
793.230315	-604	3272
793.280320	-604	3272
793.330325	-604	3272
793.380330	-604	3272
793.430335	-604	3272
793.480340	-604	3272
793.530345	-604	3272
793.580350	-604	3272
793.630355	-604	3272
793.680360	-604	3272
793.730365	-604	3272
793.780370	-604	3272
793.830375	-604	3272
793.880380	-604	3272
793.930385	-604	3272
793.980390	-604	3272
794.030395	-604	3272
794.080400	-604	3272
794.130405	-604	3272
794.180410	-604	3272
794.230415	-604	3272
794.280420	-604	3272
794.330425	-604	3272
794.380430	-604	3272
794.430435	-604	3272
794.480440	-604	3272
794.530445	-604	3272
794.580450	-604	3272
794.630455	-604	3272
794.680460	-604	3272
794.730465	-604	3272
794.780470	-604	3272
794.830475	-604	3272
794.880480	-604	3272
794.930485	-604	3272
794.980490	-604	3272
795.030495	-604	3272
795.080500	-604	3272
795.130505	-604	3272
795.180510	-604	3272
795.230515	-604	3272
795.280520	-604	3272
795.330525	-604	3272
795.380530	-604	3272
795.430535	-604	3272
795.480540	-604	3272
795.530545	-604	3272
795.580550	-604	3272
795.630555	-604	3272
795.680560	-604	3272
795.730565	-604	3272
795.780570	-604	3272
795.830575	-604	3272
795.880580	-604	3272
795.930585	-604	3272
795.980590	-604	3272
796.030595	-604	3272
796.080600	-604	3272
796.130605	-604	3272
796.180610	-604	3272
796.230615	-604	3272
796.280620	-604	3272
796.330625	-604	3272
796.380630	-604	3272
796.430635	-604	3272
796.480640	-604	3272
796.530645	-604	3272
796.580650	-604	3272
796.630655	-604	3272
796.680660	-604	3272
796.730665	-604	3272
796.780670	-604	3272
796.830675	-604	3272
796.880680	-604	3272
796.930685	-604	3272
796.980690	-604	3272
797.030695	-604	3272
797.080700	-604	3272
797.130705	-604	3272
797.180710	-604	3272
797.230715	-604	3272
797.280720	-604	3272
797.330725	-604	3272
797.380730	-604	3272
797.430735	-604	3272
797.480740	-604	3272
797.530745	-604	3272
797.580750	-604	3272
797.630755	-604	3272
797.680760	-604	3272
797.730765	-604	3272
797.780770	-604	3272
797.830775	-604	3272
797.880780	-604	3272
797.930785	-604	3272
797.980790	-604	3272
798.030795	-604	3272
798.080800	-604	3272
798.130805	-604	3272
798.180810	-604	3272
798.230815	-604	3272
798.280820	-604	3272
798.330825	-604	3272
798.380830	-604	3272
798.430835	-604	3272
798.480840	-604	3272
798.529845	-604	3272
798.579850	-604	3272
798.629855	-604	3272
798.679860	-604	3272
798.729865	-604	3272
798.779870	-604	3272
798.829875	-604	3272
798.879880	-604	3272
798.929885	-604	3272
798.979890	-604	3272
799.029895	-604	3272
799.079900	-604	3272
799.129905	-604	3272
799.179910	-604	3272
799.229915	-604	3272
799.279920	-604	3272
799.329925	-604	3272
799.379930	-604	3272
799.429935	-604	3272
799.479940	-604	3272
799.529945	-604	3272
799.579950	-604	3272
799.629955	-604	3272
799.679960	-604	3272
799.729965	-604	3272
799.779970	-604	3272
799.829975	-604	3272
799.879980	-604	3272
799.929985	-604	3272
799.979990	-604	3272
800.029995	-604	3272
800.080000	-604	3272
800.130005	-604	3272
800.180010	-604	3272
800.230015	-604	3272
800.280020	-604	3272
800.330025	-604	3272
800.380030	-604	3272
800.430035	-604	3272
800.480040	-604	3272
800.530045	-604	3272
800.580050	-604	3272
800.630055	-604	3272
800.680060	-604	3272
800.730065	-604	3272
800.780070	-604	3272
800.830075	-604	3272
800.880080	-604	3272
800.930085	-604	3272
800.980090	-604	3272
801.030095	-604	3272
801.080100	-604	3272
801.130105	-604	3272
801.180110	-604	3272
801.230115	-604	3272
801.280120	-604	3272
801.330125	-604	3272
801.380130	-604	3272
801.430135	-604	3272
801.480140	-604	3272
801.530145	-604	3272
801.580150	-604	3272
801.630155	-604	3272
801.680160	-604	3272
801.730165	-604	3272
801.780170	-604	3272
801.830175	-604	3272
801.880180	-604	3272
801.930185	-604	3272
801.980190	-604	3272
802.030195	-604	3272
802.080200	-604	3272
802.130205	-604	3272
802.180210	-604	3272
802.230215	-604	3272
802.280220	-604	3272
802.330225	-604	3272
802.380230	-604	3272
802.430235	-604	3244
802.480240	-604	3212
802.530245	-604	3188
802.580250	-604	3176
802.630255	-604	3148
802.680260	-604	3136
802.730265	-604	3124
802.780270	-604	3096
802.830275	-604	3084
802.880280	-604	3080
802.930285	-604	3064
802.980290	-604	3036
803.030295	-604	3036
803.080300	-604	3028
803.130305	-604	3024
803.180310	-604	3000
803.230315	-604	2976
803.280320	-604	2932
803.330325	-604	2912
803.380330	-604	2852
803.430335	-604	2808
803.480340	-604	2788
803.530345	-604	2744
803.580350	-604	2692
803.630355	-604	2668
803.680360	-604	2652
803.730365	-604	2620
803.780370	-604	2612
803.830375	-604	2612
803.880380	-604	2612
803.930385	-604	2576
803.980390	-604	2576
804.030395	-604	2576
804.080400	-604	2564
804.130405	-604	2548
804.180410	-604	2544
804.230415	-604	2524
804.280420	-604	2480
804.330425	-604	2480
804.380430	-604	2480
804.430435	-604	2476
804.480440	-604	2448
804.530445	-604	2436
804.580450	-604	2436
804.630455	-604	2416
804.680460	-604	2404
804.730465	-604	2380
804.780470	-604	2372
804.830475	-604	2344
804.880480	-604	2312
804.930485	-604	2304
804.980490	-604	2288
805.030495	-604	2272
805.080500	-604	2272
805.130505	-604	2208
805.180510	-604	2188
805.230515	-604	2188
805.280520	-604	2136
805.330525	-604	2116
805.380530	-604	2112
805.430535	-604	2088
805.480540	-604	2056
805.530545	-604	2000
805.580550	-604	1960
805.630555	-604	1868
805.680560	-604	1788
805.730565	-604	1680
805.780570	-604	1616
805.830575	0	1512
805.880580	0	1284
805.930585	0	1072
805.980590	0	876
806.030595	0	548
806.080600	0	340
806.130605	0	104
806.180610	0	0
806.230615	0	0
806.280620	0	0
806.330625	0	0
806.380630	0	0
806.430635	0	0
806.480640	0	0
806.530645	0	0
806.580650	0	0
806.630655	0	0
806.680660	0	0
806.730665	0	0
806.780670	0	0
806.830675	0	0
806.880680	0	0
806.930685	0	0
806.980690	0	0
807.030695	0	0
807.080700	0	0
807.130705	0	0
807.180710	0	0
807.230715	0	0
807.280720	0	0
807.330725	0	0
807.380730	0	0
807.430735	0	0
807.480740	0	0
807.530745	0	0
807.580750	0	0
807.630755	0	0
807.680760	0	0
807.730765	0	0
807.780770	0	0
807.830775	0	0
807.880780	0	0
807.930785	0	0
807.980790	0	0
808.030795	0	0
808.080800	0	0
808.130805	0	0
808.180810	0	0
808.230815	0	0
808.280820	0	0
808.330825	0	0
808.380830	0	0
808.430835	0	0
808.480840	0	0
808.530845	0	0
808.580850	0	0
808.630855	0	0
808.680860	0	0
808.730865	0	0
808.780870	0	0
808.830875	0	0
808.880880	0	0
808.930885	0	0
808.980890	0	0
809.030895	0	0
809.080900	0	0
809.130905	0	0
809.180910	0	0
809.230915	0	0
809.280920	0	0
809.330925	0	0
809.380930	0	0
809.430935	0	0
809.480940	0	0
809.530945	0	0
809.580950	0	0
809.630955	0	0
809.680960	0	0
809.730965	0	0
809.780970	0	0
809.830975	0	0
809.880980	0	0
809.930985	0	0
809.980990	0	0
810.030995	0	0
810.081000	0	0
810.131005	0	0
810.181010	0	0
810.231015	0	0
810.281020	0	0
810.331025	0	0
810.381030	0	0
810.431035	0	0
810.481040	0	0
810.531045	0	0
810.581050	0	0
810.631055	0	0
810.681060	0	0
810.731065	0	0
810.781070	0	0
810.831075	0	0
810.881080	0	0
810.931085	0	0
810.981090	0	0
811.031095	0	0
811.081100	0	0
811.131105	0	0
811.181110	0	0
811.231115	0	0
811.281120	0	0
811.331125	0	0
811.381130	0	0
811.431135	0	0
811.481140	0	0
811.531145	0	0
811.581150	0	0
811.631155	0	0
811.681160	0	0
811.731165	0	0
811.781170	0	0
811.831175	0	0
811.881180	0	0
811.931185	0	0
811.981190	0	0
812.031195	0	0
812.081200	0	0
812.131205	0	0
812.181210	0	0
812.231215	0	0
812.281220	0	0
812.331225	0	0
812.381230	0	0
812.431235	0	0
812.481240	0	0
812.531245	0	0
812.581250	0	0
812.631255	0	0
812.681260	0	0
812.731265	0	0
812.781270	0	0
812.831275	0	0
812.881280	0	0
812.931285	0	0
812.981290	0	0
813.031295	0	0
813.081300	0	0
813.131305	0	0
813.181310	0	0
813.231315	0	0
813.281320	0	0
813.331325	0	0
813.381330	0	0
813.431335	0	0
813.481340	0	0
813.531345	0	0
813.581350	0	0
813.631355	0	0
813.681360	0	0
813.731365	0	0
813.781370	0	0
813.831375	0	0
813.881380	0	0
813.931385	0	0
813.981390	0	0
814.031395	0	0
814.081400	0	0
814.131405	0	0
814.181410	0	0
814.231415	0	0
814.281420	0	0
814.331425	0	0
814.381430	0	0
814.431435	0	0
814.481440	0	0
814.531445	0	0
814.581450	0	0
814.631455	0	0
814.681460	0	0
814.731465	0	0
814.781470	0	0
814.831475	0	0
814.881480	0	0
814.931485	0	0
814.981490	0	0
815.031495	0	0
815.081500	0	0
815.131505	0	0
815.181510	0	0
815.231515	0	0
815.281520	0	0
815.331525	0	0
815.381530	0	0
815.431535	0	0
815.481540	0	0
815.531545	0	0
815.581550	0	0
815.631555	0	0
815.681560	0	0
815.731565	0	0
815.781570	0	0
815.831575	0	0
815.881580	0	0
815.931585	0	0
815.981590	0	0
816.030595	0	0
816.080600	0	0
816.130605	0	0
816.180610	0	0
816.230615	0	0
816.280620	0	0
816.330625	0	0
816.380630	0	0
816.430635	0	0
816.480640	0	0
816.530645	0	0
816.580650	0	0
816.630655	0	0
816.680660	0	0
816.730665	0	0
816.780670	0	0
816.830675	0	0
816.880680	0	0
816.930685	0	0
816.980690	0	0
817.030695	0	0
817.080700	0	0
817.130705	0	0
817.180710	0	0
817.230715	0	0
817.280720	0	0
817.330725	0	0
817.380730	0	0
817.430735	0	0
817.480740	0	0
817.530745	0	0
817.580750	0	0
817.630755	0	0
817.680760	0	0
817.730765	0	0
817.780770	0	0
817.830775	0	0
817.880780	0	0
817.930785	0	0
817.980790	0	0
818.030795	0	0
818.080800	0	0
818.130805	0	0
818.180810	0	0
818.230815	0	0
818.280820	0	0
818.330825	0	0
818.380830	0	0
818.430835	0	0
818.480840	0	0
818.530845	0	0
818.580850	0	0
818.630855	0	0
818.680860	0	0
818.730865	0	0
818.780870	0	0
818.830875	0	0
818.880880	0	0
818.930885	0	0
818.980890	0	0
819.030895	0	0
819.080900	0	0
819.130905	0	0
819.180910	0	0
819.230915	0	0
819.280920	0	0
819.330925	0	0
819.380930	0	0
819.430935	0	0
819.480940	0	0
819.530945	0	0
819.580950	0	0
819.630955	0	0
819.680960	0	0
819.730965	0	0
819.780970	0	0
819.830975	0	0
819.880980	0	0
819.930985	0	0
819.980990	0	0
820.030995	0	0
820.081000	0	0
820.131005	0	0
820.181010	0	0
820.231015	0	0
820.281020	0	0
820.331025	0	0
820.381030	0	0
820.431035	0	0
820.481040	0	0
820.531045	0	0
820.581050	0	0
820.631055	0	0
820.681060	0	0
820.731065	0	0
820.781070	0	0
820.831075	0	0
820.881080	0	0
820.931085	0	0
820.981090	0	0
821.031095	0	0
821.081100	0	0
821.131105	0	0
821.181110	0	0
821.231115	0	0
821.281120	0	0
821.331125	0	0
821.381130	0	0
821.431135	0	0
821.481140	0	0
821.531145	0	0
821.581150	0	0
821.631155	0	0
821.681160	0	0
821.731165	0	0
821.781170	0	0
821.831175	0	0
821.881180	0	0
821.931185	0	0
821.981190	0	0
822.031195	0	0
822.081200	0	0
822.131205	0	0
822.181210	0	0
822.231215	0	0
822.281220	0	0
822.331225	0	0
822.381230	0	0
822.431235	0	0
822.481240	0	0
822.531245	0	0
822.581250	0	0
822.631255	0	0
822.681260	0	0
822.731265	0	0
822.781270	0	0
822.831275	0	0
822.881280	0	0
822.931285	0	0
822.981290	0	0
823.031295	0	0
823.081300	0	0
823.131305	0	0
823.181310	0	0
823.231315	0	0
823.281320	0	0
823.331325	0	0
823.381330	0	0
823.431335	0	0
823.481340	0	0
823.531345	0	0
823.581350	0	0
823.631355	0	0
823.681360	0	0
823.731365	0	0
823.781370	0	0
823.831375	0	0
823.881380	0	0
823.931385	0	0
823.981390	0	0
824.031395	0	0
824.081400	0	0
824.131405	0	0
824.181410	0	0
824.231415	0	0
824.281420	0	0
824.331425	0	0
824.381430	0	0
824.431435	0	0
824.481440	0	0
824.531445	0	0
824.581450	0	0
824.631455	0	0
824.681460	0	0
824.731465	0	0
824.781470	0	0
824.831475	0	0
824.881480	0	0
824.931485	0	0
824.981490	0	0
825.031495	0	0
825.081500	0	0
825.131505	0	0
825.181510	0	0
825.231515	0	0
825.281520	0	0
825.331525	0	0
825.381530	0	0
825.431535	0	0
825.481540	0	0
825.531545	0	0
825.581550	0	0
825.631555	0	0
825.681560	0	0
825.731565	0	0
825.781570	0	0
825.831575	0	0
825.881580	0	-165
825.931585	0	-165
825.981590	0	-165
826.031595	0	-165
826.081600	0	-245
826.131605	0	-309
826.181610	0	-309
826.231615	0	-309
826.281620	0	-57
826.331625	0	0
826.381630	0	0
826.431635	0	0
826.481640	0	0
826.531645	0	0
826.581650	0	0
826.631655	0	0
826.681660	0	0
826.731665	0	0
826.781670	0	180
826.831675	0	668
826.881680	0	972
826.931685	0	1448
826.981690	-780	1700
827.031695	-976	1964
827.081700	-1376	2188
827.131705	-1608	2388
827.181710	-2048	2520
827.231715	-2600	2688
827.281720	-3064	2896
827.331725	-3584	3064
827.381730	-3756	3128
827.431735	-3860	3240
827.481740	-3912	3312
827.531745	-3956	3440
827.581750	-3984	3584
827.631755	-3988	3676
827.681760	-4084	3768
827.731765	-4116	3836
827.781770	-4160	3916
827.831775	-4220	3968
827.881780	-4220	4052
827.931785	-4220	4120
827.981790	-4220	4212
828.031795	-4220	4316
828.081800	-4220	4416
828.131805	-4220	4468
828.181810	-4196	4556
828.231815	-3988	4680
828.281820	-3840	4776
828.331825	-3668	4860
828.381830	-3568	4960
828.431835	-3500	5040
828.481840	-3476	5092
828.531845	-3416	5156
828.581850	-3356	5216
828.631855	-3328	5216
828.681860	-3256	5256
828.731865	-3204	5280
828.781870	-3192	5280
828.831875	-3184	5280
828.881880	-3168	5280
828.931885	-3152	5280
828.981890	-3152	5280
829.031895	-3152	5280
829.081900	-3148	5280
829.131905	-3148	5280
829.181910	-3148	5280
829.231915	-3148	5280
829.281920	-3148	5280
829.331925	-3148	5280
829.381930	-3148	5280
829.431935	-3148	5280
829.481940	-3148	5280
829.531945	-3148	5280
829.581950	-3148	5280
829.631955	-3148	5280
829.681960	-3148	5280
829.731965	-3148	5280
829.781970	-3148	5280
829.831975	-3148	5280
829.881980	-3148	5280
829.931985	-3148	5280
829.981990	-3148	5280
830.031995	-3148	5280
830.082000	-3148	5280
830.132005	-3148	5280
830.182010	-3148	5280
830.232015	-3148	5280
830.282020	-3148	5280
830.332025	-3148	5280
830.382030	-3148	5280
830.432035	-3148	5280
830.482040	-3148	5280
830.532045	-3148	5280
830.582050	-3148	5280
830.632055	-3148	5280
830.682060	-3148	5280
830.732065	-3148	5336
830.782070	-3148	5384
830.832075	-3148	5428
830.882080	-3148	5464
830.932085	-3148	5488
830.982090	-3148	5520
831.032095	-3148	5532
831.082100	-3148	5580
831.132105	-3148	5596
831.182110	-3148	5608
831.232115	-3148	5628
831.282120	-3132	5632
831.332125	-3132	5644
831.382130	-3132	5656
831.432135	-3132	5660
831.482140	-3132	5668
831.532145	-3124	5668
831.582150	-3124	5668
831.632155	-3124	5668
831.682160	-3124	5668
831.732165	-3124	5668
831.782170	-3124	5668
831.832175	-3124	5668
831.882180	-3124	5668
831.932185	-3124	5668
831.982190	-3124	5668
832.032195	-3124	5668
832.082200	-3124	5668
832.132205	-3124	5668
832.182210	-3124	5672
832.232215	-3124	5696
832.282220	-3124	5712
832.332225	-3124	5716
832.382230	-3124	5728
832.432235	-3124	5736
832.482240	-3124	5736
832.532245	-3124	5736
832.582250	-3124	5736
832.632255	-3124	5736
832.682260	-3200	5736
832.732265	-3496	5736
832.782270	-3868	5736
832.832275	-4080	5736
832.882280	-4136	5736
832.932285	-4188	5736
832.982290	-4200	5736
833.032295	-4204	5736
833.082300	-4204	5736
833.132305	-4204	5736
833.182310	-4204	5736
833.232315	-4204	5736
833.282320	-4204	5776
833.332325	-4204	5904
833.382330	-4204	5984
833.432335	-4204	6124
833.482340	-4204	6196
833.531345	-4204	6276
833.581350	-4204	6348
833.631355	-4204	6392
833.681360	-4204	6424
833.731365	-4204	6448
833.781370	-4204	6448
833.831375	-4204	6480
833.881380	-4208	6504
833.931385	-4268	6556
833.981390	-4308	6592
834.031395	-4376	6600
834.081400	-4376	6628
834.131405	-4376	6628
834.181410	-4376	6628
834.231415	-4376	6628
834.281420	-4376	6628
834.331425	-4392	6628
834.381430	-4392	6632
834.431435	-4424	6664
834.481440	-4424	6664
834.531445	-4444	6664
834.581450	-4444	6664
834.631455	-4444	6664
834.681460	-4460	6664
834.731465	-4464	6664
834.781470	-4464	6664
834.831475	-4464	6664
834.881480	-4464	6664
834.931485	-4464	6664
834.981490	-4464	6664
835.031495	-4464	6664
835.081500	-4464	6664
835.131505	-4464	6664
835.181510	-4464	6664
835.231515	-4464	6664
835.281520	-4464	6664
835.331525	-4464	6664
835.381530	-4464	6664
835.431535	-4464	6664
835.481540	-4464	6664
835.531545	-4464	6664
835.581550	-4464	6664
835.631555	-4468	6664
835.681560	-4468	6664
835.731565	-4476	6664
835.781570	-4476	6664
835.831575	-4480	6664
835.881580	-4480	6664
835.931585	-4480	6664
835.981590	-4480	6664
836.031595	-4480	6664
836.081600	-4480	6664
836.131605	-4480	6664
836.181610	-4480	6664
836.231615	-4480	6664
836.281620	-4480	6664
836.331625	-4480	6664
836.381630	-4480	6664
836.431635	-4480	6664
836.481640	-4492	6664
836.531645	-4500	6664
836.581650	-4540	6664
836.631655	-4620	6664
836.681660	-4696	6664
836.731665	-5028	6664
836.781670	-5488	6664
836.831675	-5932	6664
836.881680	-6048	6664
836.931685	-6048	6664
836.981690	-6048	6664
837.031695	-6048	6664
837.081700	-6048	6664
837.131705	-6048	6664
837.181710	-6048	6664
837.231715	-6048	6668
837.281720	-6048	6668
837.331725	-6072	6700
837.381730	-6136	6736
837.431735	-6220	6756
837.481740	-6332	6776
837.531745	-6420	6776
837.581750	-6472	6776
837.631755	-6520	6776
837.747766	-6668	6800
837.781770	-6760	6804
837.831775	-6852	6812
837.881780	-6852	6852
837.931785	-6868	6852
837.981790	-6872	6852
838.031795	-6872	6868
838.081800	-6884	6876
838.131805	-6884	6876
838.181810	-6904	6876
838.231815	-6904	6884
838.281820	-6904	6912
838.331825	-6904	6912
838.381830	-6904	6912
838.431835	-6904	6916
838.481840	-6904	6916
838.531845	-6904	6916
838.581850	-6904	6916
838.631855	-6904	6916
838.681860	-6904	6916
838.731865	-6904	6932
838.781870	-6904	6932
838.831875	-6904	6932
838.881880	-6904	6932
838.931885	-6904	6932
838.981890	-6904	6932
839.031895	-6904	6932
839.081900	-6904	6932
839.131905	-6904	6932
839.181910	-6904	6932
839.231915	-6904	6932
839.281920	-6904	6932
839.331925	-6904	6932
839.381930	-6904	6932
839.431935	-6904	6932
839.481940	-6904	6932
839.531945	-6904	6932
839.581950	-6904	6932
839.631955	-6904	6932
839.681960	-6904	6932
839.731965	-6904	6932
839.781970	-6904	6932
839.831975	-6904	6932
839.881980	-6904	6932
839.931985	-6904	6932
839.981990	-6904	6932
840.031995	-6904	6932
840.082000	-6904	6932
840.132005	-6904	6868
840.182010	-6904	6740
840.232015	-6904	6664
840.282020	-6904	6528
840.332025	-6904	6452
840.382030	-6904	6384
840.432035	-6904	6304
840.482040	-6904	6272
840.532045	-6904	6248
840.582050	-6904	6212
840.632055	-6904	6212
840.682060	-6904	6184
840.732065	-6904	6156
840.782070	-6904	6148
840.832075	-6904	6144
840.882080	-6904	6144
840.932085	-6904	6128
840.982090	-6904	6128
841.032095	-6904	6128
841.082100	-6904	6116
841.132105	-6900	6096
841.182110	-6900	6096
841.232115	-6900	6096
841.282120	-6900	6096
841.332125	-6900	6076
841.382130	-6900	6076
841.432135	-6892	6076
841.482140	-6892	6076
841.532145	-6892	6076
841.582150	-6892	6076
841.632155	-6892	6076
841.682160	-6892	6076
841.732165	-6892	6076
841.782170	-6892	6076
841.832175	-6892	6076
841.882180	-6892	6076
841.932185	-6892	6076
841.982190	-6892	6076
842.032195	-6892	6076
842.082200	-6892	6076
842.132205	-6892	6076
842.182210	-6892	6076
842.232215	-6892	6076
842.282220	-6892	6076
842.332225	-6892	6076
842.382230	-6892	6076
842.432235	-6892	6076
842.482240	-6892	6076
842.532245	-6892	6076
842.582250	-6892	6076
842.632255	-6892	6076
842.682260	-6892	6076
842.732265	-6892	6076
842.782270	-6892	6076
842.832275	-6892	6076
842.882280	-6892	6076
842.932285	-6892	6076
842.982290	-6892	6076
843.032295	-6892	6076
843.082300	-6892	6076
843.132305	-6892	6076
843.182310	-6892	6076
843.232315	-6892	6076
843.282320	-6892	6076
843.332325	-6892	6076
843.382330	-6892	6076
843.432335	-6892	6076
843.482340	-6892	6076
843.532345	-6892	6076
843.582350	-6892	6076
843.632355	-6892	6076
843.682360	-6892	6076
843.732365	-6892	6076
843.782370	-6892	6076
843.832375	-6892	6076
843.882380	-6892	6076
843.932385	-6892	6076
843.982390	-6892	6076
844.032395	-6872	6048
844.082400	-6872	5976
844.132405	-6860	5888
844.182410	-6816	5860
844.232415	-6772	5824
844.282420	-6764	5808
844.332425	-6752	5772
844.382430	-6748	5752
844.432435	-6732	5724
844.482440	-6704	5696
844.532445	-6688	5696
844.582450	-6688	5696
844.632455	-6688	5696
844.682460	-6688	5692
844.732465	-6688	5692
844.782470	-6684	5692
844.832475	-6684	5668
844.882480	-6684	5664
844.932485	-6684	5664
844.982490	-6684	5664
845.032495	-6684	5652
845.082500	-6684	5652
845.132505	-6684	5636
845.182510	-6680	5612
845.232515	-6672	5576
845.282520	-6656	5540
845.332525	-6656	5540
845.382530	-6636	5540
845.432535	-6624	5540
845.482540	-6624	5540
845.532545	-6600	5524
845.582550	-6600	5504
845.632555	-6596	5504
845.682560	-6564	5500
845.732565	-6532	5484
845.782570	-6532	5476
845.832575	-6532	5452
845.882580	-6520	5436
845.932585	-6520	5436
845.982590	-6504	5420
846.032595	-6496	5384
846.082600	-6456	5372
846.132605	-6444	5368
846.182610	-6440	5344
846.232615	-6392	5324
846.282620	-6392	5316
846.332625	-6392	5316
846.382630	-6376	5304
846.432635	-6372	5296
846.482640	-6356	5280
846.532645	-6356	5268
846.582650	-6356	5244
846.632655	-6344	5212
846.682660	-6344	5176
846.732665	-6344	5176
846.782670	-6344	5176
846.832675	-6328	5176
846.882680	-6328	5176
846.932685	-6328	5176
846.982690	-6328	5176
847.032695	-6328	5176
847.082700	-6328	5176
847.132705	-6328	5172
847.182710	-6328	5172
847.232715	-6328	5144
847.282720	-6328	5144
847.332725	-6320	5128
847.382730	-6320	5124
847.432735	-6320	5092
847.482740	-6308	5076
847.532745	-6308	5012
847.582750	-6284	5012
847.632755	-6276	5012
847.682760	-6264	5004
847.732765	-6240	4968
847.782770	-6240	4968
847.832775	-6224	4952
847.882780	-6220	4952
847.932785	-6220	4928
847.982790	-6220	4928
848.032795	-6220	4928
848.082800	-6220	4928
848.132805	-6220	4928
848.182810	-6220	4928
848.232815	-6220	4928
848.282820	-6220	4928
848.332825	-6220	4928
848.382830	-6220	4928
848.432835	-6220	4928
848.482840	-6220	4928
848.532845	-6220	4928
848.582850	-6220	4928
848.632855	-6220	4928
848.682860	-6220	4928
848.732865	-6220	4928
848.782870	-6220	4928
848.832875	-6220	4928
848.882880	-6220	4928
848.932885	-6220	4928
848.982890	-6220	4928
849.032895	-6220	4928
849.082900	-6220	4928
849.132905	-6220	4928
849.182910	-6220	4928
849.232915	-6220	4928
849.282920	-6220	4928
849.332925	-6220	4928
849.382930	-6220	4928
849.432935	-6220	4928
849.482940	-6220	4928
849.532945	-6220	4928
849.582950	-6220	4928
849.632955	-6220	4928
849.682960	-6220	4928
849.732965	-6220	4928
849.782970	-6220	4928
849.832975	-6220	4928
849.882980	-6220	4928
849.932985	-6220	4928
849.982990	-6220	4928
850.032995	-6220	4928
850.083000	-6220	4928
850.133005	-6220	4928
850.183010	-6220	4928
850.233015	-6220	4928
850.283020	-6220	4928
850.333025	-6220	4928
850.383030	-6220	4928
850.433035	-6220	4928
850.483040	-6220	4928
850.533045	-6220	4928
850.583050	-6220	4928
850.633055	-6220	4928
850.683060	-6220	4928
850.733065	-6220	4928
850.783070	-6220	4928
850.833075	-6220	4928
850.883080	-6220	4928
850.933085	-6220	4928
850.982090	-6220	4928
851.032094	-6220	4928
851.082100	-6220	4928
851.132105	-6220	4928
851.182110	-6220	4928
851.232115	-6220	4928
851.282120	-6220	4928
851.332125	-6220	4928
851.382130	-6220	4928
851.432135	-6220	4928
851.482140	-6220	4928
851.532145	-6220	4928
851.582150	-6220	4928
851.632155	-6220	4928
851.682160	-6220	4928
851.732165	-6220	4928
851.782170	-6220	4928
851.832175	-6220	4928
851.882180	-6220	4928
851.932185	-6220	4928
851.982190	-6220	4928
852.032195	-6220	4928
852.082200	-6220	4928
852.132205	-6220	4928
852.182209	-6220	4928
852.232215	-6220	4928
852.282220	-6220	4928
852.332225	-6220	4928
852.382230	-6220	4928
852.432235	-6220	4928
852.482240	-6220	4928
852.532245	-6220	4928
852.582250	-6220	4928
852.632255	-6220	4928
852.682260	-6220	4928
852.732265	-6220	4928
852.782269	-6220	4928
852.832275	-6220	4928
852.882280	-6220	4928
852.932285	-6220	4928
852.982290	-6220	4928
853.032295	-6220	4928
853.082300	-6220	4928
853.132305	-6220	4928
853.182310	-6220	4928
853.232315	-6220	4928
853.282320	-6220	4928
853.332325	-6220	4928
853.382330	-6220	4928
853.432335	-6180	4856
853.482340	-6180	4684
853.532345	-5980	4632
853.582350	-5792	4580
853.632355	-5752	4556
853.682360	-5740	4500
853.732365	-5716	4452
853.782370	-5692	4388
853.832375	-5624	4288
853.882380	-5464	4132
853.932384	-5148	3956
853.982390	-5000	3900
854.032395	-4908	3824
854.082400	-4880	3772
854.132405	-4812	3688
854.182410	-4748	3644
854.232415	-4696	3552
854.282420	-4640	3484
854.332425	-4460	3376
854.382430	-4332	3300
854.432435	-4248	3244
854.482440	-4148	3132
854.532444	-4092	3124
854.582450	-4080	3112
854.632455	-4064	3108
854.682460	-4064	3108
854.732465	-4048	3088
854.782470	-4048	3080
854.832475	-4048	3080
854.882480	-4048	3080
854.932485	-4044	3080
854.982490	-4044	3080
855.032495	-4040	3080
855.082500	-4040	3080
855.132505	-4040	3080
855.182510	-4040	3080
855.232515	-4036	3080
855.282520	-4032	3080
855.332525	-4032	3080
855.382530	-4032	3080
855.432535	-4016	3080
855.482540	-4016	3080
855.532545	-4016	3080
855.582550	-4016	3080
855.632555	-4016	3080
855.682559	-4016	3080
855.732565	-4016	3080
855.782570	-4016	3080
855.832575	-4016	3080
855.882580	-4016	3080
855.932585	-4016	3080
855.982590	-4016	3080
856.032595	-4016	3080
856.082600	-4016	3080
856.132605	-4016	3080
856.182610	-4016	3072
856.232615	-4016	3072
856.282620	-4016	3072
856.332625	-4016	3068
856.382630	-4016	3068
856.432635	-3992	3028
856.482640	-3984	2940
856.532645	-3916	2868
856.582650	-3892	2844
856.632655	-3864	2824
856.682660	-3804	2820
856.732665	-3796	2800
856.782670	-3760	2788
856.832675	-3728	2780
856.882680	-3704	2740
856.932685	-3688	2740
856.982690	-3672	2708
857.032695	-3612	2696
857.082700	-3612	2688
857.132705	-3604	2672
857.182710	-3572	2600
857.232715	-3544	2600
857.282720	-3520	2556
857.332725	-3464	2556
857.382730	-3464	2556
857.432734	-3424	2544
857.482740	-3420	2544
857.532745	-3420	2540
857.582750	-3420	2492
857.632755	-3412	2492
857.682760	-3408	2492
857.732765	-3368	2464
857.782770	-3352	2440
857.832775	-3352	2428
857.882780	-3336	2388
857.932785	-3336	2384
857.982790	-3324	2384
858.032795	-3308	2368
858.082800	-3304	2364
858.132805	-3304	2340
858.182810	-3292	2340
858.232815	-3280	2340
858.282820	-3280	2328
858.332825	-3276	2324
858.382830	-3272	2296
858.432835	-3228	2296
858.482840	-3228	2276
858.532845	-3216	2260
858.582850	-3216	2256
858.632855	-3216	2256
858.682860	-3192	2256
858.732865	-3192	2244
858.782870	-3192	2244
858.832875	-3176	2244
858.882880	-3176	2244
858.932885	-3176	2244
858.982890	-3176	2232
859.032895	-3152	2232
859.082900	-3152	2220
859.132905	-3152	2220
859.182909	-3152	2220
859.232915	-3144	2212
859.282920	-3140	2212
859.332925	-3136	2212
859.382930	-3136	2212
859.432935	-3128	2212
859.482940	-3128	2196
859.532945	-3124	2176
859.582950	-3092	2156
859.632955	-3088	2148
859.682960	-3088	2148
859.732965	-3072	2128
859.782970	-3064	2116
859.832975	-3052	2084
859.882980	-3028	2084
859.932985	-2972	2016
859.982990	-2952	2008
860.032995	-2936	1964
860.083000	-2868	1940
860.133005	-2860	1940
860.183010	-2832	1940
860.233015	-2804	1924
860.283020	-2796	1900
860.333025	-2780	1896
860.383030	-2764	1868
860.433035	-2744	1860
860.483040	-2736	1844
860.533045	-2708	1836
860.583050	-2680	1828
860.633055	-2676	1792
860.683060	-2652	1784
860.733065	-2636	1776
860.783070	-2612	1776
860.833075	-2572	1776
860.883080	-2572	1776
860.933084	-2564	1776
860.983090	-2552	1764
861.033095	-2552	1764
861.083100	-2552	1764
861.133105	-2536	1764
861.183110	-2524	1764
861.233115	-2524	1764
861.283120	-2512	1764
861.333125	-2504	1764
861.383130	-2504	1764
861.433135	-2504	1756
861.483140	-2504	1756
861.533145	-2504	1756
861.583150	-2500	1756
861.633155	-2492	1736
861.683160	-2492	1736
861.733165	-2492	1736
861.783170	-2492	1736
861.833175	-2492	1736
861.883180	-2492	1736
861.933185	-2484	1736
861.983190	-2484	1736
862.033195	-2484	1736
862.083200	-2484	1736
862.133205	-2484	1736
862.183210	-2484	1736
862.233215	-2484	1736
862.283220	-2484	1736
862.333225	-2484	1736
862.383230	-2484	1736
862.433235	-2484	1736
862.483240	-2484	1736
862.533245	-2484	1800
862.583250	-2484	1860
862.633255	-2484	1912
862.683259	-2484	1932
862.733265	-2484	1984
862.783270	-2484	2004
862.833275	-2484	2024
862.883280	-2484	2040
862.933285	-2484	2068
862.983290	-2484	2084
863.033295	-2484	2112
863.083300	-2484	2136
863.133305	-2484	2192
863.183310	-2484	2212
863.233315	-2484	2232
863.283320	-2484	2244
863.333325	-2484	2256
863.383330	-2484	2264
863.433335	-2484	2284
863.483340	-2484	2284
863.533345	-2484	2284
863.583350	-2484	2284
863.633355	-2484	2284
863.683360	-2484	2284
863.733365	-2484	2284
863.783370	-2484	2284
863.833375	-2484	2284
863.883380	-2484	2284
863.933385	-2484	2284
863.983390	-2484	2284
864.033395	-2484	2284
864.083400	-2484	2284
864.133405	-2484	2284
864.183410	-2484	2284
864.233415	-2484	2284
864.283420	-2484	2284
864.333425	-2484	2288
864.383430	-2484	2288
864.433434	-2484	2288
864.483440	-2484	2288
864.533445	-2484	2308
864.583450	-2484	2308
864.633455	-2484	2308
864.683460	-2484	2328
864.733465	-2484	2328
864.783470	-2484	2328
864.833475	-2484	2336
864.883480	-2484	2336
864.933485	-2484	2348
864.983490	-2484	2348
865.033495	-2484	2352
865.083500	-2484	2352
865.133505	-2484	2356
865.183510	-2484	2356
865.233515	-2484	2356
865.283520	-2484	2356
865.333525	-2484	2356
865.383530	-2484	2356
865.433535	-2484	2356
865.483540	-2484	2356
865.533545	-2484	2356
865.583549	-2484	2356
865.633555	-2484	2356
865.683560	-2484	2356
865.733565	-2484	2368
865.783570	-2484	2376
865.833575	-2484	2376
865.883580	-2484	2376
865.933585	-2484	2376
865.983590	-2484	2376
866.033595	-2484	2376
866.083600	-2484	2376
866.133605	-2484	2376
866.183609	-2484	2376
866.233615	-2484	2376
866.283620	-2484	2376
866.333625	-2484	2376
866.383630	-2484	2376
866.433635	-2484	2376
866.483640	-2484	2376
866.533645	-2484	2392
866.583650	-2484	2392
866.633655	-2484	2396
866.683660	-2484	2396
866.733665	-2484	2400
866.783670	-2484	2404
866.833675	-2484	2404
866.883680	-2484	2404
866.933685	-2484	2404
866.983690	-2484	2404
867.033695	-2484	2404
867.083700	-2484	2404
867.133705	-2484	2416
867.183710	-2484	2416
867.233715	-2484	2416
867.283720	-2484	2416
867.333724	-2484	2416
867.383730	-2484	2416
867.433735	-2484	2416
867.483740	-2484	2416
867.533745	-2484	2416
867.583750	-2484	2416
867.633755	-2484	2424
867.683760	-2484	2424
867.733765	-2484	2424
867.783770	-2484	2424
867.833775	-2484	2424
867.883780	-2484	2424
867.933784	-2484	2424
867.983790	-2484	2424
868.033795	-2484	2424
868.083800	-2484	2424
868.133805	-2484	2424
868.183810	-2484	2424
868.233815	-2484	2424
868.283820	-2484	2424
868.333825	-2484	2424
868.383830	-2484	2424
868.433835	-2484	2424
868.482840	-2484	2424
868.532845	-2484	2424
868.582850	-2484	2424
868.632854	-2484	2424
868.682859	-2484	2424
868.732864	-2484	2424
868.782870	-2484	2424
868.832875	-2484	2424
868.882880	-2484	2424
868.932885	-2484	2424
868.982890	-2484	2424
869.032895	-2484	2424
869.082900	-2484	2424
869.132905	-2484	2424
869.182909	-2484	2424
869.232914	-2484	2424
869.282919	-2484	2424
869.332925	-2484	2424
869.382930	-2484	2424
869.432935	-2484	2424
869.482940	-2484	2424
869.532945	-2484	2424
869.582950	-2484	2424
869.632955	-2484	2424
869.682960	-2484	2424
869.732965	-2484	2424
869.782969	-2484	2424
869.832974	-2484	2424
869.882979	-2484	2424
869.932985	-2484	2424
869.982990	-2484	2424
870.032995	-2484	2424
870.083000	-2484	2424
870.133005	-2484	2424
870.183010	-2484	2424
870.233015	-2484	2424
870.283020	-2484	2424
870.333025	-2484	2424
870.383029	-2484	2424
870.433034	-2484	2424
870.483039	-2484	2424
870.533045	-2484	2424
870.583050	-2484	2424
870.633055	-2484	2424
870.683060	-2484	2424
870.733065	-2484	2424
870.783070	-2484	2424
870.833075	-2484	2424
870.883080	-2484	2424
870.933084	-2484	2424
870.983089	-2484	2424
871.033094	-2484	2424
871.083100	-2484	2424
871.133105	-2484	2424
871.183110	-2484	2424
871.233115	-2484	2424
871.283120	-2484	2424
871.333125	-2484	2424
871.383130	-2484	2424
871.433135	-2484	2424
871.483140	-2484	2424
871.533144	-2484	2424
871.583149	-2484	2424
871.633154	-2484	2424
871.683160	-2484	2424
871.733165	-2484	2424
871.783170	-2484	2424
871.833175	-2484	2424
871.883180	-2484	2424
871.933185	-2484	2424
871.983190	-2484	2420
872.033195	-2484	2420
872.083200	-2484	2420
872.133204	-2484	2420
872.183209	-2484	2420
872.233214	-2484	2420
872.283220	-2484	2420
872.333225	-2484	2416
872.383230	-2484	2408
872.433235	-2484	2408
872.483240	-2484	2404
872.533245	-2484	2404
872.583250	-2484	2404
872.633255	-2484	2404
872.683259	-2484	2376
872.733264	-2484	2368
872.783269	-2484	2352
872.833275	-2484	2348
872.883280	-2484	2316
872.933285	-2484	2272
872.983290	-2484	2264
873.033295	-2484	2252
873.083300	-2484	2188
873.133305	-2484	2176
873.183310	-2484	2160
873.233315	-2484	2124
873.283319	-2484	2064
873.333324	-2484	2004
873.383329	-2484	1984
873.433335	-2484	1928
873.483340	-2484	1876
873.533345	-2484	1860
873.583350	-2484	1820
873.633355	-2484	1776
873.683360	-2484	1752
873.733365	-2484	1752
873.783370	-2484	1688
873.833375	-2484	1632
873.883379	-2484	1576
873.933384	-2452	1516
873.983389	-2396	1516
874.033395	-2368	1504
874.083400	-2268	1504
874.133405	-2204	1460
874.183410	-2160	1460
874.233415	-2148	1460
874.283420	-2116	1460
874.333425	-2108	1432
874.383430	-2088	1432
874.433434	-2088	1432
874.483439	-2068	1432
874.533444	-2056	1432
874.583450	-2056	1360
874.633455	-2028	1360
874.683460	-1996	1312
874.733465	-1956	1292
874.783470	-1936	1252
874.833475	-1876	1244
874.883480	-1852	1240
874.933485	-1824	1228
874.983490	-1824	1204
875.033494	-1808	1188
875.083499	-1784	1184
875.133504	-1784	1176
875.183510	-1784	1148
875.233515	-1780	1136
875.283520	-1752	1104
875.333525	-1752	1068
875.383530	-1752	1052
875.433535	-1752	1052
875.483540	-1728	1028
875.533545	-1716	1024
875.583549	-1712	988
875.633554	-1704	988
875.683559	-1700	972
875.733564	-1680	964
875.783570	-1676	940
875.833575	-1668	940
875.883580	-1668	928
875.933585	-1644	924
875.983590	-1644	904
876.033595	-1644	904
876.083600	-1640	884
876.133605	-1632	880
876.183609	-1632	880
876.233614	-1628	864
876.283619	-1624	864
876.333625	-1624	844
876.383630	-1624	844
876.433635	-1600	128
876.483640	-1600	128
876.533645	-1576	88
876.583650	-1576	88
876.633655	-1576	88
876.683660	-1544	56
876.733665	-1524	56
876.783669	-1500	0
876.833674	-1440	0
876.883679	-1380	0
876.933685	-1316	0
876.983690	-1240	0
877.033695	-1212	0
877.083700	-1136	0
877.133705	-1068	0
877.183710	-1004	0
877.233715	-1004	0
877.283720	-952	0
877.333724	-936	0
877.383729	-876	0
877.433734	-832	0
877.483740	-832	0
877.533745	-548	0
877.583750	-464	0
877.633755	-368	0
877.683760	-276	0
877.733765	-276	0
877.783770	-192	0
877.833775	-192	0
877.883780	-168	0
877.933784	-140	0
877.983789	-92	0
878.033794	-56	0
878.083800	-16	0
878.133805	0	0
878.183810	0	0
878.233815	0	0
878.283820	0	0
878.333825	0	0
878.383830	0	0
878.433835	0	0
878.483840	0	0
878.533844	0	0
878.583849	0	0
878.633854	0	0
878.683860	0	0
878.733865	0	0
878.783870	0	0
878.833875	0	0
878.883880	0	0
878.933885	0	0
878.983890	0	0
879.033895	0	0
879.083899	0	0
879.133904	0	0
879.183909	0	0
879.233915	0	0
879.283920	0	0
879.333925	0	0
879.383930	0	0
879.433935	0	0
879.483940	0	0
879.533945	0	0
879.583950	0	0
879.633955	0	0
879.683959	0	0
879.733964	0	0
879.783969	0	0
879.833975	0	0
879.883980	0	0
879.933985	0	0
879.983990	0	0
880.033995	0	0
880.084000	0	0
880.134005	0	0
880.184010	0	0
880.234015	0	0
880.284019	0	0
880.334024	0	0
880.384029	0	0
880.434035	0	0
880.484040	0	0
880.534045	0	0
880.584050	0	0
880.634055	0	0
880.684060	0	0
880.734065	-24	424
880.784070	-224	604
880.834074	-396	784
880.884079	-640	900
880.934084	-1372	1192
880.984090	-1484	1192
881.034095	-1484	1472
881.084100	-1548	1724
881.134105	-1568	1788
881.184110	-1664	1840
881.234115	-2148	1916
881.284120	-2380	2108
881.334125	-2860	2360
881.384130	-3936	2760
881.434134	-4796	3252
881.484139	-5096	3420
881.534144	-5344	3524
881.584150	-5352	3644
881.634155	-5352	3788
881.684160	-5352	3888
881.734165	-5352	3900
881.784170	-5352	3936
881.834175	-5352	3980
881.884180	-5352	3980
881.934185	-5352	4088
881.984190	-5352	4152
882.034194	-5352	4248
882.084199	-5352	4320
882.134204	-5436	4412
882.184210	-5516	4520
882.234215	-5624	4608
882.284220	-5728	4716
882.334225	-5996	4872
882.384230	-6200	4980
882.434235	-6416	5044
882.484240	-6540	5096
882.534245	-6656	5176
882.584249	-6688	5216
882.634254	-6728	5288
882.684259	-6740	5304
882.734265	-6844	5380
882.793271	-6904	5392
882.834275	-6960	5428
882.884280	-7048	5456
882.934285	-7100	5544
882.984290	-7132	5544
883.034295	-7164	5560
883.084300	-7200	5600
883.134305	-7212	5632
883.184309	-7220	5644
883.234314	-7236	5704
883.284319	-7276	5724
883.334325	-7292	5752
883.384330	-7300	5772
883.434335	-7316	5772
883.484340	-7324	5792
883.534345	-7372	5868
883.584350	-7372	5932
883.634355	-7420	5972
883.684360	-7428	5972
883.734365	-7440	5972
883.784369	-7440	5972
883.834374	-7448	5972
883.884379	-7452	5972
883.934385	-7452	5972
883.984390	-7472	5972
884.034395	-7476	5972
884.084400	-7476	5972
884.134405	-7476	5972
884.184410	-7476	5972
884.234415	-7476	5972
884.293420	-7476	5972
884.334424	-7476	5972
884.384429	-7476	5972
884.434434	-7476	5972
884.484440	-7476	5972
884.534445	-7476	5972
884.584450	-7476	5972
884.634455	-7476	5972
884.684460	-7476	5972
884.734465	-7476	5972
884.784470	-7476	5972
884.834475	-7476	5972
884.884480	-7476	5972
884.934484	-7476	5972
884.984489	-7476	5972
885.034494	-7476	5972
885.084500	-7476	5972
885.134505	-7484	5972
885.184510	-7484	5972
885.234515	-7484	5972
885.284520	-7484	5972
885.334525	-7484	5972
885.384530	-7484	5972
885.434535	-7484	5972
885.484540	-7484	5972
885.534544	-7484	5972
885.584549	-7484	5972
885.634554	-7484	5972
885.684560	-7484	5972
885.734565	-7484	5972
885.784570	-7484	5972
885.834575	-7484	5972
885.884580	-7484	5972
885.934585	-7484	5972
885.983590	-7484	5972
886.033595	-7484	5972
886.083600	-7484	5972
886.133605	-7484	5972
886.183609	-7484	5972
886.233614	-7484	5972
886.283619	-7484	5972
886.333624	-7484	5972
886.383629	-7484	5972
886.433634	-7484	5972
886.483640	-7484	5972
886.533645	-7484	5972
886.583650	-7484	5972
886.633655	-7484	5972
886.683660	-7484	5972
886.733665	-7484	5972
886.783669	-7484	5932
886.833674	-7484	5896
886.883679	-7484	5880
886.933684	-7484	5872
886.983689	-7484	5872
887.033695	-7484	5872
887.083700	-7484	5872
887.133705	-7484	5872
887.183710	-7484	5872
887.233715	-7484	5872
887.283720	-7484	5872
887.333724	-7484	5872
887.383729	-7484	5872
887.433734	-7484	5872
887.483739	-7484	5872
887.533744	-7484	5872
887.583749	-7484	5872
887.633755	-7484	5872
887.683760	-7484	5872
887.733765	-7484	5872
887.783770	-7484	5872
887.833775	-7484	5872
887.883780	-7484	5872
887.933784	-7484	5872
887.983789	-7484	5868
888.033794	-7484	5852
888.083799	-7484	5852
888.133804	-7484	5816
888.183809	-7516	5736
888.233815	-7608	5684
888.283820	-7624	5636
888.333825	-7668	5584
888.383830	-7688	5568
888.433835	-7688	5564
888.483840	-7688	5540
888.533844	-7688	5528
888.583849	-7688	5528
888.633854	-7688	5528
888.683859	-7688	5528
888.733864	-7688	5524
888.783870	-7688	5524
888.833875	-7688	5524
888.883880	-7688	5524
888.933885	-7688	5524
888.983890	-7688	5524
889.033895	-7688	5524
889.083899	-7688	5524
889.133904	-7688	5524
889.183909	-7688	5524
889.233914	-7688	5524
889.283919	-7688	5524
889.333924	-7688	5524
889.383930	-7688	5524
889.433935	-7688	5524
889.483940	-7688	5524
889.533945	-7688	5524
889.583950	-7688	5524
889.633955	-7688	5524
889.683959	-7688	5524
889.733964	-7688	5568
889.783969	-7688	5596
889.833974	-7688	5620
889.883979	-7688	5632
889.933984	-7688	5640
889.983990	-7688	5664
890.033995	-7688	5684
890.084000	-7688	5684
890.134005	-7688	5684
890.184010	-7688	5684
890.234015	-7688	5684
890.284019	-7688	5684
890.334024	-7688	5684
890.384029	-7688	5684
890.434034	-7688	5684
890.484039	-7688	5684
890.534045	-7688	5684
890.584050	-7688	5684
890.634055	-7688	5684
890.684060	-7688	5684
890.734065	-7688	5684
890.784070	-7688	5684
890.834074	-7688	5684
890.884079	-7688	5684
890.934084	-7688	5684
890.984089	-7688	5684
891.034094	-7688	5684
891.084099	-7688	5684
891.134105	-7688	5684
891.184110	-7688	5684
891.234115	-7688	5684
891.284120	-7688	5684
891.334125	-7688	5684
891.384130	-7688	5684
891.434134	-7688	5684
891.484139	-7688	5684
891.534144	-7688	5684
891.584149	-7688	5684
891.634154	-7688	5684
891.684159	-7688	5684
891.734165	-7688	5684
891.784170	-7688	5684
891.834175	-7688	5684
891.884180	-7688	5684
891.934185	-7688	5684
891.984190	-7688	5684
892.034194	-7688	5684
892.084199	-7688	5684
892.134204	-7688	5684
892.184209	-7688	5684
892.234214	-7688	5668
892.284220	-7688	5668
892.334225	-7688	5660
892.384230	-7688	5660
892.434235	-7688	5660
892.484240	-7688	5660
892.534245	-7688	5660
892.584249	-7688	5660
892.634254	-7688	5660
892.684259	-7688	5660
892.734264	-7688	5660
892.784269	-7688	5660
892.834274	-7688	5660
892.884280	-7688	5660
892.934285	-7688	5660
892.984290	-7688	5660
893.034295	-7688	5660
893.084300	-7688	5600
893.134305	-7688	5448
893.184309	-7688	5440
893.234314	-7760	5376
893.284319	-7828	5376
893.334324	-7856	5372
893.384329	-7884	5372
893.434334	-7892	5372
893.484340	-7892	5372
893.534345	-7892	5372
893.584350	-7892	5372
893.634355	-7892	5372
893.684360	-7892	5416
893.734365	-7892	5716
893.784369	-7892	5884
893.834374	-7892	6096
893.884379	-7892	6200
893.934384	-7892	6488
893.984389	-7892	6576
894.034395	-7892	6728
894.084400	-7892	6828
894.134405	-7892	6896
894.184410	-7892	6916
894.234415	-7892	6916
894.284420	-7892	6916
894.334424	-7892	6916
894.384429	-7892	6916
894.434434	-7892	6916
894.484439	-7892	6916
894.534444	-7892	6916
894.584449	-7892	6916
894.634455	-7892	6916
894.684460	-7892	6916
894.734465	-7892	6900
894.784470	-7892	6884
894.834475	-7892	6852
894.884480	-7892	6816
894.934484	-7892	6764
894.984489	-7892	6724
895.034494	-7892	6668
895.084499	-7892	6552
895.134504	-7892	6488
895.184509	-7892	6468
895.234515	-7892	6408
895.284520	-7892	6268
895.334525	-7972	6136
895.384530	-7972	6104
895.434535	-7984	6052
895.484540	-7988	6048
895.534544	-8000	6048
895.584549	-8000	6048
895.634554	-8000	6048
895.684559	-8000	6048
895.734564	-8004	6048
895.784570	-8004	6048
895.834575	-8004	5960
895.886580	-8004	5848
895.934585	-8004	5712
895.984590	-8004	5668
896.034595	-8004	5660
896.084599	-8004	5652
896.134604	-8004	5612
896.184609	-8004	5568
896.234614	-8004	5488
896.284619	-8004	5372
896.334624	-8004	5260
896.384630	-8004	5172
896.434635	-8004	5124
896.484640	-8004	5100
896.534645	-8004	5060
896.584650	-8004	5056
896.634655	-8004	5048
896.684659	-8004	5032
896.734664	-8004	5032
896.784669	-8004	5020
896.834674	-8004	5020
896.884679	-8004	5020
896.934685	-8004	4960
896.984690	-8004	4960
897.034695	-8004	4960
897.084700	-8004	4960
897.134705	-8004	4960
897.184710	-8004	4960
897.234715	-8004	4960
897.284719	-8004	4960
897.334724	-8004	4960
897.384729	-8004	4960
897.434734	-8004	4960
897.484739	-8004	4960
897.534745	-8004	4960
897.584750	-8004	4960
897.634755	-8004	4960
897.684760	-8004	4960
897.734765	-8004	4960
897.786770	-8004	4960
897.834774	-8004	4960
897.884779	-8004	4960
897.934784	-8004	4960
897.984789	-8004	4960
898.034794	-8004	4960
898.084799	-8004	4960
898.134805	-8004	4960
898.184810	-8004	4960
898.234815	-8004	4960
898.284820	-8004	4960
898.334825	-8004	4960
898.384830	-8004	4960
898.434834	-8004	4960
898.484839	-8004	4960
898.534844	-8004	4960
898.584849	-8004	4960
898.634854	-8004	4960
898.684860	-8004	4960
898.734865	-8004	4960
898.784870	-8004	4960
898.834875	-8004	4960
898.884880	-8004	4960
898.934885	-8004	4960
898.986890	-8004	4960
899.034894	-8004	4960
899.084899	-8004	4960
899.134904	-8004	4960
899.184909	-8004	4960
899.234914	-8004	4960
899.284920	-8004	4960
899.334925	-8004	4960
899.384930	-8004	4960
899.434935	-8004	4960
899.484940	-8004	4960
899.534945	-8004	4960
899.585949	-8004	4960
899.634954	-8004	4960
899.684959	-8004	4960
899.734964	-8004	4960
899.784969	-8004	4960
899.834974	-8004	4944
899.884980	-8004	4908
899.934985	-8004	4840
899.984990	-8004	4808
900.034995	-8004	4780
900.085000	-8004	4780
900.135005	-8004	4780
900.185009	-8004	4780
900.235014	-8004	4780
900.285019	-8004	4780
900.335024	-8004	4780
900.385029	-8004	4780
900.435035	-8004	4780
900.485040	-8004	4780
900.535045	-8004	4780
900.585050	-8004	4760
900.635055	-8004	4740
900.685060	-8004	4688
900.735065	-8004	4684
900.785069	-8004	4684
900.835074	-8004	4656
900.885079	-8004	4628
900.935084	-8004	4608
900.987090	-8004	4596
901.035095	-8004	4576
901.085100	-8004	4568
901.135105	-8004	4504
901.185110	-8004	4492
901.235115	-8004	4460
901.285120	-8004	4448
901.335124	-8004	4404
901.385129	-8004	4372
901.435134	-8004	4336
901.485139	-8004	4316
901.535144	-8004	4296
901.585149	-8004	4288
901.635155	-8004	4252
901.685160	-8004	4244
901.735165	-8004	4232
901.785170	-8004	4232
901.835175	-8004	4172
901.885180	-8004	4172
901.935184	-8004	4148
901.985189	-8004	4148
902.035194	-8004	4136
902.085199	-8004	4136
902.135204	-8004	4136
902.185210	-8004	4136
902.235215	-8004	4136
902.287220	-8004	4136
902.335225	-8004	4136
902.385230	-8004	4136
902.435235	-8004	4136
902.485240	-8004	4136
902.535244	-8004	4136
902.585249	-8004	4136
902.635254	-8004	4136
902.685259	-8004	4136
902.735264	-8004	4136
902.785270	-8004	4136
902.835275	-8004	4136
902.885280	-8004	4136
902.935285	-8004	4136
902.985290	-8004	4136
903.035295	-8004	4136
903.085299	-8004	4136
903.135304	-8004	4136
903.185309	-8004	4136
903.235314	-8004	4136
903.285319	-8004	4136
903.335324	-8004	4136
903.385330	-8004	4136
903.434334	-8004	4136
903.484339	-8004	4136
903.534344	-8004	4136
903.584350	-8004	4136
903.634355	-8004	4136
903.684360	-8004	4136
903.734365	-8004	4136
903.784369	-8004	4136
903.834374	-8004	4136
903.884379	-8004	4136
903.943385	-8004	4136
903.984389	-8004	4136
904.034394	-8004	4136
904.084399	-8004	4136
904.134404	-8004	4136
904.184410	-8004	4136
904.234415	-8004	4136
904.284420	-8004	4136
904.334424	-8004	4136
904.384429	-8004	4136
904.434434	-8004	4136
904.484439	-8004	4136
904.534444	-8004	4136
904.584449	-8004	4136
904.634454	-8004	4136
904.684459	-8004	4136
904.734465	-8004	4136
904.784470	-8004	4136
904.834475	-8004	4136
904.884480	-8004	4136
904.934484	-8004	4136
904.984489	-8004	4136
905.034494	-8004	4136
905.084499	-8004	4136
905.134504	-8004	4136
905.184509	-8004	4136
905.234514	-8004	4136
905.284519	-8004	4136
905.334525	-8004	4136
905.384530	-8004	4136
905.434535	-8004	4136
905.484540	-8004	4136
905.534544	-8004	4136
905.584549	-8004	4136
905.634554	-8004	4136
905.684559	-8004	4136
905.734564	-8004	4136
905.784569	-8004	4136
905.834574	-8004	4136
905.884579	-8004	4136
905.934585	-8004	4136
905.984590	-8004	4136
906.034595	-8004	4136
906.084599	-8004	4136
906.134604	-8004	4136
906.184609	-8004	4136
906.234614	-8004	4136
906.284619	-8004	4136
906.334624	-8004	4136
906.384629	-8004	4136
906.434634	-8004	4136
906.484640	-8004	4136
906.534645	-8004	4136
906.584650	-8004	4136
906.634655	-8004	4136
906.684659	-8004	4136
906.734664	-8004	4136
906.784669	-8004	4136
906.834674	-8004	4136
906.884679	-8004	4136
906.934684	-8004	4136
906.984689	-8004	4136
907.034694	-8004	4136
907.084700	-8004	4136
907.134705	-8004	4136
907.184710	-8004	4136
907.234715	-8004	4136
907.284719	-8004	4136
907.334724	-8004	4136
907.384729	-8004	4136
907.434734	-8004	4136
907.484739	-8004	4136
907.534744	-8004	4136
907.584749	-8004	4136
907.634754	-8004	4136
907.684760	-8004	4136
907.734765	-8004	4136
907.784770	-8004	4136
907.834774	-8004	4136
907.884779	-8004	4136
907.934784	-8004	4136
907.984789	-8004	4136
908.034794	-8004	4136
908.084799	-8004	4136
908.134804	-8004	4136
908.184809	-8004	4136
908.234815	-8004	4136
908.284820	-8004	4136
908.334825	-8004	4136
908.384830	-8004	4136
908.434834	-8004	4136
908.484839	-8004	4136
908.534844	-8004	4136
908.584849	-8004	4136
908.634854	-8004	4136
908.684859	-8004	4136
908.734864	-8004	4136
908.784869	-8004	4136
908.834875	-8004	4136
908.884880	-8004	4136
908.934885	-8004	4136
908.984890	-8004	4136
909.034894	-8004	4136
909.084899	-8004	4136
909.134904	-8004	4136
909.184909	-8004	4136
909.234914	-8004	4136
909.284919	-8004	4136
909.334924	-8004	4136
909.384929	-8004	4136
909.434935	-8004	4136
909.484940	-8004	4136
909.534945	-8004	4136
909.584949	-8004	4136
909.634954	-8004	4136
909.684959	-8004	4136
909.734964	-8004	4136
909.784969	-8004	4136
909.834974	-8004	4136
909.884979	-8004	4136
909.934984	-8004	4136
909.984990	-8004	4136
910.034995	-8004	4136
910.085000	-8004	4136
910.135005	-8004	4136
910.185009	-8004	4136
910.235014	-8004	4136
910.285019	-8004	4136
910.335024	-8004	4136
910.385029	-8004	4136
910.435034	-8004	4136
910.485039	-8004	4136
910.535044	-8004	4136
910.585050	-8004	4136
910.635055	-8004	4136
910.685060	-8004	4136
910.735065	-8004	4136
910.785069	-8004	4136
910.835074	-8004	4136
910.885079	-8004	4136
910.935084	-8004	4136
910.985089	-8004	4136
911.035094	-8004	4136
911.085099	-8004	4136
911.135104	-8004	4136
911.185110	-8004	4136
911.235115	-8004	4136
911.285120	-8004	4136
911.335124	-8004	4136
911.385129	-8004	4136
911.435134	-8004	4136
911.485139	-8004	4136
911.535144	-8004	4136
911.585149	-8004	4136
911.635154	-8004	4136
911.685159	-8004	4136
911.735165	-8004	4136
911.785170	-8004	4136
911.835175	-8004	4136
911.885180	-8004	4136
911.935184	-8004	4136
911.985189	-8004	4136
912.035194	-8004	4136
912.085199	-8004	4136
912.135204	-8004	4136
912.185209	-8004	4136
912.235214	-8004	4136
912.285219	-8004	4136
912.335225	-8004	4136
912.385230	-8004	4136
912.435235	-8004	4136
912.485240	-8004	4136
912.535244	-8004	4136
912.585249	-8004	4136
912.635254	-8004	4136
912.685259	-8004	4136
912.735264	-8004	4136
912.785269	-8004	4136
912.835274	-8004	4136
912.885279	-8004	4136
912.935285	-8004	4136
912.985290	-8004	4136
913.035295	-8004	4136
913.095300	-8004	4136
913.135304	-8004	4136
913.185309	-8004	4136
913.235314	-8004	4136
913.285319	-8004	4136
913.335324	-7964	4136
913.385329	-7964	4136
913.435334	-7952	4136
913.485340	-7952	4136
913.535345	-7940	4136
913.585350	-7904	4012
913.635355	-7680	3936
913.685359	-7548	3936
913.735364	-7412	3936
913.785369	-7336	3936
913.835374	-7308	3888
913.885379	-7284	3784
913.935384	-7192	3732
913.985389	-7140	3672
914.035394	-7008	3592
914.085400	-6888	3528
914.135405	-6644	3436
914.185410	-6472	3416
914.235415	-6416	3416
914.285419	-6416	3416
914.335424	-6412	3416
914.385429	-6412	3416
914.435434	-6412	3416
914.485439	-6412	3416
914.535444	-6412	3416
914.585449	-6380	3416
914.635454	-6380	3416
914.685460	-6380	3416
914.735465	-6380	3416
914.785470	-6380	3416
914.835474	-6380	3416
914.885479	-6376	3412
914.935484	-6376	3372
914.985489	-6376	3360
915.035494	-6376	3288
915.085499	-6336	3288
915.135504	-6336	3268
915.185509	-6336	3240
915.235515	-6284	3232
915.285520	-6244	3192
915.335525	-6176	3180
915.385530	-6156	3180
915.435534	-6120	3180
915.485539	-6112	3180
915.535544	-6088	3180
915.585549	-6084	3176
915.635554	-6056	3176
915.685559	-6056	3176
915.735564	-6052	3176
915.785569	-6044	3176
915.835575	-6044	3176
915.885580	-6032	3176
915.935585	-6032	3176
915.985590	-6032	3176
916.035594	-6032	3176
916.085599	-6024	3176
916.135604	-6024	3176
916.185609	-6024	3176
916.235614	-6024	3176
916.285619	-6024	3176
916.335624	-6024	3176
916.385629	-6024	3176
916.435635	-6024	3176
916.485640	-6024	3176
916.535645	-6024	3176
916.585649	-6024	3176
916.635654	-6024	3176
916.685659	-6024	3176
916.735664	-6024	3176
916.785669	-6024	3176
916.835674	-6024	3176
916.885679	-6024	3176
916.935684	-6024	3176
916.985690	-6024	3176
917.035695	-6024	3176
917.085700	-6024	3176
917.135705	-6024	3176
917.185709	-6024	3176
917.235714	-6024	3176
917.287720	-6024	3176
917.335724	-6024	3176
917.385729	-6024	3176
917.435734	-6024	3176
917.485739	-6024	3176
917.535744	-6024	3176
917.585750	-6024	3176
917.635755	-6024	3176
917.685760	-6008	3176
917.735765	-6000	3176
917.785769	-5988	3176
917.835774	-5980	3124
917.885779	-5940	3072
917.935784	-5844	2976
917.985789	-5648	2904
918.035794	-5296	2776
918.085799	-4796	2656
918.135805	-4608	2636
918.185810	-4608	2608
918.235815	-4608	2552
918.285820	-4596	2540
918.335824	-4564	2504
918.385829	-4524	2476
918.435834	-4508	2428
918.492840	-4476	2384
918.535844	-4436	2348
918.585849	-4424	2336
918.635854	-4392	2300
918.685859	-4364	2292
918.735865	-4336	2256
918.785870	-4300	2232
918.835875	-4272	2228
918.885880	-4244	2208
918.935884	-4224	2180
918.985889	-4212	2144
919.035894	-4156	2116
919.085899	-4136	2104
919.135904	-4100	2056
919.185909	-4072	2056
919.235914	-4060	2056
919.285919	-4060	2044
919.335925	-4040	2044
919.385930	-4028	2044
919.435935	-4028	2044
919.485940	-4020	2044
919.535944	-3992	2044
919.585949	-3992	2044
919.635954	-3992	2044
919.685959	-3992	2044
919.735964	-3992	2044
919.785969	-3992	2044
919.835974	-3992	2044
919.885980	-3992	2044
919.935985	-3992	2044
919.985990	-3992	2044
920.035995	-3992	2044
920.085999	-3992	2044
920.136004	-3992	2044
920.186009	-3992	2044
920.236014	-3992	2044
920.286019	-3992	2044
920.336024	-3992	2044
920.386029	-3992	2044
920.436034	-3992	2044
920.486040	-3992	2044
920.536045	-3992	2044
920.586050	-3992	2044
920.636055	-3992	2044
920.686059	-3992	2044
920.736064	-3992	2044
920.786069	-3976	2044
920.836074	-3976	2044
920.886079	-3976	2044
920.935084	-3976	2044
920.985089	-3976	2044
921.035094	-3976	2044
921.085099	-3976	2044
921.135104	-3976	2044
921.185109	-3976	2044
921.235114	-3976	2044
921.285120	-3976	2044
921.335124	-3976	2044
921.385129	-3976	2044
921.435134	-3976	2044
921.485139	-3976	2044
921.535144	-3976	2044
921.585149	-3976	2044
921.635154	-3976	2044
921.685159	-3976	2044
921.735164	-3968	2044
921.785169	-3968	2044
921.835174	-3968	2044
921.885180	-3968	2044
921.935184	-3968	2044
921.985189	-3968	2044
922.035194	-3968	2044
922.085199	-3968	2044
922.135204	-3968	2044
922.185209	-3968	2044
922.235214	-3968	2044
922.285219	-3964	2044
922.335224	-3964	2044
922.385229	-3964	2044
922.435235	-3964	2044
922.485240	-3964	2044
922.535244	-3964	2044
922.585249	-3964	2044
922.635254	-3964	2044
922.685259	-3964	2044
922.735264	-3964	2044
922.785269	-3964	2044
922.835274	-3964	2044
922.885279	-3964	2044
922.935284	-3964	2044
922.985289	-3964	2044
923.035295	-3964	2044
923.085299	-3964	2044
923.135304	-3964	2044
923.185309	-3964	2044
923.235314	-3964	2044
923.285319	-3964	2044
923.335324	-3964	2044
923.385329	-3964	2044
923.435334	-3964	2044
923.485339	-3964	2044
923.535344	-3964	2044
923.585349	-3964	2044
923.635355	-3964	2044
923.685359	-3964	2044
923.735364	-3964	2044
923.785369	-3964	2044
923.835374	-3964	2044
923.885379	-3964	2044
923.935384	-3964	2044
923.985389	-3964	2044
924.035394	-3964	2044
924.085399	-3964	2044
924.135404	-3964	2044
924.185410	-3964	2044
924.235415	-3964	2044
924.285419	-3964	2044
924.335424	-3964	2044
924.385429	-3964	2044
924.435434	-3964	2044
924.485439	-3964	2044
924.535444	-3960	2044
924.585449	-3960	2044
924.635454	-3956	2044
924.685459	-3956	2044
924.735464	-3940	2044
924.785470	-3928	2044
924.835474	-3928	2044
924.885479	-3928	2044
924.935484	-3920	2044
924.985489	-3920	2044
925.035494	-3920	2044
925.085499	-3920	2044
925.135504	-3920	2044
925.185509	-3920	2044
925.235514	-3912	2044
925.285519	-3912	2044
925.335524	-3912	2044
925.385530	-3908	2044
925.435534	-3908	2044
925.485539	-3908	2044
925.535544	-3908	2044
925.585549	-3908	2044
925.635554	-3908	2044
925.685559	-3908	2044
925.735564	-3908	2044
925.785569	-3908	2044
925.835574	-3908	2044
925.885579	-3908	2044
925.935585	-3908	2044
925.985590	-3908	2044
926.035594	-3908	2044
926.085599	-3908	2044
926.135604	-3908	2044
926.185609	-3908	2044
926.235614	-3908	2044
926.285619	-3908	2044
926.335624	-3908	2044
926.385629	-3908	2044
926.435634	-3908	2044
926.485639	-3908	2044
926.535645	-3908	2044
926.593650	-3908	2044
926.635654	-3908	2044
926.685659	-3908	2044
926.735664	-3908	2044
926.785669	-3908	2044
926.835674	-3908	2044
926.885679	-3908	2044
926.935684	-3908	2044
926.985689	-3908	2044
927.035694	-3908	2044
927.085699	-3908	2044
927.135705	-3908	2044
927.185709	-3908	2044
927.235714	-3908	2044
927.288720	-3908	2044
927.335724	-3908	2044
927.385729	-3908	2044
927.435734	-3908	2044
927.485739	-3908	2044
927.535744	-3908	2044
927.585749	-3908	2044
927.635754	-3908	2044
927.685760	-3908	2044
927.735765	-3908	2044
927.785769	-3908	2044
927.835774	-3908	2044
927.885779	-3908	2044
927.935784	-3908	2044
927.985789	-3908	2044
928.035794	-3908	2044
928.085799	-3908	2044
928.135804	-3908	2044
928.185809	-3908	2044
928.235814	-3908	2044
928.285820	-3908	2044
928.335824	-3908	2044
928.385829	-3908	2044
928.435834	-3900	2044
928.485839	-3884	2044
928.535844	-3884	2044
928.585849	-3884	2044
928.635854	-3884	2044
928.685859	-3884	2044
928.735864	-3884	2044
928.785869	-3884	2044
928.835874	-3884	2044
928.885880	-3884	2044
928.935884	-3884	2044
928.985889	-3880	2044
929.035894	-3852	2044
929.085899	-3824	2044
929.135904	-3824	2044
929.185909	-3824	2044
929.235914	-3824	2044
929.285919	-3824	2044
929.335924	-3824	2044
929.385929	-3824	2044
929.435935	-3824	2044
929.485940	-3824	2044
929.535944	-3812	2044
929.585949	-3812	2044
929.635954	-3812	2044
929.685959	-3812	2044
929.735964	-3812	2044
929.785969	-3812	2044
929.835974	-3812	2044
929.885979	-3812	2044
929.935984	-3812	2044
929.985989	-3812	2044
930.035995	-3812	2044
930.085999	-3812	2044
930.136004	-3812	2044
930.186009	-3812	2044
930.236014	-3812	2044
930.286019	-3812	2044
930.336024	-3812	2044
930.386029	-3812	2044
930.436034	-3812	2044
930.486039	-3812	2044
930.536044	-3812	2044
930.586049	-3812	2044
930.636055	-3812	2044
930.686059	-3812	2044
930.736064	-3812	2044
930.786069	-3812	2044
930.836074	-3812	2044
930.886079	-3812	2044
930.936084	-3812	2044
930.986089	-3812	2044
931.036094	-3812	2044
931.086099	-3812	2044
931.136104	-3812	2044
931.186110	-3812	2044
931.236115	-3812	2044
931.286119	-3812	2044
931.336124	-3812	2044
931.386129	-3812	2044
931.436134	-3812	2044
931.486139	-3812	2044
931.536144	-3812	2044
931.586149	-3812	2044
931.636154	-3812	2044
931.686159	-3812	2044
931.736164	-3812	2044
931.786170	-3812	2044
931.836174	-3812	2044
931.886179	-3812	2044
931.936184	-3812	2044
931.986189	-3812	2044
932.036194	-3812	2044
932.086199	-3812	2044
932.136204	-3812	2044
932.186209	-3812	2044
932.236214	-3812	2044
932.286219	-3812	2044
932.336224	-3812	2044
932.386230	-3812	2044
932.436234	-3812	2044
932.486239	-3812	2044
932.536244	-3812	2044
932.586249	-3812	2044
932.636254	-3812	2044
932.686259	-3812	2044
932.736264	-3812	2044
932.786269	-3812	2044
932.836274	-3812	2044
932.886279	-3812	2044
932.936285	-3812	2044
932.986290	-3812	2044
933.036294	-3812	2044
933.086299	-3812	2044
933.136304	-3812	2044
933.186309	-3812	2044
933.236314	-3812	2044
933.286319	-3812	2044
933.336324	-3812	2044
933.386329	-3812	2044
933.436334	-3812	2044
933.491340	-3812	2044
933.536345	-3812	2044
933.586349	-3812	2044
933.636354	-3812	2044
933.686359	-3812	2044
933.736364	-3812	2044
933.786369	-3812	2044
933.836374	-3812	2044
933.886379	-3812	2044
933.936384	-3812	2044
933.986389	-3812	2044
934.036394	-3812	2044
934.086399	-3812	2044
934.136405	-3812	2044
934.186409	-3812	2044
934.236414	-3812	2044
934.286419	-3812	2044
934.336424	-3812	2044
934.386429	-3812	2044
934.436434	-3812	2044
934.486439	-3812	2044
934.536444	-3812	2044
934.586449	-3812	2044
934.636454	-3812	2044
934.686460	-3812	2044
934.736465	-3812	2044
934.786469	-3812	2044
934.836474	-3812	2044
934.886479	-3812	2044
934.936484	-3812	2044
934.986489	-3812	2044
935.036494	-3812	2044
935.086499	-3812	2044
935.136504	-3812	2044
935.186509	-3812	2044
935.236514	-3812	2044
935.286520	-3812	2044
935.336524	-3812	2044
935.386529	-3812	2044
935.436534	-3812	2044
935.486539	-3812	2044
935.536544	-3812	2044
935.586549	-3812	2044
935.636554	-3812	2044
935.686559	-3812	2044
935.736564	-3812	2044
935.786569	-3812	2044
935.836574	-3812	2044
935.886580	-3812	2044
935.936584	-3812	2044
935.986589	-3812	2044
936.036594	-3812	2044
936.086599	-3812	2044
936.136604	-3812	2044
936.186609	-3812	2044
936.236614	-3812	2044
936.286619	-3812	2044
936.336624	-3812	2044
936.386629	-3812	2044
936.436635	-3812	2044
936.486639	-3812	2044
936.536644	-3812	2044
936.586649	-3812	2044
936.636654	-3812	2044
936.686659	-3812	2044
936.736664	-3812	2044
936.786669	-3812	2044
936.836674	-3812	2044
936.886679	-3812	2044
936.936684	-3812	2044
936.986689	-3812	2044
937.036695	-3812	2044
937.086699	-3812	2044
937.136704	-3812	2044
937.186709	-3812	2044
937.236714	-3812	2044
937.286719	-3812	2044
937.336724	-3812	2044
937.386729	-3812	2044
937.436734	-3812	2044
937.486739	-3812	2044
937.536744	-3812	2044
937.586749	-3812	2044
937.636755	-3812	2044
937.686759	-3812	2044
937.736764	-3812	2044
937.786769	-3812	2044
937.836774	-3812	2044
937.886779	-3812	2044
937.936784	-3804	2044
937.991790	-3804	2044
938.036794	-3804	2044
938.086799	-3804	2044
938.136804	-3804	2044
938.186810	-3804	2044
938.236814	-3804	2044
938.286819	-3800	2044
938.336824	-3800	2044
938.386829	-3800	2044
938.435834	-3800	2044
938.485839	-3800	2044
938.535844	-3800	2044
938.585849	-3800	2044
938.635854	-3800	2044
938.685859	-3800	2044
938.735864	-3800	2044
938.785869	-3800	2044
938.835874	-3800	2044
938.885879	-3800	2044
938.935884	-3800	2044
938.985889	-3800	2008
939.035894	-3800	1996
939.085899	-3800	1996
939.135904	-3800	1996
939.185909	-3800	1996
939.235914	-3800	1996
939.285919	-3800	1996
939.335924	-3800	1996
939.385929	-3800	1996
939.435934	-3800	1996
939.485939	-3800	1996
939.535944	-3796	1996
939.585949	-3788	1996
939.635954	-3784	1996
939.685959	-3780	1996
939.735964	-3772	1996
939.785969	-3764	1996
939.835974	-3748	1996
939.885979	-3748	1996
939.935984	-3728	1996
939.985989	-3728	1996
940.035994	-3728	1996
940.085999	-3728	1996
940.136004	-3728	1996
940.186009	-3724	1996
940.236014	-3724	1996
940.286019	-3716	1996
940.336024	-3716	1996
940.386029	-3708	1996
940.436034	-3708	1996
940.486039	-3692	1996
940.536044	-3684	1996
940.586049	-3684	1996
940.636054	-3680	1996
940.686059	-3680	1996
940.736064	-3680	1996
940.786069	-3660	1996
940.836074	-3660	1996
940.886079	-3660	1996
940.936084	-3660	1996
940.986089	-3660	1996
941.036094	-3660	1996
941.086099	-3656	1996
941.136104	-3656	1996
941.186109	-3640	1996
941.236114	-3640	1996
941.286119	-3628	1996
941.336124	-3628	1996
941.386129	-3608	1996
941.436134	-3600	1996
941.486139	-3576	1996
941.536144	-3576	1996
941.586149	-3576	1996
941.636154	-3576	1996
941.686159	-3576	1996
941.736164	-3568	1996
941.786169	-3568	1996
941.836174	-3560	1996
941.886179	-3560	1996
941.936184	-3528	1996
941.986189	-3528	1996
942.036194	-3524	1996
942.086199	-3524	1996
942.136204	-3524	1996
942.186209	-3524	1996
942.236214	-3524	1996
942.286219	-3524	1996
942.336224	-3520	1996
942.386229	-3504	1996
942.436234	-3504	1996
942.486239	-3504	1996
942.536244	-3504	1996
942.586249	-3504	1996
942.636254	-3504	1996
942.686259	-3504	1996
942.736264	-3504	1996
942.786269	-3496	1996
942.836274	-3496	1996
942.886279	-3496	1996
942.936284	-3496	1996
942.986289	-3496	1996
943.036294	-3496	1996
943.086299	-3496	1996
943.136304	-3496	1996
943.186309	-3496	1996
943.236314	-3496	1996
943.286319	-3496	1996
943.336324	-3496	1996
943.386329	-3496	1996
943.436334	-3496	1996
943.486339	-3496	1996
943.536344	-3496	1996
943.586349	-3496	1996
943.636354	-3496	1996
943.686359	-3496	1996
943.736364	-3496	1996
943.786369	-3496	1996
943.836374	-3496	1996
943.886379	-3496	1996
943.936384	-3496	1996
943.986389	-3496	1996
944.036394	-3496	1996
944.086399	-3496	1996
944.136404	-3496	1996
944.186409	-3496	1996
944.236414	-3496	1996
944.286419	-3496	1996
944.336424	-3496	1996
944.386429	-3496	1996
944.436434	-3496	1996
944.486439	-3496	1996
944.536444	-3496	1996
944.586449	-3496	1996
944.636454	-3496	1996
944.686459	-3496	1996
944.736464	-3496	1996
944.786469	-3496	1996
944.836474	-3496	1996
944.886479	-3496	1996
944.936484	-3496	1996
944.986489	-3496	1996
945.036494	-3496	1996
945.086499	-3496	1996
945.136504	-3496	1996
945.186509	-3496	1996
945.236514	-3496	1996
945.286519	-3496	1996
945.336524	-3496	1996
945.386529	-3496	1996
945.436534	-3496	1996
945.494540	-3496	1996
945.536544	-3496	1996
945.586549	-3496	1996
945.636554	-3496	1996
945.686559	-3496	1996
945.736564	-3496	1996
945.786569	-3496	1996
945.836574	-3496	1996
945.886579	-3496	1996
945.936584	-3492	1996
945.986589	-3492	1996
946.036594	-3492	1996
946.086599	-3492	1996
946.136604	-3484	1996
946.186609	-3484	1996
946.236614	-3484	1996
946.286619	-3484	1996
946.336624	-3484	1996
946.389629	-3484	1996
946.436634	-3484	1996
946.486639	-3484	1996
946.536644	-3484	1996
946.586649	-3484	1996
946.636654	-3484	1996
946.686659	-3484	1996
946.736664	-3484	1996
946.786669	-3484	1996
946.836674	-3484	1996
946.886679	-3484	1996
946.936684	-3484	1996
946.986689	-3484	1996
947.036694	-3484	1996
947.086699	-3484	1996
947.136704	-3484	1996
947.186709	-3484	1996
947.236714	-3484	1996
947.286719	-3484	1996
947.336724	-3484	1996
947.386729	-3484	1996
947.436734	-3484	1996
947.486739	-3484	1996
947.536744	-3484	1996
947.586749	-3484	1996
947.636754	-3484	1996
947.686759	-3484	1996
947.736764	-3484	1996
947.786769	-3484	1996
947.836774	-3484	1996
947.886779	-3484	1996
947.936784	-3484	1996
947.986789	-3484	1996
948.036794	-3484	1996
948.086799	-3484	1996
948.136804	-3484	1996
948.186809	-3484	1996
948.236814	-3484	1996
948.286819	-3484	1996
948.336824	-3484	1996
948.386829	-3484	1996
948.436834	-3484	1996
948.486839	-3484	1996
948.536844	-3484	1996
948.586849	-3484	1996
948.636854	-3484	1996
948.686859	-3484	1996
948.736864	-3484	1996
948.786869	-3484	1984
948.836874	-3484	1884
948.886879	-3484	1768
948.936884	-3484	1564
948.986889	-3400	1552
949.036894	-3172	1544
949.086899	-2952	1484
949.136904	-2744	1480
949.186909	-2548	1424
949.236914	-2376	1412
949.286919	-2372	1356
949.336924	-2344	1320
949.386929	-2308	1288
949.436934	-2292	1284
949.486939	-2292	1284
949.536944	-2288	1284
949.586949	-2288	1284
949.636954	-2288	1180
949.686959	-2276	1076
949.736964	-2240	1008
949.786969	-2172	936
949.836974	-2140	924
949.886979	-2128	884
949.936984	-2076	824
949.986989	-2064	788
950.036994	-2000	756
950.086999	-1988	740
950.137004	-1952	688
950.187009	-1888	688
950.237014	-1844	664
950.287019	-1832	648
950.337024	-1784	624
950.387029	-1768	624
950.437034	-1720	600
950.487039	-1720	596
950.537044	-1712	596
950.587049	-1712	596
950.637054	-1688	596
950.687059	-1676	596
950.737064	-1676	596
950.787069	-1676	596
950.837074	-1672	596
950.887079	-1664	596
950.937084	-1664	596
950.987089	-1660	596
951.037094	-1644	596
951.087099	-1644	596
951.137104	-1644	596
951.187109	-1644	596
951.237114	-1644	596
951.287119	-1644	596
951.337124	-1644	596
951.387129	-1644	596
951.437134	-1640	596
951.487139	-1640	596
951.537144	-1640	596
951.587149	-1640	596
951.637154	-1640	596
951.687159	-1640	596
951.737164	-1640	596
951.787169	-1640	596
951.837174	-1640	596
951.887179	-1640	596
951.937184	-1640	596
951.987189	-1640	596
952.037194	-1640	596
952.087199	-1640	596
952.137204	-1640	596
952.187209	-1640	596
952.237214	-1624	596
952.287219	-1624	596
952.337224	-1624	596
952.387229	-1624	596
952.437234	-1612	596
952.487239	-1612	596
952.537244	-1612	596
952.587249	-1612	596
952.637254	-1612	596
952.687259	-1612	596
952.737264	-1612	596
952.787269	-1612	596
952.837274	-1612	652
952.887279	-1612	852
952.937284	-1728	1140
952.993290	-1908	1352
953.037294	-2240	1528
953.087299	-2344	1608
953.137304	-2780	1748
953.187309	-3012	1836
953.237314	-3224	2016
953.287319	-3348	2068
953.337324	-3492	2232
953.387329	-3564	2300
953.437334	-3828	2328
953.487339	-3968	2484
953.537344	-4168	2636
953.587349	-4324	2872
953.637354	-4592	3016
953.687359	-4808	3100
953.737364	-5184	3220
953.787369	-5292	3236
953.837374	-5324	3236
953.887379	-5324	3256
953.937384	-5324	3268
953.987389	-5328	3272
954.037394	-5328	3272
954.087399	-5328	3272
954.137404	-5328	3272
954.187409	-5400	3272
954.237414	-5416	3252
954.287419	-5452	3192
954.337424	-5480	3188
954.387429	-5480	3152
954.437434	-5480	3152
954.487439	-5492	3104
954.537444	-5492	3068
954.587449	-5492	3040
954.637454	-5492	2928
954.687459	-5524	2880
954.737464	-5576	2824
954.787469	-5624	2820
954.837474	-5644	2816
954.887479	-5644	2816
954.937484	-5648	2816
954.987489	-5660	2816
955.037494	-5752	2816
955.087499	-5876	2816
955.137504	-6196	2816
955.187509	-6468	2816
955.237514	-6676	2816
955.287519	-6792	2816
955.337524	-6808	2816
955.389529	-6808	2816
955.437534	-6808	2772
955.487539	-6808	2772
955.537544	-6808	2700
955.587549	-6808	2656
955.637554	-6808	2620
955.687559	-6808	2600
955.737564	-6808	2512
955.787569	-6808	2504
955.837574	-6808	2492
955.886579	-6808	2448
955.936584	-6808	2428
955.986589	-6808	2416
956.036594	-6808	2400
956.086599	-6808	2352
956.136604	-6808	2336
956.186609	-6808	2316
956.236614	-6808	2272
956.286619	-6808	2228
956.336624	-6808	2228
956.386629	-6808	2228
956.436634	-6808	2228
956.486639	-6808	2228
956.536644	-6808	2224
956.589649	-6808	2196
956.636654	-6808	2196
956.686659	-6808	2196
956.736664	-6808	2196
956.786669	-6808	2196
956.836674	-6808	2196
956.886679	-6808	2196
956.936684	-6808	2196
956.986689	-6808	2196
957.036694	-6808	2192
957.086699	-6808	2192
957.136704	-6808	2192
957.186709	-6808	2192
957.236714	-6808	2192
957.286719	-6808	2192
957.336724	-6808	2192
957.386729	-6808	2192
957.436734	-6808	2192
957.486739	-6808	2192
957.536744	-6808	2192
957.586749	-6808	2192
957.636754	-6808	2192
957.686759	-6808	2192
957.736764	-6808	2192
957.786769	-6808	2192
957.836774	-6808	2192
957.886779	-6808	2180
957.936784	-6808	2180
957.986789	-6808	2180
958.036794	-6808	2180
958.086799	-6808	2180
958.136804	-6808	2180
958.186809	-6808	2180
958.236814	-6808	2180
958.286819	-6808	2180
958.336824	-6808	2180
958.386829	-6808	2180
958.436834	-6808	2180
958.486839	-6808	2180
958.536844	-6808	2180
958.586849	-6808	2180
958.636854	-6808	2180
958.688859	-6808	2180
958.736864	-6808	2180
958.786869	-6808	2180
958.836874	-6808	2180
958.886879	-6808	2180
958.936884	-6808	2180
958.986889	-6808	2180
959.036894	-6808	2180
959.086899	-6808	2180
959.136904	-6808	2180
959.186909	-6808	2180
959.236914	-6808	2180
959.286919	-6808	2180
959.336924	-6808	2180
959.386929	-6808	2180
959.436934	-6808	2180
959.486939	-6808	2180
959.536944	-6808	2180
959.586949	-6808	2180
959.636954	-6808	2180
959.686959	-6808	2180
959.736964	-6808	2180
959.786969	-6808	2180
959.836974	-6808	2180
959.886979	-6808	2180
959.936984	-6808	2180
959.986989	-6808	2180
960.036994	-6808	2180
960.086999	-6808	2180
960.137004	-6808	2180
960.189009	-6808	2180
960.237014	-6808	2180
960.287019	-6808	2180
960.337024	-6808	2180
960.387029	-6808	2180
960.437034	-6808	2180
960.487039	-6808	2180
960.537044	-6808	2180
960.587049	-6808	2136
960.637054	-6808	2060
960.687059	-6808	1940
960.737064	-6808	1812
960.787069	-6808	1664
960.837074	-6816	1480
960.887079	-6816	1388
960.937084	-6832	1336
960.987089	-6868	1236
961.037094	-6872	1072
961.089099	-6900	972
961.137104	-6908	924
961.187109	-6924	912
961.237114	-6936	848
961.287119	-6968	840
961.337124	-6996	824
961.389129	-7048	824
961.437134	-7060	824
961.487139	-7080	824
961.537144	-7084	824
961.587149	-7104	824
961.637154	-7112	824
961.687159	-7112	824
961.737164	-7112	824
961.787169	-7112	824
961.837174	-7112	824
961.887179	-7112	824
961.937184	-7112	824
961.987189	-7112	824
962.037194	-7112	824
962.087199	-7112	824
962.137204	-7112	824
962.187209	-7112	824
962.237214	-7112	824
962.287219	-7112	824
962.337224	-7112	824
962.387229	-7112	824
962.437234	-7112	824
962.487239	-7112	844
962.537244	-7112	852
962.587249	-7112	852
962.637254	-7112	860
962.687259	-7112	860
962.737264	-7112	868
962.787269	-7112	888
962.837274	-7112	928
962.887279	-7112	964
962.937284	-7084	964
962.987289	-7044	984
963.037294	-6944	1012
963.087299	-6880	1012
963.137304	-6588	1012
963.187309	-6004	1012
963.237314	-4712	1012
963.287319	-3904	1012
963.337324	-3480	1008
963.387329	-3480	980
963.437334	-3480	980
963.492340	-3480	980
963.537344	-3480	968
963.587349	-3480	948
963.637354	-3480	948
963.687359	-3480	948
963.737364	-3480	948
963.787369	-3480	932
963.837374	-3480	932
963.887379	-3480	924
963.937384	-3448	880
963.987389	-3428	880
964.037394	-3368	864
964.087399	-3360	856
964.137404	-3264	856
964.187409	-3044	856
964.237414	-2796	856
964.287419	-2604	856
964.337424	-2520	856
964.387429	-2484	856
964.437434	-2424	856
964.487439	-2392	856
964.537444	-2200	856
964.587449	-1948	856
964.637454	-1712	852
964.688459	-1688	836
964.737464	-1648	836
964.787469	-1576	112
964.837474	-1484	104
964.887479	-1348	16
964.937484	-1240	0
964.987489	-1088	0
965.037494	-984	0
965.087499	-960	0
965.137504	-960	0
965.187509	-908	0
965.237514	-520	0
965.287519	-344	0
965.337524	-160	0
965.387529	0	0
965.437534	0	0
965.487539	0	0
965.537544	0	0
965.587549	0	0
965.637554	0	0
965.687559	0	0
965.737564	0	0
965.787569	0	0
965.837574	0	0
965.887579	0	0
965.937584	0	0
965.994590	0	0
966.037594	0	0
966.087599	0	0
966.137604	0	0
966.187609	0	0
966.237614	0	0
966.287619	0	0
966.337624	0	0
966.387629	0	0
966.437634	0	0
966.487639	0	0
966.537644	0	0
966.587649	0	0
966.637654	0	0
966.687659	0	0
966.737664	0	0
966.790669	0	0
966.837674	0	0
966.887679	0	0
966.937684	0	0
966.987689	0	0
967.037694	0	0
967.087699	0	0
967.137704	0	0
967.187709	0	0
967.237714	0	0
967.287719	0	0
967.337724	0	0
967.388729	0	0
967.437734	0	0
967.487739	0	0
967.537744	0	0
967.587749	0	0
967.637754	0	0
967.688759	0	0
967.737764	0	0
967.787769	0	0
967.837774	0	0
967.887779	0	0
967.937784	0	0
967.990789	0	0
968.037794	0	0
968.087799	0	0
968.137804	0	0
968.187809	0	0
968.237814	0	0
968.287819	0	0
968.337824	0	0
968.387829	0	0
968.437834	0	0
968.487839	0	0
968.537844	0	0
968.588849	0	0
968.637854	0	0
968.687859	0	0
968.737864	0	0
968.787869	0	0
968.837874	0	0
968.887879	0	0
968.937884	0	0
968.987889	0	0
969.037894	0	0
969.087899	0	0
969.137904	0	0
969.187909	0	0
969.237914	0	0
969.287919	0	0
969.337924	0	0
969.387929	0	0
969.437934	0	0
969.487939	0	0
969.537944	0	0
969.587949	0	0
969.637954	0	0
969.687959	0	0
969.737964	0	0
969.790969	0	0
969.837974	0	0
969.887979	0	0
969.937984	0	0
969.987989	0	0
970.037994	0	0
970.087999	0	0
970.138004	0	0
970.188009	0	0
970.238014	0	0
970.288019	0	0
970.338024	0	0
970.388029	0	0
970.438034	0	0
970.488039	0	0
970.538044	0	0
970.588049	0	0
970.638054	0	0
970.688059	0	0
970.738064	0	0
970.788069	0	0
970.838074	0	0
970.888079	0	0
970.938084	0	0
970.988089	0	0
971.038094	0	0
971.088099	0	0
971.138104	0	0
971.188109	0	0
971.238114	0	0
971.293119	0	0
971.338124	0	0
971.388129	0	0
971.438134	0	0
971.488139	0	0
971.538144	0	0
971.588149	0	0
971.638154	0	0
971.688159	0	0
971.738164	0	0
971.788169	0	0
971.838174	0	0
971.888179	0	0
971.938184	0	0
971.988189	0	0
972.038194	0	0
972.088199	0	0
972.138204	0	0
972.188209	0	0
972.238214	0	0
972.288219	0	0
972.338224	0	0
972.388229	0	0
972.438234	0	0
972.491240	0	0
972.538244	0	0
972.588249	0	0
972.638254	0	0
972.688259	0	0
972.738264	0	0
972.788269	0	0
972.838274	0	0
972.888279	0	0
972.938284	0	0
972.988289	0	0
973.038294	0	0
973.088299	0	0
973.138304	0	0
973.188309	0	0
973.238314	0	0
973.288319	0	0
973.338324	0	0
973.387329	0	0
973.437334	0	0
973.487339	0	0
973.537344	0	0
973.587349	0	0
973.637354	0	0
973.687359	0	0
973.737364	0	0
973.787369	0	0
973.837374	0	0
973.887379	0	0
973.937384	0	0
973.988389	0	0
974.037394	0	0
974.087399	0	0
974.137404	0	0
974.187409	0	0
974.237414	0	0
974.291420	0	0
974.337424	0	0
974.387429	0	0
974.437434	0	0
974.487439	0	0
974.537444	0	0
974.587449	0	0
974.637454	0	0
974.687459	0	0
974.737464	0	0
974.787469	0	0
974.837474	0	0
974.887479	0	0
974.937484	0	0
974.987489	0	0
975.037494	0	0
975.087499	0	0
975.137504	0	0
975.187509	0	0
975.237514	0	0
975.287519	0	0
975.337524	0	0
975.387529	0	0
975.437534	0	0
975.487539	0	0
975.537544	0	0
975.587549	0	0
975.637554	0	0
975.687559	0	0
975.737564	0	0
975.787569	0	0
975.837574	0	0
975.887579	0	0
975.937584	0	0
975.987589	0	0
976.037594	0	0
976.087599	0	0
976.137604	0	0
976.187609	0	0
976.237614	0	0
976.287619	0	0
976.337624	0	0
976.387629	0	0
976.437634	0	0
976.487639	0	0
976.537644	0	0
976.587649	0	0
976.637654	0	0
976.687659	0	0
976.737664	0	0
976.787669	0	0
976.837674	0	0
976.887679	0	0
976.937684	0	0
976.987689	0	0
977.037694	0	0
977.087699	0	0
977.137704	0	0
977.187709	0	0
977.237714	0	0
977.287719	0	0
977.337724	0	0
977.387729	0	0
977.437734	0	0
977.487739	0	0
977.537744	0	0
977.587749	0	0
977.637754	0	0
977.687759	0	0
977.737764	0	0
977.787769	0	0
977.837774	0	0
977.887779	0	0
977.937784	0	0
977.987789	0	0
978.037794	0	0
978.087799	0	0
978.137804	0	0
978.188809	0	0
978.237814	0	0
978.287819	0	0
978.337824	0	0
978.387829	0	0
978.437834	0	0
978.489839	0	0
978.537844	0	0
978.587849	0	0
978.637854	0	0
978.687859	0	0
978.737864	0	0
978.787869	0	0
978.837874	0	0
978.887879	0	0
978.937884	0	0
978.987889	0	0
979.037894	0	0
979.087899	0	0
979.137904	0	0
979.187909	0	0
979.237914	0	0
979.287919	0	0
979.337924	0	0
979.387929	0	0
979.437934	0	0
979.487939	0	0
979.537944	0	0
979.587949	0	0
979.637954	0	0
979.687959	0	0
979.737964	0	0
979.787969	0	0
979.837974	0	0
979.887979	0	0
979.937984	0	0
979.987989	0	0
980.037994	0	0
980.087999	0	0
980.138004	0	0
980.188009	0	0
980.238014	0	0
980.288019	0	0
980.338024	0	0
980.388029	0	0
980.438034	0	0
980.488039	0	0
980.538044	0	0
980.588049	0	0
980.638054	0	0
980.688059	0	0
980.738064	0	0
980.788069	0	0
980.838074	0	0
980.888079	0	0
980.938084	0	0
980.988089	0	0
981.038094	0	0
981.088099	0	0
981.138104	0	0
981.188109	0	0
981.238114	0	0
981.288119	0	0
981.338124	0	0
981.388129	0	0
981.438134	0	0
981.488139	0	0
981.538144	0	0
981.588149	0	0
981.638154	0	0
981.688159	0	0
981.738164	0	0
981.788169	0	0
981.838174	0	0
981.888179	0	0
981.938184	0	0
981.988189	0	0
982.038194	0	0
982.088199	0	0
982.138204	0	0
982.188209	0	0
982.238214	0	0
982.288219	0	0
982.338224	0	0
982.388229	0	0
982.438234	0	0
982.488239	0	0
982.538244	0	0
982.588249	0	0
982.638254	0	0
982.688259	0	0
982.738264	0	0
982.788269	0	0
982.838274	0	0
982.888279	0	0
982.938284	0	0
982.988289	0	0
983.038294	0	0
983.088299	0	0
983.138304	0	0
983.188309	0	0
983.238314	0	0
983.288319	0	0
983.338324	0	0
983.388329	0	0
983.438334	0	0
983.488339	0	0
983.538344	0	0
983.588349	0	0
983.638354	0	0
983.688359	0	0
983.738364	0	0
983.788369	0	0
983.838374	0	0
983.888379	0	0
983.938384	0	0
983.988389	0	0
984.038394	0	0
984.088399	0	0
984.138404	0	0
984.188409	0	0
984.238414	0	0
984.288419	0	0
984.338424	0	0
984.388429	0	0
984.438434	0	0
984.490439	0	0
984.538444	0	0
984.588449	0	0
984.638454	0	0
984.688459	0	0
984.738464	0	0
984.788469	0	0
984.838474	0	0
984.888479	0	0
984.938484	0	0
984.988489	0	0
985.038494	0	0
985.088499	0	0
985.138504	0	0
985.188509	0	0
985.238514	0	0
985.288519	0	0
985.338524	0	0
985.388529	0	0
985.438534	0	0
985.488539	0	0
985.538544	0	0
985.588549	0	0
985.638554	0	0
985.688559	0	0
985.738564	0	0
985.788569	0	0
985.838574	0	0
985.888579	0	0
985.938584	0	0
985.988589	0	0
986.039594	0	0
986.088599	0	0
986.138604	0	0
986.188609	0	0
986.238614	0	0
986.288619	0	0
986.338624	0	0
986.388629	0	0
986.438634	0	0
986.488639	0	0
986.538644	0	0
986.588649	0	0
986.638654	0	0
986.688659	0	0
986.738664	0	0
986.788669	0	0
986.838674	0	0
986.888679	0	0
986.938684	0	0
986.988689	0	0
987.038694	0	0
987.088699	0	0
987.138704	0	0
987.188709	0	0
987.238714	0	0
987.288719	0	0
987.338724	0	0
987.388729	0	0
987.438734	0	0
987.488739	0	0
987.538744	0	0
987.588749	0	0
987.638754	0	0
987.688759	0	0
987.738764	0	0
987.789769	0	0
987.838774	0	0
987.888779	0	0
987.938784	0	0
987.988789	0	0
988.038794	0	0
988.088799	0	0
988.138804	0	0
988.188809	0	0
988.238814	0	0
988.288819	0	0
988.338824	0	0
988.388829	0	0
988.438834	0	0
988.488839	0	0
988.538844	0	0
988.588849	0	0
988.638854	0	0
988.688859	0	0
988.738864	0	0
988.788869	0	0
988.838874	0	0
988.888879	0	0
988.938884	0	0
988.988889	0	0
989.038894	0	0
989.088899	0	0
989.138904	0	0
989.188909	0	0
989.238914	0	0
989.288919	0	0
989.338924	0	0
989.388929	0	0
989.438934	0	0
989.488939	0	0
989.538944	0	0
989.588949	0	0
989.638954	0	0
989.688959	0	0
989.738964	0	0
989.788969	0	0
989.838974	0	0
989.888979	0	0
989.938984	0	0
989.988989	0	0
990.038994	0	0
990.088999	0	0
990.139004	0	0
990.189009	0	0
990.239014	0	0
990.289019	0	0
990.339024	0	0
990.389029	0	0
990.439034	0	0
990.489039	0	0
990.539044	0	0
990.589049	0	0
990.639054	0	0
990.689059	0	0
990.739064	0	0
990.789069	0	0
990.839074	0	0
990.888079	0	0
990.938084	0	0
990.988089	0	0
991.038094	0	0
991.088099	0	0
991.138104	0	0
991.188109	0	0
991.238114	0	0
991.288119	0	0
991.338124	0	0
991.388129	0	0
991.438134	0	0
991.488139	0	0
991.538144	0	0
991.588149	0	0
991.638154	0	0
991.688159	0	0
991.738164	0	0
991.788169	0	0
991.838174	0	0
991.888179	0	0
991.938184	0	0
991.988189	0	0
992.038194	0	0
992.088199	0	0
992.138204	0	0
992.188209	0	0
992.238214	0	0
992.288219	0	0
992.338224	0	0
992.388229	0	0
992.438234	0	0
992.488239	0	0
992.538244	0	0
992.588249	0	0
992.638254	0	0
992.688259	0	0
992.738264	0	0
992.788269	0	0
992.838274	0	0
992.888279	0	0
992.938284	0	0
992.988289	0	0
993.038294	0	0
993.088299	0	0
993.138304	0	0
993.188309	0	0
993.238314	0	0
993.288319	0	0
993.338324	0	0
993.388329	0	0
993.438334	0	0
993.488339	0	0
993.538344	0	0
993.588349	0	0
993.638354	0	0
993.688359	0	0
993.738364	0	0
993.788369	0	0
993.838374	0	0
993.888379	0	0
993.938384	0	0
993.988389	0	0
994.038394	0	0
994.088399	0	0
994.138404	0	0
994.188409	0	0
994.238414	0	0
994.288419	0	0
994.338424	0	0
994.388429	0	0
994.438434	0	0
994.488439	0	0
994.538444	0	0
994.588449	0	0
994.638454	0	0
994.688459	0	0
994.738464	0	0
994.788469	0	0
994.838474	0	0
994.888479	0	0
994.938484	0	0
994.988489	0	0
995.038494	0	0
995.088499	0	0
995.138504	0	0
995.188509	0	0
995.238514	0	0
995.288519	0	0
995.338524	0	0
995.388529	0	0
995.438534	0	0
995.488539	0	0
995.538544	0	0
995.588549	0	0
995.638554	0	0
995.688559	0	0
995.738564	0	0
995.788569	0	0
995.838574	0	0
995.888579	0	0
995.938584	0	0
995.988589	0	0
996.038594	0	0
996.088599	0	0
996.138604	0	0
996.188609	0	0
996.238614	0	0
996.288619	0	0
996.338624	0	0
996.388629	0	0
996.438634	0	0
996.491639	0	0
996.538644	0	0
996.588649	0	0
996.638654	0	0
996.688659	0	0
996.738664	0	0
996.788669	0	0
996.838674	0	0
996.888679	0	0
996.938684	0	0
996.988689	0	0
997.038694	0	0
997.088699	0	0
997.138704	0	0
997.188709	0	0
997.238714	0	0
997.288719	0	0
997.338724	0	0
997.388729	0	0
997.438734	0	0
997.488739	0	0
997.538744	0	0
997.588749	0	0
997.638754	0	0
997.688759	0	0
997.738764	0	0
997.788769	0	0
997.838774	0	0
997.888779	0	0
997.938784	0	0
997.991789	0	0
998.038794	0	0
998.088799	0	0
998.138804	0	0
998.188809	0	0
998.238814	0	0
998.288819	0	0
998.338824	0	0
998.388829	0	0
998.438834	0	0
998.488839	0	0
998.538844	0	0
998.588849	0	0
998.638854	0	0
998.688859	0	0
998.738864	0	0
998.788869	0	0
998.838874	0	0
998.888879	0	0
998.938884	0	0
998.988889	0	0
999.038894	0	0
999.088899	0	0
999.138904	0	0
999.188909	0	0
999.238914	0	0
999.288919	0	0
999.338924	0	0
999.388929	0	0
999.438934	0	0
999.488939	0	0
999.538944	0	0
999.588949	0	0
999.638954	0	0
999.688959	0	0
999.738964	0	0
999.788969	0	0
999.838974	0	0
999.888979	0	0
999.938984	0	0
999.988989	0	0
1000.038994	0	0
1000.088999	0	0
1000.139004	0	0
1000.189009	0	0
1000.239014	0	0
1000.289019	0	0
1000.339024	0	0
1000.389029	0	0
1000.439034	0	0
1000.489039	0	0
1000.539044	0	0
1000.589049	0	0
1000.639054	0	0
1000.689059	0	0
1000.739064	0	0
1000.789069	0	0
1000.839074	0	0
1000.889079	0	0
1000.939084	0	0
1000.989089	0	0
1001.039094	0	0
1001.089099	0	0
1001.139104	0	0
1001.189109	0	0
1001.239114	0	0
1001.289119	0	0
1001.339124	0	0
1001.389129	0	0
1001.439134	0	0
1001.489139	0	0
1001.539144	0	0
1001.589149	0	0
1001.639154	0	0
1001.689159	0	0
1001.739164	0	0
1001.789169	0	0
1001.839174	0	0
1001.905180	0	0
1001.939184	0	0
1001.989189	0	0
1002.039194	0	0
1002.089199	0	0
1002.139204	0	0
1002.189209	0	0
1002.239214	0	0
1002.289219	0	0
1002.339224	0	0
1002.389229	0	0
1002.439234	0	0
1002.489239	0	0
1002.539244	0	0
1002.589249	0	0
1002.639254	0	0
1002.689259	0	0
1002.739264	0	0
1002.789269	0	0
1002.839274	0	0
1002.889279	0	0
1002.939284	0	0
1002.989289	0	0
1003.039294	0	0
1003.090299	0	0
1003.139304	0	0
1003.189309	0	0
1003.239314	0	0
1003.289319	0	0
1003.339324	0	0
1003.390329	0	0
1003.439334	0	0
1003.489339	0	0
1003.539344	0	0
1003.589349	0	0
1003.639354	0	0
1003.689359	0	0
1003.739364	0	0
1003.789369	0	0
1003.839374	0	0
1003.889379	0	0
1003.939384	0	0
1003.989389	0	0
1004.039394	0	0
1004.089399	0	0
1004.139404	0	0
1004.189409	0	0
1004.239414	0	0
1004.289419	0	0
1004.339424	0	0
1004.389429	0	0
1004.439434	0	0
1004.489439	0	0
1004.539444	0	0
1004.589449	0	0
1004.639454	0	0
1004.689459	0	0
1004.739464	0	0
1004.789469	0	0
1004.839474	0	0
1004.889479	0	0
1004.939484	0	0
1004.989489	0	0
1005.039494	0	0
1005.089499	0	0
1005.139504	0	0
1005.189509	0	0
1005.239514	0	0
1005.289519	0	0
1005.339524	0	0
1005.389529	0	0
1005.439534	0	0
1005.489539	0	0
1005.539544	0	0
1005.589549	0	0
1005.639554	0	0
1005.689559	0	0
1005.739564	0	0
1005.789569	0	0
1005.839574	0	0
1005.889579	0	0
1005.939584	0	0
1005.989589	0	0
1006.039594	0	0
1006.089599	0	0
1006.139604	0	0
1006.189609	0	0
1006.239614	0	0
1006.289619	0	0
1006.339624	0	0
1006.389629	0	0
1006.439634	0	0
1006.489639	0	0
1006.539644	0	0
1006.589649	0	0
1006.639654	0	0
1006.689659	0	0
1006.739664	0	0
1006.789669	0	0
1006.839674	0	0
1006.889679	0	0
1006.939684	0	0
1006.989689	0	0
1007.039694	0	0
1007.089699	0	0
1007.139704	0	0
1007.189709	0	0
1007.239714	0	0
1007.289719	0	0
1007.339724	0	0
1007.389729	0	0
1007.439734	0	0
1007.489739	0	0
1007.539744	0	0
1007.589749	0	0
1007.639754	0	0
1007.689759	0	0
1007.739764	0	0
1007.789769	0	0
1007.839774	0	0
1007.889779	0	0
1007.939784	0	0
1007.989789	0	0
1008.039794	0	0
1008.089799	0	0
1008.139804	0	0
1008.189809	0	0
1008.239814	0	0
1008.289819	0	0
1008.338824	0	0
1008.388829	0	0
1008.438834	0	0
1008.488839	0	0
1008.538844	0	0
1008.588849	0	0
1008.638854	0	0
1008.688859	0	0
1008.738864	0	0
1008.788869	0	0
1008.838874	0	0
1008.888879	0	0
1008.938884	0	0
1008.988889	0	0
1009.038894	0	0
1009.088899	0	0
1009.138904	0	0
1009.188909	0	0
1009.238914	0	0
1009.288919	0	0
1009.338924	0	0
1009.388929	0	0
1009.438934	0	0
1009.488939	0	0
1009.538944	0	0
1009.588949	0	0
1009.638954	0	0
1009.688959	0	0
1009.738964	0	0
1009.788969	0	0
1009.838974	0	0
1009.888979	0	0
1009.938984	0	0
1009.988989	0	0
1010.038994	0	0
1010.088999	0	0
1010.139004	0	0
1010.189009	0	0
1010.239014	0	0
1010.289019	0	0
1010.339024	0	0
1010.389029	0	0
1010.439034	0	0
1010.489039	0	0
1010.539044	0	0
1010.589049	0	0
1010.639054	0	0
1010.689059	0	0
1010.739064	0	0
1010.789069	0	0
1010.839074	0	0
1010.889079	0	0
1010.939084	0	0
1010.989089	0	0
1011.039094	0	0
1011.089099	0	0
1011.139104	0	0
1011.189109	0	0
1011.239114	0	0
1011.289119	0	0
1011.339124	0	0
1011.389129	0	0
1011.439134	0	0
1011.489139	0	0
1011.539144	0	0
1011.589149	0	0
1011.639154	0	0
1011.689159	0	0
1011.739164	0	0
1011.789169	0	0
1011.839174	0	0
1011.889179	0	0
1011.939184	0	0
1011.989189	0	0
1012.039194	0	0
1012.089199	0	0
1012.139204	0	0
1012.189209	0	0
1012.239214	0	0
1012.289219	0	0
1012.339224	0	0
1012.389229	0	0
1012.439234	0	0
1012.489239	0	0
1012.539244	0	0
1012.589249	0	0
1012.639254	0	0
1012.689259	0	0
1012.739264	0	0
1012.789269	0	0
1012.839274	0	0
1012.889279	0	0
1012.939284	0	0
1012.989289	0	0
1013.039294	0	0
1013.089299	0	0
1013.139304	0	0
1013.189309	0	0
1013.239314	0	0
1013.289319	0	0
1013.339324	0	0
1013.389329	0	0
1013.439334	0	0
1013.489339	0	0
1013.539344	0	0
1013.589349	0	0
1013.639354	0	0
1013.689359	0	0
1013.739364	0	0
1013.789369	0	0
1013.839374	0	0
1013.889379	0	0
1013.939384	0	0
1013.989389	0	0
1014.039394	0	0
1014.089399	0	0
1014.139404	0	0
1014.189409	0	0
1014.239414	0	0
1014.289419	0	0
1014.339424	0	0
1014.389429	0	0
1014.439434	0	0
1014.489439	0	0
1014.539444	0	0
1014.589449	0	0
1014.639454	0	0
1014.689459	0	0
1014.739464	0	0
1014.789469	0	0
1014.839474	0	0
1014.889479	0	0
1014.939484	0	0
1014.989489	0	0
1015.039494	0	0
1015.089499	0	0
1015.139504	0	0
1015.189509	0	0
1015.239514	0	0
1015.289519	0	0
1015.339524	0	0
1015.389529	0	0
1015.439534	0	0
1015.489539	0	0
1015.539544	0	0
1015.589549	0	0
1015.639554	0	0
1015.689559	0	0
1015.739564	0	0
1015.789569	0	0
1015.839574	0	0
1015.889579	0	0
1015.939584	0	0
1015.991589	0	0
1016.039594	0	0
1016.089599	0	0
1016.139604	0	0
1016.189609	0	0
1016.239614	0	0
1016.289619	0	0
1016.339624	0	0
1016.389629	0	0
1016.439634	0	0
1016.489639	0	0
1016.539644	0	0
1016.589649	0	0
1016.639654	0	0
1016.689659	0	0
1016.739664	0	0
1016.789669	0	0
1016.839674	0	0
1016.889679	0	0
1016.939684	0	0
1016.989689	0	0
1017.039694	0	0
1017.089699	0	0
1017.139704	0	0
1017.189709	0	0
1017.239714	0	0
1017.289719	0	0
1017.339724	0	0
1017.389729	0	0
1017.439734	0	0
1017.492739	0	0
1017.539744	0	0
1017.589749	0	0
1017.639754	0	0
1017.689759	0	0
1017.739764	0	0
1017.789769	0	0
1017.839774	0	0
1017.889779	0	0
1017.939784	0	0
1017.989789	0	0
1018.039794	0	0
1018.089799	0	0
1018.139804	0	0
1018.189809	0	0
1018.239814	0	0
1018.289819	0	0
1018.339824	0	0
1018.389829	0	0
1018.439834	0	0
1018.489839	0	0
1018.539844	0	0
1018.589849	0	0
1018.639854	0	0
1018.689859	0	0
1018.739864	0	0
1018.789869	0	0
1018.839874	0	0
1018.889879	0	0
1018.939884	0	0
1018.989889	0	0
1019.039894	0	0
1019.089899	0	0
1019.139904	0	0
1019.189909	0	0
1019.239914	0	0
1019.289919	0	0
1019.339924	0	0
1019.389929	0	0
1019.439934	0	0
1019.489939	0	0
1019.539944	0	0
1019.589949	0	0
1019.639954	0	0
1019.689959	0	0
1019.739964	0	0
1019.789969	0	0
1019.839974	0	0
1019.889979	0	0
1019.939984	0	0
1019.989989	0	0
1020.039994	0	0
1020.089999	0	0
1020.140004	0	0
1020.190009	0	0
1020.240014	0	0
1020.290019	0	0
1020.340024	0	0
1020.390029	0	0
1020.440034	0	0
1020.490039	0	0
1020.540044	0	0
1020.590049	0	0
1020.640054	0	0
1020.690059	0	0
1020.740064	0	0
1020.790069	0	0
1020.840074	0	0
1020.890079	0	0
1020.940084	0	0
1020.990089	0	0
1021.040094	0	0
1021.090099	0	0
1021.140104	0	0
1021.190109	0	0
1021.240114	0	0
1021.290119	0	0
1021.340124	0	0
1021.390129	0	0
1021.440134	0	0
1021.490139	0	0
1021.540144	0	0
1021.590149	0	0
1021.640154	0	0
1021.690159	0	0
1021.740164	0	0
1021.790169	0	0
1021.840174	0	0
1021.890179	0	0
1021.940184	0	0
1021.990189	0	0
1022.040194	0	0
1022.090199	0	0
1022.140204	0	0
1022.190209	0	0
1022.240214	0	0
1022.290219	0	0
1022.340224	0	0
1022.390229	0	0
1022.440234	0	0
1022.490239	0	0
1022.540244	0	0
1022.590249	0	0
1022.640254	0	0
1022.690259	0	0
1022.740264	0	0
1022.790269	0	0
1022.840274	0	0
1022.890279	0	0
1022.940284	0	0
1022.990289	0	0
1023.040294	0	0
1023.090299	0	0
1023.140304	0	0
1023.190309	0	0
1023.240314	0	0
1023.290319	0	0
1023.340324	0	0
1023.390329	0	0
1023.440334	0	0
1023.490339	0	0
1023.540344	0	0
1023.590349	0	0
1023.640354	0	0
1023.690359	0	0
1023.740364	0	0
1023.790369	0	0
1023.840374	0	0
1023.890379	0	0
1023.940384	0	0
1023.990389	0	0
1024.040394	0	0
1024.090399	0	0
1024.140404	0	0
1024.190409	0	0
1024.240414	0	0
1024.290419	0	0
1024.340424	0	0
1024.390429	0	0
1024.440434	0	0
1024.490439	0	0
1024.540444	0	0
1024.590449	0	0
1024.640454	0	0
1024.690459	0	0
1024.740464	0	0
1024.790469	0	0
1024.840474	0	0
1024.890479	0	0
1024.940484	0	0
1024.990489	0	0
1025.040494	0	0
1025.090499	0	0
1025.140504	0	0
1025.190509	0	0
1025.240514	0	0
1025.290519	0	0
1025.340524	0	0
1025.390529	0	0
1025.440534	0	0
1025.490539	0	0
1025.540544	0	0
1025.590549	0	0
1025.640554	0	0
1025.690559	0	0
1025.740564	0	0
1025.790569	0	0
1025.839574	0	0
1025.889579	0	0
1025.939584	0	0
1025.989589	0	0
1026.039594	0	0
1026.089599	0	0
1026.139604	0	0
1026.189609	0	0
1026.239614	0	0
1026.289618	0	0
1026.339624	0	0
1026.389629	0	0
1026.439634	0	0
1026.489639	0	0
1026.539644	0	0
1026.589649	0	0
1026.639654	0	0
1026.689659	0	0
1026.739664	0	0
1026.789669	0	0
1026.839674	0	0
1026.889678	0	0
1026.939684	0	0
1026.989689	0	0
1027.039694	0	0
1027.089699	0	0
1027.139704	0	0
1027.189709	0	0
1027.239714	0	0
1027.289719	0	0
1027.339724	0	0
1027.389729	0	0
1027.439734	0	0
1027.489739	0	0
1027.539744	0	0
1027.589749	0	0
1027.639754	0	0
1027.689759	0	0
1027.739764	0	0
1027.789769	0	0
1027.839774	0	0
1027.889779	0	0
1027.939784	0	0
1027.989789	0	0
1028.039793	0	0
1028.089799	0	0
1028.139804	0	0
1028.189809	0	0
1028.239814	0	0
1028.289819	0	0
1028.339824	0	0
1028.389829	0	0
1028.439834	0	0
1028.489839	0	0
1028.539844	0	0
1028.589849	0	0
1028.639853	0	0
1028.689859	0	0
1028.739864	0	0
1028.789869	0	0
1028.839874	0	0
1028.889879	0	0
1028.939884	0	0
1028.989889	0	0
1029.039894	0	0
1029.089899	0	0
1029.139904	0	0
1029.189909	0	0
1029.239914	0	0
1029.289919	0	0
1029.339924	0	0
1029.389929	0	0
1029.439934	0	0
1029.489939	0	0
1029.539944	0	0
1029.589949	0	0
1029.639954	0	0
1029.689959	0	0
1029.739964	0	0
1029.789968	0	0
1029.839974	0	0
1029.889979	0	0
1029.939984	0	0
1029.989989	0	0
1030.039994	0	0
1030.089999	0	0
1030.140004	0	0
1030.190009	0	0
1030.240014	0	0
1030.290019	0	0
1030.340024	0	0
1030.390028	0	0
1030.440034	0	0
1030.490039	0	0
1030.540044	0	0
1030.590049	0	0
1030.640054	0	0
1030.690059	0	0
1030.740064	0	0
1030.790069	0	0
1030.840074	0	0
1030.890079	0	0
1030.940084	0	0
1030.990089	0	0
1031.040094	0	0
1031.090099	0	0
1031.140104	0	0
1031.190109	0	0
1031.240114	0	0
1031.294119	0	0
1031.340124	0	0
1031.390129	0	0
1031.440134	0	0
1031.490139	0	0
1031.540143	0	0
1031.590149	0	0
1031.640154	0	0
1031.690159	0	0
1031.740164	0	0
1031.790169	0	0
1031.840174	0	0
1031.890179	0	0
1031.940184	0	0
1031.990189	0	0
1032.040194	0	0
1032.090199	0	0
1032.140204	0	0
1032.190209	0	0
1032.240214	0	0
1032.290219	0	0
1032.340224	0	0
1032.390229	0	0
1032.440234	0	0
1032.490239	0	0
1032.540244	0	0
1032.590249	0	0
1032.640254	0	0
1032.690259	0	0
1032.740264	0	0
1032.790269	0	0
1032.840274	0	0
1032.890279	0	0
1032.940284	0	0
1032.990289	0	0
1033.040294	0	0
1033.090299	0	0
1033.140304	0	0
1033.190309	0	0
1033.240314	0	0
1033.294319	0	0
1033.340324	0	0
1033.390329	0	0
1033.440334	0	0
1033.490339	0	0
1033.540344	0	0
1033.590349	0	0
1033.640354	0	0
1033.690359	0	0
1033.740364	0	0
1033.790369	0	0
1033.840374	0	0
1033.890379	0	0
1033.940384	0	0
1033.990389	0	0
1034.040394	0	0
1034.090399	0	0
1034.140404	0	0
1034.190409	0	0
1034.240414	0	0
1034.290419	0	0
1034.340424	0	0
1034.390429	0	0
1034.440434	0	0
1034.490439	0	0
1034.540444	0	0
1034.590449	0	0
1034.640454	0	0
1034.690459	0	0
1034.740464	0	0
1034.790469	0	0
1034.840474	0	0
1034.890479	0	0
1034.940484	0	0
1034.990489	0	0
1035.040493	0	0
1035.090499	0	0
1035.140504	0	0
1035.190509	0	0
1035.240514	0	0
1035.290519	0	0
1035.340524	0	0
1035.390529	0	0
1035.440534	0	0
1035.490539	0	0
1035.540544	0	0
1035.590549	0	0
1035.640554	0	0
1035.690559	0	0
1035.740564	0	0
1035.790569	0	0
1035.840574	0	0
1035.890579	0	0
1035.940584	0	0
1035.990589	0	0
1036.040594	0	0
1036.090599	0	0
1036.140604	0	0
1036.190609	0	0
1036.240614	0	0
1036.290619	0	0
1036.340624	0	0
1036.390629	0	0
1036.440634	0	0
1036.490639	0	0
1036.540644	0	0
1036.590649	0	0
1036.640654	0	0
1036.690659	0	0
1036.740664	0	0
1036.790668	0	0
1036.840674	0	0
1036.890679	0	0
1036.940684	0	0
1036.990689	0	0
1037.040694	0	0
1037.090699	0	0
1037.140704	0	0
1037.190709	0	0
1037.240714	0	0
1037.290719	0	0
1037.340724	0	0
1037.390729	0	0
1037.440734	0	0
1037.490739	0	0
1037.540744	0	0
1037.590749	0	0
1037.640754	0	0
1037.690759	0	0
1037.740764	0	0
1037.790769	0	0
1037.840774	0	0
1037.890779	0	0
1037.940784	0	0
1037.990789	0	0
1038.040794	0	0
1038.090799	0	0
1038.140804	0	0
1038.190809	0	0
1038.240814	0	0
1038.290819	0	0
1038.340824	0	0
1038.390829	0	0
1038.440834	0	0
1038.490839	0	0
1038.540843	0	0
1038.590849	0	0
1038.640854	0	0
1038.690859	0	0
1038.740864	0	0
1038.790869	0	0
1038.840874	0	0
1038.890879	0	0
1038.940884	0	0
1038.990889	0	0
1039.040894	0	0
1039.090899	0	0
1039.140904	0	0
1039.190909	0	0
1039.240914	0	0
1039.290919	0	0
1039.340924	0	0
1039.390929	0	0
1039.440934	0	0
1039.490939	0	0
1039.540944	0	0
1039.590949	0	0
1039.640954	0	0
1039.690958	0	0
1039.740964	0	0
1039.790969	0	0
1039.840974	0	0
1039.890979	0	0
1039.940984	0	0
1039.990989	0	0
1040.040994	0	0
1040.090999	0	0
1040.141004	0	0
1040.191009	0	0
1040.241014	0	0
1040.291018	0	0
1040.341024	0	0
1040.391029	0	0
1040.441034	0	0
1040.491039	0	0
1040.541044	0	0
1040.591049	0	0
1040.641054	0	0
1040.691059	0	0
1040.741064	0	0
1040.791069	0	0
1040.841074	0	0
1040.891079	0	0
1040.941084	0	0
1040.991089	0	0
1041.041094	0	0
1041.091099	0	0
1041.141104	0	0
1041.191109	0	0
1041.241114	0	0
1041.291119	0	0
1041.341124	0	0
1041.391129	0	0
1041.441133	0	0
1041.491139	0	0
1041.541144	0	0
1041.591149	0	0
1041.641154	0	0
1041.691159	0	0
1041.741164	0	0
1041.791169	0	0
1041.841174	0	0
1041.891179	0	0
1041.941184	0	0
1041.991189	0	0
1042.041193	0	0
1042.091199	0	0
1042.141204	0	0
1042.191209	0	0
1042.241214	0	0
1042.291219	0	0
1042.341224	0	0
1042.391229	0	0
1042.441234	0	0
1042.491239	0	0
1042.541244	0	0
1042.591249	0	0
1042.641254	0	0
1042.691259	0	0
1042.741264	0	0
1042.791269	0	0
1042.841274	0	0
1042.891279	0	0
1042.941284	0	0
1042.991289	0	0
1043.041294	0	0
1043.091299	0	0
1043.141304	0	0
1043.191308	0	0
1043.241314	0	0
1043.291319	0	0
1043.340323	0	0
1043.390328	0	0
1043.440334	0	0
1043.490339	0	0
1043.540344	0	0
1043.590349	0	0
1043.640354	0	0
1043.690359	0	0
1043.740364	0	0
1043.790369	0	0
1043.840374	0	0
1043.890378	0	0
1043.940383	0	0
1043.990388	0	0
1044.040394	0	0
1044.090399	0	0
1044.140404	0	0
1044.190409	0	0
1044.240414	0	0
1044.290419	0	0
1044.340424	0	0
1044.390429	0	0
1044.440434	0	0
1044.490438	0	0
1044.540443	0	0
1044.590448	0	0
1044.640454	0	0
1044.690459	0	0
1044.740464	0	0
1044.790469	0	0
1044.840474	0	0
1044.890479	0	0
1044.940484	0	0
1044.990489	0	0
1045.040493	0	0
1045.090498	0	0
1045.140503	0	0
1045.190509	0	0
1045.240514	0	0
1045.290519	0	0
1045.340524	0	0
1045.390529	0	0
1045.440534	0	0
1045.490539	0	0
1045.540544	0	0
1045.590549	0	0
1045.640553	0	0
1045.690558	0	0
1045.740563	0	0
1045.790569	0	0
1045.840574	0	0
1045.890579	0	0
1045.940584	0	0
1045.990589	0	0
1046.040594	0	0
1046.090599	0	0
1046.140604	0	0
1046.190609	0	0
1046.240613	0	0
1046.290618	0	0
1046.340623	0	0
1046.390629	0	0
1046.440634	0	0
1046.490639	0	0
1046.540644	0	0
1046.590649	0	0
1046.640654	0	0
1046.690659	0	0
1046.740664	0	0
1046.790668	0	0
1046.840673	0	0
1046.890678	0	0
1046.940684	0	0
1046.990689	0	0
1047.040694	0	0
1047.090699	0	0
1047.140704	0	0
1047.190709	0	0
1047.240714	0	0
1047.290719	0	0
1047.340724	0	0
1047.390728	0	0
1047.440733	0	0
1047.490738	0	0
1047.540744	0	0
1047.590749	0	0
1047.640754	0	0
1047.690759	0	0
1047.740764	0	0
1047.790769	0	0
1047.840774	0	0
1047.890779	0	0
1047.940784	0	0
1047.990788	0	0
1048.040793	0	0
1048.090798	0	0
1048.140804	0	0
1048.190809	0	0
1048.240814	0	0
1048.290819	0	0
1048.340824	0	0
1048.390829	0	0
1048.440834	0	0
1048.490839	0	0
1048.540843	0	0
1048.590848	0	0
1048.640853	0	0
1048.690859	0	0
1048.740864	0	0
1048.790869	0	0
1048.840874	0	0
1048.890879	0	0
1048.940884	0	0
1048.990889	0	0
1049.040894	0	0
1049.090899	0	0
1049.140903	0	0
1049.190908	0	0
1049.240913	0	0
1049.290919	0	0
1049.340924	0	0
1049.390929	0	0
1049.440934	0	0
1049.490939	0	0
1049.540944	0	0
1049.590949	0	0
1049.640954	0	0
1049.690958	0	0
1049.740963	0	0
1049.790968	0	0
1049.840973	0	0
1049.890979	0	0
1049.940984	0	0
1049.990989	0	0
1050.040994	0	0
1050.090999	0	0
1050.141004	0	0
1050.191009	0	0
1050.241014	0	0
1050.291018	0	0
1050.341023	0	0
1050.391028	0	0
1050.441034	0	0
1050.491039	0	0
1050.541044	0	0
1050.591049	0	0
1050.641054	0	0
1050.691059	0	0
1050.741064	0	0
1050.791069	0	0
1050.841074	0	0
1050.891078	0	0
1050.941083	0	0
1050.991088	0	0
1051.041094	0	0
1051.091099	0	0
1051.141104	0	0
1051.191109	0	0
1051.241114	0	0
1051.291119	0	0
1051.341124	0	0
1051.391129	0	0
1051.441133	0	0
1051.491138	0	0
1051.541143	0	0
1051.591149	0	0
1051.641154	0	0
1051.691159	0	0
1051.741164	0	0
1051.791169	0	0
1051.841174	0	0
1051.891179	0	0
1051.941184	0	0
1051.991189	0	0
1052.041193	0	0
1052.091198	0	0
1052.141203	0	0
1052.191209	0	0
1052.241214	0	0
1052.291219	0	0
1052.341224	0	0
1052.391229	0	0
1052.441234	0	0
1052.491239	0	0
1052.541244	0	0
1052.591249	0	0
1052.641253	0	0
1052.691258	0	0
1052.741263	0	0
1052.791269	0	0
1052.841274	0	0
1052.891279	0	0
1052.941284	0	0
1052.991289	0	0
1053.041294	0	0
1053.091299	0	0
1053.141304	0	0
1053.191308	0	0
1053.241313	0	0
1053.291318	0	0
1053.341324	0	0
1053.391329	0	0
1053.441334	0	0
1053.491339	0	0
1053.541344	0	0
1053.591349	0	0
1053.641354	0	0
1053.691359	0	0
1053.741364	0	0
1053.791368	0	0
1053.841373	0	0
1053.891378	0	0
1053.941384	0	0
1053.991389	0	0
1054.041394	0	0
1054.091399	0	0
1054.141404	0	0
1054.191409	0	0
1054.241414	0	0
1054.291419	0	0
1054.341424	0	0
1054.391428	0	0
1054.441433	0	0
1054.491438	0	0
1054.541444	0	0
1054.591449	0	0
1054.641454	0	0
1054.691459	0	0
1054.741464	0	0
1054.791469	0	0
1054.841474	0	0
1054.891479	0	0
1054.941483	0	0
1054.991488	0	0
1055.041493	0	0
1055.091499	0	0
1055.141504	0	0
1055.191509	0	0
1055.241514	0	0
1055.291519	0	0
1055.341524	0	0
1055.391529	0	0
1055.441534	0	0
1055.491539	0	0
1055.541543	0	0
1055.591548	0	0
1055.641553	0	0
1055.691559	0	0
1055.741564	0	0
1055.791569	0	0
1055.841574	0	0
1055.891579	0	0
1055.941584	0	0
1055.991589	0	0
1056.041594	0	0
1056.091599	0	0
1056.141603	0	0
1056.191608	0	0
1056.241613	0	0
1056.291619	0	0
1056.341624	0	0
1056.391629	0	0
1056.441634	0	0
1056.491639	0	0
1056.541644	0	0
1056.591649	0	0
1056.641654	0	0
1056.691658	0	0
1056.741663	0	0
1056.791668	0	0
1056.841674	0	0
1056.891679	0	0
1056.941684	0	0
1056.991689	0	0
1057.041694	0	0
1057.091699	0	0
1057.141704	0	0
1057.191709	0	0
1057.241714	0	0
1057.291718	0	0
1057.341723	0	0
1057.391728	0	0
1057.441734	0	0
1057.491739	0	0
1057.541744	0	0
1057.591749	0	0
1057.641754	0	0
1057.691759	0	0
1057.741764	0	0
1057.791769	0	0
1057.841774	0	0
1057.891778	0	0
1057.941783	0	0
1057.991788	0	0
1058.041794	0	0
1058.091799	0	0
1058.141804	0	0
1058.191809	0	0
1058.241814	0	0
1058.291819	0	0
1058.341824	0	0
1058.391829	0	0
1058.441833	0	0
1058.491838	0	0
1058.541843	0	0
1058.591849	0	0
1058.641854	0	0
1058.691859	0	0
1058.741864	0	0
1058.791869	0	0
1058.841874	0	0
1058.891879	0	0
1058.941884	0	0
1058.991889	0	0
1059.041893	0	0
1059.091898	0	0
1059.141903	0	0
1059.191909	0	0
1059.241914	0	0
1059.291919	0	0
1059.341924	0	0
1059.391929	0	0
1059.441934	0	0
1059.491939	0	0
1059.541944	0	0
1059.591949	0	0
1059.641953	0	0
1059.691958	0	0
1059.741963	0	0
1059.791969	0	0
1059.841974	0	0
1059.891979	0	0
1059.966986	0	0
1059.992989	0	0
1060.041994	0	0
1060.091999	0	0
1060.142004	0	0
1060.192008	0	0
1060.242013	0	0
1060.292018	0	0
1060.342024	0	0
1060.392029	0	0
1060.442034	0	0
1060.492039	0	0
1060.542044	0	0
1060.592049	0	0
1060.642054	0	0
1060.692059	0	0
1060.742064	0	0
1060.791069	0	0
1060.841074	0	0
1060.891078	0	0
1060.941083	0	0
1060.991088	0	0
1061.041093	0	0
1061.091098	0	0
1061.141104	0	0
1061.191109	0	0
1061.241114	0	0
1061.291119	0	0
1061.341124	0	0
1061.391129	0	0
1061.441133	0	0
1061.491138	0	0
1061.541143	0	0
1061.591148	0	0
1061.641153	0	0
1061.691158	0	0
1061.741164	0	0
1061.791169	0	0
1061.841174	0	0
1061.891179	0	0
1061.941184	0	0
1061.991189	0	0
1062.041193	0	0
1062.091198	0	0
1062.141203	0	0
1062.191208	0	0
1062.241213	0	0
1062.291218	0	0
1062.341224	0	0
1062.391229	0	0
1062.441234	0	0
1062.491239	0	0
1062.541244	0	0
1062.591249	0	0
1062.641253	0	0
1062.691258	0	0
1062.741263	0	0
1062.791268	0	0
1062.841273	0	0
1062.891279	0	0
1062.941284	0	0
1062.991289	0	0
1063.041294	0	0
1063.091299	0	0
1063.141304	0	0
1063.191308	0	0
1063.241313	0	0
1063.291318	0	0
1063.341323	0	0
1063.391328	0	0
1063.441333	0	0
1063.491339	0	0
1063.541344	0	0
1063.591349	0	0
1063.641354	0	0
1063.691359	0	0
1063.741364	0	0
1063.791368	0	0
1063.841373	0	0
1063.891378	0	0
1063.941383	0	0
1063.991388	0	0
1064.041393	0	0
1064.091399	0	0
1064.141404	0	0
1064.191409	0	0
1064.241414	0	0
1064.291419	0	0
1064.341424	0	0
1064.391428	0	0
1064.441433	0	0
1064.491438	0	0
1064.541443	0	0
1064.591448	0	0
1064.641454	0	0
1064.691459	0	0
1064.741464	0	0
1064.791469	0	0
1064.841474	0	0
1064.891479	0	0
1064.941483	0	0
1064.991488	0	0
1065.041493	0	0
1065.091498	0	0
1065.141503	0	0
1065.191508	0	0
1065.241514	0	0
1065.291519	0	0
1065.341524	0	0
1065.391529	0	0
1065.441534	0	0
1065.491539	0	0
1065.541543	0	0
1065.591548	0	0
1065.641553	0	0
1065.691558	0	0
1065.741563	0	0
1065.791568	0	0
1065.841574	0	0
1065.891579	0	0
1065.941584	0	0
1065.991589	0	0
1066.041594	0	0
1066.091599	0	0
1066.141603	0	0
1066.191608	0	0
1066.241613	0	0
1066.291618	0	0
1066.341623	0	0
1066.391629	0	0
1066.441634	0	0
1066.491639	0	0
1066.541644	0	0
1066.591649	0	0
1066.641654	0	0
1066.691658	0	0
1066.741663	0	0
1066.791668	0	0
1066.841673	0	0
1066.891678	0	0
1066.941683	0	-21
1066.991689	0	-93
1067.041694	0	-121
1067.091699	0	-121
1067.141704	0	-121
1067.191709	0	-145
1067.241714	0	-157
1067.291718	0	-181
1067.341723	0	-181
1067.391728	0	-181
1067.441733	0	-181
1067.491738	0	-181
1067.541743	0	-181
1067.591749	0	-181
1067.641754	0	-181
1067.691759	0	-253
1067.741764	0	-397
1067.791769	0	-425
1067.841774	0	-441
1067.891778	0	-521
1067.941783	0	-593
1067.991788	0	-665
1068.041793	0	-665
1068.091798	0	-701
1068.141804	0	-737
1068.191809	0	-737
1068.241814	0	-737
1068.291819	0	-737
1068.341824	0	-737
1068.391829	0	-737
1068.441833	0	-737
1068.491838	0	-737
1068.541843	0	-737
1068.591848	0	-737
1068.641853	0	-737
1068.691858	0	-737
1068.741864	0	-737
1068.791869	0	-737
1068.841874	0	-737
1068.891879	0	-737
1068.941884	0	-737
1068.991889	0	-737
1069.041893	0	-737
1069.091898	0	-737
1069.141903	0	-737
1069.191908	0	-737
1069.241913	0	-737
1069.291918	0	-613
1069.341924	0	-505
1069.391929	0	-441
1069.441934	0	-405
1069.491939	0	-333
1069.541944	0	-297
1069.591949	0	-41
1069.641953	0	0
1069.691958	0	0
1069.741963	0	0
1069.791968	0	0
1069.841973	0	0
1069.891979	0	0
1069.941984	0	0
1069.991989	0	0
1070.041994	0	0
1070.091999	0	0
1070.142004	0	0
1070.192008	0	0
1070.242013	0	0
1070.292018	0	0
1070.342023	0	0
1070.392028	0	0
1070.442033	0	0
1070.492039	0	0
1070.542044	0	0
1070.592049	0	0
1070.642054	0	0
1070.692059	0	0
1070.742064	0	0
1070.792068	0	0
1070.842073	0	0
1070.892078	0	0
1070.942083	0	0
1070.992088	0	0
1071.042093	0	0
1071.092099	0	0
1071.142104	0	0
1071.192109	0	0
1071.242114	0	0
1071.292119	0	0
1071.342124	0	0
1071.392128	0	0
1071.442133	0	0
1071.492138	0	0
1071.542143	0	0
1071.592148	0	0
1071.642154	0	0
1071.692159	0	0
1071.742164	0	0
1071.792169	0	0
1071.842174	0	0
1071.892179	0	0
1071.942183	0	0
1071.992188	0	0
1072.042193	0	0
1072.092198	0	0
1072.142203	0	0
1072.192208	0	0
1072.242214	0	0
1072.292219	0	0
1072.342224	0	0
1072.392229	0	0
1072.442234	0	0
1072.492239	0	0
1072.542243	0	0
1072.592248	0	0
1072.642253	0	0
1072.692258	0	0
1072.742263	0	0
1072.792269	0	0
1072.842274	0	0
1072.892279	0	0
1072.942284	0	0
1072.992289	0	0
1073.042294	0	0
1073.092299	0	0
1073.142303	0	0
1073.192308	0	0
1073.242313	0	0
1073.292318	0	0
1073.342323	0	0
1073.392329	0	0
1073.442334	0	0
1073.492339	0	0
1073.542344	0	0
1073.592349	0	0
1073.642354	0	0
1073.692358	0	0
1073.742363	0	0
1073.792368	0	0
1073.842373	0	0
1073.892378	0	0
1073.942383	0	0
1073.992389	0	0
1074.042394	0	0
1074.092399	0	0
1074.142404	0	0
1074.192409	0	0
1074.242414	0	0
1074.292418	0	0
1074.342423	0	0
1074.392428	0	0
1074.442433	0	0
1074.492438	0	0
1074.542444	0	0
1074.592449	0	0
1074.642454	0	0
1074.692459	0	0
1074.742464	0	0
1074.792469	0	0
1074.842474	0	0
1074.892478	0	0
1074.942483	0	0
1074.992488	0	0
1075.042493	0	0
1075.092498	0	0
1075.142504	0	0
1075.192509	0	0
1075.242514	0	0
1075.292519	0	0
1075.342524	0	0
1075.392529	0	0
1075.442533	0	0
1075.492538	0	0
1075.542543	0	0
1075.592548	0	0
1075.642553	0	0
1075.692558	0	0
1075.742564	0	0
1075.792569	0	0
1075.842574	0	0
1075.892579	0	0
1075.942584	0	0
1075.992589	0	0
1076.042593	0	0
1076.092598	0	0
1076.142603	0	0
1076.192608	0	0
1076.242613	0	0
1076.292619	0	0
1076.342624	0	0
1076.392629	0	0
1076.442634	0	0
1076.492639	0	0
1076.542644	0	0
1076.592649	0	0
1076.642653	0	0
1076.692658	0	0
1076.742663	0	0
1076.792668	0	0
1076.842673	0	0
1076.892679	0	0
1076.942684	0	0
1076.992689	0	0
1077.042694	0	0
1077.092699	0	0
1077.142704	0	0
1077.192708	0	0
1077.242713	0	0
1077.292718	0	0
1077.342723	0	0
1077.392728	0	0
1077.442733	0	0
1077.492739	0	0
1077.542744	0	0
1077.592749	0	0
1077.642754	0	0
1077.692759	0	0
1077.742764	0	0
1077.792768	0	0
1077.842773	0	0
1077.892778	0	0
1077.942783	0	0
1077.992788	0	0
1078.042794	0	0
1078.092799	0	0
1078.142804	0	0
1078.192809	0	0
1078.242814	0	0
1078.291819	0	0
1078.341824	0	0
1078.391829	0	0
1078.441833	0	0
1078.491838	0	0
1078.541843	0	0
1078.591848	0	0
1078.641853	0	0
1078.691858	0	0
1078.741863	0	0
1078.791868	0	0
1078.841874	0	0
1078.891879	0	0
1078.941884	0	0
1078.991889	0	0
1079.041893	0	0
1079.091898	0	0
1079.141903	0	0
1079.191908	0	0
1079.241913	0	0
1079.291918	0	0
1079.341923	0	0
1079.391928	0	0
1079.441934	0	0
1079.491939	0	0
1079.541944	0	0
1079.593949	0	0
1079.641953	0	0
1079.691958	0	0
1079.741963	0	0
1079.791968	0	0
1079.841973	0	0
1079.891978	0	0
1079.941983	0	0
1079.991988	0	0
1080.041994	0	0
1080.091999	0	0
1080.142004	0	0
1080.192008	0	0
1080.242013	0	0
1080.292018	0	0
1080.342023	0	0
1080.392028	0	0
1080.442033	0	0
1080.492038	0	0
1080.542043	0	0
1080.592049	0	0
1080.642054	0	0
1080.692059	0	0
1080.742064	0	0
1080.792068	0	0
1080.842073	0	0
1080.892078	0	0
1080.942083	0	0
1080.992088	0	0
1081.042093	0	0
1081.092098	0	0
1081.142103	0	0
1081.192109	0	0
1081.242114	0	0
1081.292119	0	0
1081.342124	0	0
1081.392128	0	0
1081.442133	0	0
1081.492138	0	0
1081.542143	0	0
1081.592148	0	0
1081.642153	0	0
1081.692158	0	0
1081.742163	0	0
1081.792169	0	0
1081.842174	0	0
1081.892179	0	0
1081.942183	0	0
1081.992188	0	0
1082.042193	0	0
1082.092198	0	0
1082.142203	0	0
1082.192208	0	0
1082.242213	0	0
1082.292218	0	0
1082.342224	0	0
1082.392229	0	0
1082.442234	0	0
1082.492239	0	0
1082.542243	0	0
1082.592248	0	0
1082.642253	0	0
1082.692258	0	0
1082.742263	0	0
1082.792268	0	0
1082.842273	0	0
1082.892278	0	0
1082.942284	0	0
1082.992289	0	0
1083.042294	0	0
1083.092299	0	0
1083.142303	0	0
1083.192308	0	0
1083.242313	0	0
1083.292318	0	0
1083.342323	0	0
1083.392328	0	0
1083.442333	0	0
1083.492338	0	0
1083.542344	0	0
1083.592349	0	0
1083.642354	0	0
1083.692358	0	0
1083.742363	0	0
1083.792368	0	0
1083.842373	0	0
1083.892378	0	0
1083.942383	0	0
1083.992388	0	0
1084.042393	0	0
1084.094398	0	0
1084.142404	0	0
1084.192409	0	0
1084.242414	0	0
1084.292418	0	0
1084.342423	0	0
1084.392428	0	0
1084.442433	0	0
1084.492438	0	0
1084.542443	0	0
1084.592448	0	0
1084.642453	0	0
1084.692459	0	0
1084.742464	0	0
1084.792469	0	0
1084.842474	0	0
1084.892478	0	0
1084.942483	0	0
1084.992488	0	0
1085.042493	0	0
1085.092498	0	0
1085.142503	0	0
1085.192508	0	0
1085.242513	0	0
1085.292519	0	0
1085.342524	0	0
1085.392529	0	0
1085.442533	0	0
1085.492538	0	0
1085.542543	0	0
1085.592548	0	0
1085.642553	0	0
1085.692558	0	0
1085.742563	0	0
1085.792568	0	0
1085.842574	0	0
1085.892579	0	0
1085.942584	0	0
1085.992589	0	0
1086.042593	0	0
1086.092598	0	0
1086.142603	0	0
1086.192608	0	0
1086.242613	0	0
1086.292618	0	0
1086.342623	0	0
1086.392628	0	0
1086.442634	0	0
1086.492639	0	0
1086.542644	0	0
1086.592649	0	0
1086.642653	0	0
1086.692658	0	0
1086.742663	0	0
1086.792668	0	0
1086.842673	0	0
1086.892678	0	0
1086.942683	0	0
1086.992688	0	0
1087.042694	0	0
1087.092699	0	0
1087.142704	0	0
1087.192708	0	0
1087.242713	0	0
1087.292718	0	0
1087.342723	0	0
1087.392728	0	0
1087.442733	0	0
1087.492738	0	0
1087.542743	0	0
1087.592749	0	0
1087.642754	0	0
1087.692759	0	0
1087.742764	0	0
1087.792768	0	0
1087.842773	0	0
1087.892778	0	0
1087.942783	0	0
1087.992788	0	0
1088.042793	0	0
1088.092798	0	0
1088.142803	0	0
1088.192809	0	0
1088.242814	0	0
1088.292819	0	0
1088.342824	0	0
1088.392828	0	0
1088.442833	0	0
1088.492838	0	0
1088.542843	0	0
1088.604850	0	0
1088.642853	0	0
1088.692858	0	0
1088.742863	0	0
1088.792869	0	0
1088.842874	0	0
1088.892879	0	0
1088.942883	0	0
1088.992888	0	0
1089.042893	0	0
1089.092898	0	0
1089.142903	0	0
1089.192908	0	0
1089.242913	0	0
1089.292918	0	0
1089.342924	0	0
1089.392929	0	0
1089.442934	0	0
1089.492939	0	0
1089.542943	0	0
1089.592948	0	0
1089.642953	0	0
1089.692958	0	0
1089.742963	0	0
1089.792968	0	0
1089.842973	0	0
1089.892978	0	0
1089.942984	0	0
1089.992989	0	0
1090.042994	0	0
1090.092999	0	0
1090.143003	0	0
1090.193008	0	0
1090.243013	0	0
1090.293018	0	0
1090.343023	0	0
1090.393028	0	0
1090.443033	0	0
1090.493038	0	0
1090.543044	0	0
1090.593049	0	0
1090.643054	73	0
1090.693058	185	0
1090.743063	229	0
1090.793068	229	0
1090.843073	353	0
1090.893078	393	0
1090.943083	437	0
1090.993088	517	0
1091.043093	605	0
1091.093099	769	0
1091.143104	801	0
1091.193109	889	0
1091.243114	925	0
1091.293118	925	0
1091.343123	1037	0
1091.393128	1065	0
1091.443133	1065	0
1091.493138	1133	0
1091.543143	1133	0
1091.593148	1133	0
1091.643153	1245	0
1091.693159	1437	-13
1091.743164	1517	-129
1091.793169	1673	-941
1091.843174	1725	-1013
1091.893178	1809	-1069
1091.943183	1909	-1181
1091.993188	1937	-1261
1092.043193	1973	-1321
1092.093198	1989	-1321
1092.143203	1989	-1321
1092.193208	1989	-1321
1092.243213	1989	-1321
1092.293219	1989	-1321
1092.343224	1989	-1321
1092.393229	1989	-1321
1092.443233	1989	-1321
1092.493238	2001	-1321
1092.543243	2001	-1321
1092.593248	2001	-1321
1092.643253	2029	-1321
1092.693258	2065	-1321
1092.743263	2073	-1321
1092.793268	2085	-1321
1092.843274	2085	-1321
1092.893279	2093	-1321
1092.943284	2105	-1321
1092.993289	2125	-1321
1093.043293	2125	-1317
1093.093298	2125	-1317
1093.143303	2125	-1317
1093.193308	2141	-1317
1093.243313	2145	-1317
1093.293318	2157	-1317
1093.343323	2165	-1317
1093.393328	2197	-1317
1093.443334	2197	-1317
1093.493339	2197	-1317
1093.543344	2197	-1317
1093.593349	2197	-1317
1093.643353	2197	-1317
1093.693358	2197	-1317
1093.743363	2197	-1317
1093.793368	2197	-1317
1093.843373	2197	-1317
1093.893378	2197	-1317
1093.943383	2197	-1317
1093.993389	2197	-1317
1094.043394	2197	-1317
1094.093399	2197	-1317
1094.143404	2197	-1317
1094.193408	2197	-1317
1094.243413	2197	-1317
1094.293418	2197	-1317
1094.343423	2197	-1317
1094.393428	2197	-1317
1094.443433	2197	-1317
1094.493438	2197	-1317
1094.543443	2197	-1317
1094.595448	2197	-1317
1094.643454	2197	-1317
1094.693459	2197	-1317
1094.743464	2197	-1317
1094.793468	2197	-1317
1094.843473	2197	-1317
1094.893478	2197	-1317
1094.943483	2197	-1317
1094.993488	2197	-1317
1095.043493	2197	-1317
1095.093498	2197	-1317
1095.143503	2197	-1317
1095.193509	2197	-1317
1095.243514	2197	-1317
1095.293519	2197	-1317
1095.343524	2197	-1317
1095.393528	2205	-1317
1095.443533	2253	-1317
1095.493538	2253	-1317
1095.543543	2293	-1317
1095.593548	2293	-1317
1095.643553	2297	-1317
1095.693558	2329	-1317
1095.743564	2329	-1317
1095.792568	2333	-1317
1095.842573	2337	-1317
1095.892578	2337	-1317
1095.942583	2337	-1317
1095.992589	2337	-1317
1096.042593	2337	-1317
1096.094598	2337	-1317
1096.142603	2337	-1317
1096.192608	2337	-1317
1096.242613	2337	-1317
1096.292618	2337	-1317
1096.342623	2337	-1317
1096.392628	2337	-1317
1096.442633	2337	-1317
1096.492638	2337	-1317
1096.542644	2337	-1317
1096.592649	2337	-1317
1096.642653	2337	-1317
1096.692658	2337	-1317
1096.742663	2337	-1317
1096.792668	2337	-1317
1096.842673	2337	-1317
1096.892678	2337	-1317
1096.942683	2337	-1317
1096.992688	2337	-1317
1097.042693	2337	-1317
1097.092698	2337	-1317
1097.142704	2337	-1317
1097.192708	2337	-1317
1097.242713	2337	-1317
1097.292718	2337	-1317
1097.342723	2337	-1317
1097.392728	2337	-1317
1097.442733	2337	-1317
1097.492738	2337	-1317
1097.542743	2337	-1317
1097.593749	2337	-1317
1097.642753	2337	-1317
1097.692758	2337	-1317
1097.742764	2337	-1317
1097.792768	2337	-1317
1097.842773	2337	-1317
1097.892778	2337	-1317
1097.942783	2337	-1317
1097.992788	2337	-1317
1098.042793	2337	-1317
1098.092798	2337	-1317
1098.142803	2337	-1317
1098.192808	2337	-1317
1098.242813	2337	-1317
1098.292819	2337	-1317
1098.342824	2337	-1317
1098.392828	2337	-1317
1098.442833	2337	-1317
1098.492838	2337	-1317
1098.542843	2337	-1317
1098.592848	2337	-1317
1098.642853	2337	-1317
1098.692858	2337	-1317
1098.742863	2337	-1317
1098.792868	2337	-1317
1098.842873	2337	-1317
1098.892879	2337	-1317
1098.942883	2337	-1317
1098.992888	2337	-1317
1099.042893	2337	-1317
1099.099899	2337	-1317
1099.142903	2337	-1317
1099.192908	2337	-1317
1099.242913	2337	-1317
1099.292918	2337	-1317
1099.342923	2337	-1317
1099.392928	2337	-1317
1099.442933	2337	-1317
1099.492939	2337	-1317
1099.542943	2337	-1317
1099.592948	2337	-1317
1099.642953	2337	-1317
1099.692958	2337	-1317
1099.742963	2337	-1317
1099.792968	2337	-1317
1099.842973	2337	-1317
1099.892978	2337	-1317
1099.942983	2337	-1317
1099.992988	2337	-1317
1100.042994	2337	-1317
1100.092999	2337	-1317
1100.143003	2337	-1317
1100.193008	2337	-1317
1100.243013	2337	-1317
1100.293018	2337	-1317
1100.343023	2337	-1317
1100.393028	2337	-1317
1100.443033	2337	-1317
1100.493038	2337	-1317
1100.543043	2337	-1317
1100.594049	2337	-1317
1100.643054	2337	-1317
1100.693058	2337	-1317
1100.743063	2337	-1317
1100.793068	2337	-1317
1100.843073	2337	-1317
1100.893078	2337	-1317
1100.943083	2337	-1317
1100.993088	2337	-1317
1101.043093	2337	-1317
1101.093098	2337	-1317
1101.143103	2337	-1317
1101.193108	2337	-1317
1101.243114	2337	-1317
1101.293118	2337	-1317
1101.343123	2337	-1317
1101.393128	2337	-1317
1101.443133	2337	-1317
1101.493138	2337	-1317
1101.543143	2337	-1317
1101.593148	2337	-1317
1101.643153	2337	-1317
1101.693158	2337	-1317
1101.743163	2337	-1317
1101.793169	2337	-1317
1101.843174	2337	-1317
1101.893178	2337	-1317
1101.943183	2337	-1317
1101.993188	2337	-1317
1102.043193	2337	-1317
1102.093198	2337	-1317
1102.143203	2337	-1317
1102.193208	2337	-1317
1102.243213	2337	-1317
1102.293218	2337	-1317
1102.343223	2337	-1317
1102.393229	2337	-1317
1102.443233	2337	-1317
1102.493238	2337	-1317
1102.543243	2337	-1317
1102.593248	2337	-1317
1102.643253	2337	-1317
1102.693258	2337	-1317
1102.743263	2337	-1317
1102.793268	2337	-1317
1102.843273	2337	-1317
1102.893278	2337	-1317
1102.943283	2337	-1317
1102.993289	2337	-1317
1103.043293	2337	-1317
1103.093298	2337	-1317
1103.143303	2337	-1317
1103.193308	2337	-1317
1103.243313	2337	-1317
1103.293318	2337	-1317
1103.343323	2337	-1317
1103.393328	2337	-1317
1103.443333	2337	-1317
1103.493338	2337	-1317
1103.543344	2337	-1317
1103.599349	2337	-1317
1103.643353	2337	-1317
1103.693358	2337	-1317
1103.743363	2337	-1317
1103.793368	2337	-1317
1103.843373	2337	-1317
1103.893378	2337	-1317
1103.943383	2337	-1317
1103.993388	2337	-1317
1104.043393	2337	-1317
1104.093398	2337	-1317
1104.143404	2337	-1317
1104.193408	2337	-1317
1104.243413	2337	-1317
1104.293418	2337	-1317
1104.343423	2337	-1317
1104.393428	2337	-1317
1104.443433	2337	-1317
1104.493438	2337	-1317
1104.543443	2337	-1317
1104.593448	2337	-1317
1104.643453	2337	-1317
1104.693458	2337	-1317
1104.743464	2337	-1317
1104.793468	2337	-1317
1104.843473	2337	-1317
1104.893478	2337	-1317
1104.943483	2337	-1317
1104.993488	2337	-1317
1105.043493	2337	-1317
1105.093498	2337	-1317
1105.143503	2337	-1317
1105.193508	2337	-1317
1105.243513	2337	-1317
1105.293519	2337	-1317
1105.343524	2337	-1317
1105.393528	2337	-1317
1105.443533	2337	-1317
1105.493538	2337	-1317
1105.543543	2337	-1317
1105.593548	2337	-1317
1105.643553	2337	-1317
1105.693558	2337	-1317
1105.743563	2337	-1317
1105.793568	2337	-1317
1105.843573	2337	-1317
1105.893579	2337	-1317
1105.943583	2337	-1317
1105.993588	2337	-1317
1106.043593	2337	-1317
1106.093598	2337	-1317
1106.143603	2337	-1317
1106.193608	2337	-1317
1106.243613	2337	-1317
1106.293618	2337	-1317
1106.343623	2337	-1317
1106.393628	2337	-1317
1106.443633	2337	-1317
1106.493639	2337	-1317
1106.543643	2337	-1317
1106.593648	2337	-1317
1106.643653	2337	-1317
1106.693658	2337	-1317
1106.743663	2337	-1317
1106.793668	2337	-1313
1106.843673	2337	-1313
1106.893678	2337	-1313
1106.943683	2337	-1289
1106.993688	2337	-1289
1107.043694	2337	-1289
1107.093699	2337	-1289
1107.143703	2337	-1289
1107.193708	2337	-1289
1107.243713	2337	-1289
1107.293718	2337	-1289
1107.343723	2337	-1289
1107.393728	2337	-1289
1107.443733	2337	-1277
1107.493738	2337	-1277
1107.543743	2337	-1277
1107.593748	2337	-1277
1107.643754	2337	-1277
1107.693758	2337	-1277
1107.743763	2337	-1277
1107.793768	2337	-1277
1107.843773	2337	-1277
1107.893778	2337	-1277
1107.943783	2337	-1277
1107.993788	2337	-1277
1108.043793	2337	-1277
1108.093798	2337	-1277
1108.143803	2337	-1277
1108.193808	2337	-1277
1108.243814	2337	-1277
1108.293818	2337	-1277
1108.343823	2337	-1277
1108.393828	2337	-1277
1108.443833	2337	-1277
1108.493838	2337	-1277
1108.543843	2337	-1273
1108.593848	2337	-1273
1108.643853	2337	-1273
1108.693858	2337	-1273
1108.743863	2337	-1273
1108.793869	2337	-1273
1108.843874	2337	-1273
1108.893878	2337	-1273
1108.943883	2337	-1269
1108.993888	2337	-1269
1109.043893	2337	-1269
1109.093898	2337	-1265
1109.143903	2337	-1265
1109.193908	2337	-1265
1109.243913	2337	-1237
1109.293918	2337	-1237
1109.343923	2337	-1225
1109.393929	2337	-1225
1109.443933	2337	-1221
1109.493938	2337	-1221
1109.543943	2337	-1221
1109.593948	2337	-1221
1109.643953	2337	-1193
1109.693958	2337	-1189
1109.743963	2337	-1189
1109.793968	2337	-1185
1109.843973	2337	-1185
1109.893978	2337	-1185
1109.943983	2337	-1185
1109.993989	2337	-1185
1110.043993	2337	-1185
1110.093998	2337	-1173
1110.144003	2337	-1161
1110.194008	2337	-1161
1110.244013	2337	-1161
1110.294018	2337	-1161
1110.344023	2337	-1161
1110.394028	2337	-1161
1110.444033	2337	-1161
1110.494038	2337	-1161
1110.544044	2337	-1161
1110.594049	2337	-1161
1110.644053	2337	-1161
1110.694058	2337	-1161
1110.744063	2337	-1161
1110.794068	2337	-1161
1110.844073	2337	-1161
1110.894078	2337	-1161
1110.944083	2337	-1161
1110.994088	2337	-1161
1111.044093	2337	-1161
1111.094098	2337	-1161
1111.144104	2337	-1161
1111.194108	2337	-1161
1111.244113	2337	-1161
1111.294118	2337	-1161
1111.344123	2337	-1161
1111.394128	2337	-1161
1111.444133	2337	-1161
1111.494138	2337	-1161
1111.544143	2337	-1161
1111.594148	2337	-1161
1111.644153	2337	-1161
1111.694158	2337	-1161
1111.744164	2337	-1161
1111.794168	2337	-1161
1111.844173	2337	-1161
1111.894178	2337	-1161
1111.944183	2337	-1161
1111.994188	2337	-1161
1112.044193	2337	-1161
1112.094198	2337	-1161
1112.144203	2337	-1161
1112.194208	2337	-1157
1112.244213	2337	-1157
1112.294219	2337	-1157
1112.344223	2337	-1133
1112.394228	2337	-1133
1112.444233	2337	-1133
1112.494238	2337	-1133
1112.544243	2337	-1125
1112.594248	2337	-1125
1112.644253	2337	-1113
1112.694258	2337	-1113
1112.744263	2337	-1113
1112.794268	2337	-1113
1112.844273	2337	-1113
1112.894279	2337	-1113
1112.944283	2337	-1113
1112.994288	2337	-1113
1113.044293	2337	-1109
1113.094298	2337	-1109
1113.144303	2337	-1109
1113.194308	2337	-1105
1113.243313	2337	-1105
1113.293318	2337	-1105
1113.343323	2337	-1105
1113.393328	2337	-1105
1113.443333	2337	-1105
1113.493338	2337	-1105
1113.543343	2337	-1105
1113.593348	2337	-1105
1113.643353	2337	-1105
1113.693358	2337	-1105
1113.743363	2337	-1105
1113.793368	2337	-1105
1113.843373	2337	-1105
1113.893378	2337	-1105
1113.943383	2337	-1105
1113.993388	2337	-1097
1114.043393	2337	-1097
1114.093398	2337	-1097
1114.143403	2337	-1093
1114.193408	2337	-1093
1114.243413	2337	-1093
1114.293418	2337	-1093
1114.343423	2337	-1093
1114.393428	2337	-1093
1114.443433	2337	-1093
1114.493438	2337	-1093
1114.543443	2337	-1093
1114.593448	2337	-1093
1114.643453	2337	-1093
1114.693458	2337	-1093
1114.743463	2337	-1093
1114.793468	2337	-1093
1114.843473	2337	-1093
1114.893478	2337	-1093
1114.943483	2337	-1093
1114.993488	2337	-1093
1115.043493	2337	-1093
1115.093498	2337	-1093
1115.143503	2337	-1093
1115.193508	2337	-1093
1115.243513	2337	-1093
1115.293518	2337	-1085
1115.343523	2337	-1085
1115.393528	2337	-1085
1115.443533	2337	-1085
1115.493538	2337	-1085
1115.543543	2337	-1085
1115.593548	2337	-1085
1115.643553	2337	-1085
1115.693558	2337	-1073
1115.743563	2337	-1073
1115.793568	2337	-1073
1115.843573	2337	-1073
1115.893578	2337	-1073
1115.943583	2337	-1073
1115.993588	2337	-1073
1116.043593	2337	-1073
1116.093598	2337	-1073
1116.143603	2337	-1073
1116.193608	2337	-1073
1116.243613	2337	-1073
1116.293618	2337	-1073
1116.343623	2337	-1073
1116.393628	2337	-1065
1116.443633	2353	-913
1116.493638	2357	-821
1116.543643	2397	-761
1116.593648	2409	-677
1116.643653	2445	-597
1116.693658	2457	-533
1116.743663	2465	-437
1116.793668	2485	-373
1116.843673	2505	-349
1116.893678	2505	-349
1116.943683	2533	-349
1116.993688	2533	-349
1117.043693	2553	-349
1117.093698	2581	-349
1117.143703	2593	-349
1117.193708	2633	-349
1117.243713	2677	-349
1117.293718	2677	-349
1117.343723	2705	-349
1117.393728	2733	-349
1117.443733	2821	-349
1117.493738	2849	-349
1117.543743	2957	-349
1117.593748	3009	-349
1117.643753	3149	-349
1117.693758	3257	-349
1117.743763	3277	-349
1117.793768	3297	-349
1117.843773	3297	-349
1117.893778	3297	-349
1117.943783	3297	-349
1117.993788	3297	-349
1118.043793	3297	-345
1118.093798	3297	-297
1118.143803	3297	-253
1118.193808	3297	-233
1118.243813	3297	-209
1118.293818	3297	-161
1118.343823	3301	-125
1118.393828	3301	-125
1118.443833	3301	-105
1118.493838	3301	-105
1118.543843	3301	-61
1118.593848	3301	-61
1118.643853	3301	-57
1118.693858	3317	-57
1118.743863	3317	-57
1118.793868	3317	-57
1118.843873	3317	-57
1118.893878	3317	-57
1118.943883	3317	-57
1118.993888	3317	-57
1119.043893	3317	-57
1119.093898	3317	-57
1119.143903	3317	-57
1119.193908	3317	-57
1119.243913	3317	-57
1119.293918	3317	-57
1119.343923	3317	-57
1119.393928	3317	-37
1119.443933	3317	-25
1119.493938	3317	-25
1119.543943	3317	-25
1119.593948	3317	-25
1119.643953	3317	-21
1119.693958	3317	-17
1119.743963	3317	-5
1119.793968	3317	-5
1119.843973	3317	-5
1119.893978	3317	-5
1119.943983	3317	-5
1119.993988	3317	-5
1120.043993	3317	-5
1120.093998	3317	-5
1120.144003	3317	-5
1120.194008	3317	-5
1120.244013	3317	-5
1120.294018	3317	-5
1120.344023	3317	-5
1120.394028	3317	-5
1120.444033	3317	-5
1120.494038	3317	-5
1120.544043	3317	-5
1120.594048	3317	12
1120.644053	3317	12
1120.694058	3317	12
1120.744063	3317	12
1120.794068	3317	24
1120.844073	3317	28
1120.894078	3317	52
1120.944083	3317	80
1120.994088	3317	136
1121.044093	3317	144
1121.094098	3317	200
1121.144103	3317	268
1121.194108	3317	308
1121.244113	3317	356
1121.294118	3317	372
1121.344123	3317	400
1121.394128	3317	424
1121.444133	3317	448
1121.494138	3317	464
1121.544143	3317	508
1121.594148	3317	536
1121.644153	3317	540
1121.694158	3317	560
1121.744163	3317	588
1121.794168	3317	592
1121.844173	3317	600
1121.894178	3317	600
1121.944183	3317	600
1121.994188	3317	600
1122.044193	3317	600
1122.094198	3317	600
1122.144203	3317	600
1122.194208	3317	600
1122.244213	3317	600
1122.294218	3317	600
1122.344223	3317	600
1122.394228	3317	600
1122.444233	3317	600
1122.494238	3317	600
1122.544243	3317	600
1122.594248	3317	600
1122.644253	3317	600
1122.694258	3317	600
1122.744263	3317	676
1122.794268	3317	796
1122.844273	3289	940
1122.894278	3277	1092
1122.944283	3277	1244
1122.994288	3277	1432
1123.044293	3277	1548
1123.094298	3277	1616
1123.144303	3277	1716
1123.194308	3277	1748
1123.244313	3277	1780
1123.294318	3277	1820
1123.344323	3557	1888
1123.398329	3801	1960
1123.444333	4425	2084
1123.494338	4749	2204
1123.544343	4901	2276
1123.594348	4901	2292
1123.644353	4901	2344
1123.694358	4901	2344
1123.744363	4901	2368
1123.794368	4901	2368
1123.844373	4901	2368
1123.894378	4901	2368
1123.944383	4901	2368
1123.994388	4901	2368
1124.044393	4977	2368
1124.094398	5017	2368
1124.144403	5017	2368
1124.194408	5017	2368
1124.244413	5017	2368
1124.294418	5017	2368
1124.344423	5017	2368
1124.394428	5017	2368
1124.444433	5017	2368
1124.494438	5017	2368
1124.544443	5017	2368
1124.594448	5017	2368
1124.644453	5017	2368
1124.694458	5017	2368
1124.744463	5017	2368
1124.794468	5017	2368
1124.844473	5017	2368
1124.894478	5017	2368
1124.944483	5017	2368
1124.994488	5017	2368
1125.044493	5017	2368
1125.094498	5017	2368
1125.144503	5017	2368
1125.194508	5017	2368
1125.244513	5017	2368
1125.294518	5017	2368
1125.344523	5017	2368
1125.394528	5017	2368
1125.444533	5017	2368
1125.494538	5017	2368
1125.544543	5017	2368
1125.594548	5017	2368
1125.644553	5017	2368
1125.694558	5017	2368
1125.744563	5017	2368
1125.794568	5017	2368
1125.844573	5017	2368
1125.894578	5017	2368
1125.944583	5017	2368
1125.994588	5017	2368
1126.044593	5017	2368
1126.094598	5017	2368
1126.144603	5017	2320
1126.194608	5017	2320
1126.244613	5017	2320
1126.294618	5017	2304
1126.344623	5017	2280
1126.398629	5017	2264
1126.444633	5017	2204
1126.494638	5017	2192
1126.544643	5017	2156
1126.594648	5017	2120
1126.644653	5017	2116
1126.694658	5017	2088
1126.744663	5017	2020
1126.794668	5017	2012
1126.844673	4953	1956
1126.894678	4921	1932
1126.944683	4881	1876
1126.994688	4841	1864
1127.044693	4793	1848
1127.094698	4785	1812
1127.144703	4753	1800
1127.194708	4705	1748
1127.244713	4685	1748
1127.294718	4629	1728
1127.344723	4605	1700
1127.394728	4557	1664
1127.444733	4553	1624
1127.494738	4553	1612
1127.544743	4553	1560
1127.594748	4553	1472
1127.644753	4553	1296
1127.694758	4553	1120
1127.744763	4553	1004
1127.794768	4553	924
1127.844773	4633	864
1127.897779	4681	844
1127.944783	4753	788
1127.994788	4809	748
1128.044793	4853	748
1128.094798	4909	748
1128.144803	4937	744
1128.197809	4957	732
1128.244813	5001	732
1128.294818	5045	732
1128.344823	5105	712
1128.394828	5121	712
1128.444833	5165	708
1128.494838	5229	692
1128.544843	5309	656
1128.594848	5333	640
1128.644853	5425	600
1128.694858	5518	548
1128.744863	5534	532
1128.794868	5558	512
1128.844873	5574	480
1128.894878	5578	480
1128.944883	5598	480
1128.994888	5614	452
1129.044893	5622	452
1129.094898	5622	452
1129.144903	5630	452
1129.194908	5630	452
1129.244913	5630	452
1129.294918	5630	452
1129.344923	5630	452
1129.394928	5634	452
1129.444933	5634	452
1129.494938	5650	452
1129.544943	5670	452
1129.594948	5670	452
1129.644953	5674	452
1129.694958	5698	452
1129.744963	5702	452
1129.794968	5702	452
1129.844973	5718	452
1129.894978	5718	452
1130.022991	5726	452
1130.059995	5726	452
1130.123001	5726	452
1130.145003	5726	452
1130.195008	5726	452
1130.245013	5726	452
1130.295018	5726	452
1130.345023	5726	452
1130.395028	5726	452
1130.445033	5726	452
1130.495038	5726	452
1130.545043	5726	452
1130.598049	5726	452
1130.645053	5726	452
1130.695058	5726	452
1130.744063	5726	452
1130.794068	5726	452
1130.844073	5726	452
1130.894078	5726	452
1130.944083	5726	452
1130.994088	5726	452
1131.044093	5726	452
1131.094098	5726	452
1131.144103	5726	452
1131.194108	5726	452
1131.244113	5726	452
1131.294118	5726	452
1131.344123	5726	452
1131.394128	5726	452
1131.444133	5726	452
1131.494138	5726	452
1131.544143	5726	452
1131.594148	5726	452
1131.644153	5726	452
1131.694158	5726	452
1131.744163	5726	452
1131.794168	5726	452
1131.844173	5726	452
1131.894178	5726	452
1131.944183	5726	452
1131.994188	5726	452
1132.044193	5726	452
1132.094198	5726	452
1132.144203	5726	452
1132.194208	5726	452
1132.244213	5726	452
1132.294218	5726	452
1132.344223	5726	452
1132.398229	5726	452
1132.444233	5726	452
1132.494238	5726	452
1132.544243	5726	452
1132.594248	5726	452
1132.644253	5726	452
1132.694258	5726	452
1132.744263	5726	452
1132.794268	5726	452
1132.844273	5726	452
1132.894278	5726	452
1132.944283	5726	452
1132.994288	5718	452
1133.044293	5682	452
1133.094298	5678	452
1133.144303	5678	452
1133.194308	5670	452
1133.244313	5614	452
1133.294318	5566	452
1133.344323	5486	452
1133.394328	5457	452
1133.444333	5381	452
1133.494338	5345	452
1133.544343	5317	452
1133.597348	5317	452
1133.644353	5317	452
1133.694358	5285	452
1133.744363	5285	452
1133.794368	5285	452
1133.844373	5285	452
1133.894378	5269	452
1133.944383	5269	452
1133.994388	5269	452
1134.044393	5241	452
1134.094398	5241	452
1134.144403	5225	452
1134.194408	5185	452
1134.244413	5129	452
1134.294418	5093	452
1134.344423	5041	452
1134.394428	4993	452
1134.444433	4881	452
1134.494438	4881	452
1134.544443	4765	452
1134.594448	4637	452
1134.644453	4473	452
1134.694458	4237	452
1134.744463	4097	452
1134.794468	4065	452
1134.844473	4065	452
1134.895478	4065	452
1134.944483	4057	452
1134.994488	4053	452
1135.044493	4033	452
1135.094498	4017	452
1135.144503	4017	452
1135.194508	4017	452
1135.244513	4017	452
1135.294518	4017	452
1135.344523	4017	452
1135.394528	4013	452
1135.444533	4013	452
1135.494538	4013	452
1135.544543	4013	452
1135.594548	4013	452
1135.644553	4001	452
1135.694558	4001	452
1135.744563	3997	452
1135.794568	3953	452
1135.844573	3945	452
1135.894578	3933	452
1135.944583	3917	452
1135.994588	3917	452
1136.044593	3917	452
1136.094598	3905	452
1136.144603	3901	452
1136.194608	3897	452
1136.244613	3897	452
1136.294618	3857	452
1136.344623	3857	452
1136.394628	3857	452
1136.444633	3817	452
1136.494638	3817	452
1136.544643	3797	452
1136.594648	3777	452
1136.644653	3761	452
1136.694658	3749	452
1136.744663	3741	452
1136.794668	3725	452
1136.844673	3725	452
1136.894678	3721	452
1136.944683	3713	452
1136.994688	3709	452
1137.044693	3709	452
1137.094698	3709	452
1137.144703	3709	452
1137.194708	3709	452
1137.244713	3701	452
1137.294718	3677	452
1137.344723	3677	452
1137.394728	3657	452
1137.444733	3657	452
1137.494738	3657	452
1137.544743	3657	452
1137.594748	3657	452
1137.644753	3657	452
1137.694758	3657	452
1137.744763	3657	452
1137.794768	3657	452
1137.844773	3657	452
1137.894778	3657	452
1137.944783	3657	452
1137.994788	3657	452
1138.044793	3657	452
1138.097798	3657	452
1138.144803	3657	452
1138.194808	3657	452
1138.244813	3657	452
1138.294818	3657	452
1138.344823	3657	452
1138.394828	3657	452
1138.444833	3657	452
1138.494838	3657	452
1138.544843	3657	452
1138.594848	3657	452
1138.644853	3657	452
1138.694858	3657	452
1138.744863	3657	452
1138.794868	3657	452
1138.844873	3657	452
1138.894878	3657	452
1138.944883	3657	452
1138.994888	3657	452
1139.044893	3657	452
1139.094898	3657	452
1139.144903	3657	452
1139.194908	3657	452
1139.244913	3657	452
1139.294918	3657	452
1139.344923	3657	452
1139.394928	3657	452
1139.444933	3657	452
1139.494938	3657	452
1139.544943	3657	452
1139.594948	3657	452
1139.644953	3657	452
1139.694958	3657	452
1139.744963	3657	452
1139.794968	3657	452
1139.844973	3657	452
1139.894978	3657	452
1139.944983	3657	452
1139.994988	3657	452
1140.044993	3657	452
1140.094998	3657	452
1140.145003	3657	452
1140.195008	3657	452
1140.245013	3657	452
1140.295018	3657	452
1140.345023	3657	452
1140.395028	3657	452
1140.445033	3657	452
1140.495038	3657	452
1140.545043	3657	452
1140.595048	3657	452
1140.645053	3657	452
1140.695058	3657	452
1140.745063	3657	452
1140.795068	3657	452
1140.845073	3657	452
1140.895078	3657	452
1140.945083	3657	452
1140.995088	3657	452
1141.045093	3657	452
1141.095098	3657	452
1141.145103	3657	452
1141.195108	3657	452
1141.245113	3657	452
1141.295118	3657	452
1141.345123	3657	452
1141.395128	3657	452
1141.445133	3657	452
1141.495138	3657	452
1141.545143	3657	452
1141.595148	3657	452
1141.645153	3657	452
1141.695158	3657	452
1141.745163	3657	452
1141.795168	3657	452
1141.845173	3657	452
1141.895178	3657	452
1141.945183	3657	452
1141.995188	3657	452
1142.045193	3657	452
1142.095198	3657	452
1142.145203	3657	452
1142.195208	3657	452
1142.245213	3657	452
1142.295218	3657	452
1142.345223	3657	452
1142.395228	3657	452
1142.445233	3657	452
1142.495238	3657	452
1142.545243	3657	452
1142.595248	3657	452
1142.645253	3657	452
1142.695258	3657	452
1142.745263	3621	452
1142.795268	3621	436
1142.845273	3621	436
1142.895278	3621	436
1142.945283	3621	412
1142.995288	3613	380
1143.045293	3613	380
1143.095298	3613	380
1143.145303	3597	340
1143.195308	3597	340
1143.245313	3597	340
1143.295318	3597	340
1143.345323	3581	340
1143.395328	3577	340
1143.445333	3565	340
1143.495338	3545	340
1143.545343	3545	340
1143.595348	3545	340
1143.645353	3545	340
1143.695358	3541	340
1143.745363	3525	340
1143.795368	3525	340
1143.845373	3485	340
1143.895378	3485	340
1143.945383	3477	340
1143.995388	3449	340
1144.045393	3401	340
1144.095398	3357	340
1144.145403	3301	340
1144.195408	3237	340
1144.245413	3205	340
1144.295418	3193	340
1144.345423	3153	340
1144.397429	3137	340
1144.445433	3125	340
1144.495438	3113	340
1144.545443	3097	340
1144.595448	3085	340
1144.645453	3053	340
1144.695458	3033	340
1144.745463	3021	340
1144.795468	3005	340
1144.845473	2985	340
1144.895478	2985	340
1144.945483	2973	340
1144.995488	2973	340
1145.045493	2953	340
1145.095498	2953	340
1145.145503	2949	340
1145.195508	2949	340
1145.245513	2949	340
1145.295518	2917	340
1145.345523	2917	324
1145.395528	2917	324
1145.445533	2913	324
1145.495538	2913	324
1145.545543	2913	324
1145.596548	2885	316
1145.645553	2885	308
1145.695558	2885	308
1145.745563	2885	308
1145.795568	2885	308
1145.845573	2885	300
1145.895578	2885	300
1145.945583	2885	300
1145.995588	2885	300
1146.045593	2857	300
1146.095598	2849	300
1146.145603	2849	296
1146.195608	2849	296
1146.245613	2849	296
1146.295618	2833	296
1146.345623	2833	296
1146.395628	2821	296
1146.445633	2797	296
1146.495638	2793	288
1146.545643	2785	284
1146.595648	2765	284
1146.645653	2741	284
1146.695658	2733	284
1146.745663	2733	244
1146.795668	2733	244
1146.845673	2733	244
1146.895678	2733	244
1146.945683	2733	244
1146.995688	2733	244
1147.045693	2733	244
1147.095698	2733	244
1147.145703	2709	244
1147.195708	2701	244
1147.245713	2701	244
1147.295718	2701	244
1147.345723	2701	244
1147.396728	2701	244
1147.445733	2701	244
1147.495738	2701	244
1147.545743	2677	244
1147.595748	2677	244
1147.645753	2677	244
1147.695758	2649	244
1147.745763	2617	212
1147.795768	2617	204
1147.845773	2569	204
1147.895778	2553	196
1147.945783	2509	168
1147.995788	2497	168
1148.045793	2437	168
1148.095798	2409	160
1148.145803	2353	160
1148.195808	2301	148
1148.244813	2201	120
1148.294818	2185	120
1148.344823	2113	120
1148.394828	2113	120
1148.444833	2113	120
1148.494838	2097	104
1148.544843	2097	104
1148.594848	2097	104
1148.644853	2097	104
1148.694858	2097	100
1148.744863	2077	100
1148.794868	2077	100
1148.844873	2053	100
1148.896878	2045	100
1148.944883	2045	100
1148.994888	2037	92
1149.044893	2037	92
1149.094898	2005	92
1149.144903	1969	72
1149.194908	1949	72
1149.244913	1933	72
1149.294918	1925	72
1149.344923	1925	60
1149.394928	1897	52
1149.444933	1881	52
1149.494938	1869	52
1149.544943	1861	52
1149.594948	1825	52
1149.644953	1825	52
1149.694958	1801	52
1149.744963	1777	52
1149.794968	1769	52
1149.844973	1741	52
1149.894978	1741	52
1149.944983	1741	52
1149.994988	1733	52
1150.136002	1717	52
1150.145003	1717	52
1150.195008	1709	52
1150.261014	1701	52
1150.295018	1689	52
1150.345023	1689	52
1150.395028	1669	52
1150.445033	1637	0
1150.495038	1569	0
1150.545043	1497	0
1150.595048	1473	0
1150.645053	1421	0
1150.695058	1341	0
1150.745063	1297	0
1150.795068	1281	0
1150.845073	1245	0
1150.895078	1177	0
1150.945083	1177	0
1150.995088	1177	0
1151.045093	1125	0
1151.095098	1125	0
1151.145103	1073	0
1151.195108	1013	0
1151.245113	917	0
1151.295118	821	0
1151.345123	777	0
1151.395128	777	0
1151.445133	777	0
1151.495138	777	0
1151.545143	717	0
1151.595148	629	0
1151.645153	541	0
1151.695158	437	0
1151.745163	333	0
1151.795168	133	0
1151.845173	117	0
1151.895178	89	0
1151.945183	0	0
1151.995188	0	0
1152.045193	0	0
1152.095198	0	0
1152.145203	0	0
1152.195208	0	0
1152.245213	0	0
1152.295218	0	0
1152.345223	0	0
1152.395228	0	0
1152.445233	0	0
1152.495238	0	0
1152.545243	0	0
1152.595248	0	0
1152.645253	0	0
1152.695258	0	0
1152.745263	0	0
1152.795268	125	0
1152.845273	273	0
1152.895278	325	0
1152.945283	325	0
1152.995288	353	0
1153.045293	429	0
1153.095298	437	0
1153.145303	665	0
1153.195308	785	0
1153.245313	845	0
1153.295318	909	0
1153.345323	933	0
1153.397328	969	0
1153.445333	1053	0
1153.495338	1169	0
1153.545343	1169	0
1153.595348	1169	0
1153.645353	1281	0
1153.695358	1305	0
1153.745363	1525	0
1153.795368	1533	0
1153.845373	1673	-365
1153.895378	1705	-365
1153.945383	1757	-365
1153.996388	1769	-365
1154.045393	1773	-365
1154.095398	1801	-365
1154.145403	1817	-365
1154.195408	1817	-365
1154.245413	1817	-365
1154.295418	1817	-365
1154.345423	1817	-365
1154.395428	1817	-365
1154.445433	1817	-365
1154.495438	1817	-365
1154.545443	1817	-365
1154.596448	1817	-365
1154.645453	1817	-365
1154.695458	1817	-365
1154.745463	1817	-365
1154.795468	1817	-365
1154.845473	1817	-373
1154.896478	1817	-373
1154.945483	1817	-373
1154.995488	1817	-373
1155.045493	1817	-373
1155.095498	1817	-373
1155.145503	1817	-373
1155.195508	1817	-385
1155.245513	1817	-385
1155.295518	1817	-385
1155.345523	1817	-385
1155.395528	1817	-385
1155.445533	1817	-385
1155.495538	1817	-385
1155.545543	1817	-385
1155.595548	1817	-385
1155.645553	1817	-385
1155.695558	1817	-385
1155.745563	1817	-385
1155.795568	1817	-385
1155.845573	1817	-385
1155.916580	1817	-385
1155.945583	1817	-385
1155.995588	1817	-389
1156.045593	1817	-389
1156.095598	1817	-389
1156.145603	1817	-389
1156.195608	1817	-389
1156.245613	1817	-389
1156.295618	1817	-389
1156.345623	1817	-389
1156.396628	1817	-389
1156.445633	1817	-389
1156.495638	1817	-389
1156.545643	1817	-389
1156.595648	1817	-389
1156.645653	1817	-389
1156.695658	1817	-389
1156.745663	1817	-389
1156.795668	1817	-389
1156.845673	1817	-389
1156.895678	1817	-389
1156.945683	1817	-389
1156.995688	1817	-389
1157.045693	1817	-389
1157.095698	1817	-389
1157.145703	1817	-389
1157.195708	1817	-389
1157.245713	1817	-389
1157.295718	1817	-389
1157.345723	1817	-389
1157.395728	1817	-389
1157.445733	1817	-389
1157.495738	1817	-389
1157.545743	1817	-389
1157.595748	1817	-389
1157.645753	1817	-389
1157.695758	1817	-389
1157.745763	1817	-389
1157.795768	1817	-389
1157.845773	1817	-389
1157.895778	1817	-389
1157.945783	1817	-389
1157.995788	1817	-389
1158.045793	1817	-389
1158.095798	1817	-389
1158.145803	1817	-389
1158.195808	1817	-389
1158.245813	1817	-389
1158.295818	1817	-389
1158.345823	1817	-389
1158.395828	1817	-389
1158.445833	1817	-389
1158.495838	1817	-389
1158.545843	1817	-389
1158.595848	1817	-389
1158.645853	1817	-389
1158.695858	1817	-389
1158.745863	1817	-389
1158.795868	1817	-389
1158.845873	1817	-389
1158.895878	1817	-397
1158.945883	1817	-397
1158.995888	1817	-397
1159.045893	1817	-401
1159.096898	1817	-401
1159.145903	1817	-401
1159.195908	1817	-401
1159.245913	1817	-401
1159.295918	1817	-401
1159.345923	1817	-401
1159.396928	1817	-401
1159.445933	1817	-401
1159.495938	1817	-401
1159.545943	1817	-401
1159.595948	1817	-401
1159.645953	1817	-401
1159.696958	1817	-401
1159.745963	1817	-401
1159.795968	1817	-401
1159.845973	1817	-401
1159.895978	1817	-401
1159.945983	1817	-401
1159.995988	1817	-401
1160.045993	1817	-401
1160.095998	1817	-401
1160.146003	1817	-401
1160.196008	1817	-401
1160.246013	1817	-401
1160.296018	1817	-401
1160.346023	1817	-401
1160.396028	1817	-401
1160.446033	1817	-401
1160.496038	1817	-401
1160.546043	1817	-401
1160.596048	1817	-401
1160.646053	1817	-401
1160.696058	1817	-401
1160.746063	1817	-401
1160.796068	1817	-401
1160.846073	1817	-401
1160.897078	1817	-401
1160.946083	1817	-401
1160.996088	1817	-401
1161.046093	1817	-401
1161.096098	1817	-401
1161.146103	1817	-401
1161.196108	1817	-401
1161.246113	1817	-401
1161.296118	1817	-401
1161.346123	1817	-401
1161.396128	1817	-401
1161.446133	1817	-401
1161.496138	1817	-401
1161.546143	1817	-401
1161.596148	1817	-405
1161.646153	1817	-421
1161.696158	1817	-421
1161.746163	1817	-421
1161.796168	1817	-425
1161.846173	1817	-425
1161.896178	1817	-425
1161.946183	1817	-425
1161.996188	1817	-425
1162.046193	1817	-425
1162.096198	1817	-425
1162.146203	1817	-441
1162.196208	1817	-441
1162.246213	1817	-441
1162.296218	1817	-441
1162.346223	1817	-441
1162.396228	1817	-441
1162.446233	1817	-441
1162.496238	1817	-441
1162.546243	1817	-441
1162.596248	1817	-441
1162.646253	1817	-441
1162.696258	1817	-441
1162.746263	1817	-441
1162.796268	1817	-441
1162.846273	1817	-441
1162.896278	1817	-441
1162.946283	1817	-441
1162.996288	1817	-441
1163.046293	1817	-441
1163.096298	1817	-441
1163.146303	1817	-441
1163.196308	1817	-441
1163.246313	1817	-441
1163.296318	1817	-441
1163.346323	1817	-441
1163.396328	1817	-441
1163.446333	1817	-441
1163.496338	1817	-441
1163.546343	1817	-441
1163.596348	1817	-441
1163.646353	1817	-441
1163.696358	1817	-441
1163.746363	1817	-441
1163.796368	1817	-441
1163.846373	1817	-441
1163.896378	1817	-441
1163.946383	1817	-441
1163.996388	1817	-441
1164.046393	1817	-441
1164.096398	1817	-441
1164.146403	1817	-441
1164.196408	1817	-441
1164.246413	1817	-441
1164.296418	1817	-441
1164.346423	1817	-441
1164.396428	1817	-441
1164.446433	1817	-441
1164.496438	1817	-441
1164.546443	1817	-441
1164.596448	1817	-441
1164.646453	1817	-441
1164.696458	1817	-441
1164.746463	1817	-441
1164.796468	1817	-441
1164.846473	1817	-441
1164.896478	1817	-441
1164.946483	1817	-441
1164.996488	1817	-441
1165.046493	1817	-441
1165.096498	1817	-441
1165.146503	1817	-441
1165.196508	1817	-441
1165.246513	1817	-441
1165.296518	1817	-441
1165.346523	1817	-441
1165.396528	1817	-441
1165.446533	1817	-441
1165.496538	1817	-441
1165.546543	1817	-441
1165.596548	1817	-441
1165.646553	1817	-441
1165.695558	1817	-441
1165.745563	1817	-441
1165.795568	1817	-441
1165.845573	1817	-441
1165.895578	1817	-441
1165.945583	1817	-441
1165.995588	1817	-441
1166.045593	1817	-441
1166.095598	1817	-441
1166.145603	1817	-441
1166.195608	1817	-441
1166.245613	1817	-441
1166.295618	1817	-441
1166.345623	1817	-441
1166.395628	1817	-441
1166.445633	1817	-441
1166.495638	1817	-441
1166.545643	1817	-441
1166.595648	1817	-441
1166.645653	1817	-441
1166.695658	1817	-441
1166.745663	1817	-441
1166.795668	1817	-441
1166.845673	1817	-441
1166.895678	1817	-441
1166.945683	1817	-441
1166.995688	1817	-441
1167.045693	1817	-441
1167.095698	1817	-441
1167.145703	1817	-441
1167.195708	1817	-441
1167.245713	1817	-441
1167.295718	1817	-441
1167.345723	1817	-441
1167.395728	1817	-441
1167.445733	1817	-441
1167.495738	1817	-441
1167.545743	1817	-441
1167.595748	1817	-441
1167.645753	1817	-441
1167.695758	1817	-441
1167.745763	1817	-441
1167.796768	1817	-441
1167.845773	1817	-441
1167.895778	1817	-441
1167.945783	1817	-441
1167.995788	1817	-441
1168.045793	1817	-441
1168.095798	1817	-441
1168.145803	1817	-441
1168.195808	1817	-441
1168.245813	1817	-441
1168.295818	1817	-441
1168.345823	1817	-361
1168.395828	1817	-313
1168.445833	1817	-285
1168.495838	1817	-285
1168.545843	1817	-285
1168.595848	1817	-285
1168.645853	1817	-285
1168.695858	1817	-285
1168.745863	1817	-285
1168.795868	1817	-285
1168.845873	1817	-285
1168.895878	1817	-285
1168.945883	1817	-285
1168.995888	1817	-285
1169.045893	1817	-285
1169.095898	1817	-285
1169.145903	1817	-285
1169.195908	1817	-285
1169.245913	1817	-285
1169.295918	1817	-285
1169.345923	1817	-285
1169.395928	1817	-285
1169.445933	1817	-285
1169.495938	1817	-285
1169.545943	1817	-285
1169.595948	1817	-285
1169.645953	1817	-285
1169.695958	1817	-285
1169.745963	1817	-285
1169.795968	1817	-285
1169.845973	1817	-285
1169.895978	1817	-285
1169.945983	1817	-285
1169.995988	1817	-285
1170.045993	1817	-285
1170.095998	1817	-285
1170.146003	1817	-285
1170.196008	1817	-285
1170.246013	1817	-285
1170.296018	1817	-285
1170.346023	1817	-285
1170.396028	1817	-285
1170.446033	1817	-285
1170.496038	1817	-285
1170.546043	1817	-285
1170.596048	1817	-285
1170.646053	1817	-285
1170.696058	1817	-285
1170.746063	1817	-285
1170.797068	1817	-285
1170.846073	1817	-285
1170.896078	1817	-285
1170.946083	1817	-285
1170.996088	1817	-285
1171.046093	1817	-285
1171.096098	1817	-285
1171.146103	1817	-285
1171.196108	1817	-285
1171.246113	1817	-285
1171.296118	1817	-285
1171.346123	1817	-285
1171.396128	1817	-285
1171.446133	1817	-285
1171.496138	1817	-285
1171.546143	1817	-285
1171.596148	1817	-285
1171.646153	1817	-285
1171.696158	1817	-285
1171.746163	1817	-285
1171.796168	1817	-285
1171.846173	1817	-285
1171.896178	1817	-285
1171.946183	1817	-285
1171.996188	1817	-285
1172.046193	1817	-285
1172.096198	1817	-285
1172.146203	1817	-285
1172.196208	1817	-285
1172.246213	1817	-285
1172.296218	1817	-285
1172.346223	1817	-285
1172.396228	1817	-285
1172.446233	1817	-285
1172.496238	1817	-285
1172.546243	1817	-285
1172.596248	1817	-285
1172.646253	1817	-285
1172.696258	1817	-285
1172.746263	1817	-285
1172.796268	1817	-285
1172.846273	1817	-285
1172.896278	1817	-285
1172.946283	1817	-285
1172.996288	1817	-285
1173.046293	1817	-285
1173.096298	1817	-285
1173.146303	1817	-285
1173.196308	1817	-285
1173.246313	1817	-285
1173.296318	1817	-285
1173.346323	1817	-285
1173.396328	1817	-285
1173.446333	1817	-285
1173.496338	1817	-285
1173.546343	1817	-285
1173.596348	1817	-285
1173.646353	1817	-285
1173.696358	1817	-285
1173.746363	1817	-285
1173.796368	1817	-285
1173.846373	1817	-285
1173.896378	1817	-285
1173.946383	1817	-285
1173.996388	1817	-285
1174.046393	1817	-285
1174.097398	1817	-285
1174.146403	1817	-285
1174.196408	1817	-285
1174.246413	1817	-285
1174.296418	1817	-285
1174.346423	1817	-285
1174.396428	1817	-285
1174.446433	1817	-285
1174.496438	1817	-285
1174.546443	1817	-285
1174.596448	1817	-285
1174.646453	1817	-285
1174.696458	1817	-285
1174.746463	1817	-285
1174.796468	1817	-285
1174.846473	1817	-285
1174.896478	1817	-285
1174.946483	1817	-285
1174.996488	1817	-285
1175.046493	1817	-285
1175.096498	1817	-285
1175.146503	1817	-285
1175.196508	1817	-285
1175.246513	1817	-285
1175.297518	1817	-285
1175.346523	1817	-285
1175.396528	1817	-285
1175.446533	1817	-285
1175.496538	1817	-285
1175.546543	1817	-285
1175.596548	1817	-285
1175.646553	1817	-285
1175.696558	1817	-285
1175.746563	1809	-285
1175.797568	1805	-285
1175.846573	1805	-285
1175.896578	1797	-285
1175.946583	1797	-285
1175.996588	1797	-285
1176.046593	1797	-285
1176.096598	1797	-285
1176.146603	1797	-285
1176.196608	1797	-285
1176.246613	1797	-285
1176.296618	1797	-285
1176.346623	1797	-285
1176.396628	1797	-285
1176.446633	1797	-285
1176.496638	1797	-285
1176.546643	1797	-285
1176.596648	1797	-285
1176.646653	1797	-285
1176.696658	1797	-285
1176.746663	1797	-285
1176.796668	1797	-285
1176.846673	1797	-285
1176.896678	1797	-285
1176.946683	1797	-285
1176.996688	1797	-285
1177.046693	1797	-285
1177.096698	1797	-285
1177.146703	1797	-285
1177.196708	1797	-285
1177.246713	1797	-285
1177.296718	1797	-285
1177.346723	1797	-285
1177.396728	1797	-285
1177.446733	1797	-285
1177.496738	1797	-285
1177.546743	1797	-285
1177.596748	1797	-285
1177.646753	1797	-285
1177.696758	1797	-285
1177.746763	1797	-285
1177.796768	1797	-285
1177.846773	1797	-285
1177.896778	1797	-285
1177.946783	1797	-285
1177.996788	1797	-285
1178.046793	1797	-285
1178.096798	1797	-285
1178.146803	1797	-285
1178.196808	1797	-285
1178.246813	1797	-277
1178.296818	1797	-269
1178.346823	1797	-269
1178.396828	1797	-269
1178.446833	1797	-253
1178.496838	1797	-253
1178.546843	1797	-253
1178.596848	1793	-253
1178.646853	1777	-253
1178.696858	1777	-253
1178.746863	1769	-245
1178.796868	1769	-245
1178.846873	1769	-245
1178.896878	1769	-245
1178.946883	1769	-245
1178.996888	1769	-245
1179.046893	1769	-245
1179.096898	1769	-245
1179.146903	1769	-245
1179.196908	1769	-245
1179.246913	1769	-245
1179.296918	1769	-245
1179.346923	1769	-245
1179.396928	1769	-245
1179.446933	1769	-245
1179.496938	1769	-245
1179.546943	1769	-245
1179.596948	1769	-245
1179.646953	1769	-245
1179.696958	1769	-245
1179.746963	1769	-245
1179.796968	1769	-245
1179.846973	1769	-245
1179.896978	1769	-245
1179.946983	1769	-245
1179.996988	1769	-245
1180.046993	1769	-245
1180.096998	1769	-217
1180.147003	1757	-217
1180.197008	1757	-217
1180.247013	1757	-217
1180.297018	1757	-217
1180.347023	1749	-217
1180.397028	1749	-217
1180.447033	1749	-217
1180.497038	1749	-217
1180.547043	1749	-217
1180.597048	1749	-217
1180.647053	1749	-217
1180.697058	1749	-217
1180.747063	1749	-217
1180.797068	1749	-217
1180.847073	1749	-217
1180.897078	1749	-217
1180.947083	1749	-217
1180.997088	1749	-217
1181.047093	1737	-217
1181.097098	1737	-217
1181.147103	1737	-217
1181.197108	1737	-217
1181.247113	1737	-217
1181.297118	1737	-217
1181.347123	1737	-217
1181.397128	1737	-217
1181.447133	1737	-217
1181.497138	1737	-217
1181.547143	1737	-217
1181.597148	1737	-217
1181.647153	1737	-217
1181.697158	1737	-217
1181.747163	1737	-217
1181.797168	1737	-217
1181.847173	1737	-217
1181.897178	1729	-217
1181.947183	1729	-217
1181.997188	1729	-217
1182.047193	1725	-217
1182.097198	1725	-217
1182.147203	1725	-217
1182.197208	1725	-217
1182.247213	1725	-217
1182.297218	1725	-217
1182.347223	1701	-217
1182.397228	1701	-217
1182.447233	1689	-217
1182.497238	1689	-217
1182.547243	1689	-217
1182.597248	1689	-217
1182.647253	1689	-217
1182.697258	1689	-217
1182.747263	1689	-217
1182.797268	1689	-217
1182.847273	1689	-217
1182.897278	1689	-217
1182.947283	1689	-217
1182.997288	1689	-217
1183.047293	1689	-217
1183.097298	1689	-217
1183.147303	1689	-217
1183.196308	1689	-217
1183.246313	1689	-217
1183.296318	1689	-217
1183.346323	1689	-217
1183.396328	1689	-217
1183.446333	1685	-217
1183.496338	1685	-217
1183.546343	1685	-217
1183.596348	1685	-217
1183.646353	1681	-213
1183.696358	1681	-213
1183.746363	1681	-213
1183.796368	1681	-213
1183.846373	1681	-213
1183.896378	1681	-213
1183.946383	1681	-213
1183.996388	1681	-213
1184.046393	1681	-213
1184.096398	1681	-213
1184.146403	1681	-213
1184.196408	1681	-213
1184.246413	1681	-213
1184.297418	1681	-213
1184.346423	1681	-213
1184.396428	1673	-213
1184.446433	1669	-213
1184.496438	1669	-201
1184.546443	1669	-201
1184.596448	1669	-201
1184.646453	1669	-201
1184.696458	1669	-201
1184.746463	1669	-201
1184.796468	1653	0
1184.846473	1653	0
1184.896478	1653	0
1184.946483	1653	0
1184.996488	1653	0
1185.046493	1653	0
1185.096498	1653	0
1185.146503	1637	0
1185.196508	1637	0
1185.246513	1637	0
1185.296518	1637	0
1185.346523	1637	0
1185.396528	1637	0
1185.446533	1637	0
1185.496538	1637	0
1185.546543	1637	0
1185.596548	1637	0
1185.646553	1637	0
1185.696558	1637	0
1185.746563	1637	0
1185.797568	1637	0
1185.846573	1637	0
1185.896578	1637	0
1185.946583	1637	0
1185.996588	1637	0
1186.046593	1637	0
1186.096598	1637	0
1186.146603	1637	0
1186.196608	1637	0
1186.246613	1637	0
1186.296618	1637	0
1186.346623	1637	0
1186.396628	1637	0
1186.446633	1637	0
1186.496638	1637	0
1186.546643	1637	0
1186.596648	1637	0
1186.646653	1637	0
1186.696658	1637	0
1186.746663	1637	0
1186.796668	1637	0
1186.846673	1637	0
1186.896678	1637	0
1186.946683	1637	0
1186.996688	1637	0
1187.046693	1621	0
1187.096698	1621	0
1187.146703	1621	0
1187.196708	1621	0
1187.246713	1621	0
1187.297718	1601	0
1187.346723	1601	0
1187.396728	1585	0
1187.446733	1585	0
1187.496738	1549	0
1187.546743	1549	0
1187.596748	1533	0
1187.646753	1465	0
1187.696758	1453	0
1187.746763	1377	0
1187.797768	1377	0
1187.846773	1377	0
1187.896778	1377	0
1187.946783	1377	0
1187.996788	1377	0
1188.046793	1377	0
1188.096798	1377	0
1188.146803	1377	0
1188.196808	1377	0
1188.246813	1377	0
1188.296818	1377	0
1188.346823	1377	0
1188.396828	1377	0
1188.446833	1377	0
1188.496838	1377	0
1188.546843	1377	0
1188.596848	1377	0
1188.646853	1377	0
1188.696858	1377	0
1188.746863	1369	0
1188.797868	1281	0
1188.846873	1281	0
1188.896878	1253	0
1188.946883	1201	0
1188.996888	1201	0
1189.046893	1133	0
1189.096898	1133	0
1189.146903	1013	0
1189.196908	925	0
1189.246913	857	0
1189.297918	709	0
1189.346923	541	0
1189.396928	325	0
1189.446933	185	0
1189.496938	81	0
1189.546943	0	0
1189.596948	0	0
1189.646953	0	0
1189.696958	0	0
1189.746963	0	0
1189.796968	0	0
1189.846973	0	0
1189.896978	0	0
1189.946983	0	0
1189.996988	0	0
1190.046993	0	0
1190.096998	0	0
1190.147003	0	0
1190.197008	0	0
1190.247013	0	0
1190.297018	0	0
1190.347023	0	0
1190.397028	0	0
1190.447033	0	0
1190.497038	0	0
1190.547043	0	0
1190.597048	0	0
1190.647053	0	0
1190.697058	0	0
1190.747063	0	0
1190.797068	0	0
1190.847073	0	0
1190.897078	0	0
1190.947083	0	0
1190.997088	0	0
1191.047093	0	0
1191.097098	0	0
1191.147103	0	0
1191.197108	0	0
1191.247113	0	0
1191.297118	0	0
1191.347123	0	0
1191.397128	0	0
1191.447133	0	0
1191.497138	0	0
1191.547143	0	0
1191.597148	0	0
1191.647153	0	0
1191.697158	0	0
1191.747163	0	0
1191.797168	0	0
1191.847173	0	0
1191.897178	0	0
1191.947183	0	0
1191.997188	0	0
1192.047193	0	0
1192.097198	0	0
1192.147203	0	0
1192.197208	0	0
1192.247213	0	0
1192.297218	0	0
1192.347223	0	0
1192.397228	0	0
1192.447233	0	0
1192.497238	0	0
1192.547243	0	0
1192.597248	0	0
1192.647253	0	0
1192.697258	0	0
1192.747263	0	0
1192.797268	0	0
1192.847273	0	0
1192.897278	0	0
1192.947283	0	0
1192.997288	0	0
1193.047293	0	0
1193.097298	0	0
1193.147303	0	0
1193.197308	0	0
1193.247313	0	0
1193.298318	0	0
1193.347323	0	0
1193.397328	0	0
1193.447333	0	0
1193.497338	0	0
1193.547343	0	0
1193.597348	0	0
1193.647353	0	0
1193.697358	0	0
1193.747363	0	0
1193.797368	0	0
1193.847373	0	0
1193.897378	0	0
1193.947383	0	0
1193.997388	0	0
1194.047393	0	0
1194.097398	0	0
1194.147403	0	0
1194.197408	0	0
1194.247413	0	0
1194.297418	0	0
1194.347423	0	0
1194.397428	0	0
1194.447433	0	0
1194.497438	0	0
1194.547443	0	0
1194.597448	0	0
1194.647453	0	0
1194.697458	0	0
1194.747463	0	0
1194.798468	0	0
1194.847473	0	0
1194.897478	0	0
1194.947483	0	0
1194.997488	0	0
1195.047493	0	0
1195.097498	0	0
1195.147503	0	0
1195.197508	0	0
1195.247513	0	0
1195.297518	0	0
1195.347523	0	0
1195.397528	0	0
1195.447533	0	0
1195.497538	0	0
1195.547543	0	0
1195.597548	0	0
1195.647553	0	0
1195.697558	0	0
1195.747563	0	0
1195.797568	0	0
1195.847573	0	0
1195.897578	0	0
1195.947583	0	0
1195.997588	0	0
1196.047593	0	0
1196.097598	0	0
1196.147603	0	0
1196.197608	0	0
1196.247613	0	0
1196.297618	0	0
1196.347623	0	0
1196.397628	0	0
1196.447633	0	0
1196.497638	0	0
1196.547643	0	0
1196.597648	0	0
1196.647653	0	0
1196.697658	0	0
1196.747663	0	0
1196.797668	0	0
1196.847673	0	0
1196.897678	0	0
1196.947683	0	0
1196.997688	0	0
1197.047693	0	0
1197.097698	0	0
1197.147703	0	0
1197.197708	0	0
1197.247713	0	0
1197.297718	0	0
1197.347723	0	0
1197.397728	0	0
1197.447733	0	0
1197.497738	0	0
1197.547743	0	0
1197.597748	0	0
1197.647753	0	0
1197.697758	0	0
1197.747763	0	0
1197.797768	0	0
1197.847773	0	0
1197.897778	0	0
1197.947783	0	0
1197.997788	0	0
1198.047793	0	0
1198.097798	0	0
1198.147803	0	0
1198.197808	0	0
1198.247813	0	0
1198.297818	0	0
1198.347823	0	0
1198.397828	0	0
1198.447833	0	0
1198.497838	0	0
1198.547843	0	0
1198.597848	0	0
1198.647853	0	0
1198.697858	0	0
1198.747863	0	0
1198.797868	0	0
1198.847873	0	0
1198.897878	0	0
1198.947883	0	0
1198.997888	0	0
1199.047893	0	0
1199.097898	0	0
1199.147903	0	0
1199.197908	0	0
1199.247913	0	0
1199.297918	0	0
1199.347923	0	0
1199.397928	0	0
1199.447933	0	0
1199.497938	0	0
1199.547943	0	0
1199.597948	0	0
1199.647953	0	0
1199.697958	0	0
1199.747963	0	0
1199.797968	0	0
1199.847973	0	0
1199.897978	0	0
1199.947983	0	0
1199.997988	0	0
1200.047993	0	0
1200.097998	0	0
1200.148003	0	0
1200.198008	0	0
1200.248013	0	0
1200.298018	0	0
1200.348023	0	0
1200.398028	0	0
1200.448033	0	0
1200.498038	0	0
1200.548043	0	0
1200.598048	0	0
1200.648053	0	0
1200.697058	0	0
1200.747063	0	0
1200.798068	0	0
1200.847073	0	0
1200.897078	0	0
1200.947083	0	0
1200.997087	0	0
1201.047093	0	0
1201.097098	0	0
1201.147103	0	0
1201.197108	0	0
1201.247113	0	0
1201.297118	0	0
1201.347123	0	0
1201.397128	0	0
1201.447133	0	0
1201.497138	0	0
1201.547143	0	0
1201.597148	0	0
1201.647153	0	0
1201.697158	0	0
1201.747163	0	0
1201.797168	0	0
1201.847173	0	0
1201.897178	0	0
1201.947183	0	0
1201.997188	0	0
1202.047193	0	0
1202.097198	0	0
1202.147202	0	0
1202.197208	0	0
1202.247213	0	0
1202.297218	0	0
1202.347223	0	0
1202.397228	0	0
1202.447233	0	0
1202.497238	0	0
1202.547243	0	0
1202.597248	0	0
1202.647253	0	0
1202.697258	0	0
1202.747262	0	0
1202.797268	0	0
1202.847273	0	0
1202.897278	0	0
1202.947283	0	0
1202.997288	0	0
1203.047293	0	0
1203.097298	0	0
1203.147303	0	0
1203.197308	0	0
1203.247313	0	0
1203.297318	0	0
1203.347323	0	0
1203.397328	0	0
1203.447333	0	0
1203.497338	0	0
1203.547343	0	0
1203.597348	0	0
1203.647353	0	0
1203.697358	0	0
1203.747363	0	0
1203.797368	0	0
1203.847373	0	0
1203.897377	0	0
1203.947383	0	0
1203.997388	0	0
1204.047393	0	0
1204.097398	0	0
1204.147403	0	0
1204.197408	0	0
1204.247413	0	0
1204.297418	0	0
1204.347423	0	0
1204.397428	0	0
1204.447433	405	0
1204.497437	881	0
1204.547443	1229	0
1204.597448	1377	0
1204.647453	1657	-257
1204.697458	1757	-265
1204.747463	1969	-365
1204.797468	2057	-373
1204.847473	2137	-429
1204.897478	2153	-437
1204.947483	2205	-449
1204.997488	2225	-477
1205.047493	2277	-533
1205.097498	2313	-533
1205.147503	2349	-533
1205.197508	2349	-533
1205.247513	2373	-533
1205.298518	2381	-533
1205.347523	2401	-533
1205.397528	2445	-533
1205.447533	2445	-533
1205.497538	2457	-533
1205.547543	2477	-533
1205.597548	2477	-533
1205.647552	2489	-533
1205.697558	2497	-533
1205.747563	2509	-533
1205.798568	2509	-533
1205.847573	2517	-533
1205.897578	2517	-485
1205.947583	2517	-433
1205.997588	2517	-401
1206.047593	2529	-369
1206.097598	2533	-369
1206.147603	2581	-369
1206.197608	2633	-369
1206.247613	2693	-369
1206.298618	2729	-369
1206.347623	2809	-369
1206.397628	2909	-369
1206.447633	3085	-369
1206.497638	3225	-369
1206.547643	3409	-369
1206.597648	3469	-273
1206.647653	3517	-249
1206.697658	3517	-189
1206.747663	3517	-65
1206.797668	3517	-61
1206.847673	3517	24
1206.897678	3517	120
1206.947683	3517	244
1206.997688	3517	320
1207.047693	3517	352
1207.099698	3517	352
1207.147703	3517	352
1207.197708	3517	352
1207.247713	3517	352
1207.297718	3517	352
1207.347723	3517	352
1207.397727	3517	352
1207.447733	3517	352
1207.497738	3517	352
1207.547743	3517	352
1207.597748	3517	352
1207.647753	3517	352
1207.697758	3517	352
1207.747763	3517	352
1207.797768	3517	352
1207.847773	3517	352
1207.897778	3517	352
1207.947783	3517	352
1207.997788	3517	352
1208.047793	3517	352
1208.097798	3517	352
1208.147803	3517	352
1208.197808	3517	352
1208.247813	3517	352
1208.297818	3517	352
1208.347823	3517	352
1208.397828	3517	352
1208.447833	3517	352
1208.497838	3517	352
1208.547843	3517	352
1208.597848	3517	352
1208.647853	3517	352
1208.697858	3517	352
1208.747863	3517	352
1208.797868	3517	352
1208.847873	3517	352
1208.897878	3517	352
1208.947883	3517	352
1208.997888	3517	352
1209.047893	3517	352
1209.097898	3517	352
1209.147902	3517	352
1209.197908	3517	352
1209.247913	3517	352
1209.297918	3517	352
1209.347923	3517	352
1209.397928	3517	352
1209.447933	3517	352
1209.497938	3517	352
1209.547943	3517	352
1209.597948	3517	352
1209.647953	3517	352
1209.697958	3517	352
1209.747963	3517	352
1209.798968	3517	352
1209.847973	3517	352
1209.897978	3517	368
1209.947983	3517	376
1209.997988	3517	400
1210.047993	3517	404
1210.097998	3517	404
1210.148003	3517	416
1210.198008	3517	432
1210.248013	3517	448
1210.299018	3517	448
1210.348023	3517	448
1210.398028	3517	452
1210.448033	3517	472
1210.498038	3517	472
1210.548043	3517	484
1210.598048	3517	488
1210.648053	3517	500
1210.698058	3517	500
1210.748063	3517	524
1210.799068	3517	524
1210.848073	3517	532
1210.898077	3517	536
1210.948083	3517	552
1210.998088	3517	560
1211.048093	3517	564
1211.098098	3517	568
1211.148103	3517	576
1211.198108	3517	576
1211.248113	3517	576
1211.298118	3517	576
1211.348123	3517	596
1211.398128	3517	596
1211.448133	3517	596
1211.517139	3517	596
1211.548143	3517	596
1211.598148	3517	596
1211.648153	3517	596
1211.698158	3517	604
1211.748163	3517	616
1211.799168	3517	616
1211.848173	3517	616
1211.898178	3517	624
1211.948183	3517	624
1211.998188	3517	624
1212.048193	3517	628
1212.098198	3517	628
1212.148203	3517	628
1212.198208	3517	628
1212.248213	3517	628
1212.298218	3517	628
1212.348223	3517	628
1212.398228	3517	640
1212.448233	3517	640
1212.498238	3517	640
1212.548243	3517	640
1212.598248	3517	640
1212.648252	3517	640
1212.698258	3517	640
1212.748263	3517	640
1212.798268	3517	640
1212.848273	3517	640
1212.898278	3517	640
1212.948283	3517	640
1212.998288	3517	640
1213.048293	3517	640
1213.098298	3517	640
1213.148303	3517	640
1213.198308	3517	640
1213.248313	3517	640
1213.298318	3517	640
1213.348323	3517	640
1213.398328	3517	640
1213.448333	3517	640
1213.498338	3517	652
1213.548343	3517	660
1213.598348	3517	660
1213.648353	3517	660
1213.698358	3517	660
1213.748363	3517	668
1213.799368	3517	680
1213.848373	3517	680
1213.898378	3517	680
1213.948383	3517	680
1213.998388	3517	680
1214.048393	3517	684
1214.098398	3517	688
1214.148403	3517	716
1214.198408	3517	716
1214.248413	3517	716
1214.298418	3517	720
1214.348423	3517	720
1214.398427	3517	720
1214.448433	3517	720
1214.498438	3517	720
1214.548443	3517	720
1214.598448	3517	720
1214.648453	3517	720
1214.698458	3517	720
1214.748463	3517	720
1214.798468	3517	720
1214.848473	3517	720
1214.898478	3517	720
1214.948483	3517	720
1214.998488	3517	720
1215.048493	3517	720
1215.098498	3517	720
1215.148503	3517	720
1215.198508	3517	720
1215.248513	3517	720
1215.298518	3517	720
1215.348523	3517	720
1215.398528	3517	720
1215.448533	3517	720
1215.498538	3517	720
1215.548542	3473	720
1215.598548	3473	720
1215.648553	3457	720
1215.698558	3457	720
1215.748563	3453	720
1215.799568	3441	720
1215.848573	3441	720
1215.898578	3441	720
1215.948583	3441	720
1215.998588	3441	720
1216.048593	3441	720
1216.098598	3441	720
1216.148602	3441	720
1216.198608	3441	724
1216.248613	3441	732
1216.299618	3441	736
1216.348623	3441	744
1216.398628	3441	752
1216.448633	3441	752
1216.498638	3441	752
1216.548643	3441	752
1216.598648	3441	752
1216.648653	3441	752
1216.698658	3441	752
1216.748663	3441	752
1216.798668	3441	752
1216.848673	3441	756
1216.898678	3441	756
1216.948683	3441	768
1216.998688	3441	776
1217.048693	3441	792
1217.098698	3441	792
1217.148703	3441	792
1217.198708	3441	792
1217.248713	3441	804
1217.299718	3441	804
1217.348723	3441	816
1217.398728	3441	816
1217.448733	3441	828
1217.498738	3441	832
1217.548743	3441	832
1217.599748	3441	832
1217.648753	3441	832
1217.698758	3441	832
1217.748763	3441	832
1217.798768	3441	832
1217.848773	3441	832
1217.898777	3441	856
1217.948783	3441	856
1217.998788	3441	856
1218.048793	3441	856
1218.098798	3441	856
1218.147803	3441	856
1218.197808	3441	856
1218.247813	3441	856
1218.297818	3441	856
1218.347823	3441	856
1218.397828	3441	856
1218.447833	3441	856
1218.497838	3441	856
1218.547843	3441	856
1218.597847	3441	856
1218.647852	3441	856
1218.697857	3441	856
1218.747863	3441	856
1218.797868	3441	856
1218.847873	3441	856
1218.897878	3441	856
1218.947883	3441	856
1218.997888	3441	856
1219.047893	3441	856
1219.097898	3441	856
1219.147902	3441	856
1219.197907	3441	856
1219.247912	3441	856
1219.297918	3441	856
1219.347923	3441	856
1219.397928	3441	884
1219.447933	3441	884
1219.497938	3441	892
1219.547943	3441	892
1219.597948	3441	892
1219.647953	3441	896
1219.697958	3441	896
1219.747962	3441	896
1219.797967	3441	896
1219.847972	3441	896
1219.897978	3441	896
1219.947983	3441	896
1219.997988	3441	896
1220.047993	3441	896
1220.097998	3437	896
1220.148003	3437	896
1220.198008	3437	896
1220.248013	3417	900
1220.299018	3417	900
1220.348022	3417	900
1220.398027	3417	900
1220.448032	3417	900
1220.498038	3417	900
1220.548043	3417	900
1220.598048	3417	900
1220.648053	3417	900
1220.698058	3417	900
1220.748063	3417	900
1220.798068	3417	900
1220.848073	3417	900
1220.898077	3417	900
1220.948082	3417	900
1220.998087	3417	900
1221.048093	3417	916
1221.098098	3417	916
1221.148103	3405	916
1221.198108	3405	916
1221.248113	3397	916
1221.299118	3397	916
1221.348123	3397	916
1221.398128	3397	924
1221.448133	3397	924
1221.498137	3377	924
1221.548142	3377	924
1221.598147	3377	924
1221.648153	3377	940
1221.698158	3377	944
1221.748163	3377	948
1221.799168	3377	948
1221.848173	3377	980
1221.898178	3377	984
1221.948183	3377	1000
1221.998188	3365	1000
1222.048193	3349	1000
1222.098197	3349	1000
1222.148202	3345	1000
1222.198207	3345	1000
1222.248213	3345	1000
1222.298218	3345	1000
1222.348223	3313	1000
1222.398228	3313	1000
1222.448233	3313	1000
1222.498238	3313	1008
1222.548243	3313	1008
1222.598248	3313	1016
1222.648252	3313	1016
1222.698257	3313	1016
1222.748262	3313	1016
1222.798268	3313	1016
1222.848273	3313	1016
1222.898278	3313	1016
1222.948283	3313	1016
1222.998288	3313	1016
1223.048293	3313	1016
1223.098298	3313	1016
1223.148303	3313	1056
1223.198308	3313	1072
1223.248312	3313	1088
1223.298317	3313	1100
1223.348322	3313	1100
1223.398328	3313	1100
1223.448333	3313	1100
1223.498338	3309	1100
1223.548343	3309	1100
1223.598348	3301	1100
1223.648353	3301	1100
1223.698358	3301	1100
1223.748363	3301	1108
1223.799368	3301	1108
1223.848372	3301	1108
1223.898377	3301	1108
1223.948382	3301	1108
1223.998388	3301	1108
1224.048393	3301	1108
1224.098398	3301	1108
1224.148403	3301	1108
1224.198408	3301	1108
1224.248413	3301	1108
1224.298418	3301	1108
1224.348423	3301	1108
1224.398427	3301	1108
1224.448432	3301	1108
1224.498437	3301	1108
1224.548443	3301	1108
1224.598448	3301	1120
1224.648453	3293	1120
1224.698458	3293	1120
1224.748463	3289	1120
1224.798468	3289	1120
1224.848473	3289	1120
1224.898478	3289	1120
1224.948483	3285	1120
1224.998487	3285	1124
1225.048492	3285	1124
1225.098497	3273	1144
1225.148503	3273	1144
1225.198508	3273	1144
1225.248513	3273	1144
1225.298518	3273	1144
1225.348523	3273	1144
1225.398528	3273	1144
1225.448533	3273	1144
1225.498538	3273	1144
1225.548542	3273	1144
1225.598547	3273	1144
1225.648552	3273	1144
1225.698557	3273	1144
1225.748563	3273	1144
1225.798568	3273	1144
1225.848573	3273	1144
1225.898578	3273	1144
1225.948583	3273	1144
1225.998588	3273	1144
1226.048593	3273	1144
1226.098598	3273	1144
1226.148602	3273	1144
1226.198607	3273	1144
1226.248612	3273	1144
1226.299618	3273	1144
1226.348623	3273	1144
1226.398628	3273	1144
1226.448633	3273	1144
1226.498638	3273	1144
1226.548643	3273	1144
1226.598648	3257	1144
1226.648653	3253	1144
1226.698658	3241	1144
1226.748662	3221	1144
1226.799668	3221	1144
1226.848672	3185	1144
1226.898678	3185	1144
1226.948683	3141	1144
1226.998688	3141	1144
1227.048693	3137	1144
1227.098698	3113	1144
1227.148703	3113	1144
1227.198708	3113	1144
1227.248713	3113	1144
1227.298717	3113	1144
1227.348722	3113	1144
1227.398727	3113	1144
1227.448733	3105	1144
1227.498738	3105	1144
1227.548743	3105	1144
1227.598748	3105	1144
1227.648753	3105	1144
1227.698758	3105	1144
1227.748763	3105	1144
1227.799767	3105	1144
1227.848773	3105	1144
1227.898777	3105	1144
1227.948782	3105	1144
1227.998787	3105	1144
1228.048793	3105	1144
1228.098798	3105	1144
1228.148803	3105	1144
1228.198808	3101	1144
1228.248813	3101	1144
1228.298818	3101	1144
1228.348823	3101	1144
1228.398828	3101	1144
1228.448833	3101	1144
1228.498837	3089	1144
1228.548842	3089	1144
1228.598847	3089	1144
1228.648853	3085	1144
1228.698858	3085	1144
1228.748863	3081	1144
1228.799868	3081	1144
1228.848873	3081	1144
1228.898878	3081	1144
1228.948883	3081	1144
1228.998888	3081	1144
1229.048892	3081	1144
1229.098897	3081	1144
1229.148902	3081	1144
1229.198908	3081	1144
1229.248913	3081	1144
1229.298918	3081	1144
1229.348923	3073	1144
1229.398928	3073	1144
1229.448933	3073	1144
1229.498938	3073	1144
1229.548943	3073	1144
1229.598948	3073	1144
1229.648952	3073	1144
1229.698957	3073	1144
1229.748962	3061	1144
1229.799968	3061	1140
1229.848973	3033	1124
1229.898978	3017	1072
1229.948983	2949	1004
1229.998988	2865	936
1230.048993	2429	848
1230.098998	1421	0
1230.149003	437	0
1230.199008	437	0
1230.249012	437	0
1230.299017	377	0
1230.349022	0	0
1230.399028	0	0
1230.449033	0	0
1230.499038	0	0
1230.549043	0	0
1230.599048	0	0
1230.649053	0	0
1230.699058	0	0
1230.749063	0	0
1230.799067	0	0
1230.849072	0	0
1230.899077	0	0
1230.949083	0	0
1230.999088	0	0
1231.049093	0	0
1231.099098	0	0
1231.149103	0	0
1231.199108	0	0
1231.249113	0	0
1231.299118	0	0
1231.349123	0	0
1231.399127	0	0
1231.449132	0	0
1231.499137	0	0
1231.549143	0	0
1231.599148	0	0
1231.649153	0	0
1231.699158	0	0
1231.749163	0	0
1231.799168	0	0
1231.849173	0	0
1231.899178	0	0
1231.949183	0	0
1231.999187	0	0
1232.049192	0	0
1232.099197	0	0
1232.149203	0	0
1232.199208	0	0
1232.249213	0	0
1232.299218	0	0
1232.349223	0	0
1232.399228	0	0
1232.449233	0	0
1232.499238	0	0
1232.549242	0	0
1232.599247	0	0
1232.649252	0	0
1232.699258	0	0
1232.749263	0	0
1232.799268	0	0
1232.849273	0	0
1232.899278	0	0
1232.949283	0	0
1232.999288	0	0
1233.049293	0	0
1233.099298	0	0
1233.149302	0	0
1233.199307	0	0
1233.249312	0	0
1233.299318	0	0
1233.349323	0	0
1233.399328	0	0
1233.449333	0	0
1233.499338	0	0
1233.549343	0	0
1233.599348	0	0
1233.649353	0	0
1233.699358	0	0
1233.749362	0	0
1233.799367	0	0
1233.849372	0	0
1233.899378	0	0
1233.949383	0	0
1233.999388	0	0
1234.049393	0	0
1234.099398	0	0
1234.149403	0	0
1234.199408	0	0
1234.249413	0	0
1234.299417	0	0
1234.349422	0	0
1234.399427	0	0
1234.449433	0	0
1234.499438	0	0
1234.549443	0	0
1234.599448	0	0
1234.649453	0	0
1234.699458	0	0
1234.749463	0	0
1234.799468	0	0
1234.849473	0	0
1234.899477	0	0
1234.949482	0	0
1234.999487	0	0
1235.049493	0	0
1235.099498	0	0
1235.149503	0	0
1235.199508	0	0
1235.249513	0	0
1235.299518	0	0
1235.349523	0	0
1235.399528	0	0
1235.449533	0	0
1235.499537	0	0
1235.549542	0	0
1235.599547	0	0
1235.648552	0	0
1235.698557	0	0
1235.748562	0	0
1235.798567	0	0
1235.848573	0	0
1235.898578	0	0
1235.948583	0	0
1235.998588	0	0
1236.048593	0	0
1236.098598	0	0
1236.148602	0	0
1236.198607	0	0
1236.248612	0	0
1236.298617	0	0
1236.348622	0	0
1236.398627	0	0
1236.448633	0	0
1236.498638	0	0
1236.548643	0	0
1236.598648	0	0
1236.648653	0	0
1236.698658	0	0
1236.748662	0	0
1236.798667	0	0
1236.848672	0	0
1236.898677	0	0
1236.948682	0	0
1236.998688	0	0
1237.048693	0	0
1237.098698	0	0
1237.148703	0	0
1237.198708	0	0
1237.248713	0	0
1237.298717	0	0
1237.348722	0	0
1237.398727	0	0
1237.448732	0	0
1237.498737	0	0
1237.548742	0	0
1237.598748	0	0
1237.648753	0	0
1237.698758	0	0
1237.748763	0	0
1237.798768	0	0
1237.848773	0	0
1237.898777	0	0
1237.948782	0	0
1237.998787	0	0
1238.048792	0	0
1238.098797	0	0
1238.148802	0	0
1238.198808	0	0
1238.248813	0	0
1238.300817	0	0
1238.348823	0	0
1238.398828	0	0
1238.448833	0	0
1238.498837	0	0
1238.548842	0	0
1238.598847	0	0
1238.648852	0	0
1238.698857	0	0
1238.748863	0	0
1238.798868	0	0
1238.848873	0	0
1238.898878	0	0
1238.948883	0	0
1238.998888	0	0
1239.048892	0	0
1239.098897	0	0
1239.148902	0	0
1239.198907	0	0
1239.248912	0	0
1239.298917	0	0
1239.348923	0	0
1239.398928	0	0
1239.448933	0	0
1239.498938	0	0
1239.548943	0	0
1239.598948	0	0
1239.648952	0	0
1239.698957	0	0
1239.748962	0	0
1239.798967	0	0
1239.848972	0	0
1239.898977	0	0
1239.948983	0	0
1239.998988	0	0
1240.048993	0	0
1240.098998	0	0
1240.149003	0	0
1240.199008	0	0
1240.249012	0	0
1240.299017	0	0
1240.349022	0	0
1240.399027	0	0
1240.449032	0	0
1240.499038	0	0
1240.549043	0	0
1240.599048	0	0
1240.649053	0	0
1240.699058	0	0
1240.749063	0	0
1240.799067	0	0
1240.849072	0	0
1240.899077	0	0
1240.949082	0	0
1240.999087	0	0
1241.049092	0	0
1241.099098	0	0
1241.149103	0	0
1241.199108	0	0
1241.249113	0	0
1241.299118	0	0
1241.349123	0	0
1241.399127	0	0
1241.449132	0	0
1241.499137	0	0
1241.549142	0	0
1241.599147	0	0
1241.649152	0	0
1241.699158	0	0
1241.749163	0	0
1241.799168	0	0
1241.849173	0	0
1241.899178	0	0
1241.949183	0	0
1241.999187	0	0
1242.049192	0	0
1242.099197	0	0
1242.149202	0	0
1242.199207	0	0
1242.249213	0	0
1242.299218	0	0
1242.349223	0	0
1242.399228	0	0
1242.449233	0	0
1242.499238	0	0
1242.549242	0	0
1242.599247	0	0
1242.649252	0	0
1242.699257	0	0
1242.749262	0	0
1242.800268	0	0
1242.849273	0	0
1242.899278	0	0
1242.949283	0	0
1242.999288	0	0
1243.049293	0	0
1243.099298	0	0
1243.149302	0	0
1243.199307	0	0
1243.249312	0	0
1243.299317	0	0
1243.349322	0	0
1243.399327	0	0
1243.449333	0	0
1243.499338	0	0
1243.549343	0	0
1243.599348	0	0
1243.649353	0	0
1243.699358	0	0
1243.749362	0	0
1243.799367	0	0
1243.849372	0	0
1243.899377	0	0
1243.949382	0	0
1243.999388	0	0
1244.049393	0	0
1244.099398	0	0
1244.149403	0	0
1244.199408	0	0
1244.249413	0	0
1244.299417	0	0
1244.349422	0	0
1244.399427	0	0
1244.449432	0	0
1244.499437	0	0
1244.549442	0	0
1244.599448	0	0
1244.649453	0	0
1244.699458	0	0
1244.749463	0	0
1244.799468	0	0
1244.849473	0	0
1244.899477	0	0
1244.949482	0	0
1244.999487	0	0
1245.049492	0	0
1245.099497	0	0
1245.149502	0	0
1245.199508	0	0
1245.249513	0	0
1245.299518	0	0
1245.349523	0	0
1245.399528	0	0
1245.449533	0	0
1245.499537	0	0
1245.549542	0	0
1245.599547	0	0
1245.649552	0	0
1245.699557	0	0
1245.749563	0	0
1245.799568	0	0
1245.849573	0	0
1245.899578	0	0
1245.949583	0	0
1245.999588	0	0
1246.049592	0	0
1246.099597	0	0
1246.149602	0	0
1246.199607	0	0
1246.249612	0	0
1246.299617	0	0
1246.349623	0	0
1246.399628	0	0
1246.449633	0	0
1246.499638	0	0
1246.549643	0	0
1246.599648	0	0
1246.649652	0	0
1246.699657	0	0
1246.749662	0	0
1246.799667	0	0
1246.849672	0	0
1246.899678	0	0
1246.949683	0	0
1246.999688	0	0
1247.049693	0	0
1247.099698	0	0
1247.149703	0	0
1247.199708	0	0
1247.249712	0	0
1247.300718	0	0
1247.349722	0	0
1247.399727	0	0
1247.449732	0	0
1247.499738	0	0
1247.549743	0	0
1247.599748	0	0
1247.649753	0	0
1247.699758	0	0
1247.749763	0	0
1247.799767	0	0
1247.849772	0	0
1247.899777	0	0
1247.949782	0	0
1247.999787	0	0
1248.049792	0	0
1248.099798	0	0
1248.149803	0	0
1248.199808	0	0
1248.249813	0	0
1248.299818	0	0
1248.349823	0	0
1248.399827	0	0
1248.449832	0	0
1248.499837	0	0
1248.549842	0	0
1248.599847	0	0
1248.649853	0	0
1248.699858	0	0
1248.749863	0	0
1248.800868	0	0
1248.849873	0	0
1248.899878	0	0
1248.949883	0	0
1248.999887	0	0
1249.049892	0	0
1249.100898	0	0
1249.149902	0	0
1249.199907	0	0
1249.249913	0	0
1249.299918	0	0
1249.349923	0	0
1249.399928	0	0
1249.449933	0	0
1249.499938	0	0
1249.549942	0	0
1249.599947	0	0
1249.649952	0	0
1249.699957	0	0
1249.749962	0	0
1249.799967	0	0
1249.849973	0	0
1249.899978	0	0
1249.949983	0	0
1249.999988	0	0
1250.049993	0	0
1250.099998	0	0
1250.150002	0	0
1250.200007	0	0
1250.250012	0	0
1250.300017	0	0
1250.350022	0	0
1250.400028	0	0
1250.450033	0	0
1250.500038	0	0
1250.550043	0	0
1250.600048	0	0
1250.650053	0	0
1250.700058	0	0
1250.750062	0	0
1250.800067	0	0
1250.850072	0	0
1250.900077	0	0
1250.950082	0	0
1251.000088	0	0
1251.050093	0	0
1251.100098	0	0
1251.150103	0	0
1251.200108	0	0
1251.250113	0	0
1251.300117	0	0
1251.350122	0	0
1251.400127	0	0
1251.450132	0	0
1251.500137	0	0
1251.550142	0	0
1251.600148	0	0
1251.650153	0	0
1251.700158	0	0
1251.750163	0	0
1251.800168	0	0
1251.850173	0	0
1251.900177	0	0
1251.950182	0	0
1252.000187	0	0
1252.050192	0	0
1252.100197	0	0
1252.150203	0	0
1252.200208	0	0
1252.250213	0	0
1252.300218	0	0
1252.350223	0	0
1252.400228	0	0
1252.450233	0	0
1252.500237	0	0
1252.550242	0	0
1252.600247	0	0
1252.650252	0	0
1252.700257	0	0
1252.750263	0	0
1252.800268	0	0
1252.850273	0	0
1252.900278	0	0
1252.950283	0	0
1253.000288	0	0
1253.050292	0	0
1253.100297	0	0
1253.149302	0	0
1253.199307	0	0
1253.249312	0	0
1253.301318	0	0
1253.349322	0	0
1253.399327	0	0
1253.449332	0	0
1253.499337	0	0
1253.549343	0	0
1253.601347	0	0
1253.649353	0	0
1253.699358	0	0
1253.749362	0	0
1253.799367	0	0
1253.849372	0	0
1253.899377	0	0
1253.949382	0	0
1253.999387	0	0
1254.049392	0	0
1254.099397	0	0
1254.149403	0	0
1254.199408	0	0
1254.249413	0	0
1254.299417	0	0
1254.349422	0	0
1254.399427	0	0
1254.449432	0	0
1254.499437	0	0
1254.549442	0	0
1254.599447	0	0
1254.649452	0	0
1254.699458	0	0
1254.749463	0	0
1254.801467	0	0
1254.849473	0	0
1254.899477	0	0
1254.949482	0	0
1254.999487	0	0
1255.049492	0	0
1255.100498	0	0
1255.149502	0	0
1255.199507	0	0
1255.249512	0	0
1255.299518	0	0
1255.349523	0	0
1255.399528	0	0
1255.449533	0	0
1255.499537	0	0
1255.549542	0	0
1255.599547	0	0
1255.649552	0	0
1255.699557	0	0
1255.749562	0	0
1255.799567	0	0
1255.849572	0	0
1255.899578	0	0
1255.949583	0	0
1255.999588	0	0
1256.049592	0	0
1256.099597	0	0
1256.149602	0	0
1256.199607	0	0
1256.249612	0	0
1256.299617	0	0
1256.349622	0	0
1256.399627	0	0
1256.449633	0	0
1256.499638	0	0
1256.549643	0	0
1256.599648	0	0
1256.649652	0	0
1256.699657	0	0
1256.749662	0	0
1256.799667	0	0
1256.849672	0	0
1256.899677	0	0
1256.949682	0	0
1256.999687	0	0
1257.049693	0	0
1257.099698	0	0
1257.149703	0	0
1257.199708	0	0
1257.249712	0	0
1257.299717	0	0
1257.349722	0	0
1257.399727	0	0
1257.449732	0	0
1257.499737	0	0
1257.549742	0	0
1257.599747	0	0
1257.649753	0	0
1257.699758	0	0
1257.749763	0	0
1257.801768	0	0
1257.849772	0	0
1257.899777	0	0
1257.949782	0	0
1257.999787	0	0
1258.049792	0	0
1258.099797	0	0
1258.149802	0	0
1258.199808	0	0
1258.249813	0	0
1258.299818	0	0
1258.349823	0	0
1258.399827	0	0
1258.449832	0	0
1258.499837	0	0
1258.549842	0	0
1258.599847	0	0
1258.649852	0	0
1258.699857	0	0
1258.749862	0	0
1258.799868	0	0
1258.849873	0	0
1258.899878	0	0
1258.949883	0	0
1258.999887	0	0
1259.049892	0	0
1259.099897	0	0
1259.149902	0	0
1259.199907	0	0
1259.249912	0	0
1259.300918	0	0
1259.349922	0	0
1259.399928	0	0
1259.449933	0	0
1259.499938	0	0
1259.549942	0	0
1259.599947	0	0
1259.649952	0	0
1259.699957	0	0
1259.749962	0	0
1259.799967	0	0
1259.849972	0	0
1259.899977	0	0
1259.949983	0	0
1259.999988	0	0
1260.049993	0	0
1260.099998	0	0
1260.150002	0	0
1260.200007	0	0
1260.250012	0	0
1260.300017	0	0
1260.350022	0	0
1260.400027	0	0
1260.450032	0	0
1260.500037	0	0
1260.550043	0	0
1260.600048	0	0
1260.650053	0	0
1260.700058	0	0
1260.750062	0	0
1260.801067	0	0
1260.850072	0	0
1260.900077	0	0
1260.950082	0	0
1261.000087	0	0
1261.050092	0	0
1261.100097	0	0
1261.150103	0	0
1261.200108	0	0
1261.250113	0	0
1261.300117	0	0
1261.350122	0	0
1261.400127	0	0
1261.450132	0	0
1261.500137	0	0
1261.550142	0	0
1261.600147	0	0
1261.650152	0	0
1261.700158	0	0
1261.750163	0	0
1261.800168	0	0
1261.850173	0	0
1261.900177	0	0
1261.950182	0	0
1262.000187	0	0
1262.050192	0	0
1262.100197	0	0
1262.150202	0	0
1262.200207	0	0
1262.250212	0	0
1262.300218	0	0
1262.350223	0	0
1262.400228	0	0
1262.450233	0	0
1262.500237	0	0
1262.550242	0	0
1262.600247	0	0
1262.650252	0	0
1262.700257	0	0
1262.750262	0	0
1262.800267	0	0
1262.850272	0	0
1262.900278	0	0
1262.950283	0	0
1263.000288	0	0
1263.050292	0	0
1263.100297	0	0
1263.150302	0	0
1263.200307	0	0
1263.250312	0	0
1263.300317	0	0
1263.350322	0	0
1263.400327	0	0
1263.450333	0	0
1263.500338	0	0
1263.550343	0	0
1263.600348	0	0
1263.650352	0	0
1263.700357	0	0
1263.750362	0	0
1263.801367	0	0
1263.850372	0	0
1263.900377	0	0
1263.950382	0	0
1264.000387	0	0
1264.050393	0	0
1264.100398	0	0
1264.150403	0	0
1264.200408	0	0
1264.250412	0	0
1264.300417	0	0
1264.350422	0	0
1264.400427	0	0
1264.450432	0	0
1264.500437	0	0
1264.550442	0	0
1264.600447	0	0
1264.650453	0	0
1264.700458	0	0
1264.750463	0	0
1264.800467	0	0
1264.850472	0	0
1264.900477	0	0
1264.950482	0	0
1265.000487	0	0
1265.050492	0	0
1265.100497	0	0
1265.150502	0	0
1265.200508	0	0
1265.250513	0	0
1265.301517	0	0
1265.350523	0	0
1265.400527	0	0
1265.450532	0	0
1265.500537	0	0
1265.550542	0	0
1265.600547	0	0
1265.650552	0	0
1265.700557	0	0
1265.750562	0	0
1265.800568	0	0
1265.850573	0	0
1265.900578	0	0
1265.950583	0	0
1266.000587	0	0
1266.050592	0	0
1266.100597	0	0
1266.150602	0	0
1266.200607	0	0
1266.250612	0	0
1266.300617	0	0
1266.350622	0	0
1266.400628	0	0
1266.450633	0	0
1266.500638	0	0
1266.550642	0	0
1266.600647	0	0
1266.650652	0	0
1266.700657	0	0
1266.750662	0	0
1266.801668	0	0
1266.850672	0	0
1266.900677	0	0
1266.950683	0	0
1267.000688	0	0
1267.050693	0	0
1267.100698	0	0
1267.150702	0	0
1267.200707	0	0
1267.250712	0	0
1267.300717	0	0
1267.350722	0	0
1267.400727	0	0
1267.450732	0	0
1267.500737	0	0
1267.550743	0	0
1267.600748	0	0
1267.650753	0	0
1267.700758	0	0
1267.750762	0	0
1267.800767	0	0
1267.850772	0	0
1267.900777	0	0
1267.953783	0	0
1268.000787	0	0
1268.050792	0	0
1268.100798	0	0
1268.150803	0	0
1268.200808	0	0
1268.250813	0	0
1268.300817	0	0
1268.350822	0	0
1268.400827	0	0
1268.450832	0	0
1268.500837	0	0
1268.550842	0	0
1268.600847	0	0
1268.650852	0	0
1268.700858	0	0
1268.750863	0	0
1268.800868	0	0
1268.850873	0	0
1268.900877	0	0
1268.950882	0	0
1269.000887	0	0
1269.050892	0	0
1269.100897	0	0
1269.150902	0	0
1269.200907	0	0
1269.250912	0	0
1269.300918	0	0
1269.350923	0	0
1269.400928	0	0
1269.450933	0	0
1269.500937	0	0
1269.550942	0	0
1269.600947	0	0
1269.650952	0	0
1269.700957	0	0
1269.750962	0	0
1269.801968	0	0
1269.850973	0	0
1269.900978	0	0
1269.950983	0	0
1270.000988	0	0
1270.050992	0	0
1270.100997	0	0
1270.151002	0	0
1270.201007	0	0
1270.251012	0	0
1270.301017	0	0
1270.351022	0	0
1270.401027	0	0
1270.451033	0	0
1270.501038	0	0
1270.551043	0	0
1270.600047	0	0
1270.650053	0	0
1270.700058	0	0
1270.750062	0	0
1270.800067	0	0
1270.850072	0	0
1270.900077	0	0
1270.950082	0	0
1271.000087	0	0
1271.050092	0	0
1271.100097	0	0
1271.150102	0	0
1271.200107	0	0
1271.250113	0	0
1271.300117	0	0
1271.350122	0	0
1271.400127	0	0
1271.450132	0	0
1271.500137	0	0
1271.550142	0	0
1271.601148	0	0
1271.650152	0	0
1271.700157	0	0
1271.750162	0	0
1271.800167	0	0
1271.850173	0	0
1271.900177	0	0
1271.950182	0	0
1272.000187	0	0
1272.050192	0	0
1272.100197	0	0
1272.150202	0	0
1272.200207	0	0
1272.250212	0	0
1272.300217	0	0
1272.350222	0	0
1272.400228	0	0
1272.450233	0	0
1272.500237	0	0
1272.550242	0	0
1272.600247	0	0
1272.650252	0	0
1272.700257	0	0
1272.750262	0	0
1272.802268	0	0
1272.850272	0	0
1272.900277	0	0
1272.950282	0	0
1273.000288	0	0
1273.050292	0	0
1273.101297	0	0
1273.150302	0	0
1273.200307	0	0
1273.250312	0	0
1273.300317	0	0
1273.350322	0	0
1273.400327	0	0
1273.450332	0	0
1273.500337	0	0
1273.550342	0	0
1273.600348	0	0
1273.650352	0	0
1273.700357	0	0
1273.750362	0	0
1273.800367	0	0
1273.850372	0	0
1273.900377	0	0
1273.950382	0	0
1274.000387	0	0
1274.050392	0	0
1274.100397	0	0
1274.150403	0	0
1274.200408	0	0
1274.250412	0	0
1274.300417	0	0
1274.350422	0	0
1274.400427	0	0
1274.450432	0	0
1274.500437	0	0
1274.550442	0	0
1274.600447	0	0
1274.650452	0	0
1274.700457	0	0
1274.750463	0	0
1274.800467	0	0
1274.850472	0	0
1274.900477	0	0
1274.950482	0	0
1275.000487	0	0
1275.050492	0	0
1275.100497	0	0
1275.150502	0	0
1275.200507	0	0
1275.250512	0	0
1275.300517	0	0
1275.350523	0	0
1275.400527	0	0
1275.450532	0	0
1275.500537	0	0
1275.550542	0	0
1275.600547	0	0
1275.650552	0	0
1275.700557	0	0
1275.750562	0	0
1275.802567	0	0
1275.850572	0	0
1275.900578	0	0
1275.950583	0	0
1276.000587	0	0
1276.050592	0	0
1276.100597	0	0
1276.150602	0	0
1276.200607	0	0
1276.250612	0	0
1276.300617	0	0
1276.350622	0	0
1276.400627	0	0
1276.450632	0	0
1276.500638	0	0
1276.550642	0	0
1276.600647	0	0
1276.650652	0	0
1276.700657	0	0
1276.750662	0	0
1276.800667	0	0
1276.850672	0	0
1276.900677	0	0
1276.950682	0	0
1277.000687	0	0
1277.050692	0	0
1277.100698	0	0
1277.150702	0	0
1277.200707	0	0
1277.250712	0	0
1277.301717	0	0
1277.350722	0	0
1277.400727	0	0
1277.450732	0	0
1277.500737	0	0
1277.550742	0	0
1277.600747	0	0
1277.650753	0	0
1277.700758	0	0
1277.750762	0	0
1277.800767	0	0
1277.850772	0	0
1277.900777	0	0
1277.950782	0	0
1278.000787	0	0
1278.050792	0	0
1278.100797	0	0
1278.150802	0	0
1278.200807	0	0
1278.250813	0	0
1278.300817	0	0
1278.350822	0	0
1278.400827	0	0
1278.450832	0	0
1278.500837	0	0
1278.550842	0	0
1278.600847	0	0
1278.650852	0	0
1278.700857	0	0
1278.750862	0	0
1278.800867	0	0
1278.850873	0	0
1278.900877	0	0
1278.950882	0	0
1279.000887	0	0
1279.050892	0	0
1279.100897	0	0
1279.150902	0	0
1279.200907	0	0
1279.250912	0	0
1279.300917	0	0
1279.350922	0	0
1279.400928	0	0
1279.450933	0	0
1279.500937	0	0
1279.550942	0	0
1279.600947	0	0
1279.650952	0	0
1279.700957	0	0
1279.750962	0	0
1279.800967	0	0
1279.850972	0	0
1279.900977	0	0
1279.950982	0	0
1280.000988	0	0
1280.050992	0	0
1280.100997	0	0
1280.151002	0	0
1280.201007	0	0
1280.251012	0	0
1280.302017	0	0
1280.351022	0	0
1280.401027	0	0
1280.451032	0	0
1280.501037	0	0
1280.551042	0	0
1280.603047	0	0
1280.651052	0	0
1280.701057	0	0
1280.751062	0	0
1280.801067	0	0
1280.851072	0	0
1280.901077	0	0
1280.951082	0	0
1281.001087	0	0
1281.051092	0	0
1281.101097	0	0
1281.151103	0	0
1281.201108	0	0
1281.251112	0	0
1281.301117	0	0
1281.351122	0	0
1281.401127	0	0
1281.451132	0	0
1281.501137	0	0
1281.551142	0	0
1281.601147	0	0
1281.651152	0	0
1281.701157	0	0
1281.751163	0	0
1281.802167	0	0
1281.851172	0	0
1281.901177	0	0
1281.951182	0	0
1282.001187	0	0
1282.051192	0	0
1282.101197	0	0
1282.151202	0	0
1282.201207	0	0
1282.251212	0	0
1282.301217	0	0
1282.351223	0	0
1282.401227	0	0
1282.451232	0	0
1282.501237	0	0
1282.551242	0	0
1282.601247	0	0
1282.651252	0	0
1282.701257	0	0
1282.751262	0	0
1282.801267	0	0
1282.851272	0	0
1282.901278	0	0
1282.951283	0	0
1283.001287	0	0
1283.051292	0	0
1283.101297	0	0
1283.151302	0	0
1283.201307	0	0
1283.251312	0	0
1283.301317	0	0
1283.351322	0	0
1283.401327	0	0
1283.451332	0	0
1283.501338	0	0
1283.551342	0	0
1283.601347	0	0
1283.651352	0	0
1283.701357	0	0
1283.751362	0	0
1283.801367	0	0
1283.851372	0	0
1283.901377	0	0
1283.951382	0	0
1284.001387	0	0
1284.051392	0	0
1284.101398	0	0
1284.151402	0	0
1284.201407	0	0
1284.251412	0	0
1284.301417	0	0
1284.351422	0	0
1284.401427	0	0
1284.451432	0	0
1284.501437	0	0
1284.551442	0	0
1284.601447	0	0
1284.651453	0	0
1284.701458	0	0
1284.751462	0	0
1284.801467	0	0
1284.851472	0	0
1284.901477	0	0
1284.951482	0	0
1285.001487	0	0
1285.051492	0	0
1285.101497	0	0
1285.151502	0	0
1285.201507	0	0
1285.251513	0	0
1285.301517	0	0
1285.351522	0	0
1285.401527	0	0
1285.451532	0	0
1285.501537	0	0
1285.551542	0	0
1285.601547	0	0
1285.651552	0	0
1285.701557	0	0
1285.751562	0	0
1285.801567	0	0
1285.851573	0	0
1285.901577	0	0
1285.951582	0	0
1286.001587	0	0
1286.051592	0	0
1286.101597	0	0
1286.151602	0	0
1286.201607	0	0
1286.251612	0	0
1286.301617	0	0
1286.351622	0	0
1286.401628	0	0
1286.451632	0	0
1286.501637	0	0
1286.551642	0	0
1286.607648	0	0
1286.651652	0	0
1286.701657	0	0
1286.751662	0	0
1286.801667	0	0
1286.851672	0	0
1286.901677	0	0
1286.951682	0	0
1287.001688	0	0
1287.051692	0	0
1287.101697	0	0
1287.151702	0	0
1287.201707	0	0
1287.251712	0	0
1287.301717	0	0
1287.351722	0	0
1287.401727	0	0
1287.451732	0	0
1287.501737	0	0
1287.551742	0	0
1287.601748	0	0
1287.651752	0	0
1287.701757	0	0
1287.751762	0	0
1287.801767	0	0
1287.851772	0	0
1287.901777	0	0
1287.951782	0	0
1288.001787	0	0
1288.051792	0	0
1288.100797	0	0
1288.150802	0	0
1288.200807	0	0
1288.250812	0	0
1288.300817	0	0
1288.350822	0	0
1288.400827	0	0
1288.450832	0	0
1288.500837	0	0
1288.550842	0	0
1288.600847	0	0
1288.650852	0	0
1288.700857	0	0
1288.750862	0	0
1288.800867	0	0
1288.850872	0	0
1288.900877	0	0
1288.950882	0	0
1289.000887	0	0
1289.050892	0	0
1289.100897	0	0
1289.150902	0	0
1289.200907	0	0
1289.250912	0	0
1289.300917	0	0
1289.350922	0	0
1289.400927	0	0
1289.450932	0	0
1289.500937	0	0
1289.550942	0	0
1289.600947	0	0
1289.650952	0	0
1289.700957	0	0
1289.750962	0	0
1289.800967	0	0
1289.850972	0	0
1289.900977	0	0
1289.950982	0	0
1290.000987	0	0
1290.050992	0	0
1290.100997	0	0
1290.151002	0	0
1290.201007	0	0
1290.251012	0	0
1290.301017	0	0
1290.351022	0	0
1290.401027	0	0
1290.451032	0	0
1290.501037	0	0
1290.551042	0	0
1290.601047	0	0
1290.651052	0	0
1290.701057	0	0
1290.751062	0	0
1290.801067	0	0
1290.851072	0	0
1290.901077	0	0
1290.951082	0	0
1291.001087	0	0
1291.051092	0	0
1291.101097	0	0
1291.151102	0	0
1291.201107	0	0
1291.251112	0	0
1291.301117	0	0
1291.351122	0	0
1291.401127	0	0
1291.451132	0	0
1291.501137	0	0
1291.551142	0	0
1291.601147	0	0
1291.651152	0	0
1291.701157	0	0
1291.751162	0	0
1291.801167	0	0
1291.851172	0	0
1291.901177	0	0
1291.951182	0	0
1292.001187	0	0
1292.051192	0	0
1292.101197	0	0
1292.151202	0	0
1292.201207	0	0
1292.251212	0	0
1292.301217	0	0
1292.351222	0	0
1292.401227	0	0
1292.451232	0	0
1292.501237	0	0
1292.551242	0	0
1292.601247	0	0
1292.651252	0	0
1292.701257	0	0
1292.751262	0	0
1292.801267	0	0
1292.851272	0	0
1292.901277	0	0
1292.951282	0	0
1293.001287	0	0
1293.051292	0	0
1293.101297	0	0
1293.151302	0	0
1293.201307	0	0
1293.251312	0	0
1293.301317	0	0
1293.351322	0	0
1293.401327	0	0
1293.451332	0	0
1293.501337	0	0
1293.551342	0	0
1293.601347	0	0
1293.651352	0	0
1293.701357	0	0
1293.751362	0	0
1293.801367	0	0
1293.851372	0	0
1293.901377	0	0
1293.951382	0	0
1294.001387	0	0
1294.051392	0	0
1294.101397	0	0
1294.151402	0	0
1294.201407	0	0
1294.251412	0	0
1294.301417	0	0
1294.351422	0	0
1294.401427	0	0
1294.451432	0	0
1294.501437	0	0
1294.551442	0	0
1294.601447	0	0
1294.651452	0	0
1294.701457	0	0
1294.751462	0	0
1294.801467	0	0
1294.851472	0	0
1294.901477	0	0
1294.951482	0	0
1295.001487	0	0
1295.051492	0	0
1295.101497	0	0
1295.151502	0	0
1295.201507	0	0
1295.251512	0	0
1295.301517	0	0
1295.351522	0	0
1295.401527	0	0
1295.451532	0	0
1295.501537	0	0
1295.551542	0	0
1295.601547	0	0
1295.651552	0	0
1295.701557	0	0
1295.751562	0	0
1295.801567	0	0
1295.851572	0	0
1295.901577	0	0
1295.951582	0	0
1296.001587	0	0
1296.051592	0	0
1296.101597	0	0
1296.151602	0	0
1296.201607	0	0
1296.251612	0	0
1296.301617	0	0
1296.351622	0	0
1296.401627	0	0
1296.451632	0	0
1296.501637	0	0
1296.551642	0	0
1296.601647	0	0
1296.651652	0	0
1296.701657	0	0
1296.751662	0	0
1296.801667	0	0
1296.851672	0	0
1296.901677	0	0
1296.951682	0	0
1297.001687	0	0
1297.051692	0	0
1297.101697	0	0
1297.151702	0	0
1297.201707	0	0
1297.251712	0	0
1297.301717	0	0
1297.351722	0	0
1297.401727	0	0
1297.451732	0	0
1297.501737	0	0
1297.551742	0	0
1297.601747	0	0
1297.651752	0	0
1297.701757	0	0
1297.751762	0	0
1297.801767	0	0
1297.851772	0	0
1297.901777	0	0
1297.951782	0	0
1298.001787	0	0
1298.051792	0	0
1298.101797	0	0
1298.151802	0	0
1298.201807	0	0
1298.251812	0	0
1298.301817	0	0
1298.351822	0	0
1298.401827	0	0
1298.451832	0	0
1298.501837	0	0
1298.551842	0	0
1298.601847	0	0
1298.651852	0	0
1298.701857	0	0
1298.751862	0	0
1298.801867	0	0
1298.851872	0	0
1298.901877	0	0
1298.951882	0	0
1299.001887	0	0
1299.051892	0	0
1299.101897	0	0
1299.151902	0	0
1299.201907	0	0
1299.251912	0	0
1299.301917	0	0
1299.351922	0	0
1299.401927	0	0
1299.451932	0	0
1299.501937	0	0
1299.551942	0	0
1299.601947	0	0
1299.651952	0	0
1299.701957	0	0
1299.751962	0	0
1299.801967	0	0
1299.851972	0	0
1299.901977	0	0
1299.951982	0	0
1300.001987	0	0
1300.051992	0	0
1300.101997	0	0
1300.152002	0	0
1300.202007	0	0
1300.252012	0	0
1300.302017	0	0
1300.352022	0	0
1300.402027	0	0
1300.452032	0	0
1300.502037	0	0
1300.552042	0	0
1300.602047	0	0
1300.652052	0	0
1300.702057	0	0
1300.752062	0	0
1300.802067	0	0
1300.852072	0	0
1300.902077	0	0
1300.952082	0	0
1301.002087	0	0
1301.052092	0	0
1301.102097	0	0
1301.152102	0	0
1301.202107	0	0
1301.252112	0	0
1301.302117	0	0
1301.352122	0	0
1301.402127	0	0
1301.452132	0	0
1301.502137	0	0
1301.552142	0	0
1301.602147	0	0
1301.652152	0	0
1301.702157	0	0
1301.752162	0	0
1301.802167	0	0
1301.852172	0	0
1301.902177	0	0
1301.952182	0	0
1302.002187	0	0
1302.052192	0	0
1302.102197	0	0
1302.152202	0	0
1302.202207	0	0
1302.252212	0	0
1302.302217	0	0
1302.352222	0	0
1302.402227	0	0
1302.452232	0	0
1302.502237	0	0
1302.552242	0	0
1302.602247	0	0
1302.652252	0	0
1302.702257	0	0
1302.752262	0	0
1302.802267	0	0
1302.852272	0	0
1302.902277	0	0
1302.952282	0	0
1303.002287	0	0
1303.052292	0	0
1303.102297	0	0
1303.152302	0	0
1303.202307	0	0
1303.252312	0	0
1303.302317	0	0
1303.352322	0	0
1303.402327	0	0
1303.452332	0	0
1303.502337	0	0
1303.552342	0	0
1303.602347	0	0
1303.652352	0	0
1303.702357	0	0
1303.752362	0	0
1303.802367	0	0
1303.852372	0	0
1303.902377	0	0
1303.952382	0	0
1304.002387	0	0
1304.052392	0	0
1304.102397	0	0
1304.152402	0	0
1304.202407	0	0
1304.252412	0	0
1304.302417	0	0
1304.352422	0	0
1304.402427	0	0
1304.452432	0	0
1304.502437	0	0
1304.552442	0	0
1304.602447	0	0
1304.652452	0	0
1304.702457	0	0
1304.752462	0	0
1304.802467	0	0
1304.852472	0	0
1304.902477	0	0
1304.952482	0	0
1305.002487	0	0
1305.052492	0	0
1305.102497	0	0
1305.152502	0	0
1305.202507	0	0
1305.252512	0	0
1305.302517	0	0
1305.352522	0	0
1305.402527	0	0
1305.452532	0	0
1305.502537	0	0
1305.552542	0	0
1305.601547	0	0
1305.651552	0	0
1305.701557	0	0
1305.751562	0	0
1305.801567	0	0
1305.851572	0	0
1305.901577	0	0
1305.951582	0	0
1306.001587	0	0
1306.051592	0	0
1306.101597	0	0
1306.151602	0	0
1306.201607	0	0
1306.251612	0	0
1306.301617	0	0
1306.351622	0	0
1306.401627	0	0
1306.451632	0	0
1306.501637	0	0
1306.551642	0	0
1306.601647	0	0
1306.651652	0	0
1306.701657	0	0
1306.751662	0	0
1306.801667	0	0
1306.851672	0	0
1306.901677	0	0
1306.951682	0	0
1307.001687	0	0
1307.051692	0	0
1307.101697	0	0
1307.151702	0	0
1307.201707	0	0
1307.251712	0	0
1307.301717	0	0
1307.351722	0	0
1307.401727	0	0
1307.451732	0	0
1307.501737	0	0
1307.551742	0	0
1307.601747	0	0
1307.651752	0	0
1307.701757	0	0
1307.751762	0	0
1307.801767	0	0
1307.851772	0	0
1307.901777	0	0
1307.951782	0	0
1308.001787	0	0
1308.051792	0	0
1308.101797	0	0
1308.151802	0	0
1308.201807	0	0
1308.251812	0	0
1308.301817	0	0
1308.351822	0	0
1308.401827	0	0
1308.451832	0	0
1308.501837	0	0
1308.551842	0	0
1308.601847	0	0
1308.651852	0	0
1308.701857	0	0
1308.751862	0	0
1308.801867	0	0
1308.851872	0	0
1308.901877	0	0
1308.951882	0	0
1309.001887	0	0
1309.051892	0	0
1309.101897	0	0
1309.151902	0	0
1309.201907	0	0
1309.251912	0	0
1309.301917	0	0
1309.351922	0	0
1309.401927	0	0
1309.451932	0	0
1309.501937	0	0
1309.551942	0	0
1309.601947	0	0
1309.651952	0	0
1309.701957	0	0
1309.751962	0	0
1309.801967	0	0
1309.851972	0	0
1309.901977	0	0
1309.951982	0	0
1310.001987	0	0
1310.051992	0	0
1310.101997	0	0
1310.152002	0	0
1310.202007	0	0
1310.252012	0	0
1310.302017	0	0
1310.352022	0	0
1310.402027	0	0
1310.452032	0	0
1310.502037	0	0
1310.552042	0	0
1310.602047	0	0
1310.652052	0	0
1310.702057	0	0
1310.752062	0	0
1310.802067	0	0
1310.852072	0	0
1310.902077	0	0
1310.952082	0	0
1311.002087	0	0
1311.052092	0	0
1311.102097	0	0
1311.152102	0	0
1311.202107	0	0
1311.252112	0	0
1311.302117	0	0
1311.352122	0	0
1311.402127	0	0
1311.452132	0	0
1311.502137	0	0
1311.552142	0	0
1311.602147	0	0
1311.652152	0	0
1311.702157	0	0
1311.752162	0	0
1311.802167	0	0
1311.852172	0	0
1311.902177	0	0
1311.952182	0	0
1312.002187	0	0
1312.052192	0	0
1312.102197	0	0
1312.152202	0	0
1312.202207	0	0
1312.252212	0	0
1312.302217	0	0
1312.352222	0	0
1312.402227	0	0
1312.452232	0	0
1312.502237	0	0
1312.552242	0	0
1312.602247	0	0
1312.652252	0	0
1312.702257	0	0
1312.752262	0	0
1312.802267	0	0
1312.852272	0	0
1312.902277	0	0
1312.952282	0	0
1313.002287	0	0
1313.052292	0	0
1313.102297	0	0
1313.152302	0	0
1313.202307	0	0
1313.252312	0	0
1313.302317	0	0
1313.352322	0	0
1313.402327	0	0
1313.452332	0	0
1313.502337	0	0
1313.552342	0	0
1313.602347	0	0
1313.652352	0	0
1313.702357	0	0
1313.752362	0	0
1313.802367	0	0
1313.852372	0	0
1313.902377	0	0
1313.952382	0	0
1314.002387	0	0
1314.052392	0	0
1314.102397	0	0
1314.152402	0	0
1314.202407	0	0
1314.252412	0	0
1314.302417	0	0
1314.352422	0	0
1314.402427	0	0
1314.452432	0	0
1314.502437	0	0
1314.552442	0	0
1314.602447	0	0
1314.652452	0	0
1314.702457	0	0
1314.752462	0	0
1314.802467	0	0
1314.852472	0	0
1314.902477	0	0
1314.952482	0	0
1315.002487	0	0
1315.052492	0	0
1315.102497	0	0
1315.152502	0	0
1315.202507	0	0
1315.252512	0	0
1315.302517	0	0
1315.352522	0	0
1315.402527	0	0
1315.452532	0	0
1315.502537	0	0
1315.552542	0	0
1315.602547	0	0
1315.652552	0	0
1315.702557	0	0
1315.752562	0	0
1315.802567	0	0
1315.852572	0	0
1315.902577	0	0
1315.952582	0	0
1316.002587	0	0
1316.052592	0	0
1316.102597	0	0
1316.152602	0	0
1316.202607	0	0
1316.252612	0	0
1316.302617	0	0
1316.352622	0	0
1316.402627	0	0
1316.452632	0	0
1316.502637	0	0
1316.552642	0	0
1316.602647	0	0
1316.652652	0	0
1316.702657	0	0
1316.752662	0	0
1316.802667	0	0
1316.852672	0	0
1316.902677	0	0
1316.952682	0	0
1317.002687	0	0
1317.052692	0	0
1317.102697	0	0
1317.152702	0	0
1317.202707	0	0
1317.252712	0	0
1317.302717	0	0
1317.352722	0	0
1317.402727	0	0
1317.452732	0	0
1317.502737	0	0
1317.552742	0	0
1317.602747	0	0
1317.652752	0	0
1317.702757	0	0
1317.752762	0	0
1317.802767	0	0
1317.852772	0	0
1317.902777	0	0
1317.952782	0	0
1318.002787	0	0
1318.052792	0	0
1318.102797	0	0
1318.152802	0	0
1318.202807	0	0
1318.252812	0	0
1318.302817	0	0
1318.352822	0	0
1318.402827	0	0
1318.452832	0	0
1318.502837	0	0
1318.552842	0	0
1318.602847	0	0
1318.652852	0	0
1318.702857	0	0
1318.752862	0	0
1318.802867	0	0
1318.852872	0	0
1318.902877	0	0
1318.952882	0	0
1319.002887	0	0
1319.052892	0	0
1319.102897	0	0
1319.152902	0	0
1319.202907	0	0
1319.252912	0	0
1319.302917	0	0
1319.352922	0	0
1319.402927	0	0
1319.452932	0	0
1319.502937	0	0
1319.552942	0	0
1319.602947	0	0
1319.652952	0	0
1319.702957	0	0
1319.752962	0	0
1319.802967	0	0
1319.852972	0	0
1319.902977	0	0
1319.952982	0	0
1320.002987	0	0
1320.052992	0	0
1320.102997	0	0
1320.153002	0	0
1320.203007	0	0
1320.253012	0	0
1320.303017	0	0
1320.353022	0	0
1320.403027	0	0
1320.453032	0	0
1320.503037	0	0
1320.553042	0	0
1320.603047	0	0
1320.653052	0	0
1320.703057	0	0
1320.753062	0	0
1320.803067	0	0
1320.853072	0	0
1320.903077	0	0
1320.953082	0	0
1321.003087	0	0
1321.053092	0	0
1321.103097	0	0
1321.153102	0	0
1321.203107	0	0
1321.253112	0	0
1321.303117	0	0
1321.353122	0	0
1321.403127	0	0
1321.453132	0	0
1321.503137	0	0
1321.553142	0	0
1321.603147	0	0
1321.653152	0	0
1321.703157	0	0
1321.753162	0	0
1321.803167	0	0
1321.853172	0	0
1321.903177	0	0
1321.953182	0	0
1322.003187	0	0
1322.053192	0	0
1322.103197	0	0
1322.153202	0	0
1322.203207	0	0
1322.253212	0	0
1322.303217	0	0
1322.353222	0	0
1322.403227	0	0
1322.453232	0	0
1322.503237	0	0
1322.553242	0	0
1322.603247	0	0
1322.653252	0	0
1322.703257	0	0
1322.753262	0	0
1322.803267	0	0
1322.853272	0	0
1322.903277	0	0
1322.953282	0	0
1323.003287	0	0
1323.052292	0	0
1323.102297	0	0
1323.152302	0	0
1323.202307	0	0
1323.252312	0	0
1323.302317	0	0
1323.352322	0	0
1323.402327	0	0
1323.452332	0	0
1323.502337	0	0
1323.552342	0	0
1323.602347	0	0
1323.652352	0	0
1323.702357	0	0
1323.752362	0	0
1323.802367	0	0
1323.852372	0	0
1323.902377	0	0
1323.952382	0	0
1324.002387	0	0
1324.052392	0	0
1324.102397	0	0
1324.152402	0	0
1324.202407	0	0
1324.252412	0	0
1324.302417	0	0
1324.352422	0	0
1324.402427	0	0
1324.452432	0	0
1324.502437	0	0
1324.552442	0	0
1324.602447	0	0
1324.652452	0	0
1324.702457	0	0
1324.752462	0	0
1324.802467	0	0
1324.852472	0	0
1324.902477	0	0
1324.952482	0	0
1325.002487	0	0
1325.052492	0	0
1325.102497	0	0
1325.152502	0	0
1325.202507	0	0
1325.252512	0	0
1325.302517	0	0
1325.352522	0	0
1325.402527	0	0
1325.452532	0	0
1325.502537	0	0
1325.552542	0	0
1325.602547	0	0
1325.652552	0	0
1325.702557	0	0
1325.752562	0	0
1325.802567	0	0
1325.852572	0	0
1325.902577	0	0
1325.952582	0	0
1326.002587	0	0
1326.052592	0	0
1326.102597	0	0
1326.152602	0	0
1326.202607	0	0
1326.252612	0	0
1326.302617	0	0
1326.352622	0	0
1326.402627	0	0
1326.452632	0	0
1326.502637	0	0
1326.552642	0	0
1326.602647	0	0
1326.652652	0	0
1326.702657	0	0
1326.752662	0	0
1326.802667	0	0
1326.852672	0	0
1326.902677	0	0
1326.952682	0	0
1327.002687	0	0
1327.052692	0	0
1327.102697	0	0
1327.152702	0	0
1327.202707	0	0
1327.252712	0	0
1327.302717	0	0
1327.352722	0	0
1327.402727	0	0
1327.452732	0	0
1327.502737	0	0
1327.552742	0	0
1327.602747	0	0
1327.652752	0	0
1327.702757	0	0
1327.752762	0	0
1327.802767	0	0
1327.852772	0	0
1327.902777	0	0
1327.952782	0	0
1328.002787	0	0
1328.052792	0	0
1328.102797	0	0
1328.152802	0	0
1328.202807	0	0
1328.252812	0	0
1328.302817	0	0
1328.352822	0	0
1328.402827	0	0
1328.452832	0	0
1328.502837	0	0
1328.552842	0	0
1328.602847	0	0
1328.652852	0	0
1328.702857	0	0
1328.752862	0	0
1328.802867	0	0
1328.852872	0	0
1328.902877	0	0
1328.952882	0	0
1329.002887	0	0
1329.052892	0	0
1329.102897	0	0
1329.152902	0	0
1329.202907	0	0
1329.252912	0	0
1329.302917	0	0
1329.352922	0	0
1329.402927	0	0
1329.452932	0	0
1329.502937	0	0
1329.552942	0	0
1329.602947	0	0
1329.652952	0	0
1329.702957	0	0
1329.752962	0	0
1329.802967	0	0
1329.852972	0	0
1329.902977	0	0
1329.952982	0	0
1330.002987	0	0
1330.052992	0	0
1330.102997	0	0
1330.153002	0	0
1330.203007	0	0
1330.253012	0	0
1330.303017	0	0
1330.353022	0	0
1330.403027	0	0
1330.453032	0	0
1330.503037	0	0
1330.553042	0	0
1330.603047	0	0
1330.653052	0	0
1330.703057	0	0
1330.753062	0	0
1330.803067	0	0
1330.853072	0	0
1330.903077	0	0
1330.953082	0	0
1331.003087	0	0
1331.053092	0	0
1331.103097	0	0
1331.153102	0	0
1331.203107	0	0
1331.253112	0	0
1331.303117	0	0
1331.353122	0	0
1331.403127	0	0
1331.453132	0	0
1331.503137	0	0
1331.553142	0	0
1331.603147	0	0
1331.653152	0	0
1331.703157	0	0
1331.753162	0	0
1331.803167	0	0
1331.853172	0	0
1331.903177	0	0
1331.953182	0	0
1332.003187	0	0
1332.053192	0	0
1332.103197	0	0
1332.153202	0	0
1332.203207	0	0
1332.253212	0	0
1332.303217	0	0
1332.353222	0	0
1332.403227	0	0
1332.453232	0	0
1332.503237	0	0
1332.553242	0	0
1332.603247	0	0
1332.653252	0	0
1332.703257	0	0
1332.753262	0	0
1332.803267	0	0
1332.853272	0	0
1332.903277	0	0
1332.953282	0	0
1333.003287	0	0
1333.053292	0	0
1333.103297	0	0
1333.153302	0	0
1333.203307	0	0
1333.253312	0	0
1333.303317	0	0
1333.353322	0	0
1333.403327	0	0
1333.453332	0	0
1333.503337	0	0
1333.553342	0	0
1333.603347	0	0
1333.653352	0	0
1333.703357	0	0
1333.753362	0	0
1333.803367	0	0
1333.853372	0	0
1333.903377	0	0
1333.953382	0	0
1334.003387	0	0
1334.053392	0	0
1334.103397	0	0
1334.153402	0	0
1334.203407	0	0
1334.253412	0	0
1334.303417	0	0
1334.353422	0	0
1334.403427	0	0
1334.453432	0	0
1334.503437	0	0
1334.553442	0	0
1334.603447	0	0
1334.653452	0	0
1334.703457	0	0
1334.753462	0	0
1334.803467	0	0
1334.853472	0	0
1334.903477	0	0
1334.953482	0	24
1335.003487	0	24
1335.053492	0	40
1335.103497	0	40
1335.153502	0	96
1335.203507	0	96
1335.253512	0	128
1335.303517	0	236
1335.353522	0	244
1335.403527	0	292
1335.453532	0	416
1335.503537	0	424
1335.553542	0	488
1335.603547	0	488
1335.653552	0	488
1335.703557	0	488
1335.753562	0	488
1335.803567	0	488
1335.853572	0	488
1335.903577	0	488
1335.953582	0	488
1336.003587	0	488
1336.053592	0	488
1336.103597	0	488
1336.153602	0	488
1336.203607	0	488
1336.253612	0	488
1336.303617	0	488
1336.353622	0	488
1336.403627	0	488
1336.453632	0	488
1336.503637	0	488
1336.553642	0	488
1336.603647	0	488
1336.653652	0	488
1336.703657	0	488
1336.753662	0	488
1336.803667	0	488
1336.853672	0	488
1336.903677	0	488
1336.953682	0	488
1337.003687	0	488
1337.053692	0	488
1337.103697	0	488
1337.153702	0	488
1337.203707	0	488
1337.253712	0	488
1337.303717	0	488
1337.353722	0	488
1337.403727	0	488
1337.453732	0	488
1337.503737	0	488
1337.553742	0	488
1337.603747	0	488
1337.653752	0	488
1337.703757	0	488
1337.753762	0	488
1337.803767	0	488
1337.853772	0	488
1337.903777	0	488
1337.953782	0	488
1338.003787	0	488
1338.053792	0	488
1338.103797	0	488
1338.153802	0	488
1338.203807	0	488
1338.253812	0	488
1338.303817	0	488
1338.353822	0	488
1338.403827	0	488
1338.453832	0	488
1338.503837	0	488
1338.553842	0	488
1338.603847	0	488
1338.653852	0	488
1338.703857	0	488
1338.753862	0	284
1338.803867	0	0
1338.853872	0	0
1338.903877	0	0
1338.953882	0	0
1339.003887	0	0
1339.053892	0	0
1339.103897	0	0
1339.153902	0	0
1339.203907	0	0
1339.253912	0	0
1339.303917	0	0
1339.353922	0	0
1339.403927	0	0
1339.453932	0	0
1339.503937	0	0
1339.553942	0	0
1339.603947	0	0
1339.653952	0	0
1339.703957	0	0
1339.753962	0	0
1339.803967	0	0
1339.853972	0	0
1339.903977	0	0
1339.953982	0	0
1340.003987	0	0
1340.053992	0	0
1340.103997	0	0
1340.154002	0	0
1340.204007	0	0
1340.254012	0	0
1340.304017	0	0
1340.354022	0	0
1340.404027	0	0
1340.454032	0	0
1340.504037	0	0
1340.553042	0	0
1340.603047	0	0
1340.653052	0	0
1340.703057	0	0
1340.753062	0	0
1340.803067	0	0
1340.853072	0	0
1340.903077	0	0
1340.953082	0	0
1341.003087	0	0
1341.053092	0	0
1341.103097	0	0
1341.153102	0	0
1341.203107	0	0
1341.253112	0	0
1341.303117	0	0
1341.353122	0	0
1341.403127	0	0
1341.453132	0	0
1341.503137	0	0
1341.553142	0	0
1341.603147	0	0
1341.653152	0	0
1341.703157	0	0
1341.753162	0	0
1341.803167	0	0
1341.853172	0	0
1341.903177	0	0
1341.953182	0	0
1342.003187	0	0
1342.053192	0	0
1342.103197	0	0
1342.153202	0	0
1342.203207	0	0
1342.253212	0	0
1342.303217	0	0
1342.353222	0	0
1342.403227	0	0
1342.453232	0	0
1342.503237	0	0
1342.553242	0	0
1342.603247	0	0
1342.653252	0	0
1342.703257	0	0
1342.753262	0	0
1342.803267	0	0
1342.853272	0	0
1342.903277	0	0
1342.953282	0	0
1343.003287	0	0
1343.053292	0	0
1343.103297	0	0
1343.153302	0	0
1343.203307	0	0
1343.253312	0	0
1343.303317	0	0
1343.353322	0	0
1343.403327	0	0
1343.453332	0	0
1343.503337	0	0
1343.553342	0	0
1343.603347	0	0
1343.653352	0	0
1343.703357	0	0
1343.753362	0	0
1343.803367	0	0
1343.853372	0	0
1343.903377	0	0
1343.953382	0	0
1344.003387	0	0
1344.053392	0	0
1344.103397	0	0
1344.153402	0	0
1344.203407	0	0
1344.253412	0	0
1344.303417	0	0
1344.353422	0	0
1344.403427	0	0
1344.453432	0	0
1344.503437	0	0
1344.553442	0	0
1344.603447	0	0
1344.653452	0	0
1344.703457	0	0
1344.753462	0	0
1344.803467	0	0
1344.853472	0	0
1344.903477	0	0
1344.953482	0	0
1345.003487	0	0
1345.053492	0	0
1345.103497	0	0
1345.153502	0	0
1345.203507	0	0
1345.253512	0	0
1345.303517	0	0
1345.353522	0	0
1345.403527	0	0
1345.453532	0	0
1345.503537	0	0
1345.553542	0	0
1345.603547	0	0
1345.653552	0	0
1345.703557	0	0
1345.753562	0	0
1345.803567	0	0
1345.853572	0	0
1345.903577	0	0
1345.953582	0	0
1346.003587	0	0
1346.053592	0	0
1346.103597	0	0
1346.153602	0	0
1346.203607	0	0
1346.253612	0	0
1346.303617	0	0
1346.353622	0	0
1346.403627	0	0
1346.453632	0	0
1346.503637	0	0
1346.553642	0	0
1346.603647	0	0
1346.653652	0	0
1346.703657	0	0
1346.753662	0	0
1346.803667	0	0
1346.853672	0	0
1346.903677	0	0
1346.953682	0	0
1347.003687	0	0
1347.053692	0	0
1347.103697	0	0
1347.153702	0	0
1347.203707	0	0
1347.253712	0	0
1347.303717	0	0
1347.353722	0	0
1347.403727	0	0
1347.453732	0	0
1347.503737	0	0
1347.553742	0	0
1347.603747	0	0
1347.653752	0	0
1347.703757	0	0
1347.753762	0	0
1347.803767	0	0
1347.853772	0	0
1347.903777	0	0
1347.953782	0	0
1348.003787	0	0
1348.053792	0	0
1348.103797	0	0
1348.153802	0	0
1348.203807	0	0
1348.253812	0	0
1348.303817	0	0
1348.353822	0	0
1348.403827	0	0
1348.453832	0	0
1348.503837	0	0
1348.553842	0	0
1348.603847	0	0
1348.653852	0	0
1348.703857	0	0
1348.753862	0	0
1348.803867	0	0
1348.853872	0	0
1348.903877	0	0
1348.953882	0	0
1349.003887	0	0
1349.053892	0	0
1349.103897	0	0
1349.153902	0	0
1349.203907	0	0
1349.253912	0	0
1349.303917	0	0
1349.353922	0	0
1349.403927	0	0
1349.453932	0	0
1349.503937	0	0
1349.553942	0	0
1349.603947	0	0
1349.653952	0	0
1349.703957	0	0
1349.753962	0	0
1349.803967	0	0
1349.853972	0	0
1349.903977	0	0
1349.953982	0	0
1350.003987	0	0
1350.053992	0	0
1350.103997	0	0
1350.154002	0	0
1350.204007	0	0
1350.254012	0	0
1350.304017	0	0
1350.354022	0	0
1350.404027	0	0
1350.454032	0	0
1350.504037	0	0
1350.554042	0	0
1350.604047	0	0
1350.654052	0	0
1350.704057	0	0
1350.754062	0	0
1350.804067	0	0
1350.854072	0	0
1350.904077	0	0
1350.954082	0	0
1351.004087	0	0
1351.054092	0	0
1351.104097	0	0
1351.154102	0	0
1351.204107	0	0
1351.254112	0	0
1351.304117	0	0
1351.354122	0	0
1351.404127	0	0
1351.454132	0	0
1351.504137	0	0
1351.554142	0	0
1351.604147	0	0
1351.654152	0	0
1351.704157	0	0
1351.754162	0	0
1351.804167	0	0
1351.854172	0	0
1351.904177	0	0
1351.954182	0	0
1352.004187	0	0
1352.054192	0	0
1352.104197	0	0
1352.154202	0	0
1352.204207	0	0
1352.254212	0	0
1352.304217	0	0
1352.354222	0	0
1352.404227	0	0
1352.454232	0	0
1352.504237	0	0
1352.554242	0	0
1352.604247	0	0
1352.654252	0	0
1352.704257	0	0
1352.754262	0	0
1352.804267	0	0
1352.854272	0	0
1352.904277	0	0
1352.954282	0	0
1353.004287	0	0
1353.054292	0	0
1353.104297	0	0
1353.154302	0	0
1353.204307	0	0
1353.254312	0	0
1353.304317	0	0
1353.354322	0	0
1353.404327	0	0
1353.454332	0	0
1353.504337	0	0
1353.554342	0	0
1353.604347	0	0
1353.654352	0	0
1353.704357	0	0
1353.754362	0	0
1353.804367	0	0
1353.854372	0	0
1353.904377	0	0
1353.954382	0	0
1354.004387	0	0
1354.054392	0	0
1354.104397	0	0
1354.154402	0	0
1354.204407	0	0
1354.254412	0	0
1354.304417	0	0
1354.354422	0	0
1354.404427	0	0
1354.454432	0	0
1354.504437	0	0
1354.554442	0	0
1354.604447	0	0
1354.654452	0	0
1354.704457	0	0
1354.754462	0	0
1354.804467	0	0
1354.854472	0	0
1354.904477	0	0
1354.954482	0	0
1355.004487	0	0
1355.054492	0	0
1355.104497	0	0
1355.154502	0	0
1355.204507	0	0
1355.254512	0	0
1355.304517	0	0
1355.354522	0	0
1355.404527	0	0
1355.454532	0	0
1355.504537	0	0
1355.554542	0	0
1355.604547	0	0
1355.654552	0	0
1355.704557	0	0
1355.754562	0	0
1355.804567	0	0
1355.854572	0	0
1355.904577	0	0
1355.954582	0	0
1356.004587	0	0
1356.054592	0	0
1356.104597	0	0
1356.154602	0	0
1356.204607	0	0
1356.254612	0	0
1356.304617	0	0
1356.354622	0	0
1356.404627	0	0
1356.454632	0	0
1356.504637	0	0
1356.554642	0	0
1356.604647	0	0
1356.654652	0	0
1356.704657	0	0
1356.754662	0	0
1356.804667	0	0
1356.854672	0	0
1356.904677	0	0
1356.954682	0	0
1357.004687	0	0
1357.054692	0	0
1357.104697	0	0
1357.154702	0	0
1357.204707	0	0
1357.254712	0	0
1357.304717	0	0
1357.354722	0	0
1357.404727	0	0
1357.454732	0	0
1357.504737	0	0
1357.554742	0	0
1357.604747	0	0
1357.654752	0	0
1357.704757	0	0
1357.754762	0	0
1357.804767	0	0
1357.854772	0	0
1357.904777	0	0
1357.954782	0	0
1358.004787	0	0
1358.053792	0	0
1358.103797	0	0
1358.153802	0	0
1358.203807	0	0
1358.253812	0	0
1358.303817	0	0
1358.353822	0	0
1358.403827	0	0
1358.453832	0	0
1358.503837	0	0
1358.553842	0	0
1358.603847	0	0
1358.653852	0	0
1358.703857	0	0
1358.753862	0	0
1358.803867	0	0
1358.853872	0	0
1358.903877	0	0
1358.953882	0	0
1359.003887	0	0
1359.053892	0	0
1359.103897	0	0
1359.153902	0	0
1359.203907	0	0
1359.253912	0	0
1359.303917	0	0
1359.353922	0	0
1359.403927	0	0
1359.453932	0	0
1359.503937	0	0
1359.553942	0	0
1359.603947	0	0
1359.653952	0	0
1359.703957	0	0
1359.753962	0	0
1359.803967	0	0
1359.853972	0	0
1359.903977	0	0
1359.953982	0	0
1360.003987	0	0
1360.053992	0	0
1360.103997	0	0
1360.154002	0	0
1360.204007	0	0
1360.254012	0	0
1360.304017	0	0
1360.354022	0	0
1360.404027	0	0
1360.454032	0	0
1360.504037	0	0
1360.554042	0	0
1360.604047	0	0
1360.654052	0	0
1360.704057	0	0
1360.754062	0	0
1360.804067	0	0
1360.854072	0	0
1360.904077	0	0
1360.954082	0	0
1361.004087	0	0
1361.054092	0	0
1361.104097	0	0
1361.154102	0	0
1361.204107	0	0
1361.254112	0	0
1361.304117	0	0
1361.354122	0	0
1361.404127	0	0
1361.454132	0	0
1361.504137	0	0
1361.554142	0	0
1361.604147	0	0
1361.654152	0	0
1361.704157	0	0
1361.754162	0	0
1361.804167	0	0
1361.854172	0	0
1361.904177	0	0
1361.954182	0	0
1362.004187	0	0
1362.054192	0	0
1362.104197	0	0
1362.154202	0	0
1362.204207	0	0
1362.254212	0	0
1362.304217	0	0
1362.354222	0	0
1362.404227	0	0
1362.454232	0	0
1362.504237	0	0
1362.554242	0	0
1362.604247	0	0
1362.654252	0	0
1362.704257	0	0
1362.754262	0	0
1362.804267	0	0
1362.854272	0	0
1362.904277	0	0
1362.954282	0	0
1363.004287	0	0
1363.054292	0	0
1363.104297	0	0
1363.154302	0	0
1363.204307	0	0
1363.254312	0	0
1363.304317	0	0
1363.354322	0	0
1363.404327	0	0
1363.454332	0	0
1363.504337	0	0
1363.554342	0	0
1363.604347	0	0
1363.654352	0	0
1363.704357	0	0
1363.754362	0	0
1363.804367	0	0
1363.854372	0	0
1363.904377	0	0
1363.954382	0	0
1364.004387	0	0
1364.054392	0	0
1364.104397	0	0
1364.154402	0	0
1364.204407	0	0
1364.254412	0	0
1364.304417	0	0
1364.354422	0	0
1364.404427	0	0
1364.454432	0	0
1364.504437	0	0
1364.554442	0	0
1364.604447	0	0
1364.654452	0	0
1364.704457	0	0
1364.754462	0	0
1364.804467	0	0
1364.854472	0	0
1364.904477	0	0
1364.954482	0	0
1365.004487	0	0
1365.054492	0	0
1365.104497	0	0
1365.154502	0	0
1365.204507	0	0
1365.254512	0	0
1365.304517	0	0
1365.354522	0	0
1365.404527	0	0
1365.454532	0	0
1365.504537	0	0
1365.554542	0	0
1365.604547	0	0
1365.654552	0	0
1365.704557	0	0
1365.754562	0	0
1365.804567	0	0
1365.854572	0	0
1365.904577	0	0
1365.954582	0	0
1366.004587	0	0
1366.054592	0	0
1366.104597	0	0
1366.154602	0	0
1366.204607	0	0
1366.254612	0	0
1366.304617	0	0
1366.354622	0	0
1366.404627	0	0
1366.454632	0	0
1366.504637	0	0
1366.554642	0	0
1366.604647	0	0
1366.654652	0	0
1366.704657	0	0
1366.754662	0	0
1366.804667	0	0
1366.854672	0	0
1366.904677	0	0
1366.954682	0	0
1367.004687	0	0
1367.054692	0	0
1367.104697	0	0
1367.154702	0	0
1367.204707	0	0
1367.254712	0	0
1367.304717	0	0
1367.354722	0	0
1367.404727	0	0
1367.454732	0	0
1367.504737	0	0
1367.554742	0	0
1367.604747	0	0
1367.654752	0	0
1367.704757	0	0
1367.754762	0	0
1367.804767	0	0
1367.854772	0	0
1367.904777	0	0
1367.954782	0	0
1368.004787	0	0
1368.054792	0	0
1368.104797	0	0
1368.154802	177	0
1368.204807	289	0
1368.254812	457	0
1368.304817	657	0
1368.354822	889	0
1368.404827	961	0
1368.454832	1029	0
1368.504837	1109	-41
1368.554842	1265	-273
1368.604847	1325	-521
1368.654852	1401	-809
1368.704857	1437	-969
1368.754862	1653	-1265
1368.804867	1785	-1589
1368.854872	1889	-1721
1368.904877	1957	-1869
1368.954882	2061	-1917
1369.004887	2141	-2049
1369.054892	2273	-2133
1369.104897	2373	-2185
1369.154902	2433	-2261
1369.204907	2465	-2349
1369.254912	2513	-2461
1369.304917	2537	-2533
1369.354922	2629	-2645
1369.404927	2661	-2673
1369.454932	2677	-2697
1369.504937	2677	-2697
1369.554942	2677	-2697
1369.604947	2677	-2717
1369.654952	2677	-2717
1369.704957	2677	-2717
1369.754962	2677	-2717
1369.804967	2677	-2717
1369.854972	2697	-2717
1369.904977	2729	-2717
1369.954982	2745	-2717
1370.004987	2757	-2717
1370.054992	2793	-2717
1370.104997	2801	-2717
1370.155002	2841	-2717
1370.205007	2849	-2717
1370.255012	2849	-2717
1370.305017	2853	-2717
1370.355022	2853	-2717
1370.405027	2853	-2717
1370.455032	2857	-2725
1370.505037	2957	-2745
1370.555042	3093	-2773
1370.605047	3141	-2781
1370.655052	3141	-2785
1370.705057	3149	-2785
1370.755062	3149	-2789
1370.805067	3149	-2789
1370.855072	3149	-2789
1370.905077	3149	-2789
1370.955082	3149	-2789
1371.005087	3149	-2789
1371.055092	3149	-2789
1371.105097	3149	-2789
1371.155102	3149	-2789
1371.205107	3149	-2789
1371.255112	3149	-2789
1371.305117	3149	-2789
1371.355122	3149	-2789
1371.405127	3149	-2789
1371.455132	3149	-2789
1371.505137	3149	-2789
1371.555142	3157	-2789
1371.605147	3189	-2789
1371.655152	3193	-2789
1371.705157	3217	-2789
1371.755162	3245	-2801
1371.805167	3245	-2841
1371.855172	3249	-2857
1371.905177	3249	-2901
1371.955182	3249	-2929
1372.005187	3249	-2929
1372.055192	3249	-2929
1372.105197	3249	-2929
1372.155202	3249	-2929
1372.205207	3249	-2929
1372.255212	3249	-2929
1372.305217	3249	-2929
1372.355222	3249	-2929
1372.405227	3249	-2929
1372.455232	3249	-2929
1372.505237	3249	-2929
1372.555242	3249	-2929
1372.605247	3249	-2929
1372.655252	3249	-2929
1372.705257	3249	-2929
1372.755262	3249	-2929
1372.805267	3249	-2929
1372.855272	3249	-2929
1372.905277	3249	-2929
1372.955282	3249	-2929
1373.005287	3249	-2929
1373.055292	3249	-2929
1373.105297	3249	-2929
1373.155302	3249	-2929
1373.205307	3249	-2929
1373.255312	3249	-2929
1373.305317	3249	-2929
1373.355322	3249	-2929
1373.405327	3249	-2929
1373.455332	3249	-2929
1373.505337	3249	-2929
1373.555342	3249	-2929
1373.605347	3249	-2929
1373.655352	3249	-2929
1373.705357	3249	-2929
1373.755362	3249	-2929
1373.805367	3249	-2929
1373.855372	3249	-2929
1373.905377	3249	-2929
1373.955382	3249	-2929
1374.005387	3249	-2929
1374.055392	3249	-2929
1374.105397	3249	-2929
1374.155402	3249	-2929
1374.205407	3249	-2929
1374.255412	3249	-2929
1374.305417	3249	-2929
1374.355422	3249	-2929
1374.405427	3249	-2929
1374.455432	3249	-2929
1374.505437	3249	-2929
1374.555442	3249	-2929
1374.605447	3249	-2929
1374.655452	3249	-2929
1374.705457	3249	-2929
1374.755462	3249	-2929
1374.805467	3249	-2929
1374.855472	3249	-2929
1374.905477	3249	-2929
1374.955482	3249	-2941
1375.005487	3249	-2941
1375.055492	3249	-2949
1375.105497	3249	-2949
1375.155502	3249	-2949
1375.205507	3249	-2949
1375.255512	3249	-2949
1375.305517	3249	-2949
1375.355522	3249	-2949
1375.405527	3249	-2949
1375.455532	3249	-2949
1375.504537	3249	-2949
1375.554542	3249	-2949
1375.604547	3249	-2949
1375.654552	3249	-2949
1375.718558	3249	-2949
1375.754562	3249	-2949
1375.804567	3249	-2949
1375.854572	3249	-2949
1375.904577	3249	-2949
1375.954582	3249	-2949
1376.004587	3249	-2949
1376.054592	3249	-2949
1376.104597	3249	-2949
1376.154602	3249	-2949
1376.204607	3249	-2949
1376.254611	3249	-2949
1376.304617	3249	-2949
1376.354622	3249	-2949
1376.404627	3249	-2949
1376.454632	3249	-2949
1376.504637	3249	-2949
1376.554642	3249	-2949
1376.604647	3249	-2949
1376.654652	3249	-2949
1376.704657	3249	-2949
1376.754662	3249	-2949
1376.804667	3249	-2949
1376.854671	3249	-2949
1376.904677	3249	-2949
1376.954682	3249	-2949
1377.004687	3249	-2949
1377.054692	3249	-2949
1377.104697	3249	-2949
1377.154702	3249	-2949
1377.204707	3249	-2949
1377.254712	3249	-2949
1377.304717	3249	-2949
1377.354722	3249	-2949
1377.404727	3249	-2949
1377.454732	3249	-2949
1377.504737	3249	-2949
1377.554742	3249	-2949
1377.604747	3249	-2949
1377.654752	3249	-2949
1377.704757	3249	-2949
1377.754762	3249	-2949
1377.804767	3249	-2949
1377.854772	3249	-2949
1377.904777	3249	-2949
1377.954782	3249	-2949
1378.004786	3249	-2949
1378.054792	3249	-2949
1378.104797	3249	-2949
1378.154802	3249	-2949
1378.204807	3249	-2949
1378.254812	3249	-2949
1378.304817	3249	-2949
1378.354822	3249	-2949
1378.404827	3249	-2949
1378.454832	3249	-2949
1378.504837	3249	-2949
1378.554842	3249	-2949
1378.604846	3249	-2949
1378.654852	3249	-2949
1378.704857	3249	-2949
1378.754862	3249	-2949
1378.804867	3249	-2949
1378.854872	3249	-2949
1378.904877	3249	-2949
1378.954882	3249	-2949
1379.004887	3249	-2949
1379.054892	3249	-2949
1379.104897	3249	-2949
1379.154902	3249	-2949
1379.204907	3249	-2949
1379.254912	3249	-2949
1379.304917	3249	-2949
1379.354922	3249	-2949
1379.404927	3249	-2949
1379.454932	3249	-2949
1379.504937	3249	-2949
1379.554942	3249	-2949
1379.604947	3249	-2949
1379.654952	3249	-2949
1379.704957	3249	-2949
1379.754961	3249	-2949
1379.804967	3249	-2949
1379.854972	3249	-2949
1379.904977	3249	-2949
1379.954982	3249	-2949
1380.004987	3249	-2949
1380.054992	3249	-2949
1380.104997	3249	-2949
1380.155002	3249	-2949
1380.205007	3249	-2949
1380.255012	3245	-2949
1380.305017	3245	-2949
1380.355022	3245	-2949
1380.405027	3245	-2949
1380.455032	3245	-2949
1380.505037	3245	-2949
1380.555042	3217	-2949
1380.605047	3217	-2949
1380.655052	3177	-2949
1380.705057	3177	-2949
1380.755062	3165	-2949
1380.805067	3141	-2949
1380.855072	3097	-2949
1380.905077	3073	-2945
1380.955082	3057	-2925
1381.005087	3057	-2921
1381.055092	3045	-2873
1381.105097	3045	-2849
1381.155102	2989	-2829
1381.205107	2989	-2797
1381.255112	2973	-2789
1381.305117	2953	-2781
1381.355122	2949	-2737
1381.405127	2937	-2721
1381.455132	2905	-2681
1381.505136	2901	-2681
1381.555142	2893	-2673
1381.605147	2849	-2645
1381.655152	2845	-2621
1381.705157	2837	-2605
1381.755162	2809	-2605
1381.805167	2785	-2605
1381.855172	2785	-2573
1381.905177	2785	-2545
1381.955182	2769	-2537
1382.005187	2753	-2525
1382.055192	2741	-2489
1382.105197	2729	-2489
1382.155202	2721	-2489
1382.205207	2701	-2489
1382.255212	2689	-2489
1382.305217	2665	-2489
1382.355222	2665	-2489
1382.405227	2665	-2489
1382.455232	2649	-2469
1382.505237	2649	-2469
1382.555242	2649	-2465
1382.605247	2633	-2465
1382.655252	2633	-2421
1382.705257	2633	-2405
1382.755262	2597	-2405
1382.805267	2581	-2393
1382.855272	2581	-2353
1382.905277	2569	-2349
1382.955282	2553	-2333
1383.005287	2545	-2329
1383.055292	2525	-2329
1383.105297	2505	-2277
1383.155302	2505	-2277
1383.205307	2497	-2277
1383.255311	2481	-2277
1383.305317	2481	-2261
1383.355322	2481	-2225
1383.405327	2481	-2161
1383.455332	2457	-2161
1383.505337	2457	-2157
1383.555342	2453	-2157
1383.605347	2433	-2157
1383.655352	2429	-2157
1383.705357	2429	-2157
1383.755362	2429	-2157
1383.805367	2429	-2157
1383.855372	2429	-2157
1383.905377	2429	-2117
1383.955382	2429	-2117
1384.005387	2429	-2077
1384.055392	2425	-2061
1384.105397	2409	-2061
1384.155402	2401	-2061
1384.205407	2401	-2041
1384.255412	2381	-2041
1384.305417	2381	-2041
1384.355422	2381	-2041
1384.405427	2381	-2041
1384.455432	2381	-2041
1384.505437	2373	-2041
1384.555442	2373	-2041
1384.605447	2349	-2041
1384.655452	2349	-2041
1384.705457	2349	-2041
1384.755462	2349	-2041
1384.805467	2349	-2041
1384.855472	2349	-2041
1384.905477	2349	-2041
1384.955482	2349	-2041
1385.005486	2349	-2041
1385.055492	2349	-2041
1385.105497	2349	-2041
1385.155502	2349	-2041
1385.205507	2349	-2041
1385.255512	2349	-2041
1385.305517	2349	-2041
1385.355522	2349	-2041
1385.405527	2349	-2041
1385.455532	2349	-2041
1385.505537	2349	-2041
1385.555542	2345	-2041
1385.605547	2345	-2041
1385.655552	2317	-2041
1385.705557	2317	-2041
1385.755562	2317	-2041
1385.805567	2317	-2041
1385.855572	2317	-2041
1385.905577	2317	-2041
1385.955582	2313	-2041
1386.005587	2313	-2041
1386.055592	2313	-2041
1386.105597	2313	-2041
1386.155602	2313	-2041
1386.205607	2313	-2041
1386.255612	2313	-2041
1386.305617	2313	-2041
1386.355622	2313	-2041
1386.405627	2313	-2041
1386.455632	2309	-2041
1386.505637	2309	-2041
1386.555642	2297	-2041
1386.605647	2297	-2041
1386.655652	2297	-2041
1386.705657	2285	-2041
1386.755661	2285	-2041
1386.805667	2273	-2041
1386.855672	2273	-2041
1386.905677	2273	-2041
1386.955682	2273	-2041
1387.005687	2273	-2041
1387.055692	2273	-2041
1387.105697	2273	-2041
1387.155702	2273	-2041
1387.205707	2253	-2041
1387.255712	2253	-2041
1387.305717	2253	-2041
1387.355722	2253	-2041
1387.405727	2253	-2041
1387.455732	2253	-2041
1387.505737	2253	-2041
1387.555742	2237	-2041
1387.605747	2237	-2041
1387.655752	2237	-2041
1387.705757	2237	-2041
1387.755762	2237	-2041
1387.805767	2237	-2041
1387.855772	2237	-2041
1387.905777	2237	-2041
1387.955782	2233	-2041
1388.005787	2233	-2041
1388.055792	2233	-2041
1388.105797	2229	-2041
1388.155802	2229	-2041
1388.205807	2221	-2041
1388.255812	2213	-2041
1388.305817	2213	-2041
1388.355822	2213	-2041
1388.405827	2209	-2041
1388.455832	2209	-2041
1388.505836	2173	-2041
1388.555842	2173	-2041
1388.605847	2173	-2041
1388.655852	2165	-2041
1388.705857	2165	-2041
1388.755862	2165	-2041
1388.805867	2165	-2041
1388.855872	2165	-2041
1388.905877	2165	-2041
1388.955882	2165	-2041
1389.005887	2165	-2041
1389.055892	2165	-2041
1389.105897	2165	-2041
1389.155902	2165	-2041
1389.205907	2165	-2041
1389.255912	2165	-2041
1389.305917	2165	-2041
1389.355922	2165	-2041
1389.405927	2165	-2041
1389.455932	2165	-2041
1389.505937	2165	-2041
1389.555942	2165	-2041
1389.605947	2165	-2041
1389.655951	2165	-2041
1389.705957	2165	-2041
1389.755962	2165	-2041
1389.805967	2165	-2041
1389.855972	2165	-2041
1389.905977	2165	-2041
1389.955982	2165	-2041
1390.005987	2165	-2041
1390.055992	2165	-2041
1390.105997	2161	-2041
1390.156002	2161	-2041
1390.206007	2125	-2041
1390.256011	2121	-2025
1390.306017	2109	-2013
1390.356022	2021	-2013
1390.406027	1937	-2013
1390.456032	1933	-2013
1390.506037	1913	-2013
1390.556042	1913	-1993
1390.606047	1913	-1993
1390.656052	1913	-1993
1390.706057	1913	-1993
1390.756062	1913	-1985
1390.806067	1913	-1965
1390.856072	1913	-1965
1390.906077	1913	-1961
1390.956082	1913	-1937
1391.006087	1913	-1913
1391.056092	1913	-1893
1391.106097	1913	-1841
1391.156102	1913	-1741
1391.206107	1913	-1657
1391.256112	1877	-1613
1391.306117	1861	-1589
1391.356122	1849	-1541
1391.406126	1849	-1509
1391.456132	1833	-1509
1391.506137	1833	-1509
1391.556142	1829	-1509
1391.606147	1829	-1509
1391.656152	1829	-1485
1391.706157	1829	-1465
1391.756162	1829	-1449
1391.806167	1829	-1377
1391.856172	1825	-1377
1391.906177	1797	-1377
1391.956182	1797	-1377
1392.006186	1797	-1377
1392.056192	1789	-1377
1392.106197	1789	-1377
1392.156202	1781	-1377
1392.206207	1781	-1377
1392.256212	1781	-1377
1392.306217	1745	-1373
1392.356222	1717	-1301
1392.406227	1709	-1285
1392.456232	1701	-1285
1392.506237	1701	-1285
1392.556242	1681	-1245
1392.606247	1681	-1245
1392.656252	1677	-1237
1392.706257	1629	-773
1392.756262	1621	-673
1392.806267	1557	-673
1392.856272	1497	-657
1392.906277	1489	-621
1392.956282	1429	-593
1393.005287	1357	-557
1393.055292	1333	-505
1393.105297	1333	-505
1393.155302	1333	-505
1393.205307	1333	-505
1393.255311	1325	-505
1393.305316	1325	-505
1393.355321	1317	-505
1393.405327	1317	-505
1393.455332	1317	-505
1393.505337	1317	-505
1393.555342	1317	-505
1393.605347	1317	-469
1393.655352	1317	-469
1393.705357	1317	-469
1393.755362	1305	-469
1393.805367	1305	-469
1393.855371	1305	-469
1393.905376	1305	-469
1393.955381	1305	-469
1394.005387	1305	-469
1394.055392	1305	-469
1394.105397	1305	-469
1394.155402	1305	-469
1394.205407	1305	-469
1394.255412	1305	-469
1394.305417	1305	-469
1394.355422	1305	-469
1394.405427	1305	-469
1394.455431	1305	-469
1394.505436	1305	-469
1394.555441	1305	-469
1394.605447	1305	-469
1394.655452	1305	-469
1394.705457	1305	-469
1394.755462	1305	-469
1394.805467	1305	-469
1394.855472	1305	-469
1394.905477	1305	-469
1394.955482	1305	-469
1395.005486	1305	-469
1395.055491	1305	-469
1395.105496	1305	-469
1395.155502	1305	-469
1395.205507	1305	-469
1395.255512	1305	-469
1395.305517	1305	-477
1395.355522	1305	-577
1395.405527	1305	-593
1395.455532	1305	-685
1395.505537	1305	-693
1395.555542	1305	-745
1395.605546	1305	-789
1395.655551	1305	-789
1395.705556	1305	-853
1395.755562	1305	-869
1395.805567	1305	-953
1395.855572	1305	-953
1395.905577	1305	-953
1395.955582	1305	-977
1396.005587	1305	-977
1396.055592	1305	-977
1396.105597	1305	-977
1396.155602	1305	-977
1396.205606	1305	-977
1396.255611	1305	-977
1396.305616	1305	-977
1396.355622	1305	-977
1396.405627	1305	-977
1396.455632	1305	-977
1396.505637	1305	-977
1396.555642	1305	-977
1396.605647	1305	-977
1396.655652	1333	-977
1396.705657	1385	-977
1396.755661	1429	-977
1396.805666	1429	-977
1396.855671	1497	-977
1396.905677	1541	-977
1396.955682	1541	-977
1397.005687	1577	-977
1397.055692	1593	-977
1397.105697	1653	-977
1397.155702	1693	-1341
1397.205707	1701	-1341
1397.255712	1709	-1341
1397.305717	1709	-1341
1397.355721	1733	-1349
1397.405726	1753	-1349
1397.455731	1757	-1377
1397.505737	1757	-1377
1397.555742	1769	-1377
1397.605747	1777	-1377
1397.655752	1785	-1377
1397.705757	1785	-1377
1397.755762	1793	-1377
1397.805767	1825	-1377
1397.855772	1829	-1377
1397.905777	1837	-1377
1397.955781	1873	-1377
1398.005786	1885	-1377
1398.055791	1905	-1377
1398.105797	1905	-1377
1398.155802	1929	-1377
1398.205807	1929	-1377
1398.255812	1945	-1377
1398.305817	1945	-1377
1398.355822	1945	-1377
1398.405827	1945	-1377
1398.455832	1945	-1377
1398.505836	1945	-1377
1398.555841	1945	-1377
1398.605846	1945	-1377
1398.655852	1945	-1377
1398.705857	1945	-1377
1398.755862	1945	-1377
1398.805867	1945	-1377
1398.855872	1945	-1377
1398.905877	1945	-1377
1398.955882	1945	-1377
1399.005887	1945	-1377
1399.055892	1945	-1377
1399.105896	1945	-1377
1399.155901	1945	-1377
1399.205906	1945	-1377
1399.255912	1945	-1377
1399.305917	1945	-1373
1399.355922	1945	-1321
1399.405927	1945	-1281
1399.455932	1945	-1225
1399.505937	1945	-1185
1399.555942	1945	-1085
1399.605947	1945	-1013
1399.655951	1945	-1005
1399.705956	1945	-1001
1399.755961	1945	-997
1399.805966	1945	-977
1399.855972	1945	-977
1399.905977	1945	-977
1399.972983	1945	-977
1400.005987	1945	-977
1400.055992	1945	-961
1400.105997	1945	-961
1400.156002	1945	-961
1400.206007	1945	-961
1400.256011	1945	-961
1400.306016	1945	-961
1400.356021	1945	-961
1400.406027	1945	-961
1400.456032	1945	-961
1400.506037	1945	-961
1400.556042	1945	-961
1400.606047	1945	-961
1400.656052	1945	-961
1400.706057	1945	-961
1400.756062	1945	-961
1400.806067	1945	-961
1400.856071	1945	-961
1400.906076	1945	-961
1400.956081	1945	-961
1401.006087	1945	-961
1401.056092	1945	-961
1401.106097	1945	-961
1401.156102	1945	-961
1401.206107	1945	-961
1401.256112	1945	-961
1401.306117	1945	-961
1401.356122	1945	-961
1401.406126	1945	-961
1401.456131	1945	-961
1401.506136	1945	-941
1401.556142	1945	-941
1401.606147	1945	-941
1401.656152	1945	-941
1401.706157	1945	-941
1401.756162	1945	-941
1401.806167	1945	-941
1401.856172	1945	-937
1401.906177	1945	-937
1401.956182	1945	-925
1402.006186	1945	-897
1402.056191	1945	-897
1402.106196	1945	-897
1402.156202	1945	-889
1402.206207	1945	-889
1402.256212	1945	-881
1402.306217	1945	-881
1402.356222	1945	-845
1402.406227	1945	-845
1402.456232	1945	-829
1402.506237	1945	-829
1402.556242	1945	-825
1402.606246	1945	-809
1402.656251	1945	-809
1402.706256	1945	-805
1402.756262	1945	-777
1402.806267	1945	-777
1402.856272	1945	-777
1402.906277	1945	-777
1402.956282	1945	-737
1403.006287	1945	-737
1403.056292	1945	-737
1403.106297	1945	-737
1403.156301	1945	-737
1403.206306	1945	-717
1403.256311	1945	-717
1403.306317	1945	-717
1403.356322	1945	-717
1403.406327	1945	-717
1403.456332	1945	-717
1403.506337	1945	-717
1403.556342	1945	-717
1403.606347	1945	-717
1403.656352	1945	-717
1403.706357	1945	-717
1403.756361	1945	-717
1403.806366	1945	-717
1403.856371	1945	-717
1403.906377	1945	-717
1403.956382	1945	-717
1404.006387	1945	-717
1404.056392	1945	-717
1404.106397	1945	-717
1404.156402	1945	-717
1404.206407	1945	-717
1404.256412	1945	-717
1404.306417	1945	-717
1404.356421	1945	-717
1404.406426	1945	-717
1404.456431	1945	-717
1404.506437	1945	-717
1404.556442	1945	-717
1404.606447	1945	-717
1404.656452	1945	-717
1404.706457	1945	-717
1404.756462	1945	-717
1404.806467	1945	-717
1404.856472	1945	-717
1404.906476	1945	-717
1404.956481	1945	-709
1405.006486	1945	-697
1405.056492	1945	-697
1405.106497	1945	-689
1405.156502	1945	-673
1405.206507	1945	-669
1405.256512	1945	-657
1405.306517	1945	-657
1405.356522	1945	-625
1405.406527	1945	-597
1405.456532	1945	-597
1405.506536	1945	-585
1405.556541	1945	-577
1405.606546	1945	-577
1405.656552	1945	-557
1405.706557	1945	-557
1405.756562	1945	-557
1405.806567	1945	-533
1405.856572	1945	-533
1405.906577	1945	-533
1405.956582	1945	-533
1406.006587	1945	-517
1406.056592	1945	-517
1406.106596	1945	-517
1406.156601	1945	-509
1406.206606	1945	-505
1406.256612	1945	-505
1406.306617	1945	-505
1406.356622	1937	-505
1406.406627	1937	-505
1406.456632	1913	-505
1406.506637	1913	-505
1406.556642	1889	-505
1406.606647	1861	-505
1406.656651	1857	-505
1406.706656	1853	-505
1406.756661	1849	-505
1406.806667	1849	-505
1406.856672	1849	-505
1406.906677	1849	-505
1406.956682	1849	-505
1407.006687	1849	-505
1407.056692	1849	-505
1407.106697	1849	-505
1407.156702	1849	-505
1407.206707	1849	-505
1407.256711	1849	-505
1407.306716	1849	-505
1407.356721	1849	-505
1407.406727	1849	-505
1407.456732	1849	-505
1407.506737	1849	-505
1407.556742	1849	-505
1407.606747	1849	-505
1407.656752	1849	-505
1407.706757	1849	-505
1407.756762	1849	-505
1407.806767	1849	-505
1407.856771	1849	-505
1407.906776	1849	-505
1407.956781	1849	-505
1408.006787	1849	-505
1408.056792	1849	-501
1408.106797	1849	-501
1408.156802	1849	-497
1408.206807	1849	-497
1408.256812	1849	-473
1408.306817	1849	-473
1408.356822	1849	-473
1408.406826	1849	-473
1408.456831	1849	-473
1408.506836	1849	-473
1408.556842	1849	-473
1408.606847	1849	-473
1408.656852	1849	-473
1408.706857	1849	-473
1408.756862	1849	-473
1408.806867	1849	-473
1408.856872	1849	-473
1408.906877	1849	-473
1408.956882	1849	-473
1409.006886	1849	-473
1409.056891	1849	-473
1409.106896	1849	-473
1409.156902	1849	-473
1409.206907	1849	-473
1409.256912	1849	-473
1409.306917	1849	-473
1409.356922	1849	-473
1409.406927	1849	-473
1409.456932	1849	-473
1409.506937	1849	-473
1409.556942	1849	-473
1409.606946	1849	-473
1409.656951	1849	-473
1409.706956	1849	-473
1409.756962	1849	-473
1409.806967	1849	-473
1409.856972	1849	-473
1409.906977	1849	-473
1409.956982	1849	-473
1410.006987	1849	-473
1410.056992	1849	-473
1410.106997	1849	-469
1410.157001	1849	-469
1410.207006	1849	-469
1410.257011	1849	-469
1410.307017	1849	-469
1410.357022	1849	-469
1410.407027	1849	-469
1410.457032	1833	-469
1410.506036	1833	-469
1410.556042	1833	-469
1410.606047	1821	-469
1410.656052	1821	-469
1410.706057	1821	-469
1410.756062	1809	-469
1410.806067	1809	-469
1410.856071	1805	-469
1410.906076	1769	-469
1410.956081	1741	-469
1411.006086	1741	-469
1411.056091	1741	-469
1411.106097	1737	-469
1411.156102	1725	-469
1411.206107	1725	-469
1411.256112	1721	-469
1411.306117	1717	-457
1411.356122	1717	-457
1411.406126	1697	-441
1411.456131	1697	-441
1411.506136	1693	-357
1411.556141	1637	0
1411.606146	1541	0
1411.656151	1481	0
1411.706157	1437	0
1411.756162	1401	0
1411.806167	1401	0
1411.856172	1401	0
1411.906177	1385	0
1411.956182	1385	0
1412.006186	1333	0
1412.056191	1317	0
1412.106196	1317	0
1412.156201	1289	0
1412.206206	1273	0
1412.256211	1237	0
1412.306217	1237	0
1412.356222	1237	0
1412.406227	1237	0
1412.456232	1237	0
1412.506237	1237	0
1412.556242	1237	0
1412.606246	1237	0
1412.656251	1237	0
1412.706256	1237	0
1412.756261	1237	0
1412.806266	1237	0
1412.856272	1237	0
1412.906277	1237	0
1412.956282	1237	0
1413.006287	1237	0
1413.056292	1237	0
1413.106297	1237	0
1413.156301	1237	0
1413.206306	1237	0
1413.256311	1237	0
1413.306316	1237	0
1413.356321	1237	0
1413.406326	1237	0
1413.456332	1201	0
1413.506337	1201	0
1413.556342	1201	0
1413.606347	1201	0
1413.656352	1193	0
1413.706357	1193	0
1413.756361	1193	0
1413.806366	1193	0
1413.856371	1185	0
1413.906376	1185	0
1413.956381	1185	0
1414.006386	1185	0
1414.056392	1185	0
1414.106397	1185	0
1414.156402	1185	0
1414.206407	1185	0
1414.256412	1185	0
1414.306417	1185	0
1414.356421	1185	0
1414.406426	1185	0
1414.456431	1185	0
1414.506436	1185	0
1414.556441	1185	0
1414.606447	1185	0
1414.656452	1185	0
1414.706457	1185	0
1414.756462	1185	0
1414.806467	1185	0
1414.856472	1185	0
1414.906476	1185	0
1414.956481	1185	0
1415.006486	1185	0
1415.056491	1185	0
1415.106496	1185	0
1415.156501	1185	0
1415.206507	1185	0
1415.256512	1185	0
1415.306517	1185	0
1415.356522	1185	0
1415.406527	1185	0
1415.456532	1185	0
1415.506536	1185	0
1415.556541	1161	0
1415.606546	1161	0
1415.656551	1161	0
1415.706556	1161	0
1415.756561	1161	0
1415.806567	1097	0
1415.856572	1097	0
1415.906577	1097	0
1415.956582	1097	0
1416.006587	1097	0
1416.056592	1097	0
1416.106596	1097	0
1416.156601	1081	0
1416.206606	1081	0
1416.256611	1081	0
1416.306616	1081	0
1416.356622	1081	0
1416.406627	1081	0
1416.456632	1081	0
1416.506637	1081	0
1416.556642	1081	0
1416.606647	1081	0
1416.656651	1081	0
1416.706656	1081	0
1416.756661	1081	0
1416.806666	1081	0
1416.856671	1081	0
1416.906676	1081	0
1416.956682	1081	0
1417.006687	1081	0
1417.056692	1081	0
1417.106697	1081	0
1417.156702	1065	0
1417.206707	1065	0
1417.256711	1065	0
1417.306716	1065	0
1417.356721	1045	0
1417.406726	1045	0
1417.456731	1045	0
1417.506736	1029	0
1417.556742	1021	0
1417.606747	1021	0
1417.656752	969	0
1417.706757	969	0
1417.756762	969	0
1417.806767	961	0
1417.856771	949	0
1417.906776	917	0
1417.956781	897	0
1418.006786	889	0
1418.056791	881	0
1418.106797	873	0
1418.156802	865	0
1418.206807	845	0
1418.256812	793	0
1418.306817	793	0
1418.356822	793	0
1418.406826	761	0
1418.456831	725	0
1418.506836	717	0
1418.556841	681	0
1418.606846	681	0
1418.656851	637	0
1418.706857	637	0
1418.756862	621	0
1418.806867	613	0
1418.856872	585	0
1418.906877	541	0
1418.956882	525	0
1419.006886	525	0
1419.056891	509	0
1419.106896	457	0
1419.156901	437	0
1419.206906	413	0
1419.256911	413	0
1419.306917	413	0
1419.356922	393	0
1419.406927	393	0
1419.456932	393	0
1419.506937	393	0
1419.556942	393	0
1419.606946	393	0
1419.656951	393	0
1419.706956	393	0
1419.756961	393	0
1419.806966	393	0
1419.856972	393	0
1419.906977	393	0
1419.956982	393	0
1420.006987	393	0
1420.056992	393	0
1420.106997	361	0
1420.157001	361	0
1420.207006	361	0
1420.257011	361	0
1420.307016	361	0
1420.357021	361	0
1420.407026	361	0
1420.457032	361	0
1420.507037	361	0
1420.557042	361	0
1420.607047	361	0
1420.657052	361	0
1420.707057	361	0
1420.757061	361	0
1420.807066	353	0
1420.857071	309	0
1420.907076	273	0
1420.957081	161	0
1421.007086	161	0
1421.057092	161	0
1421.107097	117	0
1421.157102	101	0
1421.207107	101	0
1421.257112	101	0
1421.307117	101	0
1421.357121	101	0
1421.407126	101	0
1421.457131	101	0
1421.507136	101	0
1421.557141	101	0
1421.607147	101	0
1421.657152	101	0
1421.707157	101	0
1421.757162	101	0
1421.807167	65	0
1421.857172	13	0
1421.907176	13	0
1421.957181	13	0
1422.007186	0	0
1422.057191	0	0
1422.107196	0	0
1422.157201	0	0
1422.207207	0	0
1422.257212	0	0
1422.307217	0	0
1422.357222	0	0
1422.407227	0	0
1422.457232	0	0
1422.507236	0	0
1422.557241	0	0
1422.607246	0	0
1422.657251	0	0
1422.707256	0	0
1422.757262	0	0
1422.807267	0	0
1422.857272	0	0
1422.907277	0	0
1422.957282	0	0
1423.007287	0	0
1423.057292	0	0
1423.107296	0	0
1423.157301	0	0
1423.207306	0	0
1423.257311	0	0
1423.307316	0	0
1423.357322	0	0
1423.407327	0	0
1423.457332	0	0
1423.507337	0	0
1423.557342	0	0
1423.607347	0	0
1423.657351	0	0
1423.707356	0	0
1423.757361	0	0
1423.807366	0	0
1423.857371	0	0
1423.907376	0	0
1423.957382	0	0
1424.007387	0	0
1424.057392	0	0
1424.107397	0	0
1424.157402	0	0
1424.207407	0	0
1424.257411	0	0
1424.307416	0	0
1424.357421	0	0
1424.407426	0	0
1424.457431	0	0
1424.507437	0	0
1424.557442	0	0
1424.607447	0	0
1424.657452	0	0
1424.707457	0	0
1424.757462	0	0
1424.807467	0	0
1424.857471	0	0
1424.907476	0	0
1424.957481	0	0
1425.007486	0	0
1425.057491	0	0
1425.107497	0	0
1425.157502	0	0
1425.207507	0	0
1425.257512	0	0
1425.307517	0	0
1425.357522	0	0
1425.407526	0	0
1425.457531	0	0
1425.507536	0	0
1425.557541	0	0
1425.607546	0	0
1425.657551	0	0
1425.707557	0	0
1425.757562	0	0
1425.807567	0	0
1425.857572	0	0
1425.907577	0	0
1425.957582	0	0
1426.007586	0	0
1426.057591	0	0
1426.107596	0	0
1426.157601	0	0
1426.207606	0	0
1426.257612	0	0
1426.307617	0	0
1426.357622	0	0
1426.407627	0	0
1426.457632	0	0
1426.507637	0	0
1426.557642	0	0
1426.607646	0	0
1426.657651	0	0
1426.707656	0	0
1426.757661	0	0
1426.807666	0	0
1426.857672	0	0
1426.907677	0	0
1426.957682	0	0
1427.007687	0	0
1427.057692	0	0
1427.107697	0	0
1427.157701	0	0
1427.207706	0	0
1427.257711	0	0
1427.307716	0	0
1427.357721	0	0
1427.407726	0	0
1427.457732	0	0
1427.507737	0	0
1427.557742	0	0
1427.607747	0	0
1427.657752	0	0
1427.707757	0	0
1427.757761	0	0
1427.807766	0	0
1427.857771	0	0
1427.907776	0	0
1427.956781	0	0
1428.006786	0	0
1428.056791	0	0
1428.106796	0	0
1428.156801	0	0
1428.206806	0	0
1428.256812	0	0
1428.306817	0	0
1428.356822	0	0
1428.406826	0	0
1428.456831	0	0
1428.506836	0	0
1428.556841	0	0
1428.606846	0	0
1428.656851	0	0
1428.706856	0	0
1428.756861	0	0
1428.806867	0	0
1428.856872	0	0
1428.906877	0	0
1428.956882	0	0
1429.006886	0	0
1429.056891	0	0
1429.106896	0	0
1429.156901	0	0
1429.206906	0	0
1429.256911	0	0
1429.306916	0	0
1429.356921	0	0
1429.406927	0	0
1429.456932	0	0
1429.506937	0	0
1429.556942	0	0
1429.606946	0	0
1429.656951	0	0
1429.706956	0	0
1429.756961	0	0
1429.806966	0	0
1429.856971	0	0
1429.906976	0	0
1429.956981	0	0
1430.006987	0	0
1430.056992	0	0
1430.106997	0	0
1430.157001	0	0
1430.207006	0	0
1430.257011	0	0
1430.307016	0	0
1430.357021	0	0
1430.407026	0	0
1430.457031	0	0
1430.507036	0	0
1430.557042	0	0
1430.607047	0	0
1430.657052	0	0
1430.707057	0	0
1430.757061	0	0
1430.807066	0	0
1430.857071	0	0
1430.907076	0	0
1430.957081	0	0
1431.007086	0	0
1431.057091	0	0
1431.107096	0	0
1431.157102	0	0
1431.207107	0	0
1431.257112	0	0
1431.307117	0	0
1431.357121	0	0
1431.407126	0	0
1431.457131	0	0
1431.507136	0	0
1431.557141	0	0
1431.607146	0	0
1431.657151	0	0
1431.707156	0	0
1431.757162	0	0
1431.807167	0	0
1431.857172	0	0
1431.907176	0	0
1431.957181	0	0
1432.007186	0	0
1432.057191	0	0
1432.107196	0	0
1432.157201	0	0
1432.207206	0	0
1432.257211	0	0
1432.307217	0	0
1432.357222	0	0
1432.407227	0	0
1432.457232	0	0
1432.507236	0	0
1432.557241	0	0
1432.607246	0	0
1432.657251	0	0
1432.707256	0	0
1432.757261	0	0
1432.807266	0	0
1432.857271	0	0
1432.907277	0	0
1432.957282	0	0
1433.007287	0	0
1433.057292	0	0
1433.107296	0	0
1433.157301	0	0
1433.207306	0	0
1433.257311	0	0
1433.307316	0	0
1433.357321	0	0
1433.407326	0	0
1433.457331	0	0
1433.507337	0	0
1433.557342	0	0
1433.607347	0	0
1433.657351	0	0
1433.707356	0	0
1433.757361	0	0
1433.807366	0	0
1433.857371	0	0
1433.907376	0	0
1433.957381	0	0
1434.007386	0	0
1434.057392	0	0
1434.107397	0	0
1434.157402	0	0
1434.207407	0	0
1434.257411	0	0
1434.307416	0	0
1434.357421	0	0
1434.407426	0	0
1434.457431	0	0
1434.507436	0	0
1434.557441	0	0
1434.607446	0	0
1434.657452	0	0
1434.707457	0	0
1434.757462	0	0
1434.807467	0	0
1434.857471	0	0
1434.907476	0	0
1434.957481	0	0
1435.007486	0	0
1435.057491	0	0
1435.107496	0	0
1435.157501	0	0
1435.207506	0	0
1435.257512	0	0
1435.307517	0	0
1435.357522	0	0
1435.407526	0	0
1435.457531	0	0
1435.507536	0	0
1435.557541	0	0
1435.607546	0	0
1435.657551	0	0
1435.707556	0	0
1435.757561	0	0
1435.807567	0	0
1435.857572	0	0
1435.907577	0	0
1435.957582	0	0
1436.007586	0	0
1436.057591	0	0
1436.107596	0	0
1436.157601	0	0
1436.207606	0	0
1436.257611	0	0
1436.307616	0	0
1436.357621	0	0
1436.407627	0	0
1436.457632	0	0
1436.507637	0	0
1436.557642	0	0
1436.607646	0	0
1436.657651	0	0
1436.707656	0	0
1436.757661	0	0
1436.807666	0	0
1436.857671	0	0
1436.907676	0	0
1436.957681	0	0
1437.007687	0	0
1437.057692	0	0
1437.107697	0	0
1437.157701	0	0
1437.207706	0	0
1437.257711	0	0
1437.307716	0	0
1437.357721	0	0
1437.407726	0	0
1437.457731	0	0
1437.507736	0	0
1437.557742	0	0
1437.607747	0	0
1437.657752	0	0
1437.707757	0	0
1437.757761	0	0
1437.807766	0	0
1437.857771	0	0
1437.907776	0	0
1437.957781	0	0
1438.007786	0	0
1438.057791	0	0
1438.107796	0	0
1438.157802	0	0
1438.207807	0	0
1438.257812	0	0
1438.307817	0	0
1438.357821	0	0
1438.407826	0	0
1438.457831	0	0
1438.507836	0	0
1438.557841	0	0
1438.607846	0	0
1438.657851	0	0
1438.707856	0	0
1438.757862	0	0
1438.807867	0	0
1438.857872	0	0
1438.907876	0	0
1438.957881	0	0
1439.007886	0	0
1439.057891	0	0
1439.107896	0	0
1439.157901	0	0
1439.207906	0	0
1439.257911	0	0
1439.307917	0	0
1439.357922	0	0
1439.407927	0	0
1439.457932	0	0
1439.507936	0	0
1439.557941	0	0
1439.607946	0	0
1439.657951	0	0
1439.707956	0	0
1439.757961	0	0
1439.807966	0	0
1439.857971	0	0
1439.907977	0	0
1439.957982	0	0
1440.007987	0	0
1440.057992	0	0
1440.107996	0	0
1440.158001	0	0
1440.208006	0	0
1440.258011	0	0
1440.308016	0	0
1440.358021	0	0
1440.408026	0	0
1440.458031	0	0
1440.508037	0	0
1440.558042	0	0
1440.608047	0	0
1440.658051	0	0
1440.708056	0	0
1440.758061	0	0
1440.808066	0	0
1440.858071	0	0
1440.908076	0	0
1440.958081	0	0
1441.008086	0	0
1441.058092	0	0
1441.108097	0	0
1441.158102	0	0
1441.208107	0	0
1441.258111	0	0
1441.308116	0	0
1441.358121	0	0
1441.408126	0	0
1441.458131	0	0
1441.508136	0	0
1441.558141	0	0
1441.608146	0	0
1441.658152	0	0
1441.708157	0	0
1441.758162	0	0
1441.808167	0	0
1441.858171	0	0
1441.908176	0	0
1442.006186	0	0
1442.058191	0	0
1442.108196	0	0
1442.158201	0	0
1442.208207	0	0
1442.258212	0	0
1442.308217	0	0
1442.358222	0	0
1442.408226	0	0
1442.458231	0	0
1442.508236	0	0
1442.558241	0	0
1442.608246	0	0
1442.658251	0	0
1442.708256	0	0
1442.758261	0	0
1442.808267	0	0
1442.858272	0	0
1442.908277	0	0
1442.958282	0	0
1443.008286	0	0
1443.058291	0	0
1443.108296	0	0
1443.158301	0	0
1443.208306	0	0
1443.258311	0	0
1443.308316	0	0
1443.358321	0	0
1443.408327	0	0
1443.458332	0	0
1443.508337	0	0
1443.558342	0	0
1443.608346	0	0
1443.658351	0	0
1443.708356	0	0
1443.758361	0	0
1443.808366	0	0
1443.858371	0	0
1443.908376	0	0
1443.958382	0	0
1444.008387	0	0
1444.058392	0	0
1444.108397	0	0
1444.158401	0	0
1444.208406	0	0
1444.258411	0	0
1444.308416	0	0
1444.358421	0	0
1444.408426	0	0
1444.458431	0	0
1444.508436	0	0
1444.558442	0	0
1444.608447	0	0
1444.658452	0	0
1444.708457	0	0
1444.758461	0	0
1444.808466	0	0
1444.858471	0	0
1444.908476	0	0
1444.958481	0	0
1445.008486	0	0
1445.058491	0	0
1445.108496	0	0
1445.158502	0	0
1445.208507	0	0
1445.258512	0	0
1445.308517	0	0
1445.358521	0	0
1445.408526	0	0
1445.457531	0	0
1445.507536	0	0
1445.557541	0	0
1445.607546	0	0
1445.657551	0	0
1445.707556	0	0
1445.757561	0	0
1445.807566	0	0
1445.857571	0	0
1445.907576	0	0
1445.957582	0	0
1446.007586	0	0
1446.057591	0	0
1446.107596	0	0
1446.157601	0	0
1446.207606	0	0
1446.257611	0	0
1446.307616	0	0
1446.357621	0	0
1446.407626	0	0
1446.457631	0	0
1446.507637	0	0
1446.557642	0	0
1446.607646	0	0
1446.657651	0	0
1446.707656	0	0
1446.757661	0	0
1446.807666	0	0
1446.857671	0	0
1446.907676	0	0
1446.957681	0	0
1447.007686	0	0
1447.057691	0	0
1447.107697	0	0
1447.157701	0	0
1447.207706	0	0
1447.257711	0	0
1447.307716	0	0
1447.357721	0	0
1447.407726	0	0
1447.457731	0	0
1447.507736	0	0
1447.557741	0	0
1447.607746	0	0
1447.657751	0	0
1447.707757	0	0
1447.757761	0	0
1447.807766	0	0
1447.857771	0	0
1447.907776	0	0
1447.957781	0	0
1448.007786	0	0
1448.057791	0	0
1448.107796	0	0
1448.157801	0	0
1448.207806	0	0
1448.257812	0	0
1448.307817	0	0
1448.357821	0	0
1448.407826	0	0
1448.457831	0	0
1448.507836	0	0
1448.557841	0	0
1448.607846	0	0
1448.657851	0	0
1448.707856	0	0
1448.757861	0	0
1448.807866	0	0
1448.857872	0	0
1448.907876	0	0
1448.957881	0	0
1449.007886	0	0
1449.057891	0	0
1449.107896	0	0
1449.157901	0	0
1449.207906	0	0
1449.257911	0	0
1449.307916	0	0
1449.357921	0	0
1449.407926	0	0
1449.457932	0	0
1449.507936	0	0
1449.557941	0	0
1449.607946	0	0
1449.657951	0	0
1449.707956	0	0
1449.757961	0	0
1449.807966	0	0
1449.857971	0	0
1449.907976	0	0
1449.957981	0	0
1450.007987	0	0
1450.057992	0	0
1450.107996	0	0
1450.158001	0	0
1450.208006	0	0
1450.258011	0	0
1450.308016	0	0
1450.358021	0	0
1450.408026	0	0
1450.458031	0	0
1450.508036	0	0
1450.558041	0	0
1450.608047	0	0
1450.658051	0	0
1450.708056	0	0
1450.758061	0	0
1450.808066	0	0
1450.858071	0	0
1450.908076	0	0
1450.958081	0	0
1451.008086	0	0
1451.058091	0	0
1451.108096	0	0
1451.158101	0	0
1451.208107	0	0
1451.258111	0	0
1451.308116	0	0
1451.358121	0	0
1451.408126	0	0
1451.458131	0	0
1451.508136	0	0
1451.558141	0	0
1451.608146	0	0
1451.658151	0	0
1451.708156	0	0
1451.758162	0	0
1451.808167	0	0
1451.858171	0	0
1451.908176	0	0
1451.958181	0	0
1452.008186	0	0
1452.058191	0	0
1452.108196	0	0
1452.158201	0	0
1452.208206	0	0
1452.258211	0	0
1452.308216	0	0
1452.358222	0	0
1452.408226	0	0
1452.458231	0	0
1452.508236	0	0
1452.558241	0	0
1452.608246	0	0
1452.658251	0	0
1452.708256	0	0
1452.758261	0	0
1452.808266	0	0
1452.858271	0	0
1452.908276	0	0
1452.958282	0	0
1453.008286	0	0
1453.058291	0	0
1453.108296	0	0
1453.158301	0	0
1453.208306	0	0
1453.258311	0	0
1453.308316	0	0
1453.358321	0	0
1453.408326	0	0
1453.458331	0	0
1453.508337	0	0
1453.558342	0	0
1453.608346	0	0
1453.658351	0	0
1453.708356	0	0
1453.758361	0	0
1453.808366	0	0
1453.858371	0	0
1453.908376	0	0
1453.958381	0	0
1454.008386	0	0
1454.058391	0	0
1454.108397	0	0
1454.158401	0	0
1454.208406	0	0
1454.258411	0	0
1454.308416	0	0
1454.358421	0	0
1454.408426	0	0
1454.458431	0	0
1454.508436	0	0
1454.558441	0	0
1454.608446	0	0
1454.658451	0	0
1454.708457	0	0
1454.758461	0	0
1454.808466	0	0
1454.858471	0	0
1454.908476	0	0
1454.958481	0	0
1455.008486	0	0
1455.058491	0	0
1455.108496	0	0
1455.158501	0	0
1455.208506	0	0
1455.258512	0	0
1455.308517	0	0
1455.358521	0	0
1455.408526	0	0
1455.458531	0	0
1455.508536	0	0
1455.558541	0	0
1455.608546	0	0
1455.658551	0	0
1455.708556	0	0
1455.758561	0	0
1455.808566	0	0
1455.858572	0	0
1455.908576	0	0
1455.958581	0	0
1456.008586	0	0
1456.058591	0	0
1456.108596	0	0
1456.158601	0	0
1456.208606	0	0
1456.258611	0	0
1456.308616	0	0
1456.358621	0	0
1456.408626	0	0
1456.458632	0	0
1456.508636	0	0
1456.558641	0	0
1456.608646	0	0
1456.658651	0	0
1456.708656	0	0
1456.758661	0	0
1456.808666	0	0
1456.858671	0	0
1456.908676	0	0
1456.958681	0	0
1457.008687	0	0
1457.058692	0	0
1457.108696	0	0
1457.158701	0	0
1457.208706	0	0
1457.258711	0	0
1457.308716	0	0
1457.358721	0	0
1457.408726	0	0
1457.458731	0	0
1457.508736	0	0
1457.558741	0	0
1457.608747	0	0
1457.658751	0	0
1457.708756	0	0
1457.758761	0	0
1457.808766	0	0
1457.858771	0	0
1457.908776	0	0
1457.958781	0	0
1458.008786	0	0
1458.058791	0	0
1458.108796	0	0
1458.158801	0	0
1458.208807	0	0
1458.258811	0	0
1458.308816	0	0
1458.358821	0	0
1458.408826	0	0
1458.458831	0	0
1458.508836	0	0
1458.558841	0	0
1458.608846	0	0
1458.658851	0	0
1458.708856	0	0
1458.758862	0	0
1458.808867	0	0
1458.858871	0	0
1458.908876	0	0
1458.958881	0	0
1459.008886	0	0
1459.058891	0	0
1459.108896	0	0
1459.158901	0	0
1459.208906	0	0
1459.258911	0	0
1459.308916	0	0
1459.358922	0	0
1459.408926	0	0
1459.458931	0	0
1459.508936	0	0
1459.558941	0	0
1459.608946	0	0
1459.658951	0	0
1459.708956	0	0
1459.758961	0	0
1459.808966	0	0
1459.858971	0	0
1459.908976	0	0
1459.958982	0	0
1460.008986	0	0
1460.058991	0	0
1460.108996	0	0
1460.159001	0	0
1460.209006	0	0
1460.259011	0	0
1460.309016	0	0
1460.359021	0	0
1460.409026	0	0
1460.459031	0	0
1460.509037	0	0
1460.559042	0	0
1460.609046	0	0
1460.659051	0	0
1460.709056	0	0
1460.759061	0	0
1460.809066	0	0
1460.859071	0	0
1460.909076	0	0
1460.959081	0	0
1461.009086	0	0
1461.059091	0	0
1461.109097	0	0
1461.159101	0	0
1461.209106	0	0
1461.259111	0	0
1461.309116	0	0
1461.359121	0	0
1461.409126	0	0
1461.459131	0	0
1461.509136	0	0
1461.559141	0	0
1461.609146	0	0
1461.659151	0	0
1461.709157	0	0
1461.759161	0	0
1461.809166	0	0
1461.859171	0	0
1461.909176	0	0
1461.959181	0	0
1462.009186	0	0
1462.059191	0	0
1462.109196	0	0
1462.159201	0	0
1462.209206	0	0
1462.259212	0	0
1462.309216	0	0
1462.359221	0	0
1462.409226	0	0
1462.459231	0	0
1462.509236	0	0
1462.559241	0	0
1462.609246	0	0
1462.659251	0	0
1462.709256	0	0
1462.759261	0	0
1462.809266	0	0
1462.859272	0	0
1462.909276	0	0
1462.958281	0	0
1463.008286	0	0
1463.058291	0	0
1463.108296	0	0
1463.158301	0	0
1463.208306	0	0
1463.258311	0	0
1463.308316	0	0
1463.358321	0	0
1463.408326	0	0
1463.458331	0	0
1463.508336	0	0
1463.558341	0	0
1463.608346	0	0
1463.658351	0	0
1463.708356	0	0
1463.758361	0	0
1463.808366	0	0
1463.858371	0	0
1463.908376	0	0
1463.958381	0	0
1464.008386	0	0
1464.058391	0	0
1464.108396	0	0
1464.158401	0	0
1464.208406	0	0
1464.258411	0	0
1464.308416	0	0
1464.358421	0	0
1464.408426	0	0
1464.458431	0	0
1464.508436	0	0
1464.558441	0	0
1464.608446	0	0
1464.658451	0	0
1464.708456	0	0
1464.758461	0	0
1464.808466	0	0
1464.858471	0	0
1464.908476	0	0
1464.958481	0	0
1465.008486	0	0
1465.058491	0	0
1465.108496	0	0
1465.158501	0	0
1465.208506	0	0
1465.258511	0	0
1465.308516	0	0
1465.358521	0	0
1465.408526	0	0
1465.458531	0	0
1465.508536	0	0
1465.558541	0	0
1465.608546	0	0
1465.658551	0	0
1465.708556	0	0
1465.758561	0	0
1465.808566	0	0
1465.858571	0	0
1465.908576	0	0
1465.958581	0	0
1466.008586	0	0
1466.058591	0	0
1466.108596	0	0
1466.158601	0	0
1466.208606	0	0
1466.258611	0	0
1466.308616	0	0
1466.358621	0	0
1466.408626	0	0
1466.458631	0	0
1466.508636	0	0
1466.558641	0	0
1466.608646	0	0
1466.658651	0	0
1466.708656	0	0
1466.758661	0	0
1466.808666	0	0
1466.858671	0	0
1466.908676	0	0
1466.958681	0	0
1467.008686	0	0
1467.058691	0	0
1467.108696	0	0
1467.158701	0	0
1467.208706	0	0
1467.258711	0	0
1467.308716	0	0
1467.358721	0	0
1467.408726	0	0
1467.458731	0	0
1467.508736	0	0
1467.558741	0	0
1467.608746	0	0
1467.658751	0	0
1467.708756	0	0
1467.758761	0	0
1467.808766	0	0
1467.858771	0	0
1467.908776	0	0
1467.958781	0	0
1468.008786	0	0
1468.058791	0	0
1468.108796	0	0
1468.158801	0	0
1468.208806	0	0
1468.258811	0	0
1468.308816	0	0
1468.358821	0	0
1468.408826	0	0
1468.458831	0	0
1468.508836	0	0
1468.558841	0	0
1468.608846	0	0
1468.658851	0	0
1468.708856	0	0
1468.758861	0	0
1468.808866	0	0
1468.858871	0	0
1468.908876	0	0
1468.958881	0	0
1469.008886	0	0
1469.058891	0	0
1469.108896	0	0
1469.158901	0	0
1469.208906	0	0
1469.258911	0	0
1469.308916	0	0
1469.358921	0	0
1469.408926	0	0
1469.458931	0	0
1469.508936	0	0
1469.558941	0	0
1469.608946	0	0
1469.658951	0	0
1469.708956	0	0
1469.758961	0	0
1469.808966	0	0
1469.858971	0	0
1469.908976	0	0
1469.958981	0	0
1470.008986	0	0
1470.058991	0	0
1470.108996	0	0
1470.159001	0	0
1470.209006	0	0
1470.259011	0	0
1470.309016	0	0
1470.359021	0	0
1470.409026	0	0
1470.459031	0	0
1470.509036	0	0
1470.559041	0	0
1470.609046	0	0
1470.659051	0	0
1470.709056	0	0
1470.759061	0	0
1470.809066	0	0
1470.859071	0	0
1470.909076	0	0
1470.959081	0	0
1471.009086	0	0
1471.059091	0	0
1471.109096	0	0
1471.159101	0	0
1471.209106	0	0
1471.259111	0	0
1471.309116	0	0
1471.359121	0	0
1471.409126	0	0
1471.459131	0	0
1471.509136	0	0
1471.559141	0	0
1471.609146	0	0
1471.659151	0	0
1471.709156	0	0
1471.759161	0	0
1471.809166	0	0
1471.859171	0	0
1471.909176	0	0
1471.959181	0	0
1472.009186	0	0
1472.059191	0	0
1472.109196	0	0
1472.159201	0	0
1472.209206	0	0
1472.259211	0	0
1472.309216	0	0
1472.359221	0	0
1472.409226	0	0
1472.459231	0	0
1472.509236	0	0
1472.559241	0	0
1472.609246	0	0
1472.659251	0	0
1472.709256	0	0
1472.759261	0	0
1472.809266	0	0
1472.859271	0	0
1472.909276	0	0
1472.959281	0	0
1473.009286	0	0
1473.059291	0	0
1473.109296	0	0
1473.159301	0	0
1473.209306	0	0
1473.259311	0	0
1473.309316	0	0
1473.359321	0	0
1473.409326	0	0
1473.459331	0	0
1473.509336	0	0
1473.559341	0	0
1473.609346	0	0
1473.659351	0	0
1473.709356	0	0
1473.759361	0	0
1473.809366	0	0
1473.859371	0	0
1473.909376	0	0
1473.959381	0	0
1474.009386	0	0
1474.059391	0	0
1474.109396	0	0
1474.159401	0	0
1474.209406	0	0
1474.259411	0	0
1474.309416	0	0
1474.359421	0	0
1474.409426	0	0
1474.459431	0	0
1474.509436	0	0
1474.559441	0	0
1474.609446	0	0
1474.659451	0	0
1474.709456	0	0
1474.759461	0	0
1474.809466	0	0
1474.859471	0	0
1474.909476	0	0
1474.959481	0	0
1475.009486	0	0
1475.059491	0	0
1475.109496	0	0
1475.159501	0	0
1475.209506	0	0
1475.259511	0	0
1475.309516	0	0
1475.359521	0	16
1475.409526	0	16
1475.459531	0	56
1475.509536	0	88
1475.559541	0	112
1475.609546	0	160
1475.659551	0	160
1475.709556	0	160
1475.759561	0	180
1475.809566	0	180
1475.859571	0	180
1475.909576	0	188
1475.959581	0	188
1476.009586	0	188
1476.059591	0	188
1476.109596	0	188
1476.159601	0	188
1476.209606	0	188
1476.259611	0	188
1476.309616	0	188
1476.359621	0	188
1476.409626	0	188
1476.459631	0	188
1476.509636	0	188
1476.559641	0	188
1476.609646	0	188
1476.659651	0	188
1476.709656	0	188
1476.759661	0	188
1476.809666	0	188
1476.859671	0	188
1476.909676	0	188
1476.959681	0	188
1477.009686	0	188
1477.059691	0	188
1477.109696	0	188
1477.159701	0	188
1477.209706	0	188
1477.259711	0	188
1477.309716	0	188
1477.359721	0	188
1477.409726	0	188
1477.459731	0	188
1477.509736	0	188
1477.559741	0	188
1477.609746	0	188
1477.659751	0	188
1477.709756	0	196
1477.759761	0	196
1477.809766	0	196
1477.859771	0	196
1477.909776	0	196
1477.959781	0	196
1478.009786	0	196
1478.059791	0	196
1478.109796	0	196
1478.159801	0	196
1478.209806	0	196
1478.259811	0	196
1478.309816	0	196
1478.359821	0	196
1478.409826	0	196
1478.459831	0	220
1478.509836	0	220
1478.559841	0	220
1478.609846	0	220
1478.659851	0	220
1478.709856	0	220
1478.759861	0	220
1478.809866	0	220
1478.859871	0	220
1478.909876	0	220
1478.959881	0	220
1479.009886	0	220
1479.059891	0	220
1479.109896	0	220
1479.159901	0	220
1479.209906	0	220
1479.259911	0	220
1479.309916	0	220
1479.359921	0	220
1479.409926	0	220
1479.459931	0	220
1479.509936	0	220
1479.559941	0	220
1479.609946	0	220
1479.659951	0	220
1479.709956	0	220
1479.759961	0	220
1479.809966	0	220
1479.859971	0	220
1479.909976	0	220
1479.959981	0	220
1480.009986	0	220
1480.059991	0	220
1480.109996	0	220
1480.160001	0	220
1480.210006	0	220
1480.260011	0	220
1480.310016	0	220
1480.360021	0	220
1480.409026	0	220
1480.459031	0	220
1480.509036	0	220
1480.559041	0	220
1480.609046	0	220
1480.659051	0	220
1480.709056	0	220
1480.759061	0	220
1480.809066	0	220
1480.859071	0	220
1480.909076	0	220
1480.959081	0	220
1481.009086	0	220
1481.059091	0	220
1481.109096	0	220
1481.159101	0	220
1481.209106	0	220
1481.259111	0	220
1481.309116	0	220
1481.359121	0	220
1481.409126	0	220
1481.459131	0	220
1481.509136	0	220
1481.559141	0	220
1481.609146	0	220
1481.659151	0	220
1481.709156	0	220
1481.759161	0	220
1481.809166	0	220
1481.859171	0	244
1481.909176	0	244
1481.959181	0	244
1482.009186	0	244
1482.059191	0	244
1482.109196	0	244
1482.159201	0	244
1482.209206	0	244
1482.259211	0	244
1482.309216	0	244
1482.359221	0	244
1482.409226	0	244
1482.459231	0	244
1482.509236	0	244
1482.559241	0	244
1482.609246	0	244
1482.659251	0	244
1482.709256	0	244
1482.759261	0	244
1482.809266	0	244
1482.859271	0	244
1482.909276	0	244
1482.959281	0	244
1483.009286	0	252
1483.059291	0	252
1483.109296	0	252
1483.159301	0	252
1483.209306	0	252
1483.259311	0	252
1483.309316	0	252
1483.359321	0	252
1483.409326	0	252
1483.459331	0	252
1483.509336	0	252
1483.559341	0	252
1483.609346	0	252
1483.659351	0	252
1483.709356	0	252
1483.759361	0	252
1483.809366	0	252
1483.859371	0	252
1483.909376	0	252
1483.959381	0	252
1484.009386	0	252
1484.059391	0	252
1484.109396	0	252
1484.159401	0	252
1484.209406	0	252
1484.259411	0	252
1484.309416	0	252
1484.359421	0	252
1484.409426	0	252
1484.459431	0	252
1484.509436	0	252
1484.559441	0	252
1484.609446	0	252
1484.659451	0	252
1484.709456	0	252
1484.759461	0	252
1484.809466	0	252
1484.859471	0	252
1484.909476	0	252
1484.959481	0	252
1485.009486	0	252
1485.059491	0	268
1485.109496	0	268
1485.159501	0	268
1485.209506	0	268
1485.259511	0	284
1485.309516	0	284
1485.359521	0	284
1485.409526	0	284
1485.459531	0	284
1485.509536	0	284
1485.559541	0	284
1485.609546	0	284
1485.659551	0	284
1485.709556	0	284
1485.759561	0	284
1485.809566	0	284
1485.859571	0	284
1485.909576	0	284
1485.959581	0	284
1486.009586	0	284
1486.059591	0	284
1486.109596	0	284
1486.159601	0	284
1486.209606	0	284
1486.259611	0	284
1486.309616	0	284
1486.359621	0	284
1486.409626	0	284
1486.459631	0	284
1486.509636	0	300
1486.559641	0	300
1486.609646	0	300
1486.659651	0	300
1486.709656	0	300
1486.759661	0	300
1486.809666	0	300
1486.859671	0	300
1486.909676	0	300
1486.959681	0	300
1487.009686	0	300
1487.059691	0	300
1487.109696	0	300
1487.159701	0	300
1487.209706	0	300
1487.259711	0	300
1487.309716	0	300
1487.359721	0	300
1487.409726	0	300
1487.459731	0	300
1487.509736	0	300
1487.559741	0	300
1487.609746	0	300
1487.659751	0	300
1487.709756	0	300
1487.759761	0	300
1487.809766	0	300
1487.859771	0	300
1487.909776	0	300
1487.959781	0	300
1488.009786	0	300
1488.059791	0	300
1488.109796	0	300
1488.159801	0	300
1488.209806	0	300
1488.259811	0	300
1488.309816	0	300
1488.359821	0	300
1488.409826	0	300
1488.459831	0	300
1488.509836	0	308
1488.559841	0	308
1488.609846	0	308
1488.659851	0	308
1488.709856	0	308
1488.759861	0	308
1488.809866	0	308
1488.859871	0	308
1488.909876	0	308
1488.959881	0	308
1489.009886	0	308
1489.059891	0	308
1489.109896	0	308
1489.159901	0	308
1489.209906	0	308
1489.259911	0	308
1489.309916	0	308
1489.359921	0	308
1489.409926	0	308
1489.459931	0	308
1489.509936	0	308
1489.559941	0	308
1489.609946	0	308
1489.659951	0	308
1489.709956	0	308
1489.759961	0	308
1489.809966	0	308
1489.859971	0	308
1489.909976	0	308
1489.959981	0	308
1490.009986	0	308
1490.059991	0	308
1490.109996	0	308
1490.160001	0	308
1490.210006	0	308
1490.260011	0	308
1490.310016	0	308
1490.360021	0	308
1490.410026	0	308
1490.460031	0	308
1490.510036	0	308
1490.560041	0	308
1490.610046	0	308
1490.660051	0	308
1490.710056	0	308
1490.760061	0	308
1490.810066	0	308
1490.860071	0	308
1490.910076	0	308
1490.960081	0	308
1491.010086	0	308
1491.060091	0	308
1491.110096	0	308
1491.160101	0	308
1491.210106	0	308
1491.260111	0	308
1491.310116	0	308
1491.360121	0	308
1491.410126	0	308
1491.460131	0	308
1491.510136	0	308
1491.560141	0	308
1491.610146	0	308
1491.660151	0	308
1491.710156	0	308
1491.760161	0	308
1491.810166	0	308
1491.860171	0	308
1491.910176	0	308
1491.960181	0	308
1492.010186	0	308
1492.060191	0	308
1492.110196	0	308
1492.160201	0	308
1492.210206	0	308
1492.260211	0	324
1492.310216	0	324
1492.360221	0	324
1492.410226	0	324
1492.460231	0	324
1492.510236	0	324
1492.560241	0	324
1492.610246	0	324
1492.660251	0	324
1492.710256	0	324
1492.760261	0	324
1492.810266	0	324
1492.860271	0	324
1492.910276	0	324
1492.960281	0	324
1493.010286	0	324
1493.060291	0	324
1493.110296	0	324
1493.160301	0	324
1493.210306	0	324
1493.260311	0	324
1493.310316	0	324
1493.360321	0	324
1493.410326	0	324
1493.460331	0	324
1493.510336	0	324
1493.560341	0	324
1493.610346	0	324
1493.660351	0	472
1493.710356	0	564
1493.760361	0	692
1493.810366	0	712
1493.860371	0	712
1493.910376	0	752
1493.960381	0	752
1494.010386	0	752
1494.060391	0	752
1494.110396	0	752
1494.160401	0	752
1494.210406	0	752
1494.260411	0	752
1494.310416	0	752
1494.360421	0	752
1494.410426	0	752
1494.460431	0	752
1494.510436	0	752
1494.560441	0	752
1494.610446	0	752
1494.660451	0	752
1494.710456	0	752
1494.760461	0	752
1494.810466	0	752
1494.860471	0	752
1494.910476	0	752
1494.960481	0	752
1495.010486	0	752
1495.060491	0	752
1495.110496	0	752
1495.160501	0	752
1495.210506	0	752
1495.260511	0	752
1495.310516	0	752
1495.360521	0	752
1495.410526	0	752
1495.460531	0	752
1495.510536	0	752
1495.560541	0	752
1495.610546	0	752
1495.660551	0	752
1495.710556	0	752
1495.760561	0	752
1495.810566	0	752
1495.860571	0	752
1495.910576	0	752
1495.960581	0	752
1496.010586	0	752
1496.060591	0	752
1496.110596	0	752
1496.160601	0	752
1496.210606	0	752
1496.260611	0	752
1496.310616	0	752
1496.360621	0	752
1496.410626	0	752
1496.460631	0	752
1496.510636	0	752
1496.560641	0	752
1496.610646	0	752
1496.660651	0	752
1496.710656	0	752
1496.760661	0	752
1496.810666	0	752
1496.860671	0	752
1496.910676	0	752
1496.960681	0	752
1497.010686	0	752
1497.060691	0	752
1497.110696	0	752
1497.160701	0	752
1497.210706	0	752
1497.260711	0	752
1497.310716	0	752
1497.360721	0	752
1497.410726	0	752
1497.460731	0	752
1497.510736	0	752
1497.560741	0	752
1497.610746	0	752
1497.660751	0	752
1497.710756	0	752
1497.760761	0	752
1497.810766	0	752
1497.860771	0	752
1497.909776	0	752
1497.959781	0	752
1498.009786	0	752
1498.059791	0	752
1498.109796	0	752
1498.159801	0	752
1498.209806	0	752
1498.259811	0	752
1498.309816	0	752
1498.359821	0	752
1498.409826	0	752
1498.459831	0	752
1498.509836	0	752
1498.559841	0	752
1498.609846	0	752
1498.659851	0	752
1498.709856	0	752
1498.759861	0	752
1498.809866	0	752
1498.859871	0	752
1498.909876	0	752
1498.959881	0	752
1499.009886	0	752
1499.059891	0	752
1499.109896	0	752
1499.159901	0	752
1499.209906	0	752
1499.259911	0	752
1499.309916	0	752
1499.359921	0	752
1499.409926	0	752
1499.459931	0	752
1499.509936	0	752
1499.559941	0	752
1499.609946	0	752
1499.659951	0	752
1499.709956	0	752
1499.759961	0	752
1499.809966	0	752
1499.859971	0	752
1499.909976	0	752
1499.959981	0	752
1500.009986	0	752
1500.059991	0	752
1500.109996	0	752
1500.160001	0	752
1500.210006	0	752
1500.260011	0	752
1500.310016	0	752
1500.360021	0	752
1500.410026	0	752
1500.460031	0	752
1500.510036	0	752
1500.560041	0	752
1500.610046	0	752
1500.660051	0	752
1500.710056	0	752
1500.760061	0	752
1500.810066	0	752
1500.860071	0	752
1500.910076	0	752
1500.960081	0	752
1501.010086	0	752
1501.060091	0	752
1501.110096	0	752
1501.160101	0	752
1501.210106	0	752
1501.260111	0	752
1501.310116	0	752
1501.360121	0	752
1501.410126	0	752
1501.460131	0	752
1501.510136	0	752
1501.560141	0	752
1501.610146	0	752
1501.660151	0	752
1501.710156	0	752
1501.760161	0	752
1501.810166	0	752
1501.860171	0	752
1501.910176	0	752
1501.960181	0	752
1502.010186	0	752
1502.060191	0	752
1502.110196	0	752
1502.160201	0	752
1502.210206	0	752
1502.260211	0	752
1502.310216	0	752
1502.360221	0	752
1502.410226	0	752
1502.460231	0	752
1502.510236	0	752
1502.560241	0	752
1502.610246	0	752
1502.660251	0	752
1502.710256	0	752
1502.760261	0	752
1502.810266	0	752
1502.860271	0	752
1502.910276	0	752
1502.960281	0	752
1503.010286	0	752
1503.060291	0	752
1503.110296	0	752
1503.160301	0	752
1503.210306	0	752
1503.260311	0	752
1503.310316	0	752
1503.360321	0	752
1503.410326	0	752
1503.460331	0	752
1503.510336	0	752
1503.560341	0	752
1503.610346	0	752
1503.660351	0	752
1503.710356	0	752
1503.760361	0	752
1503.810366	0	752
1503.860371	0	752
1503.910376	0	752
1503.960381	0	752
1504.010386	0	752
1504.060391	0	752
1504.110396	0	752
1504.160401	0	752
1504.210406	0	752
1504.260411	0	752
1504.310416	0	752
1504.360421	0	752
1504.410426	0	752
1504.460431	0	752
1504.510436	0	752
1504.560441	0	752
1504.610446	0	752
1504.660451	0	752
1504.710456	0	752
1504.760461	0	752
1504.810466	0	752
1504.860471	0	752
1504.910476	0	752
1504.960481	0	752
1505.010486	0	752
1505.060491	0	752
1505.110496	0	752
1505.160501	0	752
1505.210506	0	752
1505.260511	0	752
1505.310516	0	752
1505.360521	0	752
1505.410526	0	752
1505.460531	0	752
1505.510536	0	752
1505.560541	0	752
1505.610546	0	752
1505.660551	0	752
1505.710556	0	752
1505.760561	0	752
1505.810566	0	752
1505.860571	0	752
1505.971582	0	752
1506.010586	0	752
1506.060591	0	752
1506.110596	0	752
1506.160601	0	752
1506.210606	0	752
1506.260611	0	752
1506.310616	0	752
1506.360621	0	752
1506.410626	0	752
1506.460631	0	752
1506.510636	0	752
1506.560641	0	752
1506.610646	0	752
1506.660651	0	752
1506.710656	0	752
1506.760661	0	752
1506.810666	0	752
1506.860671	0	752
1506.910676	0	752
1506.960681	0	752
1507.010686	0	752
1507.060691	0	752
1507.110696	0	752
1507.160701	0	752
1507.210706	0	752
1507.260711	0	752
1507.310716	0	752
1507.360721	0	752
1507.410726	0	752
1507.460731	0	752
1507.510736	0	752
1507.560741	0	752
1507.610746	0	752
1507.660751	0	752
1507.710756	0	72
1507.760761	0	0
1507.810766	0	0
1507.860771	0	0
1507.910776	0	0
1507.960781	0	0
1508.010786	0	212
1508.060791	0	636
1508.110796	0	728
1508.160801	0	728
1508.210806	0	728
1508.260811	0	728
1508.310816	0	728
1508.360821	605	636
1508.410826	1109	284
1508.460831	1229	0
1508.510836	1229	0
1508.560841	1229	0
1508.610846	1297	0
1508.660851	1497	0
1508.710856	1693	676
1508.760861	1757	676
1508.810866	1757	676
1508.860871	1757	676
1508.910876	1757	676
1508.960881	1781	676
1509.010886	1793	676
1509.060891	1817	676
1509.110896	1817	676
1509.160901	1817	676
1509.210906	1817	676
1509.260911	1817	676
1509.310916	1817	676
1509.360921	1817	676
1509.410926	1817	676
1509.460931	1817	676
1509.510936	1817	676
1509.560941	1817	676
1509.610946	1817	676
1509.660951	1741	676
1509.710956	1645	0
1509.760961	1473	0
1509.810966	1289	0
1509.860971	1065	0
1509.910976	977	0
1509.960981	837	0
1510.010986	593	0
1510.060991	541	0
1510.110996	481	0
1510.161001	473	0
1510.211006	369	0
1510.261011	325	0
1510.311016	193	0
1510.361021	73	0
1510.414026	0	0
1510.461031	0	0
1510.511036	0	0
1510.561041	0	0
1510.611046	0	0
1510.661051	0	0
1510.711056	0	0
1510.761061	0	0
1510.811066	0	0
1510.861071	0	0
1510.911076	0	0
1510.961081	0	0
1511.011086	0	0
1511.061091	0	0
1511.111096	0	0
1511.161101	0	0
1511.211106	0	0
1511.261111	0	0
1511.311116	0	0
1511.361121	0	0
1511.411126	0	0
1511.461131	0	0
1511.511136	0	0
1511.561141	0	0
1511.611146	0	0
1511.661151	0	0
1511.711156	0	0
1511.761161	0	0
1511.811166	0	0
1511.861171	0	0
1511.911176	0	0
1511.961181	0	0
1512.011186	0	0
1512.061191	0	0
1512.111196	0	0
1512.161201	0	0
1512.211206	0	0
1512.261211	0	0
1512.311216	0	0
1512.361221	0	0
1512.411226	0	0
1512.461231	0	0
1512.511236	0	0
1512.561241	0	0
1512.611246	0	0
1512.661251	0	0
1512.711256	0	0
1512.761261	0	0
1512.811266	0	0
1512.861271	0	0
1512.911276	0	0
1512.961281	0	0
1513.011286	0	0
1513.061291	0	0
1513.111296	0	0
1513.161301	0	0
1513.211306	0	0
1513.261311	0	0
1513.311316	0	0
1513.361321	0	0
1513.411326	0	0
1513.461331	0	0
1513.511336	0	0
1513.561341	0	0
1513.611346	0	0
1513.661351	0	0
1513.711356	0	0
1513.761361	0	0
1513.811366	0	0
1513.861371	0	0
1513.911376	0	0
1513.961381	0	0
1514.011386	0	0
1514.061391	0	0
1514.111396	0	0
1514.161401	0	0
1514.211406	0	0
1514.261411	0	0
1514.311416	0	0
1514.361421	0	0
1514.411426	0	0
1514.461431	0	0
1514.511436	0	0
1514.561441	0	0
1514.611446	0	0
1514.661451	0	0
1514.711456	0	0
1514.761461	0	0
1514.811466	0	0
1514.861471	0	0
1514.911476	0	0
1514.961481	0	0
1515.011486	0	0
1515.061491	0	0
1515.111496	0	0
1515.161501	0	0
1515.211506	0	0
1515.261511	0	0
1515.311516	0	0
1515.361521	0	0
1515.410526	0	0
1515.460531	0	0
1515.510536	0	0
1515.560541	0	0
1515.610546	0	0
1515.660551	0	0
1515.710556	0	0
1515.760561	0	0
1515.810566	0	0
1515.860571	0	0
1515.910576	0	0
1515.960581	0	0
1516.010586	0	0
1516.060591	0	0
1516.110596	0	0
1516.160601	0	0
1516.210606	0	0
1516.260611	0	0
1516.310616	0	0
1516.360621	0	0
1516.410626	0	0
1516.460631	0	0
1516.510636	0	0
1516.560641	0	0
1516.610646	0	0
1516.660651	0	0
1516.710656	0	0
1516.760661	0	0
1516.810666	0	0
1516.860671	0	0
1516.910676	0	0
1516.960681	0	0
1517.010686	0	0
1517.060691	0	0
1517.110696	0	0
1517.160701	0	0
1517.210706	0	0
1517.260711	0	0
1517.310716	0	0
1517.360721	0	0
1517.410726	0	0
1517.460731	0	0
1517.510736	0	0
1517.560741	0	0
1517.610746	0	0
1517.660751	0	0
1517.710756	0	0
1517.760761	0	0
1517.810766	0	0
1517.860771	0	0
1517.910776	0	0
1517.960781	0	0
1518.010786	0	0
1518.060791	0	0
1518.110796	0	0
1518.160801	0	0
1518.210806	0	0
1518.260811	0	0
1518.310816	0	0
1518.360821	0	0
1518.410826	0	0
1518.460831	0	0
1518.510836	0	0
1518.560841	0	0
1518.610846	0	0
1518.660851	0	0
1518.710856	0	0
1518.760861	0	0
1518.810866	0	0
1518.860871	0	0
1518.910876	0	0
1518.960881	0	0
1519.010886	0	0
1519.060891	0	0
1519.110896	0	0
1519.160901	0	0
1519.210906	0	0
1519.260911	0	0
1519.310916	0	0
1519.360921	0	0
1519.410926	0	0
1519.460931	0	0
1519.510936	0	0
1519.560941	0	0
1519.610946	0	0
1519.660951	0	0
1519.710956	0	0
1519.760961	0	0
1519.810966	0	0
1519.860971	0	0
1519.910976	0	0
1519.960981	0	0
1520.010986	0	0
1520.060991	0	0
1520.110996	0	0
1520.161001	0	0
1520.211006	0	0
1520.261011	0	0
1520.311016	0	0
1520.361021	0	0
1520.411026	0	0
1520.461031	0	0
1520.511036	0	0
1520.561041	0	0
1520.611046	0	0
1520.661051	0	0
1520.711056	0	0
1520.761061	0	0
1520.811066	0	0
1520.861071	0	0
1520.911076	0	0
1520.961081	0	0
1521.011086	0	0
1521.061091	0	0
1521.111096	0	0
1521.161101	0	0
1521.211106	0	0
1521.261111	0	0
1521.311116	0	0
1521.361121	0	0
1521.411126	0	0
1521.461131	0	0
1521.511136	0	0
1521.561141	0	0
1521.611146	0	0
1521.661151	0	0
1521.711156	0	0
1521.761161	0	0
1521.811166	0	0
1521.861171	0	0
1521.911176	0	0
1521.961181	0	0
1522.011186	0	0
1522.061191	0	0
1522.111196	0	0
1522.161201	0	0
1522.211206	0	0
1522.261211	0	0
1522.311216	0	0
1522.361221	0	0
1522.411226	0	0
1522.461231	0	0
1522.511236	0	0
1522.561241	0	0
1522.611246	0	0
1522.661251	0	0
1522.711256	0	0
1522.761261	0	0
1522.811266	0	0
1522.861271	0	0
1522.911276	0	0
1522.961281	0	0
1523.011286	0	0
1523.061291	0	0
1523.111296	0	0
1523.161301	0	0
1523.211306	0	0
1523.261311	0	0
1523.311316	0	0
1523.361321	0	0
1523.411326	0	0
1523.461331	0	0
1523.511336	0	0
1523.561341	0	0
1523.611346	0	0
1523.661351	0	0
1523.711356	0	0
1523.761361	0	0
1523.811366	0	0
1523.861371	0	0
1523.911376	0	0
1523.961381	0	0
1524.011386	0	0
1524.061391	0	0
1524.111396	0	0
1524.161401	0	0
1524.211406	0	0
1524.261411	0	0
1524.311416	0	0
1524.361421	0	0
1524.411426	0	0
1524.461431	0	0
1524.511436	0	0
1524.561441	0	0
1524.611446	0	0
1524.661451	0	0
1524.711456	0	0
1524.761461	0	0
1524.811466	0	0
1524.861471	0	0
1524.911476	0	0
1524.961481	0	0
1525.011486	0	0
1525.061491	0	0
1525.111496	0	0
1525.161501	0	0
1525.211506	0	0
1525.261511	0	0
1525.311516	0	0
1525.361521	0	0
1525.411526	0	0
1525.461531	0	0
1525.511536	0	0
1525.561541	0	0
1525.611546	0	0
1525.661551	0	0
1525.711556	0	0
1525.761561	0	0
1525.811566	0	0
1525.861571	0	0
1525.911576	0	0
1525.961581	0	0
1526.011586	0	0
1526.061591	0	0
1526.111596	0	0
1526.161601	0	0
1526.211606	0	0
1526.261611	0	0
1526.311616	0	0
1526.361621	0	0
1526.411626	0	0
1526.461631	0	0
1526.511636	0	0
1526.561641	0	0
1526.611646	0	0
1526.661651	0	0
1526.711656	0	0
1526.761661	0	0
1526.811666	0	0
1526.861671	0	0
1526.911676	0	0
1526.961681	0	0
1527.011686	0	0
1527.061691	0	0
1527.111696	0	0
1527.161701	0	0
1527.211706	0	0
1527.261711	0	0
1527.311716	0	0
1527.361721	0	0
1527.411726	0	0
1527.461731	0	0
1527.511736	0	0
1527.561741	0	0
1527.611746	0	0
1527.661751	0	0
1527.711756	0	0
1527.761761	0	0
1527.811766	0	0
1527.861771	0	0
1527.911776	0	0
1527.961781	0	0
1528.011786	0	0
1528.061791	0	0
1528.111796	0	0
1528.161801	0	0
1528.211806	0	0
1528.261811	0	0
1528.311816	0	0
1528.361821	0	0
1528.411826	0	0
1528.461831	0	0
1528.511836	0	0
1528.561841	0	0
1528.611846	0	0
1528.661851	0	0
1528.711856	0	0
1528.761861	0	0
1528.811866	0	0
1528.861871	0	0
1528.911876	0	0
1528.961881	0	0
1529.011886	0	0
1529.061891	0	0
1529.111896	0	0
1529.161901	0	0
1529.211906	0	0
1529.261911	0	0
1529.311916	0	0
1529.361921	0	0
1529.411926	0	0
1529.461931	0	0
1529.511936	0	0
1529.561941	0	0
1529.611946	0	0
1529.661951	0	0
1529.711956	0	0
1529.761961	0	0
1529.811966	0	0
1529.861971	0	0
1529.911976	0	0
1529.961981	0	0
1530.011986	0	0
1530.061991	0	0
1530.111996	0	0
1530.162001	0	0
1530.212006	0	0
1530.262011	0	0
1530.312016	0	0
1530.362021	0	0
1530.412026	0	0
1530.462031	0	0
1530.512036	0	0
1530.562041	0	0
1530.612046	0	0
1530.662051	0	0
1530.712056	0	0
1530.762061	0	0
1530.812066	0	0
1530.862071	0	0
1530.912076	0	0
1530.962081	0	0
1531.012086	0	0
1531.062091	0	0
1531.112096	0	0
1531.162101	0	0
1531.212106	0	0
1531.262111	0	0
1531.312116	0	0
1531.362121	0	0
1531.412126	0	0
1531.462131	0	0
1531.512136	0	0
1531.562141	0	0
1531.612146	0	0
1531.662151	0	0
1531.712156	0	0
1531.762161	0	0
1531.812166	0	0
1531.862171	0	0
1531.912176	0	0
1531.962181	0	0
1532.012186	0	0
1532.062191	0	0
1532.112196	0	0
1532.162201	0	0
1532.212206	0	0
1532.262211	0	0
1532.312216	0	0
1532.362221	0	0
1532.412226	0	0
1532.462231	0	0
1532.512236	0	0
1532.562241	0	0
1532.612246	0	0
1532.662251	0	0
1532.712256	0	0
1532.762261	0	0
1532.812266	0	0
1532.861271	0	0
1532.911276	0	0
1532.961281	0	0
1533.011286	0	0
1533.061291	0	0
1533.111296	0	0
1533.161301	0	0
1533.211306	0	0
1533.261311	0	0
1533.311316	0	0
1533.361321	0	0
1533.411326	0	0
1533.461331	0	0
1533.511336	0	0
1533.561341	0	0
1533.611346	0	0
1533.661351	0	0
1533.711356	0	0
1533.761361	0	0
1533.811366	0	0
1533.861371	0	0
1533.911376	0	0
1533.961381	0	0
1534.011386	0	0
1534.061391	0	0
1534.111396	0	0
1534.161401	0	0
1534.211406	0	0
1534.261411	0	0
1534.311416	0	0
1534.361421	0	0
1534.411426	0	0
1534.461431	0	0
1534.511436	0	0
1534.561441	0	0
1534.611446	0	0
1534.661451	0	0
1534.711456	0	0
1534.761461	0	0
1534.811466	0	0
1534.861471	0	0
1534.911476	0	0
1534.961481	0	0
1535.011486	0	0
1535.061491	0	0
1535.111496	0	0
1535.161501	0	0
1535.211506	0	0
1535.261511	0	0
1535.311516	0	0
1535.361521	0	0
1535.411526	0	0
1535.461531	0	0
1535.511536	0	0
1535.561541	0	0
1535.611546	0	0
1535.661551	0	0
1535.711556	0	0
1535.761561	0	0
1535.811566	0	0
1535.861571	0	0
1535.911576	0	0
1535.961581	0	0
1536.011586	0	0
1536.061591	0	0
1536.111596	0	0
1536.161601	0	0
1536.211606	0	0
1536.261611	0	0
1536.311616	0	0
1536.361621	0	0
1536.411626	0	0
1536.461631	0	0
1536.511636	0	0
1536.561641	0	0
1536.611646	0	0
1536.661651	0	0
1536.711656	0	0
1536.761661	0	0
1536.811666	0	0
1536.861671	0	0
1536.911676	0	0
1536.961681	0	0
1537.011686	0	0
1537.061691	0	0
1537.111696	0	0
1537.161701	0	0
1537.211706	0	0
1537.261711	0	0
1537.311716	0	0
1537.361721	0	0
1537.411726	0	0
1537.461731	0	0
1537.511736	0	0
1537.561741	0	0
1537.611746	0	0
1537.661751	0	0
1537.711756	0	0
1537.761761	0	0
1537.811766	0	0
1537.861771	0	0
1537.911776	0	0
1537.966781	0	0
1538.011786	0	0
1538.061791	0	0
1538.111796	0	0
1538.161801	0	0
1538.211806	0	0
1538.261811	0	0
1538.311816	0	0
1538.361821	0	0
1538.411826	0	0
1538.461831	0	0
1538.511836	0	0
1538.561841	0	0
1538.611846	0	0
1538.661851	0	0
1538.711856	0	0
1538.761861	0	0
1538.811866	0	0
1538.861871	0	0
1538.911876	0	0
1538.961881	0	0
1539.011886	0	0
1539.061891	0	0
1539.111896	0	0
1539.161901	0	0
1539.211906	0	0
1539.261911	0	0
1539.311916	0	0
1539.361921	0	0
1539.411926	0	0
1539.461931	0	0
1539.511936	0	0
1539.561941	0	0
1539.611946	0	0
1539.661951	0	0
1539.711956	0	0
1539.761961	0	0
1539.811966	0	0
1539.861971	0	0
1539.911976	0	0
1539.961981	0	0
1540.011986	0	0
1540.061991	0	0
1540.111996	0	0
1540.162001	0	0
1540.212006	0	0
1540.262011	0	0
1540.312016	0	0
1540.362021	0	0
1540.412026	0	0
1540.462031	0	0
1540.512036	0	0
1540.562041	0	0
1540.612046	0	0
1540.662051	0	0
1540.712056	0	0
1540.762061	0	0
1540.812066	0	0
1540.862071	0	0
1540.912076	0	0
1540.962081	0	0
1541.012086	0	0
1541.062091	0	0
1541.112096	0	0
1541.162101	0	0
1541.212106	0	0
1541.262111	0	0
1541.312116	0	0
1541.362121	0	0
1541.412126	0	0
1541.462131	0	0
1541.512136	0	0
1541.562141	0	0
1541.612146	0	0
1541.662151	0	0
1541.712156	0	0
1541.762161	0	0
1541.812166	0	0
1541.862171	0	0
1541.912176	0	0
1541.962181	0	0
1542.012186	0	0
1542.062191	0	0
1542.112196	0	0
1542.162201	0	0
1542.212206	0	0
1542.262211	0	0
1542.312216	0	0
1542.362221	0	0
1542.412226	0	0
1542.462231	0	0
1542.512236	0	0
1542.562241	0	0
1542.612246	0	0
1542.662251	0	0
1542.712256	0	0
1542.762261	0	0
1542.812266	0	0
1542.862271	0	0
1542.912276	0	0
1542.962281	0	0
1543.012286	0	0
1543.062291	0	0
1543.112296	0	0
1543.162301	0	0
1543.212306	0	0
1543.262311	0	0
1543.312316	0	0
1543.362321	0	0
1543.412326	0	0
1543.462331	0	0
1543.512336	0	0
1543.562341	0	0
1543.612346	0	0
1543.662351	0	0
1543.712356	0	0
1543.762361	0	0
1543.812366	0	0
1543.862371	0	0
1543.912376	0	0
1543.962381	0	0
1544.012386	0	0
1544.062391	0	0
1544.112396	0	0
1544.162401	0	0
1544.212406	0	0
1544.262411	0	0
1544.312416	0	0
1544.362421	0	0
1544.412426	0	0
1544.462431	0	0
1544.512436	0	0
1544.562441	0	0
1544.612446	0	0
1544.662451	0	0
1544.712456	0	0
1544.762461	0	0
1544.812466	0	0
1544.862471	0	0
1544.912476	0	0
1544.962481	0	0
1545.012486	0	0
1545.062491	0	0
1545.112496	0	0
1545.162501	0	0
1545.212506	0	0
1545.262511	0	0
1545.312516	0	0
1545.362521	0	0
1545.412526	0	0
1545.462531	0	0
1545.512536	0	0
1545.562541	0	0
1545.612546	0	0
1545.662551	0	0
1545.712556	0	0
1545.762561	0	0
1545.812566	0	0
1545.862571	0	0
1545.912576	0	0
1545.962581	0	0
1546.012586	0	0
1546.062591	0	0
1546.112596	0	0
1546.162601	0	0
1546.212606	0	0
1546.262611	0	0
1546.312616	0	0
1546.362621	0	0
1546.412626	0	0
1546.462631	0	0
1546.512636	0	0
1546.562641	0	0
1546.612646	0	0
1546.662651	0	0
1546.712656	0	0
1546.762661	0	0
1546.812666	0	0
1546.862671	0	0
1546.912676	0	0
1546.962681	0	0
1547.012686	0	0
1547.062691	0	0
1547.112696	0	0
1547.162701	0	0
1547.212706	0	0
1547.262711	0	0
1547.312716	0	0
1547.362721	0	0
1547.412726	0	0
1547.462731	0	0
1547.512736	0	0
1547.562741	0	0
1547.612746	0	0
1547.662751	0	0
1547.712756	0	0
1547.762761	0	0
1547.812766	0	0
1547.862771	0	0
1547.912776	0	0
1547.962781	0	0
1548.012786	0	0
1548.062791	0	0
1548.112796	0	0
1548.162801	0	0
1548.212806	0	0
1548.262811	0	0
1548.312816	0	0
1548.362821	0	0
1548.412826	0	0
1548.462831	0	0
1548.512836	0	0
1548.562841	0	0
1548.612846	0	0
1548.662851	0	0
1548.712856	0	0
1548.762861	0	0
1548.812866	0	0
1548.862871	0	0
1548.912876	0	0
1548.962881	0	0
1549.012886	0	0
1549.062891	0	0
1549.112896	0	0
1549.162901	0	0
1549.212906	0	0
1549.262911	0	0
1549.312916	0	0
1549.362921	0	0
1549.412926	0	0
1549.462931	0	0
1549.512936	0	0
1549.562941	0	0
1549.612946	0	0
1549.662951	0	0
1549.712956	0	0
1549.762961	0	0
1549.812966	0	0
1549.862971	0	0
1549.912976	0	0
1549.962981	0	0
1550.012986	0	0
1550.062991	0	0
1550.112996	0	0
1550.163001	0	0
1550.213006	0	0
1550.263011	0	0
1550.313016	0	0
1550.362020	0	0
1550.412026	0	0
1550.462031	0	0
1550.512036	0	0
1550.562041	0	0
1550.612046	0	0
1550.662051	0	0
1550.712056	0	0
1550.762061	0	0
1550.812066	0	0
1550.862071	0	0
1550.912076	0	0
1550.962080	0	0
1551.012086	0	0
1551.062091	0	0
1551.112096	0	0
1551.162101	0	0
1551.212106	0	0
1551.262111	0	0
1551.312116	0	0
1551.362121	0	0
1551.412126	0	0
1551.462131	0	0
1551.512136	0	0
1551.562141	0	0
1551.612146	0	0
1551.662151	0	0
1551.712156	0	0
1551.762161	0	0
1551.812166	0	0
1551.862171	0	0
1551.912176	0	0
1551.962181	0	0
1552.012186	0	0
1552.062191	0	0
1552.112195	0	0
1552.162201	0	0
1552.212206	0	0
1552.262211	0	0
1552.312216	0	0
1552.362221	0	0
1552.412226	0	0
1552.462231	0	0
1552.512236	0	0
1552.562241	0	0
1552.612246	0	0
1552.662251	0	0
1552.712255	0	0
1552.762261	0	0
1552.812266	0	0
1552.862271	0	0
1552.912276	0	0
1552.962281	0	0
1553.012286	0	0
1553.062291	0	0
1553.112296	0	0
1553.162301	0	0
1553.212306	0	0
1553.262311	0	0
1553.312316	0	0
1553.362321	0	0
1553.412326	0	0
1553.462331	0	0
1553.512336	0	0
1553.562341	0	0
1553.612346	0	0
1553.662351	0	0
1553.712356	0	0
1553.762361	0	0
1553.812366	0	0
1553.862370	0	0
1553.912376	0	0
1553.962381	0	0
1554.012386	0	0
1554.062391	0	0
1554.112396	0	0
1554.162401	0	0
1554.212406	0	0
1554.262411	0	0
1554.312416	0	0
1554.362421	0	0
1554.412426	0	0
1554.462430	0	0
1554.512436	0	0
1554.562441	0	0
1554.612446	0	0
1554.662451	0	0
1554.712456	0	0
1554.762461	0	0
1554.812466	0	0
1554.862471	0	0
1554.912476	0	0
1554.962481	0	0
1555.012486	0	0
1555.062491	0	0
1555.112496	0	0
1555.162501	0	0
1555.212506	0	0
1555.262511	0	0
1555.312516	0	0
1555.362521	0	0
1555.412526	0	0
1555.462531	0	0
1555.512536	0	0
1555.562541	0	0
1555.612545	0	0
1555.662551	0	0
1555.712556	0	0
1555.762561	0	0
1555.812566	0	0
1555.862571	0	0
1555.912576	0	0
1555.962581	0	0
1556.012586	0	0
1556.062591	0	0
1556.112596	0	0
1556.162601	0	0
1556.212606	0	0
1556.262611	0	0
1556.312616	0	0
1556.362621	0	0
1556.412626	0	0
1556.462631	0	0
1556.512636	0	0
1556.562641	0	0
1556.612646	0	0
1556.662651	0	0
1556.712656	0	0
1556.762661	0	0
1556.812666	0	0
1556.862671	0	0
1556.912676	0	0
1556.962681	0	0
1557.012686	0	0
1557.062691	0	0
1557.112696	0	0
1557.162701	0	0
1557.212706	0	0
1557.262711	0	0
1557.312716	0	0
1557.362720	0	0
1557.412726	0	0
1557.462731	0	0
1557.512736	0	0
1557.562741	0	0
1557.612746	0	0
1557.662751	0	0
1557.712756	0	0
1557.762761	0	0
1557.812766	0	0
1557.862771	0	0
1557.912776	0	0
1557.962781	0	0
1558.012786	0	0
1558.062791	0	0
1558.112796	0	0
1558.162801	0	0
1558.212806	0	0
1558.262811	0	0
1558.312816	0	0
1558.362821	0	0
1558.412826	0	0
1558.462831	0	0
1558.512836	0	0
1558.562841	0	0
1558.612846	0	0
1558.662851	0	0
1558.712856	0	0
1558.762861	0	0
1558.812866	0	0
1558.862871	0	0
1558.912876	0	0
1558.962881	0	0
1559.012886	0	0
1559.062891	0	0
1559.112895	0	0
1559.162901	0	0
1559.212906	0	0
1559.262911	0	0
1559.312916	0	0
1559.362921	0	0
1559.412926	0	0
1559.462931	0	0
1559.512936	0	0
1559.562941	0	0
1559.612946	0	0
1559.662951	0	0
1559.712956	0	0
1559.762961	0	0
1559.812966	0	0
1559.862971	0	0
1559.912976	0	0
1559.962981	0	0
1560.012986	0	0
1560.062991	0	0
1560.112996	0	0
1560.163001	0	0
1560.213006	0	0
1560.263011	0	0
1560.313016	0	0
1560.363021	0	0
1560.413026	0	0
1560.463031	0	0
1560.513036	0	0
1560.563041	0	0
1560.613046	0	0
1560.663051	0	0
1560.713056	0	0
1560.763061	0	0
1560.813066	0	0
1560.863070	0	0
1560.913076	0	0
1560.963081	0	0
1561.013086	0	0
1561.063091	0	0
1561.113096	0	0
1561.163101	0	0
1561.213106	0	0
1561.263111	0	0
1561.313116	0	0
1561.363121	0	0
1561.413126	0	0
1561.463131	0	0
1561.513136	0	0
1561.563141	0	0
1561.613146	0	0
1561.663151	0	0
1561.713156	0	0
1561.763161	0	0
1561.813166	0	0
1561.863171	0	0
1561.913176	0	0
1561.963181	0	0
1562.013186	0	0
1562.063191	0	0
1562.113196	0	0
1562.163201	0	0
1562.213206	0	0
1562.263211	0	0
1562.313216	0	0
1562.363221	0	0
1562.413226	0	0
1562.463231	0	0
1562.513236	0	0
1562.563241	0	0
1562.613245	0	0
1562.663251	0	0
1562.713256	0	0
1562.763261	0	0
1562.813266	0	0
1562.863271	0	0
1562.913276	0	0
1562.963281	0	0
1563.013286	0	0
1563.063291	0	0
1563.113296	0	0
1563.163301	0	0
1563.213306	0	0
1563.263311	0	0
1563.313316	0	0
1563.363321	0	0
1563.413326	0	0
1563.463331	0	0
1563.513336	0	0
1563.563341	0	0
1563.613346	0	0
1563.663351	0	0
1563.713356	0	0
1563.763361	0	0
1563.813366	0	0
1563.863371	0	0
1563.913376	0	0
1563.963381	0	0
1564.013386	0	0
1564.063391	0	0
1564.113396	0	0
1564.163401	0	0
1564.213406	0	0
1564.263411	0	0
1564.313416	0	0
1564.363420	0	0
1564.413426	0	0
1564.463431	0	0
1564.513436	0	0
1564.563441	0	0
1564.613446	0	0
1564.663451	0	0
1564.713456	0	0
1564.763461	0	0
1564.813466	0	0
1564.863471	0	0
1564.913476	0	0
1564.963481	0	0
1565.013486	0	0
1565.063491	0	0
1565.113496	0	0
1565.163501	0	0
1565.213506	0	0
1565.263511	0	0
1565.313516	0	0
1565.363521	0	0
1565.413526	0	0
1565.463531	0	0
1565.513535	0	0
1565.563541	0	0
1565.613546	0	0
1565.663551	0	0
1565.713556	0	0
1565.763561	0	0
1565.813566	0	0
1565.863571	0	0
1565.913576	0	0
1565.963581	0	0
1566.013586	0	0
1566.063591	0	0
1566.113595	0	0
1566.163601	0	0
1566.213606	0	0
1566.263611	0	0
1566.313616	0	0
1566.363621	0	0
1566.413626	0	0
1566.463631	0	0
1566.513636	0	0
1566.563641	0	0
1566.613646	0	0
1566.663651	0	0
1566.713656	0	0
1566.763661	0	0
1566.813666	0	0
1566.863671	0	0
1566.913676	0	0
1566.963681	0	0
1567.013686	0	0
1567.063691	0	0
1567.113696	0	0
1567.163701	0	0
1567.213706	0	0
1567.263710	0	0
1567.313716	0	0
1567.363721	0	0
1567.413726	0	0
1567.463731	0	0
1567.513736	0	0
1567.563741	0	0
1567.613746	0	0
1567.663751	0	0
1567.713756	0	0
1567.763761	0	0
1567.813766	0	0
1567.862771	0	0
1567.912776	0	0
1567.962780	0	0
1568.012785	0	0
1568.062790	0	0
1568.112796	0	0
1568.162801	0	0
1568.212806	0	0
1568.262811	0	0
1568.312816	0	0
1568.362821	0	0
1568.412826	0	0
1568.462831	0	0
1568.512836	0	0
1568.562840	0	0
1568.612845	0	0
1568.662850	0	0
1568.712856	0	0
1568.762861	0	0
1568.812866	0	0
1568.862871	0	0
1568.912876	0	0
1568.962881	0	0
1569.012886	0	0
1569.062891	0	0
1569.112895	0	0
1569.162900	0	0
1569.212905	0	0
1569.262911	0	0
1569.312916	0	0
1569.362921	0	0
1569.412926	0	0
1569.462931	0	0
1569.512936	0	0
1569.562941	0	0
1569.612946	0	0
1569.662951	0	0
1569.712955	0	0
1569.762960	0	0
1569.812965	0	0
1569.862971	0	0
1569.912976	0	0
1569.985983	0	0
1570.012986	0	0
1570.062991	0	0
1570.112996	0	0
1570.163001	0	0
1570.213006	0	0
1570.263011	0	0
1570.313015	0	0
1570.363020	0	0
1570.413025	0	0
1570.463031	0	0
1570.513036	0	0
1570.563041	0	0
1570.613046	0	0
1570.663051	0	0
1570.713056	0	0
1570.763061	0	0
1570.813066	0	0
1570.863070	0	0
1570.913075	0	0
1570.963080	0	0
1571.013086	0	0
1571.063091	0	0
1571.113096	0	0
1571.163101	0	0
1571.213106	0	0
1571.263111	0	0
1571.313116	0	0
1571.363121	0	0
1571.413126	0	0
1571.463130	0	0
1571.513135	0	0
1571.563140	0	0
1571.613146	0	0
1571.663151	0	0
1571.713156	0	0
1571.763161	0	0
1571.813166	0	0
1571.863171	0	0
1571.913176	0	0
1571.963181	0	0
1572.013186	0	0
1572.063190	0	0
1572.113195	0	0
1572.163200	0	0
1572.213206	0	0
1572.263211	0	0
1572.313216	0	0
1572.363221	0	0
1572.413226	0	0
1572.463231	0	0
1572.513236	0	0
1572.563241	0	0
1572.613245	0	0
1572.663250	0	0
1572.713255	0	0
1572.763261	0	0
1572.813266	0	0
1572.863271	0	0
1572.913276	0	0
1572.963281	0	0
1573.013286	0	0
1573.063291	0	0
1573.113296	0	0
1573.163301	0	0
1573.213305	0	0
1573.263310	0	0
1573.313315	0	0
1573.363321	0	0
1573.413326	0	0
1573.463331	0	0
1573.513336	0	0
1573.563341	0	0
1573.613346	0	0
1573.663351	0	0
1573.713356	0	0
1573.763361	0	0
1573.813365	0	0
1573.863370	0	0
1573.913375	0	0
1573.963381	0	0
1574.013386	0	0
1574.063391	0	0
1574.113396	0	0
1574.163401	0	0
1574.213406	0	0
1574.263411	0	0
1574.313416	0	0
1574.363420	0	0
1574.413425	0	0
1574.463430	0	0
1574.513436	0	0
1574.563441	0	0
1574.613446	0	0
1574.663451	0	0
1574.713456	0	0
1574.763461	0	0
1574.813466	0	0
1574.863471	0	0
1574.913476	0	0
1574.963480	0	0
1575.013485	0	0
1575.063490	0	0
1575.113496	0	0
1575.163501	0	0
1575.213506	0	0
1575.263511	0	0
1575.313516	0	0
1575.363521	0	0
1575.413526	0	0
1575.463531	0	0
1575.513535	0	0
1575.563540	0	0
1575.613545	0	0
1575.663550	0	0
1575.713556	0	0
1575.763561	0	0
1575.813566	0	0
1575.863571	0	0
1575.913576	0	0
1575.963581	0	0
1576.013586	0	0
1576.063591	0	0
1576.113595	0	0
1576.163600	0	0
1576.213605	0	0
1576.263611	0	0
1576.313616	0	0
1576.363621	0	0
1576.413626	0	0
1576.463631	0	0
1576.513636	0	0
1576.563641	0	0
1576.613646	0	0
1576.663651	0	0
1576.713655	0	0
1576.763660	0	0
1576.813665	0	0
1576.863671	0	0
1576.913676	0	0
1576.963681	0	0
1577.013686	0	0
1577.063691	0	0
1577.113696	0	0
1577.163701	0	0
1577.213706	0	0
1577.263710	0	0
1577.313715	0	0
1577.363720	0	0
1577.413726	0	0
1577.463731	0	0
1577.513736	0	0
1577.563741	0	0
1577.613746	0	0
1577.663751	0	0
1577.713756	0	0
1577.763761	0	0
1577.813766	0	0
1577.863770	0	0
1577.913775	0	0
1577.963780	0	0
1578.013786	0	0
1578.063791	0	0
1578.113796	0	0
1578.163801	0	0
1578.213806	0	0
1578.263811	0	0
1578.313816	0	0
1578.363821	0	0
1578.413826	0	0
1578.463830	0	0
1578.513835	0	0
1578.563840	0	0
1578.613846	0	0
1578.663851	0	0
1578.713856	0	0
1578.763861	0	0
1578.813866	0	0
1578.863871	0	0
1578.913876	0	0
1578.963881	0	0
1579.013885	0	0
1579.063890	0	0
1579.113895	0	0
1579.163901	0	0
1579.213906	0	0
1579.263911	0	0
1579.313916	0	0
1579.363921	0	0
1579.413926	0	0
1579.463931	0	0
1579.513936	0	0
1579.563941	0	0
1579.613945	0	0
1579.663950	0	0
1579.713955	0	0
1579.763961	0	0
1579.813966	0	0
1579.863971	0	0
1579.913976	0	0
1579.963981	0	0
1580.013986	0	0
1580.063991	0	0
1580.113996	0	0
1580.164001	0	0
1580.214005	0	0
1580.264010	0	0
1580.314015	0	0
1580.364021	0	0
1580.414026	0	0
1580.464031	0	0
1580.514036	0	0
1580.564041	0	0
1580.614046	0	0
1580.664051	0	0
1580.714056	0	0
1580.764060	0	0
1580.814065	0	0
1580.864070	0	0
1580.914076	0	0
1580.964081	0	0
1581.014086	0	0
1581.064091	0	0
1581.114096	0	0
1581.164101	0	0
1581.214106	0	0
1581.264111	0	0
1581.314116	0	0
1581.364120	0	0
1581.414125	0	0
1581.464130	0	0
1581.514136	0	0
1581.564141	0	0
1581.614146	0	0
1581.664151	0	0
1581.714156	0	0
1581.764161	0	0
1581.814166	0	0
1581.864171	0	0
1581.914176	0	0
1581.964180	0	0
1582.014185	0	0
1582.064190	0	0
1582.114196	0	0
1582.164201	0	0
1582.214206	0	0
1582.264211	0	0
1582.314216	0	0
1582.364221	0	0
1582.414226	0	0
1582.464231	0	0
1582.514235	0	0
1582.564240	0	0
1582.614245	0	0
1582.664251	0	0
1582.714256	0	0
1582.764261	0	0
1582.814266	0	144
1582.864271	0	260
1582.914276	0	340
1582.964281	0	368
1583.014286	0	368
1583.064291	0	368
1583.114295	0	368
1583.164300	0	368
1583.214305	0	368
1583.264311	0	368
1583.314316	0	368
1583.364321	0	368
1583.414326	0	368
1583.464331	0	212
1583.514336	0	24
1583.564341	0	0
1583.614346	0	0
1583.664351	0	0
1583.714355	0	0
1583.764360	0	0
1583.814365	0	0
1583.864371	0	0
1583.914376	0	0
1583.964381	0	0
1584.014386	0	0
1584.064391	0	0
1584.114396	0	0
1584.164401	0	0
1584.214406	0	0
1584.264410	0	0
1584.314415	0	0
1584.364420	0	0
1584.414426	0	0
1584.464431	0	0
1584.514436	0	0
1584.564441	0	0
1584.614446	0	0
1584.664451	0	0
1584.714456	0	0
1584.764461	0	0
1584.814466	0	0
1584.864470	0	0
1584.914475	0	0
1584.964480	0	0
1585.014486	0	0
1585.064491	0	0
1585.114496	0	0
1585.164501	0	0
1585.214506	0	0
1585.264511	0	0
1585.314516	0	0
1585.363521	0	0
1585.413526	0	0
1585.463531	0	0
1585.513535	0	0
1585.563540	0	0
1585.613545	0	0
1585.663550	0	0
1585.713555	0	0
1585.763560	0	0
1585.813566	0	0
1585.863571	0	0
1585.913576	0	0
1585.963581	0	0
1586.013586	0	0
1586.063591	0	0
1586.113595	0	0
1586.163600	0	0
1586.213605	0	0
1586.263610	0	0
1586.313615	0	0
1586.363620	0	0
1586.413626	0	0
1586.463631	0	0
1586.513636	0	0
1586.563641	0	0
1586.613646	0	0
1586.663651	0	0
1586.713655	0	0
1586.763660	0	0
1586.813665	0	0
1586.863670	0	0
1586.913675	0	0
1586.963681	0	0
1587.013686	0	0
1587.063691	0	0
1587.113696	0	0
1587.163701	0	0
1587.213706	0	0
1587.263710	0	0
1587.313715	0	0
1587.363720	0	0
1587.413725	0	0
1587.463730	0	0
1587.513735	0	0
1587.563741	0	0
1587.613746	0	0
1587.663751	0	0
1587.713756	0	0
1587.763761	0	0
1587.813766	0	0
1587.863770	0	0
1587.913775	0	0
1587.963780	0	0
1588.013785	0	0
1588.063790	0	0
1588.113795	0	0
1588.163801	0	0
1588.213806	0	0
1588.263811	0	0
1588.313816	0	0
1588.363821	0	0
1588.413826	0	0
1588.463830	0	0
1588.513835	0	0
1588.563840	0	0
1588.613845	0	0
1588.663850	0	0
1588.713856	0	0
1588.763861	0	0
1588.813866	0	0
1588.863871	0	0
1588.913876	0	0
1588.963881	0	0
1589.013885	0	0
1589.063890	0	0
1589.113895	0	0
1589.163900	0	0
1589.213905	0	0
1589.263910	0	0
1589.313916	0	0
1589.363921	0	0
1589.413926	0	0
1589.463931	0	0
1589.513936	0	0
1589.563941	0	0
1589.613945	0	0
1589.663950	0	0
1589.713955	0	0
1589.763960	0	0
1589.813965	0	0
1589.863970	0	0
1589.913976	0	0
1589.963981	0	0
1590.013986	0	0
1590.063991	0	0
1590.113996	0	0
1590.164001	0	0
1590.214005	0	0
1590.264010	0	0
1590.314015	0	0
1590.364020	0	0
1590.414025	0	0
1590.464031	0	0
1590.514036	0	0
1590.564041	0	0
1590.614046	0	0
1590.664051	0	0
1590.714056	0	0
1590.764060	0	0
1590.814065	0	0
1590.864070	0	0
1590.914075	0	0
1590.964080	0	0
1591.014085	0	0
1591.064091	0	0
1591.114096	0	0
1591.164101	0	0
1591.214106	0	0
1591.264111	0	0
1591.314116	0	0
1591.364120	0	0
1591.414125	0	0
1591.464130	0	0
1591.514135	0	0
1591.564140	0	0
1591.614145	0	0
1591.664151	0	0
1591.714156	0	0
1591.764161	0	0
1591.814166	0	0
1591.864171	0	0
1591.914176	0	0
1592.017186	0	0
1592.064190	0	0
1592.114195	0	0
1592.164200	0	0
1592.214206	0	0
1592.264211	0	0
1592.314216	0	0
1592.364221	0	0
1592.414226	0	0
1592.464231	0	0
1592.514235	0	0
1592.564240	0	0
1592.614245	0	0
1592.664250	0	0
1592.714255	0	0
1592.764260	0	0
1592.814266	0	0
1592.864271	0	0
1592.914276	0	0
1592.964281	0	0
1593.014286	0	0
1593.064291	0	0
1593.114295	0	0
1593.164300	0	0
1593.214305	0	0
1593.264310	0	0
1593.314315	0	0
1593.364320	0	0
1593.414326	0	0
1593.464331	0	0
1593.514336	0	0
1593.564341	0	0
1593.614346	0	0
1593.664351	0	0
1593.714355	0	0
1593.764360	0	0
1593.814365	0	0
1593.864370	0	0
1593.914375	0	0
1593.964381	0	0
1594.014386	0	0
1594.064391	0	0
1594.114396	0	0
1594.164401	0	0
1594.214406	0	0
1594.264410	0	0
1594.314415	0	0
1594.364420	0	0
1594.414425	0	0
1594.464430	0	0
1594.514435	0	0
1594.564441	0	0
1594.614446	0	0
1594.664451	0	0
1594.714456	0	0
1594.764461	0	0
1594.814466	0	0
1594.864470	0	0
1594.914475	0	0
1594.964480	0	0
1595.014485	0	0
1595.064490	0	0
1595.114495	0	0
1595.164501	0	0
1595.214506	0	0
1595.264511	0	0
1595.314516	0	0
1595.364521	0	0
1595.414526	0	0
1595.464530	0	0
1595.514535	0	0
1595.564540	0	0
1595.614545	0	0
1595.664550	0	0
1595.714556	0	0
1595.764561	0	0
1595.814566	0	0
1595.864571	0	0
1595.914576	0	0
1595.964581	0	0
1596.014585	0	0
1596.064590	0	0
1596.114595	0	0
1596.164600	0	0
1596.214605	0	0
1596.264610	0	0
1596.314616	0	0
1596.364621	0	0
1596.414626	0	0
1596.464631	0	0
1596.514636	0	0
1596.564641	0	0
1596.614645	0	0
1596.664650	0	0
1596.714655	0	0
1596.764660	0	0
1596.814665	0	0
1596.864670	0	0
1596.914676	0	0
1596.964681	0	0
1597.014686	0	0
1597.064691	0	0
1597.114696	0	0
1597.164701	0	0
1597.214705	0	0
1597.264710	0	0
1597.314715	0	0
1597.364720	0	0
1597.414725	0	0
1597.464731	0	0
1597.514736	0	0
1597.564741	0	0
1597.614746	0	0
1597.664751	0	0
1597.714756	0	0
1597.764760	0	0
1597.814765	0	0
1597.864770	0	0
1597.914775	0	0
1597.964780	0	0
1598.014785	0	0
1598.064791	0	0
1598.114796	0	0
1598.164801	0	0
1598.214806	0	0
1598.264811	0	0
1598.314816	0	0
1598.364820	0	0
1598.414825	0	0
1598.464830	0	0
1598.514835	0	0
1598.564840	0	0
1598.614846	0	0
1598.664851	0	0
1598.714856	0	0
1598.764861	0	0
1598.814866	0	0
1598.864871	0	0
1598.914876	0	0
1598.964880	0	0
1599.014885	0	0
1599.064890	0	0
1599.114895	0	0
1599.164900	0	0
1599.214906	0	0
1599.264911	0	0
1599.314916	0	0
1599.364921	0	0
1599.414926	0	0
1599.464931	0	0
1599.514935	0	0
1599.564940	0	0
1599.614945	0	0
1599.664950	0	0
1599.714955	0	0
1599.764960	0	0
1599.814966	0	0
1599.864971	0	0
1599.914976	0	0
1599.964981	0	0
1600.014986	0	0
1600.064991	0	0
1600.114995	0	0
1600.165000	0	0
1600.215005	0	0
1600.265010	0	0
1600.315015	0	0
1600.365021	0	0
1600.415026	0	0
1600.465031	0	0
1600.515036	0	0
1600.565041	0	0
1600.615046	0	0
1600.665051	0	0
1600.715055	0	0
1600.765060	0	0
1600.815065	0	0
1600.865070	0	0
1600.915075	0	0
1600.965081	0	0
1601.015086	0	0
1601.065091	0	0
1601.115096	0	0
1601.165101	0	0
1601.215106	0	0
1601.265110	0	0
1601.315115	0	0
1601.365120	0	0
1601.415125	0	0
1601.465130	0	0
1601.515135	0	0
1601.565141	0	0
1601.615146	0	0
1601.665151	0	0
1601.715156	0	0
1601.765161	0	0
1601.815166	0	0
1601.865170	0	0
1601.915175	0	0
1601.965180	0	0
1602.015185	0	0
1602.065190	0	0
1602.115196	0	0
1602.165201	0	0
1602.215206	0	0
1602.265211	0	0
1602.315216	0	0
1602.365221	0	0
1602.415226	0	0
1602.465230	0	0
1602.515235	0	0
1602.565240	0	0
1602.615245	0	0
1602.665250	0	0
1602.715256	0	0
1602.765261	0	0
1602.814265	0	0
1602.864270	0	0
1602.914276	0	0
1602.964281	0	0
1603.014286	0	0
1603.064291	0	0
1603.114295	0	0
1603.164300	0	0
1603.214305	0	0
1603.264310	0	0
1603.314315	0	0
1603.364320	0	0
1603.414325	0	0
1603.464330	0	0
1603.514336	0	0
1603.564341	0	0
1603.614346	0	0
1603.664351	0	0
1603.714355	0	0
1603.764360	0	0
1603.814365	0	0
1603.864370	0	0
1603.914375	0	0
1603.964380	0	0
1604.014385	0	0
1604.064390	0	0
1604.114396	0	0
1604.164401	0	0
1604.214406	0	0
1604.264410	0	0
1604.314415	0	0
1604.364420	0	0
1604.414425	0	0
1604.464430	0	0
1604.514435	0	0
1604.564440	0	0
1604.614445	0	0
1604.664451	0	0
1604.714456	0	0
1604.764461	0	0
1604.814466	0	0
1604.864470	0	0
1604.914475	0	0
1604.964480	0	0
1605.014485	0	0
1605.064490	0	0
1605.114495	0	0
1605.164500	0	0
1605.214505	0	0
1605.264511	0	0
1605.314516	0	0
1605.364521	0	0
1605.414526	0	0
1605.464530	0	0
1605.514535	0	0
1605.564540	0	0
1605.614545	0	0
1605.664550	0	0
1605.714555	0	0
1605.764560	0	0
1605.814565	0	0
1605.864571	0	0
1605.914576	0	0
1605.964581	0	0
1606.014585	0	0
1606.064590	0	0
1606.114595	0	0
1606.164600	0	0
1606.214605	0	0
1606.264610	0	0
1606.314615	0	0
1606.364620	0	0
1606.414626	0	0
1606.464631	0	0
1606.514636	0	0
1606.564641	0	0
1606.614645	0	0
1606.664650	0	0
1606.714655	0	0
1606.764660	0	0
1606.814665	0	0
1606.864670	0	0
1606.914675	0	0
1606.964680	0	0
1607.014686	0	0
1607.064691	0	0
1607.114696	0	0
1607.164701	0	0
1607.214705	0	0
1607.264710	0	0
1607.314715	0	0
1607.364720	0	0
1607.414725	0	0
1607.464730	0	0
1607.514735	0	0
1607.564740	0	0
1607.614746	0	0
1607.664751	0	0
1607.714756	0	0
1607.764760	0	0
1607.814765	0	0
1607.864770	0	0
1607.914775	0	0
1607.964780	0	0
1608.014785	0	0
1608.064790	0	0
1608.114795	0	0
1608.164801	0	0
1608.214806	0	0
1608.264811	0	0
1608.314816	0	0
1608.364820	0	0
1608.414825	0	0
1608.464830	0	0
1608.514835	0	0
1608.564840	0	0
1608.614845	0	0
1608.664850	0	0
1608.714855	0	0
1608.764861	0	0
1608.814866	0	0
1608.864871	0	0
1608.914876	0	0
1608.964880	0	0
1609.014885	0	0
1609.064890	0	0
1609.114895	0	0
1609.164900	0	0
1609.214905	0	0
1609.264910	0	0
1609.314915	0	0
1609.364921	0	0
1609.414926	0	0
1609.464931	0	0
1609.514935	0	0
1609.564940	0	0
1609.614945	0	0
1609.664950	0	0
1609.714955	0	0
1609.764960	0	0
1609.814965	0	0
1609.864970	0	0
1609.914976	0	0
1609.964981	0	0
1610.014986	0	0
1610.064991	0	0
1610.114995	0	0
1610.165000	0	0
1610.215005	0	0
1610.265010	0	0
1610.315015	0	0
1610.365020	0	0
1610.415025	0	0
1610.465030	0	0
1610.515036	0	0
1610.565041	0	0
1610.615046	0	0
1610.665051	0	0
1610.715055	0	0
1610.765060	0	0
1610.815065	0	0
1610.865070	0	0
1610.915075	0	0
1610.965080	0	0
1611.015085	0	0
1611.065090	0	0
1611.115096	0	0
1611.165101	0	0
1611.215106	0	0
1611.265110	0	0
1611.315115	0	0
1611.365120	0	0
1611.415125	0	0
1611.465130	0	0
1611.515135	0	0
1611.565140	0	0
1611.615145	0	0
1611.665151	0	0
1611.715156	0	0
1611.765161	0	0
1611.815166	0	0
1611.865170	0	0
1611.915175	0	0
1611.965180	0	0
1612.015185	0	0
1612.065190	0	0
1612.115195	0	0
1612.165200	0	0
1612.215205	0	0
1612.265211	0	0
1612.315216	0	0
1612.365221	0	0
1612.415226	0	0
1612.465230	0	0
1612.515235	0	0
1612.565240	0	0
1612.615245	0	0
1612.665250	0	0
1612.715255	0	0
1612.765260	0	0
1612.815265	0	0
1612.865271	0	0
1612.915276	0	0
1612.965281	0	0
1613.015285	0	0
1613.065290	0	0
1613.115295	0	0
1613.165300	0	0
1613.215305	0	0
1613.265310	0	0
1613.315315	0	0
1613.365320	0	0
1613.415326	0	0
1613.465331	0	0
1613.515336	0	0
1613.565341	0	0
1613.615345	0	0
1613.665350	0	0
1613.715355	0	0
1613.765360	0	0
1613.815365	0	0
1613.865370	0	0
1613.915375	0	0
1613.965380	0	0
1614.015386	0	0
1614.065391	0	0
1614.115396	0	0
1614.165401	0	0
1614.215405	0	0
1614.265410	0	0
1614.315415	0	0
1614.365420	0	0
1614.415425	0	0
1614.465430	0	0
1614.515435	0	0
1614.565440	0	0
1614.615446	0	0
1614.665451	0	0
1614.715456	0	0
1614.765460	0	0
1614.815465	0	0
1614.865470	0	0
1614.915475	0	0
1614.965480	0	0
1615.015485	0	0
1615.065490	0	0
1615.115495	0	0
1615.165501	0	0
1615.215506	0	0
1615.265511	0	0
1615.315516	0	0
1615.365520	0	0
1615.415525	0	0
1615.465530	0	0
1615.515535	0	0
1615.565540	0	0
1615.615545	0	0
1615.665550	0	0
1615.715555	0	0
1615.765561	0	0
1615.815566	0	0
1615.865571	0	0
1615.915576	0	0
1615.965580	0	0
1616.015585	0	0
1616.065590	0	0
1616.115595	0	0
1616.165600	0	0
1616.215605	0	0
1616.265610	0	0
1616.315615	0	0
1616.365621	0	0
1616.415626	0	0
1616.465631	0	0
1616.515635	0	0
1616.565640	0	0
1616.615645	0	0
1616.665650	0	0
1616.715655	0	0
1616.765660	0	0
1616.815665	0	0
1616.865670	0	0
1616.915676	0	0
1616.965681	0	0
1617.015686	0	0
1617.065691	0	0
1617.115695	0	0
1617.165700	0	0
1617.215705	0	0
1617.265710	0	0
1617.315715	0	0
1617.365720	0	0
1617.415725	0	0
1617.465730	0	0
1617.515736	0	0
1617.565741	0	0
1617.615746	0	0
1617.665751	0	0
1617.715755	0	0
1617.765760	0	0
1617.815765	0	0
1617.865770	0	0
1617.915775	0	0
1617.965780	0	0
1618.015785	0	0
1618.065791	0	0
1618.115796	0	0
1618.165801	0	0
1618.215806	0	0
1618.265810	0	0
1618.315815	0	0
1618.365820	0	0
1618.415825	0	0
1618.465830	0	0
1618.515835	0	0
1618.565840	0	0
1618.615845	0	0
1618.665851	0	0
1618.715856	0	0
1618.765861	0	0
1618.815866	0	0
1618.865870	0	0
1618.915875	0	0
1618.965880	0	0
1619.015885	0	0
1619.065890	0	0
1619.115895	0	0
1619.165900	0	0
1619.215905	0	0
1619.265911	0	0
1619.315916	0	0
1619.365921	0	0
1619.415926	0	0
1619.465930	0	0
1619.515935	0	0
1619.565940	0	0
1619.615945	0	0
1619.665950	0	0
1619.715955	0	0
1619.765960	0	0
1619.815966	0	0
1619.865971	0	0
1619.915976	0	0
1619.965981	0	0
1620.015985	0	0
1620.065990	0	0
1620.115995	0	0
1620.166000	0	0
1620.216005	0	0
1620.266010	0	0
1620.315015	0	0
1620.365020	0	0
1620.415025	0	0
1620.465030	0	0
1620.515035	0	0
1620.565040	0	0
1620.615046	0	0
1620.665051	0	0
1620.715055	0	0
1620.765060	0	0
1620.815065	0	0
1620.865070	0	0
1620.915075	0	0
1620.965080	0	0
1621.015085	0	0
1621.065090	0	0
1621.115095	0	0
1621.165100	0	0
1621.215106	0	0
1621.265110	0	0
1621.315115	0	0
1621.365120	0	0
1621.415125	0	0
1621.465130	0	0
1621.515135	0	0
1621.565140	0	0
1621.615145	0	0
1621.665150	0	0
1621.715155	0	0
1621.765160	0	0
1621.815166	0	0
1621.865170	0	0
1621.915175	0	0
1621.965180	0	0
1622.015185	0	0
1622.065190	0	0
1622.115195	0	0
1622.165200	0	0
1622.215205	0	0
1622.265210	0	0
1622.315215	0	0
1622.365221	0	0
1622.415226	0	0
1622.465230	0	0
1622.515235	0	0
1622.565240	0	0
1622.615245	0	0
1622.665250	0	0
1622.715255	0	0
1622.765260	0	0
1622.815265	0	0
1622.865270	0	0
1622.915275	0	0
1622.965281	0	0
1623.015285	0	0
1623.065290	0	0
1623.115295	0	0
1623.165300	0	0
1623.215305	0	0
1623.265310	0	0
1623.315315	0	0
1623.365320	0	0
1623.415325	0	0
1623.465330	0	0
1623.515335	0	0
1623.565341	0	0
1623.615345	0	0
1623.665350	0	0
1623.715355	0	0
1623.765360	0	0
1623.815365	0	0
1623.865370	0	0
1623.915375	0	0
1623.965380	0	0
1624.015385	0	0
1624.065390	0	0
1624.115396	0	0
1624.165401	0	0
1624.215405	0	0
1624.265410	0	0
1624.315415	0	0
1624.365420	0	0
1624.415425	0	0
1624.465430	0	0
1624.515435	0	0
1624.565440	0	0
1624.615445	0	0
1624.665450	0	0
1624.715456	0	0
1624.765460	0	0
1624.815465	0	0
1624.865470	0	0
1624.915475	0	0
1624.965480	0	0
1625.015485	0	0
1625.065490	0	0
1625.115495	0	0
1625.165500	0	0
1625.215505	0	0
1625.265510	0	0
1625.315516	0	0
1625.365520	0	0
1625.415525	0	0
1625.465530	0	0
1625.515535	0	0
1625.565540	0	0
1625.615545	0	0
1625.665550	0	0
1625.715555	0	0
1625.765560	0	0
1625.815565	0	0
1625.865571	0	0
1625.915576	0	0
1625.965580	0	0
1626.015585	0	0
1626.065590	0	0
1626.115595	0	0
1626.165600	0	0
1626.215605	0	0
1626.265610	0	0
1626.315615	0	0
1626.365620	0	0
1626.415625	0	0
1626.465631	0	0
1626.515635	0	0
1626.565640	0	0
1626.615645	0	0
1626.665650	0	0
1626.715655	0	0
1626.765660	0	0
1626.815665	0	0
1626.865670	0	0
1626.915675	0	0
1626.965680	0	0
1627.015685	0	0
1627.065691	0	0
1627.115695	0	0
1627.165700	0	0
1627.215705	0	0
1627.265710	0	0
1627.315715	0	0
1627.365720	0	0
1627.415725	0	0
1627.465730	0	0
1627.515735	0	0
1627.565740	0	0
1627.615746	0	0
1627.665751	0	0
1627.715755	0	0
1627.765760	0	0
1627.815765	0	0
1627.865770	0	0
1627.915775	0	0
1627.965780	0	0
1628.015785	0	0
1628.065790	0	0
1628.115795	0	0
1628.165800	0	0
1628.215806	0	0
1628.265810	0	0
1628.315815	0	0
1628.365820	0	0
1628.415825	0	0
1628.465830	0	0
1628.515835	0	0
1628.565840	0	0
1628.615845	0	0
1628.665850	0	0
1628.715855	0	0
1628.765860	0	0
1628.815866	0	0
1628.865870	0	0
1628.915875	0	0
1628.965880	0	0
1629.015885	0	0
1629.065890	0	0
1629.115895	0	0
1629.165900	0	0
1629.215905	0	0
1629.265910	0	0
1629.315915	0	0
1629.365921	0	0
1629.415926	0	0
1629.465930	0	0
1629.515935	0	0
1629.565940	0	0
1629.615945	0	0
1629.665950	0	0
1629.715955	0	0
1629.765960	0	0
1629.815965	0	0
1629.865970	0	0
1629.915975	0	0
1629.965981	0	0
1630.015985	0	0
1630.065990	0	0
1630.115995	0	0
1630.166000	0	0
1630.216005	0	0
1630.266010	0	0
1630.316015	0	0
1630.366020	0	0
1630.416025	0	0
1630.466030	0	0
1630.516035	0	0
1630.566041	0	0
1630.616045	0	0
1630.666050	0	0
1630.716055	0	0
1630.766060	0	0
1630.816065	0	0
1630.866070	0	0
1630.916075	0	0
1630.966080	0	0
1631.016085	0	0
1631.066090	0	0
1631.116096	0	0
1631.166101	0	0
1631.216105	0	0
1631.266110	0	0
1631.316115	0	0
1631.366120	0	0
1631.416125	0	0
1631.466130	0	0
1631.516135	0	0
1631.566140	0	0
1631.616145	0	0
1631.666150	0	0
1631.716156	0	0
1631.766160	0	0
1631.816165	0	0
1631.866170	0	0
1631.916175	0	0
1631.966180	0	0
1632.016185	0	0
1632.066190	0	0
1632.116195	0	0
1632.166200	0	0
1632.216205	0	0
1632.266210	0	0
1632.316216	0	0
1632.366220	0	0
1632.416225	0	0
1632.466230	0	0
1632.516235	0	0
1632.566240	0	0
1632.616245	0	0
1632.666250	0	0
1632.716255	0	0
1632.766260	0	0
1632.816265	0	0
1632.866271	0	0
1632.916276	0	0
1632.966280	0	0
1633.016285	0	0
1633.066290	0	0
1633.116295	0	0
1633.166300	0	0
1633.216305	0	0
1633.266310	0	0
1633.316315	0	0
1633.366320	0	0
1633.416325	0	0
1633.466331	0	0
1633.516335	0	0
1633.566340	0	0
1633.616345	0	0
1633.666350	0	0
1633.716355	0	0
1633.766360	0	0
1633.816365	0	0
1633.866370	0	0
1633.916375	0	0
1633.966380	0	0
1634.016385	0	0
1634.066391	0	0
1634.116395	0	0
1634.166400	0	0
1634.216405	0	0
1634.266410	0	0
1634.316415	0	0
1634.366420	0	0
1634.416425	0	0
1634.466430	0	0
1634.516435	0	0
1634.566440	0	0
1634.616446	0	0
1634.666451	0	0
1634.716455	0	0
1634.766460	0	0
1634.816465	0	0
1634.866470	0	0
1634.916475	0	0
1634.966480	0	0
1635.016485	0	0
1635.066490	0	0
1635.116495	0	0
1635.166500	0	0
1635.216506	0	0
1635.266510	0	0
1635.316515	0	0
1635.366520	0	0
1635.416525	0	0
1635.466530	0	0
1635.516535	0	0
1635.566540	0	0
1635.616545	0	0
1635.666550	0	0
1635.716555	0	0
1635.766560	0	0
1635.816566	0	0
1635.866570	0	0
1635.916575	0	0
1635.966580	0	0
1636.016585	0	0
1636.066590	0	0
1636.116595	0	0
1636.166600	0	0
1636.216605	0	0
1636.266610	0	0
1636.316615	0	0
1636.366621	0	0
1636.416625	0	0
1636.466630	0	0
1636.516635	0	0
1636.566640	0	0
1636.616645	0	0
1636.666650	0	0
1636.716655	0	0
1636.766660	0	0
1636.816665	0	0
1636.866670	0	0
1636.916675	0	0
1636.966681	0	0
1637.016685	0	0
1637.066690	0	0
1637.116695	0	0
1637.166700	0	0
1637.216705	0	0
1637.266710	0	0
1637.316715	0	0
1637.366720	0	0
1637.416725	0	0
1637.466730	0	0
1637.516735	0	0
1637.566741	0	0
1637.616745	0	0
1637.666750	0	0
1637.716755	0	0
1637.766760	0	0
1637.815765	0	0
1637.865770	0	0
1637.915775	0	0
1637.965780	0	0
1638.015785	0	0
1638.065790	0	0
1638.115795	0	0
1638.165800	0	0
1638.215805	0	0
1638.265810	0	0
1638.315815	0	0
1638.365820	0	0
1638.415825	0	0
1638.465830	0	0
1638.515835	0	0
1638.565840	0	0
1638.615845	0	0
1638.665850	0	0
1638.715855	0	0
1638.765860	0	0
1638.815865	0	0
1638.865870	0	0
1638.915875	0	0
1638.965880	13	0
1639.015885	29	0
1639.065890	101	0
1639.115895	109	0
1639.165900	117	0
1639.215905	161	0
1639.265910	221	0
1639.315915	281	0
1639.365920	393	0
1639.415925	561	0
1639.465930	645	0
1639.515935	681	0
1639.565940	725	0
1639.615945	733	0
1639.665950	749	0
1639.715955	749	0
1639.765960	749	0
1639.815965	749	0
1639.865970	749	0
1639.915975	749	0
1639.965980	749	0
1640.015985	749	0
1640.065990	749	0
1640.115995	749	0
1640.166000	769	0
1640.216005	801	0
1640.266010	837	0
1640.316015	857	0
1640.366020	857	0
1640.416025	857	0
1640.466030	857	0
1640.516035	873	0
1640.566040	873	0
1640.616045	873	0
1640.666050	873	0
1640.716055	873	0
1640.766060	873	0
1640.816065	873	0
1640.866070	873	0
1640.916075	873	0
1640.966080	873	0
1641.016085	873	0
1641.066090	873	0
1641.116095	873	0
1641.166100	873	0
1641.216105	873	0
1641.266110	873	0
1641.316115	873	0
1641.366120	873	0
1641.416125	873	0
1641.466130	873	0
1641.516135	873	0
1641.566140	873	0
1641.616145	873	0
1641.666150	873	0
1641.716155	873	0
1641.766160	873	0
1641.816165	873	0
1641.866170	873	0
1641.916175	873	0
1641.966180	873	0
1642.016185	873	0
1642.066190	873	0
1642.116195	873	0
1642.166200	873	0
1642.216205	873	0
1642.266210	873	0
1642.316215	873	0
1642.366220	873	0
1642.416225	873	0
1642.466230	873	0
1642.516235	881	0
1642.566240	881	0
1642.616245	881	0
1642.666250	881	0
1642.716255	881	0
1642.766260	881	0
1642.816265	881	0
1642.866270	881	0
1642.916275	881	0
1642.966280	881	0
1643.016285	881	0
1643.066290	881	0
1643.116295	881	0
1643.166300	881	0
1643.216305	881	0
1643.266310	881	0
1643.316315	881	0
1643.366320	881	0
1643.416325	881	0
1643.466330	881	0
1643.516335	881	0
1643.566340	881	0
1643.616345	881	0
1643.666350	881	0
1643.716355	881	0
1643.766360	881	0
1643.816365	881	0
1643.866370	881	0
1643.916375	881	0
1643.966380	881	0
1644.016385	881	0
1644.066390	881	0
1644.116395	881	0
1644.166400	881	0
1644.216405	881	0
1644.266410	881	0
1644.316415	881	0
1644.366420	881	0
1644.416425	881	0
1644.466430	881	0
1644.516435	881	0
1644.566440	993	0
1644.616445	993	0
1644.666450	1021	0
1644.716455	1133	0
1644.766460	1161	0
1644.816465	1253	0
1644.866470	1253	0
1644.916475	1357	0
1644.966480	1357	0
1645.016485	1401	0
1645.066490	1401	0
1645.116495	1473	0
1645.166500	1577	0
1645.216505	1637	0
1645.266510	1737	-189
1645.316515	1777	-189
1645.366520	1829	-189
1645.416525	1961	-201
1645.466530	2053	-205
1645.516535	2161	-221
1645.566540	2309	-233
1645.616545	2409	-241
1645.666550	2513	-241
1645.716555	2525	-241
1645.766560	2561	-241
1645.816565	2581	-241
1645.866570	2581	-241
1645.916575	2597	-241
1645.966580	2645	-241
1646.016585	2685	-241
1646.066590	2753	-241
1646.116595	2829	-241
1646.166600	3041	-241
1646.216605	3133	-241
1646.266610	3277	-241
1646.316615	3277	-241
1646.366620	3301	-241
1646.416625	3301	-241
1646.466630	3301	-241
1646.516635	3301	-241
1646.566640	3301	-241
1646.616645	3301	-241
1646.666650	3301	-241
1646.716655	3301	-241
1646.766660	3301	-241
1646.816665	3313	-241
1646.866670	3313	-241
1646.916675	3313	-241
1646.966680	3317	-165
1647.016685	3337	-113
1647.066690	3385	-113
1647.116695	3437	-113
1647.166700	3465	-113
1647.216705	3545	-113
1647.266710	3577	-113
1647.316715	3689	-113
1647.366720	3861	-113
1647.416725	4009	-113
1647.466730	4097	-65
1647.516735	4113	104
1647.566740	4113	276
1647.616745	4113	364
1647.666750	4113	432
1647.716755	4113	512
1647.766760	4113	556
1647.816765	4113	576
1647.866770	4113	580
1647.916775	4117	580
1647.966780	4133	580
1648.016785	4173	580
1648.066790	4173	580
1648.116795	4173	580
1648.166800	4173	580
1648.216805	4173	580
1648.266810	4173	580
1648.316815	4173	580
1648.366820	4173	580
1648.416825	4173	580
1648.466830	4173	580
1648.516835	4173	580
1648.566840	4173	580
1648.616845	4173	580
1648.666850	4173	580
1648.716855	4173	580
1648.766860	4173	580
1648.816865	4173	580
1648.866870	4173	580
1648.916875	4173	580
1648.966880	4173	580
1649.016885	4173	580
1649.066890	4173	580
1649.116895	4173	580
1649.166900	4173	580
1649.216905	4173	580
1649.266910	4173	580
1649.316915	4173	580
1649.366920	4173	580
1649.416925	4173	580
1649.466930	4173	580
1649.516935	4173	580
1649.566940	4173	580
1649.616945	4173	580
1649.666950	4173	580
1649.716955	4173	580
1649.766960	4173	580
1649.816965	4173	580
1649.866970	4173	580
1649.916975	4173	580
1649.966980	4173	580
1650.016985	4173	580
1650.066990	4173	580
1650.116995	4173	580
1650.167000	4173	580
1650.217005	4173	580
1650.267010	4173	580
1650.317015	4173	580
1650.367020	4173	580
1650.417025	4173	580
1650.467030	4173	580
1650.517035	4173	580
1650.567040	4173	580
1650.617045	4173	580
1650.667050	4173	580
1650.717055	4173	580
1650.767060	4173	580
1650.817065	4173	580
1650.867070	4173	580
1650.917075	4173	580
1650.967080	4173	580
1651.017085	4173	580
1651.067090	4173	580
1651.117095	4173	580
1651.167100	4173	580
1651.217105	4173	580
1651.267110	4173	580
1651.317115	4173	580
1651.367120	4173	580
1651.417125	4173	580
1651.467130	4173	580
1651.517135	4173	580
1651.567140	4173	580
1651.617145	4173	580
1651.667150	4173	580
1651.717155	4173	580
1651.767160	4173	580
1651.817165	4173	580
1651.867170	4173	580
1651.917175	4173	580
1651.967180	4173	580
1652.017185	4173	580
1652.067190	4173	580
1652.117195	4173	580
1652.167200	4173	580
1652.217205	4173	580
1652.267210	4173	580
1652.317215	4173	580
1652.367220	4173	580
1652.417225	4173	580
1652.467230	4173	580
1652.517235	4173	580
1652.567240	4173	580
1652.617245	4173	580
1652.667250	4173	580
1652.717255	4173	580
1652.767260	4173	580
1652.817265	4173	580
1652.867270	4173	580
1652.917275	4173	580
1652.967280	4173	580
1653.017285	4173	580
1653.067290	4173	580
1653.117295	4173	580
1653.167300	4173	580
1653.217305	4173	580
1653.267310	4173	580
1653.317315	4173	580
1653.367320	4173	580
1653.417325	4173	580
1653.467330	4173	580
1653.517335	4173	580
1653.567340	4173	580
1653.617345	4173	580
1653.667350	4173	580
1653.717355	4173	580
1653.767360	4173	580
1653.817365	4173	580
1653.867370	4173	580
1653.917375	4173	580
1653.967380	4173	580
1654.017385	4173	580
1654.067390	4173	580
1654.117395	4173	580
1654.167400	4173	580
1654.217405	4173	580
1654.267410	4173	580
1654.317415	4173	580
1654.367420	4173	580
1654.417425	4173	580
1654.467430	4173	580
1654.517435	4173	580
1654.567440	4173	580
1654.617445	4173	580
1654.667450	4173	580
1654.717455	4173	580
1654.767460	4173	580
1654.817465	4173	580
1654.867470	4173	580
1654.917475	4173	580
1654.967480	4173	580
1655.017485	4173	580
1655.067490	4173	580
1655.117495	4173	580
1655.167500	4173	580
1655.217505	4173	580
1655.266510	4173	580
1655.316515	4173	580
1655.366520	4173	580
1655.416525	4173	580
1655.466530	4173	580
1655.516535	4173	580
1655.566540	4173	580
1655.616545	4173	580
1655.666550	4173	580
1655.716555	4173	580
1655.766560	4173	580
1655.816565	4173	580
1655.866570	4173	580
1655.916575	4173	580
1655.966580	4173	580
1656.016585	4173	580
1656.066590	4173	580
1656.116595	4173	580
1656.166600	4173	580
1656.216605	4173	580
1656.266610	4173	580
1656.316615	4173	580
1656.366620	4173	580
1656.416625	4173	580
1656.466630	4173	580
1656.516635	4173	580
1656.566640	4173	580
1656.616645	4173	580
1656.666650	4173	580
1656.716655	4173	580
1656.766660	4173	580
1656.816665	4173	580
1656.866670	4173	580
1656.916675	4173	580
1656.966680	4173	580
1657.016685	4173	580
1657.066690	4173	580
1657.116695	4173	580
1657.166700	4173	580
1657.216705	4173	580
1657.266710	4173	580
1657.316715	4173	580
1657.366720	4173	580
1657.416725	4173	580
1657.466730	4173	580
1657.516735	4173	580
1657.566740	4173	580
1657.616745	4173	580
1657.666750	4173	580
1657.716755	4173	580
1657.766760	4173	580
1657.816765	4173	580
1657.866770	4173	580
1657.916775	4173	580
1657.966780	4173	580
1658.016785	4173	580
1658.066790	4173	580
1658.116795	4173	580
1658.166800	4173	580
1658.216805	4173	580
1658.266810	4173	580
1658.316815	4173	580
1658.366820	4173	580
1658.416825	4173	580
1658.466830	4173	580
1658.516835	4173	580
1658.566840	4173	580
1658.616845	4173	580
1658.666850	4173	580
1658.716855	4173	580
1658.766860	4173	580
1658.816865	4173	580
1658.866870	4173	580
1658.916875	4173	580
1658.966880	4173	580
1659.016885	4173	580
1659.066890	4173	580
1659.116895	4173	580
1659.166900	4173	580
1659.216905	4173	580
1659.266910	4173	580
1659.316915	4173	580
1659.366920	4173	580
1659.416925	4173	580
1659.466930	4173	580
1659.516935	4173	580
1659.566940	4173	580
1659.616945	4173	580
1659.666950	4173	580
1659.716955	4173	580
1659.766960	4173	580
1659.816965	4173	580
1659.866970	4173	580
1659.916975	4173	580
1659.966980	4173	580
1660.016985	4173	580
1660.066990	4173	580
1660.116995	4173	580
1660.167000	4173	580
1660.217005	4173	580
1660.267010	4173	580
1660.317015	4173	580
1660.367020	4173	580
1660.417025	4173	580
1660.467030	4173	580
1660.517035	4173	580
1660.567040	4173	580
1660.617045	4173	580
1660.667050	4173	580
1660.717055	4173	580
1660.767060	4173	580
1660.817065	4173	580
1660.867070	4173	580
1660.917075	4173	580
1660.967080	4173	580
1661.017085	4173	580
1661.067090	4173	580
1661.117095	4173	580
1661.167100	4173	580
1661.217105	4173	580
1661.267110	4173	580
1661.317115	4173	580
1661.367120	4173	580
1661.417125	4173	580
1661.467130	4173	580
1661.517135	4173	580
1661.567140	4173	580
1661.617145	4173	580
1661.667150	4173	580
1661.717155	4173	580
1661.767160	4173	580
1661.817165	4173	580
1661.867170	4173	580
1661.917175	4173	580
1661.967180	4173	580
1662.017185	4173	580
1662.067190	4173	580
1662.117195	4173	580
1662.167200	4173	580
1662.217205	4173	580
1662.267210	4173	580
1662.317215	4173	580
1662.367220	4173	580
1662.417225	4173	580
1662.467230	4173	580
1662.517235	4173	580
1662.567240	4173	580
1662.617245	4173	580
1662.667250	4173	580
1662.717255	4173	580
1662.767260	4173	580
1662.817265	4173	580
1662.867270	4173	580
1662.917275	4173	580
1662.967280	4173	580
1663.017285	4173	580
1663.067290	4173	580
1663.117295	4173	580
1663.167300	4173	580
1663.217305	4173	580
1663.267310	4173	580
1663.317315	4173	580
1663.367320	4173	580
1663.417325	4173	580
1663.467330	4173	580
1663.517335	4173	580
1663.567340	4173	580
1663.617345	4173	580
1663.667350	4173	580
1663.717355	4173	580
1663.767360	4173	580
1663.817365	4173	580
1663.867370	4173	580
1663.917375	4173	580
1663.967380	4173	580
1664.017385	4173	580
1664.067390	4173	580
1664.117395	4173	580
1664.167400	4173	580
1664.217405	4173	580
1664.267410	4173	580
1664.317415	4173	580
1664.367420	4173	580
1664.417425	4173	580
1664.467430	4173	580
1664.517435	4173	580
1664.567440	4173	580
1664.617445	4173	580
1664.667450	4173	580
1664.717455	4173	580
1664.767460	4173	580
1664.817465	4173	580
1664.867470	4173	580
1664.917475	4173	580
1664.967480	4173	580
1665.017485	4173	580
1665.067490	4173	580
1665.117495	4173	580
1665.167500	4173	580
1665.217505	4173	580
1665.267510	4173	580
1665.317515	4173	580
1665.367520	4173	580
1665.417525	4173	580
1665.467530	4173	580
1665.517535	4173	580
1665.567540	4173	580
1665.617545	4173	580
1665.667550	4173	580
1665.717555	4173	580
1665.767560	4173	580
1665.817565	4173	580
1665.867570	4173	580
1665.917575	4173	580
1665.967580	4173	580
1666.017585	4173	580
1666.067590	4173	580
1666.117595	4173	580
1666.167600	4173	580
1666.217605	4173	580
1666.267610	4173	580
1666.317615	4173	580
1666.367620	4173	580
1666.417625	4173	580
1666.467630	4173	580
1666.517635	4173	580
1666.567640	4173	580
1666.617645	4173	580
1666.667650	4173	580
1666.717655	4173	580
1666.767660	4173	580
1666.817665	4173	580
1666.867670	4173	580
1666.917675	4173	580
1666.967680	4173	580
1667.017685	4173	580
1667.067690	4173	580
1667.117695	4173	580
1667.167700	4173	580
1667.217705	4173	580
1667.267710	4173	580
1667.317715	4173	580
1667.367720	4173	580
1667.417725	4173	580
1667.467730	4173	580
1667.517735	4173	580
1667.567740	4173	580
1667.617745	4173	580
1667.667750	4173	580
1667.717755	4173	580
1667.767760	4173	580
1667.817765	4173	580
1667.867770	4173	580
1667.917775	4173	580
1667.967780	4173	580
1668.017785	4173	580
1668.067790	4173	580
1668.117795	4173	580
1668.167800	4173	580
1668.217805	4173	580
1668.267810	4173	580
1668.317815	4173	580
1668.367820	4173	580
1668.417825	4173	580
1668.467830	4173	580
1668.517835	4173	580
1668.567840	4173	580
1668.617845	4173	580
1668.667850	4173	580
1668.717855	4173	580
1668.767860	4173	580
1668.817865	4173	580
1668.867870	4173	580
1668.917875	4173	580
1668.967880	4173	580
1669.017885	4173	580
1669.067890	4173	580
1669.117895	4173	580
1669.167900	4173	580
1669.217905	4173	580
1669.267910	4173	580
1669.317915	4173	580
1669.367920	4173	580
1669.417925	4173	580
1669.467930	4173	580
1669.517935	4173	580
1669.567940	4173	580
1669.617945	4173	580
1669.667950	4173	580
1669.717955	4173	580
1669.767960	4173	580
1669.817965	4173	580
1669.867970	4173	580
1669.917975	4173	580
1669.967980	4173	580
1670.017985	4173	580
1670.067990	4173	580
1670.117995	4173	580
1670.168000	4173	580
1670.218005	4173	580
1670.268010	4173	580
1670.318015	4173	580
1670.368020	4173	580
1670.418025	4173	580
1670.468030	4173	580
1670.518035	4173	580
1670.568040	4173	580
1670.618045	4173	580
1670.668050	4173	580
1670.718055	4173	580
1670.768060	4173	580
1670.818065	4173	580
1670.868070	4173	580
1670.918075	4173	580
1670.968080	4173	580
1671.018085	4173	580
1671.068090	4173	580
1671.118095	4173	580
1671.168100	4173	580
1671.218105	4173	580
1671.268110	4173	580
1671.318115	4173	580
1671.368120	4173	580
1671.418125	4173	580
1671.468130	4173	580
1671.518135	4173	580
1671.568140	4173	580
1671.618145	4173	580
1671.668150	4173	580
1671.718155	4173	580
1671.768160	4173	580
1671.818165	4173	580
1671.868170	4173	580
1671.918175	4173	580
1671.968180	4173	580
1672.018185	4173	580
1672.068190	4173	580
1672.118195	4173	580
1672.168200	4173	580
1672.218205	4173	580
1672.268210	4173	580
1672.318215	4173	580
1672.368220	4173	580
1672.418225	4173	580
1672.468230	4173	580
1672.518235	4173	580
1672.568240	4173	580
1672.618245	4173	580
1672.668250	4173	580
1672.718255	4173	580
1672.767260	4173	580
1672.817265	4173	580
1672.867270	4173	580
1672.917275	4173	580
1672.967280	4173	580
1673.017285	4173	580
1673.067290	4173	580
1673.117295	4173	580
1673.167300	4173	580
1673.217305	4173	580
1673.267310	4173	580
1673.317315	4173	580
1673.367320	4173	580
1673.417325	4173	580
1673.467330	4173	580
1673.517335	4173	580
1673.567340	4173	580
1673.617345	4173	580
1673.667350	4173	580
1673.717355	4173	580
1673.767360	4173	580
1673.817365	4173	580
1673.867370	4173	580
1673.917375	4173	580
1673.967380	4173	580
1674.017385	4173	580
1674.067390	4173	580
1674.117395	4173	580
1674.167400	4173	580
1674.217405	4173	580
1674.267410	4173	580
1674.317415	4173	580
1674.367420	4173	580
1674.417425	4173	580
1674.467430	4173	580
1674.517435	4173	580
1674.567440	4173	580
1674.617445	4173	580
1674.667450	4173	580
1674.717455	4173	580
1674.767460	4173	580
1674.817465	4173	580
1674.867470	4173	580
1674.917475	4173	580
1674.967480	4173	580
1675.017485	4173	580
1675.067490	4173	580
1675.117495	4173	580
1675.167500	4173	580
1675.217505	4173	580
1675.267510	4173	580
1675.317515	4173	580
1675.367520	4173	580
1675.417525	4173	580
1675.467530	4173	580
1675.517535	4173	580
1675.567540	4173	580
1675.617545	4173	580
1675.667550	4173	580
1675.717555	4173	580
1675.767560	4173	580
1675.817565	4173	580
1675.867570	4173	580
1675.917575	4173	580
1675.967580	4173	580
1676.017585	4173	580
1676.067590	4173	580
1676.117595	4173	580
1676.167600	4173	580
1676.217605	4173	580
1676.267610	4173	580
1676.317615	4173	580
1676.367620	4173	580
1676.417625	4173	580
1676.467630	4173	580
1676.517635	4173	580
1676.567640	4173	580
1676.617645	4173	580
1676.667650	4173	580
1676.717655	4173	580
1676.767660	4173	580
1676.817665	4173	580
1676.867670	4173	580
1676.917675	4173	580
1676.967680	4173	580
1677.017685	4173	580
1677.067690	4173	580
1677.117695	4173	580
1677.167700	4173	580
1677.217705	4173	580
1677.267710	4173	580
1677.317715	4173	580
1677.367720	4173	580
1677.417725	4173	580
1677.467730	4173	580
1677.517735	4173	580
1677.567740	4173	580
1677.617745	4173	580
1677.667750	4173	580
1677.717755	4173	580
1677.767760	4173	580
1677.817765	4173	580
1677.867770	4173	580
1677.917775	4173	580
1677.967780	4173	580
1678.017785	4173	580
1678.067790	4173	580
1678.117795	4173	580
1678.167800	4173	580
1678.217805	4173	580
1678.267810	4173	580
1678.317815	4169	580
1678.367820	4169	580
1678.417825	4169	580
1678.467830	4161	580
1678.517835	4161	580
1678.567840	4161	580
1678.617845	4161	580
1678.667850	4153	580
1678.717855	4113	580
1678.767860	4113	580
1678.817865	4113	580
1678.867870	4113	580
1678.917875	4113	580
1678.967880	4113	580
1679.017885	4113	580
1679.067890	4113	580
1679.117895	4113	580
1679.167900	4113	580
1679.217905	4113	580
1679.267910	4113	580
1679.317915	4113	580
1679.367920	4113	580
1679.417925	4113	580
1679.467930	4113	580
1679.517935	4113	580
1679.567940	4113	580
1679.617945	4113	580
1679.667950	4113	580
1679.717955	4113	580
1679.767960	4113	580
1679.817965	4113	580
1679.867970	4113	580
1679.917975	4113	580
1679.967980	4113	580
1680.017985	4113	580
1680.067990	4113	580
1680.117995	4109	580
1680.168000	4109	580
1680.218005	4109	580
1680.268010	4109	580
1680.318015	4101	580
1680.368020	4093	580
1680.418025	4065	580
1680.468030	4065	580
1680.518035	4065	580
1680.568040	4041	580
1680.618045	4041	580
1680.668050	4013	580
1680.718055	4013	580
1680.768060	4013	580
1680.818065	4009	580
1680.868070	4005	580
1680.918075	3985	580
1680.968080	3977	580
1681.018085	3949	580
1681.068090	3949	580
1681.118095	3949	580
1681.168100	3917	580
1681.218105	3917	580
1681.268110	3909	580
1681.318115	3877	580
1681.368120	3849	580
1681.418125	3817	580
1681.468130	3741	580
1681.518135	3705	580
1681.568140	3657	580
1681.618145	3629	580
1681.668150	3597	580
1681.718155	3577	584
1681.768160	3545	584
1681.818165	3517	592
1681.868170	3501	592
1681.918175	3501	592
1681.968180	3445	600
1682.018185	3369	600
1682.068190	3277	600
1682.118195	3169	600
1682.168200	3057	600
1682.218205	2997	600
1682.268210	2937	600
1682.318215	2833	600
1682.368220	2701	600
1682.418225	2629	600
1682.468230	2597	600
1682.518235	2565	600
1682.568240	2565	600
1682.618245	2565	600
1682.668250	2565	600
1682.718255	2565	600
1682.768260	2565	600
1682.818265	2565	600
1682.868270	2565	600
1682.918275	2565	600
1682.968280	2565	600
1683.018285	2565	600
1683.068290	2565	600
1683.118295	2565	600
1683.168300	2565	600
1683.218305	2565	600
1683.268310	2565	600
1683.318315	2565	600
1683.368320	2565	600
1683.418325	2565	600
1683.468330	2565	600
1683.518335	2565	600
1683.568340	2565	600
1683.618345	2565	600
1683.668350	2565	600
1683.718355	2565	600
1683.768360	2565	600
1683.818365	2565	600
1683.868370	2565	600
1683.918375	2565	600
1683.968380	2565	600
1684.018385	2565	600
1684.068390	2561	600
1684.118395	2557	600
1684.168400	2557	600
1684.218405	2557	600
1684.268410	2557	600
1684.318415	2557	600
1684.368420	2557	600
1684.418425	2557	600
1684.468430	2557	600
1684.518435	2557	600
1684.568440	2557	600
1684.618445	2557	600
1684.668450	2557	600
1684.718455	2545	600
1684.768460	2545	600
1684.818465	2545	600
1684.868470	2545	600
1684.918475	2545	600
1684.968480	2545	600
1685.018485	2541	600
1685.068490	2541	600
1685.118495	2541	600
1685.168500	2541	600
1685.218505	2541	600
1685.268510	2541	600
1685.318515	2541	600
1685.368520	2541	600
1685.418525	2605	600
1685.468530	2629	600
1685.518535	2697	600
1685.568540	2713	600
1685.618545	2753	600
1685.668550	2805	600
1685.718555	2837	600
1685.768560	2913	600
1685.818565	3001	600
1685.868570	3101	600
1685.918575	3157	600
1685.968580	3213	600
1686.018585	3269	600
1686.068590	3353	600
1686.118595	3441	600
1686.168600	3613	600
1686.218605	3729	600
1686.268610	3773	600
1686.318615	3821	600
1686.368620	3845	600
1686.418625	3861	600
1686.468630	3897	600
1686.518635	3909	600
1686.568640	3949	600
1686.618645	3985	600
1686.668650	4033	600
1686.718655	4077	600
1686.768660	4133	600
1686.818665	4177	600
1686.868670	4217	600
1686.918675	4225	600
1686.968680	4225	600
1687.018685	4225	600
1687.068690	4229	600
1687.118695	4261	600
1687.168700	4261	600
1687.218705	4261	600
1687.268710	4261	600
1687.318715	4261	600
1687.368720	4261	600
1687.418725	4261	600
1687.468730	4261	600
1687.518735	4261	600
1687.568740	4261	600
1687.618745	4261	600
1687.668750	4261	600
1687.718755	4261	600
1687.768760	4261	600
1687.818765	4261	600
1687.868770	4261	600
1687.918775	4261	600
1687.968780	4261	600
1688.018785	4261	600
1688.068790	4261	600
1688.118795	4261	600
1688.168800	4261	600
1688.218805	4261	600
1688.268810	4261	600
1688.318815	4261	600
1688.368820	4261	600
1688.418825	4261	600
1688.468830	4261	600
1688.518835	4261	600
1688.568840	4261	600
1688.618845	4261	600
1688.668850	4261	600
1688.718855	4261	600
1688.768860	4261	600
1688.818865	4261	600
1688.868870	4261	600
1688.918875	4261	600
1688.968880	4261	600
1689.018885	4265	600
1689.068890	4273	600
1689.118895	4273	600
1689.168900	4281	600
1689.218905	4305	600
1689.268910	4305	600
1689.318915	4305	600
1689.368920	4305	600
1689.418925	4305	600
1689.468930	4305	600
1689.518935	4305	600
1689.568940	4305	600
1689.618945	4305	600
1689.668950	4305	600
1689.718955	4305	600
1689.768960	4305	600
1689.818965	4305	600
1689.868970	4305	600
1689.918975	4305	600
1689.968980	4305	600
1690.018985	4305	600
1690.068990	4305	600
1690.118995	4305	600
1690.169000	4305	600
1690.219005	4305	600
1690.268010	4305	600
1690.318015	4305	600
1690.368020	4305	600
1690.418025	4305	600
1690.468030	4305	600
1690.518035	4305	600
1690.568040	4305	600
1690.618045	4305	600
1690.668050	4305	600
1690.718055	4305	600
1690.768060	4305	600
1690.818065	4305	600
1690.868070	4305	600
1690.918075	4305	600
1690.968080	4305	600
1691.018085	4305	600
1691.068090	4305	600
1691.118095	4305	600
1691.168100	4305	600
1691.218105	4305	600
1691.268110	4305	600
1691.318115	4305	600
1691.368120	4305	600
1691.418125	4305	600
1691.468130	4305	600
1691.518135	4305	600
1691.568140	4305	600
1691.618145	4305	600
1691.668150	4305	600
1691.718155	4305	600
1691.768160	4305	600
1691.818165	4305	600
1691.868170	4305	600
1691.918175	4305	600
1691.968180	4305	600
1692.018185	4305	600
1692.068190	4305	600
1692.118195	4305	600
1692.168200	4305	600
1692.218205	4305	600
1692.268210	4305	600
1692.318215	4305	600
1692.368220	4305	600
1692.418225	4305	600
1692.468230	4305	600
1692.518235	4305	600
1692.568240	4305	600
1692.618245	4305	600
1692.668250	4305	600
1692.718255	4305	600
1692.768260	4305	600
1692.818265	4305	600
1692.868270	4305	600
1692.918275	4305	600
1692.968280	4305	600
1693.018285	4305	600
1693.068290	4305	600
1693.118295	4305	600
1693.168300	4305	600
1693.218305	4305	600
1693.268310	4305	600
1693.318315	4305	600
1693.368320	4305	600
1693.418325	4305	600
1693.468330	4305	600
1693.518335	4305	600
1693.568340	4305	600
1693.618345	4305	600
1693.668350	4305	600
1693.718355	4305	600
1693.768360	4305	600
1693.818365	4305	600
1693.868370	4305	600
1693.918375	4305	600
1693.968380	4301	600
1694.018385	4301	600
1694.068390	4301	600
1694.118395	4301	600
1694.168400	4297	600
1694.218405	4273	600
1694.268410	4273	600
1694.318415	4273	600
1694.368420	4273	600
1694.418425	4265	600
1694.468430	4233	600
1694.518435	4221	600
1694.568440	4185	600
1694.618445	4181	600
1694.668450	4181	600
1694.718455	4181	600
1694.768460	4177	600
1694.818465	4153	600
1694.868470	4153	600
1694.918475	4153	600
1694.968480	4145	600
1695.018485	4125	600
1695.068490	4121	600
1695.118495	4121	600
1695.168500	4105	600
1695.218505	4101	600
1695.268510	4097	600
1695.318515	4097	600
1695.368520	4081	600
1695.418525	4081	600
1695.468530	4069	600
1695.518535	4069	600
1695.568540	4069	600
1695.618545	4069	600
1695.668550	4069	600
1695.718555	4069	600
1695.768560	4069	600
1695.818565	4069	600
1695.868570	4069	600
1695.918575	4053	600
1695.968580	4053	600
1696.018585	4053	600
1696.068590	4053	600
1696.118595	4025	600
1696.168600	4025	600
1696.218605	4025	600
1696.268610	4025	600
1696.318615	4025	600
1696.368620	4025	600
1696.418625	4025	600
1696.468630	4025	600
1696.518635	4025	600
1696.568640	4025	600
1696.618645	4025	600
1696.668650	4025	600
1696.718655	4025	600
1696.768660	4025	600
1696.818665	4025	600
1696.868670	4025	600
1696.918675	4025	600
1696.968680	4025	600
1697.018685	4025	600
1697.068690	4025	600
1697.118695	4025	600
1697.168700	4025	600
1697.218705	4025	600
1697.268710	4025	600
1697.318715	4025	600
1697.368720	4025	600
1697.418725	4025	600
1697.468730	4025	600
1697.518735	4025	600
1697.568740	4025	600
1697.618745	4025	600
1697.668750	4025	600
1697.718755	4017	600
1697.768760	4017	600
1697.818765	4017	600
1697.868770	4017	600
1697.918775	4017	600
1697.968780	4017	600
1698.018785	4017	600
1698.068790	4009	600
1698.118795	4009	600
1698.168800	3969	600
1698.218805	3969	600
1698.268810	3969	600
1698.318815	3969	600
1698.368820	3969	600
1698.418825	3969	600
1698.468830	3969	600
1698.518835	3965	600
1698.568840	3949	600
1698.618845	3949	600
1698.668850	3949	600
1698.718855	3949	600
1698.768860	3913	600
1698.818865	3913	600
1698.868870	3913	600
1698.918875	3913	600
1698.968880	3913	600
1699.018885	3913	600
1699.068890	3913	600
1699.118895	3913	600
1699.168900	3913	600
1699.218905	3913	600
1699.268910	3913	600
1699.318915	3913	600
1699.368920	3913	600
1699.418925	3913	600
1699.468930	3913	600
1699.518935	3913	600
1699.568940	3913	600
1699.618945	3913	600
1699.668950	3913	600
1699.718955	3913	600
1699.768960	3913	600
1699.818965	3913	600
1699.868970	3913	600
1699.918975	3913	600
1699.968980	3913	600
1700.018985	3913	600
1700.068990	3913	600
1700.118995	3913	600
1700.169000	3913	600
1700.219005	3913	600
1700.269010	3913	600
1700.319015	3913	600
1700.369020	3913	600
1700.419025	3913	600
1700.469030	3913	600
1700.519035	3913	600
1700.569040	3913	600
1700.619045	3913	600
1700.669050	3913	600
1700.719055	3913	600
1700.769060	3913	600
1700.819065	3913	600
1700.869070	3913	600
1700.919075	3913	600
1700.969080	3913	600
1701.019085	3913	600
1701.069090	3913	600
1701.119095	3913	600
1701.169100	3913	600
1701.219105	3913	600
1701.269110	3913	600
1701.319115	3913	600
1701.369120	3913	600
1701.419125	3913	600
1701.469130	3913	600
1701.519135	3913	600
1701.569140	3913	600
1701.619145	3913	600
1701.669150	3913	600
1701.719155	3913	600
1701.769160	3913	600
1701.819165	3913	600
1701.869170	3913	600
1701.919175	3913	600
1701.969180	3913	600
1702.019185	3913	600
1702.069190	3913	600
1702.119195	3913	600
1702.169200	3913	600
1702.219205	3913	600
1702.269210	3913	600
1702.319215	3913	600
1702.369220	3913	600
1702.419225	3913	600
1702.469230	3913	600
1702.519235	3913	600
1702.569240	3913	600
1702.619245	3913	600
1702.669250	3913	600
1702.719255	3913	600
1702.769260	3913	600
1702.819265	3913	600
1702.869270	3913	600
1702.919275	3913	600
1702.969280	3913	600
1703.019285	3913	600
1703.069290	3913	600
1703.119295	3913	600
1703.169300	3913	600
1703.219305	3913	600
1703.269310	3913	600
1703.319315	3913	600
1703.369320	3913	600
1703.419325	3913	600
1703.469330	3913	600
1703.519335	3913	600
1703.569340	3913	600
1703.619345	3913	600
1703.669350	3913	600
1703.719355	3913	600
1703.769360	3913	600
1703.819365	3913	600
1703.869370	3913	600
1703.919375	3913	600
1703.969380	3913	600
1704.019385	3913	600
1704.069390	3913	600
1704.119395	3913	600
1704.169400	3913	600
1704.219405	3913	600
1704.269410	3913	600
1704.319415	3913	600
1704.369420	3913	600
1704.419425	3913	600
1704.469430	3913	600
1704.519435	3913	600
1704.569440	3913	600
1704.619445	3913	600
1704.669450	3913	600
1704.719455	3913	600
1704.769460	3913	600
1704.819465	3913	600
1704.869470	3913	600
1704.919475	3913	600
1704.969480	3913	600
1705.019485	3913	600
1705.069490	3913	600
1705.119495	3913	600
1705.169500	3913	600
1705.219505	3913	600
1705.269510	3913	600
1705.319515	3913	600
1705.369520	3913	600
1705.419525	3913	600
1705.469530	3913	600
1705.519535	3913	600
1705.569540	3913	600
1705.619545	3913	600
1705.669550	3913	600
1705.719555	3913	600
1705.769560	3913	600
1705.819565	3913	600
1705.869570	3913	600
1705.919575	3913	600
1705.969580	3913	600
1706.019585	3913	600
1706.069590	3913	600
1706.119595	3913	600
1706.169600	3913	600
1706.219605	3913	600
1706.269610	3913	600
1706.319615	3913	600
1706.369620	3913	600
1706.419625	3913	600
1706.469630	3913	600
1706.519635	3913	600
1706.569640	3913	600
1706.619645	3913	600
1706.669650	3913	600
1706.719655	3913	600
1706.769660	3913	600
1706.819665	3913	600
1706.869670	3913	600
1706.919675	3913	600
1706.969680	3913	600
1707.019685	3913	600
1707.069690	3913	600
1707.119695	3913	600
1707.169700	3913	600
1707.219705	3913	600
1707.269710	3913	600
1707.319715	3913	600
1707.369720	3913	600
1707.419725	3913	600
1707.469730	3913	600
1707.519735	3913	600
1707.569740	3913	600
1707.619745	3913	600
1707.669750	3913	600
1707.718755	3913	600
1707.768760	3913	600
1707.818765	3913	600
1707.868770	3913	600
1707.918775	3913	600
1708.077791	3913	600
1708.141797	3913	600
1708.168800	3913	600
1708.218805	3913	600
1708.268810	3913	600
1708.318815	3913	600
1708.368820	3913	600
1708.418825	3913	600
1708.468830	3913	600
1708.518835	3913	600
1708.568840	3913	600
1708.618845	3913	600
1708.668850	3913	600
1708.718855	3913	600
1708.768860	3913	600
1708.818865	3913	600
1708.868870	3913	600
1708.918875	3913	600
1708.968880	3913	600
1709.018885	3913	600
1709.068890	3913	600
1709.118895	3913	600
1709.168900	3913	600
1709.218905	3913	600
1709.268910	3913	600
1709.318915	3913	600
1709.368920	3913	600
1709.418925	3913	600
1709.468930	3913	600
1709.518935	3913	600
1709.568940	3913	600
1709.618945	3913	600
1709.668950	3913	600
1709.718955	3913	600
1709.768960	3913	600
1709.818965	3913	600
1709.868970	3913	600
1709.918975	3913	600
1709.968980	3913	600
1710.018985	3913	600
1710.068990	3913	600
1710.118995	3913	600
1710.169000	3913	600
1710.219005	3913	600
1710.269010	3913	600
1710.319015	3913	600
1710.369020	3913	600
1710.419025	3913	600
1710.469030	3913	600
1710.519035	3913	600
1710.569040	3913	600
1710.619045	3913	600
1710.669050	3913	600
1710.719055	3913	600
1710.769060	3913	600
1710.819065	3913	600
1710.869070	3913	600
1710.919075	3913	600
1710.969080	3913	600
1711.019085	3913	600
1711.069090	3913	600
1711.119095	3913	600
1711.169100	3913	600
1711.219105	3913	600
1711.269110	3913	600
1711.319115	3913	600
1711.369120	3913	600
1711.419125	3913	600
1711.469130	3913	600
1711.519135	3913	600
1711.569140	3913	600
1711.619145	3913	600
1711.669150	3913	600
1711.719155	3913	600
1711.769160	3913	600
1711.819165	3913	600
1711.869170	3913	600
1711.919175	3913	600
1711.969180	3913	600
1712.019185	3913	600
1712.069190	3913	600
1712.119195	3913	600
1712.169200	3913	600
1712.219205	3913	600
1712.269210	3913	600
1712.319215	3913	600
1712.369220	3913	600
1712.419225	3913	600
1712.469230	3913	600
1712.519235	3913	600
1712.569240	3913	600
1712.619245	3913	600
1712.669250	3913	600
1712.719255	3913	600
1712.769260	3913	600
1712.819265	3913	600
1712.869270	3913	600
1712.919275	3913	600
1712.969280	3913	600
1713.019285	3913	600
1713.069290	3913	600
1713.119295	3913	600
1713.169300	3913	600
1713.219305	3913	600
1713.269310	3913	600
1713.319315	3913	600
1713.369320	3913	600
1713.419325	3913	600
1713.469330	3913	600
1713.519335	3913	600
1713.569340	3913	600
1713.619345	3913	600
1713.669350	3913	600
1713.719355	3913	600
1713.769360	3913	600
1713.819365	3913	600
1713.869370	3913	600
1713.919375	3913	600
1713.969380	3913	600
1714.019385	3913	600
1714.069390	3913	600
1714.119395	3913	600
1714.169400	3913	600
1714.219405	3913	600
1714.269410	3913	600
1714.319415	3913	600
1714.369420	3913	600
1714.419425	3913	600
1714.469430	3913	600
1714.519435	3913	600
1714.569440	3897	600
1714.619445	3889	600
1714.669450	3873	600
1714.719455	3873	600
1714.769460	3861	600
1714.819465	3861	600
1714.869470	3841	600
1714.919475	3825	600
1714.969480	3825	600
1715.019485	3825	600
1715.069490	3825	600
1715.119495	3825	600
1715.169500	3825	600
1715.219505	3825	600
1715.269510	3825	600
1715.319515	3825	600
1715.369520	3825	600
1715.419525	3797	600
1715.469530	3797	600
1715.519535	3789	600
1715.569540	3745	600
1715.619545	3677	600
1715.669550	3625	600
1715.719555	3529	600
1715.769560	3405	600
1715.819565	3065	600
1715.869570	2613	600
1715.919575	2293	600
1715.969580	2285	600
1716.019585	2285	600
1716.069590	2285	600
1716.119595	2285	600
1716.169600	2285	600
1716.219605	2277	600
1716.269610	2277	600
1716.319615	2277	600
1716.369620	2241	600
1716.419625	2221	600
1716.469630	2209	600
1716.519635	2153	600
1716.569640	2097	600
1716.619645	2041	600
1716.669650	1861	600
1716.719655	1729	600
1716.769660	1533	0
1716.819665	1437	0
1716.869670	1413	0
1716.919675	1349	0
1716.969680	1341	0
1717.019685	1305	0
1717.069690	1273	0
1717.119695	1213	0
1717.169700	1185	0
1717.219705	1117	0
1717.269710	1117	0
1717.319715	1073	0
1717.369720	1045	0
1717.419725	1037	0
1717.469730	985	0
1717.519735	961	0
1717.569740	889	0
1717.619745	881	0
1717.669750	857	0
1717.719755	857	0
1717.769760	857	0
1717.819765	857	0
1717.869770	857	0
1717.919775	829	0
1717.969780	829	0
1718.019785	813	0
1718.069790	717	0
1718.119795	697	0
1718.169800	613	0
1718.219805	561	0
1718.269810	509	0
1718.319815	457	0
1718.369820	457	0
1718.419825	457	0
1718.469830	457	0
1718.519835	385	0
1718.569840	341	0
1718.619845	341	0
1718.669850	341	0
1718.719855	341	-129
1718.769860	341	-361
1718.819865	341	-449
1718.869870	341	-557
1718.919875	341	-629
1718.969880	341	-693
1719.019885	341	-809
1719.069890	341	-889
1719.119895	341	-917
1719.169900	341	-997
1719.219905	341	-1041
1719.269910	341	-1057
1719.319915	341	-1105
1719.369920	341	-1193
1719.419925	341	-1229
1719.469930	341	-1237
1719.519935	341	-1237
1719.569940	341	-1237
1719.619945	341	-1237
1719.669950	341	-1237
1719.719955	341	-1237
1719.769960	341	-1237
1719.819965	341	-1237
1719.869970	341	-1237
1719.919975	341	-1237
1719.969980	341	-1237
1720.019985	341	-1237
1720.069990	341	-1237
1720.119995	341	-1237
1720.170000	341	-1237
1720.220005	341	-1237
1720.270010	341	-1237
1720.320015	341	-1237
1720.370020	281	-1237
1720.420025	281	-1237
1720.470030	273	-1237
1720.520035	237	-1237
1720.570040	237	-1237
1720.620045	213	-1237
1720.670050	213	-1237
1720.720055	213	-1237
1720.770060	169	-1237
1720.820065	169	-1185
1720.870070	169	-1121
1720.920075	169	-997
1720.970080	133	-997
1721.020085	133	-897
1721.070090	133	-837
1721.120095	125	-765
1721.170100	125	-665
1721.220105	125	-585
1721.270110	125	-549
1721.320115	125	-549
1721.370120	89	-549
1721.420125	81	-549
1721.470130	81	-549
1721.520135	81	-549
1721.570140	73	-549
1721.620145	73	-521
1721.670150	73	-497
1721.720155	73	-497
1721.770160	73	-497
1721.820165	73	-497
1721.870170	73	-497
1721.920175	73	-469
1721.970180	73	-469
1722.020185	57	-469
1722.070190	57	-469
1722.120195	57	-469
1722.170200	49	-469
1722.220205	37	-469
1722.270210	29	-469
1722.320215	0	-469
1722.370220	0	-469
1722.420225	0	-469
1722.470230	0	-469
1722.520235	0	-469
1722.570240	0	-469
1722.620245	0	-469
1722.670250	0	-333
1722.720255	0	0
1722.770260	0	0
1722.820265	0	0
1722.870270	0	0
1722.920275	0	0
1722.970280	0	0
1723.020285	0	0
1723.070290	0	0
1723.120295	0	0
1723.170300	0	0
1723.220305	0	0
1723.270310	0	0
1723.320315	0	0
1723.370320	0	0
1723.420325	0	0
1723.470330	0	0
1723.520335	0	0
1723.570340	0	0
1723.620345	0	0
1723.670350	0	0
1723.720355	0	0
1723.770360	0	0
1723.820365	0	0
1723.870370	0	0
1723.920375	0	0
1723.970380	0	0
1724.020385	0	0
1724.070390	0	0
1724.120395	0	0
1724.170400	0	0
1724.220405	0	0
1724.270410	0	0
1724.320415	0	0
1724.370420	0	0
1724.420425	0	0
1724.470430	0	0
1724.520435	0	0
1724.570440	0	0
1724.620445	0	0
1724.670450	0	0
1724.720455	0	0
1724.770460	0	0
1724.820465	0	0
1724.870470	0	0
1724.920475	0	0
1724.970480	0	0
1725.020485	0	0
1725.070490	0	0
1725.120495	0	0
1725.170500	0	0
1725.219505	0	0
1725.269510	0	0
1725.319515	0	0
1725.369520	0	0
1725.419525	0	0
1725.469530	0	0
1725.519535	0	0
1725.569540	0	0
1725.619545	0	0
1725.669550	0	0
1725.719555	0	0
1725.769560	0	0
1725.819565	0	0
1725.869570	0	0
1725.919575	0	0
1725.969580	0	0
1726.019585	0	-77
1726.069590	0	-361
1726.119595	0	-533
1726.169600	0	-693
1726.219604	0	-729
1726.269610	0	-729
1726.319615	0	-729
1726.369620	0	-729
1726.419625	0	-729
1726.469630	0	-729
1726.519635	0	-729
1726.569640	0	-729
1726.619645	0	-729
1726.669650	0	-729
1726.719655	0	-729
1726.769660	0	-729
1726.819664	0	-729
1726.869670	0	-729
1726.919675	0	-729
1726.969680	0	-729
1727.019685	0	-729
1727.069690	0	-729
1727.119695	0	-729
1727.169700	0	-729
1727.219705	0	-729
1727.269710	0	-729
1727.319715	0	-729
1727.369720	0	-729
1727.419725	0	-729
1727.469730	0	-729
1727.519735	0	-729
1727.569740	0	-729
1727.619745	0	-729
1727.669750	0	-729
1727.719755	0	-729
1727.769760	0	-729
1727.819765	0	-729
1727.869770	0	-729
1727.919775	0	-729
1727.969779	0	-729
1728.019785	0	-729
1728.069790	0	-729
1728.119795	0	-729
1728.169800	0	-729
1728.219805	0	-729
1728.269810	0	-729
1728.319815	0	-729
1728.369820	0	-729
1728.419825	0	-729
1728.469830	0	-729
1728.519835	0	-729
1728.569839	0	-729
1728.619845	0	-729
1728.669850	0	-729
1728.719855	0	-729
1728.769860	0	-729
1728.819865	0	-729
1728.869870	0	-729
1728.919875	0	-729
1728.969880	0	-729
1729.019885	0	-729
1729.069890	0	-729
1729.119895	0	-729
1729.169900	0	-729
1729.219905	0	-729
1729.269910	0	-729
1729.319915	0	-729
1729.369920	0	-729
1729.419925	0	-729
1729.469930	0	-729
1729.519935	0	-729
1729.569940	0	-729
1729.619945	0	-729
1729.669950	0	-729
1729.719954	0	-729
1729.769960	0	-729
1729.819965	0	-729
1729.869970	0	-729
1729.919975	0	-729
1729.969980	0	-729
1730.019985	0	-729
1730.069990	0	-729
1730.119995	0	-729
1730.170000	0	-729
1730.220005	0	-729
1730.270010	0	-729
1730.320014	0	-729
1730.370020	0	-729
1730.420025	0	-729
1730.470030	0	-729
1730.520035	0	-729
1730.570040	0	-729
1730.620045	0	-729
1730.670050	0	-729
1730.720055	0	-729
1730.770060	0	-729
1730.820065	0	-729
1730.870070	0	-729
1730.920075	0	-729
1730.970080	0	-729
1731.020085	0	-729
1731.070090	0	-729
1731.120095	0	-729
1731.170100	0	-729
1731.220105	0	-729
1731.270110	0	-665
1731.320115	0	-649
1731.370120	0	-593
1731.420125	0	-505
1731.470129	0	-505
1731.520135	0	-497
1731.570140	0	-497
1731.620145	0	-461
1731.670150	0	-449
1731.720155	0	-449
1731.770160	0	-425
1731.820165	0	-397
1731.870170	0	-397
1731.920175	0	-397
1731.970180	0	-345
1732.020185	0	-325
1732.070190	0	-325
1732.120195	0	-273
1732.170200	0	-273
1732.220205	0	-273
1732.270210	0	-273
1732.320215	0	-273
1732.370220	0	-273
1732.420225	0	-273
1732.470230	0	-273
1732.520235	0	-273
1732.570240	0	-273
1732.620245	0	-273
1732.670250	0	-273
1732.720255	0	-273
1732.770260	0	-273
1732.820265	0	-273
1732.870270	0	-273
1732.920275	0	-273
1732.970280	0	-273
1733.020285	0	-273
1733.070290	0	-273
1733.120295	0	-273
1733.170300	0	-273
1733.220304	0	-273
1733.270310	0	-273
1733.320315	0	-273
1733.370320	0	-273
1733.420325	0	-273
1733.470330	0	-265
1733.520335	0	-265
1733.570340	0	-265
1733.620345	0	-265
1733.670350	0	-265
1733.720355	0	-265
1733.770360	0	-265
1733.820365	0	-265
1733.870370	0	-265
1733.920375	0	-265
1733.970380	0	-265
1734.020385	0	-253
1734.070390	0	-253
1734.120395	0	-253
1734.170400	0	-253
1734.220405	0	-253
1734.270410	0	-201
1734.320415	0	-193
1734.370420	0	-193
1734.420425	0	-193
1734.470430	0	-193
1734.520435	0	-193
1734.570440	0	-193
1734.620445	0	-193
1734.670450	0	-193
1734.720455	0	-193
1734.770460	0	-157
1734.820465	0	-145
1734.870470	0	-137
1734.920475	0	-121
1734.970479	0	-85
1735.020485	0	-13
1735.070490	0	-13
1735.120495	0	-13
1735.170500	0	-13
1735.220505	0	-13
1735.270510	0	-13
1735.320515	0	-5
1735.370520	0	-5
1735.420525	0	-5
1735.470530	0	-5
1735.520535	0	0
1735.570540	0	0
1735.620545	0	0
1735.670550	0	0
1735.720555	0	0
1735.770560	0	0
1735.820565	0	0
1735.870570	0	0
1735.920575	0	0
1735.970580	0	0
1736.020585	0	0
1736.070590	0	0
1736.120595	0	0
1736.170600	0	0
1736.220605	0	0
1736.270610	0	0
1736.320615	0	0
1736.370620	0	0
1736.420625	0	0
1736.470630	0	0
1736.520635	0	0
1736.570640	0	0
1736.620645	0	0
1736.670650	0	0
1736.720654	0	0
1736.770660	0	0
1736.820665	0	0
1736.870670	0	0
1736.920675	0	0
1736.970680	0	0
1737.020685	0	0
1737.070690	0	0
1737.120695	0	0
1737.170700	0	0
1737.220705	0	0
1737.270710	0	0
1737.320715	0	0
1737.370720	0	0
1737.420725	0	0
1737.470730	0	0
1737.520735	0	0
1737.570740	0	0
1737.620745	0	0
1737.670750	0	0
1737.720755	0	0
1737.770760	0	0
1737.820765	0	0
1737.870770	0	0
1737.920775	0	0
1737.970780	0	0
1738.020785	0	0
1738.070790	0	0
1738.120795	0	0
1738.170800	0	0
1738.220805	0	0
1738.270810	0	0
1738.320815	0	0
1738.370820	0	0
1738.420825	0	0
1738.470829	0	0
1738.520835	0	0
1738.570840	0	0
1738.620845	0	0
1738.670850	0	0
1738.720855	0	0
1738.770860	0	0
1738.820865	0	0
1738.870870	0	0
1738.920875	0	0
1738.970880	0	0
1739.020885	0	0
1739.070890	0	0
1739.120895	0	0
1739.170900	0	0
1739.220905	0	0
1739.270910	0	0
1739.320915	0	0
1739.370920	0	0
1739.420925	0	0
1739.470930	0	0
1739.520935	0	0
1739.570940	0	0
1739.620944	0	0
1739.670950	0	0
1739.720955	0	0
1739.770960	0	0
1739.820965	0	0
1739.870970	0	0
1739.920975	0	0
1739.970980	0	0
1740.020985	0	0
1740.070990	0	0
1740.120995	0	0
1740.171000	0	0
1740.221004	0	0
1740.271010	0	0
1740.321015	0	0
1740.371020	0	0
1740.421025	0	0
1740.471030	0	0
1740.521035	0	0
1740.571040	0	0
1740.621045	0	0
1740.671050	0	0
1740.721055	0	0
1740.771060	0	0
1740.821065	0	0
1740.871070	0	0
1740.921075	0	0
1740.971080	0	0
1741.021085	0	0
1741.071090	0	0
1741.121095	0	0
1741.171100	0	0
1741.221105	0	0
1741.271110	0	0
1741.321115	0	0
1741.371119	0	0
1741.421125	0	0
1741.471130	0	0
1741.521135	0	0
1741.571140	0	0
1741.621145	0	0
1741.671150	0	0
1741.721155	0	0
1741.771160	0	0
1741.821165	0	0
1741.871170	0	0
1741.921175	0	0
1741.971179	0	0
1742.021185	0	0
1742.071190	0	0
1742.121195	0	0
1742.171200	0	0
1742.221205	0	0
1742.271210	0	0
1742.321215	0	0
1742.371220	0	0
1742.421225	0	0
1742.471230	0	0
1742.521235	0	0
1742.571240	0	0
1742.621245	0	0
1742.671250	0	0
1742.720254	0	0
1742.770259	0	0
1742.820265	0	0
1742.870270	0	0
1742.920275	0	0
1742.970280	0	0
1743.020285	0	0
1743.070290	0	0
1743.120295	0	0
1743.170300	0	0
1743.220304	0	0
1743.270309	0	0
1743.320314	0	0
1743.370320	0	0
1743.420325	0	0
1743.470330	0	0
1743.520335	0	0
1743.570340	0	0
1743.620345	0	0
1743.670350	0	0
1743.720355	0	0
1743.770360	0	0
1743.820364	0	0
1743.870369	0	0
1743.920374	0	0
1743.970380	0	0
1744.020385	0	0
1744.070390	0	0
1744.120395	0	0
1744.170400	0	0
1744.220405	0	0
1744.270410	0	-193
1744.320415	0	-417
1744.370420	0	-485
1744.420424	0	-629
1744.470429	0	-629
1744.520434	0	-709
1744.570440	0	-825
1744.620445	0	-953
1744.670450	0	-1041
1744.720455	0	-1041
1744.770460	0	-1041
1744.820465	0	-1041
1744.870470	0	-1041
1744.920475	0	-1041
1744.970479	0	-1041
1745.020484	0	-1041
1745.070489	0	-1041
1745.120495	0	-1041
1745.170500	0	-1041
1745.220505	0	-1041
1745.270510	0	-1041
1745.320515	0	-1041
1745.370520	0	-1041
1745.420525	0	-1041
1745.470530	0	-1041
1745.520535	0	-1041
1745.570539	0	-1041
1745.620544	0	-1041
1745.670549	0	-1041
1745.720555	0	-801
1745.770560	0	-569
1745.820565	0	-317
1745.870570	0	-157
1745.920575	0	-129
1745.970580	0	-21
1746.020585	0	0
1746.070590	0	0
1746.120595	0	0
1746.170599	0	0
1746.220604	0	0
1746.270609	0	0
1746.320615	0	0
1746.370620	0	0
1746.420625	0	0
1746.470630	0	0
1746.520635	0	0
1746.570640	0	0
1746.620645	0	0
1746.670650	0	0
1746.720654	0	0
1746.770659	0	0
1746.820664	0	0
1746.870670	0	0
1746.920675	0	0
1746.970680	0	0
1747.020685	0	0
1747.070690	0	0
1747.120695	0	0
1747.170700	0	0
1747.220705	0	0
1747.270710	0	0
1747.320714	0	0
1747.370719	0	0
1747.420724	0	0
1747.470730	0	0
1747.520735	0	0
1747.570740	0	0
1747.620745	0	0
1747.670750	0	0
1747.720755	0	0
1747.770760	0	0
1747.820765	0	0
1747.870770	0	0
1747.920774	0	0
1747.970779	0	0
1748.020784	0	0
1748.070790	0	0
1748.120795	0	0
1748.170800	0	0
1748.220805	0	0
1748.270810	0	0
1748.320815	0	0
1748.370820	0	0
1748.420825	0	0
1748.470829	0	0
1748.520834	0	0
1748.570839	0	0
1748.620845	0	0
1748.670850	0	0
1748.720855	0	0
1748.770860	0	0
1748.820865	0	0
1748.870870	245	0
1748.920875	741	-157
1748.970880	1081	-497
1749.020885	1297	-577
1749.070889	1549	-613
1749.120894	1585	-621
1749.170899	1657	-1161
1749.220905	1721	-1161
1749.270910	1777	-1161
1749.320915	1857	-1161
1749.370920	1993	-1161
1749.420925	2157	-1161
1749.470930	2265	-1161
1749.520935	2373	-1161
1749.570940	2437	-1161
1749.620944	2497	-1161
1749.670949	2553	-1161
1749.720954	2589	-1161
1749.770959	2597	-1161
1749.820965	2609	-1161
1749.870970	2609	-1161
1749.920975	2609	-1161
1749.970980	2609	-1161
1750.020985	2617	-1085
1750.070990	2617	-989
1750.120995	2633	-865
1750.171000	2685	-621
1750.221004	2685	-549
1750.271009	2685	-509
1750.321014	2701	-429
1750.371020	2713	-329
1750.421025	2713	-257
1750.471030	2713	-193
1750.521035	2753	-137
1750.571040	2753	-105
1750.621045	2761	-97
1750.671050	2777	-89
1750.721055	2801	-61
1750.771060	2801	-61
1750.821064	2801	-61
1750.871069	2801	-49
1750.921074	2801	-25
1750.971080	2801	-9
1751.021085	2801	12
1751.071090	2801	60
1751.121095	2801	92
1751.171100	2817	136
1751.221105	2817	192
1751.271110	2845	296
1751.321115	2889	548
1751.371119	3017	768
1751.421124	3053	852
1751.471129	3065	852
1751.521135	3101	852
1751.571140	3109	852
1751.621145	3137	852
1751.671150	3149	852
1751.721155	3169	852
1751.771160	3169	1036
1751.821165	3169	1124
1751.871170	3169	1172
1751.921175	3169	1172
1751.971179	3169	1172
1752.021184	3169	1172
1752.071189	3173	1172
1752.121195	3185	1172
1752.171200	3185	1172
1752.221205	3185	1172
1752.271210	3185	1172
1752.321215	3185	1172
1752.371220	3185	1172
1752.421225	3185	1172
1752.471230	3185	1172
1752.521235	3185	1172
1752.571239	3185	1172
1752.621244	3185	1172
1752.671249	3185	1172
1752.721255	3185	1172
1752.771260	3185	1172
1752.821265	3185	1172
1752.871270	3185	1172
1752.921275	3185	1172
1752.971280	3185	1172
1753.021285	3185	1172
1753.071290	3185	1172
1753.121294	3185	1172
1753.171299	3185	1172
1753.221304	3185	1172
1753.271310	3185	1172
1753.321315	3185	1172
1753.371320	3185	1172
1753.421325	3185	1172
1753.471330	3185	1172
1753.521335	3185	1172
1753.571340	3185	1172
1753.621345	3185	1172
1753.671350	3185	1172
1753.721354	3185	1164
1753.771359	3185	1164
1753.821364	3185	1164
1753.871370	3185	1164
1753.921375	3185	1164
1753.971380	3185	1164
1754.021385	3185	1164
1754.071390	3185	1164
1754.121395	3185	1164
1754.171400	3185	1164
1754.221405	3185	1164
1754.271410	3185	1164
1754.321414	3185	1160
1754.371419	3185	1156
1754.421424	3185	1156
1754.471430	3185	1156
1754.521435	3185	1156
1754.571440	3185	1156
1754.621445	3185	1156
1754.671450	3185	1156
1754.721455	3185	1156
1754.771460	3185	1156
1754.821465	3185	1156
1754.871469	3185	1148
1754.921474	3185	1148
1754.971479	3185	1148
1755.021485	3185	1140
1755.071490	3185	1140
1755.121495	3185	1140
1755.171500	3185	1140
1755.221505	3185	1140
1755.271510	3185	1140
1755.321515	3185	1140
1755.371520	3185	1116
1755.421525	3185	1116
1755.471529	3185	1116
1755.521534	3185	1116
1755.571539	3185	1116
1755.621545	3185	1116
1755.671550	3185	1116
1755.721555	3185	1116
1755.771560	3185	1116
1755.821565	3185	1116
1755.871570	3185	1116
1755.921575	3185	1104
1755.971580	3185	1088
1756.021585	3185	1060
1756.071589	3185	1052
1756.121594	3185	1052
1756.171599	3185	1052
1756.221605	3185	1052
1756.271610	3185	1040
1756.321615	3185	1040
1756.371620	3185	1040
1756.421625	3185	1036
1756.471630	3185	1036
1756.521635	3185	1036
1756.571640	3185	1036
1756.621644	3185	1024
1756.671649	3185	1024
1756.721654	3185	1024
1756.771660	3185	1024
1756.821665	3185	1024
1756.871670	3185	1024
1756.921675	3161	1024
1756.971680	3161	1024
1757.021685	3157	1024
1757.071690	3141	1024
1757.121695	3105	1024
1757.171700	3105	1024
1757.221704	3097	1024
1757.271709	3093	1024
1757.321714	3093	1024
1757.371720	3081	1024
1757.421725	3057	1024
1757.471730	3057	1024
1757.521735	3057	1024
1757.571740	3041	1012
1757.621745	3037	992
1757.671750	3025	992
1757.721755	3025	992
1757.771760	3013	992
1757.821764	2993	992
1757.871769	2993	992
1757.921774	2973	992
1757.971780	2965	992
1758.021785	2949	992
1758.071790	2921	992
1758.121795	2917	992
1758.171800	2861	992
1758.221805	2829	992
1758.271810	2777	992
1758.321815	2729	992
1758.371819	2665	992
1758.421824	2581	992
1758.471829	2449	992
1758.521835	2361	992
1758.571840	2333	992
1758.621845	2265	992
1758.671850	2265	992
1758.721855	2257	992
1758.771860	2245	980
1758.821865	2225	980
1758.871870	2225	980
1758.921875	2209	964
1758.971879	2205	928
1759.021884	2181	928
1759.071889	2181	908
1759.121895	2181	808
1759.171900	2181	788
1759.221905	2181	752
1759.271910	2181	752
1759.321915	2181	752
1759.371920	2181	752
1759.421925	2181	752
1759.471930	2181	752
1759.521935	2181	752
1759.571939	2181	752
1759.621944	2181	752
1759.671949	2181	752
1759.721955	2181	752
1759.771960	2181	752
1759.821965	2181	752
1759.871970	2181	752
1759.921975	2181	752
1759.971980	2181	752
1760.021985	2181	752
1760.071990	2181	752
1760.121994	2181	752
1760.171000	2181	752
1760.221004	2181	752
1760.271009	2181	752
1760.321014	2181	752
1760.371019	2181	752
1760.421024	2181	752
1760.471029	2181	752
1760.521035	2181	752
1760.571040	2181	752
1760.621045	2181	752
1760.671050	2181	752
1760.721055	2181	752
1760.771060	2181	752
1760.821064	2181	752
1760.871069	2181	752
1760.921074	2181	752
1760.971079	2181	752
1761.021084	2181	752
1761.071090	2181	752
1761.121095	2181	752
1761.171100	2181	752
1761.221105	2181	752
1761.271110	2181	752
1761.321115	2181	752
1761.371119	2181	752
1761.421124	2181	752
1761.471129	2181	752
1761.521134	2181	752
1761.571139	2181	752
1761.621144	2181	752
1761.671150	2181	752
1761.721155	2181	752
1761.771160	2181	752
1761.821165	2181	752
1761.871170	2181	752
1761.921175	2181	752
1761.971179	2181	752
1762.021184	2181	752
1762.071189	2181	752
1762.121194	2181	752
1762.171199	2181	752
1762.221204	2181	752
1762.271210	2181	752
1762.321215	2181	752
1762.371220	2181	752
1762.421225	2181	752
1762.471230	2181	752
1762.521235	2181	752
1762.571239	2181	752
1762.621244	2181	752
1762.671249	2181	752
1762.721254	2181	752
1762.771259	2181	752
1762.821265	2181	752
1762.871270	2181	752
1762.921275	2181	752
1762.971280	2181	752
1763.021285	2181	752
1763.071290	2181	752
1763.121294	2181	752
1763.171299	2181	752
1763.221304	2181	752
1763.271309	2181	752
1763.321314	2181	752
1763.371319	2181	752
1763.421325	2181	728
1763.471330	2181	728
1763.521335	2181	728
1763.571340	2181	728
1763.621345	2181	728
1763.671350	2181	728
1763.721354	2181	728
1763.771359	2181	728
1763.821364	2181	728
1763.871369	2181	724
1763.921374	2181	724
1763.971379	2181	724
1764.021385	2181	724
1764.071390	2181	724
1764.121395	2181	724
1764.171400	2181	724
1764.221405	2181	724
1764.271410	2181	724
1764.321414	2181	724
1764.371419	2181	724
1764.421424	2181	724
1764.471429	2181	724
1764.521434	2181	724
1764.571440	2181	724
1764.621445	2181	724
1764.671450	2181	724
1764.721455	2181	724
1764.771460	2181	724
1764.821465	2181	724
1764.871469	2181	724
1764.921474	2181	724
1764.971479	2181	724
1765.021484	2181	724
1765.071489	2181	724
1765.121494	2181	724
1765.171500	2181	724
1765.221505	2181	724
1765.271510	2181	724
1765.321515	2181	724
1765.371520	2181	724
1765.421525	2181	724
1765.471529	2181	724
1765.521534	2181	724
1765.571539	2181	724
1765.621544	2181	724
1765.671549	2181	724
1765.721554	2181	724
1765.771560	2181	724
1765.821565	2181	724
1765.871570	2181	724
1765.921575	2181	724
1765.971580	2181	724
1766.021585	2181	724
1766.071589	2181	724
1766.121594	2181	724
1766.171599	2181	724
1766.221604	2181	724
1766.271609	2181	724
1766.321615	2181	724
1766.371620	2181	724
1766.421625	2181	724
1766.471630	2181	724
1766.521635	2181	724
1766.571640	2181	724
1766.621644	2181	724
1766.671649	2181	724
1766.721654	2181	724
1766.771659	2181	724
1766.821664	2181	724
1766.871669	2181	724
1766.921675	2181	724
1766.971680	2181	724
1767.021685	2181	724
1767.071690	2181	724
1767.121695	2181	724
1767.171700	2181	724
1767.221704	2181	724
1767.271709	2181	724
1767.321714	2181	724
1767.371719	2181	724
1767.421724	2181	724
1767.471729	2181	724
1767.521735	2181	724
1767.571740	2181	724
1767.621745	2181	724
1767.671750	2181	724
1767.721755	2181	724
1767.771760	2181	724
1767.821764	2181	724
1767.871769	2181	724
1767.921774	2181	724
1767.971779	2181	724
1768.021784	2181	724
1768.071790	2181	724
1768.121795	2181	724
1768.171800	2181	724
1768.221805	2181	724
1768.271810	2181	724
1768.321815	2181	724
1768.371819	2181	724
1768.421824	2181	724
1768.471829	2181	724
1768.521834	2181	724
1768.571839	2181	724
1768.621844	2181	724
1768.671850	2181	724
1768.721855	2181	724
1768.771860	2181	724
1768.821865	2181	724
1768.871870	2181	724
1768.921875	2181	724
1768.971879	2181	724
1769.021884	2181	724
1769.071889	2181	724
1769.121894	2181	724
1769.171899	2181	724
1769.221904	2181	724
1769.271910	2181	724
1769.321915	2181	724
1769.371920	2181	724
1769.421925	2181	724
1769.471930	2181	724
1769.521935	2181	724
1769.571939	2181	724
1769.621944	2181	724
1769.671949	2181	724
1769.721954	2181	724
1769.771959	2181	724
1769.821965	2181	724
1769.871970	2181	724
1769.921975	2181	724
1769.971980	2181	724
1770.021985	2181	724
1770.071990	2181	724
1770.121994	2181	724
1770.171999	2181	724
1770.222004	2181	724
1770.272009	2181	724
1770.322014	2181	724
1770.372019	2181	724
1770.422025	2181	724
1770.472030	2181	724
1770.522035	2181	724
1770.572040	2181	724
1770.622045	2181	724
1770.672050	2181	724
1770.722054	2181	724
1770.772059	2181	724
1770.822064	2181	724
1770.872069	2181	724
1770.922074	2181	724
1770.972079	2181	724
1771.022085	2181	724
1771.072090	2181	724
1771.122095	2181	724
1771.172100	2181	724
1771.222105	2181	724
1771.272110	2181	724
1771.322114	2181	724
1771.372119	2181	704
1771.422124	2181	704
1771.472129	2181	704
1771.522134	2181	704
1771.572140	2181	704
1771.622145	2181	704
1771.672150	2181	704
1771.722155	2181	704
1771.772160	2181	704
1771.822165	2181	704
1771.872169	2181	704
1771.922174	2181	704
1771.972179	2181	704
1772.022184	2181	704
1772.072189	2181	704
1772.122194	2181	704
1772.172200	2181	704
1772.222205	2181	704
1772.272210	2181	704
1772.322215	2181	704
1772.372220	2181	704
1772.422225	2181	704
1772.472229	2181	704
1772.522234	2181	704
1772.572239	2181	704
1772.622244	2181	704
1772.672249	2181	704
1772.722255	2181	704
1772.772260	2181	704
1772.822265	2181	704
1772.872270	2181	704
1772.922275	2181	704
1772.972280	2181	704
1773.022285	2181	692
1773.072289	2181	616
1773.122294	2181	604
1773.172299	2181	604
1773.222304	2181	604
1773.272309	2181	604
1773.322315	2181	604
1773.372320	2181	604
1773.422325	2181	604
1773.472330	2181	604
1773.522335	2181	604
1773.572340	2181	604
1773.622344	2181	604
1773.672349	2181	604
1773.722354	2197	604
1773.772359	2229	604
1773.822364	2273	604
1773.872369	2273	604
1773.922375	2309	604
1773.972380	2341	604
1774.022385	2353	604
1774.072390	2373	604
1774.122395	2377	604
1774.172400	2377	604
1774.222404	2401	604
1774.272409	2441	604
1774.322414	2441	604
1774.372419	2449	604
1774.422424	2449	604
1774.472430	2461	604
1774.522435	2461	604
1774.572440	2461	604
1774.622445	2461	604
1774.672450	2477	604
1774.722455	2481	604
1774.772460	2545	604
1774.822464	2549	624
1774.872469	2641	664
1774.922474	2729	664
1774.972479	2781	676
1775.022484	2781	676
1775.072490	2781	676
1775.122495	2781	676
1775.172500	2781	676
1775.222505	2781	676
1775.272510	2781	676
1775.322515	2781	676
1775.372519	2781	676
1775.422524	2781	676
1775.472529	2781	676
1775.522534	2781	676
1775.572539	2753	676
1775.622544	2657	676
1775.672550	2581	676
1775.722555	2457	672
1775.772560	2425	672
1775.822565	2337	664
1775.872570	2221	664
1775.922575	2009	664
1775.972579	1629	0
1776.022584	1089	0
1776.072589	1089	0
1776.122594	1089	0
1776.172599	1089	0
1776.222605	1089	0
1776.272610	1089	0
1776.322615	1089	0
1776.372620	1081	0
1776.422625	1073	0
1776.472630	1053	0
1776.522635	1013	0
1776.572639	961	0
1776.622644	857	0
1776.672649	585	0
1776.722654	265	0
1776.772659	133	0
1776.822665	49	0
1776.872670	0	0
1776.922675	0	0
1776.972680	0	0
1777.022685	0	0
1777.072690	0	0
1777.122694	0	0
1777.172699	0	0
1777.222704	0	0
1777.272709	0	0
1777.322714	0	0
1777.372719	0	0
1777.422725	0	0
1777.472730	0	0
1777.522735	0	0
1777.572740	0	0
1777.622745	0	0
1777.671750	0	0
1777.721755	0	0
1777.771760	0	0
1777.821764	0	0
1777.871769	0	0
1777.921774	0	0
1777.971779	0	0
1778.021784	0	0
1778.071789	0	0
1778.121794	0	0
1778.171799	0	0
1778.221805	0	0
1778.271810	0	0
1778.321815	0	0
1778.371819	0	0
1778.421824	0	0
1778.471829	0	0
1778.521834	0	0
1778.571839	0	0
1778.621844	0	0
1778.671849	0	0
1778.721854	0	0
1778.771860	0	0
1778.821865	0	0
1778.871870	0	0
1778.921875	0	0
1778.971879	0	0
1779.021884	0	0
1779.071889	0	0
1779.121894	0	0
1779.171899	0	0
1779.221904	0	0
1779.271909	0	0
1779.321914	0	0
1779.371920	0	0
1779.421925	0	0
1779.471930	0	0
1779.521935	0	0
1779.571939	0	0
1779.621944	0	0
1779.671949	0	0
1779.721954	0	0
1779.771959	0	0
1779.821964	0	0
1779.871969	0	0
1779.921974	0	0
1779.971980	0	0
1780.021985	0	0
1780.071990	0	0
1780.121994	0	0
1780.171999	0	0
1780.222004	0	0
1780.272009	0	0
1780.322014	0	0
1780.372019	0	0
1780.422024	0	0
1780.472029	0	0
1780.522035	0	0
1780.572040	0	0
1780.622045	0	0
1780.672050	0	0
1780.722054	0	0
1780.772059	0	0
1780.822064	0	0
1780.872069	0	0
1780.922074	0	0
1780.972079	0	0
1781.022084	0	0
1781.072089	0	0
1781.122095	0	0
1781.172100	0	0
1781.222105	0	0
1781.272110	0	0
1781.322114	0	0
1781.372119	0	0
1781.422124	0	0
1781.472129	0	0
1781.522134	0	0
1781.572139	0	0
1781.622144	0	0
1781.672149	0	0
1781.722155	0	0
1781.772160	0	0
1781.822165	0	0
1781.872169	0	0
1781.922174	0	0
1781.972179	0	0
1782.022184	0	0
1782.072189	0	0
1782.122194	0	0
1782.172199	0	0
1782.222204	0	0
1782.272210	0	0
1782.322215	0	0
1782.372220	0	0
1782.422225	0	0
1782.472229	0	0
1782.522234	0	0
1782.572239	0	0
1782.622244	0	0
1782.672249	0	0
1782.722254	0	0
1782.772259	0	0
1782.822264	0	0
1782.872270	0	0
1782.922275	0	0
1782.972280	0	0
1783.022285	0	0
1783.072289	0	0
1783.122294	0	0
1783.172299	0	0
1783.222304	0	0
1783.272309	0	0
1783.322314	0	0
1783.372319	0	0
1783.422324	0	0
1783.472330	0	0
1783.522335	0	0
1783.572340	0	0
1783.622344	0	0
1783.672349	0	0
1783.722354	0	0
1783.772359	0	0
1783.822364	0	0
1783.872369	0	0
1783.922374	0	0
1783.972379	0	0
1784.022385	0	0
1784.072390	0	0
1784.122395	0	0
1784.172400	0	0
1784.222404	0	0
1784.272409	0	0
1784.322414	0	0
1784.372419	0	0
1784.422424	0	0
1784.472429	0	0
1784.522434	0	0
1784.572439	0	0
1784.622445	0	0
1784.672450	0	0
1784.722455	0	0
1784.772460	0	0
1784.822464	0	0
1784.872469	0	0
1784.922474	0	0
1784.972479	0	0
1785.022484	0	0
1785.072489	0	0
1785.122494	0	0
1785.172499	0	0
1785.222505	0	0
1785.272510	0	0
1785.322515	0	0
1785.372519	0	0
1785.422524	0	0
1785.472529	0	0
1785.522534	0	0
1785.572539	0	0
1785.622544	0	0
1785.672549	0	0
1785.722554	0	0
1785.772560	0	0
1785.822565	0	0
1785.872570	0	0
1785.922575	0	0
1785.972579	0	0
1786.022584	0	0
1786.072589	0	0
1786.122594	0	0
1786.172599	0	0
1786.222604	0	0
1786.272609	0	0
1786.322614	0	0
1786.372620	0	0
1786.422625	0	0
1786.472630	0	0
1786.522635	0	0
1786.572639	0	0
1786.622644	0	0
1786.672649	0	0
1786.722654	0	0
1786.772659	0	0
1786.822664	0	0
1786.872669	0	0
1786.922674	0	0
1786.972680	0	16
1787.022685	0	16
1787.072690	0	16
1787.122694	0	16
1787.172699	0	16
1787.222704	0	16
1787.272709	0	16
1787.322714	0	16
1787.372719	0	16
1787.422724	0	16
1787.472729	0	16
1787.522735	0	16
1787.572740	0	16
1787.622745	0	16
1787.672750	0	16
1787.722754	0	16
1787.772759	0	16
1787.822764	0	0
1787.872769	0	0
1787.922774	0	0
1787.972779	0	0
1788.022784	0	0
1788.072789	0	0
1788.122795	0	0
1788.172800	0	0
1788.222805	0	0
1788.272810	0	0
1788.322814	0	0
1788.372819	0	0
1788.422824	0	0
1788.472829	0	0
1788.522834	0	0
1788.572839	0	0
1788.622844	0	0
1788.672849	0	0
1788.722855	0	0
1788.772860	0	0
1788.822865	0	0
1788.872869	0	0
1788.922874	0	0
1788.972879	0	0
1789.022884	0	0
1789.072889	0	0
1789.122894	0	0
1789.172899	0	0
1789.222904	0	0
1789.272910	0	0
1789.322915	0	0
1789.372920	0	0
1789.422925	0	0
1789.472929	0	0
1789.522934	0	0
1789.572939	0	0
1789.622944	0	0
1789.672949	0	0
1789.722954	0	0
1789.772959	0	0
1789.822964	0	0
1789.872970	0	0
1789.922975	0	0
1789.972980	0	0
1790.022985	0	0
1790.072989	0	0
1790.122994	0	0
1790.172999	0	0
1790.223004	0	0
1790.273009	0	0
1790.323014	0	0
1790.373019	0	0
1790.423024	0	0
1790.473030	0	0
1790.523035	0	0
1790.573040	0	0
1790.623044	0	0
1790.673049	0	0
1790.723054	0	0
1790.773059	0	0
1790.823064	0	0
1790.873069	0	0
1790.923074	0	0
1790.973079	0	0
1791.023085	0	0
1791.073090	0	0
1791.123095	0	0
1791.173100	0	0
1791.223104	0	0
1791.273109	0	0
1791.323114	0	0
1791.373119	0	0
1791.423124	0	0
1791.473129	0	0
1791.523134	0	0
1791.573139	0	0
1791.623145	0	0
1791.673150	0	0
1791.723155	0	0
1791.773160	0	0
1791.823164	0	0
1791.873169	0	0
1791.923174	0	0
1791.973179	0	0
1792.023184	0	0
1792.073189	0	0
1792.123194	0	0
1792.173199	0	0
1792.223205	0	0
1792.273210	0	0
1792.323215	0	0
1792.373219	0	0
1792.423224	0	0
1792.473229	0	0
1792.523234	0	0
1792.573239	0	0
1792.623244	0	0
1792.673249	0	0
1792.723254	0	0
1792.773260	0	0
1792.823265	0	0
1792.873270	0	0
1792.923275	0	0
1792.973279	0	0
1793.023284	0	0
1793.073289	0	0
1793.123294	0	0
1793.173299	0	0
1793.223304	0	0
1793.273309	0	0
1793.323314	0	0
1793.373320	0	0
1793.423325	0	0
1793.473330	0	0
1793.523335	0	0
1793.573339	0	0
1793.623344	0	0
1793.673349	0	0
1793.723354	0	0
1793.773359	0	0
1793.823364	0	0
1793.873369	0	0
1793.923375	0	0
1793.973380	0	0
1794.023385	0	0
1794.073390	0	0
1794.123394	0	0
1794.173399	0	0
1794.223404	0	0
1794.273409	0	0
1794.323414	0	0
1794.373419	0	0
1794.423424	0	0
1794.473429	0	0
1794.523435	0	0
1794.573440	0	0
1794.623445	0	0
1794.673450	0	0
1794.723454	0	0
1794.773459	0	0
1794.823464	0	0
1794.873469	0	0
1794.923474	0	0
1794.973479	0	0
1795.023484	0	0
1795.073489	0	0
1795.123495	0	0
1795.172499	0	0
1795.222504	0	0
1795.272509	0	0
1795.322515	0	0
1795.372519	0	0
1795.422524	0	0
1795.472529	0	0
1795.522534	0	0
1795.572539	0	0
1795.622544	0	0
1795.672549	0	0
1795.722554	0	0
1795.772559	0	0
1795.822564	0	0
1795.872569	0	0
1795.922575	0	0
1795.972579	0	0
1796.022584	0	0
1796.072589	0	0
1796.122594	0	0
1796.172599	0	0
1796.222604	0	0
1796.272609	0	0
1796.322614	0	0
1796.372619	0	0
1796.422624	0	0
1796.472630	0	0
1796.522635	0	0
1796.572639	0	0
1796.622644	0	0
1796.672649	0	0
1796.722654	0	0
1796.772659	0	0
1796.822664	0	0
1796.872669	0	0
1796.922674	0	0
1796.972679	0	0
1797.022684	0	0
1797.072690	0	0
1797.122694	0	0
1797.172699	0	0
1797.222704	0	0
1797.272709	0	0
1797.322714	0	0
1797.372719	0	0
1797.422724	0	0
1797.472729	0	0
1797.522734	0	0
1797.572739	0	0
1797.622744	0	0
1797.672750	0	0
1797.722754	0	0
1797.772759	0	0
1797.822764	0	0
1797.872769	0	0
1797.922774	0	0
1797.972779	0	0
1798.022784	0	0
1798.072789	0	0
1798.122794	0	0
1798.172799	0	0
1798.222805	0	0
1798.272810	0	0
1798.322814	0	0
1798.372819	0	0
1798.422824	0	0
1798.472829	0	0
1798.522834	0	0
1798.572839	0	0
1798.622844	0	0
1798.672849	0	0
1798.722854	0	0
1798.772859	0	0
1798.822865	0	0
1798.872869	0	0
1798.922874	0	0
1798.972879	0	0
1799.022884	0	0
1799.072889	0	0
1799.122894	0	0
1799.172899	0	0
1799.222904	0	0
1799.272909	0	0
1799.322914	0	0
1799.372919	0	0
1799.422925	0	0
1799.472929	0	0
1799.522934	0	0
1799.572939	0	0
1799.622944	0	0
1799.672949	0	0
1799.722954	0	0
1799.772959	0	0
1799.822964	0	0
1799.872969	0	0
1799.922974	0	0
1799.972980	0	0
1800.022985	0	0
1800.072989	0	0
1800.122994	0	0
1800.172999	0	0
1800.223004	0	0
1800.273009	0	0
1800.323014	0	0
1800.373019	0	0
1800.423024	0	0
1800.473029	0	0
1800.523034	0	0
1800.573040	0	0
1800.623044	0	0
1800.673049	0	0
1800.723054	0	0
1800.773059	0	0
1800.823064	0	0
1800.873069	0	0
1800.923074	0	0
1800.973079	0	0
1801.023084	0	0
1801.073089	0	0
1801.123094	0	0
1801.173100	0	0
1801.223104	0	0
1801.273109	0	0
1801.323114	0	0
1801.373119	0	0
1801.423124	0	0
1801.473129	0	0
1801.523134	0	0
1801.573139	0	0
1801.623144	0	0
1801.673149	0	0
1801.723155	0	0
1801.773160	0	0
1801.823164	0	0
1801.873169	0	0
1801.923174	0	0
1801.973179	0	0
1802.023184	0	0
1802.073189	0	0
1802.123194	0	0
1802.173199	0	0
1802.223204	0	0
1802.273209	0	0
1802.323215	0	0
1802.373219	0	0
1802.423224	0	0
1802.473229	0	0
1802.523234	0	0
1802.573239	0	0
1802.623244	0	0
1802.673249	0	0
1802.723254	0	0
1802.773259	0	0
1802.823264	0	0
1802.873269	0	0
1802.923275	0	0
1802.973279	0	0
1803.023284	0	0
1803.073289	0	0
1803.123294	0	0
1803.173299	0	0
1803.223304	0	0
1803.273309	0	0
1803.323314	0	0
1803.373319	0	0
1803.423324	0	0
1803.473330	0	0
1803.523335	0	0
1803.573339	0	0
1803.623344	0	0
1803.673349	0	0
1803.723354	0	0
1803.773359	0	0
1803.823364	0	0
1803.873369	0	0
1803.923374	0	0
1803.973379	0	0
1804.023384	0	0
1804.073390	0	0
1804.123394	0	0
1804.173399	0	0
1804.223404	0	0
1804.273409	0	0
1804.323414	0	0
1804.373419	0	0
1804.423424	0	0
1804.473429	0	0
1804.523434	0	0
1804.573439	0	0
1804.623444	0	0
1804.673450	0	0
1804.723454	0	0
1804.773459	0	0
1804.823464	0	0
1804.873469	0	0
1804.923474	0	0
1804.973479	0	0
1805.023484	0	0
1805.073489	0	0
1805.123494	0	0
1805.173499	0	0
1805.223505	0	0
1805.273510	0	0
1805.323514	0	0
1805.373519	0	0
1805.423524	0	0
1805.473529	0	0
1805.523534	0	0
1805.573539	0	0
1805.623544	0	0
1805.673549	0	0
1805.723554	0	0
1805.773559	0	0
1805.823565	0	0
1805.873569	0	0
1805.923574	0	0
1805.973579	0	0
1806.023584	0	0
1806.073589	0	0
1806.123594	0	0
1806.173599	0	0
1806.223604	0	0
1806.273609	0	0
1806.323614	0	0
1806.373619	0	0
1806.423625	0	0
1806.473629	0	0
1806.523634	0	0
1806.573639	0	0
1806.623644	0	0
1806.673649	0	0
1806.723654	0	0
1806.773659	0	0
1806.823664	0	0
1806.873669	0	0
1806.923674	0	0
1806.973680	0	0
1807.023685	0	0
1807.073689	0	0
1807.123694	0	0
1807.173699	0	0
1807.223704	0	0
1807.273709	0	0
1807.323714	0	0
1807.373719	0	0
1807.423724	0	0
1807.473729	0	0
1807.523734	0	0
1807.573740	0	0
1807.623744	0	0
1807.673749	0	0
1807.723754	0	0
1807.773759	0	0
1807.823764	0	0
1807.873769	0	0
1807.923774	0	0
1807.973779	0	0
1808.023784	0	0
1808.073789	0	0
1808.123794	0	0
1808.173800	0	0
1808.223804	0	0
1808.273809	0	0
1808.323814	0	0
1808.373819	0	0
1808.423824	0	0
1808.473829	0	0
1808.523834	0	0
1808.573839	0	0
1808.623844	0	0
1808.673849	0	0
1808.723855	0	0
1808.773860	0	0
1808.823864	0	0
1808.873869	0	0
1808.923874	0	0
1808.973879	0	0
1809.023884	0	0
1809.073889	0	0
1809.123894	0	0
1809.173899	0	0
1809.223904	0	0
1809.273909	0	0
1809.323915	0	0
1809.373919	0	0
1809.423924	0	0
1809.473929	0	0
1809.523934	0	0
1809.573939	0	0
1809.623944	0	0
1809.673949	0	0
1809.723954	0	0
1809.773959	0	0
1809.823964	0	0
1809.873969	0	0
1809.923975	0	0
1809.973979	0	0
1810.023984	0	0
1810.073989	0	0
1810.123994	0	0
1810.173999	0	0
1810.224004	0	0
1810.274009	0	0
1810.324014	0	0
1810.374019	0	0
1810.424024	0	0
1810.474030	0	0
1810.524035	0	0
1810.574039	0	0
1810.624044	0	0
1810.674049	0	0
1810.724054	0	0
1810.774059	0	0
1810.824064	0	0
1810.874069	0	0
1810.924074	0	0
1810.974079	0	0
1811.024084	0	0
1811.074090	0	0
1811.124094	0	0
1811.174099	0	0
1811.224104	0	0
1811.274109	0	0
1811.324114	0	0
1811.374119	0	0
1811.424124	0	0
1811.474129	0	0
1811.524134	0	0
1811.574139	0	0
1811.624144	0	0
1811.674150	0	0
1811.724154	0	0
1811.774159	0	0
1811.824164	0	0
1811.874169	0	0
1811.924174	0	0
1811.974179	0	0
1812.024184	0	0
1812.074189	0	0
1812.124194	0	0
1812.174199	0	0
1812.224205	0	0
1812.274209	0	0
1812.324214	0	0
1812.374219	0	0
1812.424224	0	0
1812.474229	0	0
1812.524234	0	0
1812.574239	0	0
1812.623244	0	0
1812.673249	0	0
1812.723254	0	0
1812.773259	0	0
1812.823264	0	0
1812.873269	0	0
1812.923274	0	0
1812.973279	0	0
1813.023284	0	0
1813.073289	0	0
1813.123294	0	0
1813.173299	0	0
1813.223304	0	0
1813.273309	0	0
1813.323314	0	0
1813.373319	0	0
1813.423324	0	0
1813.473329	0	0
1813.523334	0	0
1813.573339	0	0
1813.623344	0	0
1813.673349	0	0
1813.723354	0	0
1813.773359	0	0
1813.823364	0	0
1813.873369	0	0
1813.923374	0	0
1813.973379	0	0
1814.023384	0	0
1814.073389	0	0
1814.123394	0	0
1814.173399	0	0
1814.223404	0	0
1814.273409	0	0
1814.323414	0	0
1814.373419	0	0
1814.423424	0	0
1814.473429	0	0
1814.523434	0	0
1814.573439	0	0
1814.623444	0	0
1814.673449	0	0
1814.723454	0	0
1814.773459	0	0
1814.823464	0	0
1814.873469	0	0
1814.923474	0	0
1814.973479	0	0
1815.023484	0	0
1815.073489	0	0
1815.123494	0	0
1815.173499	0	0
1815.223504	0	0
1815.273509	0	0
1815.323514	0	0
1815.373519	0	0
1815.423524	0	0
1815.473529	0	0
1815.523534	0	0
1815.573539	0	0
1815.623544	0	0
1815.673549	0	0
1815.723554	0	0
1815.773559	0	0
1815.823564	0	0
1815.873569	0	0
1815.923574	0	0
1815.973579	0	0
1816.023584	0	0
1816.073589	0	0
1816.123594	0	0
1816.173599	0	0
1816.223604	0	0
1816.273609	0	0
1816.323614	0	0
1816.373619	0	0
1816.423624	0	0
1816.473629	0	0
1816.523634	0	0
1816.573639	0	0
1816.623644	0	0
1816.673649	0	0
1816.723654	0	0
1816.773659	0	0
1816.823664	0	0
1816.873669	0	0
1816.923674	0	0
1816.973679	0	0
1817.023684	0	0
1817.073689	0	0
1817.123694	0	0
1817.173699	0	0
1817.223704	0	0
1817.273709	0	0
1817.323714	0	0
1817.373719	0	0
1817.423724	0	0
1817.473729	0	0
1817.523734	0	0
1817.573739	0	0
1817.623744	0	0
1817.673749	0	0
1817.723754	0	0
1817.773759	0	0
1817.823764	0	0
1817.873769	0	0
1817.923774	0	0
1817.973779	0	0
1818.023784	0	0
1818.073789	0	0
1818.123794	0	0
1818.173799	0	0
1818.223804	0	0
1818.273809	0	0
1818.323814	0	0
1818.373819	0	0
1818.423824	0	0
1818.473829	0	0
1818.523834	0	0
1818.573839	0	0
1818.623844	0	0
1818.673849	0	0
1818.723854	0	0
1818.773859	0	0
1818.823864	0	0
1818.873869	0	0
1818.923874	0	0
1818.973879	0	0
1819.023884	0	0
1819.073889	0	0
1819.123894	0	0
1819.173899	0	0
1819.223904	0	0
1819.273909	0	0
1819.323914	0	0
1819.373919	0	0
1819.423924	0	0
1819.473929	0	0
1819.523934	0	0
1819.573939	0	0
1819.623944	0	0
1819.673949	0	0
1819.723954	0	0
1819.773959	0	0
1819.823964	0	0
1819.873969	0	0
1819.923974	0	0
1819.973979	0	0
1820.023984	0	0
1820.073989	0	0
1820.123994	0	0
1820.173999	0	0
1820.224004	0	0
1820.274009	0	0
1820.324014	0	0
1820.374019	0	0
1820.424024	0	0
1820.474029	0	0
1820.524034	0	0
1820.574039	0	0
1820.624044	0	0
1820.674049	0	0
1820.724054	0	0
1820.774059	0	0
1820.824064	0	0
1820.874069	0	0
1820.924074	0	0
1820.974079	0	0
1821.024084	0	0
1821.074089	0	0
1821.124094	0	0
1821.174099	0	0
1821.224104	0	0
1821.274109	0	0
1821.324114	0	0
1821.374119	0	0
1821.424124	0	0
1821.474129	0	0
1821.524134	0	0
1821.574139	0	0
1821.624144	0	0
1821.674149	0	0
1821.724154	0	0
1821.774159	0	0
1821.824164	0	0
1821.874169	0	0
1821.924174	0	0
1821.974179	0	0
1822.024184	0	0
1822.074189	0	0
1822.124194	0	0
1822.174199	0	0
1822.224204	0	0
1822.274209	0	0
1822.324214	0	0
1822.374219	0	0
1822.424224	0	0
1822.474229	0	0
1822.524234	0	0
1822.574239	0	0
1822.624244	0	0
1822.674249	0	0
1822.724254	0	0
1822.774259	0	0
1822.824264	0	0
1822.874269	0	0
1822.924274	0	0
1822.974279	0	0
1823.024284	0	0
1823.074289	0	0
1823.124294	0	0
1823.174299	0	0
1823.224304	0	0
1823.274309	0	0
1823.324314	0	0
1823.374319	0	0
1823.424324	0	0
1823.474329	0	0
1823.524334	0	0
1823.574339	0	0
1823.624344	0	0
1823.674349	0	0
1823.724354	0	0
1823.774359	0	0
1823.824364	0	0
1823.874369	0	0
1823.924374	0	0
1823.974379	0	0
1824.024384	0	0
1824.074389	0	0
1824.124394	0	0
1824.174399	0	0
1824.224404	0	0
1824.274409	0	0
1824.324414	0	0
1824.374419	0	0
1824.424424	0	0
1824.474429	0	0
1824.524434	0	0
1824.574439	0	0
1824.624444	0	0
1824.674449	0	0
1824.724454	0	0
1824.774459	0	0
1824.824464	0	0
1824.874469	0	0
1824.924474	0	0
1824.974479	0	0
1825.024484	0	0
1825.074489	0	0
1825.124494	0	0
1825.174499	0	0
1825.224504	0	0
1825.274509	0	0
1825.324514	0	0
1825.374519	0	0
1825.424524	0	0
1825.474529	0	0
1825.524534	0	0
1825.574539	0	0
1825.624544	0	0
1825.674549	0	0
1825.724554	0	0
1825.774559	0	0
1825.824564	0	0
1825.874569	0	0
1825.924574	0	0
1825.974579	0	0
1826.024584	0	0
1826.074589	0	0
1826.124594	0	0
1826.174599	0	0
1826.224604	0	0
1826.274609	0	0
1826.324614	0	0
1826.374619	0	0
1826.424624	0	0
1826.474629	0	0
1826.524634	0	0
1826.574639	0	0
1826.624644	0	0
1826.674649	0	0
1826.724654	0	0
1826.774659	0	0
1826.824664	0	0
1826.874669	0	0
1826.924674	0	0
1826.974679	0	0
1827.024684	0	0
1827.074689	0	0
1827.124694	0	0
1827.174699	0	0
1827.224704	0	0
1827.274709	0	0
1827.324714	0	0
1827.374719	0	0
1827.424724	0	0
1827.474729	0	0
1827.524734	0	0
1827.574739	0	0
1827.624744	0	0
1827.674749	0	0
1827.724754	0	0
1827.774759	0	0
1827.824764	0	0
1827.874769	0	0
1827.924774	0	0
1827.974779	0	0
1828.024784	0	0
1828.074789	0	0
1828.124794	0	0
1828.174799	0	0
1828.224804	0	0
1828.274809	0	0
1828.324814	0	0
1828.374819	0	0
1828.424824	0	0
1828.474829	0	0
1828.524834	0	0
1828.574839	0	0
1828.624844	0	0
1828.674849	0	0
1828.724854	0	0
1828.774859	0	0
1828.824864	0	0
1828.874869	0	0
1828.924874	0	0
1828.974879	0	0
1829.024884	0	0
1829.074889	0	0
1829.124894	0	0
1829.174899	0	0
1829.224904	0	0
1829.274909	0	0
1829.324914	0	0
1829.374919	0	0
1829.424924	0	0
1829.474929	0	0
1829.524934	0	0
1829.574939	0	0
1829.624944	0	0
1829.674949	0	0
1829.724954	0	0
1829.774959	0	0
1829.824964	0	0
1829.874969	0	0
1829.924974	0	0
1829.974979	0	0
1830.024984	0	0
1830.074989	0	0
1830.123994	0	0
1830.173999	0	0
1830.224004	0	0
1830.274009	0	0
1830.324014	0	0
1830.374019	0	0
1830.424024	0	0
1830.474029	0	0
1830.524034	0	0
1830.574039	0	0
1830.624044	0	0
1830.674049	0	0
1830.724054	0	0
1830.774059	0	0
1830.824064	0	0
1830.874069	0	0
1830.924074	0	0
1830.974079	0	0
1831.024084	0	0
1831.074089	0	0
1831.124094	0	0
1831.174099	0	0
1831.224104	0	0
1831.274109	0	0
1831.324114	0	0
1831.374119	0	0
1831.424124	0	0
1831.474129	0	0
1831.524134	0	0
1831.574139	0	0
1831.624144	0	0
1831.674149	0	0
1831.724154	0	0
1831.774159	0	0
1831.824164	0	0
1831.874169	0	0
1831.924174	0	0
1831.974179	0	0
1832.024184	0	0
1832.074189	0	0
1832.124194	0	0
1832.174199	0	0
1832.224204	0	0
1832.274209	0	0
1832.324214	0	0
1832.374219	0	0
1832.424224	0	0
1832.474229	0	0
1832.524234	0	0
1832.574239	0	0
1832.624244	0	0
1832.674249	0	0
1832.724254	0	0
1832.774259	0	0
1832.824264	0	0
1832.874269	0	0
1832.924274	0	0
1832.974279	0	0
1833.024284	0	0
1833.074289	0	0
1833.124294	0	0
1833.174299	0	0
1833.224304	0	0
1833.274309	0	0
1833.324314	0	0
1833.374319	0	0
1833.424324	0	0
1833.474329	0	0
1833.524334	0	0
1833.574339	0	0
1833.624344	0	0
1833.674349	0	0
1833.724354	0	0
1833.774359	0	0
1833.824364	0	0
1833.874369	0	0
1833.924374	0	0
1833.974379	0	0
1834.024384	0	0
1834.074389	0	0
1834.124394	0	0
1834.174399	0	0
1834.224404	0	0
1834.274409	0	0
1834.324414	0	0
1834.374419	0	0
1834.424424	0	0
1834.474429	0	0
1834.524434	0	0
1834.574439	0	0
1834.624444	0	0
1834.674449	0	0
1834.724454	0	0
1834.774459	0	0
1834.824464	0	0
1834.874469	0	0
1834.924474	0	0
1834.974479	0	0
1835.024484	0	0
1835.074489	0	0
1835.124494	0	0
1835.174499	0	0
1835.224504	0	0
1835.274509	0	0
1835.324514	0	0
1835.374519	0	0
1835.424524	0	0
1835.474529	0	0
1835.524534	0	0
1835.574539	0	0
1835.624544	0	0
1835.674549	0	0
1835.724554	0	0
1835.774559	0	0
1835.824564	0	0
1835.874569	0	0
1835.924574	0	0
1835.974579	0	0
1836.024584	0	0
1836.074589	0	0
1836.124594	0	0
1836.174599	0	0
1836.224604	0	0
1836.274609	0	0
1836.324614	0	0
1836.374619	0	0
1836.424624	0	0
1836.474629	0	0
1836.524634	0	0
1836.574639	0	0
1836.624644	0	0
1836.674649	0	0
1836.724654	0	0
1836.774659	0	0
1836.824664	0	0
1836.874669	0	0
1836.924674	0	0
1836.974679	0	0
1837.024684	0	0
1837.074689	0	0
1837.124694	0	0
1837.174699	0	0
1837.224704	0	0
1837.274709	0	0
1837.324714	0	0
1837.374719	0	0
1837.424724	0	0
1837.474729	0	0
1837.524734	0	0
1837.574739	0	0
1837.624744	0	0
1837.674749	0	0
1837.724754	0	0
1837.774759	0	0
1837.824764	0	0
1837.874769	0	0
1837.924774	0	0
1837.974779	0	0
1838.024784	0	0
1838.074789	0	0
1838.124794	0	0
1838.174799	0	0
1838.224804	0	0
1838.274809	0	0
1838.324814	0	0
1838.374819	0	0
1838.424824	0	0
1838.474829	0	0
1838.524834	0	0
1838.574839	0	0
1838.624844	0	0
1838.674849	0	0
1838.724854	0	0
1838.774859	0	0
1838.824864	0	0
1838.874869	0	0
1838.924874	0	0
1838.974879	0	0
1839.024884	0	0
1839.074889	0	0
1839.124894	0	0
1839.174899	0	0
1839.224904	0	0
1839.274909	0	0
1839.324914	0	0
1839.374919	0	0
1839.424924	0	0
1839.474929	0	0
1839.524934	0	0
1839.574939	0	0
1839.624944	0	0
1839.674949	0	0
1839.724954	0	0
1839.774959	0	0
1839.824964	0	0
1839.874969	0	0
1839.924974	0	0
1839.974979	0	0
1840.024984	0	0
1840.074989	0	0
1840.124994	0	0
1840.174999	0	0
1840.225004	0	0
1840.275009	0	0
1840.325014	0	0
1840.375019	0	0
1840.425024	0	0
1840.475029	0	0
1840.525034	0	0
1840.575039	0	0
1840.625044	0	0
1840.675049	0	0
1840.725054	0	0
1840.775059	0	0
1840.825064	0	0
1840.875069	0	0
1840.925074	0	0
1840.975079	0	0
1841.025084	0	0
1841.075089	0	0
1841.125094	0	0
1841.175099	0	0
1841.225104	0	0
1841.275109	0	0
1841.325114	0	0
1841.375119	0	0
1841.425124	0	0
1841.475129	0	0
1841.525134	0	0
1841.575139	0	0
1841.625144	0	0
1841.675149	0	0
1841.725154	0	0
1841.775159	0	0
1841.825164	0	0
1841.875169	0	0
1841.925174	0	0
1841.975179	0	0
1842.025184	0	0
1842.075189	0	0
1842.125194	0	0
1842.175199	0	0
1842.225204	0	0
1842.275209	0	0
1842.325214	0	0
1842.375219	0	0
1842.425224	0	0
1842.475229	0	0
1842.525234	0	0
1842.575239	0	0
1842.625244	0	0
1842.675249	0	0
1842.725254	0	0
1842.775259	0	0
1842.825264	0	0
1842.875269	0	0
1842.925274	0	0
1842.975279	0	0
1843.025284	0	0
1843.075289	0	0
1843.125294	0	0
1843.175299	0	0
1843.225304	0	0
1843.275309	0	0
1843.325314	0	0
1843.375319	0	0
1843.425324	0	0
1843.475329	0	0
1843.525334	0	0
1843.575339	0	0
1843.625344	0	0
1843.675349	0	0
1843.725354	0	0
1843.775359	0	0
1843.825364	0	0
1843.875369	0	0
1843.925374	0	0
1843.975379	0	0
1844.025384	0	0
1844.075389	0	0
1844.125394	0	0
1844.175399	0	0
1844.225404	0	0
1844.275409	0	0
1844.325414	0	0
1844.375419	0	0
1844.425424	0	0
1844.475429	0	0
1844.525434	0	0
1844.575439	0	0
1844.625444	0	0
1844.675449	0	0
1844.725454	0	0
1844.775459	0	0
1844.825464	0	0
1844.875469	0	0
1844.925474	0	0
1844.975479	0	0
1845.025484	0	0
1845.075489	0	0
1845.125494	0	0
1845.175499	0	0
1845.225504	0	0
1845.275509	0	0
1845.325514	0	0
1845.375519	0	0
1845.425524	0	0
1845.475529	0	0
1845.525534	0	0
1845.575539	0	0
1845.625544	0	0
1845.675549	0	0
1845.725554	0	0
1845.775559	0	0
1845.825564	0	0
1845.875569	0	0
1845.925574	0	0
1845.975579	0	0
1846.025584	0	0
1846.075589	0	0
1846.125594	0	0
1846.175599	0	0
1846.225604	0	0
1846.275609	0	0
1846.325614	0	0
1846.375619	0	0
1846.425624	0	0
1846.475629	0	0
1846.525634	0	0
1846.575639	0	0
1846.625644	0	0
1846.675649	0	0
1846.725654	0	0
1846.775659	0	0
1846.825664	0	0
1846.875669	0	0
1846.925674	0	0
1846.975679	0	0
1847.025684	0	0
1847.075689	0	0
1847.125694	0	0
1847.175699	0	0
1847.225704	0	0
1847.275709	0	0
1847.325714	0	0
1847.375719	0	0
1847.425724	0	0
1847.475729	0	0
1847.525734	0	0
1847.575739	0	0
1847.624744	0	0
1847.674749	0	0
1847.724754	0	0
1847.774759	0	0
1847.824764	0	0
1847.874769	0	0
1847.924774	0	0
1847.974779	0	0
1848.024784	0	0
1848.074789	0	0
1848.124794	0	0
1848.174799	0	0
1848.224804	0	0
1848.274809	0	0
1848.324814	0	0
1848.374819	0	0
1848.424824	0	0
1848.474829	0	0
1848.524834	0	0
1848.574839	0	0
1848.624844	0	0
1848.674849	0	0
1848.724854	0	0
1848.774859	0	0
1848.824864	0	0
1848.874869	0	0
1848.924874	0	0
1848.974879	0	0
1849.024884	0	0
1849.074889	0	0
1849.124894	0	0
1849.174899	0	0
1849.224904	0	0
1849.274909	0	0
1849.324914	0	0
1849.374919	0	0
1849.424924	0	0
1849.474929	0	0
1849.524934	0	0
1849.574939	0	0
1849.624944	0	0
1849.674949	0	0
1849.724954	0	0
1849.774959	0	0
1849.824964	0	0
1849.874969	0	0
1849.924974	0	0
1849.974979	0	0
1850.024984	0	0
1850.074989	0	0
1850.124994	0	0
1850.174999	0	0
1850.225004	0	0
1850.275009	0	0
1850.325014	0	0
1850.375019	0	0
1850.425024	0	0
1850.475029	0	0
1850.525034	0	0
1850.575039	0	0
1850.625044	0	0
1850.675049	0	0
1850.725054	0	0
1850.775059	0	0
1850.825064	0	0
1850.875069	0	0
1850.925074	0	0
1850.975079	0	0
1851.025084	0	0
1851.075089	0	0
1851.125094	0	0
1851.175099	0	0
1851.225104	0	0
1851.275109	0	0
1851.325114	0	0
1851.375119	0	0
1851.425124	0	0
1851.475129	0	0
1851.525134	0	0
1851.575139	0	0
1851.625144	0	0
1851.675149	0	0
1851.725154	0	0
1851.775159	0	0
1851.825164	0	0
1851.875169	0	0
1851.925174	0	0
1851.975179	0	0
1852.025184	0	0
1852.075189	0	0
1852.125194	0	0
1852.175199	0	0
1852.225204	0	0
1852.275209	0	0
1852.325214	0	0
1852.375219	0	0
1852.425224	0	0
1852.475229	0	0
1852.525234	0	0
1852.575239	0	0
1852.625244	0	0
1852.675249	0	0
1852.725254	0	0
1852.775259	0	0
1852.825264	0	0
1852.875269	0	0
1852.925274	0	0
1852.975279	0	0
1853.025284	0	0
1853.075289	0	0
1853.125294	0	0
1853.175299	0	0
1853.225304	0	0
1853.275309	0	0
1853.325314	0	0
1853.375319	0	0
1853.425324	0	0
1853.475329	0	0
1853.525334	0	0
1853.575339	0	0
1853.625344	0	0
1853.675349	0	0
1853.725354	0	0
1853.775359	0	0
1853.825364	0	0
1853.875369	0	0
1853.925374	0	0
1853.975379	0	0
1854.025384	0	0
1854.075389	0	0
1854.125394	0	0
1854.175399	0	0
1854.225404	0	0
1854.275409	0	0
1854.325414	0	0
1854.375419	0	0
1854.425424	0	0
1854.475429	0	0
1854.525434	0	0
1854.575439	0	0
1854.625444	0	0
1854.675449	0	0
1854.725454	0	0
1854.775459	0	0
1854.825464	0	0
1854.875469	0	0
1854.925474	0	0
1854.975479	0	0
1855.025484	0	0
1855.075489	0	0
1855.125494	0	0
1855.175499	0	0
1855.225504	0	0
1855.275509	0	0
1855.325514	0	0
1855.375519	0	0
1855.425524	0	0
1855.475529	0	0
1855.525534	0	0
1855.575539	0	0
1855.625544	0	0
1855.675549	0	0
1855.725554	0	0
1855.775559	0	0
1855.825564	0	0
1855.875569	0	0
1855.925574	0	0
1855.975579	0	0
1856.025584	0	0
1856.075589	0	0
1856.125594	0	0
1856.175599	0	0
1856.225604	0	0
1856.275609	0	0
1856.325614	0	0
1856.375619	0	0
1856.425624	0	0
1856.475629	0	0
1856.525634	0	0
1856.575639	0	0
1856.625644	0	0
1856.675649	0	0
1856.725654	0	0
1856.775659	0	0
1856.825664	0	0
1856.875669	0	0
1856.925674	0	0
1856.975679	0	0
1857.025684	0	0
1857.075689	0	0
1857.125694	0	0
1857.175699	0	0
1857.225704	0	0
1857.275709	0	0
1857.325714	0	0
1857.375719	0	0
1857.425724	0	0
1857.475729	0	0
1857.525734	0	0
1857.575739	0	0
1857.625744	0	0
1857.675749	0	0
1857.725754	0	0
1857.775759	0	0
1857.825764	0	0
1857.875769	0	0
1857.925774	0	0
1857.975779	0	0
1858.025784	0	0
1858.075789	0	0
1858.125794	0	0
1858.175799	0	0
1858.225804	0	0
1858.275809	0	0
1858.325814	0	0
1858.375819	0	0
1858.425824	0	0
1858.475829	0	0
1858.525834	0	0
1858.575839	0	0
1858.625844	0	0
1858.675849	0	0
1858.725854	0	0
1858.775859	0	0
1858.825864	0	0
1858.875869	0	0
1858.925874	0	0
1858.975879	0	0
1859.025884	0	0
1859.075889	0	0
1859.125894	0	0
1859.175899	0	0
1859.225904	0	0
1859.275909	0	0
1859.325914	0	0
1859.375919	0	0
1859.425924	0	0
1859.475929	0	0
1859.525934	0	0
1859.575939	0	0
1859.625944	0	0
1859.675949	0	0
1859.725954	0	0
1859.775959	0	0
1859.825964	0	0
1859.875969	0	0
1859.925974	0	0
1859.975979	0	0
1860.025984	0	0
1860.075989	0	0
1860.125994	0	0
1860.175999	0	0
1860.226004	0	0
1860.276009	0	0
1860.326014	0	0
1860.376019	0	0
1860.426024	0	0
1860.476029	0	0
1860.526034	0	0
1860.576039	0	0
1860.626044	0	0
1860.676049	0	0
1860.726054	0	0
1860.776059	0	0
1860.826064	0	0
1860.876069	0	0
1860.926074	0	0
1860.976079	0	0
1861.026084	0	0
1861.076089	0	0
1861.126094	0	0
1861.176099	0	0
1861.226104	0	0
1861.276109	0	0
1861.326114	0	0
1861.376119	0	0
1861.426124	0	0
1861.476129	0	0
1861.526134	0	0
1861.576139	0	0
1861.626144	0	0
1861.676149	0	0
1861.726154	0	0
1861.776159	0	0
1861.826164	0	0
1861.876169	0	0
1861.926174	0	0
1861.976179	0	0
1862.026184	0	0
1862.076189	0	0
1862.126194	0	0
1862.176199	0	0
1862.226204	0	0
1862.276209	0	0
1862.326214	0	0
1862.376219	0	0
1862.426224	0	0
1862.476229	0	0
1862.526234	0	0
1862.576239	0	0
1862.626244	0	0
1862.676249	0	0
1862.726254	0	0
1862.776259	0	0
1862.826264	0	0
1862.876269	0	0
1862.926274	0	0
1862.976279	0	0
1863.026284	0	0
1863.076289	0	0
1863.126294	0	0
1863.176299	0	0
1863.226304	0	0
1863.276309	0	0
1863.326314	0	0
1863.376319	0	0
1863.426324	0	0
1863.476329	0	0
1863.526334	0	0
1863.576339	0	0
1863.626344	0	0
1863.676349	0	0
1863.726354	0	0
1863.776359	0	0
1863.826364	0	0
1863.876369	0	0
1863.926374	0	0
1863.976379	0	0
1864.026384	0	0
1864.076389	0	0
1864.126394	0	0
1864.176399	0	0
1864.226404	0	0
1864.276409	0	0
1864.326414	0	0
1864.376419	0	0
1864.426424	0	0
1864.476429	0	0
1864.526434	0	0
1864.576439	0	0
1864.626444	0	0
1864.676449	0	0
1864.726454	0	0
1864.776459	0	0
1864.826464	0	0
1864.876469	0	0
1864.926474	0	0
1864.976479	0	0
1865.026484	0	0
1865.075489	0	0
1865.125494	0	0
1865.175499	0	0
1865.225504	0	0
1865.275509	0	0
1865.325514	0	0
1865.375519	0	0
1865.425524	0	0
1865.475529	0	0
1865.525534	0	0
1865.575539	0	0
1865.625544	0	0
1865.675549	0	0
1865.725554	0	0
1865.775559	0	0
1865.825564	0	0
1865.875569	0	0
1865.925574	0	0
1865.975579	0	0
1866.025584	0	0
1866.075589	0	0
1866.125594	0	0
1866.175599	0	0
1866.225604	0	0
1866.275609	0	0
1866.325614	0	0
1866.375619	0	0
1866.425624	0	0
1866.475629	0	0
1866.525634	0	0
1866.575639	0	0
1866.625644	0	0
1866.675649	0	0
1866.725654	0	0
1866.775659	0	0
1866.825664	0	0
1866.875669	0	0
1866.925674	0	0
1866.975679	0	0
1867.025684	0	0
1867.075689	0	0
1867.125694	0	0
1867.175699	0	0
1867.225704	0	0
1867.275709	0	0
1867.325714	0	0
1867.375719	0	0
1867.425724	0	0
1867.475729	0	0
1867.525734	0	0
1867.575739	0	0
1867.625744	0	0
1867.675749	0	0
1867.725754	0	0
1867.775759	0	0
1867.825764	0	0
1867.875769	0	0
1867.925774	0	0
1867.977779	0	0
1868.025784	0	0
1868.075789	0	0
1868.125794	0	0
1868.175799	0	0
1868.225804	0	0
1868.275809	0	0
1868.325814	0	0
1868.375819	0	0
1868.425824	0	0
1868.475829	0	0
1868.525834	0	0
1868.575839	0	0
1868.625844	0	0
1868.675849	0	0
1868.725854	0	0
1868.775859	0	0
1868.825864	0	0
1868.875869	0	0
1868.925874	0	0
1868.975879	0	0
1869.025884	0	0
1869.075889	0	0
1869.125894	0	0
1869.175899	0	0
1869.225904	0	0
1869.275909	0	0
1869.325914	0	0
1869.375919	0	0
1869.425924	0	0
1869.475929	0	0
1869.525934	0	0
1869.575939	0	0
1869.625944	0	0
1869.675949	0	0
1869.725954	0	0
1869.775959	0	0
1869.825964	0	0
1869.875969	0	0
1869.925974	0	0
1869.975979	0	0
1870.025984	0	0
1870.075989	0	0
1870.125994	0	0
1870.175999	0	0
1870.226004	0	0
1870.276009	0	0
1870.326014	0	0
1870.376019	0	0
1870.426024	0	0
1870.476029	0	0
1870.526034	0	0
1870.576039	0	0
1870.626044	0	0
1870.676049	0	0
1870.726054	0	0
1870.776059	0	0
1870.826064	0	0
1870.876069	0	0
1870.926074	0	0
1870.976079	0	0
1871.026084	0	0
1871.076089	0	0
1871.126094	0	0
1871.176099	0	0
1871.226104	0	0
1871.276109	0	0
1871.326114	0	0
1871.376119	0	0
1871.426124	0	0
1871.476129	0	0
1871.526134	0	0
1871.576139	0	0
1871.626144	0	0
1871.676149	0	0
1871.726154	0	0
1871.776159	0	0
1871.826164	0	0
1871.876169	0	0
1871.926174	0	0
1871.976179	0	0
1872.026184	0	0
1872.076189	0	0
1872.126194	0	0
1872.176199	0	0
1872.226204	0	0
1872.276209	0	0
1872.326214	0	0
1872.376219	0	0
1872.426224	0	0
1872.476229	0	0
1872.526234	0	0
1872.576239	0	0
1872.626244	0	0
1872.676249	0	0
1872.726254	0	0
1872.776259	0	0
1872.826264	0	0
1872.876269	0	0
1872.926274	0	0
1872.976279	0	0
1873.026284	0	0
1873.076289	0	0
1873.126294	0	0
1873.176299	0	0
1873.226304	0	0
1873.276309	0	0
1873.326314	0	0
1873.376319	0	0
1873.426324	0	0
1873.476329	0	0
1873.526334	0	0
1873.576339	0	0
1873.626344	0	0
1873.676349	0	0
1873.726354	0	0
1873.776359	0	0
1873.826364	0	0
1873.876369	0	0
1873.926374	0	0
1873.976379	0	0
1874.026384	0	0
1874.076389	0	0
1874.126394	0	0
1874.176399	0	0
1874.226404	0	0
1874.276409	0	0
1874.326414	0	0
1874.376419	0	0
1874.426424	0	0
1874.476429	0	0
1874.526434	0	0
1874.576439	0	0
1874.626444	0	0
1874.676449	0	0
1874.726454	0	0
1874.776459	0	0
1874.826464	0	0
1874.876469	0	0
1874.926474	0	0
1874.976479	0	0
1875.026484	0	0
1875.076489	0	0
1875.126494	0	0
1875.176499	0	0
1875.226504	0	0
1875.276509	0	0
1875.326514	0	0
1875.376519	0	0
1875.426524	0	0
1875.476529	0	0
1875.526534	0	0
1875.576539	0	0
1875.626544	0	0
1875.676549	0	0
1875.726554	0	0
1875.776559	0	0
1875.826564	0	0
1875.876569	0	0
1875.926574	0	0
1875.976579	0	0
1876.026584	0	0
1876.076589	0	0
1876.126594	0	0
1876.176599	0	0
1876.226604	0	0
1876.276609	0	0
1876.326614	0	0
1876.376619	0	0
1876.426624	0	0
1876.476629	0	0
1876.526634	0	0
1876.576639	0	0
1876.626644	0	0
1876.676649	0	0
1876.726654	0	0
1876.776659	0	0
1876.826664	0	0
1876.876669	0	0
1876.926674	0	0
1876.976679	0	0
1877.026684	0	0
1877.076689	0	0
1877.126694	0	0
1877.176699	0	0
1877.226704	0	0
1877.276709	0	0
1877.326714	0	0
1877.376719	0	0
1877.426724	0	0
1877.476729	0	0
1877.526734	0	0
1877.576739	0	0
1877.626744	0	0
1877.676749	0	0
1877.726754	0	0
1877.776759	0	0
1877.826764	0	0
1877.876769	0	0
1877.926774	0	0
1877.976779	0	0
1878.026784	0	0
1878.076789	0	0
1878.126794	0	0
1878.176799	0	0
1878.226804	0	0
1878.276809	0	0
1878.326814	0	0
1878.376819	0	0
1878.426824	0	0
1878.476829	0	0
1878.526834	0	0
1878.576839	0	0
1878.626844	0	0
1878.676849	0	0
1878.726854	0	0
1878.776859	0	0
1878.826864	0	0
1878.876869	0	0
1878.926874	0	0
1878.976879	0	0
1879.026884	0	0
1879.076889	0	0
1879.126894	0	0
1879.176899	0	0
1879.226904	0	0
1879.276909	0	0
1879.326914	0	0
1879.376919	0	0
1879.426924	0	0
1879.476929	0	0
1879.526934	0	0
1879.576939	0	0
1879.626944	0	0
1879.676949	0	0
1879.726954	0	0
1879.776959	0	0
1879.826964	0	0
1879.876969	0	0
1879.926974	0	0
1879.976979	0	0
1880.026984	0	0
1880.076989	0	0
1880.126994	0	0
1880.176999	0	0
1880.227004	0	0
1880.277009	0	0
1880.327014	0	0
1880.377019	0	0
1880.427024	0	0
1880.477029	0	0
1880.527034	0	0
1880.577039	0	0
1880.627044	0	0
1880.677049	0	0
1880.727054	0	0
1880.777059	0	0
1880.827064	0	0
1880.877069	0	0
1880.927074	0	0
1880.977079	0	0
1881.027084	0	0
1881.077089	0	0
1881.127094	0	0
1881.177099	0	0
1881.227104	0	0
1881.277109	0	0
1881.327114	0	0
1881.377119	0	0
1881.427124	0	0
1881.477129	0	0
1881.527134	0	0
1881.577139	0	0
1881.627144	0	0
1881.677149	0	0
1881.727154	0	0
1881.777159	0	0
1881.827164	0	0
1881.877169	0	0
1881.927174	0	0
1881.977179	0	0
1882.027184	0	0
1882.077189	0	0
1882.127194	0	0
1882.177199	0	0
1882.227204	0	0
1882.277209	0	0
1882.327214	0	0
1882.377219	0	0
1882.427224	0	0
1882.477229	0	0
1882.527234	0	0
1882.576239	0	0
1882.626244	0	0
1882.676249	0	0
1882.726254	0	0
1882.776259	0	0
1882.826264	0	0
1882.876269	0	0
1882.926274	0	0
1882.976279	0	0
1883.026284	0	0
1883.076289	0	0
1883.126294	0	0
1883.176299	0	0
1883.226304	0	0
1883.276309	0	0
1883.326314	0	0
1883.376319	0	0
1883.426324	0	0
1883.476329	0	0
1883.526334	0	0
1883.576339	0	0
1883.626344	0	0
1883.676349	0	0
1883.726354	0	0
1883.776359	0	0
1883.826364	0	0
1883.876369	0	0
1883.926374	0	0
1883.976379	0	0
1884.026384	0	0
1884.076389	0	0
1884.126394	0	0
1884.176399	0	0
1884.226404	0	0
1884.276409	0	0
1884.326414	0	0
1884.376419	0	0
1884.426424	0	0
1884.476429	0	0
1884.526434	0	0
1884.576439	0	0
1884.626444	0	0
1884.676449	0	0
1884.726454	0	0
1884.776459	0	0
1884.826464	0	0
1884.876469	0	0
1884.926474	0	0
1884.976479	0	0
1885.026484	0	0
1885.076489	0	0
1885.126494	0	0
1885.176499	0	0
1885.226504	0	0
1885.276509	0	0
1885.326514	0	0
1885.376519	0	0
1885.426524	0	0
1885.476529	0	0
1885.526534	0	0
1885.576539	0	0
1885.626544	0	0
1885.676549	0	0
1885.726554	0	0
1885.776559	0	0
1885.826564	0	0
1885.876569	0	0
1885.926574	0	0
1885.976579	0	0
1886.026584	0	0
1886.076589	0	0
1886.126594	0	0
1886.176599	0	0
1886.226604	0	0
1886.276609	0	0
1886.326614	0	0
1886.376619	0	0
1886.426624	0	0
1886.476629	0	0
1886.526634	0	0
1886.576639	0	0
1886.626644	0	0
1886.676649	0	0
1886.726654	0	0
1886.776659	0	0
1886.826664	0	0
1886.876669	0	0
1886.926674	0	0
1886.976679	0	0
1887.026684	0	0
1887.076689	0	0
1887.126694	0	0
1887.176699	0	0
1887.226704	0	0
1887.276709	0	0
1887.326714	0	0
1887.376719	0	0
1887.426724	0	0
1887.476729	0	0
1887.526734	0	0
1887.576739	0	0
1887.626744	0	0
1887.676749	0	0
1887.726754	0	0
1887.776759	0	0
1887.826764	0	0
1887.876769	0	0
1887.926774	0	0
1887.976779	0	0
1888.026784	0	0
1888.076789	0	0
1888.126794	0	0
1888.176799	0	0
1888.226804	0	0
1888.276809	0	0
1888.326814	0	0
1888.376819	0	0
1888.426824	0	0
1888.476829	0	0
1888.526834	0	0
1888.576839	0	0
1888.626844	0	0
1888.676849	0	0
1888.726854	0	0
1888.776859	0	0
1888.826864	0	0
1888.876869	0	0
1888.926874	0	0
1888.976879	0	0
1889.026884	0	0
1889.076889	0	0
1889.126894	0	0
1889.176899	0	0
1889.226904	0	0
1889.276909	0	0
1889.326914	0	0
1889.376919	0	0
1889.426924	0	0
1889.476929	0	0
1889.526934	0	0
1889.576939	0	0
1889.626944	0	0
1889.676949	0	0
1889.726954	0	0
1889.776959	0	0
1889.826964	0	0
1889.876969	0	0
1889.926974	0	0
1889.976979	0	0
1890.026984	0	0
1890.076989	0	0
1890.126994	0	0
1890.176999	0	0
1890.227004	0	0
1890.277009	0	0
1890.327014	0	0
1890.377019	0	0
1890.427024	0	0
1890.477029	0	0
1890.527034	0	0
1890.577039	0	0
1890.627044	0	0
1890.677049	0	0
1890.727054	0	0
1890.777059	0	0
1890.827064	0	0
1890.877069	0	0
1890.927074	0	0
1890.977079	0	0
1891.027084	0	0
1891.077089	0	0
1891.127094	0	0
1891.177099	0	0
1891.227104	0	0
1891.277109	0	0
1891.327114	0	0
1891.377119	0	0
1891.427124	0	0
1891.477129	0	0
1891.527134	0	0
1891.577139	0	0
1891.627144	0	0
1891.677149	0	0
1891.727154	0	0
1891.777159	0	0
1891.827164	0	0
1891.877169	0	0
1891.927174	0	0
1891.977179	0	0
1892.027184	0	0
1892.077189	0	0
1892.127194	0	0
1892.177199	0	0
1892.227204	0	0
1892.277209	0	0
1892.327214	0	0
1892.377219	0	0
1892.427224	0	0
1892.477229	0	0
1892.527234	0	0
1892.577239	0	0
1892.627244	0	0
1892.677249	0	0
1892.727254	0	0
1892.777259	0	0
1892.827264	0	0
1892.877269	0	0
1892.927274	0	0
1892.977279	0	0
1893.027284	0	0
1893.077289	0	0
1893.127294	0	0
1893.177299	0	0
1893.227304	0	0
1893.277309	0	0
1893.327314	0	0
1893.377319	0	0
1893.427324	0	0
1893.477329	0	0
1893.527334	0	0
1893.577339	0	0
1893.627344	0	0
1893.677349	0	0
1893.727354	0	0
1893.777359	0	0
1893.827364	0	0
1893.877369	0	0
1893.927374	0	0
1893.977379	0	0
1894.027384	0	0
1894.077389	0	0
1894.127394	0	0
1894.177399	0	0
1894.227404	0	0
1894.277409	0	0
1894.327414	0	0
1894.377419	0	0
1894.427424	0	0
1894.477429	0	0
1894.527434	0	0
1894.577439	0	0
1894.627444	0	0
1894.677449	0	0
1894.727454	0	0
1894.777459	0	0
1894.827464	0	0
1894.877469	0	0
1894.927474	0	0
1894.977479	0	0
1895.027484	0	0
1895.077489	0	0
1895.127494	0	0
1895.177499	0	0
1895.227504	0	0
1895.277509	0	0
1895.327514	0	0
1895.377519	0	0
1895.427524	0	0
1895.477529	0	0
1895.527534	0	0
1895.577539	0	0
1895.627544	0	0
1895.677549	0	0
1895.727554	0	0
1895.777559	0	0
1895.827564	0	0
1895.877569	0	0
1895.927574	0	0
1895.977579	0	0
1896.027584	0	0
1896.077589	0	0
1896.127594	0	0
1896.177599	0	0
1896.227604	0	0
1896.277609	0	0
1896.327614	0	0
1896.377619	0	0
1896.427624	0	0
1896.477629	0	0
1896.527634	0	0
1896.577639	0	0
1896.627644	0	0
1896.677649	0	0
1896.727654	0	0
1896.777659	0	0
1896.827664	0	0
1896.877669	0	0
1896.927674	0	0
1896.977679	0	0
1897.027684	0	0
1897.077689	0	0
1897.127694	0	0
1897.177699	0	0
1897.227704	0	0
1897.277709	0	0
1897.327714	0	0
1897.377719	0	0
1897.427724	0	0
1897.477729	0	0
1897.527734	0	0
1897.577739	0	0
1897.627744	0	0
1897.677749	0	0
1897.727754	0	0
1897.777759	0	0
1897.827764	0	0
1897.877769	0	0
1897.927774	0	0
1897.977779	0	0
1898.027784	0	0
1898.077789	0	0
1898.127794	0	0
1898.177799	0	0
1898.227804	0	0
1898.277809	0	0
1898.327814	0	0
1898.377819	0	0
1898.427824	0	0
1898.477829	0	0
1898.527834	0	0
1898.577839	0	0
1898.627844	0	0
1898.677849	0	0
1898.727854	0	0
1898.777859	0	0
1898.827864	0	0
1898.877869	0	0
1898.927874	0	0
1898.977879	0	0
1899.027884	0	0
1899.077889	0	0
1899.127894	0	0
1899.177899	0	0
1899.227904	0	0
1899.277909	0	0
1899.327914	0	0
1899.377919	0	0
1899.427924	0	0
1899.477929	0	0
1899.527934	0	-21
1899.577939	0	-29
1899.627944	0	-77
1899.677949	0	-209
1899.727954	0	-209
1899.777959	0	-217
1899.827964	0	-229
1899.877969	0	-237
1899.927974	0	-245
1899.977979	0	-253
1900.027984	0	-253
1900.076989	0	-253
1900.126994	0	-253
1900.176999	0	-253
1900.227004	0	-265
1900.277009	0	-265
1900.327013	0	-273
1900.377019	0	-281
1900.427024	0	-281
1900.477029	0	-289
1900.527034	0	-317
1900.577039	0	-317
1900.627044	0	-333
1900.677049	0	-333
1900.727054	0	-333
1900.777059	0	-333
1900.827064	0	-333
1900.877069	0	-361
1900.927073	0	-361
1900.977079	0	-361
1901.027084	0	-361
1901.077089	0	-361
1901.127094	0	-361
1901.177099	0	-361
1901.227104	0	-361
1901.277109	0	-361
1901.327114	0	-361
1901.377119	0	-361
1901.427124	0	-361
1901.477129	0	-361
1901.527134	0	-361
1901.577139	0	-361
1901.627144	0	-361
1901.677149	0	-361
1901.727154	0	-361
1901.777159	0	-361
1901.827164	0	-361
1901.877169	0	-361
1901.927174	0	-361
1901.977179	0	-361
1902.027184	0	-361
1902.077188	0	-361
1902.127194	0	-361
1902.177199	0	-361
1902.227204	0	-361
1902.277209	0	-361
1902.327214	0	-361
1902.377219	0	-361
1902.427224	0	-361
1902.477229	0	-361
1902.527234	0	-361
1902.577239	0	-361
1902.627244	0	-361
1902.677248	0	-361
1902.727254	0	-361
1902.777259	0	-361
1902.827264	0	-361
1902.877269	0	-361
1902.927274	0	-361
1902.977279	0	-361
1903.027284	0	-361
1903.077289	0	-361
1903.127294	0	-361
1903.177299	0	-361
1903.227304	0	-361
1903.277309	0	-361
1903.327314	0	-361
1903.377319	0	-361
1903.427324	0	-361
1903.477329	0	-361
1903.527334	0	-361
1903.577339	0	-361
1903.627344	0	-361
1903.677349	0	-361
1903.727354	0	-361
1903.777359	0	-361
1903.827363	0	-361
1903.877369	0	-361
1903.927374	0	-361
1903.977379	0	-361
1904.027384	0	-361
1904.077389	0	-361
1904.127394	0	-361
1904.177399	0	-361
1904.227404	0	-361
1904.277409	0	-361
1904.327414	0	-361
1904.377419	0	-361
1904.427423	0	-361
1904.477429	0	-361
1904.527434	0	-361
1904.577439	0	-361
1904.627444	0	-361
1904.677449	0	-361
1904.727454	0	-361
1904.777459	0	-361
1904.827464	0	-361
1904.877469	0	-361
1904.927474	0	-361
1904.977479	0	-361
1905.027484	0	-361
1905.077489	0	-361
1905.127494	0	-361
1905.177499	0	-361
1905.227504	0	-361
1905.277509	0	-361
1905.327514	0	-361
1905.377519	0	-361
1905.427524	0	-361
1905.477529	0	-361
1905.527534	0	-361
1905.577538	0	-361
1905.627544	0	-361
1905.677549	0	-361
1905.727554	0	-361
1905.777559	0	-361
1905.827564	0	-361
1905.877569	0	-361
1905.927574	0	-361
1905.977579	0	-361
1906.027584	0	-361
1906.077589	0	-361
1906.127594	0	-361
1906.177599	0	-361
1906.227604	0	-361
1906.277609	0	-361
1906.327614	0	-361
1906.377619	0	-361
1906.427624	0	-361
1906.477629	0	-361
1906.527634	0	-361
1906.577639	0	-361
1906.627644	0	-361
1906.677649	0	-361
1906.727654	0	-361
1906.777659	0	-361
1906.827664	0	-361
1906.877669	0	-361
1906.927674	0	-361
1906.977679	0	-361
1907.027684	0	-361
1907.077689	0	-361
1907.127694	0	-361
1907.177699	0	-361
1907.227704	0	-361
1907.277709	0	-361
1907.327713	0	-361
1907.377719	0	-361
1907.427724	0	-361
1907.477729	0	-361
1907.527734	0	-361
1907.577739	0	-361
1907.627744	0	-361
1907.677749	0	-361
1907.727754	0	-361
1907.777759	0	-361
1907.827764	0	-361
1907.877769	0	-361
1907.927774	0	-361
1907.977779	0	-361
1908.027784	0	-361
1908.077789	0	-361
1908.127794	0	-361
1908.177799	0	-361
1908.227804	0	-361
1908.277809	0	-361
1908.327814	0	-361
1908.377819	0	-361
1908.427824	0	-361
1908.477829	0	-361
1908.527834	0	-361
1908.577839	0	-361
1908.627844	0	-361
1908.677849	0	-361
1908.727854	0	-361
1908.777859	0	-361
1908.827864	0	-361
1908.877869	0	-361
1908.927874	0	-361
1908.977879	0	-361
1909.027884	0	-361
1909.077888	0	-361
1909.127894	0	-361
1909.177899	0	-361
1909.227904	0	-361
1909.277909	0	-361
1909.327914	0	-361
1909.377919	0	-361
1909.427924	0	-361
1909.477929	0	-361
1909.527934	0	-361
1909.577939	0	-361
1909.627944	0	-361
1909.677949	0	-361
1909.727954	0	-361
1909.777959	0	-361
1909.827964	0	-361
1909.877969	0	-361
1909.927974	0	-361
1909.977979	0	-361
1910.027984	0	-361
1910.077989	0	-361
1910.127994	0	-361
1910.177999	0	-361
1910.228004	0	-361
1910.278009	0	-361
1910.328014	0	-361
1910.378019	0	-361
1910.428024	0	-361
1910.478029	0	-361
1910.528034	0	-361
1910.578039	0	-361
1910.628044	0	-361
1910.678049	0	-361
1910.728054	0	-361
1910.778059	0	-361
1910.828063	0	-361
1910.878069	0	-361
1910.928074	0	-361
1910.978079	0	-361
1911.028084	0	-361
1911.078089	0	-361
1911.128094	0	-361
1911.178099	0	-361
1911.228104	0	-361
1911.278109	0	-361
1911.328114	0	-361
1911.378119	0	-361
1911.428124	0	-361
1911.478129	0	-361
1911.528134	0	-361
1911.578139	0	-361
1911.628144	0	-361
1911.678149	0	-361
1911.728154	0	-361
1911.778159	0	-361
1911.828164	0	-361
1911.878169	0	-361
1911.928174	0	-361
1911.978179	0	-361
1912.028184	0	-361
1912.078189	0	-361
1912.128194	0	-361
1912.178199	0	-361
1912.228204	0	-361
1912.278209	0	-361
1912.328214	0	-361
1912.378219	0	-361
1912.428224	0	-361
1912.478229	0	-361
1912.528234	0	-361
1912.578238	0	-361
1912.628244	0	-361
1912.678249	0	-361
1912.728254	0	-361
1912.778259	0	-361
1912.828264	0	-361
1912.878269	0	-361
1912.928274	0	-361
1912.978279	0	-361
1913.028284	0	-361
1913.078289	0	-361
1913.128294	0	-361
1913.178299	0	-361
1913.228304	0	-361
1913.278309	0	-361
1913.328314	0	-361
1913.378319	0	-361
1913.428324	0	-361
1913.478329	0	-361
1913.528334	0	-361
1913.578339	0	-361
1913.628344	0	-361
1913.678349	0	-361
1913.728354	0	-361
1913.778359	0	-361
1913.828364	0	-361
1913.878369	0	-361
1913.928374	0	-361
1913.978379	0	-361
1914.028384	0	-361
1914.078389	0	-361
1914.128394	0	-361
1914.178399	0	-361
1914.228404	0	-361
1914.278409	0	-353
1914.328413	0	-333
1914.378419	0	-265
1914.428424	0	-265
1914.478429	0	-245
1914.528434	0	-229
1914.578439	0	-113
1914.628444	0	0
1914.678449	0	0
1914.728454	0	0
1914.778459	0	0
1914.828464	0	0
1914.878469	0	0
1914.928474	0	0
1914.978479	0	0
1915.028484	0	0
1915.078489	0	0
1915.128494	0	0
1915.178499	0	0
1915.228504	0	0
1915.278509	0	0
1915.328514	0	0
1915.378519	0	0
1915.428524	0	0
1915.478528	0	0
1915.528534	0	0
1915.578539	0	0
1915.628544	0	0
1915.678549	0	0
1915.728554	0	0
1915.778559	0	0
1915.828564	0	0
1915.878569	0	0
1915.928574	0	0
1915.978579	0	0
1916.028584	0	0
1916.078588	0	0
1916.128594	0	0
1916.178599	0	0
1916.228604	0	0
1916.278609	0	0
1916.328614	0	0
1916.378619	0	0
1916.428624	0	0
1916.478629	0	0
1916.528634	0	0
1916.578639	0	0
1916.628644	0	0
1916.678649	0	0
1916.728654	0	0
1916.778659	0	0
1916.828664	0	0
1916.878669	0	0
1916.928674	0	0
1916.978679	0	0
1917.028684	0	0
1917.078689	0	0
1917.128694	0	0
1917.178699	0	0
1917.228703	0	0
1917.278709	0	0
1917.328714	0	0
1917.378719	0	0
1917.428724	0	0
1917.478729	0	0
1917.527734	0	0
1917.577739	0	0
1917.627744	0	0
1917.677749	0	0
1917.727754	0	0
1917.777759	0	0
1917.827764	0	0
1917.877769	0	0
1917.927773	0	0
1917.977778	0	0
1918.027783	0	0
1918.077789	0	0
1918.127794	0	0
1918.177799	0	0
1918.227804	0	0
1918.277809	0	0
1918.327814	0	0
1918.377819	0	0
1918.427824	0	0
1918.477829	0	0
1918.527833	0	0
1918.577838	0	0
1918.627843	0	0
1918.677849	0	0
1918.727854	0	0
1918.777859	0	0
1918.827864	0	0
1918.877869	0	0
1918.927874	0	0
1918.977879	0	0
1919.027884	0	0
1919.077888	0	0
1919.127893	0	0
1919.177898	0	0
1919.227904	0	0
1919.277909	0	0
1919.327914	0	0
1919.377919	0	0
1919.427924	0	0
1919.477929	0	0
1919.527934	0	0
1919.577939	0	0
1919.627944	0	0
1919.677948	0	0
1919.727953	0	0
1919.777958	0	0
1919.827964	0	0
1919.877969	0	0
1919.927974	0	0
1919.977979	0	0
1920.027984	0	0
1920.077989	0	0
1920.127994	0	0
1920.177999	0	0
1920.228004	0	0
1920.278008	0	0
1920.328013	0	0
1920.378018	0	0
1920.428024	0	0
1920.478029	0	0
1920.528034	0	0
1920.578039	0	0
1920.628044	0	0
1920.678049	0	0
1920.728054	0	0
1920.778059	0	0
1920.828063	0	0
1920.878068	0	0
1920.928073	0	0
1920.978079	0	0
1921.028084	0	0
1921.078089	0	0
1921.128094	0	0
1921.178099	0	0
1921.228104	0	0
1921.278109	0	0
1921.328114	0	0
1921.378119	0	0
1921.428123	0	0
1921.478128	0	0
1921.528133	0	0
1921.578139	0	0
1921.628144	0	0
1921.678149	0	0
1921.728154	0	0
1921.778159	0	0
1921.828164	0	0
1921.878169	0	0
1921.928174	0	0
1921.978179	0	0
1922.028183	0	0
1922.078188	0	0
1922.128193	0	0
1922.178199	0	0
1922.228204	0	0
1922.278209	0	0
1922.328214	0	0
1922.378219	0	0
1922.428224	0	0
1922.478229	0	0
1922.528234	0	0
1922.578238	0	0
1922.628243	0	0
1922.678248	0	0
1922.728254	0	0
1922.778259	0	0
1922.828264	0	0
1922.878269	0	0
1922.928274	0	0
1922.978279	0	0
1923.028284	0	0
1923.078289	0	0
1923.128294	0	0
1923.178298	0	0
1923.228303	0	0
1923.278308	0	0
1923.328314	0	0
1923.378319	0	0
1923.428324	0	0
1923.478329	0	0
1923.528334	0	0
1923.578339	0	0
1923.628344	0	0
1923.678349	0	0
1923.728354	0	0
1923.778358	0	0
1923.828363	0	0
1923.878368	0	0
1923.928374	0	0
1923.978379	0	0
1924.028384	0	0
1924.078389	0	0
1924.128394	0	0
1924.178399	0	0
1924.228404	0	0
1924.278409	0	0
1924.328413	0	0
1924.378418	0	0
1924.428423	0	0
1924.478429	0	0
1924.528434	0	0
1924.578439	0	0
1924.628444	0	0
1924.678449	0	0
1924.728454	0	0
1924.778459	0	0
1924.828464	0	0
1924.878469	0	0
1924.928473	0	0
1924.978478	0	0
1925.028483	0	0
1925.078489	0	0
1925.128494	0	0
1925.178499	0	0
1925.228504	0	0
1925.278509	0	0
1925.328514	0	0
1925.378519	0	0
1925.428524	0	0
1925.478528	0	0
1925.528533	0	0
1925.578538	0	0
1925.628543	0	0
1925.678549	0	0
1925.728554	0	0
1925.778559	0	0
1925.828564	0	0
1925.878569	0	0
1925.928574	0	0
1925.978579	0	0
1926.028584	0	0
1926.078588	0	0
1926.128593	0	0
1926.178598	0	0
1926.228604	0	0
1926.278609	0	0
1926.328614	0	0
1926.378619	0	0
1926.428624	0	0
1926.478629	0	0
1926.528634	0	0
1926.578639	0	0
1926.628644	0	0
1926.678648	0	0
1926.728653	0	0
1926.778658	0	0
1926.828664	0	0
1926.878669	0	0
1926.928674	0	0
1926.978679	0	0
1927.028684	0	0
1927.078689	0	0
1927.128694	0	0
1927.178699	0	0
1927.228703	0	0
1927.278708	0	0
1927.328713	0	0
1927.378719	0	0
1927.428724	0	0
1927.478729	0	0
1927.528734	0	0
1927.578739	0	0
1927.628744	0	0
1927.678749	0	0
1927.728754	0	0
1927.778759	0	0
1927.828763	0	0
1927.878768	0	0
1927.928773	0	0
1927.978779	0	0
1928.028784	0	0
1928.078789	0	0
1928.128794	0	0
1928.178799	0	0
1928.228804	0	0
1928.278809	0	0
1928.328814	0	0
1928.378819	0	0
1928.428823	0	0
1928.478828	0	0
1928.528833	0	0
1928.578839	0	0
1928.628844	0	0
1928.678849	0	0
1928.728854	0	0
1928.778859	0	0
1928.828864	0	0
1928.878869	0	0
1928.928874	0	0
1928.978878	0	0
1929.028883	0	0
1929.078888	0	0
1929.128894	0	0
1929.178899	0	0
1929.228904	0	0
1929.278909	0	0
1929.328914	0	0
1929.378919	0	0
1929.428924	0	0
1929.478929	0	0
1929.528934	0	0
1929.578938	0	0
1929.628943	0	0
1929.678948	0	0
1929.728954	0	0
1929.778959	0	0
1929.828964	0	0
1929.878969	0	0
1929.928974	0	0
1929.978979	0	0
1930.028984	0	0
1930.078989	0	0
1930.128994	0	0
1930.178998	0	0
1930.229003	0	0
1930.279008	0	0
1930.329014	0	0
1930.379019	0	0
1930.429024	0	0
1930.479029	0	0
1930.529034	0	0
1930.579039	0	0
1930.629044	0	0
1930.679049	0	0
1930.729053	0	0
1930.779058	0	0
1930.829063	0	0
1930.879069	0	0
1930.929074	0	0
1930.979079	0	0
1931.029084	0	0
1931.079089	0	0
1931.129094	0	0
1931.179099	0	0
1931.229104	0	0
1931.279109	0	0
1931.329113	0	0
1931.379118	0	0
1931.429123	0	0
1931.479129	0	0
1931.529134	0	0
1931.579139	0	0
1931.629144	0	0
1931.679149	0	0
1931.729154	0	0
1931.779159	0	0
1931.829164	0	0
1931.879169	0	0
1931.929173	0	0
1931.979178	0	0
1932.029183	0	0
1932.079189	0	0
1932.129194	0	0
1932.179199	0	0
1932.229204	0	0
1932.279209	0	0
1932.329214	0	0
1932.379219	0	0
1932.429224	0	0
1932.479228	0	0
1932.529233	0	0
1932.579238	0	0
1932.629244	0	0
1932.679249	0	0
1932.729254	0	0
1932.779259	0	0
1932.829264	0	0
1932.879269	0	0
1932.929274	0	0
1932.979279	0	0
1933.029284	0	0
1933.079288	0	0
1933.129293	0	0
1933.179298	0	0
1933.229304	0	0
1933.279309	0	0
1933.329314	0	0
1933.379319	0	0
1933.429324	0	0
1933.479329	0	0
1933.529334	0	0
1933.579339	0	0
1933.629344	0	0
1933.679348	0	0
1933.729353	0	0
1933.779358	0	0
1933.829364	73	0
1933.879369	325	0
1933.929374	457	0
1933.979379	553	0
1934.029384	553	0
1934.079389	629	0
1934.129394	629	0
1934.179399	629	0
1934.229403	629	0
1934.279408	629	0
1934.329413	629	0
1934.379419	681	0
1934.429424	725	0
1934.479429	837	0
1934.529434	857	0
1934.579439	925	0
1934.629444	977	0
1934.679449	1073	0
1934.729454	1125	0
1934.779459	1273	0
1934.829463	1385	0
1934.879468	1705	-457
1934.929473	1833	-457
1934.979479	1833	-509
1935.028483	1833	-517
1935.078488	1833	-557
1935.128493	1833	-557
1935.178499	1833	-593
1935.228504	1877	-593
1935.278509	1973	-593
1935.328514	2101	-593
1935.378519	2165	-593
1935.428524	2241	-593
1935.478528	2241	-609
1935.528533	2245	-609
1935.578538	2273	-609
1935.628543	2373	-617
1935.678548	2489	-649
1935.728553	2549	-649
1935.778559	2601	-673
1935.828564	2601	-673
1935.878569	2609	-697
1935.928574	2609	-741
1935.978579	2617	-745
1936.028584	2617	-745
1936.078588	2617	-749
1936.128593	2617	-765
1936.178598	2617	-765
1936.228603	2617	-765
1936.278608	2617	-765
1936.328613	2617	-765
1936.378619	2617	-765
1936.428624	2617	-765
1936.478629	2617	-765
1936.528634	2617	-765
1936.578639	2617	-765
1936.628644	2617	-765
1936.678648	2617	-765
1936.728653	2617	-765
1936.778658	2617	-765
1936.828663	2617	-765
1936.878668	2617	-765
1936.928674	2617	-765
1936.978679	2617	-765
1937.028684	2617	-765
1937.078689	2617	-765
1937.128694	2617	-765
1937.178699	2617	-765
1937.228703	2617	-765
1937.278708	2617	-765
1937.328713	2617	-765
1937.378718	2617	-765
1937.428723	2617	-765
1937.478728	2617	-765
1937.528734	2617	-765
1937.578739	2617	-765
1937.628744	2617	-765
1937.678749	2617	-765
1937.728754	2617	-765
1937.778759	2617	-765
1937.828763	2617	-765
1937.878768	2617	-765
1937.928773	2617	-765
1937.978778	2617	-765
1938.028783	2617	-765
1938.078788	2617	-765
1938.128794	2617	-765
1938.178799	2617	-765
1938.228804	2617	-765
1938.278809	2665	-765
1938.328814	2685	-689
1938.378819	2721	-541
1938.428823	2737	-513
1938.478828	2781	-509
1938.528833	2781	-465
1938.578838	2801	-417
1938.628843	2801	-417
1938.678849	2821	-393
1938.728854	2853	-365
1938.778859	2885	-321
1938.828864	2933	-317
1938.878869	2933	-277
1938.928874	2973	-265
1938.978878	3053	-241
1939.028883	3069	-197
1939.078888	3069	-193
1939.128893	3085	-177
1939.178898	3085	-169
1939.228903	3085	-169
1939.278909	3085	-169
1939.328914	3085	-165
1939.378919	3085	-165
1939.428924	3085	-165
1939.478929	3085	-165
1939.528934	3085	-165
1939.578938	3085	-165
1939.628943	3085	-137
1939.678948	3085	-97
1939.728953	3085	-65
1939.778958	3085	-1
1939.828963	3057	-1
1939.878969	3057	20
1939.928974	3017	28
1939.978979	3017	48
1940.028984	3005	52
1940.078989	3005	52
1940.128994	3005	52
1940.178998	2985	52
1940.229003	2981	52
1940.279008	2981	52
1940.329013	2981	52
1940.379018	2981	52
1940.429024	2981	52
1940.479029	2981	52
1940.529034	2981	52
1940.579039	2981	52
1940.629044	2981	52
1940.679049	2981	52
1940.729053	2981	52
1940.779058	2961	52
1940.829063	2961	52
1940.879068	2957	52
1940.929073	2937	60
1940.979078	2901	64
1941.029084	2837	64
1941.079089	2797	64
1941.129094	2677	64
1941.179099	2489	64
1941.229104	2305	64
1941.279109	2013	64
1941.329113	1849	64
1941.379118	1841	64
1941.429123	1841	64
1941.479128	1821	64
1941.529133	1817	64
1941.579138	1805	64
1941.629144	1769	64
1941.679149	1749	64
1941.729154	1701	64
1941.779159	1701	64
1941.829164	1653	0
1941.879169	1653	0
1941.929173	1517	0
1941.979178	1473	0
1942.029183	1393	0
1942.079188	1385	0
1942.129193	1273	0
1942.179199	1213	0
1942.229204	1109	0
1942.279209	977	0
1942.329214	977	0
1942.379219	977	0
1942.429224	977	0
1942.479228	977	0
1942.529233	977	0
1942.579238	977	0
1942.629243	977	0
1942.679248	977	0
1942.729253	977	0
1942.779259	977	0
1942.829264	925	0
1942.879269	917	0
1942.929274	917	0
1942.979279	897	0
1943.029284	889	0
1943.079288	889	0
1943.129293	881	0
1943.179298	881	0
1943.229303	881	0
1943.279308	881	0
1943.329313	881	0
1943.379319	881	0
1943.429324	881	0
1943.479329	881	0
1943.529334	881	0
1943.579339	881	0
1943.629344	881	0
1943.679348	881	0
1943.729353	881	0
1943.779358	881	0
1943.829363	881	0
1943.879368	881	0
1943.929374	881	0
1943.979379	881	0
1944.029384	881	0
1944.079389	881	0
1944.129394	881	0
1944.179399	881	0
1944.229403	881	0
1944.279408	881	0
1944.329413	881	0
1944.379418	881	0
1944.429423	881	0
1944.479428	881	0
1944.529434	881	0
1944.579439	881	0
1944.629444	881	0
1944.679449	881	0
1944.729454	881	0
1944.779459	881	32
1944.829463	881	72
1944.879468	881	72
1944.929473	881	168
1944.979478	881	212
1945.029483	881	244
1945.079488	881	268
1945.129494	881	316
1945.179499	881	408
1945.229504	881	416
1945.279509	881	488
1945.329514	881	496
1945.379519	881	580
1945.429523	881	644
1945.479528	881	668
1945.529533	881	736
1945.579538	881	784
1945.629543	881	784
1945.679549	881	848
1945.729554	881	876
1945.779559	881	908
1945.829564	881	908
1945.879569	881	924
1945.929574	881	956
1945.979578	881	964
1946.029583	881	988
1946.079588	881	1020
1946.129593	881	1048
1946.179598	881	1080
1946.229603	881	1096
1946.279609	881	1128
1946.329614	881	1128
1946.379619	881	1128
1946.429624	881	1136
1946.479629	881	1136
1946.529634	881	1136
1946.579638	881	1136
1946.629643	881	1152
1946.679648	881	1152
1946.729653	881	1152
1946.779658	881	1152
1946.829664	881	1176
1946.879669	881	1176
1946.929674	881	1176
1946.979679	881	1192
1947.029684	881	1192
1947.079689	881	1192
1947.129694	881	1192
1947.179698	881	1192
1947.229703	881	1192
1947.279708	881	1192
1947.329713	881	1192
1947.379718	881	1192
1947.429724	881	1192
1947.479729	881	1192
1947.529734	881	1192
1947.579739	881	1192
1947.629744	881	1192
1947.679749	881	1192
1947.729753	881	1192
1947.779758	881	1192
1947.829763	881	1192
1947.879768	881	1192
1947.929773	881	1192
1947.979778	881	1192
1948.029784	881	1192
1948.079789	881	1192
1948.129794	881	1192
1948.179799	881	1192
1948.229804	881	1192
1948.279809	881	1192
1948.329813	881	1192
1948.379818	881	1192
1948.429823	881	1192
1948.479828	881	1192
1948.529833	881	1192
1948.579839	881	1192
1948.629844	881	1192
1948.679849	881	1192
1948.729854	881	1192
1948.779859	881	1192
1948.829864	881	1192
1948.879869	881	1192
1948.929873	881	1192
1948.979878	881	1192
1949.029883	881	1192
1949.079888	881	1192
1949.129893	881	1192
1949.179899	881	1192
1949.229904	881	1192
1949.279909	881	1192
1949.329914	881	1192
1949.379919	881	1192
1949.429924	881	1192
1949.479928	881	1192
1949.529933	881	1192
1949.579938	881	1192
1949.629943	881	1192
1949.679948	881	1192
1949.729953	881	1192
1949.779959	857	1192
1949.829964	857	1192
1949.879969	857	1192
1949.929974	857	1192
1949.979979	857	1192
1950.029984	857	1192
1950.079988	857	1192
1950.129993	857	1192
1950.179998	837	1192
1950.230003	837	1192
1950.280008	837	1192
1950.330014	837	1192
1950.380019	837	1192
1950.430024	837	1192
1950.480029	837	1192
1950.530034	837	1192
1950.580039	837	1192
1950.630044	837	1192
1950.680048	837	1192
1950.730053	837	1192
1950.780058	837	1208
1950.830063	837	1208
1950.880068	837	1208
1950.930074	837	1208
1950.980079	837	1208
1951.030084	837	1208
1951.080089	837	1208
1951.130094	837	1208
1951.180099	837	1208
1951.230103	837	1208
1951.280108	837	1208
1951.330113	837	1208
1951.380118	837	1208
1951.430123	837	1208
1951.480128	837	1208
1951.530134	837	1208
1951.580139	837	1208
1951.630144	837	1208
1951.680149	837	1208
1951.730154	837	1208
1951.780159	837	1208
1951.830163	837	1208
1951.880168	837	1208
1951.930173	837	1208
1951.980178	837	1208
1952.030183	837	1208
1952.080189	837	1208
1952.130194	837	1208
1952.180199	837	1208
1952.230204	837	1208
1952.280209	837	1208
1952.330214	837	1208
1952.380219	837	1208
1952.430223	837	1208
1952.480228	837	1208
1952.529233	837	1208
1952.579238	837	1208
1952.629243	837	1208
1952.679248	837	1208
1952.729253	837	1208
1952.779258	837	1208
1952.829263	837	1208
1952.879269	837	1208
1952.929274	837	1208
1952.979279	837	1208
1953.029284	837	1208
1953.079288	837	1208
1953.129293	837	1208
1953.179298	837	1208
1953.229303	837	1208
1953.279308	837	1208
1953.329313	837	1208
1953.379318	837	1208
1953.429323	837	1208
1953.479329	837	1208
1953.529334	837	1208
1953.579339	837	1208
1953.629344	837	1208
1953.679348	837	1208
1953.729353	837	1208
1953.779358	837	1208
1953.829363	837	1208
1953.879368	837	1208
1953.929373	837	1208
1953.979378	837	1208
1954.029383	837	1208
1954.079389	837	1208
1954.129394	837	1208
1954.179399	837	1208
1954.229403	837	1208
1954.279408	837	1208
1954.329413	837	1208
1954.379418	837	1208
1954.429423	837	1208
1954.479428	837	1208
1954.529433	837	1208
1954.579438	837	1208
1954.629444	837	1208
1954.679449	837	1208
1954.729454	837	1208
1954.779459	837	1208
1954.829463	837	1208
1954.879468	837	1208
1954.929473	837	1208
1954.979478	813	1208
1955.029483	621	1208
1955.079488	577	1208
1955.129493	457	1208
1955.179498	445	980
1955.229504	333	684
1955.279509	57	432
1955.329514	0	300
1955.379519	0	204
1955.429523	0	120
1955.479528	0	16
1955.529533	0	0
1955.579538	0	0
1955.629543	0	0
1955.679548	0	0
1955.729553	0	0
1955.779558	0	0
1955.829564	0	0
1955.879569	0	0
1955.929574	0	0
1955.979578	0	0
1956.029583	0	0
1956.079588	0	0
1956.129593	0	0
1956.179598	0	0
1956.229603	0	0
1956.279608	0	0
1956.329613	0	0
1956.379619	0	0
1956.429624	0	0
1956.479629	0	0
1956.529634	0	0
1956.579638	0	0
1956.629643	0	0
1956.679648	0	0
1956.729653	0	0
1956.779658	0	0
1956.829663	0	0
1956.879668	0	0
1956.929673	0	32
1956.979679	0	136
1957.029684	0	204
1957.079689	0	292
1957.129694	0	400
1957.179698	0	400
1957.229703	0	400
1957.279708	0	400
1957.329713	0	400
1957.379718	0	400
1957.429723	0	400
1957.479728	0	400
1957.529733	0	400
1957.579739	0	400
1957.629744	0	400
1957.679749	0	400
1957.729753	0	400
1957.779758	0	400
1957.829763	0	400
1957.879768	0	400
1957.929773	0	400
1957.979778	0	456
1958.029783	0	480
1958.079788	0	524
1958.129794	0	580
1958.179799	0	588
1958.229804	0	620
1958.279809	0	644
1958.329813	0	660
1958.379818	0	676
1958.429823	0	692
1958.479828	0	752
1958.529833	0	776
1958.579838	0	784
1958.629843	0	816
1958.679848	0	848
1958.729854	0	848
1958.779859	0	848
1958.829864	0	856
1958.879869	0	908
1958.929873	0	948
1958.979878	0	948
1959.029883	0	964
1959.079888	0	964
1959.129893	0	1004
1959.179898	0	1080
1959.229903	0	1080
1959.279908	0	1080
1959.329914	0	1080
1959.379919	0	1104
1959.429924	0	1104
1959.479928	0	1104
1959.529933	0	1104
1959.579938	0	1104
1959.629943	0	1104
1959.679948	0	1104
1959.729953	0	1104
1959.779958	0	1104
1959.829963	0	1104
1959.879969	0	1104
1959.929974	0	1104
1959.979979	0	1104
1960.029984	0	1104
1960.079988	0	1104
1960.129993	0	1104
1960.179998	0	1104
1960.230003	0	1104
1960.280008	0	1104
1960.330013	0	1104
1960.380018	0	1104
1960.430023	0	1104
1960.480029	0	1104
1960.530034	0	1104
1960.580039	0	1104
1960.630044	0	1104
1960.680048	0	1048
1960.730053	0	996
1960.780058	0	864
1960.830063	0	808
1960.880068	0	692
1960.930073	0	604
1960.980078	0	488
1961.030083	0	300
1961.080089	0	40
1961.130094	0	0
1961.180099	0	0
1961.230103	0	0
1961.280108	0	0
1961.330113	0	0
1961.380118	0	0
1961.430123	0	0
1961.480128	0	0
1961.530133	0	0
1961.580138	0	0
1961.630144	0	0
1961.680149	0	0
1961.730154	0	0
1961.780159	0	0
1961.830163	0	0
1961.880168	0	0
1961.930173	0	0
1961.980178	0	0
1962.030183	0	0
1962.080188	0	0
1962.130193	0	0
1962.180198	0	0
1962.230204	0	0
1962.280209	0	0
1962.330214	0	0
1962.380219	0	0
1962.430223	0	0
1962.480228	0	0
1962.530233	0	0
1962.580238	0	0
1962.630243	0	0
1962.680248	0	0
1962.730253	0	0
1962.780258	0	0
1962.830264	0	0
1962.880269	0	0
1962.930274	0	0
1962.980278	0	0
1963.030283	0	0
1963.080288	0	0
1963.130293	0	0
1963.180298	0	0
1963.230303	0	0
1963.280308	0	0
1963.330313	0	0
1963.380319	0	0
1963.430324	0	0
1963.480329	0	0
1963.530334	0	0
1963.580338	0	0
1963.630343	0	0
1963.680348	0	0
1963.730353	0	0
1963.780358	0	0
1963.830363	0	0
1963.880368	0	0
1963.930373	0	0
1963.980379	0	0
1964.030384	0	0
1964.080389	0	0
1964.130394	0	0
1964.180398	0	0
1964.230403	0	0
1964.280408	0	0
1964.330413	0	0
1964.380418	0	0
1964.430423	0	0
1964.480428	0	0
1964.530433	0	0
1964.580439	0	0
1964.630444	0	0
1964.680449	0	0
1964.730453	0	0
1964.780458	0	0
1964.830463	0	0
1964.880468	0	0
1964.930473	0	0
1964.980478	0	0
1965.030483	0	0
1965.080488	0	0
1965.130494	0	0
1965.180499	0	0
1965.230504	0	0
1965.280509	0	0
1965.330513	0	0
1965.380518	0	0
1965.430523	0	0
1965.480528	0	0
1965.530533	0	0
1965.580538	0	0
1965.630543	0	0
1965.680548	0	0
1965.730554	0	0
1965.780559	0	0
1965.830564	0	0
1965.880569	0	0
1965.930573	0	0
1965.980578	0	0
1966.030583	0	0
1966.080588	0	0
1966.130593	0	0
1966.180598	0	0
1966.230603	0	0
1966.280608	0	0
1966.330614	0	0
1966.380619	0	0
1966.430624	0	0
1966.480628	0	0
1966.530633	0	0
1966.580638	0	0
1966.630643	0	0
1966.680648	0	0
1966.730653	0	0
1966.780658	0	0
1966.830663	0	0
1966.880669	0	0
1966.930674	0	0
1966.980679	0	0
1967.030684	0	0
1967.080688	0	0
1967.130693	0	0
1967.180698	0	0
1967.230703	0	0
1967.280708	0	0
1967.330713	0	0
1967.380718	0	0
1967.430723	0	0
1967.480729	0	0
1967.530734	0	0
1967.580739	0	0
1967.630744	0	0
1967.680748	0	0
1967.730753	0	0
1967.780758	0	0
1967.830763	0	0
1967.880768	0	0
1967.930773	0	0
1967.980778	0	0
1968.030784	0	0
1968.080789	0	0
1968.130794	0	0
1968.180799	0	0
1968.230803	0	0
1968.280808	0	0
1968.330813	0	0
1968.380818	0	0
1968.430823	0	0
1968.480828	0	0
1968.530833	0	0
1968.580838	0	0
1968.630844	0	0
1968.680849	0	0
1968.730854	0	0
1968.780859	0	0
1968.830863	0	0
1968.880868	0	0
1968.930873	0	0
1968.980878	0	0
1969.030883	0	0
1969.080888	0	0
1969.130893	0	0
1969.180898	0	0
1969.230904	0	0
1969.280909	0	0
1969.330914	0	0
1969.380919	0	0
1969.430923	0	0
1969.480928	0	0
1969.530933	0	0
1969.580938	0	0
1969.630943	0	0
1969.680948	0	0
1969.730953	0	0
1969.780959	0	0
1969.830964	0	0
1969.880969	0	0
1969.930974	0	0
1969.979978	0	0
1970.029984	0	0
1970.079988	0	0
1970.129993	0	0
1970.179998	0	0
1970.230003	0	0
1970.280008	0	0
1970.330013	0	0
1970.380018	0	0
1970.430023	0	0
1970.480028	0	0
1970.530033	0	0
1970.580039	0	0
1970.630044	0	0
1970.680048	0	0
1970.730053	0	0
1970.780058	0	0
1970.830063	0	0
1970.880068	0	0
1970.930073	0	0
1970.980078	0	0
1971.030083	0	0
1971.080088	0	0
1971.130093	0	0
1971.180099	0	0
1971.230103	0	0
1971.280108	0	0
1971.330113	0	0
1971.380118	0	0
1971.430123	0	0
1971.480128	0	0
1971.530133	0	0
1971.580138	0	0
1971.630143	0	0
1971.680148	0	0
1971.730153	0	0
1971.780159	0	0
1971.830163	0	0
1971.880168	0	0
1971.930173	0	0
1971.980178	0	0
1972.030183	0	0
1972.080188	0	0
1972.130193	0	0
1972.180198	0	0
1972.230203	0	0
1972.280208	0	0
1972.330214	0	0
1972.380219	0	0
1972.430223	0	0
1972.480228	0	0
1972.530233	0	0
1972.580238	0	0
1972.630243	0	0
1972.680248	0	0
1972.730253	0	0
1972.780258	0	0
1972.830263	0	0
1972.880268	0	0
1972.930274	0	0
1972.980278	0	0
1973.030283	0	0
1973.080288	0	0
1973.130293	0	0
1973.180298	0	0
1973.230303	0	0
1973.280308	0	0
1973.330313	0	0
1973.380318	0	0
1973.430323	0	0
1973.480328	0	0
1973.530334	0	0
1973.580338	0	0
1973.630343	0	0
1973.680348	0	0
1973.730353	0	0
1973.780358	0	0
1973.830363	0	0
1973.880368	0	0
1973.930373	0	0
1973.980378	0	0
1974.030383	0	0
1974.080389	0	0
1974.130394	0	0
1974.180398	0	0
1974.230403	0	0
1974.280408	0	0
1974.330413	0	0
1974.380418	0	0
1974.430423	0	0
1974.480428	0	0
1974.530433	0	0
1974.580438	0	0
1974.630443	0	0
1974.680449	0	0
1974.730453	0	0
1974.780458	0	0
1974.830463	0	0
1974.880468	0	0
1974.930473	0	0
1974.980478	0	0
1975.030483	0	0
1975.080488	0	0
1975.130493	0	0
1975.180498	0	0
1975.230503	0	0
1975.280509	0	0
1975.330513	0	0
1975.380518	0	0
1975.430523	0	0
1975.480528	0	0
1975.530533	0	0
1975.580538	0	0
1975.630543	0	0
1975.680548	0	0
1975.730553	0	0
1975.780558	0	0
1975.830564	0	0
1975.880569	0	0
1975.930573	0	0
1975.980578	0	0
1976.030583	0	0
1976.080588	0	0
1976.130593	0	0
1976.180598	0	0
1976.230603	0	0
1976.280608	0	0
1976.330613	0	0
1976.380618	0	0
1976.430624	0	0
1976.480628	0	0
1976.530633	0	0
1976.580638	0	0
1976.630643	0	0
1976.680648	0	0
1976.730653	0	0
1976.780658	0	0
1976.830663	0	0
1976.880668	0	0
1976.930673	0	0
1976.980678	0	0
1977.030684	0	0
1977.080688	0	0
1977.130693	0	0
1977.180698	0	0
1977.230703	0	0
1977.280708	0	0
1977.330713	0	0
1977.380718	0	0
1977.430723	0	0
1977.480728	0	0
1977.530733	0	0
1977.580739	0	0
1977.630744	0	0
1977.680748	0	0
1977.730753	0	0
1977.780758	0	0
1977.830763	0	0
1977.880768	0	0
1977.930773	0	0
1977.980778	0	0
1978.030783	0	0
1978.080788	0	0
1978.130793	0	0
1978.180799	0	0
1978.230803	0	0
1978.280808	0	0
1978.330813	0	0
1978.380818	0	0
1978.430823	0	0
1978.480828	0	0
1978.530833	0	0
1978.580838	0	0
1978.630843	0	0
1978.680848	0	0
1978.730853	0	0
1978.780859	0	0
1978.830863	0	0
1978.880868	0	0
1978.930873	0	0
1978.980878	0	0
1979.030883	0	0
1979.080888	0	0
1979.130893	0	0
1979.180898	0	0
1979.230903	0	0
1979.280908	0	0
1979.330914	0	0
1979.380919	0	0
1979.430923	0	0
1979.480928	0	0
1979.530933	0	0
1979.580938	0	0
1979.630943	0	0
1979.680948	0	0
1979.730953	0	0
1979.780958	0	0
1979.830963	0	0
1979.880968	0	0
1979.930974	0	0
1979.980978	0	0
1980.030983	0	0
1980.080988	0	0
1980.130993	0	0
1980.180998	0	0
1980.231003	0	0
1980.281008	0	0
1980.331013	0	0
1980.381018	0	0
1980.431023	0	0
1980.481028	0	0
1980.531034	0	0
1980.581038	0	0
1980.631043	0	0
1980.681048	0	0
1980.731053	0	0
1980.781058	0	0
1980.831063	0	0
1980.881068	0	0
1980.931073	0	0
1980.981078	0	0
1981.031083	0	0
1981.081089	0	0
1981.131094	0	0
1981.181098	0	0
1981.231103	0	0
1981.281108	0	0
1981.331113	0	0
1981.381118	0	0
1981.431123	0	0
1981.481128	0	0
1981.531133	0	0
1981.581138	0	0
1981.631143	0	0
1981.681149	0	0
1981.731153	0	0
1981.781158	0	0
1981.831163	0	0
1981.881168	0	0
1981.931173	0	0
1981.981178	0	0
1982.031183	0	0
1982.081188	0	0
1982.131193	0	0
1982.181198	0	0
1982.231203	0	0
1982.281209	0	0
1982.331213	0	0
1982.381218	0	0
1982.431223	0	0
1982.481228	0	0
1982.531233	0	0
1982.581238	0	0
1982.631243	0	0
1982.681248	0	0
1982.731253	0	0
1982.781258	0	0
1982.831264	0	0
1982.881269	0	0
1982.931273	0	0
1982.981278	0	0
1983.031283	0	0
1983.081288	0	0
1983.131293	0	0
1983.181298	0	0
1983.231303	0	0
1983.281308	0	0
1983.331313	0	0
1983.381318	0	0
1983.431324	0	0
1983.481328	0	0
1983.531333	0	0
1983.581338	0	0
1983.631343	0	0
1983.681348	0	0
1983.731353	0	0
1983.781358	0	0
1983.831363	0	0
1983.881368	0	0
1983.931373	0	0
1983.981378	0	0
1984.031384	0	0
1984.081388	0	0
1984.131393	0	0
1984.181398	0	0
1984.231403	0	0
1984.281408	0	0
1984.331413	0	0
1984.381418	0	0
1984.431423	0	0
1984.481428	0	0
1984.531433	0	0
1984.581439	0	0
1984.631444	0	0
1984.681448	0	0
1984.731453	0	0
1984.781458	0	0
1984.831463	0	0
1984.881468	0	0
1984.931473	0	0
1984.981478	0	0
1985.031483	0	0
1985.081488	0	0
1985.131493	0	0
1985.181499	0	0
1985.231503	0	0
1985.281508	0	0
1985.331513	0	0
1985.381518	0	0
1985.431523	0	0
1985.481528	0	0
1985.531533	0	0
1985.581538	0	0
1985.631543	0	0
1985.681548	0	0
1985.731553	0	0
1985.781559	0	0
1985.831563	0	0
1985.881568	0	0
1985.931573	0	0
1985.981578	0	0
1986.031583	0	0
1986.081588	0	0
1986.131593	0	0
1986.181598	0	0
1986.231603	0	0
1986.281608	0	0
1986.331614	0	0
1986.381618	0	0
1986.431623	0	0
1986.481628	0	0
1986.531633	0	0
1986.581638	0	0
1986.631643	0	0
1986.681648	0	0
1986.731653	0	0
1986.781658	0	0
1986.831663	0	0
1986.881668	0	0
1986.931674	0	0
1986.981678	0	0
1987.031683	0	0
1987.081688	0	0
1987.131693	0	0
1987.181698	0	0
1987.231703	0	0
1987.281708	0	0
1987.331713	0	0
1987.381718	0	0
1987.431723	0	0
1987.480728	0	0
1987.530733	0	0
1987.580738	0	0
1987.630743	0	0
1987.680748	0	0
1987.730753	0	0
1987.780758	0	0
1987.830763	0	0
1987.880768	0	0
1987.930773	0	0
1987.980778	0	0
1988.030783	0	0
1988.080788	0	0
1988.130793	0	0
1988.180798	0	0
1988.230803	0	0
1988.280808	0	0
1988.330813	0	0
1988.380818	0	0
1988.430823	0	0
1988.480828	0	0
1988.530833	0	0
1988.580838	0	0
1988.630843	0	0
1988.680848	0	0
1988.730853	0	0
1988.780858	0	0
1988.830863	0	0
1988.880868	0	0
1988.930873	0	0
1988.980878	0	0
1989.030883	0	0
1989.080888	0	0
1989.130893	0	0
1989.180898	0	0
1989.230903	0	0
1989.280908	0	0
1989.330913	0	0
1989.380918	0	0
1989.430923	0	0
1989.480928	0	0
1989.530933	0	0
1989.580938	0	0
1989.630943	0	0
1989.680948	0	0
1989.730953	0	0
1989.780958	0	0
1989.830963	0	0
1989.880968	0	0
1989.930973	0	0
1989.980978	0	0
1990.030983	0	0
1990.080988	0	0
1990.130993	0	0
1990.180998	0	0
1990.231003	0	0
1990.281008	0	0
1990.331013	0	0
1990.381018	0	0
1990.431023	0	0
1990.481028	0	0
1990.531033	0	0
1990.581038	0	0
1990.631043	0	0
1990.681048	0	0
1990.731053	0	0
1990.781058	0	0
1990.831063	0	0
1990.881068	0	0
1990.931073	0	0
1990.981078	0	0
1991.031083	0	0
1991.081088	0	0
1991.131093	0	0
1991.181098	0	0
1991.231103	0	0
1991.281108	0	0
1991.331113	0	0
1991.381118	0	0
1991.431123	0	0
1991.481128	0	0
1991.531133	0	0
1991.581138	0	0
1991.631143	0	0
1991.681148	0	0
1991.731153	0	0
1991.781158	0	0
1991.831163	0	0
1991.881168	0	0
1991.931173	0	0
1991.981178	0	0
1992.031183	0	0
1992.081188	0	0
1992.131193	0	0
1992.181198	0	0
1992.231203	0	0
1992.281208	0	0
1992.331213	0	0
1992.381218	0	0
1992.431223	0	0
1992.481228	0	0
1992.531233	0	0
1992.581238	0	0
1992.631243	0	0
1992.681248	0	0
1992.731253	0	0
1992.781258	0	0
1992.831263	0	0
1992.881268	0	0
1992.931273	0	0
1992.981278	0	0
1993.031283	0	0
1993.081288	0	0
1993.131293	0	0
1993.181298	0	0
1993.231303	0	0
1993.281308	0	0
1993.331313	0	0
1993.381318	0	0
1993.431323	0	0
1993.481328	0	0
1993.531333	0	0
1993.581338	0	0
1993.631343	0	0
1993.681348	0	0
1993.731353	0	0
1993.781358	0	0
1993.831363	0	0
1993.881368	0	0
1993.931373	0	0
1993.981378	0	0
1994.031383	0	0
1994.081388	0	0
1994.131393	0	0
1994.181398	0	0
1994.231403	0	0
1994.281408	0	0
1994.331413	0	0
1994.381418	0	0
1994.431423	0	0
1994.481428	0	0
1994.531433	0	0
1994.581438	0	0
1994.631443	0	0
1994.681448	0	0
1994.731453	0	0
1994.781458	0	0
1994.831463	0	0
1994.881468	0	0
1994.931473	0	0
1994.981478	0	0
1995.031483	0	0
1995.081488	0	0
1995.131493	0	0
1995.181498	0	0
1995.231503	0	0
1995.281508	0	0
1995.331513	0	0
1995.381518	0	0
1995.431523	0	0
1995.481528	0	0
1995.531533	0	0
1995.581538	0	0
1995.631543	0	0
1995.681548	0	0
1995.731553	0	0
1995.781558	0	0
1995.831563	0	0
1995.881568	0	0
1995.931573	0	0
1995.981578	0	0
1996.031583	0	0
1996.081588	0	0
1996.131593	0	0
1996.181598	0	0
1996.231603	0	0
1996.281608	0	0
1996.331613	0	0
1996.381618	0	0
1996.431623	0	0
1996.481628	0	0
1996.531633	0	0
1996.581638	0	0
1996.631643	0	0
1996.681648	0	0
1996.731653	0	0
1996.781658	0	0
1996.831663	0	0
1996.881668	0	0
1996.931673	0	0
1996.981678	0	0
1997.031683	0	0
1997.081688	0	0
1997.131693	0	0
1997.181698	0	0
1997.231703	0	0
1997.281708	0	0
1997.331713	0	0
1997.381718	0	0
1997.431723	0	0
1997.481728	0	0
1997.531733	0	0
1997.581738	0	0
1997.631743	0	0
1997.681748	0	0
1997.731753	0	0
1997.781758	0	0
1997.831763	0	0
1997.881768	0	0
1997.931773	0	0
1997.981778	0	0
1998.031783	0	0
1998.081788	0	0
1998.131793	0	0
1998.181798	0	0
1998.231803	0	0
1998.281808	0	0
1998.331813	0	0
1998.381818	0	0
1998.431823	0	0
1998.481828	0	0
1998.531833	0	0
1998.581838	0	0
1998.631843	0	0
1998.681848	0	0
1998.731853	0	0
1998.781858	0	0
1998.831863	0	0
1998.881868	0	0
1998.931873	0	0
1998.981878	0	0
1999.031883	0	0
1999.081888	0	0
1999.131893	0	0
1999.181898	0	0
1999.231903	0	0
1999.281908	0	0
1999.331913	0	0
1999.381918	0	0
1999.431923	0	0
1999.481928	0	0
1999.531933	0	0
1999.581938	0	0
1999.631943	0	0
1999.681948	0	0
1999.731953	0	0
1999.781958	0	0
1999.831963	0	0
1999.881968	0	0
1999.931973	0	0
1999.981978	0	0
2000.031983	0	0
2000.081988	0	0
2000.131993	0	0
2000.181998	0	0
2000.232003	0	0
2000.282008	0	0
2000.332013	0	0
2000.382018	0	0
2000.432023	0	0
2000.482028	0	0
2000.532033	0	0
2000.582038	0	0
2000.632043	0	0
2000.682048	0	0
2000.732053	0	0
2000.782058	0	0
2000.832063	0	0
2000.882068	0	0
2000.932073	0	0
2000.982078	0	0
2001.032083	0	0
2001.082088	0	0
2001.132093	0	0
2001.182098	0	0
2001.232103	0	0
2001.282108	0	0
2001.332113	0	0
2001.382118	0	0
2001.432123	0	0
2001.482128	0	0
2001.532133	0	0
2001.582138	0	0
2001.632143	0	0
2001.682148	0	0
2001.732153	0	0
2001.782158	0	0
2001.832163	0	0
2001.882168	0	0
2001.932173	0	0
2001.982178	0	0
2002.032183	0	0
2002.082188	0	0
2002.132193	0	0
2002.182198	0	0
2002.232203	0	0
2002.282208	0	0
2002.332213	0	0
2002.382218	0	0
2002.432223	0	0
2002.482228	0	0
2002.532233	0	0
2002.582238	0	0
2002.632243	0	0
2002.682248	0	0
2002.732253	0	0
2002.782258	0	0
2002.832263	0	0
2002.882268	0	0
2002.932273	0	0
2002.982278	0	0
2003.032283	0	0
2003.082288	0	0
2003.132293	0	0
2003.182298	0	0
2003.232303	0	0
2003.282308	0	0
2003.332313	0	0
2003.382318	0	0
2003.432323	0	0
2003.482328	0	0
2003.532333	0	0
2003.582338	0	0
2003.632343	0	0
2003.682348	0	0
2003.732353	0	0
2003.782358	0	0
2003.832363	0	0
2003.882368	0	0
2003.932373	0	0
2003.982378	0	0
2004.032383	0	0
2004.082388	0	0
2004.132393	0	0
2004.182398	0	0
2004.232403	0	0
2004.282408	0	0
2004.332413	0	0
2004.382418	0	0
2004.432423	0	0
2004.482428	0	0
2004.532433	0	0
2004.582438	0	0
2004.632443	0	0
2004.682448	0	0
2004.732453	0	0
2004.782458	0	0
2004.832463	0	0
2004.882468	0	0
2004.932473	0	0
2004.981478	0	0
2005.031483	0	0
2005.081488	0	0
2005.131493	0	0
2005.181498	0	0
2005.231503	0	0
2005.281508	0	0
2005.331513	0	0
2005.381518	0	0
2005.431523	0	0
2005.481528	0	0
2005.531533	0	0
2005.581538	0	0
2005.631543	0	0
2005.681548	0	0
2005.731553	0	0
2005.781558	0	0
2005.831563	0	0
2005.881568	0	0
2005.931573	0	0
2005.981578	0	0
2006.031583	0	0
2006.081588	0	0
2006.131593	0	0
2006.181598	0	0
2006.231603	0	0
2006.281608	0	0
2006.331613	0	0
2006.381618	0	0
2006.431623	0	0
2006.481628	0	0
2006.531633	0	0
2006.581638	0	0
2006.631643	0	0
2006.681648	0	0
2006.731653	0	0
2006.781658	0	0
2006.831663	0	0
2006.881668	0	0
2006.931673	0	0
2006.981678	0	0
2007.031683	0	0
2007.081688	0	0
2007.131693	0	0
2007.181698	0	0
2007.231703	0	0
2007.281708	0	0
2007.331713	0	0
2007.381718	0	0
2007.431723	0	0
2007.481728	0	0
2007.531733	0	0
2007.581738	0	0
2007.631743	0	0
2007.681748	0	0
2007.731753	0	0
2007.781758	0	0
2007.831763	0	0
2007.881768	0	0
2007.931773	0	0
2007.981778	0	0
2008.031783	0	0
2008.081788	0	0
2008.131793	0	0
2008.181798	0	0
2008.231803	0	0
2008.281808	0	0
2008.331813	0	0
2008.381818	0	0
2008.431823	0	0
2008.481828	0	0
2008.531833	0	0
2008.581838	0	0
2008.631843	0	0
2008.681848	0	0
2008.731853	0	0
2008.781858	0	0
2008.831863	0	0
2008.881868	0	0
2008.931873	0	0
2008.981878	0	0
2009.031883	0	0
2009.081888	0	0
2009.131893	0	0
2009.181898	0	0
2009.231903	0	0
2009.281908	0	0
2009.331913	0	0
2009.381918	0	0
2009.431923	0	0
2009.481928	0	0
2009.531933	0	0
2009.581938	0	0
2009.631943	0	0
2009.681948	0	0
2009.731953	0	0
2009.781958	0	0
2009.831963	0	0
2009.881968	0	0
2009.931973	0	0
2009.981978	0	0
2010.031983	0	0
2010.081988	0	0
2010.131993	0	0
2010.181998	0	0
2010.232003	0	0
2010.282008	0	0
2010.332013	0	0
2010.382018	0	0
2010.432023	0	0
2010.482028	0	0
2010.532033	0	0
2010.582038	0	0
2010.632043	0	0
2010.682048	0	0
2010.732053	0	0
2010.782058	0	0
2010.832063	0	0
2010.882068	0	0
2010.932073	0	0
2010.982078	0	0
2011.032083	0	0
2011.082088	0	0
2011.132093	0	0
2011.182098	0	0
2011.232103	0	0
2011.282108	0	0
2011.332113	0	0
2011.382118	0	0
2011.432123	0	0
2011.482128	0	0
2011.532133	0	0
2011.582138	0	0
2011.632143	0	0
2011.682148	0	0
2011.732153	0	0
2011.782158	0	0
2011.832163	0	0
2011.882168	0	0
2011.932173	0	0
2011.982178	0	0
2012.032183	0	0
2012.082188	0	0
2012.132193	0	0
2012.182198	0	0
2012.232203	0	0
2012.282208	0	0
2012.332213	0	0
2012.382218	0	0
2012.432223	0	0
2012.482228	0	0
2012.532233	0	0
2012.582238	0	0
2012.632243	0	0
2012.682248	0	0
2012.732253	0	0
2012.782258	0	0
2012.832263	0	0
2012.882268	0	0
2012.932273	0	0
2012.982278	0	0
2013.032283	0	0
2013.082288	0	0
2013.132293	0	0
2013.182298	0	0
2013.232303	0	0
2013.282308	0	0
2013.332313	0	0
2013.382318	0	0
2013.432323	0	0
2013.482328	0	0
2013.532333	0	0
2013.582338	0	0
2013.632343	0	0
2013.682348	0	0
2013.732353	0	0
2013.782358	0	0
2013.832363	0	0
2013.882368	0	0
2013.932373	0	0
2013.982378	0	0
2014.032383	0	0
2014.082388	0	0
2014.132393	0	0
2014.182398	0	0
2014.232403	0	0
2014.282408	0	0
2014.332413	0	0
2014.382418	0	0
2014.432423	0	0
2014.482428	0	0
2014.532433	0	0
2014.582438	0	0
2014.632443	0	0
2014.682448	0	0
2014.732453	0	0
2014.782458	0	0
2014.832463	0	0
2014.882468	0	0
2014.932473	0	0
2014.982478	0	0
2015.032483	0	0
2015.082488	0	0
2015.132493	0	0
2015.182498	0	0
2015.232503	0	0
2015.282508	0	0
2015.332513	0	0
2015.382518	0	0
2015.432523	0	0
2015.482528	0	0
2015.532533	0	0
2015.582538	0	0
2015.632543	0	0
2015.682548	0	0
2015.732553	0	0
2015.782558	0	0
2015.832563	0	0
2015.882568	0	0
2015.932573	0	0
2015.982578	0	0
2016.032583	0	0
2016.082588	0	0
2016.132593	0	0
2016.182598	0	0
2016.232603	0	0
2016.282608	0	0
2016.332613	0	0
2016.382618	0	0
2016.432623	0	0
2016.482628	0	0
2016.532633	0	0
2016.582638	0	0
2016.632643	0	0
2016.682648	0	0
2016.732653	0	0
2016.782658	0	0
2016.832663	0	0
2016.882668	0	0
2016.932673	0	0
2016.982678	0	0
2017.032683	0	0
2017.082688	0	0
2017.132693	0	0
2017.182698	0	0
2017.232703	0	0
2017.282708	0	0
2017.332713	0	0
2017.382718	0	0
2017.432723	0	0
2017.482728	0	0
2017.532733	0	0
2017.582738	0	0
2017.632743	0	0
2017.682748	0	0
2017.732753	0	0
2017.782758	0	0
2017.832763	0	0
2017.882768	0	0
2017.932773	0	0
2017.982778	0	0
2018.032783	0	0
2018.082788	0	0
2018.132793	0	0
2018.182798	0	0
2018.232803	0	0
2018.282808	0	0
2018.332813	0	0
2018.382818	0	0
2018.432823	0	0
2018.482828	0	0
2018.532833	0	0
2018.582838	0	0
2018.632843	0	0
2018.682848	0	0
2018.732853	0	0
2018.782858	0	0
2018.832863	0	0
2018.882868	0	0
2018.932873	0	0
2018.982878	0	0
2019.032883	0	0
2019.082888	0	0
2019.132893	0	0
2019.182898	0	0
2019.232903	0	0
2019.282908	0	0
2019.332913	0	0
2019.382918	0	0
2019.432923	0	0
2019.482928	0	0
2019.532933	0	0
2019.582938	0	0
2019.632943	0	0
2019.682948	0	0
2019.732953	0	0
2019.782958	0	0
2019.832963	0	0
2019.882968	0	0
2019.932973	0	0
2019.982978	0	0
2020.032983	0	0
2020.082988	0	0
2020.132993	0	0
2020.182998	0	0
2020.233003	0	0
2020.283008	0	0
2020.333013	0	0
2020.383018	0	0
2020.433023	0	0
2020.483028	0	0
2020.533033	0	0
2020.583038	0	0
2020.633043	0	0
2020.683048	0	0
2020.733053	0	0
2020.783058	0	0
2020.833063	0	0
2020.883068	0	0
2020.933073	0	0
2020.983078	0	0
2021.033083	0	0
2021.083088	0	0
2021.133093	0	0
2021.183098	0	0
2021.233103	0	0
2021.283108	0	0
2021.333113	0	0
2021.383118	0	0
2021.433123	0	0
2021.483128	0	0
2021.533133	0	0
2021.583138	0	0
2021.633143	0	0
2021.683148	0	0
2021.733153	0	0
2021.783158	0	0
2021.833163	0	0
2021.883168	0	0
2021.933173	0	0
2021.983178	0	0
2022.033183	0	0
2022.083188	0	0
2022.133193	0	0
2022.183198	0	0
2022.233203	0	0
2022.283208	0	0
2022.333213	0	0
2022.383218	0	0
2022.432223	0	0
2022.482228	0	0
2022.532233	0	0
2022.582238	0	0
2022.632243	0	0
2022.682248	0	0
2022.732253	0	0
2022.782258	0	0
2022.832263	0	0
2022.882268	0	0
2022.932273	0	0
2022.982278	0	0
2023.032283	0	0
2023.082288	0	0
2023.132293	0	0
2023.182298	0	0
2023.232303	0	0
2023.282308	0	0
2023.332313	0	0
2023.382318	0	0
2023.432323	0	0
2023.482328	0	0
2023.532333	0	0
2023.582338	0	0
2023.632343	0	0
2023.682348	0	0
2023.732353	0	0
2023.782358	0	0
2023.832363	0	0
2023.882368	0	0
2023.932373	0	0
2023.982378	0	0
2024.032383	0	0
2024.082388	0	0
2024.132393	0	0
2024.182398	0	0
2024.232403	0	0
2024.282408	0	0
2024.332413	0	0
2024.382418	0	0
2024.432423	0	0
2024.482428	0	0
2024.532433	0	0
2024.582438	0	0
2024.632443	0	0
2024.682448	0	0
2024.732453	0	0
2024.782458	0	0
2024.832463	0	0
2024.882468	0	0
2024.932473	0	0
2024.982478	0	0
2025.032483	0	0
2025.082488	0	0
2025.132493	0	0
2025.182498	0	0
2025.232503	0	0
2025.282508	0	0
2025.332513	0	0
2025.382518	0	0
2025.432523	0	0
2025.482528	0	0
2025.532533	0	0
2025.582538	0	0
2025.632543	0	0
2025.682548	0	0
2025.732553	0	0
2025.782558	0	0
2025.832563	0	0
2025.882568	0	0
2025.932573	0	0
2025.982578	0	0
2026.032583	0	0
2026.082588	0	0
2026.132593	0	0
2026.182598	0	0
2026.232603	0	0
2026.282608	0	0
2026.332613	0	0
2026.382618	0	0
2026.432623	0	0
2026.482628	0	0
2026.532633	0	0
2026.582638	0	0
2026.632643	0	0
2026.682648	0	0
2026.732653	0	0
2026.782658	0	0
2026.832663	0	0
2026.882668	0	0
2026.932673	0	0
2026.982678	0	0
2027.032683	0	0
2027.082688	0	0
2027.132693	0	0
2027.182698	0	0
2027.232703	0	0
2027.282708	0	0
2027.332713	0	0
2027.382718	0	0
2027.432723	0	0
2027.482728	0	0
2027.532733	0	0
2027.582738	0	0
2027.632743	0	0
2027.682748	0	0
2027.732753	0	0
2027.782758	0	0
2027.832763	0	0
2027.882768	0	0
2027.932773	0	0
2027.982778	0	0
2028.032783	0	0
2028.082788	0	0
2028.132793	0	0
2028.182798	0	0
2028.232803	0	0
2028.282808	0	0
2028.332813	0	0
2028.382818	0	0
2028.432823	0	0
2028.482828	0	0
2028.532833	0	0
2028.582838	0	0
2028.632843	0	0
2028.682848	0	0
2028.732853	0	0
2028.782858	0	0
2028.832863	0	0
2028.882868	0	0
2028.932873	109	0
2028.982878	213	0
2029.032883	369	0
2029.082888	405	0
2029.132893	405	0
2029.182898	405	0
2029.232903	405	0
2029.282908	405	0
2029.332913	405	0
2029.382918	405	0
2029.432923	405	0
2029.482928	405	0
2029.532933	405	0
2029.582938	497	0
2029.632943	541	0
2029.682948	681	0
2029.732953	681	0
2029.782958	681	0
2029.832963	681	0
2029.882968	681	0
2029.932973	681	0
2029.982978	681	0
2030.032983	681	0
2030.082988	681	0
2030.132993	681	0
2030.182998	681	0
2030.233003	681	0
2030.283008	681	0
2030.333013	681	0
2030.383018	821	0
2030.433023	1081	0
2030.483028	1489	0
2030.533033	1893	-233
2030.583038	2353	-233
2030.633043	2481	-257
2030.683048	2537	-257
2030.733053	2585	-257
2030.783058	2585	-257
2030.833063	2585	-257
2030.883068	2585	-257
2030.933073	2585	-257
2030.983078	2585	-257
2031.033083	2613	-273
2031.083088	2617	-273
2031.133093	2669	-273
2031.183098	2669	-273
2031.233103	2729	-273
2031.283108	2841	-273
2031.333113	3045	-273
2031.383118	3409	-273
2031.433123	3637	-273
2031.483128	3677	-273
2031.533133	3689	-273
2031.583138	3693	-273
2031.633143	3693	-273
2031.683148	3693	-273
2031.733153	3701	-273
2031.783158	3701	-273
2031.833163	3701	-273
2031.883168	3701	-273
2031.933173	3701	-257
2031.983178	3701	-257
2032.033183	3701	-221
2032.083188	3709	-189
2032.133193	3733	-173
2032.183198	3749	-145
2032.233203	3773	-129
2032.283208	3789	-129
2032.333213	3797	-129
2032.384218	3821	-129
2032.433223	3857	-129
2032.483228	3857	-129
2032.533233	3869	-129
2032.583238	3869	-129
2032.633243	3897	-129
2032.683248	3901	-129
2032.733253	3913	-121
2032.783258	3933	-117
2032.833263	3933	-117
2032.883268	3933	-81
2032.933273	3933	-81
2032.983278	3933	-81
2033.033283	3933	-57
2033.083288	3933	-57
2033.133293	3933	-57
2033.183298	3933	-21
2033.233303	3933	-17
2033.283308	3933	-17
2033.333313	3949	-17
2033.383318	4021	-17
2033.433323	4109	-17
2033.483328	4329	-17
2033.533333	4629	20
2033.583338	4841	68
2033.633343	4877	96
2033.683348	4877	128
2033.733353	4893	156
2033.783358	4893	156
2033.833363	4893	156
2033.883368	4893	164
2033.933373	4893	164
2033.983378	4893	180
2034.033383	4893	188
2034.083388	4893	232
2034.133393	4893	296
2034.183398	4893	332
2034.233403	4913	336
2034.283408	5005	336
2034.333413	5085	336
2034.383418	5273	336
2034.433423	5510	336
2034.483428	5782	336
2034.533433	5942	416
2034.583438	6014	488
2034.633443	6014	528
2034.683448	6014	560
2034.733453	6014	600
2034.783458	6014	640
2034.833463	6014	692
2034.883468	6014	788
2034.933473	6014	888
2034.983478	6014	1016
2035.033483	6014	1096
2035.083488	6014	1188
2035.133493	6014	1264
2035.183498	6014	1356
2035.233503	6014	1400
2035.283508	6014	1452
2035.333513	6014	1556
2035.383518	6014	1560
2035.433523	6014	1592
2035.483528	6014	1592
2035.533533	6014	1620
2035.583538	6014	1640
2035.633543	6014	1640
2035.683548	6014	1644
2035.733553	6014	1644
2035.783558	6014	1644
2035.833563	6014	1644
2035.883568	6014	1644
2035.933573	6014	1644
2035.983578	6014	1644
2036.033583	6014	1652
2036.083588	6014	1652
2036.133593	6014	1652
2036.183598	6014	1652
2036.233603	6014	1652
2036.283608	6014	1652
2036.333613	6014	1652
2036.383618	6014	1652
2036.433623	6002	1652
2036.483628	5998	1652
2036.533633	5998	1664
2036.583638	5998	1672
2036.633643	5998	1684
2036.683648	5998	1728
2036.733653	5998	1732
2036.783658	5998	1736
2036.833663	5998	1740
2036.883668	5994	1756
2036.933673	5994	1760
2036.983678	5994	1760
2037.033683	5982	1788
2037.083688	5982	1788
2037.133693	5982	1788
2037.183698	5982	1788
2037.233703	5982	1788
2037.283708	5982	1788
2037.333713	5982	1788
2037.383718	5982	1808
2037.433723	5982	1808
2037.483728	5966	1824
2037.533733	5966	1824
2037.583738	5966	1836
2037.633743	5966	1836
2037.683748	5966	1836
2037.733753	5966	1836
2037.783758	5954	1836
2037.833763	5930	1836
2037.883768	5930	1836
2037.933773	5930	1836
2037.983778	5930	1836
2038.033783	5930	1836
2038.083788	5922	1836
2038.133793	5922	1848
2038.183798	5914	1860
2038.233803	5890	1860
2038.283808	5890	1876
2038.333813	5890	1880
2038.383818	5890	1888
2038.433823	5882	1896
2038.483828	5882	1904
2038.533833	5870	1924
2038.583838	5870	1924
2038.633843	5866	1924
2038.683848	5862	1924
2038.733853	5850	1924
2038.783858	5850	1924
2038.833863	5846	1936
2038.883868	5846	1936
2038.933873	5846	1936
2038.983878	5830	1936
2039.033883	5830	1936
2039.083888	5830	1936
2039.133893	5826	1936
2039.183898	5782	1936
2039.233903	5782	1940
2039.283908	5782	1940
2039.333913	5782	1940
2039.383918	5778	1940
2039.433923	5778	1940
2039.483928	5778	1944
2039.533933	5778	1944
2039.583938	5778	1944
2039.633943	5778	1944
2039.683948	5770	1944
2039.733953	5770	1944
2039.783958	5770	1944
2039.833963	5766	1944
2039.883968	5766	1944
2039.932973	5742	1944
2039.982978	5742	1944
2040.032983	5742	1944
2040.082988	5742	1944
2040.132993	5742	1944
2040.182998	5742	1944
2040.233003	5742	1948
2040.283008	5742	1948
2040.333013	5742	1968
2040.383018	5742	1968
2040.433023	5742	1968
2040.483028	5742	1968
2040.533033	5742	1972
2040.583038	5742	1972
2040.633043	5742	1972
2040.683048	5742	1976
2040.733053	5742	1976
2040.783058	5738	1984
2040.833063	5738	1984
2040.883068	5738	1984
2040.933073	5738	2000
2040.983078	5738	2016
2041.033083	5738	2016
2041.083088	5738	2016
2041.133093	5738	2028
2041.183098	5738	2064
2041.233103	5738	2072
2041.283108	5738	2072
2041.333113	5738	2072
2041.383118	5738	2072
2041.433123	5738	2072
2041.483128	5738	2072
2041.533133	5738	2080
2041.583138	5738	2088
2041.633143	5738	2100
2041.683148	5738	2100
2041.733153	5738	2100
2041.783158	5738	2116
2041.833163	5738	2116
2041.883168	5738	2116
2041.933173	5738	2116
2041.983178	5734	2116
2042.033183	5726	2116
2042.083188	5726	2116
2042.133193	5726	2116
2042.183198	5726	2116
2042.233203	5726	2116
2042.283208	5726	2116
2042.333213	5726	2116
2042.383218	5726	2116
2042.433223	5726	2116
2042.483228	5726	2116
2042.533233	5718	2116
2042.583238	5718	2124
2042.633243	5698	2124
2042.683248	5698	2140
2042.733253	5698	2140
2042.783258	5694	2140
2042.833263	5694	2140
2042.883268	5694	2140
2042.933273	5694	2140
2042.983278	5682	2140
2043.033283	5682	2140
2043.083288	5662	2140
2043.133293	5662	2144
2043.183298	5662	2148
2043.233303	5662	2148
2043.283308	5662	2148
2043.333313	5662	2152
2043.383318	5662	2160
2043.433323	5662	2160
2043.483328	5662	2160
2043.533333	5650	2160
2043.583338	5650	2160
2043.633343	5650	2160
2043.683348	5650	2160
2043.733353	5650	2160
2043.783358	5650	2176
2043.833363	5650	2176
2043.883368	5650	2196
2043.933373	5650	2200
2043.983378	5650	2220
2044.033383	5642	2232
2044.083388	5642	2256
2044.133393	5634	2272
2044.183398	5634	2284
2044.233403	5618	2284
2044.283408	5618	2284
2044.333413	5618	2284
2044.383418	5618	2284
2044.433423	5618	2284
2044.483428	5618	2284
2044.533433	5618	2284
2044.583438	5618	2284
2044.633443	5618	2284
2044.683448	5618	2284
2044.733453	5618	2284
2044.783458	5618	2284
2044.833463	5618	2284
2044.883468	5618	2284
2044.933473	5618	2284
2044.983478	5618	2284
2045.033483	5618	2284
2045.083488	5618	2288
2045.133493	5618	2288
2045.183498	5618	2288
2045.233503	5618	2288
2045.283508	5618	2288
2045.333513	5618	2316
2045.383518	5618	2316
2045.433523	5618	2320
2045.483528	5618	2320
2045.533533	5618	2320
2045.583538	5618	2320
2045.634543	5618	2320
2045.683548	5618	2320
2045.733553	5618	2320
2045.783558	5590	2320
2045.833563	5590	2320
2045.883568	5590	2320
2045.933573	5590	2332
2045.983578	5590	2332
2046.033583	5590	2332
2046.083588	5590	2344
2046.133593	5590	2356
2046.183598	5574	2356
2046.233603	5574	2376
2046.283608	5574	2380
2046.333613	5574	2380
2046.383618	5574	2380
2046.433623	5566	2380
2046.483628	5566	2380
2046.533633	5566	2380
2046.583638	5566	2380
2046.633643	5550	2380
2046.683648	5550	2416
2046.733653	5550	2416
2046.783658	5550	2436
2046.833663	5550	2456
2046.883668	5550	2492
2046.933673	5550	2492
2046.983678	5550	2492
2047.033683	5550	2492
2047.083688	5550	2492
2047.133693	5550	2492
2047.183698	5550	2492
2047.233703	5550	2492
2047.283708	5550	2492
2047.333713	5550	2492
2047.383718	5558	2492
2047.433723	5578	2460
2047.483728	5634	2436
2047.533733	5666	2396
2047.583738	5690	2396
2047.633743	5726	2352
2047.683748	5766	2252
2047.733753	5778	2244
2047.783758	5902	2216
2047.833763	5982	2164
2047.883768	6070	2124
2047.933773	6086	2104
2047.983778	6126	2056
2048.033783	6186	2056
2048.083788	6282	2036
2048.133793	6434	2004
2048.183798	6454	1980
2048.233803	6462	1980
2048.283808	6462	1980
2048.333813	6462	1980
2048.383818	6462	1980
2048.433823	6462	1980
2048.483828	6462	1980
2048.533833	6462	1980
2048.583838	6462	1980
2048.633843	6462	1964
2048.683848	6462	1940
2048.733853	6462	1936
2048.783858	6462	1916
2048.833863	6462	1916
2048.883868	6462	1916
2048.933873	6462	1916
2048.983878	6462	1916
2049.033883	6462	1916
2049.083888	6462	1916
2049.133893	6462	1916
2049.183898	6462	1916
2049.233903	6462	1916
2049.283908	6462	1916
2049.333913	6462	1916
2049.383918	6462	1916
2049.433923	6462	1916
2049.483928	6462	1916
2049.533933	6462	1916
2049.583938	6462	1916
2049.633943	6462	1916
2049.683948	6462	1916
2049.733953	6462	1916
2049.783958	6462	1916
2049.833963	6462	1916
2049.883968	6462	1916
2049.933973	6462	1916
2049.983978	6462	1916
2050.033983	6462	1916
2050.083988	6462	1916
2050.133993	6462	1916
2050.183998	6462	1916
2050.234003	6462	1916
2050.284008	6462	1916
2050.334013	6462	1916
2050.385018	6462	1916
2050.434023	6462	1916
2050.484028	6462	1916
2050.534033	6462	1916
2050.584038	6462	1916
2050.634043	6462	1916
2050.684048	6462	1916
2050.734053	6462	1916
2050.784058	6462	1916
2050.834063	6462	1916
2050.884068	6462	1916
2050.934073	6462	1916
2050.984078	6462	1916
2051.034083	6462	1916
2051.084088	6462	1916
2051.134093	6462	1916
2051.184098	6462	1916
2051.234103	6462	1916
2051.284108	6462	1916
2051.334113	6462	1916
2051.384118	6462	1916
2051.434123	6462	1916
2051.484128	6462	1916
2051.534133	6462	1916
2051.584138	6462	1916
2051.634143	6462	1916
2051.684148	6462	1916
2051.734153	6462	1916
2051.784158	6462	1916
2051.834163	6462	1916
2051.884168	6462	1916
2051.934173	6462	1916
2051.984178	6462	1916
2052.034183	6462	1916
2052.084188	6462	1916
2052.134193	6462	1916
2052.184198	6462	1916
2052.234203	6462	1916
2052.284208	6462	1916
2052.334213	6462	1916
2052.384218	6462	1916
2052.434223	6462	1916
2052.484228	6462	1916
2052.534233	6462	1916
2052.584238	6462	1916
2052.634243	6462	1916
2052.684248	6462	1916
2052.734253	6462	1916
2052.784258	6462	1916
2052.834263	6462	1916
2052.885268	6462	1916
2052.934273	6462	1916
2052.984278	6462	1916
2053.034283	6462	1916
2053.084288	6462	1916
2053.134293	6462	1916
2053.184298	6462	1924
2053.234303	6462	1924
2053.284308	6462	1924
2053.334313	6462	1924
2053.384318	6462	1924
2053.434323	6462	1924
2053.484328	6462	1924
2053.534333	6462	1924
2053.584338	6462	1940
2053.634343	6462	1940
2053.684348	6462	1960
2053.734353	6462	1960
2053.784358	6462	1960
2053.834363	6462	1964
2053.884368	6462	1964
2053.934373	6462	1964
2053.984378	6462	1964
2054.034383	6462	1964
2054.084388	6462	1964
2054.134393	6462	1964
2054.184398	6462	1972
2054.234403	6462	1972
2054.284408	6462	1972
2054.334413	6462	1972
2054.384418	6462	1972
2054.434423	6462	1972
2054.484428	6462	1984
2054.534433	6462	1984
2054.584438	6462	1996
2054.634443	6462	1996
2054.684448	6462	1996
2054.734453	6462	1996
2054.784458	6462	1996
2054.834463	6462	1996
2054.884468	6462	1996
2054.934473	6462	2000
2054.984478	6462	2000
2055.034483	6462	2000
2055.084488	6462	2000
2055.134493	6462	2008
2055.184498	6462	2008
2055.234503	6462	2008
2055.284508	6462	2008
2055.334513	6462	2008
2055.384518	6462	2008
2055.434523	6462	2008
2055.484528	6462	2008
2055.534533	6462	2008
2055.584538	6462	2008
2055.634543	6462	2008
2055.684548	6462	2008
2055.734553	6462	2008
2055.784558	6462	2008
2055.834563	6462	2008
2055.884568	6462	2008
2055.934573	6462	2008
2055.984578	6462	2008
2056.034583	6462	2008
2056.084588	6462	2008
2056.134593	6462	2008
2056.184598	6462	2008
2056.234603	6462	2012
2056.284608	6462	2012
2056.334613	6462	2012
2056.384618	6462	2020
2056.434623	6462	2020
2056.484628	6462	2020
2056.534633	6462	2020
2056.584638	6462	2020
2056.634643	6462	2020
2056.684648	6462	2020
2056.734653	6462	2020
2056.784658	6462	2024
2056.834663	6462	2024
2056.884668	6462	2024
2056.934673	6462	2024
2056.984678	6462	2024
2057.034683	6462	2024
2057.084688	6462	2024
2057.134693	6462	2024
2057.184698	6462	2024
2057.234703	6462	2024
2057.284708	6462	2024
2057.334713	6462	2024
2057.384718	6462	2024
2057.433723	6462	2024
2057.483728	6462	2024
2057.533733	6462	2024
2057.583738	6462	2024
2057.633743	6462	2024
2057.683748	6462	2024
2057.733753	6462	2024
2057.783758	6462	2024
2057.833763	6462	2024
2057.883768	6462	2024
2057.933773	6462	2024
2057.983778	6462	2024
2058.033783	6462	2024
2058.083788	6462	2024
2058.133793	6462	2024
2058.183798	6462	2024
2058.233803	6462	2024
2058.283808	6462	2024
2058.333813	6462	2024
2058.383818	6462	2024
2058.433823	6462	2024
2058.483828	6462	2024
2058.533833	6462	2024
2058.583838	6462	2024
2058.633843	6462	2024
2058.683848	6462	2024
2058.733853	6462	2024
2058.783858	6462	2024
2058.833863	6462	2024
2058.883868	6462	2024
2058.933873	6462	2024
2058.983878	6462	2024
2059.033883	6462	2024
2059.083888	6462	2024
2059.133893	6462	2024
2059.183898	6462	2024
2059.233903	6462	2024
2059.283908	6462	2024
2059.333913	6462	2024
2059.383918	6462	2024
2059.433923	6462	2024
2059.483928	6462	2024
2059.533933	6462	2024
2059.583938	6462	2024
2059.633943	6462	2024
2059.683948	6462	2024
2059.733953	6462	2024
2059.783958	6462	2024
2059.833963	6462	2024
2059.883968	6462	2024
2059.933973	6462	2024
2059.983978	6462	2024
2060.033983	6462	2024
2060.083988	6462	2024
2060.133993	6462	2024
2060.183998	6462	2024
2060.234003	6462	2024
2060.284008	6462	2024
2060.334013	6462	2024
2060.384018	6462	2024
2060.434023	6462	2024
2060.484028	6462	2024
2060.534033	6462	2024
2060.584038	6462	2024
2060.634043	6462	2024
2060.684048	6462	2024
2060.734053	6462	2024
2060.784058	6462	2024
2060.834063	6462	2024
2060.884068	6462	2024
2060.934073	6462	2024
2060.984078	6462	2024
2061.034083	6462	2024
2061.084088	6462	2024
2061.134093	6462	2024
2061.184098	6462	2024
2061.234103	6462	2024
2061.284108	6462	2024
2061.334113	6462	2024
2061.384118	6462	2024
2061.434123	6462	2024
2061.484128	6462	2024
2061.534133	6454	2024
2061.584138	6454	2024
2061.634143	6454	2024
2061.684148	6454	2024
2061.734153	6454	2024
2061.784158	6454	2024
2061.834163	6454	2040
2061.884168	6454	2040
2061.934173	6454	2040
2061.984178	6454	2040
2062.034183	6454	2040
2062.084188	6454	2040
2062.134193	6454	2040
2062.184198	6454	2040
2062.234203	6454	2040
2062.284208	6454	2040
2062.334213	6454	2040
2062.384218	6454	2040
2062.434223	6454	2040
2062.484228	6454	2040
2062.534233	6454	2040
2062.584238	6454	2040
2062.634243	6454	2040
2062.684248	6454	2040
2062.734253	6454	2040
2062.784258	6454	2040
2062.834263	6454	2040
2062.884268	6454	2040
2062.934273	6454	2040
2062.984278	6454	2040
2063.034283	6454	2040
2063.084288	6454	2040
2063.134293	6454	2040
2063.184298	6454	2040
2063.234303	6454	2040
2063.284308	6454	2040
2063.334313	6454	2040
2063.384318	6454	2040
2063.434323	6454	2040
2063.484328	6454	2040
2063.534333	6454	2040
2063.584338	6454	2040
2063.634343	6454	2040
2063.684348	6454	2040
2063.734353	6454	2040
2063.784358	6454	2040
2063.834363	6454	2040
2063.884368	6454	2040
2063.934373	6454	2040
2063.984378	6454	2040
2064.034383	6454	2040
2064.084388	6454	2040
2064.134393	6454	2040
2064.184398	6454	2040
2064.234403	6454	2040
2064.284408	6454	2040
2064.334413	6454	2040
2064.384418	6454	2040
2064.434423	6454	2040
2064.484428	6454	2040
2064.534433	6454	2040
2064.584438	6454	2040
2064.634443	6454	2040
2064.684448	6454	2040
2064.734453	6454	2040
2064.784458	6454	2040
2064.834463	6454	2040
2064.884468	6454	2040
2064.934473	6454	2040
2064.984478	6454	2040
2065.034483	6454	2040
2065.084488	6454	2040
2065.134493	6454	2040
2065.184498	6454	2040
2065.234503	6454	2040
2065.284508	6454	2040
2065.334513	6454	2040
2065.384518	6454	2040
2065.434523	6454	2040
2065.484528	6454	2040
2065.534533	6454	2040
2065.584538	6454	2040
2065.634543	6454	2040
2065.684548	6454	2040
2065.734553	6454	2040
2065.784558	6454	2040
2065.834563	6454	2040
2065.884568	6454	2040
2065.934573	6454	2040
2065.984578	6454	2040
2066.034583	6454	2040
2066.084588	6454	2040
2066.134593	6454	2040
2066.184598	6454	2040
2066.234603	6454	2040
2066.284608	6454	2040
2066.334613	6454	2040
2066.384618	6454	2040
2066.434623	6454	2040
2066.484628	6454	2040
2066.534633	6454	2040
2066.584638	6454	2040
2066.634643	6454	2040
2066.684648	6454	2040
2066.734653	6454	2040
2066.784658	6454	2040
2066.834663	6454	2040
2066.884668	6454	2040
2066.934673	6454	2040
2066.984678	6454	2040
2067.034683	6454	2040
2067.084688	6454	2040
2067.134693	6454	2040
2067.184698	6454	2040
2067.234703	6454	2040
2067.284708	6454	2040
2067.334713	6454	2040
2067.384718	6454	2040
2067.434723	6454	2040
2067.484728	6454	2040
2067.534733	6454	2040
2067.584738	6454	2040
2067.634743	6454	2040
2067.684748	6454	2040
2067.734753	6454	2040
2067.784758	6454	2040
2067.834763	6454	2040
2067.884768	6454	2040
2067.934773	6454	2040
2067.984778	6454	2040
2068.034783	6454	2040
2068.084788	6454	2024
2068.134793	6454	1808
2068.184798	6454	1664
2068.234803	6454	1616
2068.284808	6454	1616
2068.334813	6450	1616
2068.384818	6190	1404
2068.434823	5526	1404
2068.484828	4597	1388
2068.534833	3453	1328
2068.584838	2525	1284
2068.634843	2409	1260
2068.684848	2409	940
2068.734853	2305	912
2068.784858	2109	912
2068.834863	1801	912
2068.884868	1637	180
2068.934873	709	0
2068.984878	237	0
2069.034883	237	0
2069.084888	237	0
2069.134893	153	0
2069.184898	153	0
2069.234903	153	0
2069.284908	153	0
2069.334913	153	0
2069.384918	153	0
2069.434923	153	0
2069.484928	153	0
2069.534933	153	0
2069.584938	865	0
2069.634943	1557	0
2069.684948	2489	144
2069.734953	3809	144
2069.784958	5433	300
2069.834963	5734	328
2069.884968	5734	328
2069.934973	5734	548
2069.984978	5734	604
2070.034983	5734	604
2070.084988	5734	604
2070.134993	5734	604
2070.184998	5830	604
2070.235003	5894	604
2070.285008	5942	612
2070.335013	5942	632
2070.385018	5942	632
2070.435023	5942	488
2070.485028	5942	460
2070.535033	5942	460
2070.585038	5906	508
2070.635043	5898	508
2070.685048	5770	508
2070.735053	5462	492
2070.785058	5137	492
2070.835063	4869	492
2070.885068	4457	492
2070.935073	3733	492
2070.985078	2701	412
2071.035083	2029	340
2071.085088	1757	340
2071.135093	1665	340
2071.185098	1369	0
2071.235103	1001	0
2071.285108	865	0
2071.335113	621	0
2071.385118	141	0
2071.435123	0	0
2071.485128	0	0
2071.535133	0	0
2071.585138	0	0
2071.635143	0	0
2071.685148	0	0
2071.735153	0	0
2071.785158	0	0
2071.835163	0	0
2071.885168	0	0
2071.935173	0	0
2071.985178	0	0
2072.035183	0	0
2072.085188	0	0
2072.135193	0	0
2072.185198	0	0
2072.235203	0	0
2072.285208	0	0
2072.335213	0	0
2072.385218	0	0
2072.435223	0	0
2072.485228	0	0
2072.535233	0	0
2072.585238	0	0
2072.635243	0	0
2072.685248	0	0
2072.735253	0	0
2072.785258	0	0
2072.835263	0	0
2072.885268	0	0
2072.935273	0	0
2072.985278	0	0
2073.035283	0	0
2073.085288	0	0
2073.135293	0	0
2073.185298	0	0
2073.235303	0	0
2073.285308	0	0
2073.335313	0	0
2073.385318	0	0
2073.435323	0	0
2073.485328	0	0
2073.535333	0	0
2073.585338	0	0
2073.635343	0	0
2073.685348	0	0
2073.735353	0	0
2073.785358	0	0
2073.835363	0	0
2073.885368	0	0
2073.935373	0	0
2073.985378	0	0
2074.035383	0	0
2074.085388	0	0
2074.135393	0	0
2074.185398	0	0
2074.235403	0	0
2074.285408	0	0
2074.335413	0	0
2074.385418	0	0
2074.435423	0	0
2074.485428	0	0
2074.535433	0	0
2074.585438	0	0
2074.635443	0	0
2074.685448	0	0
2074.735453	0	0
2074.785458	0	0
2074.835463	0	0
2074.884468	0	0
2074.934473	0	0
2074.984478	0	0
2075.034482	0	0
2075.084488	0	0
2075.134493	0	0
2075.184498	0	0
2075.234503	0	0
2075.284508	0	0
2075.334513	0	0
2075.384518	0	0
2075.434523	0	0
2075.484528	0	0
2075.534533	0	0
2075.584538	0	0
2075.634543	0	0
2075.684548	0	0
2075.734553	0	0
2075.784558	0	0
2075.834563	0	0
2075.884568	0	0
2075.934573	0	0
2075.984578	0	0
2076.034583	0	0
2076.084588	0	0
2076.134593	0	0
2076.184597	0	0
2076.234603	0	0
2076.284608	0	0
2076.334613	0	0
2076.384618	0	0
2076.434623	0	0
2076.484628	0	0
2076.534633	0	0
2076.584638	0	0
2076.634643	0	0
2076.684648	0	0
2076.734653	0	0
2076.784657	0	0
2076.834663	0	0
2076.884668	0	0
2076.934673	0	0
2076.984678	0	0
2077.034683	0	0
2077.084688	0	0
2077.134693	0	0
2077.184698	0	0
2077.234703	0	0
2077.284708	0	0
2077.334713	0	0
2077.384718	0	0
2077.434723	0	0
2077.484728	0	0
2077.534733	0	0
2077.584738	0	0
2077.634743	0	0
2077.684748	0	0
2077.734753	0	0
2077.784758	0	0
2077.834763	0	0
2077.884768	0	0
2077.934772	0	0
2077.984778	0	0
2078.034783	0	0
2078.084788	0	0
2078.134793	0	0
2078.184798	0	0
2078.234803	0	0
2078.284808	0	0
2078.334813	0	0
2078.384818	0	0
2078.434823	0	0
2078.484828	0	0
2078.534832	0	0
2078.584838	0	0
2078.634843	0	0
2078.684848	0	0
2078.734853	0	0
2078.784858	0	0
2078.834863	0	0
2078.884868	0	0
2078.934873	0	0
2078.984878	0	0
2079.034883	0	0
2079.084888	0	0
2079.134893	0	0
2079.184898	0	0
2079.234903	0	0
2079.284908	0	0
2079.334913	0	0
2079.384918	0	0
2079.434923	0	0
2079.484928	0	0
2079.534933	0	0
2079.584938	0	0
2079.634943	0	0
2079.684947	0	0
2079.734953	0	0
2079.784958	0	0
2079.834963	0	0
2079.884968	0	0
2079.934973	0	0
2079.984978	0	0
2080.034983	0	0
2080.084988	0	0
2080.134993	0	0
2080.184998	0	0
2080.235003	0	0
2080.285008	0	0
2080.335013	0	0
2080.385018	0	0
2080.435023	0	0
2080.485028	0	0
2080.535033	0	0
2080.585038	0	0
2080.635043	0	0
2080.685048	0	0
2080.735053	0	0
2080.785058	0	0
2080.835063	0	0
2080.885068	0	0
2080.935073	0	0
2080.985078	0	0
2081.035083	0	0
2081.085088	0	0
2081.135093	0	0
2081.185098	0	0
2081.235103	0	0
2081.285108	0	0
2081.335113	0	0
2081.385118	0	0
2081.435122	0	0
2081.485128	0	0
2081.535133	0	0
2081.585138	0	0
2081.635143	0	0
2081.685148	0	0
2081.735153	0	0
2081.785158	0	0
2081.835163	0	0
2081.885168	0	0
2081.935173	0	0
2081.985178	0	0
2082.035183	0	0
2082.085188	0	0
2082.135193	0	0
2082.185198	0	0
2082.235203	0	0
2082.285208	0	0
2082.335213	0	0
2082.385218	0	0
2082.435223	0	0
2082.485228	0	0
2082.535233	0	0
2082.585238	0	0
2082.635243	0	0
2082.685248	0	0
2082.735253	0	0
2082.785258	0	0
2082.835263	0	0
2082.885268	0	0
2082.935273	0	0
2082.985278	0	0
2083.035283	0	0
2083.085288	0	0
2083.135293	0	0
2083.185297	0	0
2083.235303	0	0
2083.285308	0	0
2083.335313	0	0
2083.385318	0	0
2083.435323	0	0
2083.485328	0	0
2083.535333	0	0
2083.585338	0	0
2083.635343	0	0
2083.685348	0	0
2083.735353	0	0
2083.785358	0	0
2083.835363	0	0
2083.885368	0	0
2083.935373	0	0
2083.985378	0	0
2084.035383	0	0
2084.085388	0	0
2084.135393	0	0
2084.185398	0	0
2084.235403	0	0
2084.285408	0	0
2084.335413	0	0
2084.385418	0	0
2084.435423	0	0
2084.485428	0	0
2084.535433	0	0
2084.585438	0	0
2084.635443	0	0
2084.685448	0	0
2084.735453	0	0
2084.785458	0	0
2084.835463	0	0
2084.885468	0	0
2084.935472	0	0
2084.985478	0	0
2085.035483	0	0
2085.085488	0	0
2085.135493	0	0
2085.185498	0	0
2085.235503	0	0
2085.285508	0	0
2085.335513	0	0
2085.385518	0	0
2085.435523	0	0
2085.485528	0	0
2085.535533	0	0
2085.585538	0	0
2085.635543	0	0
2085.685548	0	0
2085.735553	0	0
2085.785558	0	0
2085.835563	0	0
2085.885568	0	0
2085.935573	0	0
2085.985578	0	0
2086.035583	0	0
2086.085588	0	0
2086.135593	0	0
2086.185598	0	0
2086.235603	0	0
2086.285608	0	0
2086.335613	0	0
2086.385618	0	0
2086.435623	0	0
2086.485628	0	0
2086.535633	0	0
2086.585638	0	0
2086.635643	0	0
2086.685647	0	0
2086.735653	0	0
2086.785658	0	0
2086.835663	0	0
2086.885668	0	0
2086.935673	0	0
2086.985678	0	0
2087.035683	0	0
2087.085688	0	0
2087.135693	0	0
2087.185698	0	0
2087.235703	0	0
2087.285708	0	0
2087.335713	0	0
2087.385718	0	0
2087.435723	0	0
2087.485728	0	0
2087.535733	0	0
2087.585738	0	0
2087.635743	0	0
2087.685748	0	0
2087.735753	0	0
2087.785758	0	0
2087.835763	0	0
2087.885768	0	0
2087.935773	0	0
2087.985778	0	0
2088.035783	0	0
2088.085788	0	0
2088.135793	0	0
2088.185798	0	0
2088.235803	0	0
2088.285808	0	0
2088.335813	0	0
2088.385818	0	0
2088.435822	0	0
2088.485828	0	0
2088.535833	0	0
2088.585838	0	0
2088.635843	0	0
2088.685848	0	0
2088.735853	0	0
2088.785858	0	0
2088.835863	0	0
2088.885868	0	0
2088.935873	0	0
2088.985878	0	0
2089.035883	0	0
2089.085888	0	0
2089.135893	0	0
2089.185898	0	0
2089.235903	0	0
2089.285908	0	0
2089.335913	0	0
2089.385918	0	0
2089.435923	0	0
2089.485928	0	0
2089.535933	0	0
2089.585937	0	0
2089.635943	0	0
2089.685948	0	0
2089.735953	0	0
2089.785958	0	0
2089.835963	0	0
2089.885968	0	0
2089.935973	0	0
2089.985978	0	0
2090.035983	0	0
2090.085988	0	0
2090.135993	0	0
2090.185997	0	0
2090.236003	0	0
2090.286008	0	0
2090.336013	0	0
2090.386018	0	0
2090.436023	0	0
2090.486028	0	0
2090.536033	0	0
2090.586038	0	0
2090.636043	0	0
2090.686048	0	0
2090.736053	0	0
2090.786058	0	0
2090.836063	0	0
2090.886068	0	0
2090.936073	0	0
2090.986078	0	0
2091.036083	0	0
2091.086088	0	0
2091.136093	0	0
2091.186098	0	0
2091.236103	0	0
2091.286108	0	0
2091.336112	0	0
2091.386118	0	0
2091.436123	0	0
2091.486128	0	0
2091.536133	0	0
2091.586138	0	0
2091.636143	0	0
2091.686148	0	0
2091.736153	0	0
2091.786158	0	0
2091.836163	0	0
2091.886168	0	0
2091.936172	0	0
2091.986178	0	0
2092.036183	0	0
2092.086188	0	0
2092.136193	0	0
2092.186198	0	0
2092.236203	0	0
2092.286208	0	0
2092.336213	0	0
2092.385218	0	0
2092.435223	0	0
2092.485228	0	0
2092.535233	0	0
2092.585238	0	0
2092.635242	0	0
2092.685247	0	0
2092.735252	0	0
2092.785258	0	0
2092.835263	0	0
2092.885268	0	0
2092.935273	0	0
2092.985278	0	0
2093.035283	0	0
2093.085288	0	0
2093.135293	0	0
2093.185297	0	0
2093.235302	0	0
2093.285307	0	0
2093.335313	0	0
2093.385318	0	0
2093.435323	0	0
2093.485328	0	0
2093.535333	0	0
2093.585338	0	0
2093.635343	0	0
2093.685348	0	0
2093.735353	0	0
2093.785357	0	0
2093.835362	0	0
2093.885367	0	0
2093.935373	0	0
2093.985378	0	0
2094.035383	0	0
2094.085388	0	0
2094.135393	0	0
2094.185398	0	0
2094.235403	0	0
2094.285408	0	0
2094.335413	0	0
2094.385417	0	0
2094.435422	0	0
2094.485427	0	0
2094.535433	0	0
2094.585438	0	0
2094.635443	0	0
2094.685448	0	0
2094.735453	0	0
2094.785458	0	0
2094.835463	0	0
2094.885468	0	0
2094.935472	0	0
2094.985477	0	0
2095.035482	0	0
2095.085488	0	0
2095.135493	0	0
2095.185498	0	0
2095.235503	0	0
2095.285508	0	0
2095.335513	0	0
2095.385518	0	0
2095.435523	0	0
2095.485528	0	0
2095.535532	0	0
2095.585537	0	0
2095.635542	0	0
2095.685548	0	0
2095.735553	0	0
2095.785558	0	0
2095.835563	0	0
2095.885568	0	0
2095.935573	0	0
2095.985578	0	0
2096.035583	0	0
2096.085588	0	0
2096.135592	0	0
2096.185597	0	0
2096.235602	0	0
2096.285608	0	0
2096.335613	0	0
2096.385618	0	0
2096.435623	0	0
2096.485628	0	0
2096.535633	0	0
2096.585638	0	0
2096.635643	0	0
2096.685647	0	0
2096.735652	0	0
2096.785657	0	0
2096.835663	0	0
2096.885668	0	0
2096.935673	0	0
2096.985678	0	0
2097.035683	0	0
2097.085688	0	0
2097.135693	0	0
2097.185698	0	0
2097.235703	0	0
2097.285707	0	0
2097.335712	0	0
2097.385717	0	0
2097.435723	0	0
2097.485728	0	0
2097.535733	0	0
2097.585738	0	0
2097.635743	0	0
2097.685748	0	0
2097.735753	0	0
2097.785758	0	0
2097.835763	0	0
2097.885767	0	0
2097.935772	0	0
2097.985777	0	0
2098.035783	0	0
2098.085788	0	0
2098.135793	0	0
2098.185798	0	0
2098.235803	0	0
2098.285808	0	0
2098.335813	0	0
2098.385818	0	0
2098.435822	0	0
2098.485827	0	0
2098.535832	0	0
2098.585838	0	0
2098.635843	0	0
2098.685848	0	0
2098.735853	0	0
2098.785858	0	0
2098.835863	0	0
2098.885868	0	0
2098.935873	0	0
2098.985878	0	0
2099.035882	0	0
2099.085887	0	0
2099.135892	0	0
2099.185898	0	0
2099.235903	0	0
2099.285908	0	0
2099.335913	0	0
2099.385918	0	0
2099.435923	0	0
2099.485928	0	0
2099.535933	0	0
2099.585937	0	0
2099.635942	0	0
2099.685947	0	0
2099.735952	0	0
2099.785958	0	0
2099.835963	0	0
2099.885968	0	0
2099.935973	0	0
2099.985978	0	0
2100.035983	0	0
2100.085988	0	0
2100.135993	0	0
2100.185997	0	0
2100.236002	0	0
2100.286007	0	0
2100.336013	0	0
2100.386018	0	0
2100.436023	0	0
2100.486028	0	0
2100.536033	0	0
2100.586038	0	0
2100.636043	0	0
2100.686048	0	0
2100.736053	0	0
2100.786057	0	0
2100.836062	0	0
2100.886067	0	0
2100.936073	0	0
2100.986078	0	0
2101.036083	0	0
2101.086088	0	0
2101.136093	0	0
2101.186098	0	0
2101.236103	0	0
2101.286108	0	0
2101.336112	0	0
2101.386117	0	0
2101.436122	0	0
2101.486128	0	0
2101.536133	0	0
2101.586138	0	0
2101.636143	0	0
2101.686148	0	0
2101.736153	0	0
2101.786158	0	0
2101.836163	0	0
2101.886168	0	0
2101.936172	0	0
2101.986177	0	0
2102.036182	0	0
2102.086188	0	0
2102.136193	0	0
2102.186198	0	0
2102.236203	0	0
2102.286208	0	0
2102.336213	0	0
2102.386218	0	0
2102.436223	0	0
2102.486228	0	0
2102.536232	0	0
2102.586237	0	0
2102.636242	0	0
2102.686248	0	0
2102.736253	0	0
2102.786258	0	0
2102.836263	0	0
2102.886268	0	0
2102.936273	0	0
2102.986278	0	0
2103.036283	0	0
2103.086287	0	0
2103.136292	0	0
2103.186297	0	0
2103.236303	0	0
2103.286308	0	0
2103.336313	0	0
2103.386318	0	0
2103.436323	0	0
2103.486328	0	0
2103.536333	0	0
2103.586338	0	0
2103.636343	0	0
2103.686347	0	0
2103.736352	0	0
2103.786357	0	0
2103.836363	0	0
2103.886368	0	0
2103.936373	0	0
2103.986378	0	0
2104.036383	0	0
2104.086388	0	0
2104.136393	0	0
2104.186398	0	0
2104.236403	0	0
2104.286407	0	0
2104.336412	0	0
2104.386417	0	0
2104.436423	0	0
2104.486428	0	0
2104.536433	0	0
2104.586438	0	0
2104.636443	0	0
2104.686448	0	0
2104.736453	0	0
2104.786458	0	0
2104.836462	0	0
2104.886467	0	0
2104.936472	0	0
2104.986478	0	0
2105.036483	0	0
2105.086488	0	0
2105.136493	0	0
2105.186498	0	0
2105.236503	0	0
2105.286508	0	0
2105.336513	0	0
2105.386518	0	0
2105.436522	0	0
2105.486527	0	0
2105.536532	0	0
2105.586538	0	0
2105.636543	0	0
2105.686548	0	0
2105.736553	0	0
2105.786558	0	0
2105.836563	0	0
2105.886568	0	0
2105.936573	0	0
2105.986578	0	0
2106.036582	0	0
2106.086587	0	0
2106.136592	0	0
2106.186598	0	0
2106.236603	0	0
2106.286608	0	0
2106.336613	0	0
2106.386618	0	0
2106.436623	0	0
2106.486628	0	0
2106.536633	0	0
2106.586637	0	0
2106.636642	0	0
2106.686647	0	0
2106.736653	0	0
2106.786658	0	0
2106.836663	0	0
2106.886668	0	0
2106.936673	0	0
2106.986678	0	0
2107.036683	0	0
2107.086688	0	0
2107.136693	0	0
2107.186697	0	0
2107.236702	0	0
2107.286707	0	0
2107.336713	0	0
2107.386718	0	0
2107.436723	0	0
2107.486728	0	0
2107.536733	0	0
2107.586738	0	0
2107.636743	0	0
2107.686748	0	0
2107.736753	0	0
2107.786757	0	0
2107.836762	0	0
2107.886767	0	0
2107.936773	0	0
2107.986778	0	0
2108.036783	0	0
2108.086788	0	0
2108.136793	0	0
2108.186798	0	0
2108.236803	0	0
2108.286808	0	0
2108.336812	0	0
2108.386817	0	0
2108.436822	0	0
2108.486828	0	0
2108.536833	0	0
2108.586838	0	0
2108.636843	0	0
2108.686848	0	0
2108.736853	0	0
2108.786858	0	0
2108.836863	0	0
2108.886868	0	0
2108.936872	0	0
2108.986877	0	0
2109.036882	0	0
2109.086888	0	0
2109.136893	0	0
2109.186898	0	0
2109.236903	0	0
2109.286908	0	0
2109.336913	0	0
2109.386918	0	0
2109.436923	0	0
2109.486928	0	0
2109.536932	0	0
2109.586937	0	0
2109.636942	0	0
2109.686948	0	0
2109.736953	0	0
2109.786958	0	0
2109.836963	0	0
2109.885968	0	0
2109.935973	0	0
2109.985978	0	0
2110.035983	0	0
2110.085988	0	0
2110.135993	0	0
2110.185997	0	0
2110.236002	0	0
2110.286007	0	0
2110.336012	0	0
2110.386017	0	0
2110.436022	0	0
2110.486028	0	0
2110.536033	0	0
2110.586038	0	0
2110.636043	0	0
2110.686048	0	0
2110.736053	0	0
2110.786057	0	0
2110.836062	0	0
2110.886067	0	0
2110.936072	0	0
2110.986077	0	0
2111.036083	0	0
2111.086088	0	0
2111.136093	0	0
2111.186098	0	0
2111.236103	0	0
2111.286108	0	0
2111.336112	0	0
2111.386117	0	0
2111.436122	0	0
2111.486127	0	0
2111.536132	0	0
2111.586137	0	0
2111.636143	0	0
2111.686148	0	0
2111.736153	0	0
2111.786158	0	0
2111.836163	0	0
2111.886168	0	0
2111.936172	0	0
2111.986177	0	0
2112.036182	0	0
2112.086187	0	0
2112.136192	0	0
2112.186197	0	0
2112.236203	0	0
2112.286208	0	0
2112.336213	0	0
2112.386218	0	0
2112.436223	0	0
2112.486228	0	0
2112.536232	0	0
2112.586237	0	0
2112.636242	0	0
2112.686247	0	0
2112.736252	0	0
2112.786258	0	0
2112.836263	0	0
2112.886268	0	0
2112.936273	0	0
2112.986278	0	0
2113.036283	0	0
2113.086287	0	0
2113.136292	0	0
2113.186297	0	0
2113.236302	0	0
2113.286307	0	0
2113.336312	0	0
2113.386318	0	0
2113.436323	0	0
2113.486328	0	0
2113.536333	0	0
2113.586338	0	0
2113.636343	0	0
2113.686347	0	0
2113.736352	0	0
2113.786357	0	0
2113.836362	0	0
2113.886367	0	0
2113.936372	0	0
2113.986378	0	0
2114.036383	0	0
2114.086388	0	0
2114.136393	0	0
2114.186398	0	0
2114.236403	0	0
2114.286407	0	0
2114.336412	0	0
2114.386417	0	0
2114.436422	0	0
2114.486427	0	0
2114.536433	0	0
2114.586438	0	0
2114.636443	0	0
2114.686448	0	0
2114.736453	0	0
2114.786458	0	0
2114.836462	0	0
2114.886467	0	0
2114.936472	0	0
2114.986477	0	0
2115.036482	0	0
2115.086487	0	0
2115.136493	0	0
2115.186498	0	0
2115.236503	0	0
2115.286508	0	0
2115.336513	0	0
2115.386518	0	0
2115.436522	0	0
2115.486527	0	0
2115.536532	0	0
2115.586537	0	0
2115.636542	0	0
2115.686547	0	0
2115.736553	0	0
2115.786558	0	0
2115.836563	0	0
2115.886568	0	0
2115.936573	0	0
2115.986578	0	0
2116.036582	0	0
2116.086587	0	0
2116.136592	0	0
2116.186597	0	0
2116.236602	0	0
2116.286608	0	0
2116.336613	0	0
2116.386618	0	0
2116.436623	0	0
2116.486628	0	0
2116.536633	0	0
2116.586637	0	0
2116.636642	0	0
2116.686647	0	0
2116.736652	0	0
2116.786657	0	0
2116.836662	0	0
2116.886668	0	0
2116.936673	0	0
2116.986678	0	0
2117.036683	0	0
2117.086688	0	0
2117.136693	0	0
2117.186697	0	0
2117.236702	0	0
2117.286707	0	0
2117.336712	0	0
2117.386717	0	0
2117.436722	0	0
2117.486728	0	0
2117.536733	0	0
2117.586738	0	0
2117.636743	0	0
2117.686748	0	0
2117.736753	0	0
2117.786757	0	0
2117.836762	0	0
2117.886767	0	0
2117.936772	0	0
2117.986777	0	0
2118.036783	0	0
2118.086788	0	0
2118.136793	0	0
2118.186798	0	0
2118.236803	0	0
2118.286808	0	0
2118.336812	0	0
2118.386817	0	0
2118.436822	0	0
2118.486827	0	0
2118.536832	0	0
2118.586837	0	0
2118.636843	0	0
2118.686848	0	0
2118.736853	0	0
2118.786858	0	0
2118.836863	0	0
2118.886868	0	0
2118.936872	0	0
2118.986877	0	0
2119.036882	0	0
2119.086887	0	0
2119.136892	0	0
2119.186897	0	0
2119.236903	0	0
2119.286908	0	0
2119.336913	0	0
2119.386918	0	0
2119.436923	0	0
2119.486928	0	0
2119.536932	0	0
2119.586937	0	0
2119.636942	0	0
2119.686947	0	0
2119.736952	0	0
2119.786958	0	0
2119.836963	0	0
2119.886968	0	0
2119.936973	0	0
2119.986978	0	0
2120.036983	0	0
2120.086987	0	0
2120.136992	0	0
2120.186997	0	0
2120.237002	0	0
2120.287007	0	0
2120.337012	0	0
2120.387018	0	0
2120.437023	0	0
2120.487028	0	0
2120.537033	0	0
2120.587038	0	0
2120.637043	0	0
2120.687047	0	0
2120.737052	0	0
2120.787057	0	0
2120.837062	0	0
2120.887067	0	0
2120.937072	0	0
2120.987078	0	0
2121.037083	0	0
2121.087088	0	0
2121.137093	0	0
2121.187098	0	0
2121.237103	0	0
2121.287107	0	0
2121.337112	0	0
2121.387117	0	0
2121.437122	0	0
2121.487127	0	0
2121.537133	0	0
2121.587138	0	0
2121.637143	0	0
2121.687148	0	0
2121.737153	0	0
2121.787158	0	0
2121.837162	0	0
2121.887167	0	0
2121.937172	0	0
2121.987177	0	0
2122.037182	0	0
2122.087187	0	0
2122.137193	0	0
2122.187198	0	0
2122.237203	0	0
2122.287208	0	0
2122.337213	0	0
2122.387218	0	0
2122.437222	0	0
2122.487227	0	0
2122.537232	0	0
2122.587237	0	0
2122.637242	0	0
2122.687248	0	0
2122.737253	0	0
2122.787258	0	0
2122.837263	0	0
2122.887268	0	0
2122.937273	0	0
2122.987278	0	0
2123.037282	0	0
2123.087287	0	0
2123.137292	0	0
2123.187297	0	0
2123.237302	0	0
2123.287308	0	0
2123.337313	0	0
2123.387318	0	0
2123.437323	0	0
2123.487328	0	0
2123.537333	0	0
2123.587337	0	0
2123.637342	0	0
2123.687347	0	0
2123.737352	0	0
2123.787357	0	0
2123.837362	0	0
2123.887368	0	0
2123.937373	0	0
2123.987378	0	0
2124.037383	0	0
2124.087388	0	0
2124.137393	0	0
2124.187397	0	0
2124.237402	0	0
2124.287407	0	0
2124.337412	0	0
2124.387417	0	0
2124.437423	0	0
2124.487428	0	0
2124.537433	0	0
2124.587438	0	0
2124.637443	0	0
2124.687448	0	0
2124.737453	0	0
2124.787457	0	0
2124.837462	0	0
2124.887467	0	0
2124.937472	0	0
2124.987477	0	0
2125.037483	0	0
2125.087488	0	0
2125.137493	0	0
2125.187498	0	0
2125.237503	0	0
2125.287508	0	0
2125.337512	0	0
2125.387517	0	0
2125.437522	0	0
2125.487527	0	0
2125.537532	0	0
2125.587537	0	0
2125.637543	0	0
2125.687548	0	0
2125.737553	0	0
2125.787558	0	0
2125.837563	0	0
2125.887568	0	0
2125.937572	0	0
2125.987577	0	0
2126.037582	0	0
2126.087587	0	0
2126.137592	0	0
2126.187598	0	0
2126.237603	0	0
2126.287608	0	0
2126.337613	0	0
2126.387618	0	0
2126.437623	0	0
2126.487628	0	0
2126.537632	0	0
2126.587637	0	0
2126.637642	0	0
2126.687647	0	0
2126.737652	0	0
2126.787658	0	0
2126.837663	0	0
2126.887668	0	0
2126.937673	0	0
2126.987678	0	0
2127.037683	0	0
2127.087687	0	0
2127.137692	0	0
2127.187697	0	0
2127.237702	0	0
2127.287707	0	0
2127.336712	0	0
2127.386717	0	0
2127.436722	0	0
2127.486727	0	0
2127.536732	0	0
2127.586738	0	0
2127.636743	0	0
2127.686748	0	0
2127.736753	0	0
2127.786757	0	0
2127.836762	0	0
2127.886767	0	0
2127.936772	0	0
2127.986777	0	0
2128.036782	0	0
2128.086787	0	0
2128.136792	0	0
2128.186798	0	0
2128.236803	0	0
2128.286808	0	0
2128.336812	0	0
2128.386817	0	0
2128.436822	0	0
2128.486827	0	0
2128.536832	0	0
2128.586837	0	0
2128.636842	0	0
2128.686847	0	0
2128.736853	0	0
2128.786858	0	0
2128.836863	0	0
2128.886868	0	0
2128.936872	0	0
2128.986877	0	0
2129.036882	0	0
2129.086887	0	0
2129.136892	0	0
2129.186897	0	0
2129.236902	0	0
2129.286907	0	0
2129.336913	0	0
2129.386918	0	0
2129.436923	0	0
2129.486928	0	0
2129.536932	0	0
2129.586937	0	0
2129.636942	0	0
2129.686947	0	0
2129.736952	0	0
2129.786957	0	0
2129.836962	0	0
2129.886967	0	0
2129.936973	0	0
2129.986978	0	0
2130.036983	0	0
2130.086987	0	0
2130.136992	0	0
2130.186997	0	0
2130.237002	0	0
2130.287007	0	0
2130.337012	0	0
2130.387017	0	0
2130.437022	0	0
2130.487028	0	0
2130.537033	0	0
2130.587038	0	0
2130.637043	0	0
2130.687047	0	0
2130.737052	0	0
2130.787057	0	0
2130.837062	0	0
2130.887067	0	0
2130.937072	0	0
2130.987077	0	0
2131.037082	0	0
2131.087088	0	0
2131.137093	0	0
2131.187098	0	0
2131.237103	0	0
2131.287107	0	0
2131.337112	0	0
2131.387117	0	0
2131.437122	0	0
2131.487127	0	0
2131.537132	0	0
2131.587137	0	0
2131.637142	0	0
2131.687148	0	0
2131.737153	0	0
2131.787158	0	0
2131.837162	0	0
2131.887167	0	0
2131.937172	0	0
2131.987177	0	0
2132.037182	0	0
2132.087187	0	0
2132.137192	0	0
2132.187197	0	0
2132.237203	0	0
2132.287208	0	0
2132.337213	0	0
2132.387218	0	0
2132.437222	0	0
2132.487227	0	0
2132.537232	0	0
2132.587237	0	0
2132.637242	0	0
2132.687247	0	0
2132.737252	0	0
2132.787257	0	0
2132.837263	0	0
2132.887268	0	0
2132.937273	0	0
2132.987278	0	0
2133.037282	0	0
2133.087287	0	0
2133.137292	0	0
2133.187297	0	0
2133.237302	0	0
2133.287307	0	0
2133.337312	0	0
2133.387317	0	0
2133.437323	0	0
2133.487328	0	0
2133.537333	0	0
2133.587337	0	0
2133.637342	0	0
2133.687347	0	0
2133.737352	0	0
2133.787357	0	0
2133.837362	0	0
2133.887367	0	0
2133.937372	0	0
2133.987378	0	0
2134.037383	0	0
2134.087388	0	0
2134.137393	0	0
2134.187397	0	0
2134.237402	0	0
2134.287407	0	0
2134.337412	0	0
2134.387417	0	0
2134.437422	0	0
2134.487427	0	0
2134.537432	0	0
2134.587438	0	0
2134.637443	0	0
2134.687448	0	0
2134.737453	0	0
2134.787457	0	0
2134.837462	0	0
2134.887467	0	0
2134.937472	0	0
2134.987477	0	0
2135.037482	0	0
2135.087487	0	0
2135.137492	0	0
2135.187498	0	0
2135.237503	0	0
2135.287508	0	0
2135.337512	0	0
2135.387517	0	0
2135.437522	0	0
2135.487527	0	0
2135.537532	0	0
2135.587537	0	0
2135.637542	0	0
2135.687547	0	0
2135.737553	0	0
2135.787558	0	0
2135.837563	0	0
2135.887568	0	0
2135.937572	0	0
2135.987577	0	0
2136.037582	0	0
2136.087587	0	0
2136.137592	0	0
2136.187597	0	0
2136.237602	0	0
2136.287607	0	0
2136.337613	0	0
2136.387618	0	0
2136.437623	0	0
2136.487628	0	0
2136.537632	0	0
2136.587637	0	0
2136.637642	0	0
2136.687647	0	0
2136.737652	0	0
2136.787657	0	0
2136.837662	0	0
2136.887667	0	0
2136.937673	0	0
2136.987678	0	0
2137.037683	0	0
2137.087687	0	0
2137.137692	0	0
2137.187697	0	0
2137.237702	0	0
2137.287707	0	0
2137.337712	0	0
2137.387717	0	0
2137.437722	0	0
2137.487728	0	0
2137.537733	0	0
2137.587738	0	0
2137.637743	0	0
2137.687747	0	0
2137.737752	0	0
2137.787757	0	0
2137.837762	0	0
2137.887767	0	0
2137.937772	0	0
2138.019781	0	0
2138.080787	0	0
2138.094788	0	0
2138.137793	0	0
2138.187798	0	0
2138.237803	0	0
2138.287807	0	0
2138.337812	0	0
2138.387817	0	0
2138.437822	0	0
2138.487827	0	0
2138.537832	0	0
2138.587837	0	0
2138.637842	0	0
2138.687848	0	0
2138.737853	0	0
2138.787858	0	0
2138.837862	0	0
2138.887867	0	0
2138.937872	0	0
2138.987877	0	0
2139.037882	0	0
2139.087887	0	0
2139.137892	0	0
2139.187897	0	0
2139.237903	0	0
2139.287908	0	0
2139.337913	0	0
2139.387918	0	0
2139.437922	0	0
2139.487927	0	0
2139.537932	0	0
2139.587937	0	0
2139.637942	0	0
2139.687947	0	0
2139.737952	0	0
2139.787957	0	0
2139.837963	0	0
2139.887968	0	0
2139.937973	0	0
2139.987978	0	0
2140.037982	0	0
2140.087987	0	0
2140.137992	0	0
2140.187997	0	0
2140.238002	0	0
2140.288007	0	0
2140.338012	0	0
2140.388017	0	0
2140.438023	0	0
2140.488028	0	0
2140.538033	0	0
2140.588037	0	0
2140.638042	0	0
2140.688047	0	0
2140.738052	0	0
2140.788057	0	0
2140.838062	0	0
2140.888067	0	0
2140.938072	0	0
2140.988078	0	0
2141.038083	0	0
2141.088088	0	0
2141.138093	0	0
2141.188097	0	0
2141.238102	0	0
2141.288107	0	0
2141.338112	0	0
2141.388117	0	0
2141.438122	0	0
2141.488127	0	0
2141.538132	0	0
2141.588138	0	0
2141.638143	0	0
2141.688148	0	0
2141.738153	0	0
2141.788157	0	0
2141.838162	0	0
2141.888167	0	0
2141.938172	0	0
2141.988177	0	0
2142.038182	0	0
2142.088187	0	0
2142.138193	0	0
2142.188198	0	0
2142.238203	0	0
2142.288208	0	0
2142.338212	0	0
2142.388217	0	0
2142.438222	0	0
2142.488227	0	0
2142.538232	0	0
2142.588237	0	0
2142.638242	0	0
2142.688247	0	0
2142.738253	0	0
2142.788258	0	0
2142.838263	0	0
2142.888268	0	0
2142.938272	0	0
2142.988277	0	0
2143.038282	0	0
2143.088287	0	0
2143.138292	0	0
2143.188297	0	0
2143.238302	0	0
2143.288307	0	0
2143.338313	0	0
2143.388318	0	0
2143.438323	0	0
2143.488328	0	0
2143.538332	0	0
2143.588337	0	0
2143.638342	0	0
2143.688347	0	0
2143.738352	0	0
2143.788357	0	0
2143.838362	0	0
2143.888368	0	0
2143.938373	0	0
2143.988378	0	0
2144.038383	0	0
2144.088387	0	0
2144.138392	0	0
2144.188397	0	0
2144.238402	0	0
2144.288407	0	0
2144.338412	0	0
2144.388417	0	0
2144.438422	0	0
2144.488428	0	0
2144.538433	0	0
2144.588438	0	0
2144.638443	0	0
2144.688447	0	0
2144.738452	0	0
2144.788457	0	0
2144.837462	0	0
2144.887467	0	0
2144.937472	0	0
2144.987477	0	0
2145.037482	0	0
2145.087487	0	0
2145.137492	0	0
2145.187497	0	0
2145.237502	0	0
2145.287508	0	0
2145.337512	0	0
2145.387517	0	0
2145.437522	0	0
2145.487527	0	0
2145.537532	0	0
2145.587537	0	0
2145.637542	0	0
2145.687547	0	0
2145.737552	0	0
2145.787557	0	0
2145.837562	0	0
2145.887568	0	0
2145.937572	0	0
2145.987577	0	0
2146.037582	0	0
2146.087587	0	0
2146.137592	0	0
2146.187597	0	0
2146.237602	0	0
2146.287607	0	0
2146.337612	0	0
2146.387617	0	0
2146.437623	0	0
2146.487628	0	0
2146.537632	0	0
2146.587637	0	0
2146.637642	0	0
2146.687647	0	0
2146.737652	0	0
2146.787657	0	0
2146.837662	0	0
2146.887667	0	0
2146.937672	0	0
2146.987677	0	0
2147.037683	0	0
2147.087687	0	0
2147.137692	0	0
2147.187697	0	0
2147.237702	0	0
2147.287707	0	0
2147.337712	0	0
2147.387717	0	0
2147.437722	0	0
2147.487727	0	0
2147.537732	0	0
2147.587737	0	0
2147.637743	0	0
2147.687747	0	0
2147.737752	0	0
2147.787757	0	0
2147.837762	0	0
2147.887767	0	0
2147.937772	0	0
2147.987777	0	0
2148.037782	0	0
2148.087787	0	0
2148.137792	0	0
2148.187798	0	0
2148.237803	0	0
2148.287807	0	0
2148.337812	0	0
2148.387817	0	0
2148.437822	0	0
2148.487827	0	0
2148.537832	0	0
2148.587837	0	0
2148.637842	0	0
2148.687847	0	0
2148.737852	0	0
2148.787858	0	0
2148.837862	0	0
2148.887867	0	0
2148.937872	0	0
2148.987877	0	0
2149.037882	0	0
2149.087887	0	0
2149.137892	0	0
2149.187897	0	0
2149.237902	0	0
2149.287907	0	0
2149.337912	0	0
2149.387918	0	0
2149.437922	0	0
2149.487927	0	0
2149.537932	0	0
2149.587937	0	0
2149.637942	0	0
2149.687947	0	0
2149.737952	0	0
2149.787957	0	0
2149.837962	0	0
2149.887967	0	0
2149.937973	0	0
2149.987978	0	0
2150.037982	0	0
2150.087987	0	0
2150.137992	0	0
2150.187997	0	0
2150.238002	0	0
2150.288007	0	0
2150.338012	0	0
2150.388017	0	0
2150.438022	0	0
2150.488027	0	0
2150.538033	0	0
2150.588037	0	0
2150.638042	0	0
2150.688047	0	0
2150.738052	0	0
2150.788057	0	0
2150.838062	0	0
2150.888067	0	0
2150.938072	0	0
2150.988077	0	0
2151.038082	0	0
2151.088087	0	0
2151.138093	0	0
2151.188097	0	0
2151.238102	0	0
2151.288107	0	0
2151.338112	0	0
2151.388117	0	0
2151.438122	0	0
2151.488127	0	0
2151.538132	0	0
2151.588137	0	0
2151.638142	0	0
2151.688148	0	0
2151.738153	0	0
2151.788157	0	0
2151.838162	0	0
2151.888167	0	0
2151.938172	0	0
2151.988177	0	0
2152.038182	0	0
2152.088187	0	0
2152.138192	0	0
2152.188197	0	0
2152.238202	0	0
2152.288208	0	0
2152.338212	0	0
2152.388217	0	0
2152.438222	0	0
2152.488227	0	0
2152.538232	0	0
2152.588237	0	0
2152.638242	0	0
2152.688247	0	0
2152.738252	0	0
2152.788257	0	0
2152.838262	0	0
2152.888268	0	0
2152.938272	0	0
2152.988277	0	0
2153.038282	0	0
2153.088287	0	0
2153.138292	0	0
2153.188297	0	0
2153.238302	0	0
2153.288307	0	0
2153.338312	0	0
2153.388317	0	0
2153.438323	0	0
2153.488328	0	0
2153.538332	0	0
2153.588337	0	0
2153.638342	0	0
2153.688347	0	0
2153.738352	0	0
2153.788357	0	0
2153.838362	0	0
2153.888367	0	0
2153.938372	0	0
2153.988377	0	0
2154.038383	0	0
2154.088387	0	0
2154.138392	0	0
2154.188397	0	0
2154.238402	0	0
2154.288407	0	0
2154.338412	0	0
2154.388417	0	0
2154.438422	0	0
2154.488427	0	0
2154.538432	0	0
2154.588437	0	0
2154.638443	0	0
2154.688447	0	0
2154.738452	0	0
2154.788457	0	0
2154.838462	0	0
2154.888467	0	0
2154.938472	0	0
2154.988477	0	0
2155.038482	0	0
2155.088487	0	0
2155.138492	0	0
2155.188498	0	0
2155.238503	0	0
2155.288507	0	0
2155.338512	0	0
2155.388517	0	0
2155.438522	0	0
2155.488527	0	0
2155.538532	0	0
2155.588537	0	0
2155.638542	0	0
2155.688547	0	0
2155.738552	0	0
2155.788558	0	0
2155.838562	0	0
2155.888567	0	0
2155.938572	0	0
2155.988577	0	0
2156.038582	0	0
2156.088587	0	0
2156.138592	0	0
2156.188597	0	0
2156.238602	0	0
2156.288607	0	0
2156.338612	0	0
2156.388618	0	0
2156.438622	0	0
2156.488627	0	0
2156.538632	0	0
2156.588637	0	0
2156.638642	0	0
2156.688647	0	0
2156.738652	0	0
2156.788657	0	0
2156.838662	0	0
2156.888667	0	0
2156.938673	0	0
2156.988678	0	0
2157.038682	0	0
2157.088687	0	0
2157.138692	0	0
2157.188697	0	0
2157.238702	0	0
2157.288707	0	0
2157.338712	0	0
2157.388717	0	0
2157.438722	0	0
2157.488727	0	0
2157.538733	0	0
2157.588737	0	0
2157.638742	0	0
2157.688747	0	0
2157.738752	0	0
2157.788757	0	0
2157.838762	0	0
2157.888767	0	0
2157.938772	0	0
2157.988777	0	0
2158.038782	0	0
2158.088787	0	0
2158.138793	0	0
2158.188797	0	0
2158.238802	0	0
2158.288807	0	0
2158.338812	0	0
2158.388817	0	0
2158.438822	0	0
2158.488827	0	0
2158.538832	0	0
2158.588837	0	0
2158.638842	0	0
2158.688848	0	0
2158.738853	0	0
2158.788857	0	0
2158.838862	0	0
2158.888867	0	0
2158.938872	0	0
2158.988877	0	0
2159.038882	0	0
2159.088887	0	0
2159.138892	0	0
2159.188897	0	0
2159.238902	0	0
2159.288908	0	0
2159.338912	0	0
2159.388917	0	0
2159.438922	0	0
2159.488927	0	0
2159.538932	0	0
2159.588937	0	0
2159.638942	0	0
2159.688947	0	0
2159.738952	0	0
2159.788957	0	0
2159.838962	0	0
2159.888968	0	0
2159.938972	0	0
2159.988977	0	0
2160.038982	0	0
2160.088987	0	0
2160.138992	0	0
2160.188997	0	0
2160.239002	0	0
2160.289007	0	0
2160.339012	0	0
2160.389017	0	0
2160.439023	0	0
2160.489028	0	0
2160.539032	0	0
2160.589037	0	0
2160.639042	0	0
2160.689047	0	0
2160.739052	0	0
2160.789057	0	0
2160.839062	0	0
2160.889067	0	0
2160.939072	0	0
2160.989077	0	0
2161.039083	0	0
2161.089087	0	0
2161.139092	0	0
2161.189097	0	0
2161.239102	0	0
2161.289107	0	0
2161.339112	0	0
2161.389117	0	0
2161.439122	0	0
2161.489127	0	0
2161.539132	0	0
2161.589137	0	0
2161.639143	0	0
2161.689147	0	0
2161.739152	0	0
2161.789157	0	0
2161.839162	0	0
2161.889167	0	0
2161.939172	0	0
2161.989177	0	0
2162.039182	0	0
2162.089187	0	0
2162.139192	0	0
2162.189198	0	0
2162.239202	0	0
2162.289207	0	0
2162.338212	0	0
2162.388217	0	0
2162.438222	0	0
2162.488227	0	0
2162.538232	0	0
2162.588237	0	0
2162.638242	0	0
2162.688247	0	0
2162.738252	0	0
2162.788257	0	0
2162.838262	0	0
2162.888267	0	0
2162.938272	0	0
2162.988277	0	0
2163.038282	0	0
2163.088287	0	0
2163.138292	0	0
2163.188297	0	0
2163.238302	0	0
2163.288307	0	0
2163.338312	0	0
2163.388317	0	0
2163.438322	0	0
2163.488327	0	0
2163.538332	0	0
2163.588337	0	0
2163.638342	0	0
2163.688347	0	0
2163.738352	0	0
2163.788357	0	0
2163.838362	0	0
2163.888367	0	0
2163.938372	0	0
2163.988377	0	0
2164.038382	0	0
2164.088387	0	0
2164.138392	0	0
2164.188397	0	0
2164.238402	0	0
2164.288407	0	0
2164.338412	0	0
2164.388417	0	0
2164.438422	0	0
2164.488427	0	0
2164.538432	0	0
2164.588437	0	0
2164.638442	0	0
2164.688447	0	0
2164.738452	0	0
2164.788457	0	0
2164.838462	0	0
2164.888467	0	0
2164.938472	0	0
2164.988477	0	0
2165.038482	0	0
2165.088487	0	0
2165.138492	0	0
2165.188497	0	0
2165.238502	0	0
2165.288507	0	0
2165.338512	0	0
2165.388517	0	0
2165.438522	0	0
2165.488527	0	0
2165.538532	0	0
2165.588537	0	0
2165.638542	0	0
2165.688547	0	0
2165.738552	0	0
2165.788557	0	0
2165.838562	0	0
2165.888567	0	0
2165.938572	0	0
2165.988577	0	0
2166.038582	0	0
2166.088587	0	0
2166.138592	0	0
2166.188597	0	0
2166.238602	0	0
2166.288607	0	0
2166.338612	0	0
2166.388617	0	0
2166.438622	0	0
2166.488627	0	0
2166.538632	0	0
2166.588637	0	0
2166.638642	0	0
2166.688647	0	0
2166.738652	0	0
2166.788657	0	0
2166.838662	0	0
2166.888667	0	0
2166.938672	0	0
2166.988677	0	0
2167.038682	0	0
2167.088687	0	0
2167.138692	0	0
2167.188697	0	0
2167.238702	0	0
2167.288707	0	0
2167.338712	0	0
2167.388717	0	0
2167.438722	0	0
2167.488727	0	0
2167.538732	0	0
2167.588737	0	0
2167.638742	0	0
2167.688747	0	0
2167.738752	0	0
2167.788757	0	0
2167.838762	0	0
2167.888767	0	0
2167.938772	0	0
2167.988777	0	0
2168.038782	0	0
2168.088787	0	0
2168.138792	0	0
2168.188797	0	0
2168.238802	0	0
2168.288807	0	0
2168.338812	0	0
2168.388817	0	0
2168.438822	0	0
2168.488827	0	0
2168.538832	0	0
2168.588837	0	0
2168.638842	0	0
2168.688847	0	0
2168.738852	0	0
2168.788857	0	0
2168.838862	0	0
2168.888867	0	0
2168.938872	0	0
2168.988877	0	0
2169.038882	0	0
2169.088887	0	0
2169.138892	0	0
2169.188897	0	0
2169.238902	0	0
2169.288907	0	0
2169.338912	0	0
2169.388917	0	0
2169.438922	0	0
2169.488927	0	0
2169.538932	0	0
2169.588937	0	0
2169.638942	0	0
2169.688947	0	0
2169.738952	0	0
2169.788957	0	0
2169.838962	0	0
2169.888967	0	0
2169.938972	0	0
2169.988977	0	0
2170.038982	0	0
2170.088987	0	0
2170.138992	0	0
2170.188997	0	0
2170.239002	0	0
2170.289007	0	0
2170.339012	0	0
2170.389017	0	0
2170.439022	0	0
2170.489027	0	0
2170.539032	0	0
2170.589037	0	0
2170.639042	0	0
2170.689047	0	0
2170.739052	0	0
2170.789057	0	0
2170.839062	0	0
2170.889067	0	0
2170.939072	0	0
2170.989077	0	0
2171.039082	0	0
2171.089087	0	0
2171.139092	0	0
2171.189097	0	0
2171.239102	0	0
2171.289107	0	0
2171.339112	0	0
2171.389117	0	0
2171.439122	0	0
2171.489127	0	0
2171.539132	0	0
2171.589137	0	0
2171.639142	0	0
2171.689147	0	0
2171.739152	0	0
2171.789157	0	0
2171.839162	0	0
2171.889167	0	0
2171.939172	0	0
2171.989177	0	0
2172.039182	0	0
2172.089187	0	0
2172.139192	0	0
2172.189197	0	0
2172.239202	0	0
2172.289207	0	0
2172.339212	0	0
2172.389217	0	0
2172.439222	0	0
2172.489227	0	0
2172.539232	0	0
2172.589237	0	0
2172.639242	0	0
2172.689247	0	0
2172.739252	0	0
2172.789257	0	0
2172.839262	0	0
2172.889267	0	0
2172.939272	0	0
2172.989277	0	0
2173.039282	0	0
2173.089287	0	0
2173.139292	0	0
2173.189297	0	0
2173.239302	0	0
2173.289307	0	0
2173.339312	0	0
2173.389317	0	0
2173.439322	0	0
2173.489327	0	0
2173.539332	0	0
2173.589337	0	0
2173.639342	0	0
2173.689347	0	0
2173.739352	0	0
2173.789357	0	0
2173.839362	0	0
2173.889367	0	0
2173.939372	0	0
2173.989377	0	0
2174.039382	0	0
2174.089387	0	0
2174.139392	0	0
2174.189397	0	0
2174.239402	0	0
2174.289407	0	0
2174.339412	0	0
2174.389417	0	0
2174.439422	0	0
2174.489427	0	0
2174.539432	0	0
2174.589437	0	0
2174.639442	0	0
2174.689447	0	0
2174.739452	0	0
2174.789457	0	0
2174.839462	0	0
2174.889467	0	0
2174.939472	0	0
2174.989477	0	0
2175.039482	0	0
2175.089487	0	0
2175.139492	0	0
2175.189497	0	0
2175.239502	0	0
2175.289507	0	0
2175.339512	0	0
2175.389517	0	0
2175.439522	0	0
2175.489527	0	0
2175.539532	0	0
2175.589537	0	0
2175.639542	0	0
2175.689547	0	0
2175.739552	0	0
2175.789557	0	0
2175.839562	0	0
2175.889567	0	0
2175.939572	0	0
2175.989577	0	0
2176.039582	0	0
2176.089587	0	0
2176.139592	0	0
2176.189597	0	0
2176.239602	0	0
2176.289607	0	0
2176.339612	0	0
2176.389617	0	0
2176.439622	0	0
2176.489627	0	0
2176.539632	0	0
2176.589637	0	0
2176.639642	0	0
2176.689647	0	0
2176.739652	0	0
2176.789657	0	0
2176.839662	0	0
2176.889667	0	0
2176.939672	0	0
2176.989677	0	0
2177.039682	0	0
2177.089687	0	0
2177.139692	0	0
2177.189697	0	0
2177.239702	0	0
2177.289707	0	0
2177.339712	0	0
2177.389717	0	0
2177.439722	0	0
2177.489727	0	0
2177.539732	0	0
2177.589737	0	0
2177.639742	0	0
2177.689747	0	0
2177.739752	0	0
2177.789757	0	0
2177.839762	0	0
2177.889767	0	0
2177.939772	0	0
2177.989777	0	0
2178.039782	0	0
2178.089787	0	0
2178.139792	0	0
2178.189797	0	0
2178.239802	0	0
2178.289807	0	0
2178.339812	0	0
2178.389817	0	0
2178.439822	0	0
2178.489827	0	0
2178.539832	0	0
2178.589837	0	0
2178.639842	0	0
2178.689847	0	0
2178.739852	0	0
2178.789857	0	0
2178.839862	0	0
2178.889867	0	0
2178.939872	0	0
2178.989877	0	0
2179.039882	0	0
2179.089887	0	0
2179.139892	0	0
2179.189897	0	0
2179.239902	0	0
2179.289907	0	0
2179.339912	0	0
2179.389917	0	0
2179.439922	0	0
2179.489927	0	0
2179.539932	0	0
2179.589937	0	0
2179.639942	0	0
2179.689947	0	0
2179.739952	0	0
2179.788957	0	0
2179.838962	0	0
2179.888967	0	0
2179.938972	0	0
2179.988977	0	0
2180.038982	0	0
2180.088987	0	0
2180.138992	0	0
2180.188997	0	0
2180.239002	0	0
2180.289007	0	0
2180.339012	0	0
2180.389017	0	0
2180.439022	0	0
2180.489027	0	0
2180.539032	0	0
2180.589037	0	0
2180.639042	0	0
2180.689047	0	0
2180.739052	0	0
2180.789057	0	0
2180.839062	0	0
2180.889067	0	0
2180.939072	0	0
2180.989077	0	0
2181.039082	0	0
2181.089087	0	0
2181.139092	0	0
2181.189097	0	0
2181.239102	0	0
2181.289107	0	0
2181.339112	0	0
2181.389117	0	0
2181.439122	0	0
2181.489127	0	0
2181.539132	0	0
2181.589137	0	0
2181.639142	0	0
2181.689147	0	0
2181.739152	0	0
2181.789157	0	0
2181.839162	0	0
2181.889167	0	0
2181.939172	0	0
2181.989177	0	0
2182.039182	0	0
2182.089187	0	0
2182.139192	0	0
2182.189197	0	0
2182.239202	0	0
2182.289207	0	0
2182.339212	0	0
2182.389217	0	0
2182.439222	0	0
2182.489227	0	0
2182.539232	0	0
2182.589237	0	0
2182.639242	0	0
2182.689247	0	0
2182.739252	0	0
2182.789257	0	0
2182.839262	0	0
2182.889267	0	0
2182.939272	0	0
2182.989277	0	0
2183.039282	0	0
2183.089287	0	0
2183.139292	0	0
2183.189297	0	0
2183.239302	0	0
2183.289307	0	0
2183.339312	0	0
2183.389317	0	0
2183.439322	0	0
2183.489327	0	0
2183.539332	0	0
2183.589337	0	0
2183.639342	0	0
2183.689347	0	0
2183.739352	0	0
2183.789357	0	0
2183.839362	0	0
2183.889367	0	0
2183.939372	0	0
2183.989377	0	0
2184.039382	0	0
2184.089387	0	0
2184.139392	0	0
2184.189397	0	0
2184.239402	0	0
2184.289407	0	0
2184.339412	0	0
2184.389417	0	0
2184.439422	0	0
2184.489427	0	0
2184.539432	0	0
2184.589437	0	0
2184.639442	0	0
2184.689447	0	0
2184.739452	0	0
2184.789457	0	0
2184.839462	0	0
2184.889467	0	0
2184.939472	0	0
2184.989477	0	0
2185.039482	0	0
2185.089487	0	0
2185.139492	0	0
2185.189497	0	0
2185.239502	0	0
2185.289507	0	0
2185.339512	0	0
2185.389517	0	0
2185.439522	0	0
2185.489527	0	0
2185.539532	0	0
2185.589537	0	0
2185.639542	0	0
2185.689547	0	0
2185.739552	0	0
2185.789557	0	0
2185.839562	0	0
2185.889567	0	0
2185.939572	0	0
2185.989577	0	0
2186.039582	0	0
2186.089587	0	0
2186.139592	0	0
2186.189597	0	0
2186.239602	0	0
2186.289607	0	0
2186.339612	0	0
2186.389617	0	0
2186.439622	0	0
2186.489627	0	0
2186.539632	0	0
2186.589637	0	0
2186.639642	0	0
2186.689647	0	0
2186.739652	0	0
2186.789657	0	0
2186.839662	0	0
2186.889667	0	0
2186.939672	0	0
2186.989677	0	0
2187.039682	0	0
2187.089687	0	0
2187.139692	0	0
2187.189697	0	0
2187.239702	0	0
2187.289707	0	0
2187.339712	0	0
2187.389717	0	0
2187.439722	0	0
2187.489727	0	0
2187.539732	0	0
2187.589737	0	0
2187.639742	0	0
2187.689747	0	0
2187.739752	0	0
2187.789757	0	0
2187.839762	0	0
2187.889767	0	0
2187.939772	0	0
2187.989777	0	0
2188.039782	0	0
2188.089787	0	0
2188.139792	0	0
2188.189797	0	0
2188.239802	0	0
2188.289807	0	0
2188.339812	0	0
2188.389817	0	0
2188.439822	0	0
2188.489827	0	0
2188.539832	0	0
2188.589837	0	0
2188.639842	0	0
2188.689847	0	0
2188.739852	0	0
2188.789857	0	0
2188.839862	0	0
2188.889867	0	0
2188.939872	0	0
2188.989877	0	0
2189.039882	0	0
2189.089887	0	0
2189.139892	0	0
2189.189897	0	0
2189.239902	0	0
2189.289907	0	0
2189.339912	0	0
2189.389917	0	0
2189.439922	0	0
2189.489927	0	0
2189.539932	0	0
2189.589937	0	0
2189.639942	0	0
2189.689947	0	0
2189.739952	0	0
2189.789957	0	0
2189.839962	0	0
2189.889967	0	0
2189.939972	0	0
2189.989977	0	0
2190.039982	0	0
2190.089987	0	0
2190.139992	0	0
2190.189997	0	0
2190.240002	0	0
2190.290007	0	0
2190.340012	0	0
2190.390017	0	0
2190.440022	0	0
2190.490027	0	0
2190.540032	0	0
2190.590037	0	0
2190.640042	0	0
2190.690047	0	0
2190.740052	0	0
2190.790057	0	0
2190.840062	0	0
2190.890067	0	0
2190.940072	0	0
2190.990077	0	0
2191.040082	0	0
2191.090087	0	0
2191.140092	0	0
2191.190097	0	0
2191.240102	0	0
2191.290107	0	0
2191.340112	0	0
2191.390117	0	0
2191.440122	0	0
2191.490127	0	0
2191.540132	0	0
2191.590137	0	0
2191.640142	0	0
2191.690147	0	0
2191.740152	0	0
2191.790157	0	0
2191.840162	0	0
2191.890167	0	0
2191.940172	0	0
2191.990177	0	0
2192.040182	0	0
2192.090187	0	0
2192.140192	0	0
2192.190197	0	0
2192.240202	0	0
2192.290207	0	0
2192.340212	0	0
2192.390217	0	0
2192.440222	0	0
2192.490227	0	0
2192.540232	0	0
2192.590237	0	0
2192.640242	0	0
2192.690247	0	0
2192.740252	0	0
2192.790257	0	0
2192.840262	0	0
2192.890267	0	0
2192.940272	0	0
2192.990277	0	0
2193.040282	0	0
2193.090287	0	0
2193.140292	0	0
2193.190297	0	0
2193.240302	0	0
2193.290307	0	0
2193.340312	0	0
2193.390317	0	0
2193.440322	0	0
2193.490327	0	0
2193.540332	0	0
2193.590337	0	0
2193.640342	0	0
2193.690347	0	0
2193.740352	0	0
2193.790357	0	0
2193.840362	0	0
2193.890367	0	0
2193.940372	0	0
2193.990377	0	0
2194.040382	0	0
2194.090387	0	0
2194.140392	0	0
2194.190397	0	0
2194.240402	0	0
2194.290407	0	0
2194.340412	0	0
2194.390417	0	0
2194.440422	0	0
2194.490427	0	0
2194.540432	0	0
2194.590437	0	0
2194.640442	0	0
2194.690447	0	0
2194.740452	0	0
2194.790457	0	0
2194.840462	0	0
2194.890467	0	0
2194.940472	0	0
2194.990477	0	0
2195.040482	0	0
2195.090487	0	0
2195.140492	0	0
2195.190497	0	0
2195.240502	0	0
2195.290507	0	0
2195.340512	0	0
2195.390517	0	0
2195.440522	0	0
2195.490527	0	0
2195.540532	0	0
2195.590537	0	0
2195.640542	0	0
2195.690547	0	0
2195.740552	0	0
2195.790557	0	0
2195.840562	0	0
2195.890567	0	0
2195.940572	0	0
2195.990577	0	0
2196.040582	0	0
2196.090587	0	0
2196.140592	0	0
2196.190597	0	0
2196.240602	0	0
2196.290607	0	0
2196.340612	0	0
2196.390617	0	0
2196.440622	0	0
2196.490627	0	0
2196.540632	0	0
2196.590637	0	0
2196.640642	0	0
2196.690647	0	0
2196.740652	0	0
2196.790657	0	0
2196.840662	0	0
2196.890667	0	0
2196.940672	0	0
2196.990677	0	0
2197.040682	0	0
2197.090687	0	0
2197.140692	0	0
2197.190697	0	0
2197.240702	0	0
2197.289707	0	0
2197.339712	0	0
2197.389717	0	0
2197.439722	0	0
2197.489727	0	0
2197.539732	0	0
2197.589737	0	0
2197.639742	0	0
2197.689747	0	0
2197.739752	0	0
2197.789757	0	0
2197.839762	0	0
2197.889767	0	0
2197.939772	0	0
2197.989777	0	0
2198.039782	0	0
2198.089787	0	0
2198.139792	0	0
2198.189797	0	0
2198.239802	0	0
2198.289807	0	0
2198.339812	0	0
2198.389817	0	0
2198.439822	0	0
2198.489827	0	0
2198.539832	0	0
2198.589837	0	0
2198.639842	0	0
2198.689847	0	0
2198.739852	0	0
2198.789857	0	0
2198.839862	0	0
2198.889867	0	0
2198.939872	0	0
2198.989877	0	0
2199.039882	0	0
2199.089887	0	0
2199.139892	0	0
2199.189897	0	0
2199.239902	0	0
2199.289907	0	0
2199.339912	0	0
2199.389917	0	0
2199.439922	0	0
2199.489927	0	0
2199.539932	0	0
2199.589937	0	0
2199.639942	0	0
2199.689947	0	0
2199.739952	0	0
2199.789957	0	0
2199.839962	0	0
2199.889967	0	0
2199.939972	0	0
2199.989977	0	0
2200.039982	0	0
2200.089987	0	0
2200.139992	0	0
2200.189997	0	0
2200.240002	0	0
2200.290007	0	0
2200.340012	0	0
2200.390017	0	0
2200.440022	0	0
2200.490027	0	0
2200.540032	0	0
2200.590037	0	0
2200.640042	0	0
2200.690047	0	0
2200.740052	0	0
2200.790057	0	0
2200.840062	0	0
2200.890067	0	0
2200.940072	0	0
2200.990077	0	0
2201.040082	0	0
2201.090087	0	0
2201.140092	0	0
2201.190097	0	0
2201.240102	0	0
2201.290107	0	0
2201.340112	0	0
2201.390117	0	0
2201.440122	0	0
2201.490127	0	0
2201.540132	0	0
2201.590137	0	0
2201.640142	0	0
2201.690147	0	0
2201.740152	0	0
2201.790157	0	0
2201.840162	0	0
2201.890167	0	0
2201.940172	0	0
2201.990177	0	0
2202.040182	0	0
2202.090187	0	0
2202.140192	0	0
2202.190197	0	0
2202.240202	0	0
2202.290207	0	0
2202.340212	0	0
2202.390217	0	0
2202.440222	0	0
2202.490227	0	0
2202.540232	0	0
2202.590237	0	0
2202.640242	0	0
2202.690247	0	0
2202.740252	0	0
2202.790257	0	0
2202.840262	0	0
2202.890267	0	0
2202.940272	0	0
2202.990277	0	0
2203.040282	0	0
2203.090287	0	0
2203.140292	0	0
2203.190297	0	0
2203.240302	0	0
2203.290307	0	0
2203.340312	0	0
2203.390317	0	0
2203.440322	0	0
2203.490327	0	0
2203.540332	0	0
2203.590337	0	0
2203.640342	0	0
2203.690347	0	0
2203.740352	0	0
2203.790357	0	0
2203.840362	0	0
2203.890367	0	0
2203.940372	0	0
2203.990377	0	0
2204.040382	0	0
2204.090387	0	0
2204.140392	0	0
2204.190397	0	0
2204.240402	0	0
2204.290407	0	0
2204.340412	0	0
2204.390417	0	0
2204.440422	0	0
2204.490427	0	0
2204.540432	0	0
2204.590437	0	0
2204.640442	0	0
2204.690447	0	0
2204.740452	0	0
2204.790457	0	0
2204.840462	0	0
2204.890467	0	0
2204.940472	0	0
2204.990477	0	0
2205.040482	0	0
2205.090487	0	0
2205.140492	0	0
2205.190497	0	0
2205.240502	0	0
2205.290507	0	0
2205.340512	0	0
2205.390517	0	0
2205.440522	0	0
2205.490527	0	0
2205.540532	0	0
2205.590537	0	0
2205.640542	0	0
2205.690547	0	0
2205.740552	0	0
2205.790557	0	0
2205.840562	0	0
2205.890567	0	0
2205.940572	0	0
2205.990577	0	0
2206.040582	0	0
2206.090587	0	0
2206.140592	0	0
2206.190597	0	0
2206.240602	0	0
2206.290607	0	0
2206.340612	0	0
2206.390617	0	0
2206.440622	0	0
2206.490627	0	0
2206.540632	0	0
2206.590637	0	0
2206.640642	0	0
2206.690647	0	0
2206.740652	0	0
2206.790657	0	0
2206.840662	0	0
2206.890667	0	0
2206.940672	0	0
2206.990677	0	0
2207.040682	0	0
2207.090687	0	0
2207.140692	0	0
2207.190697	0	0
2207.240702	0	0
2207.290707	0	0
2207.340712	0	0
2207.390717	0	0
2207.440722	0	0
2207.490727	0	0
2207.540732	0	0
2207.590737	0	0
2207.640742	0	0
2207.690747	0	0
2207.740752	0	0
2207.790757	0	0
2207.840762	0	0
2207.890767	0	0
2207.940772	0	0
2207.990777	0	0
2208.040782	0	0
2208.090787	0	0
2208.140792	0	0
2208.190797	0	0
2208.240802	0	0
2208.290807	0	0
2208.340812	0	0
2208.390817	0	0
2208.440822	0	0
2208.490827	0	0
2208.540832	0	0
2208.590837	0	0
2208.640842	0	0
2208.690847	0	0
2208.740852	0	0
2208.790857	0	0
2208.840862	0	0
2208.890867	0	0
2208.940872	0	0
2208.990877	0	0
2209.040882	0	0
2209.090887	0	0
2209.140892	0	0
2209.190897	0	0
2209.240902	0	0
2209.290907	0	0
2209.340912	0	0
2209.390917	0	0
2209.440922	0	0
2209.490927	0	0
2209.540932	0	0
2209.590937	0	0
2209.640942	0	0
2209.690947	0	0
2209.740952	0	0
2209.790957	0	0
2209.840962	0	0
2209.890967	0	0
2209.940972	0	0
2209.990977	0	0
2210.040982	0	0
2210.090987	0	0
2210.140992	0	0
2210.190997	0	0
2210.241002	0	0
2210.291007	0	0
2210.341012	0	0
2210.391017	0	0
2210.441022	0	0
2210.491027	0	0
2210.541032	0	0
2210.591037	0	0
2210.641042	0	0
2210.691047	0	0
2210.741052	0	0
2210.791057	0	0
2210.841062	0	0
2210.891067	0	0
2210.941072	0	0
2210.991077	0	0
2211.041082	0	0
2211.091087	0	0
2211.141092	0	0
2211.191097	0	0
2211.241102	0	0
2211.291107	0	0
2211.341112	0	0
2211.391117	0	0
2211.441122	0	0
2211.491127	0	0
2211.541132	0	0
2211.591137	0	0
2211.641142	0	0
2211.691147	0	0
2211.741152	0	0
2211.791157	0	0
2211.841162	0	0
2211.891167	0	0
2211.941172	0	0
2211.991177	0	0
2212.041182	0	0
2212.091187	0	0
2212.141192	0	0
2212.191197	0	0
2212.241202	0	0
2212.291207	0	0
2212.341212	0	0
2212.391217	0	0
2212.441222	0	0
2212.491227	0	0
2212.541232	0	0
2212.591237	0	0
2212.641242	0	0
2212.691247	0	0
2212.741252	0	0
2212.791257	0	0
2212.841262	0	0
2212.891267	0	0
2212.941272	0	0
2212.991277	0	0
2213.041282	0	0
2213.091287	0	0
2213.141292	0	0
2213.191297	0	0
2213.241302	0	0
2213.291307	0	0
2213.341312	0	0
2213.391317	0	0
2213.441322	0	0
2213.491327	0	0
2213.541332	0	0
2213.591337	0	0
2213.641342	0	0
2213.691347	0	0
2213.741352	0	0
2213.791357	0	0
2213.841362	0	0
2213.891367	0	0
2213.941372	0	0
2213.991377	0	0
2214.041382	0	0
2214.091387	0	0
2214.141392	0	0
2214.191397	0	0
2214.241402	0	0
2214.291407	0	0
2214.341412	0	0
2214.391417	0	0
2214.441422	0	0
2214.491427	0	0
2214.541432	0	0
2214.591437	0	0
2214.641442	0	0
2214.691447	0	0
2214.741452	0	0
2214.790457	0	0
2214.840462	0	0
2214.890467	0	0
2214.940472	0	0
2214.990477	0	0
2215.040482	0	0
2215.090487	0	0
2215.140492	0	0
2215.190497	0	0
2215.240502	0	0
2215.290507	0	0
2215.340512	0	0
2215.390517	0	0
2215.440522	0	0
2215.490527	0	0
2215.540532	0	0
2215.590537	0	0
2215.640542	0	0
2215.690547	0	0
2215.740552	0	0
2215.790557	0	0
2215.840562	0	0
2215.890567	0	0
2215.940572	0	0
2215.990577	0	0
2216.040582	0	0
2216.090587	0	0
2216.140592	0	0
2216.190597	0	0
2216.240602	0	0
2216.290607	0	0
2216.340612	0	0
2216.390617	0	0
2216.440622	0	0
2216.490627	0	0
2216.540632	0	0
2216.590637	0	0
2216.640642	0	0
2216.690647	0	0
2216.740652	0	0
2216.790657	0	0
2216.840662	0	0
2216.890667	0	0
2216.940672	0	0
2216.990677	0	0
2217.040682	0	0
2217.090687	0	0
2217.140692	0	0
2217.190697	0	0
2217.240702	0	0
2217.290707	0	0
2217.340712	0	0
2217.390717	0	0
2217.440722	0	0
2217.490727	0	0
2217.540732	0	0
2217.590737	0	0
2217.640742	0	0
2217.690747	0	0
2217.740752	0	0
2217.790757	0	0
2217.840762	0	0
2217.890767	0	0
2217.940772	0	0
2217.990777	0	0
2218.040782	0	0
2218.090787	0	0
2218.140792	0	0
2218.190797	0	0
2218.240802	0	0
2218.290807	0	0
2218.340812	0	0
2218.390817	0	0
2218.440822	0	0
2218.490827	0	0
2218.540832	0	0
2218.590837	0	0
2218.640842	0	0
2218.690847	0	0
2218.740852	0	0
2218.790857	0	0
2218.840862	0	0
2218.890867	0	0
2218.940872	0	0
2218.990877	0	0
2219.040882	0	0
2219.090887	0	0
2219.140892	0	0
2219.190897	0	0
2219.240902	0	0
2219.290907	0	0
2219.340912	0	0
2219.390917	0	0
2219.440922	0	0
2219.490927	0	0
2219.540932	0	0
2219.590937	0	0
2219.640942	0	0
2219.690947	0	0
2219.740952	0	0
2219.790957	0	0
2219.840962	0	0
2219.890967	0	0
2219.940972	0	0
2219.990977	0	0
2220.040982	0	0
2220.090987	0	0
2220.140992	0	0
2220.190997	0	0
2220.241002	0	0
2220.291007	0	0
2220.341012	0	0
2220.391017	0	0
2220.441022	0	0
2220.491027	0	0
2220.541032	0	0
2220.591037	0	0
2220.641042	0	0
2220.691047	0	0
2220.741052	0	0
2220.791057	0	0
2220.841062	0	0
2220.891067	0	0
2220.941072	0	0
2220.991077	0	0
2221.041082	0	0
2221.091087	0	0
2221.141092	0	0
2221.191097	0	0
2221.241102	0	0
2221.291107	0	0
2221.341112	0	0
2221.391117	0	0
2221.441122	0	0
2221.491127	0	0
2221.541132	0	0
2221.591137	0	0
2221.641142	0	0
2221.691147	0	0
2221.741152	0	0
2221.791157	0	0
2221.841162	0	0
2221.891167	0	0
2221.941172	0	0
2221.991177	0	0
2222.041182	0	0
2222.091187	0	0
2222.141192	0	0
2222.191197	0	0
2222.241202	0	0
2222.291207	0	0
2222.341212	0	0
2222.391217	0	0
2222.441222	0	0
2222.491227	0	0
2222.541232	0	0
2222.591237	0	0
2222.641242	0	0
2222.691247	0	0
2222.741252	0	0
2222.791257	0	0
2222.841262	0	0
2222.891267	0	0
2222.941272	0	0
2222.991277	0	0
2223.041282	0	0
2223.091287	0	0
2223.141292	0	0
2223.191297	0	0
2223.241302	0	0
2223.291307	0	0
2223.341312	0	0
2223.391317	0	0
2223.441322	0	0
2223.491327	0	0
2223.541332	0	0
2223.591337	0	0
2223.641342	0	0
2223.691347	0	0
2223.741352	0	0
2223.791357	0	0
2223.841362	0	0
2223.891367	0	0
2223.941372	0	0
2223.991377	0	0
2224.041382	0	0
2224.091387	0	0
2224.141392	0	0
2224.191397	0	0
2224.241402	0	0
2224.291407	0	0
2224.341412	0	0
2224.391417	0	0
2224.441422	0	0
2224.491427	0	0
2224.541432	0	0
2224.591437	0	0
2224.641442	0	0
2224.691447	0	0
2224.741452	0	0
2224.791457	0	0
2224.841462	0	0
2224.891467	0	0
2224.941472	0	0
2224.991477	0	0
2225.041482	0	0
2225.091487	0	0
2225.141492	0	0
2225.191497	0	0
2225.241502	0	0
2225.291507	0	0
2225.341512	0	0
2225.391517	0	0
2225.441522	0	0
2225.491527	0	0
2225.541532	0	0
2225.591537	0	0
2225.641542	0	0
2225.691547	0	0
2225.741552	0	0
2225.791557	0	0
2225.841562	0	0
2225.891567	0	0
2225.941572	0	0
2225.991577	0	0
2226.041582	0	0
2226.091587	0	0
2226.141592	0	0
2226.191597	0	0
2226.241602	0	0
2226.291607	0	0
2226.341612	0	0
2226.391617	0	0
2226.441622	0	0
2226.491627	0	0
2226.541632	0	0
2226.591637	0	0
2226.641642	0	0
2226.691647	0	0
2226.741652	0	0
2226.791657	0	0
2226.841662	0	0
2226.891667	0	0
2226.941672	0	0
2226.991677	0	0
2227.041682	0	0
2227.091687	0	0
2227.141692	0	0
2227.191697	0	0
2227.241702	0	0
2227.291707	0	0
2227.341712	0	0
2227.391717	0	0
2227.441722	0	0
2227.491727	0	0
2227.541732	0	0
2227.591737	0	0
2227.641742	0	0
2227.691747	0	0
2227.741752	0	0
2227.791757	0	0
2227.841762	0	0
2227.891767	0	0
2227.941772	0	0
2227.991777	0	0
2228.041782	0	0
2228.091787	0	0
2228.141792	0	0
2228.191797	0	0
2228.241802	0	0
2228.291807	0	0
2228.341812	0	0
2228.391817	0	0
2228.441822	0	0
2228.491827	0	0
2228.541832	0	0
2228.591837	0	0
2228.641842	0	0
2228.691847	0	0
2228.741852	0	0
2228.791857	0	0
2228.841862	0	0
2228.891867	0	0
2228.941872	0	0
2228.991877	0	0
2229.041882	0	0
2229.091887	0	0
2229.141892	0	0
2229.191897	0	0
2229.241902	0	0
2229.291907	0	0
2229.341912	0	0
2229.391917	0	0
2229.441922	0	0
2229.491927	0	0
2229.541932	0	0
2229.591937	0	0
2229.641942	0	0
2229.691947	0	0
2229.741952	0	0
2229.791957	0	0
2229.841962	0	0
2229.891967	0	0
2229.941972	0	0
2229.991977	0	0
2230.041982	0	0
2230.091987	0	0
2230.141992	0	0
2230.191997	0	0
2230.242002	0	0
2230.292007	0	0
2230.342012	0	0
2230.392017	0	0
2230.442022	0	0
2230.492027	0	0
2230.542032	0	0
2230.592037	0	0
2230.642042	0	0
2230.692047	0	0
2230.742052	0	0
2230.792057	0	0
2230.842062	0	0
2230.892067	0	0
2230.942072	0	0
2230.992077	0	0
2231.042082	0	0
2231.092087	0	0
2231.142092	0	0
2231.192097	0	0
2231.242102	0	0
2231.292107	0	0
2231.342112	0	0
2231.392117	0	0
2231.442122	0	0
2231.492127	0	0
2231.542132	0	0
2231.592137	0	0
2231.642142	0	0
2231.692147	0	0
2231.742152	0	0
2231.792157	0	0
2231.842162	0	0
2231.892167	0	0
2231.942172	0	0
2231.992177	0	0
2232.042182	0	0
2232.092187	0	0
2232.142192	0	0
2232.192197	0	0
2232.241202	0	0
2232.291207	0	0
2232.341212	0	0
2232.391217	0	0
2232.441222	0	0
2232.491227	0	0
2232.541232	0	0
2232.591237	0	0
2232.641242	0	0
2232.691247	0	0
2232.741252	0	0
2232.791257	0	0
2232.841262	0	0
2232.891267	0	0
2232.941272	0	0
2232.991277	0	0
2233.041282	0	0
2233.091287	0	0
2233.141292	0	0
2233.191297	0	0
2233.241302	0	0
2233.291307	0	0
2233.341312	0	0
2233.391317	0	0
2233.441322	0	0
2233.491327	0	0
2233.541332	0	0
2233.591337	0	0
2233.641342	0	0
2233.691347	0	0
2233.741352	0	0
2233.791357	0	0
2233.841362	0	0
2233.891367	0	0
2233.941372	0	0
2233.991377	0	0
2234.041382	0	0
2234.091387	0	0
2234.141392	0	0
2234.191397	0	0
2234.241402	0	0
2234.291407	0	0
2234.341412	0	0
2234.391417	0	0
2234.441422	0	0
2234.491427	0	0
2234.541432	0	0
2234.591437	0	0
2234.641442	0	0
2234.691447	0	0
2234.741452	0	0
2234.791457	0	0
2234.841462	0	0
2234.891467	0	0
2234.941472	0	0
2234.991477	0	0
2235.041482	0	0
2235.091487	0	0
2235.141492	0	0
2235.191497	0	0
2235.241502	0	0
2235.291507	0	0
2235.341512	0	0
2235.391517	0	0
2235.441522	0	0
2235.491527	0	0
2235.541532	0	0
2235.591537	0	0
2235.641542	0	0
2235.691547	0	0
2235.741552	0	0
2235.791557	0	0
2235.841562	0	0
2235.891567	0	0
2235.941572	0	0
2235.991577	0	0
2236.041582	0	0
2236.091587	0	0
2236.141592	0	0
2236.191597	0	0
2236.241602	0	0
2236.291607	0	0
2236.341612	0	0
2236.391617	0	0
2236.441622	0	0
2236.491627	0	0
2236.541632	0	0
2236.591637	0	0
2236.641642	0	0
2236.691647	0	0
2236.741652	0	0
2236.791657	0	0
2236.841662	0	0
2236.891667	0	0
2236.941672	0	0
2236.991677	0	0
2237.041682	0	0
2237.091687	0	0
2237.141692	0	0
2237.191697	0	0
2237.241702	0	0
2237.291707	0	0
2237.341712	0	0
2237.391717	0	0
2237.441722	0	0
2237.491727	0	0
2237.541732	0	0
2237.591737	0	0
2237.641742	0	0
2237.691747	0	0
2237.741752	0	0
2237.791757	0	0
2237.841762	0	0
2237.891767	0	0
2237.941772	0	0
2237.991777	0	0
2238.041782	0	0
2238.091787	0	0
2238.141792	0	0
2238.191797	0	0
2238.241802	0	0
2238.291807	0	0
2238.341812	0	0
2238.391817	0	0
2238.441822	0	0
2238.491827	0	0
2238.541832	0	0
2238.591837	0	0
2238.641842	0	0
2238.691847	0	0
2238.741852	0	0
2238.791857	0	0
2238.841862	0	0
2238.891867	0	0
2238.941872	0	0
2238.991877	0	0
2239.041882	0	0
2239.091887	0	0
2239.141892	0	0
2239.191897	0	0
2239.241902	0	0
2239.291907	0	0
2239.341912	0	0
2239.391917	0	0
2239.441922	0	0
2239.491927	0	0
2239.541932	0	0
2239.591937	0	0
2239.641942	0	0
2239.691947	0	0
2239.741952	0	0
2239.791957	0	0
2239.841962	0	0
2239.891967	0	0
2239.941972	0	0
2239.991977	0	0
2240.041982	0	0
2240.091987	0	0
2240.141992	0	0
2240.191997	0	0
2240.242002	0	0
2240.292007	0	0
2240.342012	0	0
2240.392017	0	0
2240.442022	0	0
2240.492027	0	0
2240.542032	0	0
2240.592037	0	0
2240.642042	0	0
2240.692047	0	0
2240.742052	0	0
2240.792057	0	0
2240.842062	0	0
2240.892067	0	0
2240.942072	0	0
2240.992077	0	0
2241.042082	0	0
2241.092087	0	0
2241.142092	0	0
2241.192097	0	0
2241.242102	0	0
2241.292107	0	0
2241.342112	0	0
2241.392117	0	0
2241.442122	0	0
2241.492127	0	0
2241.542132	0	0
2241.592137	0	0
2241.642142	0	0
2241.692147	0	0
2241.742152	0	0
2241.792157	0	0
2241.842162	0	0
2241.892167	0	0
2241.942172	0	0
2241.992177	0	0
2242.042182	0	0
2242.092187	0	0
2242.142192	0	0
2242.192197	0	0
2242.242202	0	0
2242.292207	0	0
2242.342212	0	0
2242.392217	0	0
2242.442222	0	0
2242.492227	0	0
2242.542232	0	0
2242.592237	0	0
2242.642242	0	0
2242.692247	0	0
2242.742252	0	0
2242.792257	0	0
2242.842262	0	0
2242.892267	0	0
2242.942272	0	0
2242.992277	0	0
2243.042282	0	0
2243.092287	0	0
2243.142292	0	0
2243.192297	0	0
2243.242302	0	0
2243.292307	0	0
2243.342312	0	0
2243.392317	0	0
2243.442322	0	0
2243.492327	0	0
2243.542332	0	0
2243.592337	0	0
2243.642342	0	0
2243.692347	0	0
2243.742352	0	0
2243.792357	0	0
2243.842362	0	0
2243.892367	0	0
2243.942372	0	0
2243.992377	0	0
2244.042382	0	0
2244.092387	0	0
2244.142392	0	0
2244.192397	0	0
2244.242402	0	0
2244.292407	0	0
2244.342412	0	0
2244.392417	0	0
2244.442422	0	0
2244.492427	0	0
2244.542432	0	0
2244.592437	0	0
2244.642442	0	0
2244.692447	0	0
2244.742452	0	0
2244.792457	0	0
2244.842462	0	0
2244.892467	0	0
2244.942472	0	0
2244.992477	0	0
2245.042482	0	0
2245.092487	0	0
2245.142492	0	0
2245.192497	0	0
2245.242502	0	0
2245.292507	0	0
2245.342512	0	0
2245.392517	0	0
2245.442522	0	0
2245.492527	0	0
2245.542532	0	0
2245.592537	0	0
2245.642542	0	0
2245.692547	0	0
2245.742552	0	0
2245.792557	0	0
2245.842562	0	0
2245.892567	0	0
2245.942572	0	0
2245.992577	0	0
2246.042582	0	0
2246.092587	0	0
2246.142592	0	0
2246.192597	0	0
2246.242602	0	0
2246.292607	0	0
2246.342612	0	0
2246.392617	0	0
2246.442622	0	0
2246.492627	0	0
2246.542632	0	0
2246.592637	0	0
2246.642642	0	0
2246.692647	0	0
2246.742652	0	0
2246.792657	0	0
2246.842662	0	0
2246.892667	0	0
2246.942672	0	0
2246.992677	0	0
2247.042682	0	0
2247.092687	0	0
2247.142692	0	0
2247.192697	0	0
2247.242702	0	0
2247.292707	0	0
2247.342712	0	0
2247.392717	0	0
2247.442722	0	0
2247.492727	0	0
2247.542732	0	0
2247.592737	0	0
2247.642742	0	0
2247.692747	0	0
2247.742752	0	0
2247.792757	0	0
2247.842762	0	0
2247.892767	0	0
2247.942772	0	0
2247.992777	0	0
2248.042782	0	0
2248.092787	0	0
2248.142792	0	0
2248.192797	0	0
2248.242802	0	0
2248.292807	0	0
2248.342812	0	0
2248.392817	0	0
2248.442822	0	0
2248.492827	0	0
2248.542832	0	0
2248.592837	0	0
2248.642842	0	0
2248.692847	0	0
2248.742852	0	0
2248.792857	0	0
2248.842862	0	0
2248.892867	0	0
2248.942872	0	0
2248.992877	0	0
2249.042882	0	0
2249.092887	0	0
2249.142892	0	0
2249.192897	0	0
2249.242902	0	0
2249.292907	0	0
2249.342912	0	0
2249.392917	0	0
2249.442922	0	0
2249.492927	0	0
2249.542932	0	0
2249.592937	0	0
2249.642942	0	0
2249.692947	0	0
2249.741952	0	0
2249.791957	0	0
2249.841962	0	0
2249.891967	0	0
2249.941972	0	0
2249.991977	0	0
2250.041982	0	0
2250.091987	0	0
2250.141992	0	0
2250.191997	0	0
2250.242002	0	0
2250.292006	0	0
2250.342012	0	0
2250.392017	0	0
2250.442022	0	0
2250.492027	0	0
2250.542032	0	0
2250.592037	0	0
2250.642042	0	0
2250.692047	0	0
2250.742052	0	0
2250.792057	0	0
2250.842062	0	0
2250.892066	0	0
2250.942072	0	0
2250.992077	0	0
2251.042082	0	0
2251.092087	0	0
2251.142092	0	0
2251.192097	0	0
2251.242102	0	0
2251.292107	0	0
2251.342112	0	0
2251.392117	0	0
2251.442122	0	0
2251.492127	0	0
2251.542132	0	0
2251.592137	0	0
2251.642142	0	0
2251.692147	0	0
2251.742152	0	0
2251.792157	0	0
2251.842162	0	0
2251.892167	0	0
2251.942172	0	0
2251.992177	0	0
2252.042181	0	0
2252.092187	0	0
2252.142192	0	0
2252.192197	0	0
2252.242202	0	0
2252.292207	0	0
2252.342212	0	0
2252.392217	0	0
2252.442222	0	0
2252.492227	0	0
2252.542232	0	0
2252.592237	0	0
2252.642241	0	0
2252.692247	0	0
2252.742252	0	0
2252.792257	0	0
2252.842262	0	0
2252.892267	0	0
2252.942272	0	0
2252.992277	0	0
2253.042282	0	0
2253.092287	0	0
2253.142292	0	0
2253.192297	0	0
2253.242302	0	0
2253.292307	0	0
2253.342312	0	0
2253.392317	0	0
2253.442322	0	0
2253.492327	0	0
2253.542332	0	0
2253.592337	0	0
2253.642342	0	0
2253.692347	0	0
2253.742352	0	0
2253.792356	0	0
2253.842362	0	0
2253.892367	0	0
2253.942372	0	0
2253.992377	0	0
2254.042382	0	0
2254.092387	0	0
2254.142392	0	0
2254.192397	0	0
2254.242402	0	0
2254.292407	0	0
2254.342412	0	0
2254.392416	0	0
2254.442422	0	0
2254.492427	0	0
2254.542432	0	0
2254.592437	0	0
2254.642442	0	0
2254.692447	0	0
2254.742452	0	0
2254.792457	0	0
2254.842462	0	0
2254.892467	0	0
2254.942472	0	0
2254.992477	0	0
2255.042482	0	0
2255.092487	0	0
2255.142492	0	0
2255.192497	0	0
2255.242502	0	0
2255.292507	0	0
2255.342512	0	0
2255.392517	0	0
2255.442522	0	0
2255.492527	0	0
2255.542531	0	0
2255.592537	0	0
2255.642542	0	0
2255.692547	0	0
2255.742552	0	0
2255.792557	0	0
2255.842562	0	0
2255.892567	0	0
2255.942572	0	0
2255.992577	0	0
2256.175595	0	0
2256.218599	0	0
2256.268604	0	0
2256.293607	0	0
2256.343612	0	0
2256.398617	0	0
2256.443622	0	0
2256.493627	0	0
2256.543632	0	0
2256.593637	0	0
2256.643642	0	0
2256.693647	0	0
2256.743652	0	0
2256.793657	0	0
2256.843662	0	0
2256.893667	0	0
2256.943672	0	0
2256.993677	0	0
2257.043682	0	0
2257.093687	0	0
2257.143692	0	0
2257.193697	0	0
2257.243702	0	0
2257.293707	0	0
2257.343712	0	0
2257.393717	0	0
2257.443722	0	0
2257.493727	0	0
2257.543732	0	0
2257.593737	0	0
2257.643742	0	0
2257.693747	0	0
2257.743752	0	0
2257.793757	0	0
2257.843762	0	0
2257.893767	0	0
2257.943772	0	0
2257.993777	0	0
2258.043782	0	0
2258.093787	0	0
2258.143792	0	0
2258.193797	0	0
2258.243802	0	0
2258.293807	0	0
2258.343812	0	0
2258.393817	0	0
2258.443822	0	0
2258.493827	0	0
2258.543832	0	0
2258.593837	0	0
2258.643842	0	0
2258.693847	0	0
2258.743852	0	0
2258.793857	0	0
2258.843862	0	0
2258.893867	0	0
2258.943872	0	0
2258.993877	0	0
2259.043882	0	0
2259.093887	0	0
2259.143892	0	0
2259.193897	0	0
2259.243902	0	0
2259.293907	0	0
2259.343912	0	0
2259.393917	0	0
2259.443922	0	0
2259.493927	0	0
2259.543932	0	0
2259.593937	0	0
2259.643942	0	0
2259.693947	0	0
2259.743952	0	0
2259.793957	0	0
2259.843962	0	0
2259.893967	0	0
2259.943972	0	0
2259.993977	0	0
2260.043982	0	0
2260.093987	0	0
2260.143992	0	0
2260.193997	0	0
2260.244002	0	0
2260.294007	0	0
2260.344012	0	0
2260.394017	0	0
2260.444022	0	0
2260.494027	0	0
2260.544032	0	0
2260.594037	0	0
2260.644042	0	0
2260.694047	0	0
2260.744052	0	0
2260.794057	0	0
2260.844062	0	0
2260.894067	0	0
2260.944072	0	0
2260.994077	0	0
2261.044082	0	0
2261.094087	0	0
2261.144092	0	0
2261.194097	0	0
2261.244102	0	0
2261.294107	0	0
2261.344112	0	0
2261.394117	0	0
2261.444122	0	0
2261.494127	0	0
2261.544132	0	0
2261.594137	0	0
2261.644142	0	0
2261.694147	0	0
2261.744152	0	0
2261.794157	0	0
2261.844162	0	0
2261.894167	0	0
2261.944172	0	0
2261.994177	0	0
2262.044182	0	0
2262.094187	0	0
2262.144192	0	0
2262.194197	0	0
2262.244202	0	0
2262.294207	0	0
2262.344212	0	0
2262.394217	0	0
2262.444222	0	0
2262.494227	0	0
2262.544232	0	0
2262.594237	0	0
2262.644242	0	0
2262.694247	0	0
2262.744252	0	0
2262.794257	0	0
2262.844262	0	0
2262.894267	0	0
2262.944272	0	0
2262.994277	0	0
2263.044282	0	0
2263.094287	0	0
2263.144292	0	0
2263.194297	0	0
2263.244302	0	0
2263.294307	0	0
2263.344312	0	0
2263.394317	0	0
2263.444322	0	0
2263.494327	0	0
2263.544332	0	0
2263.594337	0	0
2263.644342	0	0
2263.694347	0	0
2263.744352	0	0
2263.794357	0	0
2263.844362	0	0
2263.894367	0	0
2263.944372	0	0
2263.994377	0	0
2264.044382	0	0
2264.094387	0	0
2264.144392	0	0
2264.194397	0	0
2264.244402	0	0
2264.294407	0	0
2264.344412	0	0
2264.394417	0	0
2264.444422	0	0
2264.494427	0	0
2264.544432	0	0
2264.594437	0	0
2264.644442	0	0
2264.694447	0	0
2264.744452	0	0
2264.794457	0	0
2264.844462	0	0
2264.894467	0	0
2264.944472	0	0
2264.994477	0	0
2265.044482	0	0
2265.094487	0	0
2265.144492	0	0
2265.194497	0	0
2265.244502	0	0
2265.294507	0	0
2265.344512	0	0
2265.394517	0	0
2265.444522	0	0
2265.494527	0	0
2265.544532	0	0
2265.594537	0	0
2265.644542	0	0
2265.694547	0	0
2265.744552	0	0
2265.794557	0	0
2265.844562	0	0
2265.894567	0	0
2265.944572	0	0
2265.994577	0	0
2266.044582	0	0
2266.094587	0	0
2266.144592	0	0
2266.194597	0	0
2266.244602	0	0
2266.294607	0	0
2266.344612	0	0
2266.394617	0	0
2266.444622	0	0
2266.494627	0	0
2266.544632	0	0
2266.594637	0	0
2266.644642	0	0
2266.694647	0	0
2266.744652	0	0
2266.794657	0	0
2266.844662	0	0
2266.894667	0	0
2266.944672	0	0
2266.994677	0	0
2267.044682	0	0
2267.094687	0	0
2267.144692	0	0
2267.194697	0	0
2267.243702	0	0
2267.293707	0	0
2267.343712	0	0
2267.393717	0	0
2267.443722	0	0
2267.493727	0	0
2267.543732	0	0
2267.593737	0	0
2267.643742	0	0
2267.693747	0	0
2267.743752	0	0
2267.793756	0	0
2267.843762	0	0
2267.893767	0	0
2267.943772	0	0
2267.993777	0	0
2268.043782	0	0
2268.093787	0	0
2268.143792	0	0
2268.193797	0	0
2268.243802	0	0
2268.293807	0	0
2268.343812	0	0
2268.393817	0	0
2268.443822	0	0
2268.493827	0	0
2268.543832	0	0
2268.593837	0	0
2268.643842	0	0
2268.693847	0	0
2268.743852	0	0
2268.793857	0	0
2268.843862	0	0
2268.893867	0	0
2268.943871	0	0
2268.993877	0	0
2269.043882	0	0
2269.093887	0	0
2269.143892	0	0
2269.193897	0	0
2269.243902	0	0
2269.293907	0	0
2269.343912	0	0
2269.393917	0	0
2269.443922	0	0
2269.493927	0	0
2269.543931	0	0
2269.593937	0	0
2269.643942	0	0
2269.693947	0	0
2269.743952	0	0
2269.793957	0	0
2269.843962	0	0
2269.893967	0	0
2269.943972	0	0
2269.993977	0	0
2270.043982	0	0
2270.093987	0	0
2270.143992	0	0
2270.193997	0	0
2270.244002	0	0
2270.294007	0	0
2270.344012	0	0
2270.394017	0	0
2270.444022	0	0
2270.494027	0	0
2270.544032	0	0
2270.594037	0	0
2270.644042	0	0
2270.694046	0	0
2270.744052	0	0
2270.794057	0	0
2270.844062	0	0
2270.894067	0	0
2270.944072	0	0
2270.994077	0	0
2271.044082	0	0
2271.094087	0	0
2271.144092	0	0
2271.194097	0	0
2271.244102	0	0
2271.294106	0	0
2271.344112	0	0
2271.394117	0	0
2271.444122	0	0
2271.494127	0	0
2271.544132	0	0
2271.594137	0	0
2271.644142	0	0
2271.694147	0	0
2271.744152	0	0
2271.794157	0	0
2271.844162	0	0
2271.894167	0	0
2271.944172	0	0
2271.994177	0	0
2272.044182	0	0
2272.094187	0	0
2272.144192	0	0
2272.194197	0	0
2272.244202	0	0
2272.294207	0	0
2272.344212	0	0
2272.394217	0	0
2272.444221	0	0
2272.494227	0	0
2272.544232	0	0
2272.594237	0	0
2272.644242	0	0
2272.694247	0	0
2272.744252	0	0
2272.794257	0	0
2272.844262	0	0
2272.894267	0	0
2272.944272	0	0
2272.994277	0	0
2273.044281	0	0
2273.094287	0	0
2273.144292	0	0
2273.194297	0	0
2273.244302	0	0
2273.294307	0	0
2273.344312	0	0
2273.394317	0	0
2273.444322	0	0
2273.494327	0	0
2273.544332	0	0
2273.594337	0	0
2273.644342	0	0
2273.694347	0	0
2273.744352	0	0
2273.794357	0	0
2273.844362	0	0
2273.894367	0	0
2273.944372	0	0
2273.994377	0	0
2274.044382	0	0
2274.094387	0	0
2274.144392	0	0
2274.194396	0	0
2274.244402	0	0
2274.294407	0	0
2274.344412	0	0
2274.394417	0	0
2274.444422	0	0
2274.494427	0	0
2274.544432	0	0
2274.594437	0	0
2274.644442	0	0
2274.694447	0	0
2274.744452	0	0
2274.794456	0	0
2274.844462	0	0
2274.894467	0	0
2274.944472	0	0
2274.994477	0	0
2275.044482	0	0
2275.094487	0	0
2275.144492	0	0
2275.194497	0	0
2275.244502	0	0
2275.294507	0	0
2275.344512	0	0
2275.394517	0	0
2275.444522	0	0
2275.494527	0	0
2275.544532	0	0
2275.594537	0	0
2275.644542	0	0
2275.694547	0	0
2275.744552	0	0
2275.794557	0	0
2275.844562	0	0
2275.894567	0	0
2275.944571	0	0
2275.994577	0	0
2276.044582	0	0
2276.094587	0	0
2276.144592	0	0
2276.194597	0	0
2276.244602	0	0
2276.294607	0	0
2276.344612	0	0
2276.394617	0	0
2276.444622	0	0
2276.494627	0	0
2276.544631	0	0
2276.594637	0	0
2276.644642	0	0
2276.694647	0	0
2276.744652	0	0
2276.794657	0	0
2276.844662	0	0
2276.894667	0	0
2276.944672	0	0
2276.994677	0	0
2277.044682	0	0
2277.094687	0	0
2277.144692	0	0
2277.194697	0	0
2277.244702	0	0
2277.294707	0	0
2277.344712	0	0
2277.394717	0	0
2277.444722	0	0
2277.494727	0	0
2277.544732	0	0
2277.594737	0	0
2277.644742	0	0
2277.694746	0	0
2277.744752	0	0
2277.794757	0	0
2277.844762	0	0
2277.894767	0	0
2277.944772	0	0
2277.994777	0	0
2278.044782	0	0
2278.094787	0	0
2278.144792	0	0
2278.194797	0	0
2278.244802	0	0
2278.294806	0	0
2278.344812	0	0
2278.394817	0	0
2278.444822	0	0
2278.494827	0	0
2278.544832	0	0
2278.594837	0	0
2278.644842	0	0
2278.694847	0	0
2278.744852	0	0
2278.794857	0	0
2278.844862	0	0
2278.894867	0	0
2278.944872	0	0
2278.994877	0	0
2279.044882	0	0
2279.094887	0	0
2279.144892	0	0
2279.194897	0	0
2279.244902	0	0
2279.294907	0	0
2279.344912	0	0
2279.394917	0	0
2279.444921	0	0
2279.494927	0	0
2279.544932	0	0
2279.594937	0	0
2279.644942	0	0
2279.694947	0	0
2279.744952	0	0
2279.794957	0	0
2279.844962	0	0
2279.894967	0	0
2279.944972	0	0
2279.994977	0	0
2280.044981	0	0
2280.094987	0	0
2280.144992	0	0
2280.194997	0	0
2280.245002	0	0
2280.295007	0	0
2280.345012	0	0
2280.395017	0	0
2280.445022	0	0
2280.495027	0	0
2280.545032	0	0
2280.595037	0	0
2280.645042	0	0
2280.695047	0	0
2280.745052	0	0
2280.795057	0	0
2280.845062	0	0
2280.895067	0	0
2280.945072	0	0
2280.995077	0	0
2281.045082	0	0
2281.095087	0	0
2281.145092	0	0
2281.195096	0	0
2281.245102	0	0
2281.295107	0	0
2281.345112	0	0
2281.395117	0	0
2281.445122	0	0
2281.495127	0	0
2281.545132	0	0
2281.595137	0	0
2281.645142	0	0
2281.695147	0	0
2281.745152	0	0
2281.795156	0	0
2281.845162	0	0
2281.895167	0	0
2281.945172	0	0
2281.995177	0	0
2282.045182	0	0
2282.095187	0	0
2282.145192	0	0
2282.195197	0	0
2282.245202	0	0
2282.295207	0	0
2282.345212	0	0
2282.395217	0	0
2282.445222	0	0
2282.495227	0	0
2282.545232	0	0
2282.595237	0	0
2282.645242	0	0
2282.695247	0	0
2282.745252	0	0
2282.795257	0	0
2282.845262	0	0
2282.895267	0	0
2282.945271	0	0
2282.995277	0	0
2283.045282	0	0
2283.095287	0	0
2283.145292	0	0
2283.195297	0	0
2283.245302	0	0
2283.295307	0	0
2283.345312	0	0
2283.395317	0	0
2283.445322	0	0
2283.495327	0	0
2283.545331	0	0
2283.595337	0	0
2283.645342	0	0
2283.695347	0	0
2283.745352	0	0
2283.795357	0	0
2283.845362	0	0
2283.895367	0	0
2283.945372	0	0
2283.995377	0	0
2284.045382	0	0
2284.095387	0	0
2284.145392	0	0
2284.195397	0	0
2284.245402	0	0
2284.295407	0	0
2284.345412	0	0
2284.395417	0	0
2284.445422	0	0
2284.495427	0	0
2284.545432	0	0
2284.595437	0	0
2284.645442	0	0
2284.694447	0	0
2284.744452	0	0
2284.794456	0	0
2284.844461	0	0
2284.894466	0	0
2284.944472	0	0
2284.994477	0	0
2285.044482	0	0
2285.094487	0	0
2285.144492	0	0
2285.194497	0	0
2285.244502	0	0
2285.294507	0	0
2285.344512	0	0
2285.394516	0	0
2285.444521	0	0
2285.494526	0	0
2285.544532	0	0
2285.594537	0	0
2285.644542	0	0
2285.694547	0	0
2285.744552	0	0
2285.794557	0	0
2285.844562	0	0
2285.894567	0	0
2285.944571	0	0
2285.994576	0	0
2286.044581	0	0
2286.094587	0	0
2286.144592	0	0
2286.194597	0	0
2286.244602	0	0
2286.294607	0	0
2286.344612	0	0
2286.394617	0	0
2286.444622	0	0
2286.494627	0	0
2286.544631	0	0
2286.594636	0	0
2286.644641	0	0
2286.694647	0	0
2286.744652	0	0
2286.794657	0	0
2286.844662	0	0
2286.894667	0	0
2286.944672	0	0
2286.994677	0	0
2287.044682	0	0
2287.094687	0	0
2287.144691	0	0
2287.194696	0	0
2287.244701	0	0
2287.294707	0	0
2287.344712	0	0
2287.394717	0	0
2287.444722	0	0
2287.494727	0	0
2287.544732	0	0
2287.594737	0	0
2287.644742	0	0
2287.694746	0	0
2287.744751	0	0
2287.794756	0	0
2287.844762	0	0
2287.894767	0	0
2287.944772	0	0
2288.074785	-40	0
2288.109788	-148	0
2288.144792	-200	0
2288.194797	-224	0
2288.244802	-252	0
2288.294806	-368	0
2288.344811	-368	0
2288.394816	-464	0
2288.444822	-488	0
2288.494827	-488	0
2288.544832	-488	0
2288.594837	-488	0
2288.644842	-488	0
2288.694847	-488	0
2288.744852	-488	0
2288.794857	-488	0
2288.844862	-488	0
2288.894866	-488	0
2288.944871	-488	0
2288.994876	-488	0
2289.044882	-488	0
2289.094887	-488	0
2289.144892	-488	0
2289.194897	-488	0
2289.244902	-488	0
2289.294907	-488	0
2289.344912	-488	0
2289.394917	-488	0
2289.444921	-488	0
2289.494926	-488	0
2289.544931	-488	0
2289.594937	-488	0
2289.644942	-488	0
2289.694947	-488	0
2289.744952	-488	0
2289.794957	-488	0
2289.844962	-488	0
2289.894967	-488	0
2289.944972	-488	0
2289.994977	-488	0
2290.044981	-488	0
2290.094986	-488	0
2290.144991	-488	0
2290.194997	-488	0
2290.245002	-488	0
2290.295007	-488	0
2290.345012	-488	0
2290.395017	-488	0
2290.445022	-512	0
2290.495027	-512	0
2290.545032	-512	0
2290.595037	-512	0
2290.645041	-512	0
2290.695046	-512	0
2290.745051	-512	0
2290.795057	-520	0
2290.845062	-700	0
2290.895067	-976	0
2290.945072	-1692	516
2290.995077	-1776	580
2291.045082	-1804	600
2291.095087	-1884	600
2291.145092	-1988	608
2291.195096	-2108	692
2291.245101	-2296	692
2291.295106	-2536	760
2291.345112	-2732	880
2291.395117	-2896	912
2291.445122	-3060	968
2291.495127	-3128	996
2291.545132	-3256	1064
2291.595137	-3344	1064
2291.645142	-3440	1064
2291.695147	-3524	1064
2291.745152	-3584	1064
2291.795156	-3620	1064
2291.845161	-3684	1088
2291.895166	-3824	1088
2291.945172	-3928	1092
2291.995177	-4064	1112
2292.105187	-4428	1192
2292.145192	-4584	1216
2292.195197	-4616	1276
2292.245202	-4636	1288
2292.295207	-4636	1296
2292.345212	-4636	1300
2292.395216	-4636	1308
2292.445221	-4636	1352
2292.495226	-4636	1352
2292.545232	-4636	1352
2292.595237	-4636	1364
2292.645242	-4636	1364
2292.695247	-4636	1364
2292.745252	-4636	1364
2292.795257	-4636	1368
2292.845262	-4636	1372
2292.895267	-4636	1372
2292.945271	-4636	1372
2292.995276	-4636	1372
2293.045281	-4636	1372
2293.095287	-4636	1372
2293.145292	-4636	1372
2293.195297	-4636	1372
2293.245302	-4636	1372
2293.295307	-4636	1372
2293.345312	-4636	1372
2293.395317	-4636	1372
2293.445322	-4636	1372
2293.495327	-4636	1372
2293.545331	-4636	1372
2293.595336	-4636	1372
2293.645341	-4636	1372
2293.695347	-4636	1372
2293.745352	-4636	1372
2293.795357	-4636	1372
2293.845362	-4636	1372
2293.895367	-4636	1372
2293.945372	-4636	1372
2293.995377	-4636	1372
2294.045382	-4636	1372
2294.095387	-4636	1372
2294.145391	-4636	1372
2294.195396	-4636	1372
2294.245401	-4636	1372
2294.295407	-4636	1372
2294.345412	-4636	1372
2294.395417	-4636	1372
2294.445422	-4636	1372
2294.495427	-4636	1372
2294.545432	-4636	1372
2294.595437	-4636	1372
2294.645442	-4636	1372
2294.695446	-4636	1372
2294.745451	-4636	1372
2294.795456	-4636	1372
2294.845462	-4636	1372
2294.895467	-4636	1372
2294.945472	-4636	1372
2294.995477	-4636	1372
2295.045482	-4636	1372
2295.095487	-4636	1372
2295.145492	-4636	1372
2295.195497	-4636	1372
2295.245502	-4636	1372
2295.295506	-4636	1372
2295.345511	-4636	1372
2295.395516	-4636	1372
2295.445522	-4636	1372
2295.495527	-4636	1372
2295.545532	-4636	1372
2295.595537	-4636	1372
2295.645542	-4636	1372
2295.695547	-4636	1372
2295.745552	-4636	1372
2295.795557	-4636	1372
2295.845562	-4636	1372
2295.895566	-4636	1372
2295.945571	-4636	1372
2295.995576	-4636	1372
2296.045582	-4636	1372
2296.095587	-4636	1372
2296.145592	-4636	1372
2296.195597	-4636	1372
2296.245602	-4636	1372
2296.295607	-4636	1372
2296.345612	-4636	1372
2296.395617	-4636	1372
2296.445621	-4636	1372
2296.495626	-4636	1372
2296.545631	-4636	1372
2296.595637	-4636	1372
2296.645642	-4636	1372
2296.695647	-4636	1372
2296.745652	-4636	1372
2296.795657	-4636	1372
2296.845662	-4636	1372
2296.895667	-4636	1372
2296.945672	-4636	1372
2296.995677	-4636	1372
2297.045681	-4636	1372
2297.095686	-4636	1372
2297.145691	-4636	1372
2297.195697	-4636	1372
2297.245702	-4636	1372
2297.295707	-4636	1372
2297.345712	-4636	1372
2297.395717	-4636	1372
2297.445722	-4636	1372
2297.495727	-4636	1372
2297.545732	-4636	1372
2297.595737	-4636	1372
2297.645741	-4636	1372
2297.695746	-4636	1372
2297.745751	-4636	1372
2297.795757	-4636	1372
2297.845762	-4636	1372
2297.895767	-4636	1372
2297.945772	-4636	1372
2297.995777	-4636	1372
2298.045782	-4636	1372
2298.095787	-4636	1372
2298.145792	-4636	1372
2298.195796	-4636	1372
2298.245801	-4636	1372
2298.295806	-4636	1372
2298.345812	-4636	1372
2298.395817	-4636	1372
2298.445822	-4636	1372
2298.495827	-4636	1372
2298.545832	-4636	1372
2298.595837	-4636	1372
2298.645842	-4636	1372
2298.695847	-4636	1372
2298.745852	-4636	1372
2298.795856	-4636	1372
2298.845861	-4636	1372
2298.895866	-4636	1372
2298.945872	-4636	1372
2298.995877	-4636	1372
2299.045882	-4636	1372
2299.095887	-4636	1372
2299.145892	-4636	1372
2299.195897	-4636	1372
2299.245902	-4636	1372
2299.295907	-4636	1372
2299.345912	-4636	1372
2299.395916	-4636	1372
2299.445921	-4636	1372
2299.495926	-4636	1372
2299.545932	-4636	1372
2299.595937	-4644	1488
2299.645942	-4696	1636
2299.695947	-4784	1832
2299.745952	-5008	2112
2299.795957	-5388	2216
2299.845962	-5984	2316
2299.895967	-6884	2608
2299.945971	-8144	3016
2299.995976	-9296	3528
2300.045981	-9676	3652
2300.095987	-9676	3852
2300.145992	-9676	3988
2300.195997	-9676	4208
2300.246002	-9676	4424
2300.296007	-9724	4600
2300.346012	-9936	4792
2300.396017	-10100	4904
2300.446022	-10252	4988
2300.496027	-10368	5088
2300.546031	-10744	5220
2300.596036	-11132	5332
2300.646041	-11340	5492
2300.696047	-11644	5568
2300.746052	-11984	5668
2300.796057	-12000	5704
2300.846062	-12012	5704
2300.896067	-12068	5752
2300.946072	-12172	5840
2300.996077	-12328	5840
2301.046082	-12624	5924
2301.096087	-13024	6036
2301.146091	-13328	6088
2301.196096	-13468	6132
2301.246101	-13572	6164
2301.296107	-13668	6164
2301.346112	-13752	6216
2301.396117	-13796	6268
2301.446122	-13896	6268
2301.496127	-13932	6320
2301.546132	-14000	6320
2301.596137	-14032	6320
2301.646142	-14040	6320
2301.696146	-14060	6320
2301.746151	-14088	6320
2301.796156	-14088	6320
2301.846162	-14088	6320
2301.896167	-14088	6320
2301.946172	-14088	6320
2301.996177	-14088	6320
2302.046182	-14088	6320
2302.096187	-14088	6320
2302.146192	-14088	6320
2302.195197	-14088	6320
2302.245202	-14088	6320
2302.295207	-14088	6320
2302.345212	-14088	6320
2302.395216	-14088	6320
2302.445221	-14088	6320
2302.495226	-14088	6320
2302.545231	-14088	6320
2302.595236	-14088	6320
2302.645242	-14088	6320
2302.695247	-14088	6320
2302.745252	-14088	6320
2302.795257	-14088	6320
2302.845262	-14088	6320
2302.895267	-14088	6320
2302.945271	-14088	6320
2302.995276	-14088	6320
2303.045281	-14088	6320
2303.095286	-14088	6320
2303.145291	-14088	6320
2303.195296	-14088	6320
2303.245302	-14088	6320
2303.295307	-14088	6320
2303.345312	-14088	6320
2303.395317	-14088	6320
2303.445322	-14088	6320
2303.495327	-14088	6320
2303.545331	-14088	6320
2303.595336	-14088	6320
2303.645341	-14088	6320
2303.695346	-14088	6320
2303.745351	-14088	6320
2303.795357	-14088	6308
2303.845362	-14088	6216
2303.895367	-14088	6140
2303.945372	-14088	6100
2303.995377	-14088	5968
2304.045382	-14088	5964
2304.095387	-14088	5940
2304.145391	-14088	5940
2304.195396	-14088	5940
2304.245401	-14088	5940
2304.295406	-14088	5940
2304.345411	-14088	5940
2304.395417	-14088	5940
2304.445422	-14088	5940
2304.495427	-14088	5940
2304.545432	-14088	5940
2304.595437	-14088	5940
2304.645442	-14088	5940
2304.695446	-14088	5940
2304.745451	-14088	5940
2304.795456	-14088	5940
2304.845461	-14088	5940
2304.895466	-14096	5940
2304.945471	-14096	5940
2304.995477	-14096	5940
2305.045482	-14112	5940
2305.095487	-14112	5940
2305.145492	-14148	5940
2305.195497	-14156	5940
2305.245502	-14176	5940
2305.295506	-14180	5940
2305.345511	-14196	5944
2305.395516	-14244	6064
2305.445521	-14288	6172
2305.495526	-14356	6280
2305.545532	-14448	6340
2305.595537	-14516	6408
2305.645542	-14604	6448
2305.695547	-14608	6480
2305.745552	-14640	6508
2305.795557	-14644	6520
2305.845562	-14672	6540
2305.895566	-14676	6556
2305.945571	-14676	6556
2305.995576	-14676	6556
2306.045581	-14676	6564
2306.095586	-14676	6564
2306.145592	-14676	6564
2306.195597	-14676	6564
2306.245602	-14676	6564
2306.295607	-14676	6564
2306.345612	-14676	6564
2306.395617	-14676	6564
2306.445621	-14676	6564
2306.495626	-14676	6564
2306.545631	-14676	6564
2306.595636	-14676	6564
2306.645641	-14676	6564
2306.695646	-14676	6564
2306.745652	-14676	6564
2306.795657	-14676	6564
2306.845662	-14676	6564
2306.895667	-14676	6564
2306.945672	-14676	6564
2306.995677	-14676	6564
2307.045681	-14676	6564
2307.095686	-14676	6564
2307.145691	-14676	6564
2307.195696	-14676	6564
2307.245701	-14676	6564
2307.295707	-14676	6564
2307.345712	-14676	6564
2307.395717	-14676	6564
2307.445722	-14676	6564
2307.495727	-14676	6564
2307.545732	-14676	6564
2307.595737	-14676	6564
2307.645741	-14676	6564
2307.695746	-14676	6564
2307.745751	-14676	6584
2307.795756	-14676	6632
2307.845761	-14676	6644
2307.895767	-14676	6652
2307.945772	-14676	6660
2307.995777	-14676	6660
2308.045782	-14676	6668
2308.095787	-14676	6668
2308.145792	-14676	6668
2308.195796	-14676	6672
2308.245801	-14676	6688
2308.295806	-14676	6696
2308.345811	-14676	6696
2308.395816	-14676	6696
2308.445821	-14676	6696
2308.495827	-14676	6696
2308.545832	-14676	6696
2308.595837	-14676	6696
2308.645842	-14676	6696
2308.695847	-14676	6700
2308.745852	-14676	6700
2308.795856	-14676	6700
2308.845861	-14676	6704
2308.895866	-14676	6720
2308.945871	-14676	6720
2308.995876	-14676	6732
2309.045882	-14676	6756
2309.095887	-14676	6760
2309.145892	-14680	6800
2309.195897	-14728	6800
2309.245902	-14728	6800
2309.295907	-14728	6800
2309.345912	-14728	6800
2309.395916	-14728	6800
2309.445921	-14728	6800
2309.495926	-14728	6800
2309.545931	-14728	6800
2309.595936	-14728	6800
2309.645942	-14728	6800
2309.695947	-14728	6796
2309.745952	-14728	6796
2309.795957	-14728	6796
2309.845962	-14728	6796
2309.895967	-14728	6796
2309.945971	-14728	6796
2309.995976	-14728	6796
2310.045981	-14728	6796
2310.095986	-14728	6796
2310.145991	-14728	6796
2310.195996	-14728	6796
2310.246002	-14728	6796
2310.296007	-14728	6796
2310.346012	-14728	6796
2310.396017	-14728	6792
2310.446022	-14728	6792
2310.496027	-14728	6788
2310.546031	-14728	6788
2310.596036	-14728	6788
2310.646041	-14728	6788
2310.696046	-14728	6788
2310.746051	-14728	6788
2310.796057	-14728	6788
2310.846062	-14728	6788
2310.896067	-14728	6788
2310.946072	-14728	6784
2310.996077	-14728	6784
2311.046082	-14728	6784
2311.096087	-14728	6784
2311.146091	-14728	6784
2311.196096	-14728	6784
2311.246101	-14728	6784
2311.296106	-14728	6784
2311.346111	-14728	6784
2311.396117	-14728	6784
2311.446122	-14728	6784
2311.496127	-14728	6784
2311.546132	-14728	6784
2311.596137	-14728	6784
2311.646142	-14728	6784
2311.696146	-14728	6784
2311.746151	-14728	6784
2311.796156	-14728	6784
2311.846161	-14728	6784
2311.896166	-14728	6784
2311.946171	-14728	6784
2311.996177	-14728	6784
2312.046182	-14728	6784
2312.096187	-14728	6784
2312.146192	-14728	6784
2312.196197	-14728	6784
2312.246202	-14728	6784
2312.296206	-14728	6784
2312.346211	-14728	6784
2312.396216	-14728	6784
2312.446221	-14728	6784
2312.496226	-14728	6784
2312.546232	-14728	6784
2312.596237	-14728	6784
2312.646242	-14728	6784
2312.696247	-14728	6784
2312.746252	-14728	6784
2312.796257	-14728	6784
2312.846262	-14728	6784
2312.896266	-14728	6784
2312.946271	-14728	6784
2312.996276	-14728	6784
2313.046281	-14728	6784
2313.096286	-14728	6784
2313.146292	-14728	6784
2313.196297	-14728	6784
2313.246302	-14728	6784
2313.296307	-14728	6784
2313.346312	-14728	6784
2313.396317	-14728	6784
2313.446321	-14728	6784
2313.496326	-14728	6784
2313.546331	-14728	6784
2313.596336	-14728	6784
2313.646341	-14728	6784
2313.696346	-14728	6784
2313.746352	-14728	6784
2313.796357	-14728	6784
2313.846362	-14728	6784
2313.896367	-14728	6784
2313.946372	-14728	6784
2313.996377	-14728	6784
2314.046381	-14728	6784
2314.096386	-14728	6784
2314.146391	-14728	6784
2314.196396	-14728	6784
2314.246401	-14728	6784
2314.296407	-14728	6784
2314.346412	-14728	6784
2314.396417	-14728	6784
2314.446422	-14728	6784
2314.496427	-14728	6784
2314.546432	-14728	6784
2314.596437	-14728	6784
2314.646441	-14728	6784
2314.696446	-14728	6784
2314.746451	-14728	6784
2314.796456	-14728	6784
2314.846461	-14728	6784
2314.896467	-14728	6784
2314.946472	-14728	6784
2314.996477	-14728	6784
2315.046482	-14728	6784
2315.096487	-14728	6784
2315.146492	-14728	6784
2315.196496	-14728	6784
2315.246501	-14728	6784
2315.296506	-14728	6784
2315.346511	-14728	6784
2315.396516	-14728	6784
2315.446521	-14728	6784
2315.496527	-14728	6784
2315.546532	-14728	6784
2315.596537	-14728	6784
2315.646542	-14728	6784
2315.696547	-14728	6784
2315.746552	-14728	6784
2315.796556	-14728	6784
2315.846561	-14728	6784
2315.896566	-14728	6784
2315.946571	-14728	6784
2315.996576	-14728	6784
2316.046582	-14728	6784
2316.096587	-14728	6768
2316.146592	-14728	6768
2316.196597	-14728	6768
2316.246602	-14728	6768
2316.296607	-14728	6768
2316.346611	-14728	6768
2316.396616	-14728	6768
2316.446621	-14728	6768
2316.496626	-14728	6768
2316.546631	-14728	6768
2316.596636	-14728	6752
2316.646642	-14728	6752
2316.696647	-14728	6752
2316.746652	-14728	6752
2316.796657	-14728	6752
2316.846662	-14728	6752
2316.896667	-14728	6752
2316.946671	-14728	6752
2316.996676	-14728	6752
2317.046681	-14728	6752
2317.096686	-14728	6752
2317.146691	-14728	6752
2317.196696	-14728	6752
2317.246702	-14728	6752
2317.296707	-14728	6752
2317.346712	-14728	6752
2317.396717	-14728	6748
2317.446722	-14728	6712
2317.496727	-14728	6712
2317.546731	-14728	6712
2317.596736	-14728	6712
2317.646741	-14728	6712
2317.696746	-14728	6712
2317.746751	-14728	6712
2317.796757	-14728	6712
2317.846762	-14728	6712
2317.896767	-14728	6712
2317.946772	-14728	6712
2317.996777	-14728	6712
2318.046782	-14728	6704
2318.096786	-14728	6704
2318.146791	-14728	6692
2318.196796	-14728	6692
2318.246801	-14728	6692
2318.296806	-14728	6664
2318.346811	-14728	6664
2318.396817	-14728	6664
2318.446822	-14728	6664
2318.496827	-14728	6664
2318.546832	-14728	6664
2318.596837	-14728	6664
2318.646842	-14728	6664
2318.696846	-14728	6664
2318.746851	-14728	6664
2318.796856	-14728	6664
2318.846861	-14728	6652
2318.896866	-14728	6652
2318.946871	-14728	6652
2318.996877	-14728	6644
2319.046882	-14728	6644
2319.096887	-14728	6644
2319.146892	-14728	6644
2319.196897	-14728	6644
2319.246902	-14728	6644
2319.296906	-14728	6644
2319.346911	-14728	6644
2319.396916	-14728	6644
2319.446921	-14728	6644
2319.496926	-14728	6644
2319.546932	-14728	6644
2319.596937	-14728	6644
2319.646942	-14728	6644
2319.695946	-14728	6644
2319.745952	-14728	6624
2319.795957	-14728	6624
2319.845962	-14728	6624
2319.895967	-14728	6624
2319.945971	-14728	6624
2319.995976	-14728	6624
2320.045981	-14728	6624
2320.095986	-14728	6624
2320.145991	-14728	6624
2320.195996	-14728	6624
2320.246001	-14728	6604
2320.296006	-14728	6604
2320.346012	-14728	6604
2320.396017	-14728	6604
2320.446022	-14728	6604
2320.496027	-14728	6604
2320.546031	-14728	6604
2320.596036	-14728	6604
2320.646041	-14728	6604
2320.696046	-14728	6604
2320.746051	-14728	6604
2320.796056	-14728	6604
2320.846061	-14728	6604
2320.896066	-14728	6604
2320.946072	-14728	6604
2320.996077	-14728	6576
2321.046082	-14716	6556
2321.096087	-14712	6508
2321.146091	-14660	6400
2321.196096	-14512	6160
2321.246101	-14456	5892
2321.296106	-14400	5816
2321.346111	-14372	5628
2321.396116	-14300	5512
2321.446121	-14224	5400
2321.496127	-14096	5348
2321.546132	-14052	5304
2321.596137	-13992	5256
2321.646142	-13864	5188
2321.696146	-13696	5104
2321.746151	-13508	5048
2321.796156	-13336	5020
2321.846161	-13224	4988
2321.896166	-13204	4988
2321.946171	-13204	4988
2321.996176	-13180	4988
2322.046181	-13180	4988
2322.096187	-13180	4988
2322.146192	-13160	4988
2322.196197	-13160	4988
2322.246202	-13160	4988
2322.296206	-13156	4988
2322.346211	-13156	4988
2322.396216	-13156	4988
2322.446221	-13156	4988
2322.496226	-13156	4988
2322.546231	-13156	4988
2322.596236	-13156	4988
2322.646241	-13140	4988
2322.696247	-13140	4988
2322.746252	-13108	4972
2322.796257	-13092	4952
2322.846262	-13056	4952
2322.896266	-13004	4952
2322.946271	-12928	4924
2322.996276	-12808	4900
2323.046281	-12564	4900
2323.096286	-12368	4900
2323.146291	-12236	4900
2323.196296	-12220	4900
2323.246302	-12216	4880
2323.296307	-12216	4864
2323.346312	-12204	4844
2323.396317	-12204	4844
2323.446321	-12204	4844
2323.496326	-12204	4836
2323.546331	-12204	4836
2323.596336	-12204	4836
2323.646341	-12204	4824
2323.696346	-12204	4824
2323.746351	-12204	4824
2323.796356	-12204	4812
2323.862363	-12204	4812
2323.896367	-12204	4812
2323.946372	-12204	4812
2323.996377	-12204	4812
2324.046381	-12204	4812
2324.096386	-12204	4812
2324.146391	-12204	4812
2324.196396	-12204	4812
2324.246401	-12204	4812
2324.296406	-12204	4812
2324.346411	-12204	4812
2324.396416	-12204	4812
2324.446422	-12204	4812
2324.496427	-12204	4812
2324.546432	-12204	4812
2324.596437	-12204	4812
2324.646441	-12204	4812
2324.696446	-12204	4812
2324.746451	-12204	4812
2324.796456	-12204	4812
2324.846461	-12204	4812
2324.896466	-12204	4812
2324.946471	-12204	4812
2324.996477	-12204	4812
2325.046482	-12204	4812
2325.096487	-12204	4812
2325.146492	-12204	4812
2325.196496	-12204	4812
2325.246501	-12204	4812
2325.296506	-12204	4812
2325.346511	-12204	4812
2325.396516	-12204	4812
2325.446521	-12204	4812
2325.496526	-12204	4812
2325.546531	-12204	4812
2325.596537	-12204	4812
2325.646542	-12204	4812
2325.696547	-12204	4812
2325.746552	-12204	4812
2325.796556	-12204	4812
2325.846561	-12204	4812
2325.896566	-12204	4812
2325.946571	-12204	4812
2325.996576	-12204	4812
2326.046581	-12204	4812
2326.096586	-12204	4812
2326.146591	-12204	4812
2326.196597	-12204	4812
2326.246602	-12204	4812
2326.296607	-12204	4812
2326.346611	-12204	4812
2326.396616	-12204	4812
2326.446621	-12204	4828
2326.496626	-12204	4828
2326.546631	-12204	4828
2326.596636	-12204	4828
2326.646641	-12204	4828
2326.696646	-12204	4828
2326.746652	-12204	4828
2326.796657	-12204	4828
2326.846662	-12204	4828
2326.896667	-12204	4828
2326.946671	-12204	4828
2326.996676	-12204	4828
2327.046681	-12204	4828
2327.096686	-12204	4832
2327.146691	-12204	4848
2327.196696	-12204	4848
2327.246701	-12204	4848
2327.296706	-12204	4848
2327.346712	-12204	4848
2327.396717	-12204	4848
2327.446722	-12204	4852
2327.496727	-12204	4852
2327.546731	-12204	4852
2327.596736	-12204	4852
2327.646741	-12204	4852
2327.696746	-12204	4852
2327.746751	-12204	4852
2327.796756	-12204	4852
2327.846761	-12204	4852
2327.896766	-12204	4852
2327.946772	-12204	4852
2327.996777	-12204	4852
2328.046782	-12204	4872
2328.096786	-12204	4872
2328.146791	-12204	4872
2328.196796	-12204	4892
2328.246801	-12204	4892
2328.296806	-12204	4892
2328.346811	-12204	4892
2328.396816	-12204	4892
2328.446821	-12204	4892
2328.496827	-12204	4892
2328.546832	-12204	4892
2328.596837	-12204	4892
2328.646842	-12204	4892
2328.696846	-12204	4892
2328.746851	-12204	4896
2328.796856	-12204	4916
2328.846861	-12204	4916
2328.896866	-12204	4916
2328.946871	-12204	4936
2328.996876	-12204	4936
2329.046881	-12204	4936
2329.096887	-12204	4936
2329.146892	-12204	4940
2329.196897	-12204	4940
2329.246902	-12204	4964
2329.296906	-12204	4964
2329.346911	-12204	4964
2329.396916	-12204	4976
2329.446921	-12204	4980
2329.496926	-12204	4980
2329.546931	-12204	4980
2329.596936	-12204	4988
2329.646941	-12204	5020
2329.696947	-12204	5020
2329.746952	-12204	5020
2329.796957	-12204	5020
2329.846961	-12204	5020
2329.896966	-12204	5020
2329.946971	-12204	5020
2329.996976	-12204	5032
2330.046981	-12204	5048
2330.096986	-12204	5072
2330.146991	-12204	5108
2330.196996	-12204	5168
2330.247002	-12224	5200
2330.297007	-12232	5256
2330.347012	-12232	5316
2330.397017	-12252	5316
2330.447021	-12276	5344
2330.497026	-12284	5352
2330.547031	-12284	5392
2330.597036	-12284	5396
2330.647041	-12296	5408
2330.697046	-12296	5428
2330.747051	-12300	5428
2330.797056	-12300	5444
2330.847062	-12300	5444
2330.897067	-12300	5444
2330.947072	-12300	5444
2330.997077	-12300	5444
2331.047081	-12300	5444
2331.097086	-12300	5444
2331.147091	-12300	5444
2331.197096	-12300	5444
2331.247101	-12300	5444
2331.297106	-12300	5444
2331.347111	-12300	5444
2331.397116	-12300	5444
2331.447122	-12300	5444
2331.497127	-12300	5444
2331.547132	-12300	5444
2331.597136	-12300	5444
2331.647141	-12300	5444
2331.697146	-12300	5444
2331.747151	-12300	5444
2331.797156	-12300	5444
2331.847161	-12300	5444
2331.897166	-12300	5444
2331.947171	-12300	5444
2331.997177	-12300	5444
2332.047182	-12300	5444
2332.097187	-12300	5444
2332.147192	-12300	5280
2332.197196	-12300	4976
2332.247201	-12164	4740
2332.297206	-11960	4668
2332.347211	-11580	4652
2332.397216	-10740	4636
2332.447221	-9424	4504
2332.497226	-8136	4256
2332.547231	-7408	3956
2332.597237	-7392	3864
2332.647242	-7392	3804
2332.697247	-7284	3704
2332.747252	-7032	3500
2332.797256	-6780	3368
2332.847261	-6620	3300
2332.897266	-6620	3300
2332.947271	-6620	3300
2332.997276	-6620	3300
2333.047281	-6620	3300
2333.097286	-6620	3300
2333.147291	-6620	3300
2333.197297	-6568	3300
2333.247302	-6384	3196
2333.297307	-5992	3096
2333.347311	-4924	2708
2333.397316	-3792	2368
2333.447321	-2864	2024
2333.497326	-2520	1808
2333.547331	-2392	1736
2333.597336	-2160	1612
2333.647341	-1760	1412
2333.697346	-992	784
2333.747352	-412	268
2333.797357	-84	56
2333.847362	0	0
2333.897367	0	0
2333.947371	0	0
2333.997376	0	0
2334.047381	0	0
2334.097386	0	0
2334.147391	0	0
2334.197396	0	0
2334.247401	0	0
2334.297406	0	0
2334.347412	0	0
2334.397417	0	0
2334.447422	0	0
2334.497427	0	0
2334.547431	0	0
2334.597436	0	0
2334.647441	0	0
2334.697446	0	0
2334.747451	0	0
2334.797456	0	0
2334.847461	0	0
2334.897466	0	0
2334.947472	0	0
2334.997477	0	0
2335.047482	0	0
2335.097486	0	0
2335.147491	0	0
2335.197496	0	0
2335.247501	0	0
2335.297506	0	0
2335.347511	0	0
2335.397516	0	0
2335.447521	0	0
2335.497527	0	0
2335.547532	0	0
2335.597537	0	0
2335.647542	0	0
2335.697546	0	0
2335.747551	0	0
2335.797556	0	0
2335.847561	0	0
2335.897566	0	0
2335.947571	0	0
2335.997576	0	0
2336.047581	0	0
2336.097587	0	0
2336.147592	0	0
2336.197597	0	0
2336.247602	0	0
2336.297606	0	0
2336.347611	0	0
2336.397616	0	0
2336.447621	0	0
2336.497626	0	0
2336.547631	0	0
2336.597636	0	0
2336.647641	0	0
2336.697647	0	0
2336.747652	0	0
2336.797657	0	0
2336.847661	0	0
2336.897666	0	0
2336.947671	0	0
2336.997676	0	0
2337.047681	0	0
2337.097686	0	0
2337.146691	0	0
2337.196696	0	0
2337.246701	0	0
2337.296706	0	0
2337.346711	0	0
2337.396716	0	0
2337.446721	0	0
2337.496727	0	0
2337.546731	0	0
2337.596736	0	0
2337.646741	0	0
2337.696746	0	0
2337.746751	0	0
2337.796756	0	0
2337.846761	0	0
2337.896766	0	0
2337.946771	0	0
2337.996776	0	0
2338.046782	0	0
2338.096786	0	0
2338.146791	0	0
2338.196796	0	0
2338.246801	0	0
2338.296806	0	0
2338.346811	0	0
2338.396816	0	0
2338.446821	0	0
2338.496826	0	0
2338.546831	0	0
2338.596836	0	0
2338.646842	0	0
2338.696846	0	0
2338.746851	0	0
2338.796856	0	0
2338.846861	0	0
2338.896866	0	0
2338.946871	0	0
2338.996876	0	0
2339.046881	0	0
2339.096886	0	0
2339.146891	0	0
2339.196897	0	0
2339.246902	0	0
2339.296906	0	0
2339.346911	0	0
2339.396916	0	0
2339.446921	0	0
2339.496926	0	0
2339.546931	0	0
2339.596936	0	0
2339.646941	0	0
2339.696946	0	0
2339.746951	0	0
2339.796957	0	0
2339.846961	0	0
2339.896966	0	0
2339.946971	0	0
2339.996976	0	0
2340.046981	0	0
2340.096986	0	0
2340.146991	0	0
2340.196996	0	0
2340.247001	0	0
2340.297006	0	0
2340.347011	0	0
2340.397017	0	0
2340.447021	0	0
2340.497026	0	0
2340.547031	0	0
2340.597036	0	0
2340.647041	0	0
2340.697046	0	0
2340.747051	0	0
2340.797056	0	0
2340.847061	0	0
2340.897066	0	0
2340.947072	0	0
2340.997077	0	0
2341.047081	0	0
2341.097086	0	0
2341.147091	0	0
2341.197096	0	0
2341.247101	0	0
2341.297106	0	0
2341.347111	0	0
2341.397116	0	0
2341.447121	0	0
2341.497126	0	0
2341.547132	0	0
2341.597136	0	0
2341.647141	0	0
2341.697146	0	0
2341.747151	0	0
2341.797156	0	0
2341.847161	0	0
2341.897166	0	0
2341.947171	0	0
2341.997176	0	0
2342.047181	0	0
2342.097186	0	0
2342.147192	0	0
2342.197196	0	0
2342.247201	0	0
2342.297206	0	0
2342.347211	0	0
2342.397216	0	0
2342.447221	0	0
2342.497226	0	0
2342.547231	0	0
2342.597236	0	0
2342.647241	0	0
2342.697247	0	0
2342.747252	0	0
2342.797256	0	0
2342.847261	0	0
2342.897266	0	0
2342.947271	0	0
2342.997276	0	0
2343.047281	0	0
2343.097286	0	0
2343.147291	0	0
2343.197296	0	0
2343.247301	0	0
2343.297307	0	0
2343.347311	0	0
2343.397316	0	0
2343.447321	0	0
2343.497326	0	0
2343.547331	0	0
2343.597336	0	0
2343.647341	0	0
2343.697346	0	0
2343.747351	0	0
2343.797356	0	0
2343.847361	0	0
2343.897367	0	0
2343.947371	0	0
2343.997376	0	0
2344.047381	0	0
2344.097386	0	0
2344.147391	0	0
2344.197396	0	0
2344.247401	0	0
2344.297406	0	0
2344.347411	0	0
2344.397416	0	0
2344.447422	0	0
2344.497427	0	0
2344.547431	0	0
2344.597436	0	0
2344.647441	0	0
2344.697446	0	0
2344.747451	0	0
2344.797456	0	0
2344.847461	0	0
2344.897466	0	0
2344.947471	0	0
2344.997476	0	0
2345.047482	0	0
2345.097486	0	0
2345.147491	0	0
2345.197496	0	0
2345.247501	0	0
2345.297506	0	0
2345.347511	0	0
2345.397516	0	0
2345.447521	0	0
2345.497526	0	0
2345.547531	0	0
2345.597536	0	0
2345.647542	0	0
2345.697546	0	0
2345.747551	0	0
2345.797556	0	0
2345.847561	0	0
2345.897566	0	0
2345.947571	0	0
2345.997576	0	0
2346.047581	0	0
2346.097586	0	0
2346.147591	0	0
2346.197597	0	0
2346.247602	0	0
2346.297606	0	0
2346.347611	0	0
2346.397616	0	0
2346.447621	0	0
2346.497626	0	0
2346.547631	0	0
2346.597636	0	0
2346.647641	0	0
2346.697646	0	0
2346.747651	0	0
2346.797657	0	0
2346.847661	0	0
2346.897666	0	0
2346.947671	0	0
2346.997676	0	0
2347.047681	0	0
2347.097686	0	0
2347.147691	0	0
2347.197696	0	0
2347.247701	0	0
2347.297706	0	0
2347.347711	0	0
2347.397717	0	0
2347.447721	0	0
2347.497726	0	0
2347.547731	0	0
2347.597736	0	0
2347.647741	0	0
2347.697746	0	0
2347.747751	0	0
2347.797756	0	0
2347.847761	0	0
2347.897766	0	0
2347.947772	0	0
2347.997777	0	0
2348.047781	0	0
2348.097786	0	0
2348.147791	0	0
2348.197796	0	0
2348.247801	0	0
2348.297806	0	0
2348.347811	0	0
2348.397816	0	0
2348.447821	0	0
2348.497826	0	0
2348.547832	0	0
2348.597836	0	0
2348.647841	0	0
2348.697846	0	0
2348.747851	0	0
2348.797856	0	0
2348.847861	0	0
2348.897866	0	0
2348.947871	0	0
2348.997876	0	0
2349.047881	0	0
2349.097886	0	0
2349.147892	0	0
2349.197896	0	0
2349.247901	0	0
2349.297906	0	0
2349.347911	0	0
2349.397916	0	0
2349.447921	0	0
2349.497926	0	0
2349.547931	0	0
2349.597936	0	0
2349.647941	0	0
2349.697947	0	0
2349.747952	0	0
2349.797956	0	0
2349.847961	0	0
2349.897966	0	0
2349.947971	0	0
2349.997976	0	0
2350.047981	0	0
2350.097986	0	0
2350.147991	0	0
2350.197996	0	0
2350.248001	0	0
2350.298007	0	0
2350.348011	0	0
2350.398016	0	0
2350.448021	0	0
2350.498026	0	0
2350.548031	0	0
2350.598036	0	0
2350.648041	0	0
2350.698046	0	0
2350.748051	0	0
2350.798056	0	0
2350.848061	0	0
2350.898067	0	0
2350.948071	0	0
2350.998076	0	0
2351.048081	0	0
2351.098086	0	0
2351.148091	0	0
2351.198096	0	0
2351.248101	0	0
2351.298106	0	0
2351.348111	0	0
2351.398116	0	0
2351.448122	0	0
2351.498127	0	0
2351.548131	0	0
2351.598136	0	0
2351.648141	0	0
2351.698146	0	0
2351.748151	0	0
2351.798156	0	0
2351.848161	0	0
2351.898166	0	0
2351.948171	0	0
2351.998176	0	0
2352.048182	0	0
2352.098186	0	0
2352.148191	0	0
2352.198196	0	0
2352.248201	0	0
2352.298206	0	0
2352.348211	0	0
2352.398216	0	0
2352.448221	0	0
2352.498226	0	0
2352.548231	0	0
2352.598236	0	0
2352.648242	0	0
2352.698246	0	0
2352.748251	0	0
2352.798256	0	0
2352.848261	0	0
2352.898266	0	0
2352.948271	0	0
2352.998276	0	0
2353.048281	0	0
2353.098286	0	0
2353.148291	0	0
2353.198297	0	0
2353.248302	0	0
2353.298306	0	0
2353.348311	0	0
2353.398316	0	0
2353.448321	0	0
2353.498326	0	0
2353.548331	0	0
2353.598336	0	0
2353.648341	0	0
2353.698346	0	0
2353.748351	0	0
2353.798357	0	0
2353.848361	0	0
2353.898366	0	0
2353.948371	0	0
2353.998376	0	0
2354.048381	0	0
2354.098386	0	0
2354.148391	0	0
2354.198396	0	0
2354.248401	0	0
2354.298406	0	0
2354.348411	0	0
2354.398417	0	0
2354.448421	0	0
2354.498426	0	0
2354.548431	0	0
2354.598436	0	0
2354.647441	0	0
2354.697446	0	0
2354.747451	0	0
2354.797456	0	0
2354.847461	0	0
2354.897466	0	0
2354.947471	0	0
2354.997476	0	0
2355.047481	0	0
2355.097486	0	0
2355.147491	0	0
2355.197496	0	0
2355.247501	0	0
2355.297506	0	0
2355.347511	0	0
2355.397516	0	0
2355.447521	0	0
2355.497526	0	0
2355.547531	0	0
2355.597536	0	0
2355.647541	0	0
2355.697546	0	0
2355.747551	0	0
2355.797556	0	0
2355.847561	0	0
2355.897566	0	0
2355.947571	0	0
2355.997576	0	0
2356.047581	0	0
2356.097586	0	0
2356.147591	0	0
2356.197596	0	0
2356.247601	0	0
2356.297606	0	0
2356.347611	0	0
2356.397616	0	0
2356.447621	0	0
2356.497626	0	0
2356.547631	0	0
2356.597636	0	0
2356.647641	0	0
2356.697646	0	0
2356.747651	0	0
2356.797656	0	0
2356.847661	0	0
2356.897666	0	0
2356.947671	0	0
2356.997676	0	0
2357.047681	0	0
2357.097686	0	0
2357.147691	0	0
2357.197696	0	0
2357.247701	0	0
2357.297706	0	0
2357.347711	0	0
2357.397716	0	0
2357.447721	0	0
2357.497726	0	0
2357.547731	0	0
2357.597736	0	0
2357.647741	0	0
2357.697746	0	0
2357.747751	0	0
2357.797756	0	0
2357.847761	0	0
2357.897766	0	0
2357.947771	0	0
2357.997776	0	0
2358.047781	0	0
2358.097786	0	0
2358.147791	0	0
2358.197796	0	0
2358.247801	0	0
2358.297806	0	0
2358.347811	0	0
2358.397816	0	0
2358.447821	0	0
2358.497826	0	0
2358.547831	0	0
2358.597836	0	0
2358.647841	0	0
2358.697846	0	0
2358.747851	0	0
2358.797856	0	0
2358.847861	0	0
2358.897866	0	0
2358.947871	0	0
2358.997876	0	0
2359.047881	0	0
2359.097886	0	0
2359.147891	0	0
2359.197896	0	0
2359.247901	0	0
2359.297906	0	0
2359.347911	0	0
2359.397916	0	0
2359.447921	0	0
2359.497926	0	0
2359.547931	0	0
2359.597936	0	0
2359.647941	0	0
2359.697946	0	0
2359.747951	0	0
2359.797956	0	0
2359.847961	0	0
2359.897966	0	0
2359.947971	0	0
2359.997976	0	0
2360.047981	0	0
2360.097986	0	0
2360.147991	0	0
2360.197996	0	0
2360.248001	0	0
2360.298006	0	0
2360.348011	0	0
2360.398016	0	0
2360.448021	0	0
2360.498026	0	0
2360.548031	0	0
2360.598036	0	0
2360.648041	0	0
2360.698046	0	0
2360.748051	0	0
2360.798056	0	0
2360.848061	0	0
2360.898066	0	0
2360.948071	0	0
2360.998076	0	0
2361.048081	0	0
2361.098086	0	0
2361.148091	0	0
2361.198096	0	0
2361.248101	0	0
2361.298106	0	0
2361.348111	0	0
2361.398116	0	0
2361.448121	0	0
2361.498126	0	0
2361.548131	0	0
2361.598136	0	0
2361.648141	0	0
2361.698146	0	0
2361.748151	0	0
2361.798156	0	0
2361.848161	0	0
2361.898166	0	0
2361.948171	0	0
2361.998176	0	0
2362.048181	0	0
2362.098186	0	0
2362.148191	0	0
2362.198196	0	0
2362.248201	0	0
2362.298206	0	0
2362.348211	0	0
2362.398216	0	0
2362.448221	0	0
2362.498226	0	0
2362.548231	0	0
2362.598236	0	0
2362.648241	0	0
2362.698246	0	0
2362.748251	0	0
2362.798256	0	0
2362.848261	0	0
2362.898266	0	0
2362.948271	0	0
2362.998276	0	0
2363.048281	0	0
2363.098286	0	0
2363.148291	0	0
2363.198296	0	0
2363.248301	0	0
2363.298306	0	0
2363.348311	0	0
2363.398316	0	0
2363.448321	0	0
2363.498326	0	0
2363.548331	0	0
2363.598336	0	0
2363.648341	0	0
2363.698346	0	0
2363.748351	0	0
2363.798356	0	0
2363.848361	0	0
2363.898366	0	0
2363.948371	0	0
2363.998376	0	0
2364.048381	0	0
2364.098386	0	0
2364.148391	0	0
2364.198396	0	0
2364.248401	0	0
2364.298406	0	0
2364.348411	0	0
2364.398416	0	0
2364.448421	0	0
2364.498426	0	0
2364.548431	0	0
2364.598436	0	0
2364.648441	0	0
2364.698446	0	0
2364.748451	0	0
2364.798456	0	0
2364.848461	0	0
2364.898466	0	0
2364.948471	0	0
2364.998476	0	0
2365.048481	0	0
2365.098486	0	0
2365.148491	0	0
2365.198496	0	0
2365.248501	0	0
2365.298506	0	0
2365.348511	0	0
2365.398516	0	0
2365.448521	0	0
2365.498526	0	0
2365.548531	0	0
2365.598536	0	0
2365.648541	0	0
2365.698546	0	0
2365.748551	0	0
2365.798556	0	0
2365.848561	0	0
2365.898566	0	0
2365.948571	0	0
2365.998576	0	0
2366.048581	0	0
2366.098586	0	0
2366.148591	0	0
2366.198596	0	0
2366.248601	0	0
2366.298606	0	0
2366.348611	0	0
2366.398616	0	0
2366.448621	0	0
2366.498626	0	0
2366.548631	0	0
2366.598636	0	0
2366.648641	0	0
2366.698646	0	0
2366.748651	0	0
2366.798656	0	0
2366.848661	0	0
2366.898666	0	0
2366.948671	0	0
2366.998676	0	0
2367.048681	0	0
2367.098686	0	0
2367.148691	0	0
2367.198696	0	0
2367.248701	0	0
2367.298706	0	0
2367.348711	0	0
2367.398716	0	0
2367.448721	0	0
2367.498726	0	0
2367.548731	0	0
2367.598736	0	0
2367.648741	0	0
2367.698746	0	0
2367.748751	0	0
2367.798756	0	0
2367.848761	0	0
2367.898766	0	0
2367.948771	0	0
2367.998776	0	0
2368.048781	0	0
2368.098786	0	0
2368.148791	0	0
2368.198796	0	0
2368.248801	0	0
2368.298806	0	0
2368.348811	0	0
2368.398816	0	0
2368.448821	0	0
2368.498826	0	0
2368.548831	0	0
2368.598836	0	0
2368.648841	0	0
2368.698846	0	0
2368.748851	0	0
2368.798856	0	0
2368.848861	0	0
2368.898866	0	0
2368.948871	0	0
2368.998876	0	0
2369.048881	0	0
2369.098886	0	0
2369.148891	0	0
2369.198896	0	0
2369.248901	0	0
2369.298906	0	0
2369.348911	0	0
2369.398916	0	0
2369.448921	0	0
2369.498926	0	0
2369.548931	0	0
2369.598936	0	0
2369.648941	0	0
2369.698946	0	0
2369.748951	0	0
2369.798956	0	0
2369.848961	0	0
2369.898966	0	0
2369.948971	0	0
2369.998976	0	0
2370.063982	0	0
2370.098986	0	0
2370.148991	0	0
2370.198996	0	0
2370.249001	0	0
2370.299006	0	0
2370.349011	0	0
2370.399016	0	0
2370.449021	0	0
2370.499026	0	0
2370.549031	0	0
2370.599036	0	0
2370.649041	0	0
2370.699046	0	0
2370.749051	0	0
2370.799056	0	0
2370.849061	0	0
2370.899066	0	0
2370.949071	0	0
2370.999076	0	0
2371.049081	0	0
2371.099086	0	0
2371.149091	0	0
2371.199096	0	0
2371.249101	0	0
2371.299106	0	0
2371.349111	0	0
2371.399116	0	0
2371.449121	0	0
2371.499126	0	0
2371.549131	0	0
2371.599136	0	0
2371.649141	0	0
2371.699146	0	0
2371.749151	0	0
2371.799156	0	0
2371.849161	0	0
2371.899166	0	0
2371.949171	0	0
2371.999176	0	0
2372.049181	0	0
2372.099186	0	0
2372.148191	0	0
2372.198196	0	0
2372.248201	0	0
2372.298206	0	0
2372.348211	0	0
2372.398216	0	0
2372.448221	0	0
2372.498226	0	0
2372.548231	0	0
2372.598236	0	0
2372.648241	0	0
2372.698246	0	0
2372.748251	0	0
2372.798256	0	0
2372.848261	0	0
2372.898266	0	0
2372.948271	0	0
2372.998276	0	0
2373.048281	0	0
2373.098286	0	0
2373.148291	0	0
2373.198296	0	0
2373.248301	0	0
2373.298306	0	0
2373.348311	0	0
2373.398316	0	0
2373.448321	0	0
2373.498326	0	0
2373.548331	0	0
2373.598336	0	0
2373.648341	0	0
2373.698346	0	0
2373.748351	0	0
2373.798356	0	0
2373.848361	0	0
2373.898366	0	0
2373.948371	0	0
2373.998376	0	0
2374.048381	0	0
2374.098386	0	0
2374.148391	0	0
2374.198396	0	0
2374.248401	0	0
2374.298406	0	0
2374.348411	0	0
2374.398416	0	0
2374.448421	0	0
2374.498426	0	0
2374.548431	0	0
2374.598436	0	0
2374.648441	0	0
2374.698446	0	0
2374.748451	0	0
2374.798456	0	0
2374.848461	0	0
2374.898466	0	0
2374.948471	0	0
2374.998476	0	0
2375.048481	0	0
2375.098486	0	0
2375.148491	0	0
2375.198496	0	0
2375.248501	0	0
2375.298506	0	0
2375.348511	0	0
2375.398516	0	0
2375.448521	0	0
2375.498526	0	0
2375.548531	0	0
2375.598536	0	0
2375.648541	0	0
2375.698546	0	0
2375.748551	0	0
2375.798556	0	0
2375.848561	0	0
2375.898566	0	0
2375.948571	0	0
2375.998576	0	0
2376.048581	0	0
2376.098586	0	0
2376.148591	0	0
2376.198596	0	0
2376.248601	0	0
2376.298606	0	0
2376.348611	0	0
2376.398616	0	0
2376.448621	0	0
2376.498626	0	0
2376.548631	0	0
2376.598636	0	0
2376.648641	0	0
2376.698646	0	0
2376.748651	0	0
2376.798656	0	0
2376.848661	0	0
2376.898666	0	0
2376.948671	0	0
2376.998676	0	0
2377.048681	0	0
2377.098686	0	0
2377.148691	0	0
2377.198696	0	0
2377.248701	0	0
2377.298706	0	0
2377.348711	0	0
2377.398716	0	0
2377.448721	0	0
2377.498726	0	0
2377.548731	0	0
2377.598736	0	0
2377.648741	0	0
2377.698746	0	0
2377.748751	0	0
2377.798756	0	0
2377.848761	0	0
2377.898766	0	0
2377.948771	0	0
2377.998776	0	0
2378.048781	0	0
2378.098786	0	0
2378.148791	0	0
2378.198796	0	0
2378.248801	0	0
2378.298806	0	0
2378.348811	0	0
2378.398816	0	0
2378.448821	0	0
2378.498826	0	0
2378.548831	0	0
2378.598836	0	0
2378.648841	0	0
2378.698846	0	0
2378.748851	0	0
2378.798856	0	0
2378.848861	0	0
2378.898866	0	0
2378.948871	0	0
2378.998876	0	0
2379.048881	0	0
2379.098886	0	0
2379.148891	0	0
2379.198896	0	0
2379.248901	0	0
2379.298906	0	0
2379.348911	0	0
2379.398916	0	0
2379.448921	0	0
2379.498926	0	0
2379.548931	0	0
2379.598936	0	0
2379.648941	0	0
2379.698946	0	0
2379.748951	0	0
2379.798956	0	0
2379.848961	0	0
2379.898966	0	0
2379.948971	0	0
2379.998976	0	0
2380.048981	0	0
2380.098986	0	0
2380.148991	0	0
2380.198996	0	0
2380.249001	0	0
2380.299006	0	0
2380.349011	0	0
2380.399016	0	0
2380.449021	0	0
2380.499026	0	0
2380.549031	0	0
2380.599036	0	0
2380.649041	0	0
2380.699046	0	0
2380.749051	0	0
2380.799056	0	0
2380.849061	0	0
2380.899066	0	0
2380.949071	0	0
2380.999076	0	0
2381.049081	0	0
2381.099086	0	0
2381.149091	0	0
2381.199096	0	0
2381.249101	0	0
2381.299106	0	0
2381.349111	0	0
2381.399116	0	0
2381.449121	0	0
2381.499126	0	0
2381.549131	0	0
2381.599136	0	0
2381.649141	0	0
2381.699146	0	0
2381.749151	0	0
2381.799156	0	0
2381.849161	0	0
2381.899166	0	0
2381.949171	0	0
2381.999176	0	0
2382.049181	0	0
2382.099186	0	0
2382.149191	0	0
2382.199196	0	0
2382.249201	0	0
2382.299206	0	0
2382.349211	0	0
2382.399216	0	0
2382.449221	0	0
2382.499226	0	0
2382.549231	0	0
2382.599236	0	0
2382.649241	0	0
2382.699246	0	0
2382.749251	0	0
2382.799256	0	0
2382.849261	0	0
2382.899266	0	0
2382.949271	0	0
2382.999276	0	0
2383.049281	0	0
2383.099286	0	0
2383.149291	0	0
2383.199296	0	0
2383.249301	0	0
2383.299306	0	0
2383.349311	0	0
2383.399316	0	0
2383.449321	0	0
2383.499326	0	0
2383.549331	0	0
2383.599336	0	0
2383.649341	0	0
2383.699346	0	0
2383.749351	0	0
2383.799356	0	0
2383.849361	0	0
2383.899366	0	0
2383.949371	0	0
2384.000376	0	0
2384.049381	0	0
2384.099386	0	0
2384.149391	0	0
2384.199396	0	0
2384.249401	0	0
2384.299406	0	0
2384.349411	0	0
2384.399416	0	0
2384.449421	0	0
2384.499426	0	0
2384.549431	0	0
2384.599436	0	0
2384.649441	0	0
2384.699446	0	0
2384.749451	0	0
2384.799456	0	0
2384.849461	0	0
2384.899466	0	0
2384.949471	0	0
2384.999476	0	0
2385.049481	0	0
2385.099486	0	0
2385.149491	0	0
2385.199496	0	0
2385.249501	0	0
2385.299506	0	0
2385.349511	0	0
2385.399516	0	0
2385.449521	0	0
2385.499526	0	0
2385.549531	0	0
2385.599536	0	0
2385.649541	0	0
2385.699546	0	0
2385.749551	0	0
2385.799556	0	0
2385.849561	0	0
2385.899566	0	0
2385.949571	0	0
2385.999576	0	0
2386.049581	0	0
2386.099586	0	0
2386.149591	0	0
2386.199596	0	0
2386.249601	0	0
2386.299606	0	0
2386.349611	0	0
2386.399616	0	0
2386.449621	0	0
2386.499626	0	0
2386.549631	0	0
2386.599636	0	0
2386.649641	0	0
2386.699646	0	0
2386.749651	0	0
2386.799656	0	0
2386.849661	0	0
2386.899666	0	0
2386.949671	0	0
2386.999676	0	0
2387.049681	0	0
2387.099686	0	0
2387.149691	0	0
2387.199696	0	0
2387.249701	0	0
2387.299706	0	0
2387.349711	0	0
2387.399716	0	0
2387.449721	0	0
2387.499726	0	0
2387.549731	0	0
2387.599736	0	0
2387.649741	0	0
2387.699746	0	0
2387.749751	0	0
2387.799756	0	0
2387.849761	0	0
2387.899766	0	0
2387.949771	0	0
2387.999776	0	0
2388.049781	0	0
2388.099786	0	0
2388.149791	0	0
2388.199796	0	0
2388.249801	0	0
2388.299806	0	0
2388.349811	0	0
2388.399816	0	0
2388.449821	0	0
2388.499826	0	0
2388.549831	0	0
2388.599836	0	0
2388.649841	0	0
2388.699846	0	0
2388.749851	0	0
2388.799856	0	0
2388.849861	0	0
2388.899866	0	0
2388.949871	0	0
2388.999876	0	0
2389.049881	0	0
2389.099886	0	0
2389.149891	0	0
2389.199896	0	0
2389.249901	0	0
2389.299906	0	0
2389.349911	0	0
2389.399916	0	0
2389.449921	0	0
2389.499926	0	0
2389.549931	0	0
2389.598936	0	0
2389.648941	0	0
2389.698946	0	0
2389.748951	0	0
2389.798956	0	0
2389.848961	0	0
2389.898966	0	0
2389.948971	0	0
2389.998976	0	0
2390.048981	0	0
2390.098986	0	0
2390.148991	0	0
2390.198996	0	0
2390.249001	0	0
2390.299006	0	0
2390.349011	0	0
2390.399016	0	0
2390.449021	0	0
2390.499026	0	0
2390.549031	0	0
2390.599036	0	0
2390.649041	0	0
2390.699046	0	0
2390.749051	0	0
2390.799056	0	0
2390.849061	0	0
2390.899066	0	0
2390.949071	0	0
2390.999076	0	0
2391.049081	0	0
2391.099086	0	0
2391.149091	0	0
2391.199096	0	0
2391.249101	0	0
2391.299106	0	0
2391.349111	0	0
2391.399116	0	0
2391.449121	0	0
2391.499126	0	0
2391.549131	0	0
2391.599136	0	0
2391.649141	0	0
2391.699146	0	0
2391.749151	0	0
2391.799156	0	0
2391.849161	0	0
2391.899166	0	0
2391.949171	0	0
2391.999176	0	0
2392.049181	0	0
2392.099186	0	0
2392.149191	0	0
2392.199196	0	0
2392.249201	0	0
2392.299206	0	0
2392.349211	0	0
2392.399216	0	0
2392.449221	0	0
2392.499226	0	0
2392.549231	0	0
2392.599236	0	0
2392.649241	0	0
2392.699246	0	0
2392.749251	0	0
2392.799256	0	0
2392.849261	0	0
2392.899266	0	0
2392.949271	0	0
2392.999276	0	0
2393.049281	0	0
2393.099286	0	0
2393.149291	0	0
2393.199296	0	0
2393.249301	0	0
2393.299306	0	0
2393.349311	0	0
2393.399316	0	0
2393.449321	0	0
2393.499326	0	0
2393.549331	0	0
2393.599336	0	0
2393.649341	0	0
2393.699346	0	0
2393.749351	0	0
2393.799356	0	0
2393.849361	0	0
2393.899366	0	0
2393.949371	0	0
2393.999376	0	0
2394.049381	0	0
2394.099386	0	0
2394.149391	0	0
2394.199396	0	0
2394.249401	0	0
2394.299406	0	0
2394.349411	0	0
2394.399416	0	0
2394.449421	0	0
2394.499426	0	0
2394.549431	0	0
2394.599436	0	0
2394.649441	0	0
2394.699446	0	0
2394.749451	0	0
2394.799456	0	0
2394.849461	0	0
2394.899466	0	0
2394.949471	0	0
2394.999476	0	0
2395.049481	0	0
2395.099486	0	0
2395.149491	0	0
2395.199496	0	0
2395.249501	0	0
2395.299506	0	0
2395.349511	0	0
2395.399516	0	0
2395.449521	0	0
2395.499526	0	0
2395.549531	0	0
2395.599536	0	0
2395.649541	0	0
2395.699546	0	0
2395.749551	0	0
2395.799556	0	0
2395.849561	0	0
2395.899566	0	0
2395.949571	0	0
2395.999576	0	0
2396.049581	0	0
2396.099586	0	0
2396.149591	0	0
2396.199596	0	0
2396.249601	0	0
2396.299606	0	0
2396.349611	0	0
2396.399616	0	0
2396.449621	0	0
2396.499626	0	0
2396.549631	0	0
2396.599636	0	0
2396.649641	0	0
2396.699646	0	0
2396.749651	0	0
2396.799656	0	0
2396.849661	0	0
2396.899666	0	0
2396.949671	0	0
2396.999676	0	0
2397.049681	0	0
2397.099686	0	0
2397.149691	0	0
2397.199696	0	0
2397.249701	0	0
2397.299706	0	0
2397.349711	0	0
2397.399716	0	0
2397.449721	0	0
2397.499726	0	0
2397.549731	0	0
2397.599736	0	0
2397.649741	0	0
2397.699746	0	0
2397.749751	0	0
2397.799756	0	0
2397.849761	0	0
2397.899766	0	0
2397.949771	0	0
2397.999776	0	0
2398.049781	0	0
2398.099786	0	0
2398.149791	0	0
2398.199796	0	0
2398.249801	0	0
2398.299806	0	0
2398.349811	0	0
2398.399816	0	0
2398.449821	0	0
2398.499826	0	0
2398.549831	0	0
2398.599836	0	0
2398.649841	0	0
2398.699846	0	0
2398.749851	0	0
2398.799856	0	0
2398.849861	0	0
2398.899866	0	0
2398.949871	0	0
2398.999876	0	0
2399.049881	0	0
2399.099886	0	0
2399.149891	0	0
2399.199896	0	0
2399.249901	0	0
2399.299906	0	0
2399.349911	0	0
2399.399916	0	0
2399.449921	0	0
2399.499926	0	0
2399.549931	0	0
2399.599936	0	0
2399.649941	0	0
2399.699946	0	0
2399.749951	0	0
2399.799956	0	0
2399.849961	0	0
2399.899966	0	0
2399.949971	0	0
2399.999976	0	0
2400.049981	0	0
2400.099986	0	0
2400.149991	0	0
2400.199996	0	0
2400.250001	0	0
2400.300006	0	0
2400.350011	0	0
2400.400016	0	0
2400.450021	0	0
2400.500026	0	0
2400.550031	0	0
2400.600036	0	0
2400.650041	0	0
2400.700046	0	0
2400.750051	0	0
2400.800056	0	0
2400.850061	0	0
2400.900066	0	0
2400.950071	0	0
2401.000076	0	0
2401.050081	0	0
2401.100086	0	0
2401.150091	0	0
2401.200096	0	0
2401.250101	0	0
2401.300106	0	0
2401.350111	0	0
2401.400116	0	0
2401.450121	0	0
2401.500126	0	0
2401.550131	0	0
2401.600136	0	0
2401.650141	0	0
2401.700146	0	0
2401.750151	0	0
2401.800156	0	0
2401.850161	0	0
2401.900166	0	0
2401.950171	0	0
2402.000176	0	0
2402.050181	0	0
2402.100186	0	0
2402.150191	0	0
2402.200196	0	0
2402.250201	0	0
2402.300206	0	0
2402.350211	0	0
2402.400216	0	0
2402.450221	0	0
2402.500226	0	0
2402.550231	0	0
2402.600236	0	0
2402.650241	0	0
2402.700246	0	0
2402.750251	0	0
2402.800256	0	0
2402.850261	0	0
2402.900266	0	0
2402.950271	0	0
2403.000276	0	0
2403.050281	0	0
2403.100286	0	0
2403.150291	0	0
2403.200296	0	0
2403.250301	0	0
2403.300306	0	0
2403.350311	0	0
2403.400316	0	0
2403.450321	0	0
2403.500326	0	0
2403.550331	0	0
2403.600336	0	0
2403.650341	0	0
2403.700346	0	0
2403.750351	0	0
2403.800356	0	0
2403.850361	0	0
2403.900366	0	0
2403.950371	0	0
2404.000376	0	0
2404.050381	0	0
2404.100386	0	0
2404.150391	0	0
2404.200396	0	0
2404.250401	0	0
2404.300406	0	0
2404.350411	0	0
2404.400416	0	0
2404.450421	0	0
2404.500426	0	0
2404.550431	0	0
2404.600436	0	0
2404.650441	0	0
2404.700446	0	0
2404.750451	0	24
2404.800456	0	80
2404.850461	0	80
2404.900466	0	80
2404.950471	0	80
2405.000476	0	80
2405.050481	0	80
2405.100486	0	80
2405.150491	0	80
2405.200496	0	80
2405.250501	0	80
2405.300506	0	80
2405.350511	0	80
2405.400516	0	80
2405.450521	0	80
2405.500526	0	80
2405.550531	0	80
2405.600536	0	80
2405.650541	0	80
2405.700546	0	80
2405.750551	0	80
2405.800556	0	80
2405.850561	0	80
2405.900566	0	80
2405.950571	0	80
2406.000576	0	0
2406.050581	0	0
2406.100586	0	0
2406.150591	0	0
2406.200596	0	0
2406.250601	0	0
2406.300606	0	0
2406.350611	0	0
2406.400616	0	0
2406.450621	0	0
2406.500626	0	0
2406.550631	0	0
2406.600636	0	0
2406.650641	0	0
2406.700646	0	0
2406.750651	0	0
2406.800656	0	0
2406.850661	0	0
2406.900666	0	0
2406.950671	0	0
2407.000676	0	0
2407.050681	0	0
2407.099686	0	0
2407.149691	0	0
2407.199696	0	0
2407.249701	0	0
2407.299706	0	0
2407.349711	0	0
2407.399716	0	0
2407.449721	0	0
2407.499726	0	0
2407.549731	0	0
2407.599736	0	0
2407.649741	0	0
2407.699746	0	0
2407.749751	0	0
2407.799756	0	0
2407.849761	0	0
2407.899766	0	0
2407.949771	0	0
2407.999776	0	0
2408.049781	0	0
2408.099786	0	0
2408.149791	0	0
2408.199796	0	0
2408.249801	0	0
2408.299806	0	0
2408.349811	0	0
2408.399816	0	0
2408.449821	0	0
2408.499826	0	0
2408.549831	0	0
2408.599836	0	0
2408.649841	0	0
2408.699846	0	0
2408.749851	0	0
2408.799856	0	0
2408.849861	0	0
2408.899866	0	0
2408.949871	0	0
2408.999876	0	0
2409.049881	0	0
2409.099886	0	0
2409.149891	0	0
2409.199896	0	0
2409.249901	0	0
2409.299906	0	0
2409.349911	0	0
2409.399916	0	0
2409.449921	0	0
2409.499926	0	0
2409.549931	0	0
2409.599936	0	0
2409.649941	0	0
2409.699946	0	0
2409.749951	0	0
2409.799956	0	0
2409.849961	0	0
2409.899966	0	0
2409.949971	0	0
2409.999976	0	0
2410.049981	0	0
2410.099986	0	0
2410.149991	0	0
2410.199996	0	0
2410.250001	0	0
2410.300006	0	0
2410.350011	0	0
2410.400016	0	0
2410.450021	0	0
2410.500026	0	0
2410.550031	0	0
2410.600036	0	0
2410.650041	0	0
2410.700046	0	0
2410.750051	0	0
2410.800056	0	0
2410.850061	0	0
2410.900066	0	0
2410.950071	0	0
2411.000076	0	0
2411.050081	0	0
2411.100086	0	0
2411.150091	0	0
2411.200096	0	0
2411.250101	0	0
2411.300106	0	0
2411.350111	0	0
2411.400116	0	0
2411.450121	0	0
2411.500126	0	0
2411.550131	0	0
2411.600136	0	0
2411.650141	0	0
2411.700146	0	0
2411.750151	0	0
2411.800156	0	0
2411.850161	0	0
2411.900166	0	0
2411.950171	0	0
2412.000176	0	0
2412.050181	0	0
2412.100186	0	0
2412.150191	0	0
2412.200196	0	0
2412.250201	0	0
2412.300206	0	0
2412.350211	0	0
2412.400216	0	0
2412.450221	0	0
2412.500226	0	0
2412.550231	0	0
2412.600236	0	0
2412.650241	0	0
2412.700246	0	0
2412.750251	0	0
2412.800256	0	0
2412.850261	0	0
2412.900266	0	0
2412.950271	0	0
2413.000276	0	0
2413.050281	0	0
2413.100286	0	0
2413.150291	0	0
2413.200296	0	0
2413.250301	0	0
2413.300306	0	0
2413.350311	0	0
2413.400316	0	0
2413.450321	0	0
2413.500326	0	0
2413.550331	0	0
2413.600336	0	0
2413.650341	0	0
2413.700346	0	0
2413.750351	0	0
2413.800356	0	0
2413.850361	0	0
2413.900366	0	0
2413.950371	0	0
2414.000376	0	0
2414.050381	0	0
2414.100386	0	0
2414.150391	0	0
2414.200396	0	0
2414.250401	0	0
2414.300406	0	0
2414.350411	0	0
2414.400416	0	0
2414.450421	0	0
2414.500426	0	0
2414.550431	0	0
2414.600436	0	0
2414.650441	0	0
2414.700446	0	0
2414.750451	0	0
2414.800456	0	0
2414.850461	0	0
2414.900466	0	0
2414.950471	0	0
2415.000476	0	0
2415.050481	0	0
2415.100486	0	0
2415.150491	0	0
2415.200496	0	0
2415.250501	0	0
2415.300506	0	0
2415.350511	0	0
2415.400516	0	0
2415.450521	0	0
2415.500526	0	0
2415.550531	0	0
2415.600536	0	0
2415.650541	0	0
2415.700546	0	0
2415.750551	0	0
2415.800556	0	0
2415.850561	0	0
2415.900566	0	0
2415.950571	0	0
2416.138590	0	0
2416.150591	0	0
2416.251601	0	0
2416.299606	0	0
2416.349611	0	0
2416.399616	0	0
2416.449621	0	0
2416.499626	0	0
2416.549631	0	0
2416.599636	0	0
2416.649641	0	0
2416.699646	0	0
2416.749651	0	0
2416.799656	0	0
2416.849661	0	0
2416.899666	0	0
2416.949671	0	0
2416.999676	0	0
2417.049681	0	0
2417.099686	0	0
2417.149691	0	0
2417.199696	0	0
2417.249701	0	0
2417.299706	0	0
2417.349711	0	0
2417.399716	0	0
2417.449721	0	0
2417.499726	0	0
2417.549731	0	0
2417.599736	0	0
2417.649741	0	0
2417.699746	0	0
2417.749751	0	0
2417.799756	0	0
2417.849761	0	0
2417.899766	0	0
2417.949771	0	0
2417.999776	0	0
2418.049781	0	0
2418.099786	0	0
2418.149791	0	0
2418.199796	0	0
2418.249801	0	0
2418.299806	0	0
2418.349811	0	0
2418.399816	0	0
2418.449821	0	0
2418.499826	0	0
2418.549831	0	0
2418.599836	0	0
2418.649841	0	0
2418.699846	0	0
2418.749851	0	0
2418.799856	0	0
2418.849861	0	0
2418.899866	0	0
2418.949871	0	0
2418.999876	0	0
2419.049881	0	0
2419.099886	0	0
2419.149891	0	0
2419.199896	0	0
2419.249901	0	0
2419.299906	0	0
2419.349911	0	0
2419.399916	0	0
2419.449921	0	0
2419.499926	0	0
2419.549931	0	0
2419.599936	0	0
2419.649941	0	0
2419.699946	0	0
2419.749951	0	0
2419.799956	0	0
2419.849961	0	0
2419.899966	0	0
2419.949971	0	0
2419.999976	0	0
2420.049981	0	0
2420.099986	0	0
2420.149991	0	0
2420.199996	0	0
2420.250001	0	0
2420.300006	0	0
2420.350011	0	0
2420.400016	0	0
2420.450021	0	0
2420.500026	0	0
2420.550031	0	0
2420.600036	0	0
2420.650041	0	0
2420.700046	0	0
2420.750051	0	0
2420.800056	0	0
2420.850061	0	0
2420.900066	0	0
2420.950071	0	0
2421.000076	0	0
2421.050081	0	0
2421.100086	0	0
2421.150091	0	0
2421.200096	0	0
2421.250101	0	0
2421.300106	0	0
2421.350111	0	0
2421.400116	0	0
2421.450121	0	0
2421.500126	0	0
2421.550131	0	0
2421.600136	0	0
2421.650141	0	0
2421.700146	0	0
2421.750151	0	0
2421.800156	0	0
2421.850161	0	0
2421.900166	0	0
2421.950171	0	0
2422.000176	0	0
2422.050181	0	0
2422.100186	0	0
2422.150191	0	0
2422.200196	0	0
2422.250201	0	0
2422.300206	0	0
2422.350211	0	0
2422.400216	0	0
2422.450221	0	0
2422.500226	0	0
2422.550231	0	0
2422.600236	0	0
2422.650241	0	0
2422.700246	0	0
2422.750251	0	0
2422.800256	0	0
2422.850261	0	0
2422.900266	0	0
2422.950271	0	0
2423.000276	0	0
2423.050281	0	0
2423.100286	0	0
2423.150291	0	0
2423.200296	0	0
2423.250301	0	0
2423.300306	0	0
2423.350311	0	0
2423.400316	0	0
2423.450321	0	0
2423.500326	0	0
2423.550331	0	0
2423.600336	0	0
2423.650341	0	0
2423.700346	0	0
2423.750351	0	0
2423.800356	0	0
2423.850361	0	0
2423.900366	0	0
2423.950371	0	0
2424.000376	0	0
2424.050381	0	0
2424.100386	0	0
2424.150391	0	0
2424.200396	0	0
2424.250401	0	0
2424.300406	0	0
2424.350411	0	0
2424.400416	0	0
2424.450421	0	0
2424.500426	0	0
2424.550431	0	0
2424.599436	0	0
2424.649441	0	0
2424.699446	0	0
2424.749451	0	0
2424.799456	0	0
2424.849461	0	0
2424.899466	0	0
2424.949471	0	0
2424.999475	0	0
2425.049481	0	0
2425.099486	0	0
2425.149491	0	0
2425.199496	0	0
2425.249501	0	0
2425.299506	0	0
2425.349511	0	0
2425.399516	0	0
2425.449521	0	0
2425.499526	0	0
2425.549531	0	0
2425.599536	0	0
2425.649541	0	0
2425.699546	0	0
2425.749551	0	0
2425.799556	0	0
2425.849561	0	0
2425.899566	0	0
2425.949571	0	0
2425.999576	0	0
2426.049581	0	0
2426.099586	0	0
2426.149590	0	0
2426.199596	0	0
2426.249601	0	0
2426.299606	0	0
2426.349611	0	0
2426.399616	0	0
2426.449621	0	0
2426.499626	0	0
2426.549631	0	0
2426.599636	0	0
2426.649641	0	0
2426.699646	0	0
2426.749650	0	0
2426.799656	0	0
2426.849661	0	0
2426.899666	0	0
2426.949671	0	0
2426.999676	0	0
2427.049681	0	0
2427.099686	0	0
2427.149691	0	0
2427.199696	0	0
2427.249701	0	0
2427.299706	0	0
2427.349711	0	0
2427.399716	0	0
2427.449721	0	0
2427.499726	0	0
2427.549731	0	0
2427.599736	0	0
2427.649741	0	0
2427.699746	0	0
2427.749751	0	0
2427.799756	0	0
2427.849761	0	0
2427.899765	0	0
2427.949771	0	0
2427.999776	0	0
2428.049781	0	0
2428.099786	0	0
2428.149791	0	0
2428.199796	0	0
2428.249801	0	0
2428.299806	0	0
2428.349811	0	0
2428.399816	0	0
2428.449821	0	0
2428.499825	0	0
2428.549831	0	0
2428.599836	0	0
2428.649841	0	0
2428.699846	0	0
2428.749851	0	0
2428.799856	0	0
2428.849861	0	0
2428.899866	0	0
2428.949871	0	0
2428.999876	0	0
2429.049881	0	0
2429.099886	0	0
2429.149891	0	0
2429.199896	0	0
2429.249901	0	0
2429.299906	0	0
2429.349911	0	0
2429.399916	0	0
2429.449921	0	0
2429.499926	0	0
2429.549931	0	0
2429.599936	0	0
2429.649940	0	0
2429.699946	0	0
2429.749951	0	0
2429.799956	0	0
2429.849961	0	0
2429.899966	0	0
2429.949971	0	0
2429.999976	0	0
2430.049981	0	0
2430.099986	0	0
2430.149991	0	0
2430.199996	0	0
2430.250000	0	0
2430.300006	0	0
2430.350011	0	0
2430.400016	0	0
2430.450021	0	0
2430.500026	0	0
2430.550031	0	0
2430.600036	0	0
2430.650041	0	0
2430.700046	0	0
2430.750051	0	0
2430.800056	0	0
2430.850061	0	0
2430.900066	0	0
2430.950071	0	0
2431.000076	0	0
2431.050081	0	0
2431.100086	0	0
2431.150091	0	0
2431.200096	0	0
2431.250101	0	0
2431.300106	0	0
2431.350111	0	0
2431.400115	0	0
2431.450121	0	0
2431.500126	0	0
2431.550131	0	0
2431.600136	0	0
2431.650141	0	0
2431.700146	0	0
2431.750151	0	0
2431.800156	0	0
2431.850161	0	0
2431.900166	0	0
2431.950171	0	0
2432.000176	0	0
2432.050181	0	0
2432.100186	0	0
2432.150191	0	0
2432.200196	0	0
2432.250201	0	0
2432.300206	0	0
2432.350211	0	0
2432.400216	0	0
2432.450221	0	0
2432.500226	0	0
2432.550231	0	0
2432.600236	0	0
2432.650241	0	0
2432.700246	0	0
2432.750251	0	0
2432.800256	0	0
2432.850261	0	0
2432.900266	0	0
2432.950271	0	0
2433.000276	0	0
2433.050281	0	0
2433.100286	0	0
2433.150290	0	0
2433.200296	0	0
2433.250301	0	0
2433.300306	0	0
2433.350311	0	0
2433.400316	0	0
2433.450321	0	0
2433.500326	0	0
2433.550331	0	0
2433.600336	0	0
2433.650341	0	0
2433.700346	0	0
2433.750351	0	0
2433.800356	0	0
2433.850361	0	0
2433.900366	0	0
2433.950371	0	0
2434.000376	0	0
2434.050381	0	0
2434.100386	0	0
2434.150391	0	0
2434.200396	0	0
2434.250401	0	0
2434.300406	0	0
2434.350411	0	0
2434.400416	0	0
2434.450421	0	0
2434.500426	0	0
2434.550431	0	0
2434.600436	0	0
2434.650441	0	0
2434.700446	0	0
2434.750451	0	0
2434.800456	0	0
2434.850461	0	0
2434.900465	0	0
2434.950471	0	0
2435.000476	0	0
2435.050481	0	0
2435.100486	0	0
2435.150491	0	0
2435.200496	0	0
2435.250501	0	0
2435.300506	0	0
2435.350511	0	0
2435.400516	0	0
2435.450521	0	0
2435.500526	0	0
2435.550531	0	0
2435.600536	0	0
2435.650541	0	0
2435.700546	0	0
2435.750551	0	0
2435.800556	0	0
2435.850561	0	0
2435.900566	0	0
2435.950571	0	0
2436.000576	0	0
2436.050581	0	0
2436.100586	0	0
2436.150591	0	0
2436.200596	0	0
2436.250601	0	0
2436.300606	0	0
2436.350611	0	0
2436.400616	0	0
2436.450621	0	0
2436.500626	0	0
2436.550631	0	0
2436.600636	0	0
2436.650640	0	0
2436.700646	0	0
2436.750651	0	0
2436.800656	0	0
2436.850661	0	0
2436.900666	0	0
2436.950671	0	0
2437.000676	0	0
2437.050681	0	0
2437.100686	0	0
2437.150691	0	0
2437.200696	0	0
2437.250701	0	0
2437.300706	0	0
2437.350711	0	0
2437.400716	0	0
2437.450721	0	0
2437.500726	0	0
2437.550731	0	0
2437.600736	0	0
2437.650741	0	0
2437.700746	0	0
2437.750751	0	0
2437.800756	0	0
2437.850761	0	0
2437.900766	0	0
2437.950771	0	0
2438.000776	0	0
2438.050781	0	0
2438.100786	0	0
2438.150791	0	0
2438.200796	0	0
2438.250801	0	0
2438.300806	0	0
2438.350811	0	0
2438.400815	0	0
2438.450821	0	0
2438.500826	0	0
2438.550831	0	0
2438.600836	0	0
2438.650841	0	0
2438.700846	0	0
2438.750851	0	0
2438.800856	0	0
2438.850861	0	0
2438.900866	0	0
2438.950871	0	0
2439.000876	0	0
2439.050881	0	0
2439.100886	0	0
2439.150891	0	0
2439.200896	0	0
2439.250901	0	0
2439.300906	0	0
2439.350911	0	0
2439.400916	0	0
2439.450921	0	0
2439.500926	0	0
2439.550931	0	0
2439.600936	0	0
2439.650941	0	0
2439.700946	0	0
2439.750951	0	0
2439.800956	0	0
2439.850961	0	0
2439.900966	0	0
2439.950971	0	0
2440.000976	0	0
2440.050981	0	0
2440.100986	0	0
2440.150990	0	0
2440.200996	0	0
2440.251001	0	0
2440.301006	0	0
2440.351011	0	0
2440.401016	0	0
2440.451021	0	0
2440.501026	0	0
2440.551031	0	0
2440.601036	0	0
2440.651041	0	0
2440.701046	0	0
2440.751051	0	0
2440.801056	0	0
2440.851061	0	0
2440.901066	0	0
2440.951071	0	0
2441.001076	0	0
2441.051081	0	0
2441.101086	0	0
2441.151091	0	0
2441.201096	0	0
2441.251101	0	0
2441.301105	0	0
2441.351111	0	0
2441.401116	0	0
2441.451121	0	0
2441.501126	0	0
2441.551131	0	0
2441.601136	0	0
2441.651141	0	0
2441.701146	0	0
2441.751151	0	0
2441.801156	0	0
2441.851161	0	0
2441.901165	0	0
2441.951171	0	0
2442.001176	0	0
2442.050180	0	0
2442.100185	0	0
2442.150191	0	0
2442.200196	0	0
2442.250201	0	0
2442.300206	0	0
2442.350211	0	0
2442.400216	0	0
2442.450221	0	0
2442.500226	0	0
2442.550231	0	0
2442.600235	0	0
2442.650240	0	0
2442.700245	0	0
2442.750251	0	0
2442.800256	0	0
2442.850261	0	0
2442.900266	0	0
2442.950271	0	0
2443.000276	0	0
2443.050281	0	0
2443.100286	0	0
2443.150290	0	0
2443.200295	0	0
2443.250300	0	0
2443.300306	0	0
2443.350311	0	0
2443.400316	0	0
2443.450321	0	0
2443.500326	0	0
2443.550331	0	0
2443.600336	0	0
2443.650341	0	0
2443.700346	0	0
2443.750350	0	0
2443.800355	0	0
2443.850360	0	0
2443.900366	0	0
2443.950371	0	0
2444.000376	0	0
2444.050381	0	0
2444.100386	0	0
2444.150391	0	0
2444.200396	0	0
2444.250401	0	0
2444.300406	0	0
2444.350410	0	0
2444.400415	0	0
2444.450420	0	0
2444.500426	0	0
2444.550431	0	0
2444.600436	0	0
2444.650441	0	0
2444.700446	0	0
2444.750451	0	0
2444.800456	0	0
2444.850461	0	0
2444.900465	0	0
2444.950470	0	0
2445.000475	0	0
2445.050481	0	0
2445.100486	0	0
2445.150491	0	0
2445.200496	0	0
2445.250501	0	0
2445.300506	0	0
2445.350511	0	0
2445.400516	0	0
2445.450521	0	0
2445.500525	0	0
2445.550530	0	0
2445.600535	0	0
2445.650541	0	0
2445.700546	0	0
2445.750551	0	0
2445.800556	0	0
2445.850561	0	0
2445.900566	0	0
2445.950571	0	0
2446.000576	0	0
2446.050581	0	0
2446.100585	0	0
2446.150590	0	0
2446.200595	0	0
2446.250601	0	0
2446.300606	0	0
2446.350611	0	0
2446.400616	0	0
2446.450621	0	0
2446.500626	0	0
2446.550631	0	0
2446.600636	0	0
2446.650640	0	0
2446.700645	0	0
2446.750650	0	0
2446.800656	0	0
2446.850661	0	0
2446.900666	0	0
2446.950671	0	0
2447.000676	0	0
2447.050681	0	0
2447.100686	0	0
2447.150691	0	0
2447.200696	0	0
2447.250700	0	0
2447.300705	0	0
2447.350710	0	0
2447.400716	0	0
2447.450721	0	0
2447.500726	0	0
2447.550731	0	0
2447.600736	0	0
2447.650741	0	0
2447.700746	0	0
2447.750751	0	0
2447.800756	0	0
2447.850760	0	0
2447.900765	0	0
2447.950770	0	0
2448.000776	0	0
2448.050781	0	0
2448.100786	0	0
2448.150791	0	0
2448.200796	0	0
2448.250801	0	0
2448.300806	0	0
2448.350811	0	0
2448.400815	0	0
2448.450820	0	0
2448.500825	0	0
2448.550831	0	0
2448.600836	0	0
2448.650841	0	0
2448.700846	0	0
2448.750851	0	0
2448.800856	0	0
2448.850861	0	0
2448.900866	0	0
2448.950871	0	0
2449.000875	0	0
2449.050880	0	0
2449.100885	0	0
2449.150891	0	0
2449.200896	0	0
2449.250901	0	0
2449.300906	0	0
2449.350911	0	0
2449.400916	0	0
2449.450921	0	0
2449.500926	0	0
2449.550931	0	0
2449.600935	0	0
2449.650940	0	0
2449.700945	0	0
2449.750951	0	0
2449.800956	0	0
2449.850961	0	0
2449.900966	0	0
2449.950971	0	0
2450.000976	0	0
2450.050981	0	0
2450.100986	0	0
2450.150990	0	0
2450.200995	0	0
2450.251000	0	0
2450.301006	0	0
2450.351011	0	0
2450.401016	0	0
2450.451021	0	0
2450.501026	0	0
2450.551031	0	0
2450.601036	0	0
2450.651041	0	0
2450.701046	0	0
2450.751050	0	0
2450.801055	0	0
2450.851060	0	0
2450.901066	0	0
2450.951071	0	0
2451.001076	0	0
2451.051081	0	0
2451.101086	0	0
2451.151091	0	0
2451.201096	0	0
2451.251101	0	0
2451.301105	0	0
2451.351110	0	0
2451.401115	0	0
2451.451121	0	0
2451.501126	0	0
