0.000000	0	1424
0.199020	0	1424
0.239024	0	1424
0.289029	0	1424
0.339034	0	1424
0.389039	0	1424
0.439044	0	1424
0.489049	0	1424
0.539054	0	1424
0.589059	0	1424
0.639064	0	1424
0.689069	0	1424
0.739074	0	1424
0.789079	0	1424
0.839084	0	1424
0.889089	0	1424
0.939094	0	1424
0.989099	0	1424
1.039104	0	1424
1.089109	0	1424
1.139114	0	1424
1.189119	0	1424
1.239124	0	1424
1.289129	0	1424
1.339134	0	1424
1.389139	0	1424
1.439144	0	1424
1.489149	0	1424
1.539154	0	1424
1.589159	0	1424
1.639164	0	1424
1.689169	0	1424
1.739174	0	1424
1.789179	0	1424
1.839184	0	1424
1.889189	0	1424
1.939194	0	1424
1.989199	0	1424
2.039204	0	1424
2.089209	0	1424
2.139214	0	1424
2.189219	0	1440
2.239224	-96	1576
2.289229	-96	1640
2.339234	-96	1660
2.389239	-96	1716
2.439244	-96	1764
2.489249	-96	1776
2.539254	-96	1816
2.589259	-96	1844
2.639264	-96	1852
2.689269	-96	1868
2.739274	-96	1868
2.789279	-96	1868
2.839284	-96	1868
2.889289	-96	1868
2.939294	-96	1868
2.989299	-96	1868
3.039304	-96	1868
3.089309	-96	1868
3.139314	-96	1868
3.189319	-96	1868
3.239324	-96	1868
3.289329	-96	1868
3.339334	-96	1868
3.389339	-96	1868
3.439344	-96	1868
3.489349	-96	1868
3.539354	-96	1868
3.589359	-96	1868
3.639364	-96	1868
3.689369	-96	1868
3.739374	-96	1868
3.789379	-96	1868
3.839384	-96	1868
3.889389	-96	1868
3.939394	-96	1868
3.989399	-96	1868
4.039404	-96	1868
4.089409	-96	1868
4.139414	-96	1868
4.189419	-96	1868
4.239424	-96	1868
4.289429	-96	1868
4.339434	-96	1868
4.389439	-96	1868
4.439444	-96	1868
4.489449	-96	1868
4.539454	-96	1868
4.589459	-96	1868
4.639464	-96	1868
4.689469	-96	1868
4.739474	-96	1868
4.789479	-96	1872
4.839484	-96	1888
4.889489	-96	1888
4.939494	-96	1892
4.989499	-96	1932
5.039504	-96	1932
5.101510	-96	1932
5.140514	-96	1944
5.190519	-96	1944
5.240524	-96	1944
5.290529	-96	1964
5.340534	-96	1972
5.390539	-96	1972
5.440544	-96	1972
5.490549	-96	1972
5.540554	-96	2000
5.590559	-96	2000
5.640564	-96	2000
5.690569	-96	2000
5.740574	-96	2012
5.790579	-96	2012
5.840584	-96	2024
5.890589	-96	2024
5.940594	-96	2024
5.990599	-96	2024
6.040604	-96	2024
6.090609	-96	2024
6.140614	-96	2024
6.190619	-96	2024
6.240624	-96	2024
6.290629	-96	2024
6.340634	-96	2024
6.390639	-96	2028
6.440644	-96	2032
6.490649	-96	2044
6.540654	-96	2048
6.590659	-96	2068
6.640664	-96	2076
6.690669	-96	2084
6.740674	-96	2084
6.790679	-96	2104
6.840684	-96	2104
6.890689	-96	2108
6.940694	-96	2116
6.990699	-96	2136
7.040704	-96	2136
7.090709	-96	2136
7.140714	-96	2148
7.190719	-96	2148
7.240724	-96	2148
7.290729	-96	2148
7.340734	-96	2148
7.390739	-96	2148
7.440744	-96	2148
7.490749	-96	2148
7.540754	-96	2148
7.590759	-96	2148
7.640764	-96	2148
7.690769	-96	2148
7.740774	-96	2148
7.790779	-96	2148
7.840784	-96	2148
7.890789	-96	2148
7.940794	-96	2148
7.990799	-96	2148
8.040804	-96	2148
8.090809	-96	2148
8.140814	-96	2148
8.190819	-96	2156
8.240824	-96	2156
8.290829	-96	2156
8.340834	-96	2156
8.390839	-96	2156
8.440844	-96	2156
8.490849	-96	2156
8.540854	-96	2156
8.590859	-96	2156
8.640864	-96	2156
8.690869	-96	2156
8.740874	-96	2156
8.790879	-96	2156
8.840884	-96	2156
8.889889	-96	2156
8.939894	-96	2156
8.989899	-96	2156
9.039904	-96	2156
9.089909	-96	2156
9.139914	-96	2156
9.189919	-96	2156
9.239924	-96	2156
9.289929	-96	2156
9.339934	-96	2156
9.389939	-96	2156
9.439944	-96	2156
9.489949	-96	2156
9.539954	-96	2156
9.589959	-96	2156
9.639964	-96	2156
9.689969	-96	2156
9.739974	-96	2156
9.789979	-96	2156
9.839984	-96	2156
9.889989	-96	2156
9.939994	-96	2156
9.989999	-96	2156
10.040004	-96	2156
10.090009	-96	2156
10.140014	-96	2156
10.190019	-96	2156
10.240024	-96	2156
10.290029	-96	2156
10.340034	-96	2156
10.390039	-96	2156
10.440044	-96	2156
10.490049	-96	2156
10.540054	-96	2156
10.590059	-96	2156
10.640064	-96	2156
10.690069	-96	2156
10.740074	-96	2156
10.790079	-96	2156
10.840084	-96	2156
10.890089	-96	2156
10.940094	-96	2156
10.990099	-96	2156
11.040104	-96	2156
11.090109	-96	2156
11.140114	-96	2156
11.190119	-96	2156
11.240124	-96	2156
11.290129	-96	2156
11.340134	-96	2156
11.390139	-96	2156
11.440144	-96	2156
11.490149	-96	2156
11.540154	-96	2156
11.590159	-96	2156
11.640164	-96	2156
11.690169	-96	2156
11.740174	-96	2156
11.790179	-96	2156
11.840184	-96	2156
11.890189	-96	2156
11.940194	-96	2156
11.990199	-96	2156
12.040204	-96	2156
12.090209	-96	2156
12.140214	-96	2156
12.190219	-96	2156
12.240224	-96	2156
12.290229	-96	2156
12.340234	-96	2156
12.390239	-96	2156
12.440244	-96	2156
12.490249	-96	2156
12.540254	-96	2156
12.590259	-96	2156
12.640264	-96	2156
12.690269	-96	2156
12.740274	-96	2156
12.790279	-96	2156
12.840284	-96	2156
12.890289	-96	2156
12.940294	-96	2156
12.990299	-96	2156
13.040304	-96	2156
13.090309	-96	2156
13.140314	-96	2156
13.190319	-96	2156
13.240324	-96	2156
13.290329	-96	2156
13.340334	-96	2156
13.390339	-96	2156
13.440344	-96	2156
13.490349	-96	2156
13.540354	-96	2156
13.590359	-96	2156
13.640364	-96	2156
13.690369	-96	2156
13.740374	-96	2156
13.790379	-96	2156
13.840384	-96	2156
13.890389	-96	2156
13.940394	-96	2156
13.990399	-96	2156
14.040404	-96	2156
14.090409	-96	2156
14.140414	-96	2156
14.190419	-96	2156
14.240424	-96	2156
14.290429	-96	2156
14.340434	-96	2156
14.390439	-96	2156
14.440444	-96	2156
14.490449	-96	2156
14.540454	-96	2156
14.590459	-96	2156
14.640464	-96	2156
14.690469	-96	2156
14.740474	-96	2156
14.790479	-96	2156
14.840484	-96	2156
14.893489	-96	2156
14.940494	-96	2156
14.990499	-96	2156
15.040504	-96	2156
15.090509	-96	2156
15.140514	-96	2156
15.190519	-96	2156
15.240524	-96	2156
15.290529	-96	2156
15.340534	-96	2156
15.390539	-96	2156
15.440544	-96	2156
15.490549	-96	2156
15.540554	-96	2156
15.590559	-96	2156
15.640564	-96	2156
15.690569	-96	2156
15.740574	-96	2156
15.790579	-96	2156
15.840584	-96	2156
15.890589	-96	2156
15.940594	-96	2156
15.990599	-96	2156
16.040604	-96	2156
16.090609	-96	2156
16.140614	-96	2156
16.190619	-96	2156
16.240624	-96	2156
16.290629	-96	2156
16.340634	-96	2156
16.390639	-96	2156
16.440644	-96	2156
16.490649	-96	2156
16.540654	-96	2156
16.590659	-96	2156
16.640664	-96	2156
16.690669	-96	2156
16.740674	-96	2156
16.790679	-96	2156
16.840684	-96	2156
16.890689	-96	2156
16.940694	-96	2156
16.990699	-96	2156
17.040704	-96	2156
17.090709	-96	2156
17.140714	-96	2156
17.190719	-96	2156
17.240724	-96	2156
17.290729	-96	2156
17.340734	-96	2168
17.390739	-96	2168
17.440744	-96	2168
17.490749	-96	2200
17.540754	-96	2204
17.590759	-96	2208
17.640764	-100	2232
17.690769	-100	2232
17.740774	-116	2236
17.790779	-116	2240
17.840784	-116	2240
17.890789	-116	2244
17.940794	-116	2244
17.990799	-116	2252
18.040804	-116	2256
18.090809	-116	2256
18.140814	-116	2256
18.190819	-116	2260
18.240824	-116	2260
18.290829	-116	2260
18.340834	-116	2260
18.390839	-116	2276
18.440844	-116	2276
18.490849	-116	2300
18.540854	-116	2300
18.590859	-116	2300
18.640864	-116	2300
18.690869	-116	2300
18.740874	-116	2300
18.790879	-116	2300
18.840884	-116	2300
18.890889	-116	2300
18.940894	-116	2300
18.990899	-116	2300
19.040904	-116	2300
19.090909	-116	2300
19.140914	-116	2300
19.190919	-116	2300
19.240924	-116	2300
19.290929	-116	2300
19.340934	-116	2300
19.390939	-116	2300
19.440944	-116	2300
19.490949	-116	2300
19.540954	-116	2300
19.590959	-116	2300
19.640964	-116	2300
19.690969	-116	2300
19.740974	-116	2300
19.790979	-116	2300
19.840984	-116	2300
19.890989	-116	2300
19.940994	-116	2300
19.990999	-116	2300
20.041004	-116	2300
20.091009	-116	2300
20.141014	-116	2300
20.191019	-116	2300
20.241024	-116	2300
20.291029	-116	2304
20.341034	-116	2304
20.391039	-116	2308
20.441044	-116	2316
20.491049	-116	2320
20.541054	-116	2332
20.591059	-116	2360
20.641064	-116	2376
20.691069	-116	2388
20.741074	-116	2404
20.791079	-116	2404
20.841084	-116	2404
20.891089	-116	2404
20.941094	-116	2404
20.991099	-116	2404
21.041104	-116	2404
21.091109	-116	2404
21.141114	-128	2404
21.191119	-128	2404
21.241124	-128	2404
21.291129	-128	2404
21.341134	-128	2404
21.391139	-128	2404
21.441144	-128	2404
21.491149	-148	2404
21.541154	-148	2404
21.591159	-148	2404
21.641164	-148	2404
21.691169	-148	2404
21.741174	-148	2404
21.791179	-148	2404
21.841184	-148	2404
21.891189	-148	2404
21.941194	-148	2404
21.991199	-148	2404
22.041204	-148	2408
22.091209	-148	2408
22.141214	-148	2408
22.191219	-148	2408
22.241224	-148	2416
22.291229	-148	2416
22.341234	-148	2416
22.391239	-148	2424
22.441244	-148	2428
22.491249	-148	2428
22.541254	-148	2460
22.591259	-148	2464
22.641264	-148	2468
22.691269	-148	2468
22.741274	-148	2492
22.791279	-148	2492
22.841284	-148	2496
22.891289	-148	2496
22.941294	-148	2504
22.991299	-148	2504
23.041304	-148	2504
23.091309	-148	2520
23.141314	-148	2520
23.191319	-148	2524
23.241324	-148	2524
23.291329	-148	2524
23.341334	-148	2524
23.391339	-148	2524
23.441344	-148	2524
23.491349	-148	2524
23.541354	-148	2532
23.591359	-148	2532
23.641364	-148	2532
23.691369	-148	2532
23.741374	-148	2532
23.791379	-148	2540
23.841384	-148	2540
23.891389	-148	2540
23.941394	-148	2540
23.991399	-148	2552
24.041404	-148	2552
24.091409	-148	2552
24.141414	-148	2552
24.191419	-148	2552
24.241424	-148	2552
24.291429	-148	2552
24.341434	-148	2552
24.391439	-148	2552
24.441444	-148	2552
24.491449	-148	2560
24.541454	-148	2560
24.591459	-148	2564
24.641464	-148	2572
24.691469	-148	2572
24.741474	-148	2572
24.791479	-148	2580
24.841484	-148	2592
24.897490	-148	2608
24.941494	-148	2608
24.991499	-148	2608
25.041504	-148	2608
25.091509	-148	2608
25.141514	-148	2608
25.191519	-148	2608
25.241524	-148	2608
25.291529	-148	2608
25.341534	-148	2608
25.391539	-148	2608
25.441544	-148	2608
25.491549	-148	2608
25.541554	-148	2608
25.591559	-148	2608
25.641564	-148	2608
25.691569	-148	2608
25.741574	-148	2608
25.791579	-148	2608
25.841584	-148	2608
25.891589	-148	2608
25.941594	-148	2608
25.991599	-148	2608
26.041604	-148	2608
26.091609	-148	2608
26.141614	-148	2608
26.191619	-148	2608
26.241624	-148	2608
26.291629	-148	2608
26.340634	-148	2608
26.390639	-148	2608
26.440644	-148	2608
26.490649	-148	2608
26.540654	-148	2608
26.590659	-148	2608
26.640664	-148	2608
26.690669	-148	2608
26.740674	-148	2608
26.790679	-148	2608
26.840683	-148	2608
26.890688	-148	2608
26.940694	-148	2608
26.990699	-148	2608
27.040704	-148	2608
27.090709	-148	2608
27.140714	-148	2608
27.190719	-148	2608
27.240724	-148	2608
27.290729	-148	2608
27.340734	-148	2608
27.390738	-148	2608
27.440743	-148	2608
27.490749	-148	2608
27.540754	-148	2608
27.590759	-148	2608
27.640764	-148	2608
27.690769	-148	2608
27.740774	-148	2608
27.790779	-148	2608
27.840784	-148	2608
27.890789	-148	2608
27.940794	-148	2608
27.990798	-148	2608
28.040803	-148	2608
28.090809	-148	2608
28.140814	-148	2608
28.190819	-148	2608
28.240824	-148	2608
28.290829	-148	2608
28.340834	-148	2608
28.390839	-148	2608
28.440844	-148	2608
28.490849	-148	2608
28.540854	-148	2608
28.590858	-148	2608
28.640864	-148	2608
28.690869	-148	2608
28.740874	-148	2608
28.790879	-148	2608
28.840884	-148	2608
28.890889	-148	2608
28.940894	-148	2608
28.990899	-148	2608
29.040904	-148	2608
29.090909	-148	2608
29.140913	-148	2608
29.190918	-148	2608
29.240924	-148	2608
29.290929	-148	2608
29.340934	-148	2608
29.390939	-148	2608
29.440944	-148	2608
29.490949	-148	2608
29.540954	-148	2608
29.590959	-148	2608
29.640964	-148	2608
29.690969	-148	2608
29.740973	-148	2608
29.790978	-148	2608
29.840984	-148	2608
29.890989	-148	2608
29.940994	-148	2608
29.990999	-148	2608
30.041004	-148	2608
30.091009	-148	2608
30.141014	-148	2608
30.191019	-148	2608
30.241024	-148	2608
30.291028	-148	2608
30.341033	-148	2608
30.391039	-148	2608
30.441044	-148	2608
30.491049	-148	2608
30.541054	-148	2608
30.591059	-148	2608
30.641064	-148	2608
30.691069	-148	2608
30.741074	-148	2608
30.791079	-148	2608
30.841084	-148	2608
30.891088	-148	2608
30.941093	-148	2608
30.991099	-148	2608
31.041104	-148	2608
31.091109	-148	2608
31.141114	-148	2608
31.191119	-148	2608
31.241124	-148	2608
31.291129	-148	2608
31.341134	-148	2608
31.391139	-148	2608
31.441144	-148	2608
31.491148	-148	2608
31.541153	-148	2608
31.591159	-148	2608
31.641164	-148	2608
31.691169	-148	2608
31.741174	-148	2608
31.791179	-148	2608
31.841184	-148	2608
31.891189	-148	2608
31.941194	-148	2608
31.991199	-148	2608
32.041203	-148	2608
32.091208	-148	2608
32.141214	-148	2608
32.191219	-148	2608
32.241224	-148	2608
32.291229	-148	2608
32.341234	-148	2608
32.391239	-148	2608
32.441244	-148	2608
32.491249	-148	2608
32.541254	-148	2608
32.591259	-148	2608
32.641263	-148	2608
32.691268	-148	2608
32.741274	-148	2608
32.791279	-148	2608
32.841284	-148	2608
32.891289	-148	2608
32.941294	-148	2608
32.991299	-148	2608
33.041304	-148	2608
33.091309	-148	2608
33.141314	-148	2608
33.191319	-148	2608
33.241323	-148	2608
33.291328	-148	2608
33.341334	-148	2608
33.391339	-148	2608
33.441344	-148	2608
33.491349	-148	2608
33.541354	-148	2608
33.591359	-148	2608
33.641364	-148	2608
33.691369	-148	2608
33.741374	-148	2608
33.791378	-148	2608
33.841383	-148	2608
33.891389	-148	2608
33.941394	-148	2608
33.991399	-148	2608
34.041404	-148	2608
34.091409	-148	2608
34.141414	-148	2608
34.191419	-148	2608
34.241424	-148	2608
34.291429	-148	2608
34.341434	-148	2608
34.391438	-148	2608
34.441443	-148	2608
34.491449	-148	2608
34.541454	-148	2608
34.591459	-148	2608
34.641464	-148	2608
34.691469	-148	2608
34.741474	-148	2608
34.791479	-148	2608
34.841484	-148	2608
34.891489	-148	2608
34.941494	-148	2608
34.991498	-148	2608
35.041503	-148	2608
35.091509	-148	2608
35.141514	-148	2608
35.191519	-148	2608
35.241524	-148	2608
35.291529	-148	2608
35.341534	-148	2608
35.391539	-148	2608
35.441544	-148	2608
35.491549	-148	2608
35.541553	-148	2608
35.591558	-148	2608
35.641564	-148	2608
35.691569	-148	2608
35.741574	-148	2608
35.791579	-148	2608
35.841584	-148	2608
35.891589	-148	2608
35.941594	-148	2608
35.991599	-148	2608
36.041604	-148	2608
36.091609	-148	2608
36.141613	-148	2608
36.191618	-148	2608
36.241624	-148	2608
36.291629	-148	2608
36.341634	-148	2608
36.391639	-148	2608
36.441644	-148	2608
36.491649	-148	2608
36.541654	-148	2608
36.591659	-148	2608
36.641664	-148	2608
36.691669	-148	2608
36.741673	-148	2608
36.791678	-148	2608
36.841684	-148	2608
36.891689	-148	2608
36.941694	-148	2608
36.991699	-148	2608
37.041704	-148	2608
37.091709	-148	2608
37.141714	-148	2608
37.191719	-148	2608
37.241724	-148	2608
37.291728	-148	2608
37.341733	-148	2608
37.391739	-148	2608
37.441744	-148	2608
37.491749	-148	2608
37.541754	-148	2608
37.591759	-148	2608
37.641764	-148	2608
37.691769	-148	2608
37.741774	-148	2608
37.791779	-148	2608
37.841784	-148	2608
37.891788	-148	2608
37.941793	-148	2608
37.991799	-148	2608
38.041804	-148	2608
38.091809	-148	2608
38.141814	-148	2608
38.191819	-148	2608
38.241824	-148	2608
38.291829	-148	2608
38.341834	-148	2608
38.391839	-148	2608
38.441844	-148	2608
38.491848	-148	2608
38.541853	-148	2608
38.591859	-148	2608
38.641864	-148	2608
38.691869	-148	2608
38.741874	-148	2608
38.791879	-148	2608
38.841884	-148	2608
38.891889	-148	2608
38.941894	-148	2608
38.991899	-148	2608
39.041903	-148	2608
39.091908	-148	2608
39.141914	-148	2608
39.191919	-148	2608
39.241924	-148	2608
39.291929	-148	2608
39.341934	-148	2608
39.391939	-148	2608
39.441944	-148	2608
39.491949	-148	2608
39.541954	-148	2608
39.591959	-148	2608
39.641963	-148	2608
39.691968	-148	2608
39.741974	-148	2608
39.791979	-148	2608
39.841984	-148	2608
39.891989	-148	2608
39.941994	-148	2608
39.991999	-148	2608
40.042004	-148	2608
40.092009	-148	2608
40.142014	-148	2608
40.192019	-148	2608
40.242023	-148	2608
40.292028	-148	2608
40.342034	-148	2608
40.392039	-148	2608
40.442044	-148	2608
40.492049	-148	2608
40.542054	-148	2608
40.592059	-148	2608
40.642064	-148	2608
40.692069	-148	2608
40.742074	-148	2608
40.792078	-148	2608
40.842083	-148	2608
40.892089	-148	2608
40.942094	-148	2608
40.992099	-148	2608
41.042104	-148	2608
41.092109	-148	2608
41.142114	-148	2608
41.192119	-148	2608
41.242124	-148	2608
41.292129	-148	2608
41.342134	-148	2608
41.392138	-148	2608
41.442143	-148	2608
41.492149	-148	2608
41.542154	-148	2608
41.592159	-148	2608
41.642164	-148	2608
41.692169	-148	2608
41.742174	-148	2608
41.792179	-148	2608
41.842184	-148	2608
41.892189	-148	2608
41.942194	-148	2608
41.992198	-148	2608
42.042203	-148	2608
42.092209	-148	2608
42.142214	-148	2608
42.192219	-148	2608
42.242224	-148	2608
42.292229	-148	2608
42.342234	-148	2608
42.392239	-148	2608
42.442244	-148	2608
42.492249	-148	2608
42.542253	-148	2608
42.592258	-148	2608
42.642264	-148	2608
42.692269	-148	2608
42.742274	-148	2608
42.792279	-148	2608
42.842284	-148	2608
42.892289	-148	2608
42.942294	-148	2608
42.992299	-148	2608
43.042304	-148	2608
43.092309	-148	2608
43.142313	-148	2608
43.192318	-148	2608
43.242324	-148	2608
43.292329	-148	2608
43.342334	-148	2608
43.392339	-148	2608
43.442344	-148	2608
43.492349	-148	2608
43.542354	-148	2608
43.592359	-148	2608
43.642364	-148	2608
43.692369	-148	2608
43.742373	-148	2608
43.792378	-148	2608
43.841383	-148	2608
43.891388	-148	2608
43.941393	-148	2608
43.991398	-148	2608
44.041404	-148	2608
44.091409	-148	2608
44.141414	-148	2608
44.191419	-148	2608
44.241424	-148	2608
44.291429	-148	2608
44.341434	-148	2608
44.391438	-148	2608
44.441443	-148	2608
44.491448	-148	2608
44.541453	-148	2608
44.591458	-148	2608
44.641464	-148	2608
44.691469	-148	2608
44.741474	-148	2608
44.791479	-148	2608
44.841484	-148	2608
44.891489	-148	2608
44.941494	-148	2608
44.991498	-148	2608
45.041503	-148	2608
45.091508	-148	2608
45.141513	-148	2608
45.191519	-148	2608
45.241524	-148	2608
45.291529	-148	2608
45.341534	-148	2608
45.391539	-148	2608
45.441544	-148	2608
45.491549	-148	2608
45.541553	-148	2608
45.591558	-148	2608
45.641563	-148	2608
45.691568	-148	2608
45.742574	-148	2608
45.791579	-148	2608
45.841584	-148	2608
45.891589	-148	2608
45.941594	-148	2608
45.991599	-148	2608
46.041604	-148	2608
46.091609	-148	2608
46.141613	-148	2608
46.191618	-148	2608
46.241623	-148	2608
46.291628	-148	2608
46.341633	-148	2608
46.391639	-148	2608
46.441644	-148	2608
46.491649	-148	2608
46.541654	-148	2608
46.591659	-148	2608
46.641664	-148	2608
46.691669	-148	2608
46.741673	-148	2608
46.791678	-148	2608
46.841683	-148	2608
46.891688	-148	2608
46.941694	-148	2608
46.991699	-148	2608
47.041704	-148	2608
47.091709	-148	2608
47.141714	-148	2608
47.191719	-148	2608
47.241724	-148	2608
47.291728	-148	2608
47.341733	-148	2608
47.391738	-148	2608
47.441743	-148	2608
47.491748	-148	2608
47.541754	-148	2608
47.591759	-148	2608
47.641764	-148	2608
47.691769	-148	2608
47.741774	-148	2608
47.791779	-148	2608
47.841784	-148	2608
47.891788	-148	2608
47.941793	-148	2608
47.991798	-148	2608
48.041803	-148	2608
48.091808	-148	2608
48.141814	-148	2608
48.191819	-148	2608
48.241824	-148	2608
48.291829	-148	2608
48.341834	-148	2608
48.391839	-148	2608
48.441844	-148	2608
48.491848	-148	2608
48.541853	-148	2608
48.591858	-148	2608
48.641863	-148	2608
48.691869	-148	2608
48.741874	-148	2608
48.791879	-148	2608
48.841884	-148	2608
48.891889	-148	2608
48.941894	-148	2608
48.991899	-148	2608
49.041903	-148	2608
49.091908	-148	2608
49.141913	-148	2608
49.191918	-148	2608
49.241923	-148	2608
49.291929	-148	2608
49.341934	-148	2608
49.391939	-148	2608
49.441944	-148	2608
49.491949	-148	2608
49.541954	-148	2608
49.591959	-148	2608
49.641963	-148	2608
49.691968	-148	2608
49.741973	-148	2608
49.791978	-148	2608
49.841984	-148	2608
49.891989	-148	2608
49.941994	-148	2608
49.991999	-148	2608
50.042004	-148	2608
50.092009	-148	2608
50.142014	-148	2608
50.192019	-148	2608
50.242023	-148	2608
50.292028	-148	2608
50.342033	-148	2608
50.392038	-148	2608
50.442044	-148	2608
50.492049	-148	2608
50.542054	-148	2608
50.592059	-148	2608
50.642064	-148	2608
50.692069	-148	2608
50.742074	-148	2608
50.792078	-148	2608
50.842083	-148	2608
50.892088	-148	2608
50.942093	-148	2608
50.992098	-148	2608
51.042104	-148	2608
51.092109	-140	2608
51.142114	-140	2608
51.192119	-136	2608
51.242124	-116	2608
51.292129	-112	2608
51.342134	-112	2608
51.392138	-100	2608
51.442143	-100	2608
51.492148	-68	2608
51.542153	-56	2608
51.592159	-48	2608
51.642164	-36	2608
51.692169	-8	2608
51.742174	33	2608
51.792179	33	2608
51.842184	53	2608
51.892189	53	2608
51.942194	77	2608
51.992198	117	2608
52.042203	133	2608
52.092208	185	2608
52.142213	229	2608
52.192219	245	2608
52.242224	265	2608
52.292229	269	2608
52.342234	285	2608
52.392239	309	2608
52.442244	313	2608
52.492249	313	2608
52.542253	321	2608
52.592258	329	2608
52.642263	329	2608
52.692268	329	2608
52.742273	329	2608
52.792279	329	2608
52.842284	329	2608
52.892289	329	2608
52.942294	329	2608
52.992299	329	2608
53.042304	345	2608
53.092309	345	2608
53.142313	345	2608
53.192318	353	2608
53.242323	357	2608
53.292328	365	2608
53.342334	373	2608
53.392339	381	2608
53.442344	397	2608
53.492349	409	2608
53.542354	409	2608
53.592359	409	2608
53.642364	413	2608
53.692369	445	2608
53.742373	445	2608
53.792378	453	2608
53.842383	457	2608
53.892388	457	2608
53.942394	461	2608
53.992399	489	2608
54.042404	489	2608
54.092409	489	2608
54.142414	489	2608
54.192419	489	2608
54.242424	513	2608
54.292428	565	2608
54.342433	565	2608
54.392438	597	2608
54.442443	613	2608
54.492448	625	2608
54.542454	669	2608
54.592459	685	2608
54.642464	733	2608
54.692469	745	2608
54.744474	793	2608
54.792479	817	2608
54.842484	845	2608
54.910491	857	2608
54.962495	881	2608
54.992498	881	2608
55.042503	913	2608
55.092509	929	2608
55.142514	929	2608
55.192519	961	2608
55.243524	981	2608
55.292529	981	2608
55.342534	985	2608
55.392539	1017	2608
55.442544	1033	2608
55.492548	1077	2608
55.542553	1137	2608
55.592558	1225	2608
55.642563	1285	2608
55.692569	1357	2608
55.744574	1393	2608
55.792579	1413	2608
55.842584	1421	2608
55.892589	1441	2608
55.942594	1481	2608
55.992599	1481	2608
56.042603	1481	2608
56.092608	1481	2608
56.142613	1481	2608
56.192618	1481	2608
56.243624	1481	2608
56.292629	1481	2608
56.342634	1481	2608
56.392639	1481	2608
56.442644	1481	2608
56.492649	1481	2608
56.542654	1481	2608
56.592659	1481	2608
56.642663	1481	2608
56.692668	1481	2608
56.743674	1481	2608
56.792678	1481	2608
56.842684	1481	2608
56.892689	1481	2608
56.942694	1481	2608
56.992699	1481	2608
57.042704	1481	2608
57.092709	1481	2608
57.142714	1481	2608
57.192719	1481	2608
57.243724	1481	2608
57.292728	1481	2608
57.342733	1481	2608
57.392738	1481	2608
57.442744	1481	2608
57.492749	1481	2608
57.542754	1481	2608
57.592759	1481	2608
57.642764	1481	2608
57.692769	1481	2608
57.743773	1481	2608
57.792778	1481	2608
57.842783	1481	2608
57.892788	1481	2608
57.942793	1481	2608
57.992798	1481	2608
58.042804	1481	2608
58.092809	1481	2608
58.142814	1481	2608
58.192819	1481	2608
58.242824	1481	2608
58.292829	1481	2608
58.342834	1481	2608
58.392838	1481	2608
58.442843	1481	2608
58.492848	1481	2608
58.542853	1481	2608
58.592859	1481	2608
58.642864	1481	2608
58.692869	1481	2608
58.743874	1481	2608
58.792879	1481	2608
58.842884	1481	2608
58.892889	1481	2608
58.942894	1481	2608
58.992898	1481	2608
59.042903	1481	2608
59.092908	1481	2608
59.142913	1481	2608
59.192919	1485	2608
59.243924	1497	2608
59.292929	1497	2608
59.342934	1497	2608
59.392939	1501	2608
59.442944	1501	2608
59.492949	1517	2608
59.542953	1517	2608
59.592958	1521	2608
59.642963	1521	2608
59.692968	1525	2608
59.743974	1537	2608
59.792979	1537	2608
59.842984	1537	2608
59.892989	1537	2608
59.942994	1537	2608
59.992999	1537	2608
60.043004	1537	2608
60.093009	1537	2608
60.143013	1537	2608
60.193018	1537	2608
60.244024	1537	2608
60.293028	1537	2608
60.343034	1537	2608
60.393039	1537	2608
60.443044	1537	2608
60.493049	1537	2608
60.543054	1537	2608
60.593059	1537	2608
60.643064	1537	2608
60.693069	1537	2608
60.743073	1537	2608
60.793078	1537	2608
60.843083	1537	2608
60.893088	1537	2608
60.943094	1545	2608
60.993099	1545	2608
61.043104	1545	2608
61.093109	1545	2608
61.143114	1545	2608
61.193119	1545	2608
61.244123	1545	2608
61.293128	1545	2608
61.342134	1545	2608
61.392138	1545	2608
61.442143	1545	2608
61.492148	1545	2608
61.542153	1545	2608
61.592158	1545	2608
61.642163	1545	2608
61.692168	1545	2608
61.742174	1545	2608
61.792179	1545	2608
61.842184	1545	2608
61.892189	1545	2608
61.942194	1545	2608
61.992198	1565	2608
62.042203	1565	2608
62.092208	1565	2608
62.142213	1565	2608
62.192218	1565	2608
62.244224	1565	2608
62.292228	1565	2608
62.342234	1565	2608
62.392239	1565	2608
62.442244	1565	2608
62.492249	1565	2608
62.542253	1565	2608
62.592258	1565	2608
62.642263	1565	2608
62.692268	1565	2608
62.743274	1565	2608
62.792278	1565	2608
62.842283	1565	2608
62.937293	1565	2608
62.946294	1565	2608
62.992299	1565	2608
63.042304	1565	2608
63.092309	1565	2608
63.142313	1565	2608
63.192318	1565	2608
63.242323	1565	2608
63.292328	1565	2608
63.342333	1573	2608
63.392338	1573	2608
63.442343	1585	2608
63.492349	1585	2608
63.542354	1585	2608
63.592359	1585	2608
63.642364	1585	2608
63.692369	1585	2608
63.742373	1585	2608
63.792378	1585	2608
63.842383	1585	2608
63.892388	1585	2608
63.942393	1585	2608
63.992398	1585	2608
64.042403	1585	2608
64.092409	1585	2608
64.142414	1585	2608
64.192419	1585	2608
64.242424	1585	2608
64.292428	1585	2608
64.342433	1585	2608
64.392438	1585	2608
64.442443	1585	2608
64.492448	1585	2608
64.542453	1585	2608
64.592458	1585	2608
64.642464	1585	2608
64.692469	1585	2608
64.743474	1585	2608
64.792479	1585	2608
64.842484	1585	2608
64.892488	1585	2608
64.942493	1585	2592
64.992498	1585	2592
65.042503	1585	2592
65.092508	1585	2592
65.142513	1585	2592
65.192518	1585	2584
65.242524	1585	2584
65.292529	1585	2584
65.342534	1593	2584
65.392539	1593	2584
65.442544	1597	2584
65.492548	1597	2580
65.542553	1653	2580
65.592558	1837	2456
65.642563	1893	2408
65.692568	1893	2388
65.742573	1893	2388
65.792578	1893	2388
65.842584	1893	2388
65.892589	1893	2388
65.942594	1893	2388
65.992599	1893	2388
66.042603	1893	2388
66.092608	1893	2388
66.142613	1893	2388
66.192618	1893	2388
66.242623	1893	2388
66.292628	1893	2388
66.342633	1893	2388
66.392639	1893	2384
66.442644	1893	2384
66.492649	1893	2384
66.542654	1893	2384
66.592659	1893	2384
66.642663	1893	2384
66.692668	1893	2384
66.742673	1893	2384
66.792678	1893	2384
66.842683	1893	2376
66.892688	1893	2376
66.942693	1893	2368
66.992699	1893	2368
67.042704	1893	2368
67.092709	1893	2368
67.142714	1893	2368
67.192719	1893	2368
67.242723	1893	2368
67.292728	1893	2368
67.342733	1893	2368
67.392738	1893	2368
67.442743	1893	2368
67.492748	1893	2368
67.542753	1893	2368
67.592759	1893	2368
67.642764	1893	2368
67.692769	1893	2368
67.742774	1893	2368
67.792778	1893	2368
67.842783	1893	2368
67.892788	1893	2368
67.942793	1893	2368
67.992798	1893	2368
68.042803	1893	2368
68.092808	1893	2368
68.142814	1893	2368
68.192819	1893	2368
68.242824	1893	2368
68.292829	1893	2368
68.342834	1893	2368
68.392838	1893	2368
68.442843	1893	2368
68.492848	1893	2368
68.542853	1893	2368
68.592858	1893	2368
68.642863	1893	2368
68.692868	1893	2368
68.742874	1893	2368
68.792879	1893	2368
68.842884	1893	2368
68.892889	1893	2368
68.942894	1893	2368
68.992898	1893	2368
69.042903	1893	2368
69.092908	1893	2368
69.142913	1893	2368
69.192918	1893	2368
69.242923	1893	2368
69.292929	1893	2368
69.342934	1893	2368
69.392939	1893	2368
69.442944	1893	2368
69.492949	1893	2368
69.542953	1893	2368
69.592958	1893	2368
69.642963	1893	2368
69.692968	1893	2368
69.742973	1893	2368
69.792978	1893	2368
69.842983	1893	2368
69.892989	1893	2368
69.942994	1893	2368
69.992999	1893	2368
70.043004	1893	2368
70.093009	1893	2368
70.143013	1893	2368
70.193018	1893	2368
70.243023	1893	2368
70.293028	1893	2368
70.343033	1893	2368
70.393038	1893	2368
70.443043	1893	2368
70.493049	1893	2368
70.543054	1893	2368
70.593059	1893	2368
70.643064	1893	2368
70.693069	1893	2368
70.743073	1893	2368
70.793078	1893	2356
70.843083	1893	2356
70.893088	1893	2356
70.943093	1893	2356
70.993098	1893	2356
71.043104	1893	2356
71.093109	1893	2356
71.143114	1893	2356
71.193119	1893	2356
71.243124	1893	2356
71.293128	1893	2356
71.343133	1893	2356
71.393138	1893	2356
71.443143	1893	2356
71.493148	1893	2356
71.543153	1893	2356
71.593158	1893	2356
71.643164	1893	2356
71.693169	1893	2356
71.743174	1893	2356
71.793179	1893	2356
71.843184	1893	2356
71.893188	1893	2356
71.943193	1893	2356
71.993198	1893	2356
72.043203	1893	2356
72.093208	1893	2356
72.143213	1893	2356
72.193218	1893	2356
72.243224	1893	2356
72.293229	1893	2356
72.343234	1893	2356
72.393239	1893	2356
72.443244	1893	2356
72.493248	1893	2356
72.543253	1893	2356
72.593258	1893	2356
72.643263	1893	2356
72.693268	1893	2356
72.743273	1893	2356
72.793279	1893	2356
72.843284	1893	2356
72.893289	1893	2356
72.943294	1893	2356
72.993299	1893	2356
73.043303	1893	2356
73.093308	1893	2356
73.143313	1893	2356
73.193318	1893	2356
73.243323	1893	2356
73.293328	1893	2356
73.343333	1893	2356
73.393339	1893	2356
73.443344	1893	2356
73.493349	1893	2356
73.543354	1893	2356
73.593359	1893	2356
73.643363	1893	2356
73.693368	1893	2356
73.743373	1893	2356
73.793378	1893	2356
73.843383	1893	2356
73.893388	1893	2356
73.943393	1893	2356
73.993399	1893	2356
74.043404	1893	2356
74.093409	1893	2356
74.143414	1893	2356
74.193419	1893	2356
74.243423	1893	2356
74.293428	1893	2356
74.343433	1893	2356
74.393438	1893	2356
74.443443	1893	2356
74.493448	1893	2356
74.543454	1893	2356
74.593459	1893	2356
74.643464	1893	2356
74.693469	1893	2356
74.743474	1893	2356
74.793478	1893	2356
74.843483	1893	2356
74.893488	1893	2356
74.943493	1893	2356
74.993498	1893	2356
75.043503	1893	2356
75.093508	1893	2356
75.143514	1893	2356
75.193519	1893	2356
75.243524	1893	2356
75.293529	1893	2356
75.343534	1893	2356
75.393538	1893	2356
75.443543	1893	2356
75.493548	1893	2356
75.543553	1893	2356
75.593558	1893	2356
75.643563	1893	2356
75.693568	1893	2356
75.743574	1893	2356
75.793579	1893	2356
75.843584	1893	2356
75.893589	1893	2356
75.943594	1893	2356
75.993598	1893	2356
76.043603	1893	2356
76.093608	1893	2356
76.143613	1893	2356
76.193618	1893	2356
76.243623	1893	2356
76.293629	1893	2356
76.343634	1893	2356
76.393639	1893	2356
76.443644	1893	2356
76.493649	1893	2356
76.543653	1893	2356
76.593658	1893	2356
76.643663	1893	2356
76.693668	1893	2356
76.743673	1893	2356
76.793678	1893	2356
76.843683	1893	2356
76.893689	1893	2356
76.943694	1893	2356
76.993699	1893	2356
77.043704	1893	2356
77.093709	1893	2356
77.143713	1893	2356
77.193718	1893	2356
77.243723	1893	2356
77.293728	1893	2356
77.343733	1893	2356
77.393738	1893	2356
77.443743	1893	2356
77.493749	1893	2356
77.543754	1893	2356
77.593759	1893	2356
77.643764	1893	2356
77.693769	1893	2356
77.743773	1893	2356
77.793778	1893	2356
77.843783	1893	2356
77.893788	1893	2356
77.943793	1893	2356
77.993798	1893	2356
78.043804	1893	2356
78.093809	1893	2356
78.143814	1893	2356
78.193819	1893	2356
78.243824	1893	2356
78.293828	1893	2356
78.343833	1893	2356
78.393838	1893	2356
78.443843	1893	2356
78.493848	1893	2356
78.543853	1893	2356
78.593858	1893	2356
78.643864	1893	2356
78.693869	1893	2356
78.743874	1893	2356
78.792878	1893	2356
78.842884	1893	2356
78.892889	1893	2356
78.942894	1893	2356
78.992898	1893	2356
79.042903	1893	2356
79.092908	1893	2356
79.142913	1893	2356
79.192918	1893	2356
79.242923	1893	2356
79.292928	1893	2356
79.342933	1893	2356
79.392938	1893	2356
79.442944	1893	2356
79.492949	1893	2356
79.542953	1893	2356
79.592958	1893	2356
79.642963	1893	2356
79.692968	1893	2356
79.742973	1893	2356
79.792978	1893	2356
79.842983	1893	2356
79.892988	1893	2356
79.942993	1893	2356
79.992998	1893	2356
80.043004	1893	2356
80.093009	1893	2356
80.143013	1893	2356
80.193018	1893	2356
80.243023	1893	2356
80.293028	1893	2356
80.343033	1893	2356
80.393038	1893	2356
80.443043	1893	2356
80.493048	1893	2356
80.543053	1893	2356
80.593059	1893	2356
80.643064	1893	2356
80.693069	1893	2356
80.743073	1893	2356
80.793078	1893	2356
80.843083	1893	2356
80.893088	1893	2356
80.943093	1893	2356
80.993098	1893	2356
81.043103	1893	2356
81.093108	1893	2356
81.143113	1893	2356
81.193119	1893	2356
81.243124	1893	2356
81.293128	1893	2356
81.343133	1893	2356
81.393138	1893	2356
81.443143	1893	2356
81.493148	1893	2356
81.543153	1893	2356
81.593158	1893	2356
81.643163	1893	2356
81.693168	1893	2356
81.743173	1893	2356
81.793179	1893	2356
81.843184	1893	2356
81.893188	1893	2356
81.943193	1893	2356
81.993198	1893	2356
82.043203	1893	2356
82.093208	1893	2356
82.143213	1893	2356
82.193218	1893	2356
82.243223	1893	2356
82.293228	1893	2356
82.343234	1893	2356
82.393239	1893	2356
82.443244	1893	2356
82.493248	1893	2356
82.543253	1893	2356
82.593258	1893	2356
82.643263	1893	2356
82.693268	1893	2356
82.743273	1893	2356
82.793278	1893	2356
82.843283	1893	2356
82.893288	1893	2356
82.943294	1893	2356
82.993299	1893	2356
83.043303	1893	2356
83.093308	1893	2356
83.143313	1893	2356
83.193318	1893	2356
83.243323	1893	2356
83.293328	1893	2356
83.343333	1893	2356
83.393338	1893	2356
83.443343	1893	2356
83.493348	1893	2356
83.543354	1893	2356
83.593359	1893	2356
83.643363	1893	2356
83.693368	1893	2356
83.743373	1893	2356
83.793378	1893	2356
83.843383	1893	2356
83.893388	1893	2356
83.943393	1893	2356
83.993398	1893	2356
84.043403	1893	2356
84.093409	1893	2356
84.143414	1893	2356
84.193419	1893	2356
84.243423	1893	2356
84.293428	1893	2356
84.343433	1893	2356
84.393438	1893	2356
84.443443	1893	2356
84.493448	1893	2356
84.543453	1893	2356
84.593458	1893	2356
84.643463	1893	2356
84.693469	1893	2356
84.743474	1893	2356
84.793478	1893	2356
84.843483	1893	2356
84.893488	1893	2356
84.943493	1893	2356
84.993498	1893	2356
85.043503	1893	2356
85.093508	1893	2356
85.143513	1893	2356
85.193518	1893	2356
85.243523	1893	2356
85.293529	1893	2356
85.343534	1893	2356
85.393538	1893	2356
85.443543	1893	2356
85.493548	1893	2356
85.543553	1893	2356
85.593558	1893	2356
85.643563	1893	2356
85.693568	1893	2356
85.743573	1893	2356
85.793578	1893	2356
85.843584	1893	2356
85.893589	1893	2356
85.943594	1893	2356
85.993598	1893	2356
86.043603	1893	2356
86.093608	1893	2356
86.143613	1893	2356
86.193618	1893	2356
86.243623	1893	2356
86.293628	1893	2356
86.343633	1893	2356
86.393638	1893	2356
86.443644	1893	2356
86.493649	1893	2356
86.543653	1893	2356
86.593658	1893	2356
86.643663	1893	2356
86.693668	1893	2356
86.743673	1893	2356
86.793678	1893	2356
86.843683	1893	2356
86.893688	1893	2356
86.943693	1893	2356
86.993698	1893	2356
87.043704	1893	2356
87.093709	1893	2356
87.143713	1893	2356
87.193718	1893	2356
87.243723	1893	2356
87.293728	1893	2356
87.343733	1893	2356
87.393738	1893	2356
87.443743	1893	2356
87.493748	1893	2356
87.543753	1893	2356
87.593759	1893	2356
87.643764	1893	2356
87.693769	1893	2356
87.743773	1893	2356
87.793778	1893	2356
87.843783	1893	2356
87.893788	1893	2356
87.943793	1893	2356
87.993798	1893	2356
88.043803	1893	2356
88.093808	1893	2356
88.143813	1893	2356
88.193819	1893	2356
88.243824	1893	2356
88.293828	1893	2356
88.343833	1893	2356
88.393838	1893	2356
88.443843	1893	2356
88.493848	1893	2356
88.543853	1893	2356
88.593858	1893	2356
88.643863	1893	2356
88.693868	1893	2356
88.743873	1893	2356
88.793879	1893	2356
88.843884	1893	2356
88.893888	1893	2356
88.943893	1893	2356
88.993898	1893	2356
89.043903	1893	2356
89.093908	1893	2356
89.143913	1893	2356
89.193918	1893	2356
89.243923	1893	2356
89.293928	1893	2356
89.343934	1893	2356
89.393939	1893	2356
89.443944	1893	2356
89.493948	1893	2356
89.543953	1893	2356
89.593958	1893	2356
89.643963	1893	2356
89.693968	1893	2356
89.743973	1893	2356
89.793978	1893	2356
89.843983	1893	2356
89.893988	1893	2356
89.943994	1893	2356
89.993999	1893	2356
90.044003	1893	2356
90.094008	1893	2356
90.144013	1893	2356
90.194018	1893	2356
90.244023	1893	2356
90.294028	1893	2356
90.344033	1893	2356
90.394038	1893	2356
90.444043	1893	2356
90.494049	1893	2356
90.544054	1893	2356
90.594059	1893	2356
90.644063	1893	2356
90.694068	1893	2356
90.744073	1893	2356
90.794078	1893	2356
90.844083	1893	2356
90.894088	1893	2356
90.944093	1893	2356
90.994098	1893	2356
91.044103	1893	2356
91.094109	1893	2356
91.144114	1893	2356
91.194118	1893	2356
91.244123	1893	2356
91.294128	1893	2356
91.344133	1893	2356
91.394138	1893	2356
91.444143	1893	2356
91.494148	1893	2356
91.544153	1893	2356
91.594158	1893	2356
91.644163	1893	2356
91.694169	1893	2356
91.744174	1893	2356
91.794178	1893	2356
91.844183	1893	2356
91.894188	1893	2356
91.944193	1893	2356
91.994198	1893	2356
92.044203	1893	2356
92.094208	1893	2356
92.144213	1893	2356
92.194218	1893	2356
92.244224	1893	2356
92.294229	1893	2356
92.344234	1893	2356
92.394238	1893	2356
92.444243	1893	2356
92.494248	1893	2356
92.544253	1893	2356
92.594258	1893	2356
92.644263	1893	2356
92.694268	1893	2356
92.744273	1893	2356
92.794278	1893	2356
92.844284	1893	2356
92.894289	1893	2356
92.944293	1893	2356
92.994298	1893	2356
93.044303	1893	2356
93.094308	1893	2356
93.144313	1893	2356
93.194318	1893	2356
93.244323	1893	2356
93.294328	1893	2356
93.344333	1893	2356
93.394338	1893	2356
93.444344	1893	2356
93.494349	1893	2356
93.544353	1893	2356
93.594358	1893	2356
93.644363	1893	2356
93.694368	1893	2356
93.744373	1893	2356
93.794378	1893	2356
93.844383	1893	2356
93.894388	1893	2356
93.944393	1893	2356
93.994399	1893	2356
94.044404	1893	2356
94.094409	1893	2356
94.144413	1893	2356
94.194418	1893	2356
94.244423	1893	2356
94.294428	1893	2356
94.344433	1893	2356
94.394438	1893	2356
94.444443	1893	2356
94.494448	1893	2356
94.544453	1893	2356
94.594459	1893	2356
94.644464	1893	2356
94.694468	1893	2356
94.744473	1893	2356
94.794478	1893	2356
94.844483	1893	2356
94.895488	1893	2356
95.008500	1893	2356
95.044503	1893	2356
95.094508	1893	2356
95.144513	1893	2356
95.194519	1893	2356
95.244524	1893	2356
95.294528	1893	2356
95.344533	1893	2356
95.394538	1893	2356
95.444543	1893	2356
95.494548	1893	2356
95.544553	1893	2356
95.594558	1893	2356
95.644563	1893	2356
95.694568	1893	2356
95.744574	1893	2356
95.794579	1893	2356
95.844584	1893	2356
95.894588	1893	2356
95.944593	1893	2356
95.994598	1893	2356
96.044603	1893	2356
96.094608	1893	2356
96.144613	1893	2356
96.194618	1893	2356
96.244623	1893	2356
96.293628	1893	2356
96.343633	1893	2356
96.393638	1893	2356
96.443643	1893	2356
96.493648	1893	2356
96.543653	1893	2356
96.593658	1893	2356
96.643663	1893	2356
96.693668	1893	2356
96.743673	1893	2356
96.793678	1893	2356
96.843683	1893	2356
96.893688	1893	2356
96.943693	1893	2356
96.993698	1893	2356
97.043703	1893	2356
97.093708	1893	2356
97.143713	1893	2356
97.193718	1893	2356
97.243723	1893	2356
97.293728	1893	2356
97.343733	1893	2356
97.393738	1893	2356
97.443743	1893	2356
97.493748	1893	2356
97.543753	1893	2356
97.593758	1893	2356
97.643763	1893	2356
97.693768	1893	2356
97.743773	1893	2356
97.793778	1893	2356
97.843783	1893	2356
97.893788	1893	2356
97.943793	1893	2356
97.993798	1893	2356
98.043803	1893	2356
98.093808	1893	2356
98.143813	1893	2356
98.193818	1893	2356
98.243823	1893	2356
98.293828	1893	2356
98.343833	1893	2356
98.393838	1893	2356
98.443843	1893	2356
98.493848	1893	2356
98.543853	1893	2356
98.593858	1893	2356
98.643863	1893	2356
98.693868	1893	2356
98.743873	1893	2356
98.793878	1893	2356
98.843883	1893	2356
98.893888	1893	2356
98.943893	1893	2356
98.993898	1893	2356
99.043903	1893	2356
99.093908	1893	2356
99.143913	1893	2356
99.193918	1893	2356
99.243923	1893	2356
99.293928	1893	2356
99.343933	1893	2356
99.393938	1893	2356
99.443943	1893	2356
99.493948	1893	2356
99.543953	1901	2356
99.593958	1901	2356
99.643963	1901	2356
99.693968	1901	2356
99.743973	1901	2356
99.793978	1901	2356
99.843983	1901	2356
99.893988	1901	2356
99.943993	1901	2356
99.993998	1901	2356
100.044003	1905	2356
100.094008	1925	2356
100.144013	1925	2356
100.194018	1929	2356
100.244023	1949	2356
100.294028	1961	2356
100.344033	1969	2356
100.394038	1997	2356
100.444043	2013	2356
100.494048	2013	2356
100.544053	2053	2356
100.594058	2053	2356
100.644063	2081	2356
100.694068	2093	2356
100.744073	2125	2356
100.794078	2145	2356
100.844083	2145	2356
100.894088	2145	2356
100.944093	2153	2356
100.994098	2153	2356
101.044103	2157	2356
101.094108	2185	2356
101.144113	2185	2356
101.194118	2185	2356
101.244123	2185	2356
101.294128	2185	2356
101.344133	2185	2356
101.394138	2185	2356
101.444143	2185	2356
101.494148	2185	2356
101.544153	2185	2356
101.594158	2185	2356
101.644163	2185	2356
101.694168	2185	2356
101.744173	2185	2356
101.794178	2185	2356
101.844183	2185	2356
101.894188	2185	2356
101.944193	2185	2356
101.994198	2185	2356
102.044203	2185	2356
102.094208	2185	2356
102.144213	2185	2356
102.194218	2185	2356
102.244223	2185	2356
102.294228	2185	2356
102.344233	2185	2356
102.394238	2185	2356
102.444243	2185	2356
102.494248	2185	2356
102.544253	2185	2356
102.594258	2185	2356
102.644263	2185	2356
102.694268	2185	2356
102.744273	2185	2356
102.794278	2185	2356
102.844283	2185	2356
102.894288	2185	2356
102.944293	2185	2356
102.994298	2113	2356
103.044303	1757	2356
103.094308	1657	2356
103.144313	1505	2356
103.194318	1305	2352
103.244323	1237	2280
103.294328	1229	2184
103.344333	1137	2172
103.394338	1041	2024
103.444343	937	1884
103.494348	789	1728
103.544353	685	1564
103.594358	0	1144
103.644363	0	744
103.694368	0	284
103.744373	0	0
103.794378	0	0
103.844383	0	0
103.894388	0	0
103.944393	0	0
103.994398	0	0
104.044403	0	0
104.094408	0	0
104.144413	0	0
104.194418	0	0
104.244423	0	0
104.294428	0	0
104.344433	0	0
104.394438	0	0
104.444443	0	0
104.494448	0	0
104.544453	0	0
104.594458	0	0
104.644463	0	0
104.694468	0	0
104.744473	0	0
104.794478	0	0
104.844483	0	0
104.894488	0	0
104.944493	0	0
104.994498	0	0
105.044503	0	0
105.094508	0	0
105.144513	0	0
105.194518	0	0
105.244523	0	0
105.294528	0	0
105.344533	0	0
105.394538	0	0
105.444543	0	0
105.494548	0	0
105.544553	0	0
105.594558	0	0
105.644563	0	0
105.694568	0	0
105.744573	0	0
105.794578	0	0
105.844583	0	0
105.894588	0	0
105.944593	0	0
105.994598	0	0
106.044603	0	0
106.094608	0	0
106.144613	0	0
106.194618	0	0
106.244623	0	0
106.294628	0	0
106.344633	0	0
106.394638	0	0
106.444643	0	0
106.494648	0	0
106.544653	0	0
106.594658	0	0
106.644663	0	0
106.694668	0	0
106.744673	0	0
106.794678	0	0
106.844683	0	0
106.894688	0	0
106.944693	0	0
106.994698	0	0
107.044703	0	0
107.094708	0	0
107.144713	0	0
107.194718	0	0
107.244723	0	0
107.294728	0	0
107.344733	0	0
107.394738	0	0
107.444743	0	0
107.494748	0	0
107.544753	0	0
107.594758	0	0
107.644763	0	0
107.694768	0	0
107.744773	0	0
107.794778	0	0
107.844783	0	0
107.894788	0	0
107.944793	0	0
107.994798	0	0
108.044803	0	0
108.094808	0	0
108.144813	0	0
108.194818	0	0
108.244823	0	0
108.294828	0	0
108.344833	0	0
108.394838	0	0
108.444843	0	0
108.494848	0	0
108.544853	0	0
108.594858	0	0
108.644863	0	0
108.694868	0	0
108.744873	0	0
108.794878	0	0
108.844883	0	0
108.894888	0	0
108.944893	0	0
108.994898	0	0
109.044903	0	0
109.094908	0	0
109.144913	0	0
109.194918	0	0
109.244923	0	0
109.294928	0	0
109.344933	0	0
109.394938	0	0
109.444943	0	0
109.494948	0	0
109.544953	0	0
109.594958	0	0
109.644963	0	0
109.694968	0	0
109.744973	0	0
109.794978	0	0
109.844983	0	0
109.894988	0	0
109.944993	0	0
109.994998	0	0
110.045003	0	0
110.095008	0	0
110.145013	0	0
110.195018	0	0
110.245023	0	0
110.295028	0	0
110.345033	0	0
110.395038	0	0
110.445043	0	0
110.495048	0	0
110.545053	0	0
110.595058	0	0
110.645063	0	0
110.695068	0	0
110.745073	0	0
110.795078	0	0
110.845083	0	0
110.895088	0	0
110.945093	0	0
110.995098	0	0
111.045103	0	0
111.095108	0	0
111.145113	0	0
111.195118	0	0
111.245123	0	0
111.295128	0	0
111.345133	0	0
111.395138	0	0
111.445143	0	0
111.495148	0	0
111.545153	0	0
111.595158	0	0
111.645163	0	0
111.695168	0	0
111.745173	0	0
111.795178	0	0
111.845183	0	0
111.895188	0	0
111.945193	0	0
111.995198	0	0
112.045203	0	0
112.095208	0	0
112.145213	0	0
112.195218	0	0
112.245223	0	0
112.295228	0	0
112.345233	0	0
112.395238	0	0
112.445243	0	0
112.495248	0	0
112.545253	0	0
112.595258	0	0
112.645263	0	0
112.695268	0	0
112.745273	0	0
112.795278	0	0
112.845283	0	0
112.895288	0	0
112.945293	0	0
112.995298	0	0
113.045303	0	0
113.095308	0	0
113.145313	0	0
113.195318	0	0
113.245323	0	0
113.295328	0	0
113.345333	0	0
113.395338	0	0
113.445343	0	0
113.495348	0	0
113.545353	0	0
113.595358	0	0
113.645363	0	0
113.695368	0	0
113.745373	0	0
113.794378	0	0
113.844383	0	0
113.894388	0	0
113.944393	0	0
113.994398	0	0
114.044403	0	0
114.094408	0	0
114.144413	0	0
114.194418	0	0
114.244423	0	0
114.294428	0	0
114.344433	0	0
114.394438	0	0
114.444443	0	0
114.494448	0	0
114.544453	0	0
114.594458	0	0
114.644463	0	0
114.694468	0	0
114.744473	0	0
114.794478	0	0
114.844483	0	0
114.972496	0	0
115.130512	0	0
115.143513	0	0
115.194518	0	0
115.264525	0	0
115.346533	0	0
115.393538	0	0
115.443543	0	0
115.493548	0	0
115.543553	0	0
115.593558	0	0
115.643563	0	0
115.693568	0	0
115.743573	0	0
115.793578	0	0
115.843583	0	0
115.893588	0	0
115.943593	0	0
115.993598	0	0
116.043603	0	0
116.093608	0	0
116.143613	0	0
116.193618	0	0
116.243623	0	0
116.293628	0	0
116.343633	0	0
116.393638	0	0
116.443643	0	0
116.493648	0	0
116.543653	0	0
116.593658	0	0
116.643663	0	0
116.693668	0	0
116.743673	0	0
116.793678	0	0
116.843683	0	0
116.893688	0	0
116.943693	0	0
116.993698	0	0
117.043703	0	0
117.093708	0	0
117.143713	0	0
117.193718	0	0
117.243723	0	0
117.293728	0	0
117.343733	0	0
117.393738	0	0
117.443743	0	0
117.493748	0	0
117.543753	0	0
117.593758	0	0
117.643763	0	0
117.693768	0	0
117.743773	0	0
117.793778	0	0
117.843783	0	0
117.893788	0	0
117.943793	0	0
117.993798	0	0
118.043803	0	0
118.093808	0	0
118.143813	0	0
118.193818	0	0
118.243823	0	0
118.293828	0	0
118.343833	0	0
118.393838	0	0
118.443843	0	0
118.493848	0	0
118.543853	0	0
118.593858	0	0
118.643863	0	0
118.693868	0	0
118.743873	0	0
118.793878	0	0
118.843883	0	0
118.893888	0	0
118.943893	0	0
118.993898	0	0
119.043903	0	0
119.093908	0	0
119.143913	0	0
119.193918	0	0
119.243923	0	0
119.293928	0	0
119.343933	0	0
119.393938	0	0
119.443943	0	0
119.493948	0	0
119.543953	0	0
119.593958	0	0
119.643963	0	0
119.693968	0	0
119.743973	0	0
119.793978	0	0
119.843983	0	0
119.893988	0	0
119.943993	0	0
119.993998	0	0
120.044003	0	0
120.094008	0	0
120.144013	0	0
120.194018	0	0
120.244023	0	0
120.294028	0	0
120.344033	0	0
120.394038	0	0
120.444043	0	0
120.494048	0	0
120.544053	0	0
120.594058	0	0
120.644063	0	0
120.694068	0	0
120.744073	0	0
120.794078	0	0
120.844083	0	0
120.894088	0	0
120.944093	0	0
120.994098	0	0
121.044103	0	0
121.094108	0	0
121.144113	0	0
121.194118	0	0
121.244123	0	0
121.294128	0	0
121.344133	0	0
121.394138	0	0
121.444143	0	0
121.494148	0	0
121.544153	0	0
121.594158	0	0
121.644163	0	0
121.694168	0	0
121.744173	0	0
121.794178	0	0
121.844183	0	0
121.894188	0	0
121.944193	0	0
121.994198	0	0
122.044203	0	0
122.094208	0	0
122.144213	0	0
122.194218	0	0
122.244223	0	0
122.294228	0	0
122.344233	0	0
122.394238	0	0
122.444243	0	0
122.494248	0	0
122.544253	0	0
122.594258	0	0
122.644263	0	0
122.694268	0	0
122.744273	0	0
122.794278	0	0
122.844283	0	0
122.894288	0	0
122.944293	0	0
122.994298	0	0
123.044303	0	0
123.094308	0	0
123.144313	0	0
123.194318	0	0
123.244323	0	0
123.294328	0	0
123.344333	0	0
123.394338	0	0
123.444343	0	0
123.494348	0	0
123.544353	0	0
123.594358	0	0
123.644363	0	0
123.694368	0	0
123.744373	0	0
123.794378	0	0
123.844383	0	0
123.894388	0	0
123.944393	0	0
123.994398	0	0
124.044403	0	0
124.094408	0	0
124.144413	0	0
124.194418	0	0
124.244423	0	0
124.294428	0	0
124.344433	0	0
124.394438	0	0
124.444443	0	0
124.494448	0	0
124.544453	0	0
124.594458	0	0
124.644463	0	0
124.694468	0	0
124.744473	0	0
124.794478	0	0
124.844483	0	0
124.894488	0	0
124.969496	0	0
124.994498	0	0
125.056504	0	0
125.094508	0	0
125.144513	0	0
125.194518	0	0
125.244523	0	0
125.294528	0	0
125.344533	0	0
125.394538	0	0
125.444543	0	0
125.494548	0	0
125.544553	0	0
125.594558	0	0
125.644563	0	0
125.694568	0	0
125.744573	0	0
125.794578	0	0
125.844583	0	0
125.894588	0	0
125.944593	0	0
125.994598	0	0
126.044603	0	0
126.094608	0	0
126.144613	0	0
126.194618	0	0
126.244623	0	0
126.294628	0	0
126.344633	0	0
126.394638	0	0
126.444643	0	0
126.494648	0	0
126.544653	0	0
126.594658	0	0
126.644663	0	0
126.694668	0	0
126.744673	0	0
126.794678	0	0
126.844683	0	0
126.894688	0	0
126.944693	0	0
126.994698	0	0
127.044703	0	0
127.094708	0	0
127.144713	0	0
127.194718	0	0
127.244723	0	0
127.294728	0	0
127.344733	0	0
127.394738	0	0
127.444743	0	0
127.494748	0	0
127.544753	0	0
127.594758	0	0
127.644763	0	0
127.694768	0	0
127.744773	0	0
127.794778	0	0
127.844783	0	0
127.894788	0	0
127.944793	0	0
127.994798	0	0
128.044803	0	0
128.094808	0	0
128.144813	0	0
128.194818	0	0
128.244823	0	0
128.294828	0	0
128.344833	0	0
128.394838	0	0
128.444843	0	0
128.494848	0	0
128.544853	0	0
128.594858	0	0
128.644863	0	0
128.694868	0	0
128.744873	0	0
128.794878	0	0
128.844883	0	0
128.894888	0	0
128.944893	0	0
128.994898	0	0
129.044903	0	0
129.094908	0	0
129.144913	0	0
129.194918	0	0
129.244923	0	0
129.294928	0	0
129.344933	0	0
129.394938	0	0
129.444943	0	0
129.494948	0	0
129.544953	0	0
129.594958	0	0
129.644963	0	0
129.694968	0	0
129.744973	0	0
129.794978	0	0
129.844983	0	0
129.894988	0	0
129.944993	0	0
129.994998	0	0
130.045003	0	0
130.095008	0	0
130.145013	0	0
130.195018	0	0
130.245023	0	0
130.295028	0	0
130.345033	0	0
130.395038	0	0
130.445043	0	0
130.495048	0	0
130.545053	0	0
130.595058	0	0
130.645063	0	0
130.695068	0	0
130.745073	0	0
130.795078	0	0
130.845083	0	0
130.895088	0	0
130.945093	0	0
130.995098	0	0
131.045103	0	0
131.095108	0	0
131.145113	0	0
131.195118	0	0
131.244123	0	0
131.294128	0	0
131.344133	0	0
131.394138	0	0
131.444143	0	0
131.494148	0	0
131.544153	0	0
131.594158	0	0
131.644163	0	0
131.694168	0	0
131.744173	0	0
131.794178	0	0
131.844183	0	0
131.894188	0	0
131.944193	0	0
131.994198	0	0
132.044203	0	0
132.094208	0	0
132.144213	0	0
132.194218	0	0
132.244223	0	0
132.294228	0	0
132.344233	0	0
132.394238	0	0
132.444243	0	0
132.494248	0	0
132.544253	0	0
132.594258	0	0
132.644263	0	0
132.694268	0	0
132.744273	0	0
132.794278	0	0
132.844283	0	0
132.894288	0	0
132.944293	0	0
132.994298	0	0
133.044303	0	0
133.094308	0	0
133.144313	0	0
133.194318	0	0
133.244323	0	0
133.294328	0	0
133.344333	0	0
133.394338	0	0
133.444343	0	0
133.494348	0	0
133.544353	0	0
133.594358	0	0
133.644363	0	0
133.694368	0	0
133.744373	0	0
133.794378	0	0
133.844383	0	0
133.894388	0	0
133.944393	0	0
133.994398	0	0
134.044403	0	0
134.094408	0	0
134.144413	0	0
134.194418	0	0
134.244423	0	0
134.294428	0	0
134.344433	0	0
134.394438	0	0
134.444443	0	0
134.494448	0	0
134.544453	0	0
134.594458	0	0
134.644463	0	0
134.694468	0	0
134.744473	0	0
134.794478	0	0
134.844483	0	0
134.894488	0	0
134.944493	0	0
134.994498	0	0
135.044503	0	0
135.094508	0	0
135.144513	0	0
135.194518	0	0
135.244523	0	0
135.294528	0	0
135.344533	0	0
135.394538	0	0
135.444543	0	0
135.494548	0	0
135.544553	0	0
135.594558	0	0
135.644563	0	0
135.694568	0	0
135.744573	0	0
135.794578	0	0
135.844583	0	0
135.894588	0	0
135.944593	0	0
135.994598	0	0
136.044603	0	0
136.094608	0	0
136.144613	0	0
136.194618	0	0
136.244623	0	0
136.294628	0	0
136.344633	0	0
136.394638	0	0
136.444643	0	0
136.494648	0	0
136.544653	0	0
136.594658	0	0
136.644663	0	0
136.694668	0	0
136.744673	0	0
136.794678	0	0
136.844683	0	0
136.894688	0	0
136.944693	0	0
136.994698	0	0
137.044703	0	0
137.094708	0	0
137.144713	0	0
137.194718	0	0
137.244723	0	0
137.294728	0	0
137.344733	0	0
137.394738	0	0
137.444743	0	0
137.494748	0	0
137.544753	0	0
137.594758	0	0
137.644763	0	0
137.694768	0	0
137.744773	0	0
137.794778	0	0
137.844783	0	0
137.894788	0	0
137.944793	0	0
137.994798	0	0
138.044803	0	0
138.094808	0	0
138.144813	0	0
138.194818	0	0
138.244823	0	0
138.294828	0	0
138.344833	0	0
138.394838	0	0
138.444843	0	0
138.494848	0	0
138.544853	0	0
138.594858	0	0
138.644863	0	0
138.694868	0	0
138.744873	0	0
138.794878	0	0
138.844883	0	0
138.894888	0	0
138.944893	0	0
138.994898	0	0
139.044903	0	0
139.094908	0	0
139.144913	0	0
139.194918	0	0
139.244923	0	0
139.294928	0	0
139.344933	0	0
139.394938	0	0
139.444943	0	0
139.494948	0	0
139.544953	0	0
139.594958	0	0
139.644963	0	0
139.694968	0	0
139.744973	0	0
139.794978	0	0
139.844983	0	0
139.894988	0	0
139.944993	0	0
139.994998	0	0
140.045003	0	0
140.095008	0	0
140.145013	0	0
140.195018	0	0
140.245023	0	0
140.295028	0	0
140.345033	0	0
140.395038	0	0
140.445043	0	0
140.495048	0	0
140.545053	0	0
140.595058	0	0
140.645063	0	0
140.695068	0	0
140.745073	0	0
140.795078	0	0
140.845083	0	0
140.895088	0	0
140.945093	0	0
140.995098	0	0
141.045103	0	0
141.095108	0	0
141.145113	0	0
141.195118	0	0
141.245123	0	0
141.295128	0	0
141.345133	0	0
141.395138	0	0
141.445143	0	0
141.495148	0	0
141.545153	0	0
141.595158	0	0
141.645163	0	0
141.695168	0	0
141.745173	0	0
141.795178	0	0
141.845183	0	0
141.895188	0	0
141.945193	0	0
141.995198	0	0
142.045203	0	0
142.095208	0	0
142.145213	0	0
142.195218	0	0
142.245223	0	0
142.295228	0	0
142.345233	0	0
142.395238	0	0
142.445243	0	0
142.495248	0	0
142.545253	0	0
142.595258	0	0
142.645263	0	0
142.695268	0	0
142.745273	0	0
142.795278	0	0
142.845283	0	0
142.895288	0	0
142.945293	0	0
142.995298	0	0
143.045303	0	0
143.095308	0	0
143.145313	0	0
143.195318	0	0
143.245323	0	0
143.295328	0	0
143.345333	0	0
143.395338	0	0
143.445343	0	0
143.495348	0	0
143.545353	0	0
143.595358	0	0
143.645363	0	0
143.695368	0	0
143.745373	0	0
143.795378	0	0
143.845383	0	0
143.895388	0	0
143.945393	0	0
143.995398	0	0
144.045403	0	0
144.095408	0	0
144.145413	0	0
144.195418	0	0
144.245423	0	0
144.295428	0	0
144.345433	0	0
144.395438	0	0
144.445443	0	0
144.495448	0	0
144.545453	0	0
144.595458	0	0
144.645463	0	0
144.695468	0	0
144.745473	0	0
144.795478	0	0
144.845483	0	0
144.895488	0	0
144.945493	0	0
144.995498	0	0
145.045503	0	0
145.095508	0	0
145.145513	0	0
145.195518	0	0
145.245523	0	0
145.295528	0	0
145.345533	0	0
145.395538	0	0
145.445543	0	0
145.495548	0	0
145.545553	0	0
145.595558	0	0
145.645563	0	0
145.695568	0	0
145.745573	0	0
145.795578	0	0
145.845583	0	0
145.895588	0	0
145.945593	0	0
145.995598	0	0
146.045603	0	0
146.095608	0	0
146.145613	0	0
146.195618	0	0
146.245623	0	0
146.295628	0	0
146.345633	0	0
146.395638	0	0
146.445643	0	0
146.495648	0	0
146.545653	0	0
146.595658	0	0
146.645663	0	0
146.695668	0	0
146.745673	0	0
146.795678	0	0
146.845683	0	0
146.895688	0	0
146.945693	0	0
146.995698	0	0
147.045703	0	0
147.095708	0	0
147.145713	0	0
147.195718	0	0
147.245723	0	0
147.295728	0	0
147.345733	0	0
147.395738	0	0
147.445743	0	0
147.495748	0	0
147.545753	0	0
147.595758	0	0
147.645763	0	0
147.695768	0	0
147.745773	0	0
147.795778	0	0
147.845783	0	0
147.895788	0	0
147.945793	0	0
147.995798	0	0
148.045803	0	0
148.095808	0	0
148.145813	0	0
148.195818	0	0
148.245823	0	0
148.295828	0	0
148.345833	0	0
148.395838	0	0
148.445843	0	0
148.495848	0	0
148.545853	0	0
148.595858	0	0
148.645863	0	0
148.695868	0	0
148.744873	0	0
148.794878	0	0
148.844883	0	0
148.894888	0	0
148.944893	0	0
148.994898	0	0
149.044903	0	0
149.094908	0	0
149.144913	0	0
149.194918	0	0
149.244923	0	0
149.294928	0	0
149.344933	0	0
149.394938	0	0
149.444943	0	0
149.494948	0	0
149.544953	0	0
149.594958	0	0
149.644963	0	0
149.694968	0	0
149.744973	0	0
149.794978	0	0
149.844983	0	0
149.894988	0	0
149.944993	0	0
149.994998	0	0
150.045003	0	0
150.095008	0	0
150.145013	0	0
150.195018	0	0
150.245023	0	0
150.295028	0	0
150.345033	0	0
150.395038	0	0
150.445043	0	0
150.495048	0	0
150.545053	0	0
150.595058	0	0
150.645063	0	0
150.695068	0	0
150.745073	0	0
150.795078	0	0
150.845083	0	0
150.895088	0	0
150.945093	0	0
150.995098	0	0
151.045103	0	0
151.095108	0	0
151.145113	0	0
151.195118	0	0
151.245123	0	0
151.295128	0	0
151.345133	0	0
151.395138	0	0
151.445143	0	0
151.495148	0	0
151.545153	0	0
151.595158	0	0
151.645163	0	0
151.695168	0	0
151.745173	0	0
151.795178	0	0
151.845183	0	0
151.895188	0	0
151.945193	0	0
151.995198	0	0
152.045203	0	0
152.095208	0	0
152.145213	0	0
152.195218	0	0
152.245223	0	0
152.295228	0	0
152.345233	0	0
152.395238	0	0
152.445243	0	0
152.495248	0	0
152.545253	0	0
152.595258	0	0
152.645263	0	0
152.695268	0	0
152.745273	0	0
152.795278	0	0
152.845283	0	0
152.895288	0	0
152.945293	0	0
152.995298	0	0
153.045303	0	0
153.095308	0	0
153.145313	0	0
153.195318	0	0
153.245323	0	0
153.295328	0	0
153.345333	0	0
153.395338	0	0
153.445343	0	0
153.495348	0	0
153.545353	0	0
153.595358	0	0
153.645363	0	0
153.695368	0	0
153.745373	0	0
153.795378	0	0
153.845383	0	0
153.895388	0	0
153.945393	0	0
153.995398	0	0
154.045403	0	0
154.095408	0	0
154.145413	0	0
154.195418	0	0
154.245423	0	0
154.295428	0	0
154.345433	0	0
154.395438	0	0
154.445443	0	0
154.495448	0	0
154.545453	0	0
154.595458	0	0
154.645463	0	0
154.695468	0	0
154.745473	0	0
154.795478	0	0
154.845483	0	0
154.895488	0	0
154.945493	0	0
154.995498	0	0
155.045503	0	0
155.095508	0	0
155.145513	0	0
155.195518	0	0
155.245523	0	0
155.295528	0	0
155.345533	0	0
155.395538	0	0
155.445543	0	0
155.495548	0	0
155.545553	0	0
155.595558	0	0
155.645563	0	0
155.695568	0	0
155.745573	0	0
155.795578	0	0
155.845583	0	0
155.895588	0	0
155.945593	0	0
155.995598	0	0
156.045603	0	0
156.095608	0	0
156.145613	0	0
156.195618	0	0
156.245623	0	0
156.295628	0	0
156.345633	0	0
156.395638	0	0
156.445643	0	0
156.495648	0	0
156.545653	0	0
156.595658	0	0
156.645663	0	0
156.695668	0	0
156.745673	0	0
156.795678	0	0
156.845683	0	0
156.895688	0	0
156.945693	0	0
156.995698	0	0
157.045703	0	0
157.095708	0	0
157.145713	0	0
157.195718	0	0
157.245723	0	0
157.295728	0	0
157.345733	0	0
157.395738	0	0
157.445743	0	0
157.495748	0	0
157.545753	0	0
157.595758	0	0
157.645763	0	0
157.695768	0	0
157.745773	0	0
157.795778	0	0
157.845783	0	0
157.895788	0	0
157.945793	0	0
157.995798	0	0
158.045803	0	0
158.095808	0	0
158.145813	0	0
158.195818	0	0
158.245823	0	0
158.295828	0	0
158.345833	0	0
158.395838	0	0
158.445843	0	0
158.495848	0	0
158.545853	0	0
158.595858	0	0
158.645863	0	0
158.695868	0	0
158.745873	0	0
158.795878	0	0
158.845883	0	0
158.895888	0	0
159.071906	0	0
159.095908	0	0
159.165915	0	0
159.195918	0	0
159.245923	0	0
159.295928	0	0
159.345933	0	0
159.395938	0	0
159.445943	0	0
159.495948	0	0
159.545953	0	0
159.595958	0	0
159.645963	0	0
159.695968	0	0
159.745973	0	0
159.795978	0	0
159.845983	0	0
159.895988	0	0
159.945993	0	0
159.995998	0	0
160.046003	0	0
160.096008	0	0
160.146013	0	0
160.196018	0	0
160.246023	0	0
160.296028	0	0
160.346033	0	0
160.396038	0	0
160.446043	0	0
160.496048	0	0
160.546053	0	0
160.596058	0	0
160.646063	0	0
160.696068	0	0
160.746073	0	0
160.796078	0	0
160.846083	0	0
160.896088	0	0
160.946093	0	0
160.996098	0	0
161.046103	0	0
161.096108	0	0
161.146113	0	0
161.196118	0	0
161.246123	0	0
161.296128	0	0
161.346133	0	0
161.396138	0	0
161.446143	0	0
161.496148	0	0
161.546153	0	0
161.596158	0	0
161.646163	0	0
161.696168	0	0
161.746173	0	0
161.796178	0	0
161.846183	0	0
161.896188	0	0
161.946193	0	0
161.996198	0	0
162.046203	0	0
162.096208	0	0
162.146213	0	0
162.196218	0	0
162.246223	0	0
162.296228	0	0
162.346233	0	0
162.396238	0	0
162.446243	0	0
162.496248	0	0
162.546253	0	0
162.596258	0	0
162.646263	0	0
162.696268	0	0
162.746273	0	0
162.796278	0	0
162.846283	0	0
162.896288	0	0
162.946293	0	0
162.996298	0	0
163.046303	0	0
163.096308	0	0
163.146313	0	0
163.196318	0	0
163.246323	0	0
163.296328	0	0
163.346333	0	0
163.396338	0	0
163.446343	0	0
163.496348	0	0
163.546353	0	0
163.596358	0	0
163.646363	0	0
163.696368	0	0
163.746373	0	0
163.796378	0	0
163.846383	0	0
163.896388	0	0
163.946393	0	0
163.996398	0	0
164.046403	0	0
164.096408	0	0
164.146413	0	0
164.196418	0	0
164.246423	0	0
164.296428	0	0
164.346433	0	0
164.396438	0	0
164.446443	0	0
164.496448	0	0
164.546453	0	0
164.596458	0	0
164.646463	0	0
164.696468	0	0
164.746473	0	0
164.796478	0	0
164.846483	0	0
164.896488	0	0
164.946493	0	0
164.996498	0	0
165.046503	0	0
165.096508	0	0
165.146513	0	0
165.196518	0	0
165.246523	0	0
165.296528	0	0
165.346533	0	0
165.396538	0	0
165.446543	0	0
165.496548	0	0
165.546553	0	0
165.596558	0	0
165.646563	0	0
165.696568	0	0
165.746573	0	0
165.796578	0	0
165.846583	0	0
165.896588	0	0
165.946593	0	0
165.996598	0	0
166.046603	0	0
166.096608	0	0
166.146613	0	0
166.196618	0	0
166.245623	0	0
166.295628	0	0
166.345633	0	0
166.395638	0	0
166.445643	0	0
166.495648	0	0
166.545653	0	0
166.595658	0	0
166.645663	0	0
166.695668	0	0
166.745673	0	0
166.795678	0	0
166.845683	0	0
166.895688	0	0
166.945693	0	0
166.995698	0	0
167.045703	0	0
167.095708	0	0
167.145713	0	0
167.195718	0	0
167.245723	0	0
167.295728	0	0
167.345733	0	0
167.395738	0	0
167.445743	0	0
167.495748	0	0
167.545753	0	0
167.595758	0	0
167.645763	0	0
167.695768	0	0
167.745773	0	0
167.795778	0	0
167.845783	0	0
167.895788	0	0
167.945793	0	0
167.995798	0	0
168.045803	0	0
168.095808	0	0
168.145813	0	0
168.195818	0	0
168.245823	0	0
168.295828	0	0
168.345833	0	0
168.395838	0	0
168.445843	0	0
168.495848	0	0
168.545853	0	0
168.595858	0	0
168.645863	0	0
168.695868	0	0
168.745873	0	0
168.795878	0	0
168.845883	0	0
168.895888	0	0
168.945893	0	0
168.995898	0	0
169.045903	0	0
169.095908	0	0
169.145913	0	0
169.195918	0	0
169.245923	0	0
169.295928	0	0
169.345933	0	0
169.395938	0	0
169.445943	0	0
169.495948	0	0
169.545953	0	0
169.595958	0	0
169.645963	0	0
169.695968	0	0
169.745973	0	0
169.795978	0	0
169.845983	0	0
169.895988	0	0
169.945993	0	0
169.995998	0	0
170.046003	0	0
170.096008	0	0
170.146013	0	0
170.196018	0	0
170.246023	0	0
170.296028	0	0
170.346033	0	0
170.396038	0	0
170.446043	0	0
170.496048	0	0
170.546053	0	0
170.596058	0	0
170.646063	0	0
170.696068	0	0
170.746073	0	0
170.796078	0	0
170.846083	0	0
170.896088	0	0
170.946093	0	0
170.996098	0	0
171.046103	0	0
171.096108	0	0
171.146113	0	0
171.196118	0	0
171.246123	0	0
171.296128	0	0
171.346133	0	0
171.396138	0	0
171.446143	0	0
171.496148	0	0
171.546153	0	0
171.596158	0	0
171.646163	0	0
171.696168	0	0
171.746173	0	0
171.796178	0	0
171.846183	0	0
171.896188	0	0
171.946193	0	0
171.996198	0	0
172.046203	0	0
172.096208	0	0
172.146213	0	0
172.196218	0	0
172.246223	0	0
172.296228	0	0
172.346233	0	0
172.396238	0	0
172.446243	0	0
172.496248	0	0
172.546253	0	0
172.596258	0	0
172.646263	0	0
172.696268	0	0
172.746273	0	0
172.796278	0	0
172.846283	0	0
172.896288	0	0
172.946293	0	0
172.996298	0	0
173.046303	0	0
173.096308	0	0
173.146313	0	0
173.196318	0	0
173.246323	0	0
173.296328	0	0
173.346333	0	0
173.396338	0	0
173.446343	0	0
173.496348	0	0
173.546353	0	0
173.596358	0	0
173.646363	0	0
173.696368	0	0
173.746373	0	0
173.796378	0	0
173.846383	0	0
173.896388	0	0
173.946393	0	0
173.996398	0	0
174.046403	0	0
174.096408	0	0
174.146413	0	0
174.196418	0	0
174.246423	0	0
174.296428	0	0
174.346433	0	0
174.396438	0	0
174.446443	0	0
174.496448	0	0
174.546453	0	0
174.596458	0	0
174.646463	0	0
174.696468	0	0
174.746473	0	0
174.796478	0	0
174.846483	0	0
174.896488	0	0
174.974495	0	0
175.058504	0	0
175.114510	0	0
175.146513	0	0
175.196518	0	0
175.246523	0	0
175.296528	0	0
175.346533	0	0
175.396538	0	0
175.446543	0	0
175.496548	0	0
175.546553	0	0
175.596558	0	0
175.646563	0	0
175.696568	0	0
175.746573	0	0
175.796578	0	0
175.846583	0	0
175.896588	0	0
175.946593	0	0
175.996598	0	0
176.046603	0	0
176.096608	0	0
176.146613	0	0
176.196618	0	0
176.246623	0	0
176.296628	0	0
176.346633	0	0
176.396638	0	0
176.446643	0	0
176.496648	0	0
176.546653	0	0
176.596658	0	0
176.646663	0	0
176.696668	0	0
176.746673	0	0
176.796678	0	0
176.846683	0	0
176.896688	0	0
176.946693	0	0
176.996698	0	0
177.046703	0	0
177.096708	0	0
177.146713	0	0
177.196718	0	0
177.246723	0	0
177.296728	0	0
177.346733	0	0
177.396738	0	0
177.446743	0	0
177.496748	0	0
177.546753	0	0
177.596758	0	0
177.646763	0	0
177.696768	0	0
177.746773	0	0
177.796778	0	0
177.846783	0	0
177.896788	0	0
177.946793	0	0
177.996798	0	0
178.046803	0	0
178.096808	0	0
178.146813	0	0
178.196818	0	0
178.246823	0	0
178.296828	0	0
178.346833	0	0
178.396838	0	0
178.446843	0	0
178.496848	0	0
178.546853	0	0
178.596858	0	0
178.646863	0	0
178.696868	0	0
178.746873	0	0
178.796878	0	0
178.846883	0	0
178.896888	0	0
178.946893	0	0
178.996898	0	0
179.046903	0	0
179.096908	0	0
179.146913	0	0
179.196918	0	0
179.246923	0	0
179.296928	0	0
179.346933	0	0
179.396938	0	0
179.446943	0	0
179.496948	0	0
179.546953	0	0
179.596958	0	0
179.646963	0	0
179.696968	0	0
179.746973	0	0
179.796978	0	0
179.846983	0	0
179.896988	0	0
179.946993	0	0
179.996998	0	0
180.047003	0	0
180.097008	0	0
180.147013	0	0
180.197018	0	0
180.247023	0	0
180.297028	0	0
180.347033	0	0
180.397038	0	0
180.447043	0	0
180.497048	0	0
180.547053	0	0
180.597058	0	0
180.647063	0	0
180.697068	0	0
180.747073	0	0
180.797078	0	0
180.847083	0	0
180.897088	0	0
180.947093	0	0
180.997098	0	0
181.047103	0	0
181.097108	0	0
181.147113	0	0
181.197118	0	0
181.247123	0	0
181.297128	0	0
181.347133	0	0
181.397138	0	0
181.447143	0	0
181.497148	0	0
181.547153	0	0
181.597158	0	0
181.647163	0	0
181.697168	0	0
181.747173	0	0
181.797178	0	0
181.847183	0	0
181.897188	0	0
181.947193	0	0
181.997198	0	0
182.047203	0	0
182.097208	0	0
182.147213	0	0
182.197218	0	0
182.247223	0	0
182.297228	0	0
182.347233	0	0
182.397238	0	0
182.447243	0	0
182.497248	0	0
182.547253	0	0
182.597258	0	0
182.647263	0	0
182.697268	0	0
182.747273	0	0
182.797278	0	0
182.847283	0	0
182.897288	0	0
182.947293	0	0
182.997298	0	0
183.047303	0	0
183.097308	0	0
183.147313	0	0
183.197318	0	0
183.247323	0	0
183.297328	0	0
183.347333	0	0
183.397338	0	0
183.447343	0	0
183.497348	0	0
183.547353	0	0
183.597358	0	0
183.647363	0	0
183.696368	0	0
183.746373	0	0
183.796378	0	0
183.846383	0	0
183.896388	0	0
183.946393	0	0
183.996397	0	0
184.046402	0	0
184.096408	0	0
184.146413	0	0
184.196418	0	0
184.246423	0	0
184.296428	0	0
184.346433	0	0
184.396438	0	0
184.446443	0	0
184.496448	0	0
184.546453	0	0
184.596457	0	0
184.646462	0	0
184.696468	0	0
184.746473	0	0
184.796478	0	0
184.846483	0	0
184.896488	0	0
184.946493	0	0
184.996498	0	0
185.046503	0	0
185.096508	0	0
185.146513	0	0
185.196517	0	0
185.246522	0	0
185.296528	0	0
185.346533	0	0
185.396538	0	0
185.446543	0	0
185.496548	0	0
185.546553	0	0
185.596558	0	0
185.646563	0	0
185.696568	0	0
185.746572	0	0
185.796577	0	0
185.846583	0	0
185.896588	0	0
185.946593	0	0
185.996598	0	0
186.046603	0	0
186.096608	0	0
186.146613	0	0
186.196618	0	0
186.246623	0	0
186.296628	0	0
186.346632	0	0
186.396637	0	0
186.446643	0	0
186.496648	0	0
186.546653	0	0
186.596658	0	0
186.646663	0	0
186.696668	0	0
186.746673	0	0
186.796678	0	0
186.846683	0	0
186.896688	0	0
186.946692	0	0
186.996697	0	0
187.046703	0	0
187.096708	0	0
187.146713	0	0
187.196718	0	0
187.246723	0	0
187.296728	0	0
187.346733	0	0
187.396738	0	0
187.446743	0	0
187.496747	0	0
187.546752	0	0
187.596758	0	0
187.646763	0	0
187.696768	0	0
187.746773	0	0
187.796778	0	0
187.846783	0	0
187.896788	0	0
187.946793	0	0
187.996798	0	0
188.046803	0	0
188.096807	0	0
188.146812	0	0
188.196818	0	0
188.246823	0	0
188.296828	0	0
188.346833	0	0
188.396838	0	0
188.446843	0	0
188.496848	0	0
188.546853	0	0
188.596858	0	0
188.646863	0	0
188.696867	0	0
188.746872	0	0
188.796878	0	0
188.846883	0	0
188.896888	0	0
188.946893	0	0
188.996898	0	0
189.046903	0	0
189.096908	0	0
189.146913	0	0
189.196918	0	0
189.246922	0	0
189.296927	0	0
189.346933	0	0
189.396938	0	0
189.446943	0	0
189.496948	0	0
189.546953	0	0
189.596958	0	0
189.646963	0	0
189.696968	0	0
189.746973	0	0
189.796978	0	0
189.846982	0	0
189.896987	0	0
189.946993	0	0
189.996998	0	0
190.047003	0	0
190.097008	0	0
190.147013	0	0
190.197018	0	0
190.247023	0	0
190.297028	0	0
190.347033	0	0
190.397038	0	0
190.447042	0	0
190.497047	0	0
190.547053	0	0
190.597058	0	0
190.647063	0	0
190.697068	0	0
190.747073	0	0
190.797078	0	0
190.847083	0	0
190.897088	0	0
190.947093	0	0
190.997097	0	0
191.047102	0	0
191.097108	0	0
191.147113	0	0
191.197118	0	0
191.247123	0	0
191.297128	0	0
191.347133	0	0
191.397138	0	0
191.447143	0	0
191.497148	0	0
191.547153	0	0
191.597157	0	0
191.647162	0	0
191.697168	0	0
191.747173	0	0
191.797178	0	0
191.847183	0	0
191.897188	0	0
191.947193	0	0
191.997198	0	0
192.047203	0	0
192.097208	0	0
192.147213	0	0
192.197217	0	0
192.247222	0	0
192.297228	0	0
192.347233	0	0
192.397238	0	0
192.447243	0	0
192.497248	0	0
192.547253	0	0
192.597258	0	0
192.647263	0	0
192.697268	0	0
192.747272	0	0
192.797277	0	0
192.847283	0	0
192.897288	0	0
192.947293	0	0
192.997298	0	0
193.047303	0	0
193.097308	0	0
193.147313	0	0
193.197318	0	0
193.247323	0	0
193.297328	0	0
193.347332	0	0
193.397337	0	0
193.447343	0	0
193.497348	0	0
193.547353	0	0
193.597358	0	0
193.647363	0	0
193.697368	0	0
193.747373	0	0
193.797378	0	0
193.847383	0	0
193.897388	0	0
193.947392	0	0
193.997397	0	0
194.047403	0	0
194.097408	0	0
194.147413	0	0
194.197418	0	0
194.247423	0	0
194.297428	0	0
194.347433	0	0
194.397438	0	0
194.447443	0	0
194.497447	0	0
194.547452	0	0
194.597458	0	0
194.647463	0	0
194.697468	0	0
194.747473	0	0
194.797478	0	0
194.847483	0	0
194.897488	0	0
194.947493	0	0
194.997498	0	0
195.047503	0	0
195.097507	0	0
195.147512	0	0
195.197518	0	0
195.247523	0	0
195.297528	0	0
195.347533	0	0
195.397538	0	0
195.447543	0	0
195.497548	0	0
195.547553	0	0
195.597558	0	0
195.647563	0	0
195.697567	0	0
195.747572	0	0
195.797578	0	0
195.847583	0	0
195.897588	0	0
195.947593	0	0
195.997598	0	0
196.047603	0	0
196.097608	0	0
196.147613	0	0
196.197618	0	0
196.247622	0	0
196.297627	0	0
196.347633	0	0
196.397638	0	0
196.447643	0	0
196.497648	0	0
196.547653	0	0
196.597658	0	0
196.647663	0	0
196.697668	0	0
196.747673	0	0
196.797678	0	0
196.847682	0	0
196.897687	0	0
196.947693	0	0
196.997698	0	0
197.047703	0	0
197.097708	0	0
197.147713	0	0
197.197718	0	0
197.247723	0	0
197.297728	0	0
197.347733	0	0
197.397738	0	0
197.447742	0	0
197.497747	0	0
197.547753	0	0
197.597758	0	0
197.647763	0	0
197.697768	0	0
197.747773	0	0
197.797778	0	0
197.847783	0	0
197.897788	0	0
197.947793	0	0
197.997797	0	0
198.047802	0	0
198.097808	0	0
198.147813	0	0
198.197818	0	0
198.247823	0	0
198.297828	0	0
198.347833	0	0
198.397838	0	0
198.447843	0	0
198.497848	0	0
198.547853	0	0
198.597857	0	0
198.647862	0	0
198.697868	0	0
198.747873	0	0
198.797878	0	0
198.847883	0	0
198.897888	0	0
198.947893	0	0
198.997898	0	0
199.047903	0	0
199.097908	0	0
199.147913	0	0
199.197917	0	0
199.247922	0	0
199.297928	0	0
199.347933	0	0
199.397938	0	0
199.447943	0	0
199.497948	0	0
199.547953	0	0
199.597958	0	0
199.647963	0	0
199.697968	0	0
199.747972	0	0
199.797977	0	0
199.847983	0	0
199.897988	0	0
199.947993	0	0
199.997998	0	0
200.048003	0	0
200.098008	0	0
200.148013	0	0
200.198018	0	0
200.248023	0	0
200.298028	0	0
200.348032	0	0
200.398037	0	0
200.448043	0	0
200.498048	0	0
200.548053	0	0
200.598058	0	0
200.648063	0	0
200.698068	0	0
200.748073	0	0
200.798078	0	0
200.848083	0	0
200.898088	0	0
200.948092	0	0
200.998097	0	0
201.048103	0	0
201.098108	0	0
201.148113	0	0
201.197117	0	0
201.247123	0	0
201.297128	0	0
201.347133	0	0
201.397138	0	0
201.447143	0	0
201.497148	0	0
201.547153	0	0
201.597157	0	0
201.647162	0	0
201.697167	0	0
201.747172	0	0
201.797178	0	0
201.847183	0	0
201.897188	0	0
201.947193	0	0
201.997198	0	0
202.047203	0	0
202.097208	0	0
202.147213	0	0
202.197217	0	0
202.247222	0	0
202.297227	0	0
202.347232	0	0
202.397238	0	0
202.447243	0	0
202.497248	0	0
202.547253	0	0
202.597258	0	0
202.647263	0	0
202.697268	0	0
202.747272	0	0
202.797277	0	0
202.847282	0	0
202.897287	0	0
202.947292	0	0
202.997298	0	0
203.047303	0	0
203.097308	0	0
203.147313	0	0
203.197318	0	0
203.247323	0	0
203.297328	0	0
203.347332	0	0
203.397337	0	0
203.447342	0	0
203.497347	0	0
203.547353	0	0
203.597358	0	0
203.647363	0	0
203.697368	0	0
203.747373	0	0
203.797378	0	0
203.847383	0	0
203.897388	0	0
203.947392	0	0
203.997397	0	0
204.047402	0	0
204.097407	0	0
204.147413	0	0
204.197418	0	0
204.247423	0	0
204.297428	0	0
204.347433	0	0
204.397438	0	0
204.447443	0	0
204.497447	0	0
204.547452	0	0
204.597457	0	0
204.647462	0	0
204.697467	0	0
204.747473	0	0
204.797478	0	0
204.847483	0	0
204.897488	0	0
204.947493	0	0
204.997498	0	0
205.047503	0	0
205.097507	0	0
205.147512	0	0
205.197517	0	0
205.247522	0	0
205.297528	0	0
205.347533	0	0
205.397538	0	0
205.447543	0	0
205.497548	0	0
205.547553	0	0
205.597558	0	0
205.647563	0	0
205.697567	0	0
205.747572	0	0
205.797577	0	0
205.847582	0	0
205.897588	0	0
205.947593	0	0
205.997598	0	0
206.047603	0	0
206.097608	0	0
206.147613	0	0
206.197618	0	0
206.247622	0	0
206.297627	0	0
206.347632	0	0
206.397637	0	0
206.447642	0	0
206.497648	0	0
206.547653	0	0
206.597658	0	0
206.647663	0	0
206.697668	0	0
206.747673	0	0
206.797678	0	0
206.847682	0	0
206.897687	0	0
206.947692	0	0
206.997697	0	0
207.047703	0	0
207.097708	0	0
207.147713	0	0
207.197718	0	0
207.247723	0	0
207.297728	0	0
207.347733	0	0
207.397738	0	0
207.447742	0	0
207.497747	0	0
207.547752	0	0
207.597757	0	0
207.647763	0	0
207.697768	0	0
207.747773	0	0
207.797778	0	0
207.847783	0	0
207.897788	0	0
207.947793	0	0
207.997797	0	0
208.047802	0	0
208.097807	0	0
208.147812	0	0
208.197817	0	0
208.247823	0	0
208.297828	0	0
208.347833	0	0
208.397838	0	0
208.447843	0	0
208.497848	0	0
208.547853	0	0
208.597857	0	0
208.647862	0	0
208.697867	0	0
208.747872	0	0
208.797878	0	0
208.847883	0	0
208.897888	0	0
208.947893	0	0
208.997898	0	0
209.047903	0	0
209.097908	0	0
209.147913	0	0
209.197917	0	0
209.247922	0	0
209.297927	0	0
209.347932	0	0
209.397938	0	0
209.447943	0	0
209.497948	0	0
209.547953	0	0
209.597958	0	0
209.647963	0	0
209.697968	0	0
209.747972	0	0
209.797977	0	0
209.847982	0	0
209.897987	0	0
209.947992	0	0
209.997998	0	0
210.048003	0	0
210.098008	0	0
210.148013	0	0
210.198018	0	0
210.248023	0	0
210.298028	0	0
210.348032	0	0
210.398037	0	0
210.448042	0	0
210.498047	0	0
210.548053	0	0
210.598058	0	0
210.648063	0	0
210.698068	0	0
210.748073	0	0
210.798078	0	0
210.848083	0	0
210.898088	0	0
210.948092	0	0
210.998097	0	0
211.048102	0	0
211.098107	0	0
211.148113	0	0
211.198118	0	0
211.248123	0	0
211.298128	0	0
211.348133	0	0
211.398138	0	0
211.448143	0	0
211.498147	0	0
211.548152	0	0
211.598157	0	0
211.648162	0	0
211.698167	0	0
211.748173	0	0
211.798178	0	0
211.848183	0	0
211.898188	0	0
211.948193	0	0
211.998198	0	0
212.048203	0	0
212.098207	0	0
212.148212	0	0
212.198217	0	0
212.248222	0	0
212.298228	0	0
212.348233	0	0
212.398238	0	0
212.448243	0	0
212.498248	0	0
212.548253	0	0
212.598258	0	0
212.648263	0	0
212.698267	0	0
212.748272	0	0
212.798277	0	0
212.848282	0	0
212.898288	0	0
212.948293	0	0
212.998298	0	0
213.048303	0	0
213.098308	0	0
213.148313	0	0
213.198318	0	0
213.248322	0	0
213.298327	0	0
213.348332	0	0
213.398337	0	0
213.448342	0	0
213.498348	0	0
213.548353	0	0
213.598358	0	0
213.648363	0	0
213.698368	0	0
213.748373	0	0
213.798378	0	0
213.848382	0	0
213.898387	0	0
213.948392	0	0
213.998397	0	0
214.048403	0	0
214.098408	0	0
214.148413	0	0
214.198418	0	0
214.248423	0	0
214.298428	0	0
214.348433	0	0
214.398437	0	0
214.448442	0	0
214.498447	0	0
214.548452	0	0
214.598457	0	0
214.648463	0	0
214.698468	0	0
214.748473	0	0
214.798478	0	0
214.848483	0	0
214.898488	0	0
214.948493	0	0
214.998497	0	0
215.048502	0	0
215.098507	0	0
215.148512	0	0
215.198517	0	0
215.248523	0	0
215.298528	0	0
215.348533	0	0
215.398538	0	0
215.448543	0	0
215.498548	0	0
215.548553	0	0
215.598557	0	0
215.648562	0	0
215.698567	0	0
215.748572	0	0
215.798578	0	0
215.848583	0	0
215.898588	0	0
215.948593	0	0
215.998598	0	0
216.048603	0	0
216.098608	0	0
216.148612	0	0
216.198617	0	0
216.248622	0	0
216.298627	0	0
216.348632	0	0
216.398638	0	0
216.448643	0	0
216.498648	0	0
216.548653	0	0
216.598658	0	0
216.648663	0	0
216.698668	0	0
216.748672	0	0
216.798677	0	0
216.848682	0	0
216.898687	0	0
216.948692	0	0
216.998698	0	0
217.048703	0	0
217.098708	0	0
217.148713	0	0
217.198718	0	0
217.248723	0	0
217.298728	0	0
217.348732	0	0
217.398737	0	0
217.448742	0	0
217.498747	0	0
217.548753	0	0
217.598758	0	0
217.648763	0	0
217.698768	0	0
217.748773	0	0
217.798778	0	0
217.848783	0	0
217.898787	0	0
217.948792	0	0
217.998797	0	0
218.048802	0	0
218.098807	0	0
218.148813	0	0
218.198818	0	0
218.248823	0	0
218.298828	0	0
218.348833	0	0
218.398838	0	0
218.448843	0	0
218.498847	0	0
218.548852	0	0
218.598857	0	0
218.648862	0	0
218.697867	0	0
218.747872	0	0
218.797877	0	0
218.847882	0	0
218.897887	0	0
218.947893	0	0
218.997898	0	0
219.047903	0	0
219.097908	0	0
219.147913	0	0
219.197917	0	0
219.247922	0	0
219.297927	0	0
219.347932	0	0
219.397937	0	0
219.447942	0	0
219.497948	0	0
219.547953	0	0
219.597958	0	0
219.647963	0	0
219.697968	0	0
219.747972	0	0
219.797977	0	0
219.847982	0	0
219.897987	0	0
219.947992	0	0
219.997997	0	0
220.048002	0	0
220.098008	0	0
220.148013	0	0
220.198018	0	0
220.248023	0	0
220.298028	0	0
220.348032	0	0
220.398037	0	0
220.448042	0	0
220.498047	0	0
220.548052	0	0
220.598057	0	0
220.648062	0	0
220.698068	0	0
220.748073	0	0
220.798078	0	0
220.848083	0	0
220.898088	0	0
220.948092	0	0
220.998097	0	0
221.048102	0	0
221.098107	0	0
221.148112	0	0
221.198117	0	0
221.248123	0	0
221.298128	0	0
221.348133	0	0
221.398138	0	0
221.448143	0	0
221.498147	0	0
221.548152	0	0
221.598157	0	0
221.648162	0	0
221.698167	0	0
221.748172	0	0
221.798177	0	0
221.848183	0	0
221.898188	0	0
221.948193	0	0
221.998198	0	0
222.048203	0	0
222.098207	0	0
222.148212	0	0
222.198217	0	0
222.248222	0	0
222.298227	0	0
222.348232	0	0
222.398237	0	0
222.448243	0	0
222.498248	0	0
222.548253	0	0
222.598258	0	0
222.648263	0	0
222.698267	0	0
222.748272	0	0
222.798277	0	0
222.848282	0	0
222.898287	0	0
222.948292	0	0
222.998298	0	0
223.048303	0	0
223.098308	0	0
223.148313	0	0
223.198318	0	0
223.248322	0	0
223.298327	0	0
223.348332	0	0
223.398337	0	0
223.448342	0	0
223.498347	0	0
223.548352	0	0
223.598358	0	0
223.648363	0	0
223.698368	0	0
223.748373	0	0
223.798378	0	0
223.848382	0	0
223.898387	0	0
223.948392	0	0
223.998397	0	0
224.048402	0	0
224.098407	0	0
224.148412	0	0
224.198418	0	0
224.248423	0	0
224.298428	0	0
224.348433	0	0
224.398437	0	0
224.448442	0	0
224.498447	0	0
224.548452	0	0
224.598457	0	0
224.648462	0	0
224.698467	0	0
224.748473	0	0
224.798478	0	0
224.848483	0	0
224.898488	0	0
224.989497	0	0
224.998497	0	0
225.058504	0	0
225.105508	0	0
225.183516	0	0
225.199518	0	0
225.268525	0	0
225.299528	0	0
225.349533	0	0
225.399538	0	0
225.449543	0	0
225.499547	0	0
225.549552	0	0
225.599557	0	0
225.649562	0	0
225.699568	0	0
225.749573	0	0
225.799578	0	0
225.849583	0	0
225.899588	0	0
225.949593	0	0
225.999598	0	0
226.049603	0	0
226.099607	0	0
226.149612	0	0
226.199617	0	0
226.249622	0	0
226.299628	0	0
226.349633	0	24
226.399638	0	88
226.449643	0	196
226.499648	0	212
226.549653	0	292
226.599658	0	400
226.649662	0	548
226.699667	0	620
226.749672	0	620
226.799677	0	620
226.849682	0	620
226.899688	0	704
226.949693	0	752
226.999698	0	752
227.049703	0	808
227.099708	0	864
227.149713	0	864
227.199718	0	908
227.249722	0	964
227.299727	0	964
227.349732	0	1004
227.399737	0	1036
227.449743	0	1056
227.499748	0	1104
227.549753	0	1128
227.599758	0	1128
227.649763	0	1168
227.699768	0	1216
227.749773	0	1236
227.799778	0	1268
227.849782	0	1332
227.899787	0	1348
227.949792	0	1488
227.999797	245	1632
228.049803	245	1656
228.099808	245	1720
228.149813	245	1784
228.199818	245	1876
228.249823	241	1924
228.299828	237	1976
228.349833	237	2004
228.399837	237	2064
228.449842	237	2108
228.499847	237	2168
228.549852	237	2168
228.599857	237	2168
228.649863	237	2168
228.699868	237	2168
228.749873	237	2168
228.799878	237	2168
228.849883	237	2168
228.899888	237	2168
228.949893	237	2168
228.999897	237	2168
229.049902	237	2168
229.099907	237	2168
229.149912	237	2168
229.199918	237	2168
229.249923	237	2168
229.299928	237	2168
229.349933	237	2168
229.399938	237	2168
229.449943	237	2168
229.499948	237	2168
229.549953	237	2168
229.599957	237	2168
229.649962	237	2168
229.699967	237	2168
229.749972	237	2168
229.799978	237	2168
229.849983	237	2168
229.899988	237	2168
229.949993	237	2168
229.999998	237	2168
230.050003	237	2168
230.100008	237	2168
230.150012	237	2168
230.200017	237	2168
230.250022	237	2168
230.300027	237	2168
230.350032	237	2168
230.400038	237	2168
230.450043	237	2168
230.500048	237	2168
230.550053	237	2168
230.600058	237	2168
230.650063	237	2168
230.700068	237	2168
230.750072	237	2168
230.800077	237	2168
230.850082	237	2168
230.900087	237	2168
230.950093	237	2168
231.000098	237	2168
231.050103	237	2168
231.100108	237	2168
231.150113	237	2168
231.200118	237	2168
231.250123	237	2168
231.300128	237	2168
231.350132	237	2168
231.400137	237	2168
231.450142	237	2168
231.500147	237	2168
231.550153	237	2168
231.600158	237	2168
231.650163	237	2168
231.700168	237	2168
231.750173	237	2168
231.800178	237	2168
231.850183	237	2168
231.900187	237	2168
231.950192	237	2168
232.000197	237	2168
232.050202	237	2168
232.100207	237	2168
232.150213	237	2168
232.200218	237	2168
232.250223	237	2168
232.300228	237	2168
232.350233	237	2168
232.400238	237	2168
232.450243	237	2168
232.500247	237	2168
232.550252	237	2168
232.600257	237	2168
232.650262	237	2168
232.700268	237	2168
232.750273	237	2168
232.800278	237	2168
232.850283	237	2168
232.900288	237	2168
232.950293	237	2168
233.000298	237	2168
233.050303	237	2168
233.100307	237	2168
233.150312	237	2168
233.200317	237	2168
233.250322	237	2168
233.300328	237	2168
233.350333	237	2168
233.400338	237	2168
233.450343	237	2168
233.500348	237	2168
233.550353	237	2168
233.600358	237	2168
233.650362	237	2168
233.700367	237	2168
233.750372	237	2168
233.800377	237	2168
233.850382	237	2168
233.900388	237	2168
233.950393	237	2168
234.000398	237	2168
234.050403	237	2168
234.100408	237	2168
234.150413	237	2168
234.200418	237	2168
234.250422	237	2168
234.300427	237	2168
234.350432	237	2168
234.400437	237	2168
234.450443	237	2168
234.500448	237	2168
234.550453	237	2168
234.600458	237	2168
234.650463	237	2168
234.700468	237	2168
234.750473	237	2168
234.800478	237	2168
234.850482	237	2168
234.910489	237	2168
234.950492	237	2168
235.000497	237	2168
235.050503	237	2168
235.100508	237	2168
235.150513	237	2168
235.200518	237	2168
235.250523	237	2168
235.300528	237	2168
235.350533	237	2168
235.400537	237	2168
235.450542	237	2168
235.500547	237	2168
235.550552	237	2168
235.600557	237	2168
235.650563	237	2168
235.700568	237	2168
235.750573	237	2168
235.800578	237	2168
235.850583	237	2168
235.900588	237	2168
235.950593	237	2168
236.000597	237	2168
236.050602	237	2168
236.100607	237	2168
236.149612	237	2168
236.199617	237	2168
236.249622	237	2168
236.299627	237	2168
236.349632	237	2168
236.399637	237	2168
236.449643	237	2176
236.499648	237	2184
236.549653	237	2184
236.599658	237	2184
236.649662	237	2192
236.699667	237	2192
236.749672	237	2192
236.799677	237	2192
236.849682	237	2192
236.899687	237	2192
236.949692	237	2192
236.999698	237	2192
237.049703	237	2192
237.099708	237	2192
237.149713	237	2192
237.199718	237	2192
237.249722	237	2192
237.299727	237	2192
237.349732	237	2192
237.399737	237	2192
237.449742	237	2192
237.499747	237	2192
237.549752	237	2192
237.599758	237	2192
237.649763	237	2192
237.699768	237	2192
237.749773	237	2192
237.799778	237	2192
237.849782	237	2192
237.899787	237	2192
237.949792	237	2192
237.999797	237	2192
238.049802	237	2192
238.099807	237	2192
238.149812	237	2192
238.199818	237	2192
238.249823	237	2192
238.299828	237	2192
238.349833	237	2192
238.399837	237	2192
238.449842	237	2192
238.499847	237	2192
238.549852	237	2192
238.599857	237	2192
238.649862	237	2192
238.699867	237	2192
238.749873	237	2180
238.799878	237	2152
238.849883	237	2152
238.899888	237	2112
238.949893	237	2072
238.999897	237	2036
239.049902	237	2032
239.099907	237	2012
239.149912	237	2000
239.199917	237	1976
239.249922	237	1940
239.299927	237	1916
239.349933	237	1888
239.399938	237	1840
239.449943	237	1804
239.499948	237	1752
239.549953	237	1668
239.599957	237	1604
239.649962	0	1552
239.699967	0	1488
239.749972	0	1408
239.799977	0	1364
239.849982	0	1300
239.899987	0	1260
239.949993	0	1228
239.999998	0	1200
240.050003	0	1168
240.100008	0	1088
240.150012	0	1004
240.200017	0	908
240.250022	0	824
240.300027	0	800
240.350032	0	784
240.400037	0	736
240.450042	0	736
240.500048	0	736
240.550053	0	736
240.600058	0	736
240.650063	0	736
240.700068	0	736
240.750072	0	736
240.800077	0	736
240.850082	0	736
240.900087	0	736
240.950092	0	736
241.000097	0	736
241.050102	0	736
241.100108	0	736
241.150113	0	736
241.200118	0	736
241.250123	0	736
241.300128	0	736
241.350132	0	736
241.400137	0	736
241.450142	0	736
241.500147	0	736
241.550152	0	736
241.600157	0	736
241.650162	0	736
241.700168	0	736
241.750173	0	736
241.800178	0	736
241.850183	0	736
241.900187	0	736
241.950192	0	736
242.000197	0	736
242.050202	0	736
242.100207	0	736
242.150212	0	736
242.200217	0	736
242.250223	0	736
242.300228	0	736
242.350233	0	736
242.400238	0	704
242.450243	0	628
242.500247	0	604
242.550252	0	496
242.600257	0	408
242.650262	0	308
242.700267	0	56
242.750272	0	48
242.800277	0	48
242.850283	0	0
242.900288	0	0
242.950293	0	0
243.000298	0	0
243.050303	0	0
243.100307	0	0
243.150312	0	0
243.200317	0	0
243.250322	0	0
243.300327	0	0
243.350332	0	0
243.400337	0	0
243.450343	0	0
243.500348	0	0
243.550353	0	0
243.600358	0	0
243.650362	0	0
243.700367	0	0
243.750372	0	0
243.800377	0	0
243.850382	0	0
243.900387	0	0
243.950392	0	0
244.000398	0	0
244.050403	0	0
244.100408	0	0
244.150413	0	0
244.200418	0	0
244.250422	0	0
244.300427	0	0
244.350432	0	0
244.400437	0	0
244.450442	0	0
244.500447	0	0
244.550452	0	0
244.600458	0	0
244.650463	0	0
244.700468	0	0
244.750473	0	0
244.800478	0	0
244.850482	0	0
244.900487	0	0
244.970494	0	0
245.000497	0	0
245.050502	0	0
245.100507	0	0
245.150513	0	0
245.200518	0	0
245.250523	0	0
245.300528	0	0
245.350533	0	0
245.400537	0	0
245.450542	0	0
245.500547	0	0
245.550552	0	0
245.600557	0	0
245.650562	0	0
245.700567	0	0
245.750573	0	0
245.800578	0	0
245.850583	0	0
245.900588	0	0
245.950593	0	0
246.000597	0	0
246.050602	0	0
246.100607	0	0
246.150612	0	0
246.200617	0	0
246.250622	0	0
246.300627	0	0
246.350633	0	0
246.400638	0	0
246.450643	0	0
246.500648	0	0
246.550653	0	0
246.600657	0	0
246.650662	0	0
246.700667	0	0
246.750672	0	0
246.800677	0	0
246.850682	0	0
246.900688	0	0
246.950693	0	0
247.000698	0	0
247.050703	0	0
247.100708	0	0
247.150712	0	0
247.200717	0	0
247.250722	0	0
247.300727	0	0
247.350732	0	0
247.400737	0	0
247.450742	0	0
247.500748	0	0
247.550753	0	0
247.600758	0	0
247.650763	0	0
247.700768	0	0
247.750772	0	0
247.800777	0	0
247.850782	0	0
247.900787	0	0
247.950792	0	0
248.000797	0	0
248.050802	0	0
248.100808	0	0
248.150813	0	0
248.200818	0	0
248.250823	0	0
248.300828	0	0
248.350832	0	0
248.400837	0	0
248.450842	0	0
248.500847	0	0
248.550852	0	0
248.600857	0	0
248.650863	0	0
248.700868	0	0
248.750873	0	0
248.800878	0	0
248.850883	0	0
248.900887	0	0
248.950892	0	0
249.000897	0	0
249.050902	0	0
249.100907	0	0
249.150912	0	0
249.200917	0	0
249.250923	0	0
249.300928	0	0
249.350933	0	0
249.400938	0	0
249.450943	0	0
249.500947	0	0
249.550952	0	0
249.600957	0	0
249.650962	0	0
249.700967	0	0
249.750972	0	0
249.800977	0	0
249.850983	0	0
249.900988	0	0
249.950993	0	0
250.000998	0	0
250.051003	0	0
250.101007	0	0
250.151012	0	0
250.201017	0	0
250.251022	0	0
250.301027	0	0
250.351032	0	0
250.401038	0	0
250.451043	0	0
250.501048	0	0
250.551053	0	0
250.601058	0	0
250.651062	0	0
250.701067	0	0
250.751072	0	0
250.801077	0	0
250.851082	0	0
250.901087	0	0
250.951092	0	0
251.001098	0	0
251.051103	0	0
251.101108	0	0
251.151113	0	0
251.201118	0	0
251.251122	0	0
251.301127	0	0
251.351132	0	0
251.401137	0	0
251.451142	0	0
251.501147	0	0
251.551152	0	0
251.601158	0	0
251.651163	0	0
251.701168	0	0
251.751173	0	0
251.801178	0	0
251.851182	0	0
251.901187	0	0
251.951192	0	0
252.001197	0	0
252.051202	0	0
252.101207	0	0
252.151213	0	0
252.201218	0	0
252.251223	0	0
252.301228	0	0
252.351233	0	0
252.401237	0	0
252.451242	0	0
252.501247	0	0
252.551252	0	0
252.601257	0	0
252.651262	0	0
252.701267	0	0
252.751273	0	0
252.801278	0	0
252.851283	0	0
252.901288	0	0
252.951293	0	0
253.001297	0	0
253.051302	0	0
253.101307	0	0
253.151312	0	0
253.201317	0	0
253.251322	0	0
253.301327	0	0
253.351333	0	0
253.401338	0	0
253.451343	0	0
253.501348	0	0
253.551353	0	0
253.601357	0	0
253.650362	0	0
253.700367	0	0
253.750372	0	0
253.800377	0	0
253.850382	0	0
253.900387	0	0
253.950392	0	0
254.000397	0	0
254.050402	0	0
254.100407	0	0
254.150413	0	0
254.200418	0	0
254.250422	0	0
254.300427	0	0
254.350432	0	0
254.400437	0	0
254.450442	0	0
254.500447	0	0
254.550452	0	0
254.600457	0	0
254.650462	0	0
254.700468	0	0
254.750473	0	0
254.800478	0	0
254.850482	0	0
254.948492	0	0
254.954493	0	0
255.000497	0	0
255.050502	0	0
255.100507	0	0
255.150512	0	0
255.200517	0	0
255.250522	0	0
255.300528	0	0
255.350533	0	0
255.400537	0	0
255.450542	0	0
255.500547	0	0
255.550552	0	0
255.600557	0	0
255.650562	0	0
255.700567	0	0
255.750572	0	0
255.800577	0	0
255.850582	0	0
255.900588	0	0
255.950593	0	0
256.000597	0	0
256.050602	0	0
256.100607	0	0
256.150612	0	0
256.200617	0	0
256.250622	0	0
256.300627	0	0
256.350632	0	0
256.400637	0	0
256.450643	0	0
256.500648	0	0
256.550653	0	0
256.600657	0	0
256.650662	0	0
256.700667	0	0
256.750672	0	0
256.800677	0	0
256.850682	0	0
256.900687	0	0
256.950692	0	0
257.000697	0	0
257.050703	0	0
257.100708	0	0
257.150712	0	0
257.200717	0	0
257.250722	0	0
257.300727	0	0
257.350732	0	0
257.400737	0	0
257.450742	0	0
257.500747	0	0
257.550752	0	0
257.600757	0	0
257.650763	0	0
257.700768	0	0
257.750772	0	0
257.800777	0	0
257.850782	0	0
257.900787	0	0
257.950792	0	0
258.000797	0	0
258.050802	0	0
258.100807	0	0
258.150812	0	0
258.200818	0	0
258.250823	0	0
258.300828	0	0
258.350832	0	0
258.400837	0	0
258.450842	0	0
258.500847	0	0
258.550852	0	0
258.600857	0	0
258.650862	0	0
258.700867	0	0
258.750872	0	0
258.800878	0	0
258.850883	0	0
258.900887	0	0
258.950892	0	0
259.000897	0	0
259.050902	0	0
259.100907	0	0
259.150912	0	0
259.200917	0	0
259.250922	0	0
259.300927	0	0
259.350932	0	0
259.400938	0	0
259.450943	0	0
259.500947	0	0
259.550952	0	0
259.600957	0	0
259.650962	0	0
259.700967	0	0
259.750972	0	0
259.800977	0	0
259.850982	0	0
259.900987	0	0
259.950993	0	0
260.000998	0	0
260.051003	0	24
260.101007	0	24
260.151012	0	24
260.201017	0	24
260.251022	0	24
260.301027	0	24
260.351032	0	24
260.401037	0	56
260.451042	0	56
260.501047	0	56
260.551053	0	56
260.601058	0	56
260.651062	0	56
260.701067	0	56
260.751072	0	56
260.801077	0	56
260.851082	0	56
260.901087	0	56
260.951092	0	56
261.001097	0	56
261.051102	0	56
261.101107	0	56
261.151113	0	56
261.201118	0	56
261.251122	0	56
261.301127	0	56
261.351132	0	56
261.401137	0	56
261.451142	0	56
261.501147	0	56
261.551152	0	56
261.601157	0	56
261.651162	0	56
261.701168	0	56
261.751173	0	56
261.801178	0	56
261.851182	0	56
261.901187	0	64
261.951192	0	128
262.001197	0	128
262.051202	0	128
262.101207	0	128
262.151212	0	128
262.201217	0	160
262.251222	0	188
262.301228	0	188
262.351233	0	252
262.401237	0	252
262.451242	0	252
262.501247	0	252
262.551252	0	252
262.601257	0	260
262.651262	0	276
262.701267	0	276
262.751272	0	300
262.801277	0	332
262.851282	0	332
262.901288	0	352
262.951293	0	352
263.001297	0	352
263.051302	0	352
263.101307	0	352
263.151312	0	376
263.201317	0	376
263.251322	0	376
263.301327	0	376
263.351332	0	376
263.401337	0	376
263.451343	0	376
263.501348	0	376
263.551353	0	376
263.601357	0	376
263.651362	0	376
263.701367	0	376
263.751372	0	376
263.801377	0	376
263.851382	0	376
263.901387	0	376
263.951392	0	376
264.001397	0	376
264.051403	0	376
264.101408	0	376
264.151412	0	376
264.201417	0	376
264.251422	0	392
264.301427	0	392
264.351432	0	432
264.401437	0	432
264.451442	0	432
264.501447	0	432
264.551452	0	432
264.601458	0	432
264.651463	0	432
264.701468	0	432
264.751472	0	432
264.801477	0	432
264.851482	0	432
264.901487	0	432
264.951492	0	432
265.001497	0	432
265.051502	0	432
265.101507	0	432
265.151512	0	432
265.201518	0	432
265.251523	0	432
265.301528	0	456
265.351532	0	456
265.401537	0	456
265.451542	0	456
265.501547	0	456
265.551552	0	464
265.601557	0	464
265.651562	0	464
265.701567	0	464
265.751572	0	480
265.801578	0	480
265.851583	0	480
265.901587	0	480
265.951592	0	480
266.001597	0	480
266.051602	0	488
266.101607	0	488
266.151612	0	540
266.201617	0	540
266.251622	0	540
266.301627	0	556
266.351633	0	556
266.401638	0	572
266.451643	0	572
266.501647	0	588
266.551652	0	588
266.601657	0	588
266.651662	0	620
266.701667	0	620
266.751672	0	620
266.801677	0	620
266.851682	0	644
266.901687	0	660
266.951693	0	704
267.001698	0	704
267.051702	0	704
267.101707	0	712
267.151712	0	720
267.201717	0	720
267.251722	0	720
267.301727	0	720
267.351732	0	720
267.401737	0	728
267.451742	0	736
267.501747	0	752
267.551753	0	768
267.601758	0	856
267.651762	0	856
267.701767	0	856
267.751772	0	864
267.801777	0	892
267.851782	0	924
267.901787	0	924
267.951792	0	940
268.001797	0	996
268.051802	0	1020
268.101808	0	1020
268.151813	0	1096
268.201818	0	1128
268.251822	0	1128
268.301827	0	1184
268.351832	0	1184
268.401837	0	1184
268.451842	0	1184
268.501847	0	1184
268.551852	0	1184
268.601857	0	1184
268.651862	0	1184
268.701868	0	1184
268.751873	0	1216
268.801877	0	1216
268.851882	0	1228
268.901887	0	1324
268.951892	0	1324
269.001897	0	1332
269.051902	0	1356
269.101907	0	1380
269.151912	0	1480
269.201917	0	1480
269.251922	0	1504
269.301928	0	1536
269.351933	237	1576
269.401937	237	1616
269.451942	237	1628
269.501947	237	1628
269.551952	237	1684
269.601957	237	1708
269.651962	237	1716
269.701967	237	1740
269.751972	237	1792
269.801977	237	1816
269.851983	237	1816
269.901988	237	1820
269.951993	237	1824
270.001997	237	1836
270.052002	237	1836
270.102007	237	1836
270.152012	237	1836
270.202017	237	1836
270.252022	237	1836
270.302027	237	1848
270.352032	237	1864
270.402037	237	1864
270.452043	237	1864
270.502048	237	1876
270.552052	237	1880
270.602057	237	1880
270.652062	237	1904
270.702067	237	1904
270.752072	237	1904
270.802077	237	1904
270.852082	237	1904
270.902087	237	1904
270.952092	237	1904
271.002097	237	1904
271.052103	237	1904
271.102108	237	1904
271.151112	237	1904
271.201117	237	1904
271.251122	237	1904
271.301127	237	1904
271.351132	237	1904
271.401137	237	1904
271.451142	237	1904
271.501147	237	1904
271.551152	237	1904
271.601157	237	1904
271.651162	237	1904
271.701167	237	1904
271.751172	237	1904
271.801177	237	1904
271.851182	237	1904
271.901187	237	1904
271.951192	237	1904
272.001197	237	1904
272.051202	237	1904
272.101207	237	1904
272.151212	237	1904
272.201217	237	1904
272.251222	237	1904
272.301227	237	1904
272.351232	237	1904
272.401237	237	1904
272.451242	237	1904
272.501247	237	1904
272.551252	237	1904
272.601257	237	1904
272.651262	237	1904
272.701267	237	1904
272.751272	237	1904
272.801277	237	1908
272.851282	237	1908
272.901287	237	1916
272.951292	237	1936
273.001297	237	1936
273.051302	237	1944
273.101307	237	1944
273.151312	237	1944
273.201317	237	1944
273.251322	237	1956
273.301327	237	1956
273.351332	237	1960
273.401337	237	1960
273.451342	237	1972
273.501347	237	1972
273.551352	237	1972
273.601357	237	1972
273.651362	237	1972
273.701367	237	1972
273.751372	237	1972
273.801377	237	1976
273.851382	237	1976
273.901387	237	1976
273.951392	237	1976
274.001397	237	1976
274.051402	237	1996
274.101407	237	2008
274.151412	237	2008
274.201417	237	2012
274.251422	237	2012
274.301427	237	2012
274.351432	237	2012
274.401437	237	2016
274.451442	237	2024
274.501447	237	2052
274.551452	237	2052
274.601457	237	2060
274.651462	237	2064
274.701467	237	2072
274.751472	237	2104
274.801477	237	2104
274.851482	237	2112
274.905488	237	2112
274.951492	237	2112
275.001497	237	2112
275.051502	237	2116
275.101507	237	2116
275.151512	237	2116
275.201517	237	2124
275.251522	237	2124
275.301527	253	2124
275.351532	253	2136
275.401537	289	2172
275.451542	293	2172
275.501547	317	2180
275.551552	329	2184
275.601557	369	2200
275.651562	389	2200
275.701567	441	2200
275.751572	457	2208
275.801577	469	2216
275.851582	469	2220
275.901587	513	2244
275.951592	513	2256
276.001597	537	2276
276.051602	565	2304
276.101607	569	2304
276.151612	577	2304
276.201617	581	2312
276.251622	605	2320
276.301627	605	2320
276.351632	605	2320
276.401637	649	2320
276.451642	649	2320
276.501647	649	2320
276.551652	649	2320
276.601657	649	2320
276.651662	649	2320
276.701667	669	2320
276.751672	669	2320
276.801677	673	2320
276.851682	685	2336
276.901687	693	2336
276.951692	693	2336
277.001697	693	2336
277.051702	693	2344
277.101707	693	2348
277.151712	693	2352
277.201717	693	2352
277.251722	693	2360
277.301727	693	2368
277.351732	697	2384
277.401737	713	2404
277.451742	745	2404
277.501747	761	2416
277.551752	809	2440
277.601757	841	2440
277.651762	901	2484
277.701767	913	2488
277.751772	913	2500
277.801777	913	2500
277.851782	913	2500
277.901787	913	2512
277.951792	913	2512
278.001797	913	2512
278.051802	913	2512
278.101807	913	2512
278.151812	913	2512
278.201817	913	2512
278.251822	913	2512
278.301827	913	2512
278.351832	913	2512
278.401837	913	2512
278.451842	913	2512
278.501847	913	2512
278.551852	913	2512
278.601857	913	2528
278.651862	913	2536
278.701867	913	2536
278.751872	913	2536
278.801877	913	2536
278.851882	913	2556
278.901887	913	2556
278.951892	913	2556
279.001897	913	2580
279.051902	913	2580
279.101907	913	2580
279.151912	913	2580
279.201917	913	2580
279.251922	913	2580
279.301927	913	2580
279.351932	913	2580
279.401937	913	2580
279.451942	913	2604
279.501947	913	2604
279.551952	913	2604
279.601957	913	2620
279.651962	913	2624
279.701967	913	2624
279.751972	913	2624
279.801977	913	2624
279.851982	913	2636
279.901987	913	2636
279.951992	913	2648
280.001997	913	2648
280.052002	913	2648
280.102007	913	2680
280.152012	913	2680
280.202017	913	2684
280.252022	913	2688
280.302027	913	2704
280.352032	913	2704
280.402037	913	2704
280.452042	913	2704
280.502047	913	2704
280.552052	913	2708
280.602057	913	2708
280.652062	913	2708
280.702067	913	2708
280.752072	913	2708
280.802077	913	2708
280.852082	913	2708
280.902087	913	2708
280.952092	913	2716
281.002097	913	2748
281.052102	913	2748
281.102107	913	2748
281.152112	913	2748
281.202117	913	2748
281.252122	913	2748
281.302127	913	2788
281.352132	913	2788
281.402137	913	2796
281.452142	913	2796
281.502147	913	2820
281.552152	913	2820
281.602157	913	2864
281.652162	913	2864
281.702167	913	2864
281.752172	913	2868
281.802177	913	2876
281.852182	913	2892
281.902187	913	2896
281.952192	913	2896
282.002197	913	2904
282.052202	913	2904
282.102207	913	2932
282.152212	913	2940
282.202217	913	2940
282.252222	913	2940
282.302227	913	2952
282.352232	913	2976
282.402237	913	3004
282.452242	913	3004
282.502247	913	3004
282.552252	913	3028
282.602257	913	3028
282.652262	921	3028
282.702267	921	3028
282.752272	949	3032
282.802277	949	3032
282.852282	949	3032
282.902287	949	3032
282.952292	949	3032
283.002297	949	3032
283.052302	949	3032
283.102307	949	3032
283.152312	949	3032
283.202317	969	3032
283.252322	969	3032
283.302327	969	3056
283.352332	969	3080
283.402337	969	3092
283.452342	969	3112
283.502347	969	3144
283.552352	969	3188
283.602357	973	3204
283.652362	985	3228
283.702367	1009	3256
283.752372	1037	3280
283.802377	1069	3292
283.852382	1073	3360
283.902387	1073	3384
283.952392	1129	3420
284.002397	1161	3480
284.052402	1225	3508
284.102407	1265	3524
284.152412	1273	3532
284.202417	1277	3532
284.252422	1277	3532
284.302427	1297	3532
284.352432	1297	3532
284.402437	1297	3536
284.452442	1297	3540
284.502447	1297	3544
284.552452	1297	3548
284.602457	1297	3548
284.652462	1297	3548
284.702467	1297	3556
284.752472	1297	3556
284.802477	1297	3560
284.852482	1297	3560
284.902487	1297	3560
284.952492	1297	3560
285.002497	1297	3560
285.052502	1297	3560
285.102507	1297	3560
285.152512	1297	3560
285.202517	1297	3560
285.252522	1297	3560
285.302527	1297	3560
285.352532	1297	3560
285.402537	1297	3560
285.452542	1297	3560
285.502547	1297	3560
285.552552	1297	3560
285.602557	1297	3560
285.652562	1297	3560
285.702567	1297	3560
285.752572	1297	3560
285.802577	1297	3560
285.852582	1297	3560
285.902587	1297	3560
285.952592	1297	3560
286.002597	1297	3560
286.052602	1297	3560
286.102607	1297	3560
286.152612	1297	3560
286.202617	1297	3560
286.252622	1297	3560
286.302627	1297	3560
286.352632	1297	3560
286.402637	1297	3560
286.452642	1297	3560
286.502647	1297	3560
286.552652	1297	3560
286.602657	1297	3560
286.652662	1297	3556
286.702667	1297	3556
286.752672	1297	3540
286.802677	1297	3520
286.852682	1297	3484
286.902687	1297	3472
286.952692	1297	3468
287.002697	1297	3440
287.052702	1297	3432
287.102707	1297	3404
287.152712	1297	3392
287.202717	1297	3356
287.252722	1297	3352
287.302727	1297	3328
287.352732	1297	3320
287.402737	1297	3312
287.452742	1297	3292
287.502747	1297	3292
287.552752	1297	3292
287.602757	1297	3292
287.652762	1297	3288
287.702767	1297	3264
287.752772	1297	3240
287.802777	1297	3240
287.852782	1297	3200
287.902787	1297	3160
287.952792	1297	3144
288.002797	1297	3056
288.052802	1297	3036
288.102807	1297	3000
288.152812	1297	2976
288.202817	1297	2916
288.252822	1297	2896
288.302827	1297	2820
288.352832	1297	2800
288.402837	1297	2776
288.452842	1297	2728
288.502847	1297	2636
288.552852	1297	2516
288.601857	1297	2440
288.651862	1297	2440
288.701867	1297	2440
288.751872	1297	2412
288.801877	1297	2396
288.851882	1297	2396
288.901887	1297	2376
288.951892	1297	2328
289.001897	1297	2264
289.051902	1297	2236
289.101907	1297	2236
289.151912	1297	2236
289.201917	1297	2236
289.251922	1297	2224
289.301927	1297	2164
289.351932	1297	2124
289.401937	1297	2124
289.451942	1297	2124
289.501947	1297	2124
289.551952	1297	2124
289.601957	1297	2124
289.651962	1297	2124
289.701967	1297	2124
289.751972	1297	2100
289.801977	1297	2100
289.851982	1297	2100
289.901987	1297	2080
289.951992	1297	2080
290.001997	1297	2080
290.052002	1297	2080
290.102007	1297	2080
290.152012	1297	2080
290.202017	1297	2080
290.252022	1297	2080
290.302027	1297	2080
290.352032	1297	2080
290.402037	1297	2080
290.452042	1297	2080
290.502047	1297	2072
290.552052	1277	2040
290.602057	1245	2000
290.652062	1193	1936
290.702067	1073	1904
290.752072	1029	1868
290.802077	1001	1868
290.852082	1001	1868
290.902087	1001	1868
290.952092	1001	1868
291.002097	1001	1868
291.052102	977	1868
291.102107	977	1868
291.152112	977	1868
291.202117	977	1868
291.252122	977	1856
291.302127	977	1856
291.352132	977	1856
291.402137	977	1856
291.452142	977	1856
291.502147	977	1856
291.552152	977	1856
291.602157	977	1856
291.652162	977	1856
291.702167	977	1856
291.752172	977	1856
291.802177	977	1856
291.852182	977	1856
291.902187	977	1856
291.952192	977	1856
292.002197	977	1856
292.052202	977	1856
292.102207	977	1856
292.152212	977	1856
292.202217	977	1856
292.252222	977	1856
292.302227	977	1856
292.352232	977	1856
292.402237	977	1856
292.452242	977	1856
292.502247	977	1856
292.552252	977	1856
292.602257	977	1856
292.652262	977	1856
292.702267	977	1856
292.752272	977	1856
292.802277	977	1856
292.852282	977	1856
292.902287	977	1856
292.952292	977	1856
293.002297	977	1832
293.052302	977	1816
293.102307	977	1768
293.152312	977	1740
293.202317	977	1740
293.252322	977	1736
293.302327	977	1708
293.352332	977	1680
293.402337	977	1644
293.452342	977	1604
293.502347	977	1588
293.552352	301	1364
293.602357	153	1348
293.652362	141	1348
293.702367	133	1348
293.752372	101	1348
293.802377	81	1348
293.852382	81	1348
293.902387	73	1348
293.952392	73	1348
294.002397	73	1348
294.052402	73	1268
294.102407	29	1268
294.152412	29	1268
294.202417	29	1268
294.252422	29	1268
294.302427	21	1268
294.352432	5	1236
294.402437	0	1216
294.452442	0	1184
294.502447	0	1184
294.552452	0	1184
294.602457	0	1184
294.652462	0	1184
294.702467	0	1176
294.752472	0	1168
294.802477	0	1112
294.852482	0	1112
294.902487	0	1112
294.986495	0	1112
295.008498	0	1112
295.053502	0	1112
295.102507	0	1088
295.152512	0	964
295.202517	0	924
295.252522	0	916
295.302527	0	832
295.352532	0	704
295.402537	0	636
295.452542	0	588
295.502547	0	588
295.552552	0	588
295.602557	0	572
295.652562	0	512
295.702567	0	488
295.752572	0	456
295.802577	0	456
295.852582	0	448
295.902587	0	400
295.952592	0	284
296.002597	0	228
296.052602	0	228
296.102607	0	188
296.152612	0	144
296.202617	0	144
296.252622	0	144
296.302627	0	144
296.352632	0	128
296.402637	0	0
296.452642	0	0
296.502647	0	0
296.552652	0	0
296.602657	0	0
296.652662	0	0
296.702667	0	0
296.752672	0	0
296.802677	0	0
296.852682	0	0
296.902687	0	0
296.952692	0	0
297.002697	0	0
297.052702	0	0
297.102707	0	0
297.152712	0	0
297.202717	0	0
297.252722	0	0
297.302727	0	0
297.352732	0	0
297.402737	0	0
297.452742	0	0
297.502747	0	0
297.552752	0	0
297.602757	0	0
297.652762	0	0
297.702767	0	0
297.752772	0	0
297.802777	0	0
297.852782	0	0
297.902787	0	0
297.952792	0	0
298.002797	0	0
298.052802	0	0
298.102807	0	0
298.152812	0	0
298.202817	0	0
298.252822	0	0
298.302827	0	0
298.352832	0	0
298.402837	0	0
298.452842	0	0
298.502847	0	0
298.552852	0	0
298.602857	0	0
298.652862	0	0
298.702867	0	0
298.752872	0	0
298.802877	0	0
298.852882	0	0
298.902887	0	0
298.952892	0	0
299.002897	0	0
299.052902	0	0
299.102907	0	0
299.152912	0	0
299.202917	0	0
299.252922	0	0
299.302927	0	0
299.352932	0	0
299.402937	0	0
299.452942	0	0
299.502947	0	0
299.552952	0	0
299.602957	0	0
299.652962	0	0
299.702967	0	0
299.752972	0	0
299.802977	0	0
299.852982	0	0
299.902987	0	0
299.952992	0	0
300.002997	0	0
300.053002	0	0
300.103007	0	0
300.153012	0	0
300.203017	0	0
300.253022	0	0
300.303027	0	0
300.353032	0	0
300.403037	0	0
300.453042	0	0
300.503047	0	0
300.553052	0	0
300.603057	0	0
300.653062	0	0
300.703067	0	0
300.753072	0	0
300.803077	0	0
300.853082	0	0
300.903087	0	0
300.953092	0	0
301.003097	0	0
301.053102	0	0
301.103107	0	0
301.153112	0	0
301.203117	0	0
301.253122	0	0
301.303127	0	0
301.353132	0	0
301.403137	0	0
301.453142	0	0
301.503147	0	0
301.553152	0	0
301.603157	0	0
301.653162	0	0
301.703167	0	0
301.753172	0	0
301.803177	0	0
301.853182	0	0
301.903187	0	0
301.953192	0	0
302.003197	0	0
302.053202	0	0
302.103207	0	0
302.153212	0	0
302.203217	0	0
302.253222	0	0
302.303227	0	0
302.353232	0	0
302.403237	0	0
302.453242	0	0
302.503247	0	0
302.553252	0	0
302.603257	0	0
302.653262	0	0
302.703267	0	0
302.753272	0	0
302.803277	0	0
302.853282	0	0
302.903287	0	0
302.953292	0	0
303.003297	0	0
303.053302	0	0
303.103307	0	0
303.153312	0	0
303.203317	0	0
303.253322	0	0
303.303327	0	0
303.353332	0	0
303.403337	0	0
303.453342	0	0
303.503347	0	0
303.553352	0	0
303.603357	0	0
303.653362	0	0
303.703367	0	0
303.753372	0	0
303.803377	0	0
303.853382	0	0
303.903387	0	0
303.953392	0	0
304.003397	0	0
304.053402	0	0
304.103407	0	0
304.153412	0	0
304.203417	0	0
304.253422	0	0
304.303427	0	0
304.353432	0	0
304.403437	0	0
304.453442	0	0
304.503447	0	0
304.553452	0	0
304.603457	0	0
304.653462	0	0
304.703467	0	0
304.753472	0	0
304.803477	0	0
304.853482	0	0
304.903487	0	0
304.953492	0	0
305.003497	0	0
305.053502	0	0
305.103507	0	0
305.153512	0	0
305.203517	0	0
305.253522	0	0
305.303527	0	0
305.353532	0	0
305.403537	0	0
305.453542	0	0
305.503547	0	0
305.553552	0	0
305.603557	0	0
305.653562	0	0
305.703567	0	0
305.753572	0	0
305.803577	0	0
305.853582	0	0
305.903587	0	0
305.953592	0	0
306.003597	0	0
306.053602	0	0
306.102607	0	0
306.152612	0	0
306.202617	0	0
306.252622	0	0
306.302627	0	0
306.352632	0	0
306.402637	0	0
306.452642	0	0
306.502647	0	0
306.552652	0	0
306.602657	0	0
306.652662	0	0
306.702667	0	0
306.752672	0	0
306.802677	0	0
306.852682	0	0
306.902687	0	0
306.952692	0	0
307.002697	0	0
307.052702	0	0
307.102707	0	0
307.152712	0	0
307.202717	0	0
307.252722	0	0
307.302727	0	0
307.352732	0	0
307.402737	0	0
307.452742	0	0
307.502747	0	0
307.552752	0	0
307.602757	0	0
307.652762	0	0
307.702767	0	0
307.752772	0	0
307.802777	0	0
307.852782	0	0
307.902787	0	0
307.952792	0	0
308.002797	0	0
308.052802	0	0
308.102807	0	0
308.152812	0	0
308.202817	0	0
308.252822	0	0
308.302827	0	0
308.352832	0	0
308.402837	0	0
308.452842	0	0
308.502847	0	0
308.552852	0	0
308.602857	0	0
308.652862	0	0
308.702867	0	0
308.752872	0	0
308.802877	0	0
308.852882	0	0
308.902887	0	0
308.952892	0	0
309.002897	0	0
309.052902	0	0
309.102907	0	0
309.152912	0	0
309.202917	0	0
309.252922	0	0
309.302927	0	0
309.352932	0	0
309.402937	0	0
309.452942	0	0
309.502947	0	0
309.552952	0	0
309.602957	0	0
309.652962	0	0
309.702967	0	0
309.752972	0	0
309.802977	0	0
309.852982	0	0
309.902987	0	0
309.952992	0	0
310.002997	0	0
310.053002	0	0
310.103007	0	0
310.153012	0	0
310.203017	0	0
310.253022	0	0
310.303027	0	0
310.353032	0	0
310.403037	0	0
310.453042	0	0
310.503047	0	0
310.553052	0	0
310.603057	0	0
310.653062	0	0
310.703067	0	0
310.753072	0	0
310.803077	0	0
310.853082	0	0
310.903087	0	0
310.953092	0	0
311.003097	0	0
311.053102	0	0
311.103107	0	0
311.153112	0	0
311.203117	0	0
311.253122	0	0
311.303127	0	0
311.353132	0	0
311.403137	0	0
311.453142	0	0
311.503147	0	0
311.553152	0	0
311.603157	0	0
311.653162	0	0
311.703167	0	0
311.753172	0	0
311.803177	0	0
311.853182	0	0
311.903187	0	0
311.953192	0	0
312.003197	0	0
312.053202	0	0
312.103207	0	0
312.153212	0	0
312.203217	0	0
312.253222	0	0
312.303227	0	0
312.353232	0	0
312.403237	0	0
312.453242	0	0
312.503247	0	0
312.553252	0	0
312.603257	0	0
312.653262	0	0
312.703267	0	0
312.753272	0	0
312.803277	0	0
312.853282	0	0
312.903287	0	0
312.953292	0	0
313.003297	0	0
313.053302	0	0
313.103307	0	0
313.153312	0	0
313.203317	0	0
313.253322	0	0
313.303327	0	0
313.353332	0	0
313.403337	0	0
313.453342	0	0
313.503347	0	0
313.553352	0	0
313.603357	0	0
313.653362	0	0
313.703367	0	0
313.753372	0	0
313.803377	0	0
313.853382	0	0
313.903387	0	0
313.953392	0	0
314.003397	0	0
314.053402	0	0
314.103407	0	0
314.153412	0	0
314.203417	0	0
314.253422	0	0
314.303427	0	0
314.353432	0	0
314.403437	0	0
314.453442	0	0
314.503447	0	0
314.553452	0	0
314.603457	0	0
314.653462	0	0
314.703467	0	0
314.753472	0	0
314.803477	0	0
314.853482	0	0
314.904487	0	0
314.953492	0	0
315.003497	0	0
315.053502	0	0
315.103507	0	0
315.153512	0	0
315.203517	0	0
315.253522	0	0
315.303527	0	0
315.353532	0	0
315.403537	0	0
315.453542	0	0
315.503547	0	0
315.553552	0	0
315.603557	0	0
315.653562	0	0
315.703567	0	0
315.753572	0	0
315.803577	0	0
315.853582	0	0
315.903587	0	0
315.953592	0	0
316.003597	0	0
316.053602	0	0
316.103607	0	0
316.153612	0	0
316.203617	0	0
316.253622	0	0
316.303627	0	0
316.353632	0	0
316.403637	0	0
316.453642	0	0
316.503647	0	0
316.553652	0	0
316.603657	0	0
316.653662	0	0
316.703667	0	0
316.753672	0	0
316.803677	0	0
316.853682	0	0
316.903687	0	0
316.953692	0	0
317.003697	0	0
317.053702	0	0
317.103707	0	0
317.153712	0	0
317.203717	0	0
317.253722	0	0
317.303727	0	0
317.353732	0	0
317.403737	0	0
317.453742	0	0
317.503747	0	0
317.553752	0	0
317.603757	0	0
317.653762	0	0
317.703767	0	0
317.753772	0	0
317.803777	0	0
317.853782	0	0
317.903787	0	0
317.953792	0	0
318.003797	0	0
318.053802	0	0
318.103807	0	0
318.153812	0	0
318.203817	0	0
318.253822	0	0
318.303827	0	0
318.353832	0	0
318.403837	0	0
318.453842	0	0
318.503847	0	0
318.553852	0	0
318.603857	0	0
318.653862	0	0
318.703867	0	0
318.753872	0	0
318.803877	0	0
318.853882	0	0
318.903887	0	0
318.953892	0	0
319.003897	0	0
319.053902	0	0
319.103907	0	0
319.153912	0	0
319.203917	0	0
319.253922	0	0
319.303927	0	0
319.353932	0	0
319.403937	0	0
319.453942	0	0
319.503947	0	0
319.553952	0	0
319.603957	0	0
319.653962	0	0
319.703967	0	0
319.753972	0	0
319.803977	0	0
319.853982	0	0
319.903987	0	0
319.953992	0	0
320.003997	0	0
320.054002	0	0
320.104007	0	0
320.154012	0	0
320.204017	0	0
320.254022	0	0
320.304027	0	0
320.354032	0	0
320.404037	0	0
320.454042	0	0
320.504047	0	0
320.554052	0	0
320.604057	0	0
320.654062	0	0
320.704067	0	0
320.754072	0	0
320.804077	0	0
320.854082	0	0
320.904087	0	0
320.954092	0	0
321.004097	0	0
321.054102	0	0
321.104107	0	0
321.154112	0	0
321.204117	0	0
321.254122	0	0
321.304127	0	0
321.354132	0	0
321.404137	0	0
321.454142	0	0
321.504147	0	0
321.554152	0	0
321.604157	0	0
321.654162	0	0
321.704167	0	0
321.754172	0	0
321.804177	0	0
321.854182	0	0
321.904187	0	0
321.954192	0	0
322.004197	0	0
322.054202	0	0
322.104207	0	0
322.154212	0	0
322.204217	0	0
322.254222	0	0
322.304227	0	0
322.354232	0	0
322.404237	0	0
322.454242	0	0
322.504247	0	0
322.554252	0	0
322.604257	0	0
322.654262	0	0
322.704267	0	0
322.754272	0	0
322.804277	0	0
322.854282	0	0
322.904287	0	0
322.954292	0	0
323.004297	0	0
323.054302	0	0
323.104307	0	0
323.154312	0	0
323.204317	0	0
323.254322	0	0
323.304327	0	0
323.354332	0	0
323.404337	0	0
323.454342	0	0
323.504347	0	0
323.554352	0	0
323.603357	0	0
323.653362	0	0
323.703367	0	0
323.753372	0	0
323.803377	0	0
323.853382	0	0
323.903387	0	0
323.953392	0	0
324.003397	0	0
324.053402	0	0
324.103407	0	0
324.153412	0	0
324.203417	0	0
324.253422	0	0
324.303427	0	0
324.353432	0	0
324.403437	0	0
324.453442	0	0
324.503447	0	0
324.553452	0	0
324.603457	0	0
324.653462	0	0
324.703467	0	0
324.753472	0	0
324.803477	0	0
324.853482	0	0
324.903487	0	0
324.953492	0	0
325.003497	0	0
325.053502	0	0
325.103507	0	0
325.153512	0	0
325.203517	0	0
325.253522	0	0
325.303527	0	0
325.353532	0	0
325.403537	0	0
325.453542	0	0
325.503547	0	0
325.553552	0	0
325.603557	0	0
325.653562	0	0
325.703567	0	0
325.753572	0	0
325.803577	0	0
325.853582	0	0
325.903587	0	0
325.953592	0	0
326.003597	0	0
326.053602	0	0
326.103607	0	0
326.153612	0	0
326.203617	0	0
326.253622	0	0
326.303627	0	0
326.353632	0	0
326.403637	0	0
326.453642	0	0
326.503647	0	0
326.553652	0	0
326.603657	0	0
326.653662	0	0
326.703667	0	0
326.753672	0	0
326.803677	0	0
326.853682	0	0
326.903687	0	0
326.953692	0	0
327.003697	0	0
327.053702	0	0
327.103707	0	0
327.153712	0	0
327.203717	0	0
327.253722	0	0
327.303727	0	0
327.353732	0	0
327.403737	0	0
327.453742	0	0
327.503747	0	0
327.553752	0	0
327.603757	0	0
327.653762	0	0
327.703767	0	0
327.753772	0	0
327.803777	0	0
327.853782	0	0
327.903787	0	0
327.953792	0	284
328.003797	0	488
328.053802	0	652
328.103807	0	832
328.153812	0	940
328.203817	0	940
328.253822	0	972
328.303827	0	1184
328.353832	0	1416
328.403837	517	1620
328.453842	517	1684
328.503847	517	1776
328.553852	517	1848
328.603857	529	1892
328.653862	545	1928
328.703867	561	1936
328.753872	585	1956
328.803877	585	1956
328.853882	605	1956
328.903887	605	1956
328.953892	629	1956
329.003897	645	1956
329.053902	657	1956
329.103907	661	1956
329.153912	669	1956
329.203917	677	1956
329.253922	677	1956
329.303927	677	1956
329.353932	677	1956
329.403937	681	1956
329.453942	681	1956
329.503947	681	1956
329.553952	681	1956
329.603957	681	1956
329.653962	681	1956
329.703967	681	1956
329.753972	681	1956
329.803977	681	1956
329.853982	681	1956
329.903987	685	1956
329.953992	689	1956
330.003997	693	1956
330.054002	709	1956
330.104007	713	1956
330.154012	721	1956
330.204017	761	1956
330.254022	761	1956
330.304027	761	1956
330.354032	785	1956
330.404037	785	1956
330.454042	785	1956
330.504047	789	1956
330.554052	789	1956
330.604057	789	1956
330.654062	801	1956
330.704067	801	1956
330.754072	801	1956
330.804077	825	1956
330.854082	825	1956
330.904087	825	1956
330.954092	825	1956
331.004097	825	1956
331.054102	825	1956
331.104107	825	1956
331.154112	833	1956
331.204117	833	1956
331.254122	833	1956
331.304127	837	1956
331.354132	837	1956
331.404137	837	1956
331.454142	837	1956
331.504147	837	1956
331.554152	857	1956
331.604157	857	1956
331.654162	857	1956
331.704167	857	1956
331.754172	857	1956
331.804177	857	1956
331.854182	857	1956
331.904187	857	1956
331.954192	857	1956
332.004197	857	1956
332.054202	857	1956
332.104207	857	1956
332.154212	857	1956
332.204217	857	1956
332.254222	857	1956
332.304227	857	1956
332.354232	857	1956
332.404237	857	1956
332.454242	857	1956
332.504247	857	1956
332.554252	857	1956
332.604257	857	1956
332.654262	857	1956
332.704267	857	1956
332.754272	857	1956
332.804277	857	1956
332.854282	857	1956
332.904287	857	1956
332.954292	857	1956
333.004297	857	1956
333.054302	857	1956
333.104307	857	1956
333.154312	857	1956
333.204317	857	1956
333.254322	857	1956
333.304327	857	1956
333.354332	857	1956
333.404337	857	1956
333.454342	857	1956
333.504347	857	1956
333.554352	857	1956
333.604357	857	1956
333.654362	857	1956
333.704367	857	1956
333.754372	857	1956
333.804377	857	1956
333.854382	857	1956
333.904387	857	1956
333.954392	857	1956
334.004397	857	1956
334.054402	857	1956
334.104407	857	1956
334.154412	857	1956
334.204417	857	1956
334.254422	857	1956
334.304427	857	1956
334.354432	857	1956
334.404437	857	1956
334.454442	857	1956
334.504447	857	1956
334.554452	857	1956
334.604457	857	1956
334.654462	857	1956
334.704467	857	1956
334.754472	857	1956
334.804477	857	1956
334.854482	857	1956
334.912488	857	1956
334.954492	857	1956
335.004497	857	1956
335.054502	857	1956
335.104507	857	1956
335.154512	857	1956
335.204517	857	1956
335.254522	857	1956
335.304527	857	1956
335.354532	857	1956
335.404537	857	1956
335.454542	857	1956
335.504547	857	1956
335.554552	857	1956
335.604557	857	1956
335.654562	857	1956
335.704567	857	1956
335.754572	857	1956
335.804577	857	1956
335.854582	857	1956
335.904587	857	1956
335.954592	857	1956
336.004597	857	1956
336.054602	857	1956
336.104607	865	1956
336.154612	865	1956
336.204617	865	1956
336.254622	865	1956
336.304627	865	1956
336.354632	865	1956
336.404637	865	1956
336.454642	865	1956
336.504647	865	1956
336.554652	865	1956
336.604657	865	1956
336.654662	865	1956
336.704667	865	1956
336.754672	865	1956
336.804677	865	1956
336.854682	865	1956
336.904687	865	1956
336.954692	865	1956
337.004697	865	1956
337.054702	865	1956
337.104707	865	1956
337.154712	865	1956
337.204717	865	1956
337.254722	865	1956
337.304727	865	1956
337.354732	865	1956
337.404737	865	1956
337.454742	865	1956
337.504747	865	1956
337.554752	865	1956
337.604757	865	1956
337.654762	865	1956
337.704767	865	1956
337.754772	865	1956
337.804777	865	1956
337.854782	865	1956
337.904787	865	1956
337.954792	865	1956
338.004797	865	1956
338.054802	865	1956
338.104807	865	1956
338.154812	865	1956
338.204817	865	1956
338.254822	865	1956
338.304827	865	1956
338.354832	865	1956
338.404837	865	1956
338.454842	865	1956
338.504847	865	1956
338.554852	865	1956
338.604857	865	1956
338.654862	865	1956
338.704867	865	1956
338.754872	865	1956
338.804877	865	1956
338.854882	865	1956
338.904887	865	1956
338.954892	865	1956
339.004897	865	1956
339.054902	865	1956
339.104907	865	1956
339.154912	865	1956
339.204917	865	1956
339.254922	865	1956
339.304927	865	1956
339.354932	865	1956
339.404937	865	1956
339.454942	865	1956
339.504947	865	1956
339.554952	865	1956
339.604957	865	1956
339.654962	865	1956
339.704967	865	1956
339.754972	865	1956
339.804977	865	1956
339.854982	865	1956
339.904987	865	1956
339.954992	865	1956
340.004997	865	1956
340.055002	865	1956
340.105007	865	1956
340.155012	865	1956
340.205017	865	1956
340.255022	865	1956
340.305027	865	1956
340.355032	865	1956
340.405037	865	1956
340.455042	865	1956
340.505047	865	1956
340.555052	865	1956
340.605057	865	1956
340.655062	865	1956
340.705067	865	1956
340.755072	865	1956
340.805077	865	1956
340.855082	865	1956
340.905087	865	1956
340.955092	865	1956
341.005097	865	1956
341.054102	865	1956
341.104107	865	1956
341.154112	865	1956
341.204117	865	1956
341.254122	865	1956
341.304127	865	1956
341.354132	865	1956
341.404137	865	1956
341.454142	865	1956
341.504147	865	1956
341.554152	865	1956
341.604157	865	1956
341.654162	865	1956
341.704167	865	1956
341.754172	865	1956
341.804177	865	1956
341.854182	865	1956
341.904187	865	1956
341.954192	865	1956
342.004197	865	1956
342.054202	865	1956
342.104207	865	1956
342.154212	865	1956
342.204217	865	1956
342.254222	865	1956
342.304227	865	1956
342.354232	865	1956
342.404237	865	1956
342.454242	865	1956
342.504247	865	1956
342.554252	865	1956
342.604257	865	1956
342.654262	865	1956
342.704267	865	1956
342.754272	865	1956
342.804277	865	1956
342.854282	865	1956
342.904287	865	1956
342.954292	865	1956
343.004297	865	1956
343.054302	865	1956
343.104307	865	1956
343.154312	865	1956
343.204317	865	1956
343.254322	865	1956
343.304327	865	1956
343.354332	865	1956
343.404337	865	1956
343.454342	865	1956
343.504347	865	1956
343.554352	865	1956
343.604357	865	1956
343.654362	865	1956
343.704367	865	1956
343.754372	865	1956
343.804377	865	1956
343.854382	865	1956
343.904387	865	1956
343.954392	865	1956
344.004397	865	1956
344.054402	865	1956
344.104407	865	1956
344.154412	865	1956
344.204417	865	1956
344.254422	865	1956
344.304427	865	1956
344.354432	865	1956
344.404437	865	1956
344.454442	865	1956
344.504447	865	1968
344.554452	865	1968
344.604457	865	1996
344.654462	865	2028
344.704467	865	2028
344.754472	865	2028
344.804477	865	2032
344.854482	865	2036
344.904487	865	2036
344.954492	865	2036
345.004497	865	2076
345.054502	865	2076
345.104507	865	2076
345.154512	865	2076
345.204517	865	2088
345.254522	865	2104
345.304527	865	2104
345.354532	865	2112
345.404537	865	2116
345.454542	865	2124
345.504547	865	2160
345.554552	865	2160
345.604557	865	2168
345.654562	865	2168
345.704567	865	2168
345.754572	865	2176
345.804577	865	2192
345.854582	865	2192
345.904587	865	2192
345.954592	865	2192
346.004597	865	2192
346.054602	865	2192
346.104607	865	2192
346.154612	865	2192
346.204617	865	2192
346.254622	865	2192
346.304627	865	2192
346.354632	865	2192
346.404637	865	2192
346.454642	865	2192
346.504647	865	2192
346.554652	865	2192
346.604657	865	2192
346.654662	865	2192
346.704667	865	2192
346.754672	865	2192
346.804677	865	2192
346.854682	865	2192
346.904687	865	2192
346.954692	865	2192
347.004697	865	2192
347.054702	865	2192
347.104707	865	2192
347.154712	865	2192
347.204717	865	2192
347.254722	865	2192
347.304727	865	2192
347.354732	865	2192
347.404737	865	2192
347.454742	865	2192
347.504747	865	2192
347.554752	865	2192
347.604757	865	2192
347.654762	865	2192
347.704767	865	2192
347.754772	865	2192
347.804777	865	2192
347.854782	865	2192
347.904787	865	2196
347.954792	865	2196
348.004797	865	2208
348.054802	865	2260
348.104807	865	2288
348.154812	865	2288
348.204817	865	2308
348.254822	865	2356
348.304827	865	2356
348.354832	865	2360
348.404837	877	2360
348.454842	897	2364
348.504847	909	2384
348.554852	933	2384
348.604857	933	2392
348.654862	953	2392
348.704867	961	2392
348.754872	961	2392
348.804877	961	2392
348.854882	961	2396
348.904887	961	2396
348.954892	961	2396
349.004897	961	2396
349.054902	961	2396
349.104907	961	2396
349.154912	961	2396
349.204917	961	2396
349.254922	961	2396
349.304927	961	2396
349.354932	961	2396
349.404937	961	2396
349.454942	961	2396
349.504947	961	2396
349.554952	961	2396
349.604957	961	2396
349.654962	961	2396
349.704967	961	2396
349.754972	961	2396
349.804977	961	2396
349.854982	961	2396
349.904987	961	2396
349.954992	961	2396
350.004997	961	2396
350.055002	961	2396
350.105007	961	2396
350.155012	961	2396
350.205017	961	2396
350.255022	961	2396
350.305027	961	2396
350.355032	961	2396
350.405037	961	2396
350.455042	961	2396
350.505047	961	2396
350.555052	961	2396
350.605057	961	2396
350.655062	961	2396
350.705067	961	2396
350.755072	961	2396
350.805077	961	2396
350.855082	961	2396
350.905087	961	2396
350.955092	961	2396
351.005097	961	2396
351.055102	961	2396
351.105107	961	2396
351.155112	961	2396
351.205117	961	2396
351.255122	961	2396
351.305127	961	2392
351.355132	961	2360
351.405137	961	2360
351.455142	961	2356
351.505147	961	2352
351.555152	961	2352
351.605157	961	2324
351.655162	961	2296
351.705167	961	2248
351.755172	961	2236
351.805177	961	2224
351.855182	961	2224
351.905187	961	2212
351.955192	961	2212
352.005197	961	2212
352.055202	961	2208
352.105207	961	2196
352.155212	961	2188
352.205217	961	2184
352.255222	961	2180
352.305227	961	2180
352.355232	961	2180
352.405237	961	2168
352.455242	961	2168
352.505247	961	2168
352.555252	961	2168
352.605257	961	2168
352.655262	961	2168
352.705267	961	2168
352.755272	961	2168
352.805277	961	2168
352.855282	961	2168
352.905287	961	2168
352.955292	961	2168
353.005297	961	2160
353.055302	961	2152
353.105307	961	2152
353.155312	961	2152
353.205317	961	2152
353.255322	961	2152
353.305327	961	2152
353.355332	961	2152
353.405337	961	2152
353.455342	961	2152
353.505347	961	2152
353.555352	961	2152
353.605357	961	2152
353.655362	961	2152
353.705367	961	2152
353.755372	961	2152
353.805377	961	2152
353.855382	961	2152
353.905387	961	2152
353.955392	961	2152
354.005397	961	2152
354.055402	961	2152
354.105407	961	2152
354.155412	961	2152
354.205417	961	2152
354.255422	961	2152
354.305427	961	2152
354.355432	961	2152
354.405437	961	2152
354.455442	961	2152
354.505447	961	2152
354.555452	961	2152
354.605457	961	2152
354.655462	961	2152
354.705467	961	2152
354.755472	961	2152
354.805477	961	2152
354.855482	961	2152
354.915488	961	2152
354.955492	961	2152
355.005497	961	2152
355.055502	961	2152
355.105507	961	2152
355.155512	961	2152
355.205517	961	2152
355.255522	961	2152
355.305527	961	2152
355.355532	961	2152
355.405537	961	2152
355.455542	961	2152
355.505547	961	2152
355.555552	961	2152
355.605557	961	2152
355.655562	961	2152
355.705567	961	2152
355.755572	961	2152
355.805577	961	2152
355.855582	961	2152
355.905587	961	2152
355.955592	961	2152
356.005597	961	2152
356.055602	961	2152
356.105607	961	2152
356.155612	961	2152
356.205617	961	2152
356.255622	961	2152
356.305627	961	2152
356.355632	961	2152
356.405637	961	2152
356.455642	961	2152
356.505647	961	2152
356.555652	961	2152
356.605657	961	2152
356.655662	961	2152
356.705667	961	2152
356.755672	961	2152
356.805677	961	2152
356.855682	961	2152
356.905687	961	2148
356.955692	961	2148
357.005697	961	2148
357.055702	961	2148
357.105707	961	2148
357.155712	961	2148
357.205717	961	2148
357.255722	961	2148
357.305727	961	2148
357.355732	961	2148
357.405737	961	2148
357.455742	961	2148
357.505747	961	2148
357.555752	961	2144
357.605757	961	2144
357.655762	961	2144
357.705767	961	2132
357.755772	961	2132
357.805777	961	2132
357.855782	961	2132
357.905787	961	2132
357.955792	961	2132
358.005797	961	2132
358.055802	961	2128
358.105807	961	2124
358.155812	961	2124
358.205817	961	2124
358.255822	961	2124
358.305827	961	2124
358.355832	961	2124
358.405837	961	2124
358.455842	961	2124
358.505847	961	2124
358.554852	961	2124
358.604857	961	2124
358.654862	961	2124
358.704867	961	2124
358.754872	961	2124
358.804877	961	2124
358.854882	961	2124
358.904887	961	2124
358.954892	961	2124
359.004897	961	2124
359.054902	961	2124
359.104907	961	2124
359.154912	961	2124
359.204917	961	2124
359.254922	961	2124
359.304927	961	2124
359.354932	961	2124
359.404937	961	2124
359.454942	961	2124
359.504947	961	2124
359.554952	961	2124
359.604957	961	2124
359.654962	961	2124
359.704967	961	2124
359.754972	961	2124
359.804977	961	2124
359.854982	961	2124
359.904987	961	2124
359.954992	961	2124
360.004997	961	2124
360.055002	961	2124
360.105007	961	2124
360.155012	961	2124
360.205017	961	2124
360.255022	961	2124
360.305027	961	2124
360.355032	961	2124
360.405037	961	2124
360.455042	961	2124
360.505047	961	2124
360.555052	961	2124
360.605057	961	2124
360.655062	961	2124
360.705067	961	2124
360.755072	961	2124
360.805077	961	2120
360.855082	961	2120
360.905087	961	2120
360.972094	961	2120
361.005097	961	2120
361.055102	961	2120
361.105107	961	2120
361.155112	961	2120
361.205117	961	2120
361.255122	961	2120
361.305127	961	2120
361.355132	961	2120
361.405137	961	2120
361.455142	961	2120
361.505147	961	2120
361.555152	961	2120
361.605157	961	2120
361.655162	961	2120
361.705167	961	2120
361.755172	961	2120
361.805177	961	2120
361.855182	961	2120
361.905187	961	2120
361.955192	961	2120
362.005197	961	2120
362.055202	961	2120
362.105207	961	2120
362.155212	961	2120
362.205217	961	2120
362.255222	961	2120
362.305227	961	2120
362.355232	961	2120
362.405237	961	2120
362.455242	961	2120
362.505247	961	2120
362.555252	961	2120
362.605257	961	2120
362.655262	961	2120
362.705267	961	2120
362.755272	961	2120
362.805277	961	2120
362.855282	961	2120
362.905287	961	2120
362.955292	961	2120
363.005297	961	2120
363.055302	961	2120
363.105307	961	2120
363.155312	961	2120
363.205317	961	2120
363.255322	961	2120
363.305327	961	2120
363.355332	961	2120
363.405337	961	2120
363.455342	961	2120
363.505347	961	2120
363.555352	961	2120
363.605357	961	2120
363.655362	961	2120
363.705367	961	2120
363.755372	961	2120
363.805377	961	2120
363.855382	961	2120
363.905387	961	2120
363.955392	961	2120
364.005397	961	2120
364.055402	961	2120
364.105407	961	2120
364.155412	961	2120
364.205417	961	2120
364.255422	961	2120
364.305427	961	2120
364.355432	961	2120
364.405437	961	2120
364.455442	961	2120
364.505447	961	2120
364.555452	961	2120
364.605457	961	2120
364.655462	961	2120
364.705467	961	2120
364.755472	961	2120
364.805477	961	2120
364.855482	961	2120
364.905487	961	2120
364.955492	961	2120
365.005497	961	2120
365.055502	961	2120
365.105507	961	2120
365.155512	961	2120
365.205517	961	2120
365.255522	961	2120
365.305527	961	2120
365.355532	961	2120
365.405537	961	2120
365.455542	961	2120
365.505547	961	2120
365.555552	961	2120
365.605557	961	2120
365.655562	961	2120
365.705567	961	2120
365.755572	961	2120
365.805577	961	2120
365.855582	961	2120
365.905587	961	2120
365.955592	961	2120
366.005597	961	2120
366.055602	961	2120
366.105607	961	2120
366.155612	961	2120
366.205617	961	2120
366.255622	961	2120
366.305627	961	2120
366.355632	961	2120
366.405637	961	2120
366.455642	961	2120
366.505647	961	2120
366.555652	961	2120
366.605657	961	2120
366.655662	961	2120
366.705667	961	2120
366.755672	961	2120
366.805677	961	2120
366.855682	961	2120
366.905687	961	2120
366.955692	961	2120
367.005697	961	2120
367.055702	961	2120
367.105707	961	2120
367.155712	961	2120
367.205717	961	2120
367.255722	961	2120
367.305727	961	2120
367.355732	961	2120
367.405737	961	2120
367.455742	961	2120
367.505747	961	2168
367.555752	961	2216
367.605757	961	2260
367.655762	961	2324
367.705767	961	2388
367.755772	961	2452
367.805777	961	2476
367.855782	961	2532
367.905787	961	2556
367.955792	961	2596
368.005797	961	2648
368.055802	961	2684
368.105807	961	2720
368.155812	985	2776
368.205817	1013	2836
368.255822	1053	2880
368.305827	1077	2904
368.355832	1081	2908
368.405837	1113	2932
368.455842	1113	2944
368.505847	1113	2944
368.555852	1121	2944
368.605857	1129	2944
368.655862	1133	2944
368.705867	1133	2952
368.755872	1133	2952
368.805877	1133	2952
368.855882	1133	2952
368.905887	1145	2952
368.955892	1145	2952
369.005897	1145	3000
369.055902	1153	3000
369.105907	1153	3000
369.155912	1153	3000
369.205917	1153	3000
369.255922	1161	3000
369.305927	1161	3000
369.355932	1161	3000
369.405937	1161	3008
369.455942	1165	3008
369.505947	1165	3020
369.555952	1165	3020
369.605957	1177	3020
369.655962	1177	3020
369.705967	1185	3020
369.755972	1185	3020
369.805977	1185	3020
369.855982	1185	3020
369.905987	1185	3020
369.955992	1185	3020
370.005997	1185	3020
370.056002	1185	3020
370.106007	1185	3020
370.156012	1185	3024
370.206017	1185	3028
370.256022	1185	3040
370.306027	1185	3056
370.356032	1185	3080
370.406037	1185	3148
370.456042	1185	3192
370.506047	1185	3204
370.556052	1201	3204
370.606057	1237	3240
370.656062	1237	3240
370.706067	1237	3240
370.756072	1237	3240
370.806077	1237	3260
370.856082	1237	3260
370.906087	1237	3284
370.956092	1237	3292
371.006097	1237	3312
371.056102	1237	3340
371.106107	1237	3344
371.156112	1237	3344
371.206117	1237	3352
371.256122	1237	3360
371.306127	1237	3388
371.356132	1237	3388
371.406137	1237	3388
371.456142	1237	3388
371.506147	1237	3408
371.556152	1237	3432
371.606157	1237	3432
371.656162	1237	3432
371.706167	1237	3432
371.756172	1237	3432
371.806177	1237	3432
371.856182	1237	3432
371.906187	1237	3432
371.956192	1237	3432
372.006197	1237	3432
372.056202	1237	3432
372.106207	1237	3432
372.156212	1237	3432
372.206217	1237	3432
372.256222	1237	3432
372.306227	1237	3432
372.356232	1237	3460
372.406237	1237	3464
372.456242	1237	3480
372.506247	1237	3480
372.556252	1237	3496
372.606257	1237	3512
372.656262	1237	3512
372.706267	1237	3512
372.756272	1237	3512
372.806277	1237	3512
372.856282	1237	3512
372.906287	1237	3512
372.956292	1237	3532
373.006297	1237	3532
373.056302	1237	3556
373.106307	1237	3556
373.156312	1237	3556
373.206317	1237	3556
373.256322	1237	3556
373.306327	1237	3556
373.356332	1237	3572
373.406337	1237	3600
373.456342	1237	3600
373.506347	1237	3616
373.556352	1237	3628
373.606357	1237	3628
373.656362	1237	3628
373.706367	1237	3656
373.756372	1237	3656
373.806377	1237	3656
373.856382	1253	3656
373.906387	1273	3656
373.956392	1289	3656
374.006397	1313	3684
374.056402	1345	3684
374.106407	1345	3684
374.156412	1345	3684
374.206417	1345	3684
374.256422	1349	3684
374.306427	1369	3684
374.356432	1369	3684
374.406437	1369	3684
374.456442	1369	3684
374.506447	1369	3684
374.556452	1373	3684
374.606457	1373	3684
374.656462	1385	3696
374.706467	1385	3696
374.756472	1389	3696
374.806477	1389	3720
374.856482	1417	3740
374.906487	1417	3740
374.956492	1421	3740
375.006497	1421	3788
375.056502	1445	3788
375.106507	1457	3788
375.156512	1485	3788
375.206517	1485	3788
375.256522	1493	3788
375.306527	1501	3800
375.356532	1501	3808
375.406537	1525	3808
375.456542	1525	3812
375.506547	1525	3816
375.556552	1525	3816
375.606557	1525	3824
375.656562	1529	3824
375.706567	1529	3832
375.756572	1529	3832
375.806577	1529	3832
375.856582	1537	3836
375.906587	1537	3848
375.956592	1549	3860
376.006597	1549	3884
376.055602	1549	3900
376.105607	1549	3924
376.155612	1549	3944
376.205616	1601	3944
376.255621	1617	3948
376.305627	1641	3976
376.355632	1693	3992
376.405637	1769	4056
376.455642	1837	4072
376.506647	1837	4104
376.555652	1841	4108
376.605657	1845	4108
376.655662	1845	4108
376.705667	1845	4108
376.755672	1845	4108
376.805676	1845	4108
376.855681	1845	4108
376.905687	1845	4108
376.955692	1845	4108
377.005697	1845	4108
377.055702	1845	4108
377.105707	1845	4108
377.155712	1845	4108
377.205717	1845	4108
377.255722	1845	4108
377.305727	1845	4108
377.355731	1845	4108
377.405736	1845	4108
377.455742	1849	4108
377.506747	1849	4108
377.555752	1849	4108
377.605757	1849	4108
377.655762	1877	4108
377.705767	1877	4108
377.755772	1877	4108
377.805777	1885	4108
377.855782	1885	4108
377.905787	1901	4108
377.955791	1901	4108
378.005796	1901	4108
378.055802	1909	4112
378.105807	1921	4140
378.155812	1929	4152
378.205817	1945	4168
378.255822	1953	4228
378.305827	2005	4264
378.355832	2053	4268
378.405837	2105	4276
378.455842	2133	4284
378.505847	2141	4284
378.555851	2145	4284
378.605857	2145	4316
378.655862	2145	4320
378.705867	2145	4320
378.755872	2145	4324
378.805877	2145	4336
378.855882	2145	4336
378.905887	2149	4380
378.955892	2177	4444
379.005897	2189	4500
379.055902	2305	4576
379.105906	2385	4612
379.155911	2429	4636
379.205917	2429	4664
379.255922	2429	4672
379.305927	2429	4696
379.355932	2429	4724
379.405937	2429	4764
379.455942	2429	4776
379.506947	2429	4800
379.555952	2429	4828
379.605957	2429	4872
379.655962	2429	4912
379.705966	2429	4936
379.755971	2429	4968
379.805977	2437	5004
379.855982	2437	5024
379.905987	2489	5056
379.955992	2489	5072
380.005997	2489	5084
380.056002	2489	5092
380.106007	2497	5092
380.156012	2497	5100
380.206017	2497	5108
380.256021	2497	5116
380.306026	2497	5128
380.356032	2497	5136
380.406037	2497	5136
380.456042	2497	5164
380.506047	2497	5164
380.556052	2497	5164
380.606057	2497	5164
380.656062	2497	5164
380.706067	2497	5164
380.756072	2497	5164
380.806077	2497	5164
380.856081	2497	5164
380.906086	2497	5164
380.956092	2497	5164
381.006097	2497	5164
381.056102	2497	5164
381.106107	2497	5164
381.156112	2497	5164
381.206117	2497	5164
381.256122	2497	5164
381.306127	2497	5164
381.356132	2497	5164
381.406137	2497	5164
381.456141	2497	5164
381.506146	2497	5164
381.556152	2497	5164
381.606157	2497	5164
381.656162	2497	5168
381.706167	2497	5168
381.756172	2497	5168
381.806177	2497	5172
381.856182	2497	5176
381.906187	2497	5176
381.956192	2497	5176
382.006196	2497	5176
382.056201	2497	5176
382.106207	2497	5176
382.156212	2497	5204
382.206217	2497	5204
382.256222	2497	5212
382.306227	2497	5240
382.356232	2497	5252
382.406237	2497	5260
382.456242	2497	5292
382.506247	2497	5292
382.556252	2497	5300
382.606256	2497	5304
382.656261	2505	5312
382.706267	2505	5312
382.756272	2505	5312
382.806277	2505	5332
382.856282	2505	5332
382.906287	2505	5332
382.956292	2505	5332
383.006297	2505	5340
383.056302	2517	5360
383.106307	2517	5368
383.156312	2533	5368
383.206316	2537	5396
383.256321	2537	5416
383.306327	2537	5420
383.356332	2557	5432
383.406337	2557	5432
383.456342	2557	5444
383.506347	2557	5468
383.556352	2581	5468
383.606357	2581	5468
383.656362	2581	5472
383.706367	2581	5476
383.757372	2581	5476
383.806376	2581	5488
383.856382	2581	5492
383.906387	2581	5524
383.956392	2581	5544
384.006397	2581	5572
384.056402	2581	5584
384.106407	2581	5596
384.156412	2581	5596
384.206417	2581	5628
384.256422	2581	5628
384.306427	2581	5636
384.356431	2581	5656
384.406436	2581	5660
384.456442	2581	5700
384.506447	2581	5700
384.556452	2581	5744
384.606457	2581	5756
384.656462	2581	5800
384.706467	2581	5824
384.756472	2581	5824
384.806477	2581	5824
384.856482	2581	5840
384.909487	2581	5864
384.956491	2581	5872
385.006496	2581	5896
385.056502	2581	5912
385.106507	2581	5920
385.156512	2581	5920
385.206517	2581	5928
385.256522	2581	5952
385.306527	2581	5964
385.356532	2581	5976
385.406537	2581	5976
385.456542	2581	5976
385.506546	2581	5976
385.556551	2581	5976
385.606557	2581	5976
385.656562	2581	5976
385.706567	2581	5976
385.756572	2581	5976
385.806577	2581	5976
385.856582	2581	5976
385.906587	2581	5976
385.956592	2581	5976
386.006597	2581	5976
386.056602	2581	5976
386.106606	2581	5976
386.156611	2581	5976
386.206617	2581	5976
386.256622	2581	5976
386.306627	2581	5976
386.356632	2581	5976
386.406637	2581	5976
386.456642	2581	5976
386.506647	2581	5976
386.556652	2581	5920
386.606657	2581	5852
386.656662	2581	5824
386.706666	2581	5788
386.756671	2581	5668
386.806677	2581	5552
386.856682	2581	5444
386.906687	2581	5216
386.956692	2581	5040
387.006697	2581	4944
387.056702	2581	4884
387.106707	2581	4800
387.156712	2581	4760
387.206717	2557	4608
387.256721	2377	4460
387.306726	2121	4156
387.356732	1817	3800
387.406737	1541	3464
387.456742	1417	3364
387.506747	1393	3340
387.556752	1393	3340
387.606757	1393	3340
387.656762	1393	3340
387.706767	1393	3340
387.756772	1393	3340
387.806777	1393	3340
387.856781	1393	3340
387.906786	1393	3340
387.956792	1393	3340
388.006797	1393	3340
388.056802	1393	3340
388.106807	1393	3340
388.156812	1393	3412
388.206817	1393	3508
388.256822	1393	3568
388.306827	1393	3588
388.356832	1393	3604
388.406837	1393	3636
388.456841	1393	3636
388.506846	1393	3656
388.556852	1393	3668
388.606857	1393	3668
388.656862	1393	3668
388.706867	1393	3668
388.760872	1393	3668
388.806877	1393	3668
388.856882	1393	3668
388.906887	1393	3668
388.956892	1393	3668
389.006896	1393	3668
389.056901	1393	3668
389.106907	1393	3668
389.156912	1393	3668
389.206917	1393	3668
389.260922	1393	3668
389.306927	1393	3668
389.356932	1393	3668
389.406937	1393	3668
389.456942	1393	3668
389.506947	1393	3668
389.556952	1393	3668
389.606956	1393	3668
389.656961	1393	3668
389.706967	1393	3668
389.756972	1393	3668
389.806977	1393	3668
389.856982	1393	3668
389.906987	1393	3668
389.956992	1393	3668
390.006997	1393	3668
390.057002	1393	3668
390.107007	1393	3668
390.157012	1393	3668
390.207016	1393	3668
390.257021	1393	3668
390.307027	1393	3668
390.357032	1393	3668
390.407037	1393	3668
390.457042	1393	3668
390.507047	1393	3668
390.557052	1393	3668
390.607057	1393	3668
390.657062	1393	3668
390.707067	1393	3668
390.757071	1393	3668
390.807076	1393	3668
390.857082	1393	3668
390.907087	1389	3668
390.957092	1377	3668
391.007097	1377	3668
391.057102	1377	3668
391.107107	1377	3668
391.157112	1377	3668
391.207117	1377	3668
391.257122	1377	3668
391.307127	1377	3668
391.357131	1377	3668
391.407136	1377	3668
391.457142	1377	3668
391.507147	1377	3668
391.557152	1377	3668
391.607157	1377	3668
391.657162	1377	3668
391.707167	1377	3668
391.757172	1377	3668
391.807177	1377	3668
391.857182	1377	3668
391.907187	1377	3668
391.957191	1373	3668
392.007196	1373	3668
392.057202	1373	3668
392.107207	1373	3668
392.157212	1373	3668
392.207217	1373	3668
392.257222	1373	3668
392.307227	1373	3668
392.357232	1373	3668
392.407237	1373	3668
392.457242	1373	3668
392.507246	1373	3668
392.557251	1373	3668
392.607257	1373	3668
392.657262	1373	3668
392.707267	1373	3668
392.757272	1373	3668
392.807277	1373	3668
392.857282	1373	3668
392.907287	1373	3668
392.957292	1373	3668
393.007297	1373	3668
393.057302	1373	3668
393.107306	1373	3668
393.157311	1373	3668
393.207317	1373	3668
393.260322	1373	3668
393.307327	1373	3668
393.357332	1373	3668
393.407337	1373	3668
393.457342	1373	3668
393.506347	1373	3668
393.556352	1373	3668
393.606357	1373	3668
393.656362	1373	3668
393.706367	1373	3668
393.756371	1373	3668
393.806376	1373	3668
393.856381	1373	3668
393.906386	1373	3668
393.956391	1373	3668
394.006397	1373	3668
394.056402	1373	3668
394.106407	1373	3668
394.156412	1373	3668
394.206417	1373	3668
394.256422	1373	3668
394.306427	1373	3668
394.356431	1373	3668
394.406436	1373	3668
394.456441	1373	3668
394.506446	1369	3668
394.556451	1353	3668
394.606457	1333	3668
394.656462	1325	3668
394.706467	1325	3668
394.756472	1317	3668
394.806477	1301	3668
394.856482	1301	3668
394.906487	1281	3668
394.956491	1281	3668
395.006496	1281	3668
395.056501	1281	3668
395.106506	1273	3668
395.156512	1273	3668
395.206517	1273	3668
395.256522	1273	3668
395.306527	1273	3668
395.356532	1273	3668
395.406537	1265	3668
395.456542	1237	3668
395.506546	1237	3668
395.556551	1237	3668
395.606556	1233	3668
395.656561	1233	3668
395.706566	1233	3668
395.756572	1233	3660
395.806577	1233	3632
395.856582	1233	3632
395.906587	1233	3624
395.956592	1233	3600
396.006597	1233	3564
396.056602	1233	3552
396.106606	1221	3512
396.156611	1221	3512
396.206616	1221	3512
396.256621	1221	3512
396.306626	1221	3480
396.356632	1221	3448
396.406637	1221	3436
396.456642	1221	3432
396.506647	1221	3432
396.556652	1221	3432
396.606657	1221	3432
396.656662	1221	3432
396.706666	1221	3432
396.756671	1221	3432
396.806676	1221	3432
396.856681	1221	3432
396.906687	1221	3432
396.956692	1221	3432
397.006697	1221	3432
397.056702	1221	3432
397.106707	1221	3432
397.156712	1221	3432
397.206717	1221	3432
397.256721	1221	3432
397.306726	1221	3432
397.356731	1221	3428
397.406736	1221	3428
397.456741	1221	3428
397.506747	1221	3428
397.556752	1221	3408
397.606757	1221	3408
397.656762	1221	3408
397.706767	1221	3408
397.756772	1221	3408
397.806777	1221	3408
397.856781	1221	3408
397.906786	1221	3408
397.956791	1221	3408
398.006796	1221	3408
398.056802	1221	3408
398.106807	1221	3408
398.156812	1221	3408
398.206817	1221	3408
398.256822	1221	3408
398.306827	1221	3408
398.356832	1221	3408
398.406837	1221	3408
398.456841	1221	3408
398.506846	1221	3408
398.556851	1221	3408
398.606856	1221	3408
398.656862	1221	3408
398.706867	1221	3408
398.756872	1221	3408
398.806877	1221	3408
398.856882	1221	3408
398.906887	1221	3408
398.956892	1221	3396
399.006896	1221	3352
399.056901	1221	3344
399.106906	1221	3344
399.156911	1221	3344
399.206916	1221	3344
399.256922	1221	3344
399.306927	1221	3344
399.356932	1221	3344
399.406937	1221	3344
399.456942	1221	3344
399.506947	1221	3336
399.556952	1221	3304
399.606956	1221	3280
399.656961	1221	3280
399.706966	1221	3280
399.756971	1221	3280
399.806977	1221	3280
399.856982	1217	3280
399.906987	1217	3280
399.956992	1217	3280
400.006997	1217	3280
400.057002	1217	3280
400.107007	1217	3280
400.157012	1217	3280
400.207016	1217	3280
400.257021	1217	3280
400.307026	1217	3280
400.357031	1217	3280
400.407037	1169	3280
400.457042	1149	3300
400.507047	1149	3368
400.557052	1149	3392
400.607057	1149	3440
400.657062	1149	3472
400.707067	1149	3508
400.757071	1149	3572
400.807076	1149	3672
400.857081	1125	3828
400.907086	1041	3924
400.966093	1017	4028
401.007097	1013	4076
401.057102	997	4088
401.107107	997	4140
401.157112	973	4180
401.207117	965	4236
401.257122	925	4288
401.307127	925	4344
401.357131	925	4396
401.407136	925	4484
401.457141	925	4524
401.507146	925	4604
401.557152	909	4672
401.607157	909	4744
401.657162	893	4780
401.707167	893	4816
401.757172	893	4868
401.807177	893	4876
401.857182	893	4932
401.907187	893	4972
401.957191	893	4996
402.007196	893	5048
402.057201	893	5108
402.107206	893	5124
402.157212	893	5124
402.207217	893	5136
402.257222	893	5136
402.307227	893	5136
402.357232	893	5136
402.407237	893	5136
402.457242	893	5136
402.507246	893	5136
402.557251	893	5136
402.607256	893	5136
402.657261	893	5136
402.707266	893	5136
402.757272	893	5136
402.807277	893	5124
402.857282	893	5116
402.907287	893	5056
402.957292	893	5008
403.007297	893	4996
403.057302	893	4992
403.107306	893	4960
403.157311	893	4940
403.207316	893	4940
403.257321	893	4920
403.307327	893	4920
403.357332	893	4912
403.407337	893	4912
403.457342	893	4912
403.507347	893	4912
403.557352	893	4912
403.607357	893	4912
403.657362	893	4912
403.707366	893	4912
403.757371	893	4912
403.807376	893	4912
403.857381	893	4912
403.907387	893	4912
403.957392	893	4912
404.007397	893	4912
404.057402	893	4912
404.107407	893	4912
404.157412	893	4912
404.207417	893	4912
404.257421	893	4912
404.307426	893	4912
404.357431	893	4912
404.407436	893	4912
404.457441	893	4912
404.507447	893	4912
404.557452	893	4912
404.607457	893	4912
404.657462	893	4912
404.707467	893	4912
404.757472	893	4912
404.807477	893	4912
404.857481	893	4912
404.907486	893	4912
404.957491	893	4912
405.007496	893	4912
405.057502	893	4912
405.107507	893	4912
405.157512	893	4912
405.207517	893	4912
405.257522	893	4912
405.307527	893	4912
405.357532	893	4912
405.407537	893	4912
405.457541	893	4912
405.507546	893	4912
405.557551	893	4912
405.607556	893	4912
405.657562	893	4912
405.707567	893	4912
405.757572	893	4912
405.807577	893	4912
405.857582	893	4912
405.907587	893	4912
405.957592	893	4912
406.007596	893	4912
406.057601	893	4912
406.107606	893	4912
406.157611	893	4912
406.207616	893	4912
406.257622	893	4912
406.307627	893	4912
406.357632	893	4912
406.407637	893	4912
406.457642	893	4912
406.507647	893	4912
406.557652	893	4912
406.607656	893	4912
406.657661	893	4912
406.707666	893	4912
406.757671	893	4912
406.807677	893	4912
406.857682	893	4912
406.907687	893	4912
406.957692	893	4912
407.007697	893	4912
407.057702	893	4912
407.107707	893	4912
407.157712	893	4912
407.207716	893	4904
407.257721	893	4904
407.307726	893	4904
407.357731	893	4880
407.407737	893	4828
407.457742	893	4772
407.507747	893	4744
407.557752	893	4700
407.607757	893	4700
407.657762	893	4668
407.707767	893	4664
407.757771	893	4620
407.807776	893	4576
407.857781	893	4476
407.907786	893	4428
407.957791	893	4400
408.007797	893	4388
408.057802	893	4340
408.107807	893	4320
408.157812	893	4280
408.207817	893	4280
408.257822	893	4280
408.307827	893	4252
408.357831	893	4248
408.407836	893	4248
408.457841	893	4240
408.507846	893	4208
408.557852	893	4192
408.607857	893	4140
408.657862	893	4140
408.707867	893	4140
408.757872	893	4116
408.807877	893	4104
408.857882	893	4104
408.907887	893	4104
408.957891	893	4100
409.007896	893	4084
409.057901	893	4084
409.107906	893	4084
409.157912	893	4072
409.207917	893	4048
409.257922	893	4040
409.307927	893	3992
409.357932	893	3980
409.407937	893	3972
409.457942	885	3972
409.507946	885	3940
409.557951	857	3908
409.607956	821	3884
409.657961	821	3864
409.707966	813	3812
409.757972	765	3792
409.807977	733	3752
409.857982	713	3704
409.907987	665	3640
409.957992	629	3604
410.007997	609	3556
410.058002	569	3512
410.108006	569	3496
410.158011	565	3464
410.208016	545	3460
410.258021	545	3460
410.308027	533	3416
410.358032	493	3352
410.408037	417	3296
410.458042	381	3228
410.508047	377	3192
410.558052	377	3192
410.608057	345	3184
410.658062	345	3172
410.708066	345	3112
410.758071	345	3088
410.808076	345	3068
410.858081	345	2936
410.908087	345	2692
410.958092	309	2280
411.007096	89	1816
411.057101	0	1332
411.107107	0	1064
411.157112	0	884
411.207117	0	704
411.257122	0	488
411.307127	0	32
411.357131	0	0
411.407136	0	0
411.457141	0	0
411.507146	0	0
411.557151	0	0
411.607156	0	0
411.657161	0	0
411.707167	0	0
411.757172	0	0
411.807177	0	0
411.857182	0	0
411.907187	0	0
411.957191	0	0
412.007196	0	0
412.057201	0	0
412.107206	0	0
412.157211	0	0
412.207216	0	0
412.257221	0	0
412.307227	0	0
412.357232	0	0
412.407237	0	0
412.457242	0	0
412.507246	0	0
412.557251	0	0
412.607256	0	0
412.657261	0	0
412.707266	0	0
412.757271	0	0
412.807276	0	0
412.857282	0	0
412.907287	0	0
412.957292	0	0
413.007297	0	0
413.057302	0	0
413.107306	0	0
413.157311	0	0
413.207316	0	0
413.257321	0	0
413.307326	0	0
413.357331	0	0
413.407336	0	0
413.457342	0	0
413.507347	0	0
413.557352	0	0
413.607357	0	0
413.657362	0	0
413.707366	0	0
413.757371	0	0
413.807376	0	0
413.857381	0	0
413.907386	0	0
413.957391	0	0
414.007396	0	0
414.057402	0	0
414.107407	0	0
414.157412	0	0
414.207417	0	0
414.257421	0	0
414.307426	0	0
414.357431	0	0
414.407436	0	0
414.457441	0	0
414.507446	0	0
414.557451	0	0
414.607457	0	0
414.657462	0	0
414.707467	0	0
414.757472	0	0
414.807477	0	0
414.857481	0	0
414.922488	0	0
414.978494	0	0
415.007496	0	0
415.057501	0	0
415.107506	0	0
415.157511	0	0
415.207517	0	0
415.257522	0	0
415.307527	0	0
415.357532	0	0
415.407537	0	0
415.457541	0	0
415.507546	0	0
415.557551	0	0
415.607556	0	0
415.657561	0	0
415.707566	0	0
415.757571	0	0
415.807577	0	0
415.857582	0	0
415.907587	0	0
415.957592	0	0
416.007596	0	0
416.057601	0	0
416.107606	0	0
416.157611	0	0
416.207616	0	0
416.257621	0	0
416.307626	0	0
416.357632	0	0
416.407637	0	0
416.457642	0	0
416.507647	0	0
416.557652	0	0
416.607656	0	0
416.657661	0	0
416.707666	0	0
416.757671	0	0
416.807676	0	0
416.857681	0	0
416.907686	0	0
416.957692	0	0
417.007697	0	0
417.057702	0	0
417.107707	0	0
417.157712	0	0
417.207716	0	0
417.257721	0	0
417.307726	0	0
417.357731	0	0
417.407736	0	0
417.457741	0	0
417.507746	0	0
417.557752	0	0
417.607757	0	0
417.657762	0	0
417.707767	0	0
417.757771	0	0
417.807776	0	0
417.857781	0	0
417.907786	0	0
417.957791	0	0
418.007796	0	0
418.057801	0	0
418.107807	0	0
418.157812	0	0
418.207817	0	0
418.257822	0	0
418.307827	0	0
418.357831	0	0
418.407836	0	0
418.457841	0	0
418.507846	0	0
418.557851	0	0
418.607856	0	0
418.657861	0	0
418.707867	0	0
418.757872	0	0
418.807877	0	0
418.857882	0	0
418.907887	0	0
418.957891	0	0
419.007896	0	0
419.057901	0	0
419.107906	0	0
419.157911	0	0
419.207916	0	0
419.257922	0	0
419.307927	0	0
419.357932	0	0
419.407937	0	0
419.457942	0	0
419.507946	0	0
419.557951	0	0
419.607956	0	0
419.657961	0	0
419.707966	0	0
419.757971	0	0
419.807976	0	0
419.857982	0	0
419.907987	0	0
419.957992	0	0
420.007997	0	0
420.058002	0	0
420.108006	0	0
420.158011	0	0
420.208016	0	0
420.258021	0	0
420.308026	0	0
420.358031	0	0
420.408036	0	0
420.458042	0	0
420.508047	0	0
420.558052	0	0
420.608057	0	0
420.658062	0	0
420.708066	0	0
420.758071	0	0
420.808076	0	0
420.858081	0	0
420.908086	0	0
420.958091	0	0
421.008097	0	0
421.058102	0	0
421.108107	0	0
421.158112	0	0
421.208117	0	0
421.258121	0	0
421.308126	0	0
421.358131	0	0
421.408136	0	0
421.458141	0	0
421.508146	0	0
421.558151	0	0
421.608157	0	0
421.658162	0	0
421.708167	0	0
421.758172	0	0
421.808177	0	0
421.858181	0	0
421.908186	0	0
421.958191	0	0
422.008196	0	0
422.058201	0	0
422.108206	0	0
422.158211	0	0
422.208217	0	0
422.258222	0	0
422.308227	0	0
422.358232	0	0
422.408237	0	0
422.458241	0	0
422.508246	0	0
422.558251	0	0
422.608256	0	0
422.658261	0	0
422.708266	0	0
422.758272	0	0
422.808277	0	0
422.858282	0	0
422.908287	0	0
422.958292	0	0
423.008296	0	0
423.058301	0	0
423.108306	0	0
423.158311	0	0
423.208316	0	0
423.258321	0	0
423.308326	0	0
423.358332	0	0
423.408337	0	0
423.458342	0	0
423.508347	0	0
423.558352	0	0
423.608356	0	0
423.658361	0	0
423.708366	0	0
423.758371	0	0
423.808376	0	0
423.858381	0	0
423.908386	0	0
423.958392	0	0
424.008397	0	0
424.058402	0	0
424.108407	0	0
424.158412	0	0
424.208416	0	0
424.258421	0	0
424.308426	0	0
424.358431	0	0
424.408436	0	0
424.458441	0	0
424.508447	0	0
424.558452	0	0
424.608457	0	0
424.658462	0	0
424.708467	0	0
424.758471	0	0
424.808476	0	0
424.858481	0	0
424.908486	0	0
424.958491	0	0
425.008496	0	180
425.058501	0	340
425.108507	0	352
425.158512	0	352
425.208517	0	352
425.258522	0	488
425.308527	0	564
425.358531	0	564
425.408536	0	564
425.458541	0	564
425.508546	0	564
425.558551	0	564
425.608556	0	564
425.658561	0	564
425.708567	0	564
425.758572	0	564
425.808577	0	588
425.858582	0	628
425.908587	0	712
425.958591	0	1104
426.008596	0	1104
426.058601	0	1104
426.108606	0	1104
426.158611	0	1104
426.208616	0	1104
426.258622	0	1104
426.308627	0	1104
426.358632	0	1104
426.408637	0	1104
426.458642	0	1104
426.508646	0	1104
426.558651	0	1104
426.608656	0	1104
426.658661	0	1104
426.708666	0	1104
426.758671	0	1104
426.808676	0	1104
426.858682	0	1104
426.908687	0	1104
426.958692	0	932
427.008697	0	932
427.058702	0	932
427.108706	0	932
427.158711	0	932
427.208716	0	932
427.258721	0	932
427.308726	0	964
427.358731	0	964
427.408736	0	964
427.458742	0	964
427.508747	0	964
427.558752	0	964
427.608757	0	964
427.658762	0	964
427.708766	0	964
427.758771	0	964
427.808776	0	964
427.858781	0	964
427.908786	0	964
427.958791	0	964
428.008797	0	964
428.058802	0	964
428.108807	0	964
428.158812	0	964
428.208817	0	1128
428.258821	0	1128
428.308826	0	1128
428.358831	0	1128
428.408836	0	1128
428.458841	0	1128
428.507846	0	1128
428.557851	0	1128
428.607856	0	1128
428.657861	0	1128
428.707866	0	1128
428.757871	0	1128
428.807877	0	1128
428.857882	0	1128
428.907887	0	1128
428.957891	0	1128
429.007896	0	1128
429.057901	0	1128
429.107906	0	1128
429.157911	0	1128
429.207916	0	1128
429.257921	0	1128
429.307926	0	1128
429.357931	0	1128
429.407937	0	1128
429.457942	0	1128
429.507946	0	1128
429.557951	0	1128
429.607956	0	1128
429.657961	0	1128
429.707966	0	1128
429.757971	0	1128
429.807976	0	1128
429.857981	0	1128
429.907986	0	1128
429.957991	0	1128
430.007997	0	1128
430.058002	0	1128
430.108006	0	1128
430.158011	0	1128
430.208016	0	1128
430.258021	0	1208
430.308026	0	1208
430.358031	0	1208
430.408036	0	1208
430.458041	0	1208
430.508046	0	1208
430.558052	0	1208
430.608057	0	1208
430.658062	0	1208
430.708066	0	1208
430.758071	0	1208
430.808076	0	1208
430.858081	-464	1572
430.908086	-464	1572
430.958091	-464	1572
431.008096	-464	1572
431.058101	-464	1572
431.108106	-464	1572
431.158112	-464	1620
431.208117	-464	1620
431.258121	-464	1620
431.308126	-464	1620
431.358131	-464	1620
431.408136	-464	1696
431.458141	-464	1696
431.508146	-464	1696
431.558151	-464	1696
431.608156	-464	1696
431.658161	-464	1696
431.708166	-464	1696
431.758172	-464	1872
431.808177	-464	1872
431.858181	-464	1872
431.908186	-464	1872
431.958191	-464	1872
432.008196	-464	1872
432.058201	-464	1872
432.108206	-464	1872
432.158211	-464	1872
432.208216	-464	1872
432.258221	-464	1872
432.308227	-464	1872
432.358232	-464	1956
432.408237	-464	1956
432.458241	-464	1956
432.508246	-464	1956
432.558251	-464	1956
432.608256	-464	1964
432.658261	-464	1972
432.708266	-464	1972
432.758271	-464	1972
432.808276	-464	1972
432.858281	-464	1972
432.908287	-464	1960
432.958292	-464	1912
433.008296	-464	1908
433.058301	-464	1908
433.108306	-464	1908
433.158311	-464	1908
433.208316	-464	1908
433.258321	-464	1908
433.308326	-464	1908
433.358331	-464	1908
433.408336	-464	1908
433.458341	-464	1908
433.508347	-464	1908
433.558352	-464	1908
433.608356	-464	1888
433.658361	-464	1864
433.708366	-464	1864
433.758371	-464	1856
433.808376	-464	1840
433.858381	-464	1816
433.908386	-464	1784
433.958391	-464	1784
434.008396	-464	1784
434.058402	-464	1784
434.108407	-464	1784
434.158412	-464	1784
434.208416	-464	1784
434.258421	-464	1784
434.308426	-464	1784
434.358431	-464	1784
434.408436	-464	1784
434.458441	-464	1784
434.508446	-464	1784
434.558451	-464	1784
434.608456	-464	1784
434.658462	-464	1784
434.708467	-464	1784
434.758471	-464	1784
434.808476	-464	1784
434.858481	-464	1784
434.910487	-464	1784
434.975493	-464	1784
435.008496	-464	1812
435.058501	-464	1864
435.108506	-464	1864
435.158511	-464	1864
435.208516	-464	1864
435.258522	-464	1864
435.308527	-464	1864
435.358531	-464	1864
435.408536	-464	1864
435.458541	-464	1864
435.508546	-464	1864
435.558551	-464	1864
435.608556	-464	1864
435.658561	-464	1864
435.708566	-464	1864
435.758571	-464	1864
435.808577	-464	1864
435.858582	-464	1864
435.908587	-464	1864
435.958591	-464	1864
436.008596	-464	1864
436.058601	-464	1864
436.108606	-464	1864
436.158611	-464	1864
436.208616	-464	1864
436.258621	-464	1864
436.308626	-464	1864
436.358631	-464	1864
436.408637	-464	1864
436.458642	-464	1864
436.508646	-464	1864
436.558651	-464	1864
436.608656	-464	1864
436.658661	-464	1864
436.708666	-464	1864
436.758671	-464	1864
436.808676	-464	1864
436.858681	-464	1864
436.908686	-464	1864
436.958691	-464	1864
437.008697	-464	1864
437.058702	-464	1864
437.108706	-464	1864
437.158711	-464	1864
437.208716	-464	1864
437.258721	-464	1864
437.308726	-464	1864
437.358731	-464	1864
437.408736	-464	1864
437.458741	-464	1864
437.508746	-464	1864
437.558752	-464	1864
437.608757	-464	1864
437.658762	-464	1864
437.708766	-464	1864
437.758771	-464	1864
437.808776	-464	1864
437.858781	-464	1864
437.908786	-464	1864
437.958791	-464	1864
438.008796	-464	1864
438.058801	-464	1864
438.108806	-464	1864
438.158812	-464	1864
438.208817	-464	1864
438.258821	-464	1864
438.308826	-464	1864
438.358831	-464	1864
438.408836	-464	1864
438.458841	0	212
438.508846	0	212
438.558851	0	212
438.608856	0	212
438.658861	0	212
438.708866	0	212
438.758872	0	212
438.808877	0	212
438.858881	0	284
438.908886	0	408
438.958891	0	464
439.008896	0	512
439.058901	0	512
439.108906	0	512
439.158911	0	512
439.208916	0	512
439.258921	0	512
439.308927	0	512
439.358932	0	512
439.408937	0	512
439.458941	0	512
439.508946	0	512
439.558951	0	268
439.608956	0	0
439.658961	0	0
439.708966	0	0
439.758971	0	0
439.808976	0	0
439.858981	0	0
439.908987	0	0
439.958992	0	0
440.008996	0	0
440.059001	0	0
440.109006	0	0
440.159011	0	0
440.209016	0	0
440.259021	0	0
440.309026	0	0
440.359031	0	0
440.409036	0	0
440.459042	0	0
440.509047	0	0
440.559052	0	0
440.609056	0	0
440.659061	0	0
440.709066	0	0
440.759071	0	0
440.809076	0	0
440.859081	0	0
440.909086	0	0
440.959091	0	0
441.009096	0	0
441.059102	0	0
441.109107	0	0
441.159111	0	0
441.209116	0	0
441.259121	0	0
441.309126	0	0
441.359131	0	0
441.409136	0	0
441.459141	0	0
441.509146	0	0
441.559151	0	0
441.609156	0	0
441.659162	0	0
441.709167	0	0
441.759171	0	0
441.809176	0	0
441.859181	0	0
441.909186	0	0
441.959191	0	0
442.009196	0	0
442.059201	0	0
442.109206	0	0
442.159211	0	0
442.209217	0	0
442.259222	0	0
442.309227	0	0
442.359231	0	0
442.409236	0	0
442.459241	0	0
442.509246	0	0
442.559251	0	0
442.609256	0	0
442.659261	0	0
442.709266	0	0
442.759271	0	0
442.809277	0	0
442.859282	0	0
442.909286	0	0
442.959291	0	0
443.009296	0	0
443.059301	0	0
443.109306	0	0
443.159311	0	0
443.209316	0	0
443.259321	0	0
443.309326	0	0
443.359331	0	0
443.409337	0	0
443.459342	0	0
443.509346	0	0
443.559351	0	0
443.609356	0	0
443.659361	0	0
443.709366	0	0
443.759371	0	0
443.809376	0	0
443.859381	0	0
443.909386	0	0
443.959392	0	0
444.009397	0	0
444.059402	0	0
444.109406	0	0
444.159411	0	0
444.209416	0	0
444.259421	0	0
444.309426	0	0
444.359431	0	0
444.409436	0	0
444.459441	0	0
444.509446	0	0
444.559452	0	0
444.609457	0	0
444.659461	0	0
444.709466	0	0
444.759471	0	0
444.809476	0	0
444.859481	0	0
444.917487	0	0
444.959491	0	0
445.009496	0	0
445.059501	0	0
445.109506	0	0
445.159512	0	0
445.209517	0	0
445.259521	0	0
445.309526	0	0
445.359531	0	0
445.409536	0	0
445.459541	0	0
445.509546	0	0
445.559551	0	0
445.609556	0	0
445.659561	0	0
445.709567	0	0
445.759572	0	0
445.809577	0	0
445.859581	0	0
445.909586	0	0
445.958591	0	0
446.008596	0	0
446.058601	0	0
446.108606	0	0
446.158611	0	0
446.208616	0	0
446.258621	0	0
446.308626	0	0
446.358631	0	0
446.408636	0	0
446.458641	0	0
446.508646	0	0
446.558651	0	0
446.608656	0	0
446.658661	0	0
446.708666	0	0
446.758671	0	0
446.808676	0	0
446.858681	0	0
446.908686	0	0
446.958691	0	0
447.008696	0	0
447.058701	0	0
447.108706	0	0
447.158711	0	0
447.208716	0	0
447.258721	0	0
447.308726	0	0
447.358731	0	0
447.408736	0	0
447.458741	0	0
447.508746	0	0
447.558751	0	0
447.608756	0	0
447.658761	0	0
447.708766	0	0
447.758771	0	0
447.808776	0	0
447.858781	0	0
447.908786	0	0
447.958791	0	0
448.008796	0	0
448.058801	0	0
448.108806	0	0
448.158811	0	0
448.208816	0	0
448.258821	0	0
448.308826	0	0
448.358831	0	0
448.408836	0	0
448.458841	0	0
448.508846	0	0
448.558851	0	0
448.608856	0	0
448.658861	0	0
448.708866	0	0
448.758871	0	0
448.808876	0	0
448.858881	0	0
448.908886	0	0
448.958891	0	0
449.008896	0	0
449.058901	0	0
449.108906	0	0
449.158911	0	0
449.208916	0	0
449.258921	0	0
449.308926	0	0
449.358931	0	0
449.408936	0	0
449.458941	0	0
449.508946	0	0
449.558951	0	0
449.608956	0	0
449.658961	0	0
449.708966	0	0
449.758971	0	0
449.808976	0	0
449.858981	0	0
449.908986	0	0
449.958991	0	0
450.008996	0	0
450.059001	0	0
450.109006	0	0
450.159011	0	0
450.209016	0	0
450.259021	0	0
450.309026	0	0
450.359031	0	0
450.409036	0	0
450.459041	0	0
450.509046	0	0
450.559051	0	0
450.609056	0	0
450.659061	0	0
450.709066	0	0
450.759071	0	0
450.809076	0	0
450.859081	0	0
450.909086	0	0
450.959091	0	0
451.009096	0	0
451.059101	0	0
451.109106	0	0
451.159111	0	0
451.209116	0	0
451.259121	0	0
451.309126	0	0
451.359131	0	0
451.409136	0	0
451.459141	0	0
451.509146	0	0
451.559151	0	0
451.609156	0	0
451.659161	0	0
451.709166	0	0
451.759171	0	0
451.809176	0	0
451.859181	0	0
451.909186	0	0
451.959191	0	0
452.009196	0	0
452.059201	0	0
452.109206	0	0
452.159211	0	0
452.209216	0	0
452.259221	0	0
452.309226	0	0
452.359231	0	0
452.409236	0	0
452.459241	0	0
452.509246	0	0
452.559251	0	0
452.609256	0	0
452.659261	0	0
452.709266	0	0
452.759271	0	0
452.809276	0	0
452.859281	0	0
452.909286	0	0
452.959291	0	0
453.009296	0	0
453.059301	0	0
453.109306	0	0
453.159311	0	0
453.209316	0	0
453.259321	0	0
453.309326	0	0
453.359331	0	0
453.409336	0	0
453.459341	0	0
453.509346	0	0
453.559351	0	0
453.609356	0	0
453.659361	0	0
453.709366	0	0
453.759371	0	0
453.809376	0	0
453.859381	0	0
453.909386	0	0
453.959391	0	0
454.009396	0	0
454.059401	0	0
454.109406	0	0
454.159411	0	0
454.209416	0	0
454.259421	0	0
454.309426	0	0
454.359431	0	0
454.409436	0	0
454.459441	0	0
454.509446	0	0
454.559451	0	0
454.609456	0	0
454.659461	0	0
454.709466	0	0
454.759471	0	0
454.809476	0	0
454.859481	0	0
454.915487	0	0
454.959491	0	0
455.009496	0	0
455.059501	0	0
455.109506	0	0
455.159511	0	0
455.209516	0	0
455.259521	0	0
455.309526	0	0
455.359531	0	0
455.409536	0	0
455.459541	0	0
455.509546	0	0
455.559551	0	0
455.609556	0	0
455.659561	0	0
455.709566	0	0
455.759571	0	0
455.809576	0	0
455.859581	0	0
455.909586	0	0
455.959591	0	0
456.009596	0	0
456.059601	0	0
456.109606	0	0
456.159611	0	0
456.209616	0	0
456.259621	0	0
456.309626	0	0
456.359631	0	0
456.409636	0	0
456.459641	0	0
456.509646	0	0
456.559651	0	0
456.609656	0	0
456.659661	0	0
456.709666	0	0
456.759671	0	0
456.809676	0	0
456.859681	0	0
456.909686	0	0
456.959691	0	0
457.009696	0	0
457.059701	0	0
457.109706	0	0
457.159711	0	0
457.209716	0	0
457.259721	0	0
457.309726	0	0
457.359731	0	0
457.409736	0	0
457.459741	0	0
457.509746	0	0
457.559751	0	0
457.609756	0	0
457.659761	0	0
457.709766	0	0
457.759771	0	0
457.809776	0	0
457.859781	0	0
457.909786	0	0
457.959791	0	0
458.009796	0	0
458.059801	0	0
458.109806	0	0
458.159811	0	0
458.209816	0	0
458.259821	0	0
458.309826	0	0
458.359831	0	0
458.409836	0	0
458.459841	0	0
458.509846	0	0
458.559851	0	0
458.609856	0	0
458.659861	0	0
458.709866	0	0
458.759871	0	0
458.809876	0	0
458.859881	0	0
458.909886	0	0
458.959891	0	0
459.009896	0	0
459.059901	0	0
459.109906	0	0
459.159911	0	0
459.209916	0	0
459.259921	0	0
459.309926	0	0
459.359931	0	0
459.409936	0	0
459.459941	0	0
459.509946	0	0
459.559951	0	0
459.609956	0	0
459.659961	0	0
459.709966	0	0
459.759971	0	0
459.809976	0	0
459.859981	0	0
459.909986	0	0
459.959991	0	0
460.009996	0	0
460.060001	0	0
460.110006	0	0
460.160011	0	0
460.210016	0	0
460.260021	0	0
460.310026	0	0
460.360031	0	0
460.410036	0	0
460.460041	0	0
460.510046	0	0
460.560051	0	0
460.610056	0	0
460.660061	0	0
460.710066	0	0
460.760071	0	0
460.810076	0	0
460.860081	0	0
460.910086	0	0
460.960091	0	0
461.010096	0	0
461.060101	0	0
461.110106	0	0
461.160111	0	0
461.210116	0	0
461.260121	0	0
461.310126	0	0
461.360131	0	0
461.410136	0	0
461.460141	0	0
461.510146	0	0
461.560151	0	0
461.610156	0	0
461.660161	0	0
461.710166	0	0
461.760171	0	0
461.810176	0	0
461.860181	0	0
461.910186	0	0
461.960191	0	0
462.010196	0	0
462.060201	0	0
462.110206	0	0
462.160211	0	0
462.210216	0	0
462.260221	0	0
462.310226	0	0
462.360231	0	0
462.410236	0	0
462.460241	0	0
462.510246	0	0
462.560251	0	0
462.610256	0	0
462.660261	0	0
462.710266	0	0
462.760271	0	0
462.810276	0	0
462.860281	0	0
462.910286	0	0
462.960291	0	0
463.010296	0	0
463.060301	0	0
463.110306	0	0
463.160311	0	0
463.210316	0	0
463.260321	0	0
463.310326	0	0
463.360331	0	0
463.410336	0	0
463.459341	0	0
463.509346	0	0
463.559351	0	0
463.609356	0	0
463.659361	0	0
463.709366	0	0
463.759371	0	0
463.809376	0	0
463.859381	0	0
463.909386	0	0
463.959391	0	0
464.009396	0	0
464.059401	0	0
464.109406	0	0
464.159411	0	0
464.209416	0	0
464.259421	0	0
464.309426	0	0
464.359431	0	0
464.409436	0	0
464.459441	0	0
464.509446	0	0
464.559451	0	0
464.609456	0	0
464.659461	0	0
464.709466	0	0
464.759471	0	0
464.809476	0	0
464.859481	0	0
464.913486	0	0
464.959491	0	0
465.009496	0	0
465.059501	0	0
465.109506	0	0
465.159511	0	0
465.209516	0	0
465.259521	0	0
465.309526	0	0
465.359531	0	0
465.409536	0	0
465.459541	0	0
465.509546	0	0
465.559551	0	0
465.609556	0	0
465.659561	0	0
465.709566	0	0
465.759571	0	0
465.809576	0	0
465.859581	0	0
465.909586	0	0
465.959591	0	0
466.009596	0	0
466.059601	0	0
466.109606	0	0
466.159611	0	0
466.209616	0	0
466.259621	0	0
466.309626	0	0
466.359631	0	0
466.409636	0	0
466.459641	0	0
466.509646	0	0
466.559651	0	0
466.609656	0	0
466.659661	0	0
466.709666	0	0
466.759671	0	0
466.809676	0	0
466.859681	0	0
466.909686	0	0
466.977693	0	0
467.009696	0	0
467.063702	0	0
467.109706	0	0
467.159711	0	0
467.209716	0	0
467.259721	0	0
467.309726	0	0
467.359731	0	0
467.409736	0	0
467.459741	0	0
467.509746	0	0
467.559751	0	0
467.609756	0	0
467.659761	0	0
467.709766	0	0
467.759771	0	0
467.809776	0	0
467.859781	0	0
467.909786	0	0
467.959791	0	0
468.009796	0	0
468.059801	0	0
468.109806	0	0
468.159811	0	0
468.209816	0	0
468.259821	0	0
468.309826	0	0
468.359831	0	0
468.409836	0	0
468.459841	0	0
468.509846	0	0
468.559851	0	0
468.609856	0	0
468.659861	0	0
468.709866	0	0
468.759871	0	0
468.809876	0	0
468.859881	0	0
468.909886	0	0
468.959891	0	0
469.009896	0	0
469.059901	0	0
469.109906	0	0
469.159911	0	0
469.209916	0	0
469.259921	0	0
469.309926	0	0
469.359931	0	0
469.409936	0	0
469.459941	0	0
469.509946	0	0
469.559951	0	0
469.609956	0	0
469.659961	0	0
469.709966	0	0
469.759971	0	0
469.809976	0	0
469.859981	0	0
469.909986	0	0
469.959991	0	0
470.009996	0	0
470.060001	0	0
470.110006	0	0
470.160011	0	0
470.210016	0	0
470.260021	0	0
470.310026	0	0
470.360031	0	0
470.410036	0	0
470.460041	0	0
470.510046	0	0
470.560051	0	0
470.610056	0	0
470.660061	0	0
470.710066	0	0
470.760071	0	0
470.810076	0	0
470.860081	0	0
470.910086	0	0
470.960091	0	0
471.010096	0	0
471.060101	0	0
471.110106	0	0
471.160111	0	0
471.210116	0	0
471.260121	0	0
471.310126	0	0
471.360131	0	0
471.410136	0	0
471.460141	0	0
471.510146	0	0
471.560151	0	0
471.610156	0	0
471.660161	0	0
471.710166	0	0
471.760171	0	0
471.810176	0	0
471.860181	0	0
471.910186	0	0
471.960191	0	0
472.010196	0	0
472.060201	0	0
472.110206	0	0
472.160211	0	0
472.210216	0	0
472.260221	0	0
472.310226	0	0
472.360231	0	0
472.410236	0	0
472.460241	0	0
472.510246	0	0
472.560251	0	0
472.610256	0	0
472.660261	0	0
472.710266	0	0
472.760271	0	0
472.810276	0	0
472.860281	0	0
472.910286	0	0
472.960291	0	0
473.010296	0	0
473.060301	0	0
473.110306	0	0
473.160311	0	0
473.210316	0	0
473.260321	0	0
473.310326	0	0
473.360331	0	0
473.410336	0	0
473.460341	0	0
473.510346	0	0
473.560351	0	0
473.610356	0	0
473.660361	0	0
473.710366	0	0
473.760371	0	0
473.810376	0	0
473.860381	0	0
473.910386	0	0
473.960391	0	0
474.010396	0	0
474.060401	0	0
474.110406	0	0
474.160411	0	0
474.210416	0	0
474.260421	0	0
474.310426	0	0
474.360431	0	0
474.410436	0	0
474.460441	0	0
474.510446	0	0
474.560451	0	0
474.610456	0	0
474.660461	0	0
474.710466	0	0
474.760471	0	0
474.810476	0	0
474.860481	0	0
474.913486	0	0
474.960491	0	0
475.010496	0	0
475.060501	0	0
475.110506	0	0
475.160511	0	0
475.210516	0	0
475.260521	0	0
475.310526	0	0
475.360531	0	0
475.410536	0	0
475.460541	0	0
475.510546	0	0
475.560551	0	0
475.610556	0	0
475.660561	0	0
475.710566	0	0
475.760571	0	0
475.810576	0	0
475.860581	0	0
475.910586	0	0
475.960591	0	0
476.010596	0	0
476.060601	0	0
476.110606	0	0
476.160611	0	0
476.210616	0	0
476.260621	0	0
476.310626	0	0
476.360631	0	0
476.410636	0	0
476.460641	0	0
476.510646	0	0
476.560651	0	0
476.610656	0	0
476.660661	0	0
476.710666	0	0
476.760671	0	0
476.810676	0	0
476.860681	0	0
476.910686	0	0
476.960691	0	0
477.010696	0	0
477.060701	0	0
477.110706	0	0
477.160711	0	0
477.210716	0	0
477.260721	0	0
477.310726	0	0
477.360731	0	0
477.410736	0	0
477.460741	0	0
477.510746	0	0
477.560751	0	0
477.610756	0	0
477.660761	0	0
477.710766	0	0
477.760771	0	0
477.810776	0	0
477.860781	0	0
477.910786	0	0
477.960791	0	0
478.010796	0	0
478.060801	0	0
478.110806	0	0
478.160811	0	0
478.210816	0	0
478.260821	0	0
478.310826	0	0
478.360831	0	0
478.410836	0	0
478.460841	0	0
478.510846	0	0
478.560851	0	0
478.610856	0	0
478.660861	0	0
478.710866	0	0
478.760871	0	0
478.810876	0	0
478.860881	0	0
478.910886	0	0
478.960891	0	0
479.010896	0	0
479.060901	0	0
479.110906	0	0
479.160911	0	0
479.210916	0	0
479.260921	0	0
479.310926	0	0
479.360931	0	0
479.410936	0	0
479.460941	0	0
479.510946	0	0
479.560951	0	0
479.610956	0	0
479.660961	0	0
479.710966	0	0
479.760971	0	0
479.810976	0	0
479.860981	0	0
479.910986	0	0
479.960991	0	0
480.010996	0	0
480.061001	0	0
480.111006	0	0
480.161011	0	0
480.211016	0	0
480.261021	0	0
480.311026	0	0
480.361031	0	0
480.411036	0	0
480.461041	0	0
480.511046	0	0
480.561051	0	0
480.611056	0	0
480.661061	0	0
480.711066	0	0
480.761071	0	0
480.811076	0	0
480.861081	0	0
480.911086	0	0
480.960091	0	0
481.010096	0	0
481.060101	0	0
481.110106	0	0
481.160111	0	0
481.210116	0	0
481.260121	0	0
481.310126	0	0
481.360131	0	0
481.410136	0	0
481.460141	0	0
481.510146	0	0
481.560151	0	0
481.610156	0	0
481.660161	0	0
481.710166	0	0
481.760171	0	0
481.810176	0	0
481.860181	0	0
481.910186	0	0
481.960191	0	0
482.010196	0	0
482.060201	0	0
482.110206	0	0
482.160211	0	0
482.210216	0	0
482.260221	0	0
482.310226	0	0
482.360231	0	0
482.410236	0	0
482.460241	0	0
482.510246	0	0
482.560251	0	0
482.610256	0	0
482.660261	0	0
482.710266	0	0
482.760271	0	0
482.810276	0	0
482.860281	0	0
482.910286	0	0
482.960291	0	0
483.010296	0	0
483.060301	0	0
483.110306	0	0
483.160311	0	0
483.210316	0	0
483.260321	0	0
483.310326	0	0
483.360331	0	0
483.410336	0	0
483.460341	0	0
483.510346	0	0
483.560351	0	0
483.610356	0	0
483.660361	0	0
483.710366	0	0
483.760371	0	0
483.810376	0	0
483.860381	0	0
483.910386	0	0
483.960391	0	0
484.010396	0	0
484.060401	0	0
484.110406	0	0
484.160411	0	0
484.210416	0	0
484.260421	0	0
484.310426	0	0
484.360431	0	0
484.410436	0	0
484.460441	0	0
484.510446	0	0
484.560451	0	0
484.610456	0	0
484.660461	0	0
484.710466	0	0
484.760471	0	0
484.810476	0	0
484.860481	0	0
484.910486	0	0
484.960491	0	0
485.010496	0	0
485.060501	0	0
485.110506	0	0
485.160511	0	0
485.210516	0	0
485.260521	0	0
485.310526	0	0
485.360531	0	0
485.410536	0	0
485.460541	0	0
485.510546	0	0
485.560551	0	0
485.610556	0	0
485.660561	0	0
485.710566	0	0
485.760571	0	0
485.810576	0	0
485.860581	0	0
485.910586	0	0
485.960591	0	0
486.010596	0	0
486.060601	0	0
486.110606	0	0
486.160611	0	0
486.210616	0	0
486.260621	0	0
486.310626	0	0
486.360631	0	0
486.410636	0	0
486.460641	0	0
486.510646	0	0
486.560651	0	0
486.610656	0	0
486.660661	0	0
486.710666	0	0
486.760671	0	0
486.810676	0	0
486.860681	0	0
486.910686	0	0
486.960691	0	0
487.010696	0	0
487.060701	0	0
487.110706	0	0
487.160711	0	0
487.210716	0	0
487.260721	0	0
487.310726	0	0
487.360731	0	0
487.410736	0	0
487.460741	0	0
487.510746	0	0
487.560751	0	0
487.610756	0	0
487.660761	0	0
487.710766	0	0
487.760771	0	0
487.810776	0	0
487.860781	0	0
487.910786	0	0
487.960791	0	0
488.010796	0	0
488.060801	0	0
488.110806	0	0
488.160811	0	0
488.210816	0	0
488.260821	0	0
488.310826	0	0
488.360831	0	0
488.410836	0	0
488.460841	0	0
488.510846	0	0
488.560851	0	0
488.610856	0	0
488.660861	0	0
488.710866	0	0
488.760871	0	0
488.810876	0	0
488.860881	0	0
488.910886	0	0
488.960891	0	0
489.010896	0	0
489.060901	0	0
489.110906	0	0
489.160911	0	0
489.210916	0	0
489.260921	0	0
489.310926	0	0
489.360931	0	0
489.410936	0	0
489.460941	0	0
489.510946	0	0
489.560951	0	0
489.610956	0	0
489.660961	0	0
489.710966	0	0
489.760971	0	0
489.810976	0	0
489.860981	0	0
489.910986	0	0
489.960991	0	0
490.010996	0	0
490.061001	0	0
490.111006	0	0
490.161011	0	0
490.211016	0	0
490.261021	0	0
490.311026	0	0
490.361031	0	0
490.411036	0	0
490.461041	0	0
490.511046	0	0
490.561051	0	0
490.611056	0	0
490.661061	0	0
490.711066	0	0
490.761071	0	0
490.811076	0	0
490.861081	0	0
490.911086	0	0
490.961091	0	0
491.011096	0	0
491.061101	0	0
491.111106	0	0
491.161111	0	0
491.211116	0	0
491.261121	0	0
491.311126	0	0
491.361131	0	0
491.411136	0	0
491.461141	0	0
491.511146	0	0
491.561151	0	0
491.611156	0	0
491.661161	0	0
491.711166	0	0
491.761171	0	0
491.811176	0	0
491.861181	0	0
491.911186	0	0
491.961191	0	0
492.011196	0	0
492.061201	0	0
492.111206	0	0
492.161211	0	0
492.211216	0	0
492.261221	0	0
492.311226	0	0
492.361231	0	0
492.411236	0	0
492.461241	0	0
492.511246	0	0
492.561251	0	0
492.611256	0	0
492.661261	0	0
492.711266	0	0
492.761271	0	0
492.811276	0	0
492.861281	0	0
492.911286	0	0
492.961291	0	0
493.011296	0	0
493.061301	0	0
493.111306	0	0
493.161311	0	0
493.211316	0	0
493.261321	0	0
493.311326	0	0
493.361331	0	0
493.411336	0	0
493.461341	0	0
493.511346	0	0
493.561351	0	0
493.611356	0	0
493.661361	0	0
493.711366	0	0
493.761371	0	0
493.811376	0	0
493.861381	0	0
493.911386	0	0
493.961391	0	0
494.011396	0	0
494.061401	0	0
494.111406	0	0
494.161411	0	0
494.211416	0	0
494.261421	0	0
494.311426	0	0
494.361431	0	0
494.411436	0	0
494.461441	0	0
494.511446	0	0
494.561451	0	0
494.611456	0	0
494.661461	0	0
494.711466	0	0
494.761471	0	0
494.811476	0	0
494.861481	0	0
494.917487	0	0
494.961491	0	0
495.011496	0	0
495.061501	0	0
495.111506	0	0
495.161511	0	0
495.211516	0	0
495.261521	0	0
495.311526	0	0
495.361531	0	0
495.411536	0	0
495.461541	0	0
495.511546	0	0
495.561551	0	0
495.611556	0	0
495.661561	0	0
495.711566	0	0
495.761571	0	0
495.811576	0	0
495.861581	0	0
495.911586	0	0
495.961591	0	0
496.011596	0	0
496.061601	0	0
496.111606	0	0
496.161611	0	0
496.211616	0	0
496.261621	0	0
496.311626	0	0
496.361631	0	0
496.411636	0	0
496.461641	0	0
496.511646	0	0
496.561651	0	0
496.611656	0	0
496.661661	0	0
496.711666	0	0
496.761671	0	0
496.811676	0	0
496.861681	0	0
496.911686	0	0
496.961691	0	0
497.011696	0	0
497.061701	0	0
497.111706	0	0
497.161711	0	0
497.211716	0	0
497.261721	0	0
497.311726	0	0
497.361731	0	0
497.411736	0	0
497.461741	0	0
497.511746	0	0
497.561751	0	0
497.611756	0	0
497.661761	0	0
497.711766	0	0
497.761771	0	0
497.811776	0	0
497.861781	0	0
497.911786	0	0
497.961791	0	0
498.011796	0	0
498.061801	0	0
498.111806	0	0
498.161811	0	0
498.211816	0	0
498.261821	0	0
498.311826	0	0
498.361831	0	0
498.410836	0	0
498.460841	0	0
498.510846	0	0
498.560851	0	0
498.610856	0	0
498.660861	0	0
498.710866	0	0
498.760871	0	0
498.810876	0	0
498.860881	0	0
498.910886	0	0
498.983893	0	0
499.010896	0	0
499.060901	0	0
499.110906	0	0
499.160911	0	0
499.210916	0	0
499.260921	0	0
499.310926	0	0
499.360931	0	0
499.410936	0	0
499.460941	0	0
499.510946	0	0
499.560951	0	0
499.610956	0	0
499.660961	0	0
499.710966	0	0
499.760971	0	0
499.810976	0	0
499.860981	0	0
499.910986	0	0
499.960991	0	0
500.010996	0	0
500.061001	0	0
500.111006	0	0
500.161011	0	0
500.211016	0	0
500.261021	0	0
500.311026	0	0
500.361031	0	0
500.411036	0	0
500.461041	0	0
500.511046	0	0
500.561051	0	0
500.611056	0	0
500.661061	0	0
500.711066	0	0
500.761071	0	0
500.811076	0	0
500.861081	0	0
500.911086	0	0
500.961091	0	0
501.011096	0	0
501.061101	0	0
501.111106	0	0
501.161111	0	0
501.211116	0	0
501.261121	0	0
501.311126	0	0
501.361131	0	0
501.411136	0	0
501.461141	0	0
501.511146	0	0
501.561151	0	0
501.611156	0	0
501.661161	0	0
501.711166	0	0
501.761171	0	0
501.811176	0	0
501.861181	0	0
501.911186	0	0
501.961191	0	0
502.011196	0	0
502.061201	0	0
502.111206	0	0
502.161211	0	0
502.211216	0	0
502.261221	0	0
502.311226	0	0
502.361231	0	0
502.411236	0	0
502.461241	0	0
502.511246	0	0
502.561251	0	0
502.611256	0	0
502.661261	0	0
502.711266	0	0
502.761271	0	0
502.811276	0	0
502.861281	0	0
502.911286	0	0
502.961291	0	0
503.011296	0	0
503.061301	0	0
503.111306	0	0
503.161311	0	0
503.211316	0	0
503.261321	0	0
503.311326	0	0
503.361331	0	0
503.411336	0	0
503.461341	0	0
503.511346	0	0
503.561351	0	0
503.611356	0	0
503.661361	0	0
503.711366	0	0
503.761371	0	0
503.811376	0	0
503.861381	0	0
503.911386	0	0
503.961391	0	0
504.011396	0	0
504.061401	0	0
504.111406	0	0
504.161411	0	0
504.211416	0	0
504.261421	0	0
504.311426	0	0
504.361431	0	0
504.411436	0	0
504.461441	0	0
504.511446	0	0
504.561451	0	0
504.611456	0	0
504.661461	0	0
504.711466	0	0
504.761471	0	0
504.811476	0	0
504.861481	0	0
504.916486	0	0
504.961491	0	0
505.011496	0	0
505.061501	0	0
505.111506	0	0
505.161511	0	0
505.211516	0	0
505.261521	0	0
505.311526	0	0
505.361531	0	0
505.411536	0	0
505.461541	0	0
505.511546	0	0
505.561551	0	0
505.611556	0	0
505.661561	0	0
505.711566	0	0
505.761571	0	0
505.811576	0	0
505.861581	0	0
505.911586	0	0
505.961591	0	0
506.011596	0	0
506.061601	0	0
506.111606	0	0
506.161611	0	0
506.211616	0	0
506.261621	0	0
506.311626	0	0
506.361631	0	0
506.411636	0	0
506.461641	0	0
506.511646	0	0
506.561651	0	0
506.611656	0	0
506.661661	0	0
506.711666	0	0
506.761671	0	0
506.811676	0	0
506.861681	0	0
506.911686	0	0
506.961691	0	0
507.011696	0	0
507.061701	0	0
507.111706	0	0
507.161711	0	0
507.211716	0	0
507.261721	0	0
507.311726	0	0
507.361731	0	0
507.411736	0	0
507.461741	0	0
507.511746	0	0
507.561751	0	0
507.611756	0	0
507.661761	0	0
507.711766	0	0
507.761771	0	0
507.811776	0	0
507.861781	0	0
507.911786	0	0
507.961791	0	0
508.011796	0	0
508.061801	0	0
508.111806	0	0
508.161811	0	0
508.211816	0	0
508.261821	0	0
508.311826	0	0
508.361831	0	0
508.411836	0	0
508.461841	0	0
508.511846	0	0
508.561851	0	0
508.611856	0	0
508.661861	0	0
508.711866	0	0
508.761871	0	0
508.811876	0	0
508.861881	0	0
508.911886	0	0
508.961891	0	0
509.011896	0	0
509.061901	0	0
509.111906	0	0
509.161911	0	0
509.211916	0	0
509.261921	0	0
509.311926	0	0
509.361931	0	0
509.411936	0	0
509.461941	0	0
509.511946	0	0
509.561951	0	0
509.611956	0	0
509.661961	0	0
509.711966	0	0
509.761971	125	0
509.811976	689	0
509.861981	941	0
509.911986	1185	0
509.961991	1645	0
510.011996	1717	-285
510.062001	933	0
510.112006	0	0
510.162011	0	0
510.212016	0	0
510.262021	-176	0
510.312026	-816	0
510.362031	-1416	0
510.412036	-1984	264
510.462041	-2428	264
510.512046	-2984	264
510.562051	-3648	276
510.612056	-4660	364
510.662061	-5660	548
510.712066	-6704	764
510.762071	-7700	988
510.812076	-8680	1196
510.862081	-9220	1244
510.912086	-9588	1296
510.962091	-9832	1332
511.012096	-10060	1380
511.062101	-10472	1428
511.112106	-11072	1456
511.162111	-11864	1624
511.212116	-12684	1724
511.262121	-13324	1884
511.312126	-13724	1984
511.362131	-13900	2032
511.412136	-13900	2056
511.462141	-13900	2056
511.512146	-13900	2116
511.562151	-13900	2144
511.612156	-13788	2168
511.662161	-13564	2180
511.712166	-13012	2180
511.762171	-12076	2180
511.812176	-9816	2128
511.862181	-7032	1644
511.912186	-3772	1032
511.962191	-168	0
512.012196	0	0
512.062201	0	0
512.112206	0	0
512.162211	0	0
512.212216	153	0
512.262221	673	0
512.312226	1237	0
512.362231	1925	568
512.412236	3041	568
512.462241	4473	568
512.512246	6310	420
512.562251	7962	152
512.612256	9186	-13
512.662261	9742	-53
512.712266	10126	-53
512.762271	10582	-57
512.812276	11283	-133
512.862281	12155	-313
512.912286	13059	-441
512.962291	13815	-577
513.012296	14339	-653
513.062301	14611	-673
513.112306	14775	-677
513.162311	14947	-677
513.212316	15119	-677
513.262321	15307	-677
513.312326	15435	-677
513.362331	15591	-677
513.412336	15611	-677
513.462341	15611	-677
513.512346	15611	-677
513.562351	15611	-677
513.612356	15271	-677
513.662361	14355	-637
513.712366	12815	-305
513.762371	10374	376
513.812376	5974	1260
513.862381	1089	1892
513.912386	-1948	1960
513.962391	-2272	2240
514.012396	-1448	2240
514.062401	-796	2040
514.112406	-788	1984
514.162411	-788	1904
514.212416	-788	1592
514.262421	0	704
514.312426	0	0
514.362431	0	0
514.412436	0	0
514.462441	0	0
514.512446	0	0
514.562451	0	0
514.612456	0	0
514.662461	0	0
514.712466	0	0
514.762471	0	0
514.812476	0	0
514.862481	0	0
514.914486	0	0
514.962491	0	0
515.012496	0	0
515.062501	0	0
515.112506	0	0
515.162511	0	0
515.212516	0	0
515.262521	0	0
515.312526	0	0
515.362531	0	0
515.412536	0	0
515.462541	0	0
515.512546	0	0
515.562551	0	0
515.612556	0	0
515.662561	0	0
515.712566	0	0
515.762571	0	0
515.812576	0	0
515.862581	0	0
515.911586	0	0
515.961591	0	0
516.011596	0	0
516.061601	0	0
516.111606	0	0
516.161611	0	0
516.211616	0	0
516.261621	0	0
516.311626	0	0
516.361631	0	0
516.411636	0	0
516.461641	0	0
516.511646	0	0
516.561651	0	0
516.611656	0	0
516.661661	0	0
516.711666	0	0
516.761671	0	0
516.811676	0	0
516.861681	0	0
516.911686	0	0
516.961691	0	0
517.011696	0	0
517.061701	0	0
517.111706	0	0
517.161711	0	0
517.211716	0	0
517.261721	0	0
517.311726	0	0
517.361731	0	0
517.411736	0	0
517.461741	0	0
517.511746	0	0
517.561751	0	0
517.611756	0	0
517.661761	0	0
517.711766	0	0
517.761771	0	0
517.811776	0	0
517.861781	0	0
517.911786	0	0
517.961791	0	0
518.011796	0	0
518.061801	0	0
518.111806	0	0
518.161811	0	0
518.211816	0	0
518.261821	0	0
518.311826	0	0
518.361831	0	0
518.411836	0	0
518.461841	0	0
518.511846	0	0
518.561851	0	0
518.611856	0	0
518.661861	0	0
518.711866	0	0
518.761871	0	0
518.811876	0	0
518.861881	0	0
518.911886	0	0
518.961891	0	0
519.011896	0	0
519.061901	0	0
519.111906	0	0
519.161911	0	0
519.211916	0	0
519.261921	0	0
519.311926	0	0
519.361931	0	0
519.411936	0	0
519.461941	0	0
519.511946	0	0
519.561951	0	0
519.611956	0	0
519.661961	0	0
519.711966	0	0
519.761971	0	0
519.811976	0	0
519.861981	0	0
519.911986	0	0
519.961991	0	0
520.011996	0	0
520.062001	0	0
520.112006	0	0
520.162011	0	0
520.212016	0	0
520.262021	0	0
520.312026	0	0
520.362031	0	0
520.412036	0	0
520.462041	0	0
520.512046	0	0
520.562051	0	0
520.612056	0	0
520.662061	0	0
520.712066	0	0
520.762071	0	0
520.812076	0	0
520.862081	0	0
520.912086	0	0
520.962091	0	0
521.012096	0	0
521.062101	0	0
521.112106	0	0
521.162111	0	0
521.212116	0	0
521.262121	0	0
521.312126	0	0
521.362131	0	0
521.412136	0	0
521.462141	0	0
521.512146	0	0
521.562151	0	0
521.612156	0	0
521.662161	0	0
521.712166	0	0
521.762171	0	0
521.812176	0	0
521.862181	0	0
521.912186	0	0
521.962191	0	0
522.012196	0	0
522.062201	0	0
522.112206	0	0
522.162211	0	0
522.212216	0	0
522.262221	0	0
522.312226	0	0
522.362231	0	0
522.412236	0	0
522.462241	0	0
522.512246	0	0
522.562251	0	0
522.612256	0	0
522.662261	0	0
522.712266	0	0
522.762271	0	0
522.812276	0	0
522.862281	0	0
522.912286	0	0
522.962291	0	0
523.012296	0	0
523.062301	0	0
523.112306	0	0
523.162311	0	0
523.212316	0	0
523.262321	0	0
523.312326	0	0
523.362331	0	0
523.412336	0	0
523.462341	0	0
523.512346	0	0
523.562351	0	0
523.612356	0	0
523.662361	0	0
523.712366	0	0
523.762371	0	0
523.812376	0	0
523.862381	0	0
523.912386	0	0
523.962391	0	0
524.012396	0	0
524.062401	0	0
524.112406	0	0
524.162411	0	0
524.212416	0	0
524.262421	0	0
524.312426	0	0
524.362431	0	0
524.412436	0	0
524.462441	0	0
524.512446	0	0
524.562451	0	0
524.612456	0	0
524.662461	0	0
524.712466	0	0
524.762471	0	0
524.812476	0	0
524.862481	0	0
524.915486	0	0
524.962491	0	0
525.012496	0	0
525.062501	0	0
525.112506	0	0
525.162511	0	0
525.212516	0	0
525.262521	0	88
525.312526	0	188
525.362531	0	220
525.412536	0	220
525.462541	0	228
525.512546	0	268
525.562551	0	268
525.612556	0	340
525.662561	0	360
525.712566	0	368
525.762571	0	368
525.812576	0	368
525.862581	0	368
525.912586	0	368
525.962591	0	368
526.012596	0	368
526.062601	0	368
526.112606	0	368
526.162611	0	368
526.212616	0	368
526.262621	0	368
526.312626	0	368
526.362631	0	368
526.412636	0	368
526.462641	0	368
526.512646	0	368
526.562651	0	368
526.612656	0	368
526.662661	0	368
526.712666	0	368
526.762671	0	368
526.812676	0	368
526.862681	0	368
526.912686	0	368
526.962691	0	368
527.012696	0	368
527.062701	0	368
527.112706	0	368
527.162711	0	368
527.212716	0	368
527.262721	0	368
527.312726	0	368
527.362731	0	376
527.412736	0	376
527.462741	0	376
527.512746	0	408
527.562751	0	408
527.612756	0	408
527.662761	0	408
527.712766	0	432
527.762771	0	432
527.812776	0	440
527.862781	0	448
527.912786	0	488
527.962791	0	504
528.012796	0	504
528.062801	0	504
528.112806	0	504
528.162811	0	540
528.212816	0	540
528.262821	0	540
528.312826	0	540
528.362831	0	540
528.412836	0	540
528.462841	0	540
528.512846	0	540
528.562851	0	548
528.612856	0	596
528.662861	0	596
528.712866	0	596
528.762871	0	596
528.812876	0	596
528.862881	0	620
528.912886	0	620
528.962891	0	620
529.012896	0	620
529.062901	0	620
529.112906	0	620
529.162911	0	620
529.212916	0	620
529.262921	0	668
529.312926	0	668
529.362931	0	668
529.412936	0	668
529.462941	0	668
529.512946	0	668
529.562951	0	668
529.612956	0	668
529.662961	0	668
529.712966	0	668
529.762971	0	668
529.812976	0	668
529.862981	0	668
529.912986	0	668
529.962991	0	668
530.012996	0	668
530.063001	0	668
530.113006	0	668
530.163011	0	668
530.213016	0	668
530.263021	0	668
530.313026	0	668
530.363031	0	668
530.413036	0	668
530.463041	0	668
530.513046	0	668
530.563051	0	668
530.613056	0	668
530.663061	0	668
530.713066	0	668
530.763071	0	668
530.813076	0	668
530.863081	0	676
530.913086	0	676
530.963091	0	676
531.013096	0	676
531.063101	0	676
531.113106	0	692
531.163111	0	692
531.213116	0	704
531.263121	0	704
531.313126	0	704
531.363131	0	704
531.413136	0	704
531.463141	0	704
531.513146	0	704
531.563151	0	704
531.613156	0	728
531.663161	0	728
531.713166	0	728
531.763171	0	728
531.813176	0	728
531.863181	0	728
531.913186	0	728
531.963191	0	736
532.013196	0	736
532.063201	0	736
532.113206	0	736
532.163211	0	736
532.213216	0	736
532.263221	0	736
532.313226	0	736
532.363231	0	736
532.413236	0	736
532.463241	0	736
532.513246	0	736
532.563251	0	736
532.613256	0	736
532.663261	0	736
532.713266	0	736
532.763271	0	736
532.813276	0	736
532.863281	0	736
532.913286	0	736
532.963291	0	736
533.013296	0	736
533.063301	0	736
533.113306	0	736
533.163311	0	736
533.213316	0	736
533.263321	0	736
533.313326	0	736
533.363331	0	736
533.412336	0	736
533.462341	0	736
533.512346	0	736
533.562351	0	736
533.612356	0	736
533.662361	0	736
533.712366	0	736
533.762371	0	736
533.812376	0	736
533.862381	0	736
533.912386	0	736
533.962391	0	736
534.012396	0	736
534.062401	0	736
534.112406	0	736
534.162411	0	736
534.212416	0	736
534.262421	0	736
534.312426	0	736
534.362431	0	736
534.412436	0	736
534.462441	0	736
534.512446	0	736
534.562451	0	736
534.612456	0	736
534.662461	0	736
534.712466	0	736
534.762471	0	736
534.812476	0	736
534.862481	0	728
534.912486	0	720
534.962491	0	676
535.012496	0	652
535.062501	0	612
535.112506	0	604
535.162511	0	432
535.212516	0	88
535.262521	0	0
535.312526	0	0
535.362531	0	0
535.412536	0	0
535.462541	0	0
535.512546	0	0
535.562551	0	0
535.612556	0	0
535.662561	0	0
535.712566	0	0
535.762571	0	0
535.812576	0	0
535.862581	0	0
535.912586	0	0
535.962591	0	0
536.012596	0	0
536.062601	0	0
536.112606	0	0
536.162611	0	0
536.212616	0	0
536.262621	0	0
536.312626	0	0
536.362631	0	0
536.412636	0	0
536.462641	0	0
536.512646	0	0
536.562651	0	0
536.612656	0	0
536.662661	0	0
536.712666	0	0
536.762671	0	0
536.812676	0	0
536.862681	0	0
536.912686	0	0
536.962691	0	0
537.012696	0	0
537.062701	0	0
537.112706	0	0
537.162711	0	0
537.212716	0	0
537.262721	0	0
537.312726	0	0
537.362731	0	0
537.412736	0	0
537.462741	0	0
537.512746	0	0
537.562751	21	0
537.612756	161	0
537.662761	281	0
537.712766	325	0
537.762771	473	0
537.812776	637	0
537.862781	733	0
537.912786	749	0
537.962791	925	0
538.012796	1073	0
538.062801	1265	0
538.112806	1629	0
538.162811	1953	-321
538.212816	2389	-497
538.262821	2685	-569
538.312826	2833	-585
538.362831	2885	-585
538.412836	2893	-585
538.462841	2893	-585
538.512846	2893	-585
538.562851	2893	-585
538.612856	2893	-549
538.662861	2893	-305
538.712866	2821	-57
538.762871	2585	188
538.812876	2281	360
538.862881	2201	412
538.912886	2157	452
538.962891	2157	476
539.012896	2141	476
539.062901	2129	512
539.112906	2129	516
539.162911	2129	540
539.212916	2129	596
539.262921	2129	660
539.312926	2101	712
539.362931	2045	764
539.412936	2009	832
539.462941	1957	888
539.512946	1857	932
539.562951	1817	952
539.612956	1737	992
539.662961	1697	992
539.712966	1689	1028
539.762971	1665	1028
539.812976	1609	532
539.862981	1609	532
539.912986	1549	596
539.962991	1549	596
540.012996	1517	596
540.063001	1517	596
540.113006	1497	596
540.163011	1497	596
540.213016	1481	596
540.263021	1481	596
540.313026	1421	596
540.363031	1421	596
540.413036	1421	596
540.463041	1421	596
540.513046	1421	596
540.563051	1421	596
540.613056	1421	596
540.663061	1421	596
540.713066	1421	596
540.763071	1421	596
540.813076	1421	596
540.863081	1421	596
540.913086	1421	596
540.963091	1421	596
541.013096	1421	596
541.063101	1421	596
541.113106	1421	596
541.163111	1421	596
541.213116	1421	596
541.263121	1421	596
541.313126	1421	596
541.363131	1421	596
541.413136	1421	596
541.463141	1421	596
541.513146	1421	596
541.563151	1421	596
541.613156	1421	596
541.663161	1421	596
541.713166	1421	596
541.763171	1421	596
541.813176	1421	596
541.863181	1421	596
541.913186	1421	596
541.963191	1421	596
542.013196	1421	596
542.063201	1421	596
542.113206	1421	596
542.163211	1421	596
542.213216	1421	596
542.263221	1421	596
542.313226	1421	596
542.363231	1421	596
542.413236	1421	596
542.463241	1421	596
542.513246	1421	596
542.563251	1421	596
542.613256	1421	596
542.663261	1421	596
542.713266	1421	596
542.763271	1401	596
542.813276	1401	596
542.863281	1401	596
542.913286	1401	596
542.963291	1401	596
543.013296	1401	596
543.063301	1401	596
543.113306	1401	596
543.163311	1401	596
543.213316	1401	596
543.263321	1401	596
543.313326	1401	596
543.363331	1401	596
543.413336	1401	596
543.463341	1401	596
543.513346	1393	596
543.563351	1385	596
543.613356	1357	596
543.663361	1341	596
543.713366	1341	596
543.763371	1341	596
543.813376	1341	596
543.863381	1341	596
543.913386	1341	596
543.963391	1341	596
544.013396	1341	596
544.063401	1333	596
544.113406	1333	596
544.163411	1333	596
544.213416	1333	596
544.263421	1333	596
544.313426	1333	596
544.363431	1333	596
544.413436	1333	596
544.463441	1333	596
544.513446	1333	596
544.563451	1333	596
544.613456	1333	596
544.663461	1333	596
544.713466	1333	596
544.763471	1317	596
544.813476	1317	596
544.863481	1317	596
544.913486	1253	596
544.963491	1253	596
545.013496	1253	596
545.063501	1253	596
545.113506	1253	596
545.163511	1253	596
545.213516	1253	596
545.263521	1253	596
545.313526	1253	596
545.363531	1253	596
545.413536	1253	596
545.463541	1253	596
545.513546	1253	596
545.563551	1253	596
545.613556	1253	596
545.663561	1253	596
545.713566	1253	596
545.763571	1253	596
545.813576	1253	596
545.863581	1253	596
545.913586	1201	596
545.963591	1177	596
546.013596	1177	596
546.063601	1177	596
546.113606	1177	596
546.163611	1177	596
546.213616	1177	596
546.263621	1177	596
546.313626	1177	596
546.363631	1177	596
546.413636	1177	596
546.463641	1161	596
546.513646	1161	596
546.563651	1149	596
546.613656	1149	596
546.663661	1081	596
546.713666	1081	596
546.763671	1081	596
546.813676	1029	596
546.863681	897	596
546.913686	821	596
546.963691	665	596
547.013696	629	596
547.063701	541	596
547.113706	509	596
547.163711	465	596
547.213716	429	596
547.263721	413	596
547.313726	369	596
547.363731	325	596
547.413736	301	596
547.463741	301	596
547.513746	265	596
547.563751	237	596
547.613756	221	596
547.663761	141	596
547.713766	141	588
547.763771	141	588
547.813776	89	556
547.863781	81	512
547.913786	81	512
547.963791	73	512
548.014796	21	512
548.063801	21	504
548.113806	21	504
548.163811	21	472
548.213816	21	464
548.263821	21	464
548.313826	21	448
548.363831	21	448
548.413836	21	432
548.463841	21	416
548.513846	21	416
548.563851	21	416
548.613856	21	416
548.663861	21	400
548.713866	21	400
548.763871	21	300
548.813876	21	300
548.863881	21	300
548.913886	21	300
548.963891	21	300
549.013896	21	292
549.063901	21	260
549.113906	21	260
549.163911	21	212
549.213916	21	212
549.263921	21	160
549.313926	21	144
549.363931	21	88
549.413936	21	56
549.463941	21	40
549.514946	21	8
549.563951	21	0
549.613956	21	0
549.663961	21	0
549.713966	21	0
549.763971	21	0
549.813976	21	0
549.863981	21	0
549.913986	21	0
549.963991	21	0
550.013996	21	0
550.064001	21	0
550.114006	21	0
550.164011	21	0
550.214016	21	0
550.264021	21	0
550.314026	21	0
550.364031	21	0
550.414036	21	0
550.464041	21	0
550.514046	21	0
550.564051	21	0
550.614056	21	0
550.664061	21	0
550.714066	21	0
550.764071	21	0
550.814076	21	0
550.863081	21	0
550.913085	21	0
550.963090	21	0
551.013096	21	0
551.063101	21	0
551.113106	21	0
551.163111	21	0
551.213116	21	0
551.263121	21	0
551.313126	21	0
551.363131	21	0
551.413136	21	0
551.463140	21	0
551.513145	21	0
551.563151	21	0
551.613156	21	0
551.663161	21	0
551.713166	21	0
551.763171	21	0
551.813176	21	0
551.863181	21	0
551.913186	21	0
551.963191	21	0
552.013196	21	0
552.063200	21	0
552.113205	21	0
552.163211	21	0
552.213216	21	0
552.263221	21	0
552.313226	21	0
552.363231	21	0
552.413236	21	0
552.463241	21	0
552.513246	21	0
552.563251	21	0
552.613256	21	0
552.663260	21	0
552.713266	21	0
552.763271	21	0
552.813276	21	0
552.863281	21	0
552.913286	21	0
552.963291	21	0
553.013296	21	0
553.063301	21	0
553.113306	21	0
553.163311	21	0
553.213315	21	0
553.263320	21	0
553.313326	21	0
553.363331	21	0
553.413336	21	0
553.463341	21	0
553.513346	21	0
553.563351	21	0
553.613356	21	0
553.663361	21	0
553.713366	21	0
553.763371	21	0
553.813375	21	0
553.863380	21	0
553.913386	21	0
553.963391	21	0
554.013396	21	0
554.063401	21	0
554.113406	21	0
554.163411	21	0
554.213416	21	0
554.263421	21	0
554.313426	21	0
554.363431	21	0
554.413435	21	0
554.463441	21	0
554.513446	21	0
554.563451	21	0
554.613456	21	0
554.663461	21	0
554.713466	21	0
554.763471	21	0
554.813476	21	0
554.863481	21	0
554.913486	21	0
554.963490	21	0
555.013495	21	0
555.063501	21	0
555.113506	21	0
555.163511	21	0
555.213516	21	0
555.263521	21	0
555.313526	21	0
555.363531	21	0
555.413536	21	0
555.463541	21	0
555.513546	21	0
555.563550	21	0
555.613555	21	0
555.663561	21	0
555.713566	21	0
555.763571	21	0
555.813576	21	0
555.863581	21	0
555.913586	21	0
555.963591	21	0
556.013596	21	0
556.063601	21	0
556.113605	21	0
556.163610	73	0
556.213616	161	0
556.263621	161	0
556.313626	161	0
556.363631	161	0
556.413636	161	0
556.463641	161	0
556.513646	161	0
556.563651	161	0
556.613656	161	0
556.663661	161	0
556.713665	161	0
556.763670	161	0
556.813676	161	0
556.863681	161	0
556.913686	161	0
556.963691	161	0
557.013696	161	0
557.063701	161	0
557.113706	161	0
557.163711	161	0
557.213716	161	0
557.263721	161	0
557.313725	161	0
557.363730	161	0
557.413736	161	0
557.463741	161	0
557.513746	161	0
557.563751	161	0
557.613756	161	0
557.663761	161	0
557.713766	161	0
557.763771	161	0
557.813776	161	0
557.863780	161	0
557.913785	161	0
557.963791	161	0
558.013796	161	0
558.063801	161	0
558.113806	161	0
558.163811	161	0
558.213816	161	0
558.265821	161	0
558.313826	161	0
558.363831	161	0
558.413836	161	0
558.463840	161	0
558.513845	161	0
558.563851	161	0
558.613856	161	0
558.663861	161	0
558.713866	161	0
558.763871	161	0
558.813876	161	0
558.863881	161	0
558.913886	161	0
558.963891	185	0
559.013896	229	0
559.063900	229	0
559.113905	229	0
559.163911	245	0
559.213916	245	0
559.263921	317	0
559.313926	317	0
559.363931	341	0
559.413936	341	0
559.463941	341	0
559.513946	341	0
559.563951	341	0
559.613955	341	0
559.663960	341	0
559.713966	361	0
559.763971	361	0
559.813976	369	0
559.863981	393	0
559.913986	393	0
559.963991	413	0
560.013996	445	0
560.064001	445	0
560.114006	445	0
560.164011	473	0
560.214015	473	0
560.266021	517	0
560.314026	517	0
560.364031	525	0
560.414036	525	0
560.464041	525	0
560.514046	533	0
560.564051	541	0
560.614056	541	0
560.664061	541	0
560.714066	541	0
560.764071	541	0
560.814075	541	0
560.864080	541	0
560.914086	541	0
560.964091	541	0
561.014096	541	0
561.064101	541	0
561.114106	541	0
561.164111	541	0
561.214116	553	0
561.264121	553	0
561.314126	561	0
561.364130	569	0
561.414135	569	0
561.464141	569	0
561.514146	569	0
561.564151	569	0
561.614156	569	0
561.664161	569	0
561.714166	577	0
561.764171	585	0
561.814176	585	0
561.864181	585	0
561.914186	621	0
561.964190	621	0
562.014195	621	0
562.064201	621	0
562.114206	621	0
562.164211	621	0
562.214216	681	0
562.264221	681	0
562.314226	741	0
562.364231	741	0
562.414236	741	0
562.464241	741	0
562.514246	741	0
562.564250	741	0
562.614255	741	0
562.664261	741	0
562.714266	741	0
562.764271	749	0
562.814276	785	0
562.864281	793	0
562.914286	821	0
562.987293	845	0
563.014296	845	0
563.064301	857	0
563.114305	857	0
563.164310	857	0
563.214316	857	0
563.264321	857	0
563.314326	857	0
563.364331	857	0
563.414336	857	0
563.464341	857	0
563.514346	865	0
563.564351	881	0
563.614356	909	0
563.664361	909	0
563.714365	909	0
563.764370	909	0
563.814376	909	0
563.864381	909	0
563.914386	909	0
563.964391	909	0
564.014396	909	0
564.064401	909	0
564.114406	909	0
564.164411	909	0
564.214416	909	0
564.264421	909	0
564.314425	909	0
564.364430	909	0
564.414436	909	0
564.464441	909	0
564.514446	909	0
564.564451	941	0
564.614456	1029	0
564.664461	1029	0
564.714466	1029	0
564.764471	1029	0
564.814476	1037	0
564.864480	1037	0
564.914485	1081	0
564.964491	1161	0
565.014496	1213	0
565.064501	1213	0
565.114506	1237	0
565.164511	1237	0
565.214516	1237	0
565.264521	1281	0
565.314526	1281	0
565.364531	1305	0
565.414536	1317	0
565.464540	1325	0
565.514545	1369	0
565.564551	1437	0
565.614556	1437	0
565.664561	1437	0
565.714566	1437	0
565.764571	1437	0
565.814576	1437	0
565.864581	1445	0
565.914586	1465	0
565.964591	1465	0
566.014596	1465	0
566.064600	1505	0
566.114605	1505	0
566.164611	1505	0
566.214616	1505	0
566.264621	1505	0
566.314626	1505	0
566.364631	1505	0
566.414636	1505	0
566.464641	1505	0
566.514646	1517	0
566.564651	1541	0
566.614655	1541	0
566.664660	1557	0
566.714666	1557	0
566.764671	1557	0
566.814676	1557	0
566.864681	1577	0
566.914686	1577	0
566.964691	1577	0
567.014696	1577	0
567.064701	1577	0
567.114706	1577	0
567.164711	1577	0
567.214715	1577	0
567.264720	1577	0
567.314726	1577	0
567.364731	1577	0
567.414736	1577	0
567.464741	1577	0
567.514746	1577	0
567.564751	1577	0
567.614756	1577	0
567.664761	1577	0
567.714766	1577	0
567.764771	1577	0
567.814775	1577	0
567.864780	1577	0
567.914786	1577	0
567.964791	1577	0
568.014796	1577	0
568.064801	1577	0
568.114806	1577	0
568.164811	1577	0
568.214816	1577	0
568.264821	1577	0
568.314826	1577	0
568.363831	1577	0
568.413836	1577	0
568.463840	1577	0
568.513845	1577	0
568.563850	1577	0
568.613855	1577	0
568.663860	1577	0
568.713866	1577	0
568.763871	1577	0
568.813876	1577	0
568.863881	1629	0
568.913886	1629	0
568.963891	1629	0
569.013896	1637	0
569.063900	1637	0
569.113905	1637	0
569.163910	1657	-21
569.213915	1657	-21
569.263921	1657	-21
569.313926	1657	-21
569.363931	1657	-21
569.413936	1657	-21
569.463941	1657	-21
569.513946	1657	-21
569.563951	1657	-21
569.613955	1657	-21
569.663960	1657	-21
569.713965	1657	-21
569.763970	1657	-21
569.813975	1657	-21
569.863981	1657	-21
569.913986	1657	-21
569.963991	1657	-21
570.013996	1657	-21
570.064001	1657	-21
570.114006	1657	-21
570.164011	1657	-21
570.214015	1657	-21
570.264020	1657	-21
570.314025	1685	-21
570.364030	1709	-21
570.414035	1709	8
570.464041	1709	32
570.514046	1709	64
570.564051	1709	68
570.614056	1709	84
570.664061	1709	84
570.714066	1709	84
570.764071	1721	84
570.814075	1721	84
570.864080	1761	84
570.914085	1761	84
570.964090	1785	84
571.014096	1793	84
571.064101	1797	84
571.114106	1817	84
571.164111	1853	84
571.214116	1869	84
571.264121	1869	84
571.314126	1869	84
571.364130	1873	84
571.414135	1877	84
571.464140	1889	84
571.514145	1897	84
571.564150	1933	84
571.614156	1989	84
571.664161	2005	84
571.714166	2029	84
571.764171	2061	84
571.814176	2133	84
571.864181	2157	84
571.914186	2249	84
571.964190	2333	84
572.014195	2533	84
572.064200	2693	84
572.114205	2801	84
572.164210	2861	84
572.214216	2885	84
572.264221	2885	84
572.314226	2885	84
572.364231	2885	84
572.414236	2885	84
572.464241	2885	84
572.514246	2885	84
572.564250	2885	84
572.614255	2885	84
572.664260	2885	84
572.714265	2885	96
572.764271	2885	96
572.814276	2885	100
572.864281	2885	100
572.914286	2885	128
572.964291	2885	128
573.014296	2885	128
573.064301	2885	128
573.114305	2885	128
573.164310	2885	128
573.214315	2885	128
573.264320	2885	128
573.314325	2885	128
573.364331	2885	128
573.414336	2885	128
573.464341	2885	128
573.514346	2885	128
573.564351	2885	128
573.614356	2885	128
573.664361	2885	128
573.714365	2885	128
573.764370	2885	128
573.814375	2885	128
573.864380	2885	148
573.914386	2885	148
573.964391	2885	148
574.014396	2885	148
574.064401	2885	148
574.114406	2885	148
574.164411	2885	148
574.214416	2885	148
574.264421	2885	148
574.314425	2885	148
574.364430	2885	148
574.414435	2885	148
574.467441	2885	148
574.514446	2885	148
574.569451	2885	148
574.614456	2885	148
574.664461	2885	148
574.714466	2885	148
574.764471	2885	148
574.814476	2885	148
574.864480	2885	148
574.914485	2885	148
574.964490	2885	148
575.014495	2885	148
575.064500	2885	148
575.114506	2885	148
575.164511	2885	168
575.214516	2885	168
575.264521	2885	180
575.314526	2885	180
575.364531	2885	184
575.414536	2885	200
575.464540	2885	220
575.514545	2885	220
575.571551	2885	252
575.614555	2885	252
575.664561	2885	252
575.714566	2885	264
575.764571	2885	264
575.814576	2885	264
575.864581	2885	264
575.914586	2885	264
575.964591	2885	280
576.014596	2885	280
576.064600	2885	280
576.114605	2885	280
576.164610	2885	280
576.214615	2885	308
576.264621	2885	308
576.314626	2885	308
576.364631	2885	308
576.414636	2885	308
576.464641	2885	308
576.514646	2885	308
576.564651	2885	308
576.614655	2885	308
576.664660	2885	308
576.714665	2885	308
576.764670	2885	308
576.814675	2885	308
576.864681	2885	308
576.914686	2885	308
576.964691	2885	308
577.014696	2885	308
577.064701	2885	308
577.114706	2885	308
577.164711	2885	308
577.214715	2885	308
577.264720	2885	308
577.314725	2885	308
577.364730	2885	308
577.414736	2885	308
577.464741	2885	308
577.514746	2885	308
577.564751	2885	308
577.614756	2885	308
577.664761	2885	308
577.714766	2885	308
577.764771	2885	308
577.814775	2885	308
577.864780	2885	308
577.914785	2885	308
577.964790	2885	308
578.014796	2885	308
578.064801	2885	308
578.114806	2885	308
578.164811	2885	308
578.214816	2885	308
578.264821	2885	308
578.314826	2885	308
578.364830	2885	308
578.414835	2885	308
578.464840	2885	308
578.514845	2885	308
578.564850	2885	308
578.614856	2885	308
578.664861	2885	308
578.714866	2885	308
578.764871	2885	308
578.814876	2885	308
578.864881	2885	308
578.914886	2885	308
578.964890	2885	308
579.014895	2885	308
579.064900	2885	308
579.114905	2885	308
579.164911	2885	308
579.214916	2885	308
579.264921	2885	308
579.314926	2885	308
579.364931	2885	308
579.414936	2885	308
579.464941	2885	308
579.514946	2885	308
579.569951	2885	308
579.614955	2885	308
579.664960	2885	308
579.714965	2885	308
579.764971	2885	308
579.814976	2885	308
579.864981	2885	308
579.914986	2885	308
579.964991	2885	308
580.014996	2885	308
580.065001	2885	308
580.115005	2885	308
580.165010	2885	308
580.215015	2885	308
580.265020	2885	308
580.315025	2885	308
580.365031	2885	308
580.415036	2885	308
580.465041	2909	308
580.515046	2913	308
580.565051	2913	308
580.615056	2953	308
580.665061	2957	308
580.715065	2957	308
580.765070	2965	308
580.815075	3017	308
580.865080	3017	308
580.915086	3033	308
580.965091	3057	308
581.015096	3081	308
581.065101	3101	308
581.115106	3113	308
581.165111	3133	308
581.215116	3133	308
581.265121	3141	308
581.315125	3173	308
581.365130	3173	308
581.415135	3185	308
581.465140	3185	308
581.515146	3185	308
581.565151	3197	308
581.615156	3197	308
581.665161	3197	308
581.715166	3197	308
581.765171	3197	308
581.815176	3197	308
581.865180	3197	308
581.915185	3197	308
581.965190	3197	308
582.015195	3197	308
582.065200	3197	308
582.115206	3197	308
582.165211	3197	308
582.215216	3197	308
582.265221	3197	308
582.315226	3197	308
582.365231	3197	308
582.415236	3197	308
582.465240	3197	308
582.515245	3197	308
582.569251	3197	308
582.615255	3197	308
582.665261	3197	308
582.715266	3197	308
582.765271	3197	308
582.815276	3197	308
582.865281	3197	308
582.915286	3197	308
582.965291	3197	308
583.015296	3197	308
583.065300	3197	308
583.115305	3197	308
583.165310	3197	308
583.215315	3197	308
583.265321	3197	308
583.315326	3197	308
583.365331	3197	308
583.415336	3197	308
583.465341	3197	308
583.515346	3197	308
583.565351	3197	308
583.615355	3197	308
583.665360	3197	308
583.715365	3197	308
583.765370	3197	308
583.815375	3197	308
583.865381	3197	308
583.915386	3197	308
583.965391	3197	308
584.015396	3197	308
584.065401	3197	308
584.115406	3197	308
584.165411	3197	308
584.215415	3197	308
584.265420	3197	308
584.315425	3197	308
584.365430	3197	308
584.415436	3197	308
584.465441	3197	308
584.515446	3197	308
584.565451	3197	308
584.615456	3197	308
584.665461	3197	308
584.715466	3197	308
584.765471	3197	308
584.815475	3197	308
584.865480	3197	308
584.915485	3197	308
584.965490	3197	308
585.015496	3197	308
585.065501	3197	308
585.115506	3197	308
585.165511	3197	308
585.215516	3197	308
585.265521	3197	308
585.315526	3197	308
585.365530	3197	308
585.415535	3197	308
585.465540	3197	308
585.515545	3197	308
585.565550	3197	308
585.615556	3197	116
585.665561	3317	-201
585.715566	3465	-381
585.765571	3677	-621
585.815576	4205	-741
585.864581	4841	-893
585.914586	5526	-1037
585.964591	5922	-1089
586.014596	6086	-1125
586.064600	6114	-1145
586.114605	6166	-1233
586.164610	6198	-1241
586.214615	6198	-1241
586.264620	6198	-1241
586.314625	6198	-1241
586.364630	6198	-1241
586.414636	6198	-1241
586.464641	6198	-1205
586.514646	6198	-1113
586.564651	6198	-1089
586.614655	6198	-1089
586.664660	6198	-1089
586.714665	6198	-1089
586.764670	6198	-1089
586.814675	6198	-1089
586.864680	6198	-1089
586.914685	6198	-1089
586.964691	6198	-1089
587.014696	6198	-1089
587.064701	6198	-1089
587.114706	6198	-1089
587.164711	6198	-1145
587.214715	6198	-1205
587.264720	6198	-1269
587.314725	6198	-1353
587.364730	6198	-1413
587.414735	6198	-1525
587.464740	6198	-1525
587.514745	6198	-1573
587.570751	6198	-1661
587.614756	6198	-1721
587.664761	6198	-1785
587.714766	6198	-1881
587.764771	6254	-2033
587.814775	6326	-2201
587.864780	6358	-2277
587.914785	6422	-2341
587.964790	6438	-2373
588.014795	6438	-2449
588.064800	6446	-2465
588.114805	6446	-2469
588.164811	6462	-2469
588.214816	6462	-2469
588.264821	6462	-2469
588.314826	6462	-2469
588.364830	6462	-2469
588.414835	6462	-2469
588.464840	6462	-2469
588.514845	6462	-2469
588.564850	6462	-2469
588.614855	6462	-2469
588.664860	6462	-2469
588.714866	6462	-2469
588.764871	6478	-2469
588.814876	6478	-2469
588.864881	6478	-2469
588.914886	6478	-2469
588.964890	6478	-2469
589.014895	6478	-2469
589.064900	6490	-2469
589.114905	6490	-2469
589.164910	6490	-2469
589.214915	6490	-2469
589.264920	6490	-2469
589.314926	6490	-2469
589.364931	6490	-2469
589.414936	6490	-2469
589.464941	6490	-2469
589.514946	6490	-2469
589.564950	6490	-2469
589.614955	6490	-2469
589.664960	6490	-2469
589.714965	6490	-2469
589.764970	6490	-2469
589.814975	6490	-2469
589.864980	6490	-2449
589.914986	6506	-2449
589.964991	6506	-2441
590.014996	6506	-2433
590.065001	6506	-2433
590.115005	6506	-2377
590.165010	6506	-2369
590.215015	6506	-2353
590.265020	6522	-2329
590.315025	6526	-2329
590.365030	6526	-2313
590.415035	6526	-2301
590.465041	6526	-2273
590.515046	6526	-2261
590.565051	6526	-2261
590.615056	6526	-2253
590.665061	6526	-2233
590.715065	6526	-2233
590.765070	6526	-2221
590.815075	6526	-2221
590.865080	6526	-2221
590.915085	6526	-2221
590.965090	6526	-2221
591.015095	6526	-2201
591.065101	6526	-2185
591.115106	6526	-2185
591.165111	6526	-2185
591.215116	6526	-2141
591.265121	6526	-2141
591.315125	6526	-2141
591.365130	6526	-2141
591.415135	6526	-2141
591.465140	6526	-2141
591.515145	6526	-2141
591.565150	6526	-2141
591.615155	6526	-2141
591.665161	6526	-2141
591.715166	6526	-2141
591.765171	6526	-2125
591.815176	6526	-2125
591.865180	6526	-2125
591.915185	6526	-2125
591.965190	6526	-2125
592.015195	6526	-2125
592.065200	6526	-2125
592.115205	6526	-2125
592.165210	6526	-2125
592.215216	6526	-2125
592.265221	6526	-2125
592.315226	6526	-2125
592.365231	6526	-2125
592.415236	6526	-2125
592.465240	6526	-2125
592.515245	6526	-2125
592.565250	6526	-2125
592.615255	6526	-2125
592.665260	6526	-2125
592.715265	6526	-2125
592.765270	6526	-2125
592.815276	6526	-2125
592.865281	6530	-2117
592.915286	6530	-2109
592.965291	6542	-2109
593.015296	6542	-2081
593.065300	6542	-2065
593.115305	6550	-2065
593.165310	6550	-2065
593.215315	6550	-2065
593.265320	6550	-2065
593.315325	6550	-2065
593.365330	6550	-2065
593.415336	6550	-2041
593.465341	6554	-2041
593.515346	6554	-2041
593.565351	6554	-2041
593.615355	6554	-2041
593.665360	6554	-2041
593.715365	6554	-2041
593.765370	6554	-2041
593.815375	6554	-2041
593.865380	6554	-2041
593.915385	6554	-2041
593.965391	6554	-2041
594.015396	6554	-2041
594.065401	6554	-2041
594.115406	6554	-2041
594.165411	6554	-2041
594.215415	6554	-2041
594.265420	6554	-2041
594.315425	6554	-2041
594.365430	6554	-2041
594.415435	6554	-2041
594.465440	6554	-2041
594.515445	6554	-2041
594.565451	6554	-2041
594.615456	6554	-2041
594.665461	6554	-2029
594.715466	6554	-2029
594.765471	6554	-2029
594.815475	6554	-2025
594.865480	6554	-2025
594.915485	6554	-2025
595.002494	6554	-2009
595.020496	6554	-2009
595.065500	6554	-2009
595.115506	6554	-2009
595.167511	6554	-2009
595.215516	6554	-2009
595.265521	6554	-2005
595.315526	6554	-2005
595.365530	6554	-2005
595.415535	6554	-2005
595.465540	6554	-2005
595.515545	6554	-2005
595.565550	6554	-2005
595.615555	6554	-2005
595.665560	6554	-2005
595.715566	6554	-2005
595.765571	6554	-2005
595.815576	6554	-2005
595.865581	6554	-2005
595.915586	6554	-2005
595.965590	6554	-2005
596.015595	6554	-2005
596.065600	6554	-2005
596.115605	6554	-2005
596.165610	6554	-2005
596.215615	6554	-2005
596.265620	6554	-2005
596.315626	6554	-2005
596.365631	6554	-2005
596.415636	6554	-2005
596.465641	6554	-2005
596.515646	6554	-2005
596.565650	6554	-2005
596.615655	6554	-2005
596.665660	6554	-2005
596.715665	6554	-2005
596.765670	6554	-2005
596.815675	6554	-2005
596.865681	6554	-2005
596.915686	6554	-2005
596.965691	6554	-2005
597.015696	6554	-2005
597.065701	6554	-2005
597.115705	6554	-2005
597.165710	6554	-2005
597.215715	6554	-2005
597.265720	6554	-2005
597.315725	6554	-2005
597.365730	6554	-2005
597.415735	6554	-2005
597.465741	6554	-2005
597.515746	6554	-2005
597.565751	6554	-2005
597.615756	6554	-2005
597.665761	6554	-2005
597.715765	6554	-2005
597.765770	6554	-2005
597.815775	6554	-2005
597.865780	6554	-2005
597.915785	6554	-2005
597.965790	6554	-2005
598.015795	6554	-2005
598.065801	6554	-2005
598.115806	6554	-2005
598.165811	6554	-2005
598.215816	6554	-2005
598.265821	6554	-2005
598.315825	6554	-2005
598.365830	6554	-2005
598.415835	6554	-2005
598.465840	6554	-2005
598.515845	6554	-2005
598.565850	6554	-2005
598.615856	6554	-2005
598.665861	6554	-2005
598.715866	6554	-2005
598.765871	6554	-2005
598.815876	6554	-2005
598.865880	6554	-2005
598.915885	6554	-2005
598.965890	6554	-2005
599.015895	6554	-2005
599.065900	6554	-2005
599.115905	6554	-2005
599.165910	6554	-2005
599.215916	6554	-2005
599.265921	6554	-2005
599.315926	6554	-2005
599.365931	6554	-2005
599.415936	6554	-2005
599.465940	6554	-2005
599.515945	6554	-2005
599.565950	6554	-2005
599.615955	6554	-2005
599.665960	6554	-2005
599.715965	6554	-2005
599.765970	6554	-2005
599.815976	6554	-2005
599.865981	6554	-2005
599.915986	6554	-2005
599.965991	6554	-2005
600.015996	6554	-2005
600.066000	6554	-2005
600.116005	6554	-2005
600.166010	6554	-2005
600.216015	6554	-2005
600.266020	6554	-2005
600.316025	6554	-2005
600.366031	6554	-2005
600.416036	6554	-2005
600.466041	6554	-2005
600.516046	6554	-2005
600.566051	6554	-2005
600.616055	6554	-2005
600.666060	6554	-2005
600.716065	6554	-2005
600.766070	6554	-2005
600.816075	6554	-2005
600.866080	6554	-2005
600.916085	6554	-2005
600.966091	6554	-2005
601.016096	6554	-2005
601.066101	6554	-2005
601.116106	6554	-2005
601.166111	6554	-2005
601.216115	6554	-2005
601.266120	6554	-2005
601.316125	6554	-2005
601.366130	6554	-2005
601.416135	6554	-2005
601.466140	6554	-2005
601.516145	6554	-2005
601.566151	6554	-2005
601.616156	6554	-2005
601.666161	6554	-2005
601.716166	6554	-2005
601.766171	6554	-2005
601.816175	6554	-2005
601.866180	6554	-2005
601.916185	6554	-2005
601.966190	6554	-2005
602.016195	6554	-2005
602.066200	6554	-2005
602.116206	6554	-2005
602.166211	6554	-2005
602.216216	6554	-2005
602.266221	6554	-2005
602.316226	6554	-2001
602.366230	6554	-1945
602.416235	6554	-1945
602.466240	6554	-1925
602.516245	6554	-1893
602.569251	6554	-1857
602.616255	6554	-1857
602.666260	6554	-1849
602.716266	6554	-1849
602.766271	6554	-1849
602.816276	6554	-1849
602.866281	6554	-1849
602.916286	6554	-1849
602.966290	6554	-1849
603.016295	6554	-1849
603.066300	6554	-1849
603.116305	6554	-1849
603.166310	6554	-1849
603.216315	6554	-1849
603.266320	6554	-1849
603.315325	6554	-1849
603.365330	6554	-1849
603.415335	6554	-1849
603.465340	6554	-1849
603.515346	6554	-1849
603.565351	6554	-1849
603.615355	6554	-1849
603.665360	6554	-1849
603.715365	6554	-1849
603.765370	6554	-1849
603.815375	6554	-1849
603.865380	6554	-1849
603.915385	6554	-1849
603.965390	6554	-1849
604.015395	6554	-1849
604.065400	6554	-1849
604.115406	6554	-1849
604.165411	6554	-1849
604.215415	6554	-1849
604.265420	6554	-1849
604.315425	6554	-1849
604.365430	6554	-1845
604.415435	6554	-1845
604.465440	6554	-1837
604.515445	6554	-1833
604.565450	6554	-1833
604.615455	6554	-1833
604.665461	6554	-1833
604.715466	6554	-1829
604.765471	6586	-1829
604.815475	6586	-1829
604.865480	6586	-1829
604.915485	6586	-1817
605.002494	6586	-1801
605.020496	6586	-1801
605.065500	6586	-1797
605.115505	6586	-1797
605.165510	6586	-1797
605.215515	6586	-1781
605.265521	6586	-1781
605.315526	6586	-1781
605.365530	6586	-1781
605.415535	6586	-1781
605.465540	6586	-1781
605.515545	6586	-1781
605.565550	6586	-1781
605.615555	6586	-1777
605.665560	6586	-1777
605.715565	6586	-1777
605.765570	6586	-1777
605.815575	6586	-1777
605.865581	6586	-1777
605.915586	6586	-1777
605.965590	6586	-1777
606.015595	6586	-1777
606.065600	6586	-1777
606.115605	6586	-1777
606.165610	6586	-1777
606.215615	6586	-1777
606.265620	6586	-1777
606.315625	6586	-1777
606.365630	6586	-1777
606.415636	6586	-1777
606.465641	6586	-1777
606.515646	6586	-1777
606.565650	6586	-1777
606.615655	6586	-1777
606.665660	6586	-1777
606.715665	6586	-1777
606.765670	6586	-1777
606.815675	6586	-1777
606.865680	6586	-1777
606.915685	6586	-1777
606.965690	6586	-1777
607.015696	6586	-1777
607.065701	6586	-1777
607.115705	6586	-1777
607.165710	6586	-1777
607.215715	6586	-1777
607.265720	6586	-1777
607.315725	6586	-1777
607.365730	6586	-1777
607.415735	6586	-1777
607.465740	6586	-1777
607.515745	6586	-1777
607.565750	6586	-1777
607.615756	6586	-1777
607.665761	6586	-1777
607.715765	6586	-1777
607.765770	6586	-1777
607.815775	6586	-1777
607.865780	6586	-1777
607.915785	6586	-1777
607.965790	6586	-1777
608.015795	6586	-1777
608.065800	6586	-1777
608.115805	6586	-1777
608.165811	6586	-1777
608.215816	6586	-1777
608.265821	6586	-1777
608.315825	6586	-1777
608.365830	6586	-1777
608.415835	6586	-1777
608.465840	6586	-1777
608.515845	6586	-1773
608.565850	6586	-1773
608.615855	6586	-1773
608.665860	6586	-1773
608.715865	6586	-1773
608.765871	6586	-1773
608.815876	6586	-1769
608.865880	6586	-1761
608.915885	6586	-1745
608.965890	6586	-1745
609.015895	6586	-1745
609.065900	6586	-1745
609.115905	6586	-1745
609.165910	6586	-1745
609.215915	6586	-1745
609.265920	6586	-1745
609.315925	6586	-1745
609.365931	6586	-1745
609.415936	6586	-1745
609.465940	6586	-1745
609.515945	6586	-1745
609.565950	6586	-1745
609.615955	6586	-1745
609.665960	6586	-1745
609.715965	6586	-1745
609.765970	6586	-1745
609.815975	6586	-1745
609.865980	6586	-1745
609.915986	6586	-1745
609.965991	6586	-1745
610.015996	6586	-1745
610.066000	6586	-1745
610.116005	6586	-1745
610.166010	6586	-1745
610.216015	6586	-1745
610.266020	6586	-1745
610.316025	6586	-1745
610.366030	6586	-1745
610.416035	6586	-1745
610.466040	6586	-1729
610.516046	6586	-1729
610.566051	6586	-1729
610.616055	6586	-1729
610.666060	6586	-1729
610.716065	6586	-1729
610.766070	6586	-1729
610.816075	6586	-1729
610.869081	6586	-1729
610.916085	6586	-1729
610.977091	6586	-1729
611.016095	6586	-1729
611.066100	6586	-1729
611.116106	6586	-1729
611.166111	6586	-1729
611.216115	6586	-1729
611.266120	6586	-1729
611.316125	6586	-1717
611.366130	6586	-1717
611.416135	6586	-1717
611.466140	6586	-1717
611.516145	6586	-1717
611.566150	6586	-1717
611.616155	6586	-1717
611.666161	6586	-1717
611.716166	6586	-1717
611.766171	6586	-1717
611.816175	6586	-1717
611.866180	6586	-1717
611.916185	6586	-1717
611.966190	6586	-1717
612.016195	6586	-1717
612.066200	6586	-1717
612.116205	6586	-1717
612.166210	6586	-1717
612.216215	6586	-1717
612.266221	6586	-1717
612.316226	6586	-1717
612.366230	6586	-1717
612.416235	6586	-1717
612.466240	6586	-1717
612.516245	6586	-1717
612.566250	6586	-1717
612.616255	6586	-1717
612.666260	6586	-1717
612.716265	6586	-1717
612.766270	6586	-1717
612.816275	6586	-1717
612.866281	6586	-1717
612.916286	6586	-1717
612.966290	6586	-1717
613.016295	6586	-1717
613.066300	6586	-1717
613.116305	6586	-1717
613.166310	6586	-1717
613.216315	6586	-1717
613.266320	6586	-1717
613.316325	6586	-1717
613.366330	6586	-1717
613.416336	6586	-1717
613.466341	6586	-1717
613.516346	6586	-1717
613.566350	6586	-1693
613.616355	6586	-1677
613.666360	6586	-1653
613.716365	6586	-1645
613.766370	6586	-1637
613.816375	6586	-1581
613.866380	6586	-1565
613.916385	6586	-1509
613.966390	6586	-1477
614.016396	6586	-1433
614.066401	6586	-1397
614.116405	6586	-1397
614.166410	6586	-1377
614.216415	6586	-1377
614.266420	6586	-1377
614.316425	6586	-1365
614.366430	6586	-1313
614.416435	6586	-1257
614.466440	6586	-1237
614.516445	6586	-1157
614.566451	6586	-1049
614.616456	6586	-965
614.666461	6550	-925
614.716465	6502	-885
614.766470	6438	-821
614.816475	6398	-785
614.866480	6390	-769
614.916485	6374	-717
614.966490	6358	-701
615.016495	6282	-649
615.066500	6234	-637
615.116505	6234	-637
615.166511	6194	-637
615.216516	6174	-637
615.266521	6034	-637
615.316525	5570	-637
615.366530	4853	-625
615.416535	4125	-473
615.466540	3849	-401
615.516545	3769	-369
615.566550	3693	-241
615.616555	3313	-13
615.666560	2533	124
615.716565	1837	196
615.766571	1141	0
615.816576	1141	0
615.866580	1141	0
615.916585	1141	0
615.966590	1141	0
616.016595	1141	0
616.066600	1141	0
616.116605	1141	0
616.166610	1141	0
616.216615	1141	0
616.266620	1141	0
616.316626	1141	0
616.366631	1141	0
616.416636	1141	0
616.466640	1141	0
616.516645	1141	0
616.566650	1141	0
616.616655	1141	0
616.666660	1141	0
616.716665	1141	0
616.766670	1141	0
616.816675	1141	0
616.866680	1141	0
616.916686	1141	0
616.966691	1141	0
617.016695	1141	0
617.066700	1141	0
617.116705	1141	0
617.166710	1141	0
617.216715	1141	0
617.266720	1141	0
617.316725	1141	0
617.366730	1141	0
617.416735	1141	0
617.466740	1141	0
617.516746	1141	0
617.566751	1141	0
617.616755	1141	0
617.666760	1141	0
617.716765	1141	0
617.766770	1141	0
617.816775	1141	0
617.869781	1141	0
617.916785	1141	0
617.966790	1141	0
618.016795	1141	0
618.066801	1141	0
618.116806	1141	0
618.166811	1141	0
618.216815	1141	0
618.266820	1141	0
618.316825	1141	0
618.366830	1141	0
618.416835	1141	0
618.466840	1141	0
618.516845	1141	0
618.566850	1141	0
618.616855	1141	0
618.666861	1141	0
618.716866	1141	0
618.766870	1141	0
618.816875	1141	0
618.866880	1141	0
618.916885	1141	0
618.966890	1141	0
619.016895	1141	0
619.066900	1141	0
619.116905	1141	0
619.166910	1141	0
619.216915	1141	0
619.266921	1141	0
619.316926	1141	0
619.366930	1141	0
619.416935	1141	0
619.466940	1141	0
619.516945	1141	0
619.566950	1141	0
619.616955	1141	0
619.666960	1141	0
619.716965	1141	0
619.766970	1141	0
619.816976	1141	0
619.866981	1141	0
619.916986	1141	0
619.966990	1141	0
620.016995	1141	0
620.067000	1141	0
620.117005	1141	0
620.167010	1141	0
620.217015	1141	0
620.267020	1141	0
620.317025	1141	0
620.367030	1141	0
620.417036	1141	0
620.467041	1141	0
620.517045	1141	0
620.567050	1141	0
620.617055	1141	0
620.667060	1141	0
620.717065	1141	0
620.767070	1141	0
620.816075	1141	0
620.866080	1141	0
620.916085	1141	0
620.966090	1141	0
621.016095	1141	0
621.066100	1141	-29
621.116105	1141	-29
621.166110	1141	-29
621.216115	1141	-29
621.266120	1141	-29
621.316125	1141	-29
621.366130	1141	-29
621.416135	1141	-29
621.466140	1141	-29
621.516145	1141	-29
621.566150	1141	-29
621.616155	1141	-29
621.666160	1141	-93
621.716165	1141	-181
621.766170	1141	-417
621.816175	1141	-417
621.866180	1141	-433
621.916185	1141	-433
621.966190	1141	-485
622.016195	1141	-521
622.066200	1141	-541
622.116205	1141	-541
622.166210	1141	-541
622.216215	1141	-541
622.266220	1141	-541
622.316225	1141	-541
622.366230	1141	-541
622.416235	1141	-541
622.466240	1141	-541
622.516245	1141	-541
622.566250	1141	-541
622.616255	1141	-541
622.666260	1141	-557
622.716265	1141	-665
622.766270	1141	-673
622.816275	1141	-729
622.866280	1141	-837
622.916285	1141	-869
622.966290	1141	-869
623.016295	1141	-941
623.066300	1141	-977
623.116305	1141	-977
623.166310	1141	-1005
623.216315	1141	-1041
623.266320	1141	-1093
623.316325	1141	-1129
623.366330	1141	-1201
623.416335	1141	-1237
623.466340	1141	-1317
623.516345	1141	-1353
623.566350	1141	-1353
623.616355	1141	-1397
623.666360	1141	-1433
623.716365	1141	-1441
623.766370	1141	-1497
623.816375	1141	-1497
623.866380	1141	-1497
623.916385	1141	-1525
623.966390	1141	-1533
624.016395	1141	-1577
624.066400	1141	-1577
624.116405	1141	-1605
624.166410	1141	-1605
624.216415	1141	-1613
624.266420	1397	-1733
624.316425	1397	-1769
624.366430	1397	-1785
624.416435	1397	-1797
624.466440	1397	-1849
624.516445	1397	-1881
624.566450	1397	-1965
624.616455	1397	-2041
624.666460	1397	-2161
624.716465	1397	-2225
624.766470	1397	-2305
624.816475	1397	-2369
624.866480	1421	-2417
624.916485	1437	-2449
624.966490	1477	-2493
625.016495	1501	-2517
625.066500	1541	-2581
625.116505	1589	-2649
625.166510	1629	-2689
625.216515	1645	-2765
625.266520	1653	-2793
625.316525	1665	-2793
625.366530	1669	-2793
625.416535	1693	-2793
625.466540	1693	-2793
625.516545	1693	-2793
625.566550	1693	-2793
625.616555	1693	-2793
625.666560	1697	-2793
625.716565	1697	-2793
625.766570	1697	-2793
625.816575	1709	-2793
625.866580	1721	-2717
625.916585	1729	-2685
625.966590	1733	-2653
626.016595	1733	-2629
626.066600	1769	-2617
626.116605	1769	-2617
626.166610	1769	-2617
626.216615	1769	-2617
626.266620	1781	-2617
626.316625	1781	-2617
626.366630	1781	-2617
626.416635	1781	-2617
626.466640	1781	-2617
626.516645	1781	-2617
626.566650	1781	-2617
626.616655	1781	-2617
626.666660	1789	-2617
626.716665	1797	-2617
626.766670	1797	-2617
626.816675	1797	-2617
626.866680	1797	-2617
626.916685	1797	-2617
626.995693	1797	-2617
627.016695	1797	-2617
627.081702	1801	-2617
627.116705	1801	-2617
627.166710	1801	-2617
627.216715	1801	-2617
627.266720	1801	-2617
627.316725	1801	-2617
627.366730	1801	-2617
627.416735	1805	-2617
627.466740	1805	-2617
627.516745	1805	-2617
627.566750	1805	-2617
627.616755	1805	-2617
627.666760	1805	-2617
627.716765	1805	-2617
627.766770	1805	-2617
627.816775	1805	-2617
627.866780	1805	-2617
627.916785	1805	-2617
627.966790	1805	-2617
628.016795	1805	-2617
628.066800	1805	-2617
628.116805	1805	-2617
628.166810	1805	-2617
628.216815	1805	-2617
628.266820	1805	-2617
628.316825	1805	-2617
628.366830	1805	-2617
628.416835	1805	-2617
628.466840	1805	-2617
628.516845	1805	-2617
628.566850	1805	-2617
628.616855	1805	-2617
628.666860	1805	-2617
628.716865	1805	-2617
628.766870	1805	-2617
628.816875	1805	-2717
628.866880	1805	-2829
628.916885	1805	-2917
628.966890	1805	-3005
629.016895	1853	-3057
629.066900	1929	-3101
629.116905	1945	-3145
629.166910	1949	-3189
629.216915	1969	-3249
629.266920	1973	-3261
629.316925	1973	-3277
629.366930	1973	-3301
629.416935	1973	-3325
629.466940	1973	-3357
629.516945	1973	-3365
629.566950	1973	-3405
629.616955	1973	-3409
629.666960	1973	-3421
629.716965	1973	-3421
629.766970	1973	-3433
629.816975	1973	-3433
629.866980	1973	-3433
629.916985	1973	-3445
629.966990	1973	-3477
630.016995	1973	-3517
630.067000	1973	-3561
630.117005	1973	-3597
630.167010	2001	-3609
630.217015	2001	-3653
630.267020	2021	-3653
630.317025	2037	-3653
630.367030	2037	-3653
630.417035	2037	-3653
630.467040	2037	-3653
630.517045	2037	-3653
630.567050	2041	-3681
630.617055	2041	-3681
630.667060	2041	-3681
630.717065	2041	-3705
630.767070	2061	-3729
630.817075	2061	-3753
630.867080	2073	-3761
630.917085	2073	-3761
630.967090	2073	-3777
631.017095	2073	-3797
631.067100	2073	-3837
631.117105	2073	-3837
631.167110	2085	-3865
631.217115	2101	-3929
631.267120	2133	-3969
631.317125	2185	-4021
631.367130	2229	-4049
631.417135	2229	-4065
631.467140	2257	-4121
631.517145	2257	-4193
631.567150	2285	-4213
631.617155	2285	-4241
631.667160	2285	-4277
631.717165	2285	-4277
631.767170	2285	-4281
631.817175	2289	-4309
631.867180	2301	-4317
631.917185	2301	-4337
631.967190	2301	-4337
632.017195	2301	-4353
632.067200	2301	-4353
632.117205	2301	-4353
632.167210	2301	-4385
632.217215	2325	-4385
632.267220	2325	-4385
632.317225	2325	-4481
632.367230	2325	-4549
632.417235	2325	-4617
632.467240	2341	-4625
632.517245	2357	-4669
632.567250	2381	-4669
632.617255	2389	-4669
632.667260	2389	-4669
632.717265	2389	-4669
632.767270	2389	-4669
632.817275	2393	-4669
632.867280	2413	-4669
632.917285	2445	-4669
632.967290	2465	-4669
633.017295	2485	-4561
633.067300	2505	-4465
633.117305	2513	-4441
633.167310	2537	-4369
633.217315	2537	-4349
633.267320	2537	-4333
633.317325	2537	-4333
633.367330	2537	-4321
633.417335	2537	-4317
633.467340	2541	-4317
633.517345	2541	-4317
633.567350	2541	-4317
633.617355	2541	-4317
633.667360	2541	-4317
633.717365	2541	-4317
633.767370	2541	-4317
633.817375	2541	-4317
633.867380	2541	-4317
633.917385	2541	-4317
633.967390	2541	-4317
634.017395	2541	-4317
634.067400	2541	-4317
634.117405	2541	-4317
634.167410	2541	-4317
634.217415	2541	-4317
634.267420	2541	-4317
634.317425	2541	-4317
634.371431	2541	-4317
634.417435	2541	-4317
634.467440	2541	-4317
634.517445	2541	-4317
634.567450	2541	-4317
634.617455	2541	-4317
634.667460	2541	-4317
634.717465	2541	-4317
634.767470	2541	-4317
634.817475	2541	-4317
634.867480	2541	-4317
634.917485	2541	-4317
634.967490	2541	-4317
635.017495	2541	-4317
635.067500	2541	-4317
635.117505	2541	-4317
635.167510	2541	-4317
635.217515	2541	-4317
635.267520	2541	-4317
635.317525	2541	-4317
635.367530	2541	-4317
635.417535	2541	-4317
635.467540	2541	-4317
635.517545	2541	-4317
635.567550	2541	-4317
635.617555	2541	-4317
635.667560	2541	-4317
635.717565	2541	-4317
635.767570	2541	-4317
635.817575	2541	-4317
635.867580	2541	-4317
635.917585	2541	-4337
635.967590	2541	-4409
636.017595	2541	-4441
636.067600	2541	-4497
636.117605	2541	-4529
636.167610	2541	-4545
636.217615	2541	-4553
636.267620	2541	-4553
636.317625	2541	-4553
636.367630	2541	-4553
636.417635	2541	-4553
636.467640	2541	-4565
636.517645	2541	-4565
636.567650	2541	-4565
636.617655	2541	-4565
636.667660	2541	-4565
636.717665	2541	-4565
636.767670	2541	-4565
636.817675	2541	-4565
636.867680	2541	-4573
636.917685	2541	-4613
636.967690	2541	-4633
637.017695	2541	-4641
637.067700	2541	-4665
637.117705	2541	-4689
637.167710	2541	-4697
637.217715	2541	-4741
637.267720	2529	-4741
637.317725	2513	-4741
637.367730	2505	-4741
637.417735	2501	-4741
637.467740	2493	-4741
637.517745	2493	-4757
637.567750	2493	-4765
637.617755	2493	-4805
637.667760	2493	-4805
637.717765	2493	-4805
637.767770	2493	-4805
637.817775	2493	-4805
637.867780	2493	-4805
637.917785	2493	-4805
637.967790	2493	-4805
638.017795	2493	-4805
638.067800	2493	-4805
638.117805	2493	-4805
638.167810	2493	-4805
638.217815	2493	-4805
638.267820	2493	-4805
638.316825	2493	-4805
638.366830	2493	-4805
638.416835	2493	-4805
638.466840	2493	-4805
638.516845	2493	-4805
638.566850	2493	-4805
638.616855	2493	-4805
638.666860	2493	-4805
638.716865	2493	-4805
638.766870	2493	-4805
638.816875	2493	-4805
638.866880	2493	-4805
638.916885	2493	-4805
638.966890	2493	-4805
639.016895	2493	-4805
639.066900	2493	-4805
639.116905	2493	-4805
639.166910	2493	-4805
639.216915	2493	-4805
639.266920	2493	-4805
639.316925	2493	-4805
639.366930	2493	-4805
639.416935	2493	-4805
639.466940	2493	-4805
639.516945	2493	-4805
639.566950	2493	-4805
639.616955	2493	-4805
639.666960	2493	-4805
639.716965	2493	-4793
639.766970	2493	-4729
639.816975	2493	-4681
639.866980	2493	-4657
639.916985	2493	-4653
639.966990	2493	-4653
640.016995	2493	-4625
640.067000	2493	-4625
640.117005	2493	-4625
640.167010	2493	-4625
640.217015	2493	-4625
640.267020	2493	-4617
640.317025	2493	-4617
640.367030	2493	-4617
640.417035	2493	-4605
640.467040	2493	-4605
640.517045	2493	-4605
640.567050	2493	-4605
640.617055	2493	-4601
640.667060	2493	-4601
640.717065	2493	-4577
640.767070	2493	-4577
640.817075	2493	-4577
640.871080	2493	-4577
640.917085	2493	-4577
640.967090	2493	-4577
641.017095	2493	-4577
641.069100	2493	-4577
641.117105	2493	-4577
641.167110	2493	-4565
641.217115	2493	-4509
641.267120	2493	-4433
641.317125	2493	-4345
641.367130	2493	-4277
641.417135	2493	-4193
641.467140	2493	-4133
641.517145	2493	-4085
641.567150	2493	-4085
641.617155	2493	-4085
641.667160	2493	-4085
641.717165	2493	-4085
641.767170	2493	-4073
641.817175	2493	-4073
641.867180	2493	-4073
641.917185	2493	-4073
641.967190	2493	-4073
642.017195	2493	-4061
642.067200	2493	-4061
642.117205	2493	-4053
642.167210	2493	-4033
642.217215	2493	-4033
642.267220	2493	-4033
642.317225	2493	-4029
642.367230	2493	-4029
642.417235	2493	-4029
642.467240	2493	-4029
642.517245	2493	-4029
642.567250	2493	-4029
642.617255	2493	-4029
642.667260	2493	-4029
642.717265	2493	-4029
642.767270	2493	-4029
642.817275	2493	-4029
642.867280	2493	-4029
642.917285	2493	-4029
642.967290	2493	-4029
643.017295	2493	-4025
643.067300	2493	-4017
643.117305	2493	-4009
643.167310	2493	-3993
643.217315	2493	-3993
643.267320	2493	-3981
643.317325	2493	-3977
643.367330	2493	-3937
643.417335	2493	-3889
643.467340	2493	-3865
643.517345	2493	-3825
643.567350	2493	-3817
643.617355	2493	-3765
643.667360	2493	-3757
643.717365	2493	-3745
643.767370	2493	-3681
643.817375	2493	-3589
643.867380	2493	-3525
643.917385	2493	-3481
643.967390	2493	-3441
644.017395	2493	-3441
644.067400	2493	-3437
644.117405	2493	-3429
644.167410	2493	-3429
644.217415	2493	-3429
644.267420	2493	-3429
644.317425	2493	-3429
644.367430	2493	-3429
644.417435	2493	-3429
644.467440	2493	-3429
644.517445	2493	-3429
644.567450	2493	-3429
644.617455	2493	-3429
644.667460	2493	-3429
644.717465	2493	-3429
644.767470	2493	-3429
644.817475	2493	-3429
644.867480	2493	-3429
644.917485	2493	-3429
644.992493	2493	-3429
645.017495	2493	-3429
645.067500	2493	-3429
645.117505	2493	-3417
645.167510	2493	-3417
645.217515	2493	-3397
645.267520	2493	-3397
645.317525	2493	-3397
645.367530	2493	-3397
645.417535	2493	-3397
645.467540	2493	-3397
645.517545	2493	-3369
645.567550	2493	-3317
645.617555	2493	-3297
645.667560	2493	-3297
645.717565	2493	-3225
645.767570	2493	-3173
645.817575	2493	-3133
645.867580	2493	-3133
645.917585	2493	-3133
645.967590	2493	-3113
646.017595	2493	-3113
646.067600	2493	-3097
646.117605	2493	-3077
646.167610	2493	-3077
646.217615	2493	-3057
646.267620	2493	-3049
646.317625	2493	-2961
646.370630	2493	-2877
646.417635	2493	-2821
646.467640	2493	-2749
646.517645	2493	-2621
646.567650	2493	-2569
646.617655	2493	-2541
646.667660	2493	-2537
646.717665	2493	-2537
646.767670	2493	-2537
646.817675	2493	-2537
646.867680	2493	-2537
646.917685	2493	-2537
646.967690	2493	-2537
647.017695	2493	-2537
647.067700	2493	-2537
647.117705	2493	-2537
647.167710	2493	-2537
647.217715	2493	-2537
647.267720	2493	-2537
647.317725	2493	-2537
647.367730	2493	-2537
647.417735	2493	-2537
647.467740	2493	-2537
647.517745	2493	-2537
647.567750	2493	-2537
647.617755	2493	-2537
647.667760	2493	-2537
647.717765	2493	-2493
647.767770	2493	-2389
647.817775	2493	-2249
647.867780	2493	-2213
647.917785	2493	-2153
647.967790	2413	-2105
648.017795	2325	-2045
648.067800	2201	-1949
648.117805	2165	-1909
648.167810	2157	-1905
648.217815	2141	-1785
648.267820	2053	-1705
648.317825	1945	-1561
648.367830	1817	-1469
648.417835	1689	-1257
648.467840	1429	-325
648.517845	1185	0
648.567850	1097	0
648.617855	1029	0
648.667860	1001	0
648.717865	969	0
648.767870	925	0
648.817875	873	0
648.867880	777	0
648.917885	777	0
648.967890	769	0
649.017895	761	0
649.067900	733	0
649.117905	673	0
649.167910	673	0
649.217915	673	0
649.267920	673	0
649.317925	637	0
649.367930	637	0
649.417935	533	0
649.467940	385	0
649.517945	317	0
649.567950	309	0
649.617955	265	0
649.667960	245	0
649.717965	245	0
649.767970	245	0
649.817975	245	0
649.867980	245	0
649.917985	245	0
649.967990	245	0
650.017995	237	0
650.068000	237	0
650.118005	237	0
650.168010	229	0
650.218015	221	0
650.268020	221	0
650.318025	221	0
650.368030	221	0
650.418035	221	0
650.468040	221	0
650.518045	221	0
650.568050	221	0
650.618055	193	0
650.668060	193	0
650.718065	177	0
650.768070	177	0
650.818075	177	0
650.868080	177	0
650.918085	177	0
650.968090	169	0
651.018095	169	0
651.068100	169	0
651.118105	169	0
651.168110	161	0
651.218115	153	0
651.268120	153	0
651.318125	109	0
651.368130	29	0
651.418135	0	0
651.468140	0	0
651.518145	0	0
651.568150	0	0
651.618155	0	0
651.668160	0	0
651.718165	0	0
651.768170	0	0
651.818175	0	0
651.868180	0	0
651.918185	0	0
651.968190	0	0
652.018195	0	0
652.068200	0	0
652.118205	0	0
652.168210	0	0
652.218215	0	0
652.268220	0	0
652.318225	0	0
652.371231	0	0
652.418235	0	0
652.468240	0	0
652.518245	0	0
652.568250	0	0
652.618255	0	0
652.668260	0	0
652.718265	0	0
652.768270	0	0
652.818275	0	0
652.868280	0	0
652.918285	0	0
652.968290	0	0
653.018295	0	0
653.068300	0	0
653.118305	0	0
653.168310	0	0
653.218315	0	0
653.268320	0	0
653.318325	0	0
653.368330	0	0
653.418335	0	0
653.468340	0	0
653.518345	0	0
653.568350	0	0
653.618355	0	0
653.668360	0	0
653.718365	0	0
653.768370	0	0
653.818375	0	0
653.868380	0	0
653.918385	0	0
653.968390	0	0
654.018395	0	0
654.068400	0	0
654.118405	0	0
654.168410	0	0
654.218415	0	0
654.268420	0	0
654.318425	0	0
654.368430	0	0
654.418435	0	0
654.468440	0	0
654.518445	0	0
654.568450	0	0
654.618455	0	0
654.668460	0	0
654.718465	0	0
654.768470	0	0
654.818475	0	0
654.868480	0	0
654.918485	0	0
654.968490	0	0
655.018495	0	0
655.068500	0	0
655.118505	0	0
655.168510	0	0
655.218515	0	0
655.268520	0	0
655.318525	0	0
655.368530	0	0
655.418535	0	0
655.468540	0	0
655.518545	0	0
655.568550	0	0
655.618555	0	0
655.668560	0	0
655.718565	0	0
655.767570	0	0
655.817575	0	0
655.867580	0	0
655.917585	0	0
655.967590	0	0
656.017595	0	0
656.067600	0	0
656.117605	0	0
656.167610	0	0
656.217615	0	0
656.267620	0	0
656.317625	0	0
656.370630	0	0
656.417635	0	0
656.469640	0	0
656.517645	0	0
656.567650	0	0
656.617655	0	-173
656.667660	0	-325
656.717665	0	-629
656.767670	0	-961
656.817675	0	-1237
656.867680	0	-1701
656.917685	733	-1805
656.967690	733	-1845
657.017695	733	-1885
657.067700	749	-1885
657.117705	761	-1885
657.167710	761	-1885
657.217715	761	-1885
657.267720	761	-1885
657.317725	765	-1885
657.367730	765	-1885
657.417735	773	-1885
657.467740	801	-1885
657.517745	801	-1885
657.567750	801	-1885
657.617755	801	-1885
657.667760	801	-1885
657.717765	801	-1885
657.767770	809	-1885
657.817775	821	-1885
657.867780	821	-1885
657.917785	821	-1885
657.967790	821	-1885
658.017795	821	-1885
658.067800	821	-1885
658.117805	821	-1885
658.167810	837	-1885
658.217815	849	-1885
658.267820	849	-1857
658.317825	857	-1853
658.367830	865	-1837
658.417835	877	-1817
658.467840	893	-1765
658.517845	893	-1741
658.567850	133	-1665
658.617855	133	-1489
658.667860	133	-1361
658.717865	133	-1093
658.767870	133	-621
658.817875	133	-245
658.867880	133	0
658.917885	133	0
658.975891	133	0
659.017895	133	0
659.067900	133	0
659.117905	133	0
659.167910	133	0
659.217915	133	0
659.267920	133	0
659.317925	133	0
659.367930	133	0
659.417935	133	0
659.467940	133	0
659.517945	133	0
659.567950	133	0
659.617955	133	0
659.667960	133	0
659.717965	133	0
659.767970	133	0
659.817975	133	0
659.867980	133	0
659.917985	133	0
659.967990	133	0
660.017995	133	0
660.068000	133	0
660.118005	133	0
660.168010	133	0
660.218015	133	0
660.268020	133	0
660.318025	133	0
660.368030	133	0
660.418035	133	0
660.468040	133	0
660.518045	133	0
660.568050	133	-157
660.618055	133	-317
660.668060	133	-417
660.718065	133	-485
660.768070	133	-649
660.818075	133	-729
660.868080	133	-729
660.918085	133	-729
660.968090	133	-729
661.018095	133	-753
661.068100	133	-789
661.118105	133	-789
661.168110	133	-789
661.218115	133	-789
661.268120	133	-845
661.318125	133	-869
661.368130	133	-989
661.418135	133	-1057
661.468140	133	-1165
661.518145	133	-1397
661.568150	133	-1593
661.618155	893	-1745
661.668160	893	-1869
661.718165	893	-1929
661.768170	893	-2005
661.818175	893	-2057
661.868180	893	-2117
661.918185	893	-2161
661.968190	893	-2225
662.018195	893	-2273
662.068200	893	-2313
662.118205	893	-2345
662.168210	893	-2421
662.218215	893	-2457
662.268220	893	-2529
662.318225	893	-2601
662.368230	893	-2633
662.418235	893	-2653
662.468240	893	-2661
662.518245	893	-2685
662.568250	893	-2709
662.618255	893	-2729
662.668260	893	-2729
662.718265	893	-2729
662.768270	917	-2729
662.818275	917	-2729
662.868280	917	-2729
662.918285	917	-2729
662.968290	925	-2729
663.018295	925	-2729
663.068300	925	-2729
663.118305	925	-2729
663.168310	925	-2737
663.218315	925	-2809
663.268320	925	-2813
663.318325	925	-2865
663.368330	929	-2885
663.418335	953	-2941
663.468340	961	-2949
663.518345	989	-2961
663.568350	997	-3017
663.618355	1021	-3017
663.668360	1021	-3033
663.718365	1021	-3053
663.768370	1025	-3077
663.818375	1061	-3077
663.868380	1061	-3081
663.918385	1061	-3089
663.968390	1061	-3117
664.018395	1061	-3153
664.068400	1061	-3165
664.118405	1069	-3181
664.168410	1069	-3181
664.218415	1069	-3185
664.268420	1073	-3185
664.318425	1073	-3185
664.368430	1073	-3185
664.418435	1093	-3185
664.468440	1097	-3185
664.518445	1097	-3185
664.568450	1097	-3185
664.618455	1097	-3185
664.668460	1097	-3185
664.718465	1109	-3205
664.768470	1109	-3253
664.818475	1109	-3265
664.868480	1109	-3309
664.918485	1133	-3309
664.968490	1133	-3309
665.018495	1165	-3369
665.068500	1177	-3477
665.118505	1225	-3573
665.168510	1285	-3701
665.218515	1293	-3785
665.268520	1293	-3821
665.318525	1293	-3925
665.368530	1325	-3953
665.418535	1325	-3985
665.468540	1337	-4033
665.518545	1337	-4073
665.568550	1337	-4121
665.618555	1337	-4217
665.668560	1337	-4361
665.718565	1341	-4405
665.768570	1393	-4433
665.818575	1401	-4497
665.868580	1413	-4497
665.918585	1425	-4517
665.968590	1425	-4553
666.018595	1425	-4593
666.068600	1425	-4645
666.118605	1425	-4669
666.168610	1433	-4705
666.218615	1469	-4745
666.268620	1469	-4781
666.318625	1469	-4817
666.368630	1469	-4885
666.418635	1469	-4909
666.468640	1473	-4925
666.518645	1473	-4981
666.568650	1473	-5009
666.618655	1481	-5009
666.668660	1517	-5057
666.718665	1517	-5069
666.768670	1517	-5117
666.818675	1517	-5117
666.868680	1517	-5125
666.918685	1517	-5125
666.968690	1517	-5125
667.018695	1517	-5149
667.068700	1517	-5149
667.118705	1517	-5149
667.168710	1517	-5149
667.218715	1521	-5149
667.268720	1533	-5149
667.318725	1533	-5149
667.368730	1533	-5149
667.418735	1533	-5149
667.468740	1533	-5165
667.518745	1533	-5185
667.568750	1533	-5201
667.618755	1533	-5205
667.668760	1533	-5261
667.718765	1533	-5281
667.768770	1533	-5281
667.818775	1537	-5293
667.868780	1541	-5293
667.918785	1541	-5305
667.968790	1541	-5325
668.018795	1541	-5325
668.068800	1549	-5325
668.118805	1549	-5329
668.168810	1549	-5329
668.218815	1549	-5329
668.268820	1549	-5329
668.318825	1569	-5329
668.368830	1569	-5329
668.418835	1569	-5329
668.468840	1569	-5329
668.518845	1569	-5329
668.568850	1581	-5329
668.618855	1581	-5329
668.668860	1581	-5329
668.718865	1581	-5329
668.768870	1581	-5329
668.818875	1581	-5329
668.868880	1581	-5337
668.918885	1581	-5337
668.968890	1581	-5337
669.018895	1581	-5337
669.068900	1581	-5337
669.118905	1581	-5337
669.168910	1581	-5337
669.218915	1589	-5337
669.268920	1589	-5337
669.318925	1589	-5337
669.368930	1597	-5337
669.418935	1597	-5337
669.468940	1605	-5337
669.518945	1605	-5337
669.568950	1605	-5337
669.618955	1605	-5337
669.668960	1605	-5337
669.718965	1605	-5337
669.768970	1605	-5337
669.818975	1605	-5337
669.868980	1605	-5337
669.918985	1605	-5337
669.968990	1605	-5337
670.018995	1605	-5337
670.069000	1605	-5337
670.119005	1605	-5337
670.169010	1605	-5337
670.219015	1605	-5337
670.269020	1605	-5337
670.319025	1605	-5337
670.369030	1605	-5337
670.419035	1605	-5337
670.469040	1605	-5337
670.519045	1605	-5337
670.569050	1605	-5337
670.619055	1617	-5337
670.669060	1617	-5337
670.719065	1617	-5337
670.769070	1617	-5337
670.819075	1617	-5337
670.869080	1617	-5337
670.919085	1617	-5337
670.969090	1617	-5337
671.019095	1617	-5337
671.069100	1617	-5337
671.119105	1617	-5337
671.169110	1617	-5337
671.219115	1617	-5337
671.269120	1617	-5337
671.319125	1617	-5337
671.369130	1617	-5337
671.419135	1617	-5337
671.469140	1617	-5337
671.519145	1617	-5337
671.569150	1617	-5337
671.619155	1621	-5337
671.669160	1621	-5337
671.719165	1621	-5337
671.769170	1621	-5337
671.819175	1621	-5337
671.869180	1621	-5337
671.919185	1621	-5337
671.969190	1621	-5337
672.019195	1621	-5337
672.069200	1621	-5337
672.119205	1621	-5337
672.169210	1621	-5337
672.219215	1625	-5337
672.269220	1625	-5337
672.319225	1633	-5337
672.369230	1637	-5337
672.419235	1665	-5337
672.469240	1665	-5337
672.519245	1665	-5337
672.569250	1677	-5337
672.619255	1677	-5337
672.669260	1689	-5337
672.719265	1689	-5337
672.769270	1689	-5337
672.819275	1689	-5313
672.869280	1689	-5233
672.919285	1721	-5045
672.969290	1721	-4789
673.019295	1721	-4401
673.069300	1721	-4045
673.119305	1845	-3289
673.169310	1845	-3017
673.219315	1845	-2597
673.268320	1845	-2197
673.318325	1617	-1873
673.368330	1053	-1149
673.418335	613	-577
673.468340	445	0
673.518345	185	0
673.568350	0	0
673.618355	0	0
673.668360	0	0
673.718365	0	0
673.768370	0	0
673.818375	0	0
673.868380	0	0
673.918385	0	0
673.968390	0	0
674.018395	0	0
674.068400	0	0
674.118405	0	0
674.168410	0	0
674.218415	0	0
674.268420	0	0
674.318425	0	0
674.368430	0	0
674.418435	0	0
674.468440	0	0
674.518445	0	0
674.568450	0	0
674.618455	0	0
674.668460	0	0
674.718465	0	0
674.768470	0	0
674.818475	0	0
674.868480	0	0
674.923485	0	0
674.968490	0	0
675.018495	0	0
675.068500	0	0
675.118505	0	0
675.168510	0	0
675.218515	0	0
675.268520	0	0
675.318525	0	0
675.368530	0	0
675.418535	0	0
675.468540	0	0
675.518545	0	0
675.568550	0	0
675.618555	0	0
675.668560	0	0
675.718565	0	0
675.768570	0	0
675.818575	0	0
675.868580	0	0
675.918585	0	0
675.968590	0	0
676.018595	0	0
676.068600	0	0
676.118605	0	0
676.168610	0	0
676.218615	0	0
676.268620	0	0
676.318625	0	0
676.368630	0	0
676.418635	0	0
676.468640	0	0
676.518645	0	0
676.568650	0	0
676.618655	0	0
676.668660	0	0
676.718665	0	0
676.768670	0	0
676.818675	0	0
676.868680	0	0
676.918685	0	0
676.968690	0	0
677.018695	0	0
677.068700	0	0
677.118705	0	0
677.168710	0	0
677.218715	0	0
677.268720	0	0
677.318725	0	0
677.368730	0	0
677.418735	0	0
677.468740	0	0
677.518745	0	0
677.568750	0	0
677.618755	0	0
677.668760	0	0
677.718765	0	0
677.768770	0	0
677.818775	0	0
677.868780	0	0
677.918785	0	0
677.968790	0	0
678.018795	0	0
678.068800	0	0
678.118805	0	0
678.168810	0	0
678.218815	0	0
678.268820	0	0
678.318825	0	0
678.371830	0	0
678.418835	0	0
678.468840	0	0
678.518845	0	0
678.568850	0	0
678.618855	0	0
678.668860	0	0
678.718865	0	0
678.768870	0	0
678.818875	0	0
678.868880	0	0
678.918885	0	0
678.968890	0	0
679.018895	0	0
679.068900	0	0
679.118905	0	0
679.168910	0	0
679.218915	0	0
679.268920	0	0
679.318925	0	0
679.368930	0	0
679.418935	0	0
679.468940	0	0
679.518945	0	0
679.568950	0	0
679.618955	0	0
679.668960	0	0
679.718965	0	0
679.768970	0	0
679.818975	0	0
679.868980	0	0
679.918985	0	0
679.968990	0	0
680.018995	0	0
680.069000	0	0
680.119005	0	0
680.169010	0	0
680.219015	0	0
680.269020	0	0
680.319025	0	0
680.369030	0	0
680.419035	0	0
680.469040	0	0
680.519045	0	0
680.569050	0	0
680.619055	0	0
680.669060	0	0
680.719065	0	0
680.769070	0	0
680.819075	0	0
680.869080	0	0
680.919085	0	0
680.969090	0	0
681.019095	0	0
681.069100	0	0
681.119105	0	0
681.169110	0	0
681.219115	0	0
681.269120	0	0
681.319125	0	0
681.369130	0	0
681.419135	0	0
681.469140	0	0
681.519145	0	0
681.569150	0	0
681.619155	0	0
681.669160	0	0
681.719165	0	0
681.769170	0	0
681.819175	0	0
681.869180	0	0
681.919185	0	0
681.969190	0	0
682.019195	0	0
682.069200	0	0
682.119205	0	0
682.169210	0	0
682.219215	0	0
682.269220	0	0
682.319225	0	0
682.369230	0	0
682.419235	0	0
682.469240	0	0
682.519245	0	0
682.569250	0	0
682.619255	0	0
682.669260	0	0
682.719265	0	0
682.769270	0	0
682.819275	0	0
682.869280	0	0
682.919285	0	0
682.969290	0	0
683.019295	0	0
683.069300	0	0
683.119305	0	0
683.169310	0	0
683.219315	0	0
683.269320	0	0
683.319325	0	0
683.369330	0	0
683.419335	0	0
683.469340	0	0
683.519345	0	0
683.569350	0	0
683.619355	0	0
683.669360	0	0
683.719365	0	0
683.769370	0	0
683.819375	0	0
683.869380	0	0
683.919385	0	0
683.969390	0	0
684.019395	0	0
684.069400	0	0
684.119405	0	0
684.169410	0	0
684.219415	0	0
684.269420	0	0
684.319425	0	0
684.369430	0	0
684.419435	0	0
684.469440	0	0
684.519445	0	0
684.569450	0	0
684.619455	0	0
684.669460	0	0
684.719465	0	0
684.769470	0	0
684.819475	0	0
684.869480	0	0
684.921485	0	0
684.969490	0	0
685.019495	0	0
685.069500	0	0
685.119505	0	0
685.169510	0	0
685.219515	0	0
685.269520	0	0
685.319525	0	0
685.369530	0	0
685.419535	0	0
685.469540	0	0
685.519545	0	0
685.569550	0	0
685.619555	0	0
685.669560	0	0
685.719565	0	0
685.769570	0	0
685.819575	0	0
685.872580	0	0
685.919585	0	0
685.983592	0	0
686.019595	0	0
686.069600	0	0
686.119605	0	0
686.169610	0	0
686.219615	0	0
686.269620	0	0
686.319625	0	0
686.369630	0	0
686.419635	0	0
686.469640	0	0
686.519645	0	0
686.569650	0	0
686.619655	0	0
686.669660	0	0
686.719665	0	0
686.769670	0	0
686.819675	0	0
686.869680	0	0
686.919685	0	0
686.969690	0	0
687.019695	0	0
687.069700	0	0
687.119705	0	0
687.169710	0	0
687.219715	0	0
687.269720	0	0
687.319725	0	0
687.369730	0	0
687.419735	0	0
687.469740	0	0
687.519745	0	0
687.569750	0	0
687.619755	0	0
687.669760	0	0
687.719765	0	0
687.769770	0	0
687.819775	0	0
687.869780	0	0
687.919785	0	0
687.969790	0	0
688.019795	0	0
688.069800	0	0
688.119805	0	0
688.169810	0	0
688.219815	0	0
688.269820	0	0
688.319825	0	0
688.369830	0	0
688.419835	0	0
688.469840	0	0
688.519845	0	0
688.569850	0	0
688.619855	0	0
688.669860	0	0
688.719865	0	0
688.769870	0	0
688.819875	0	0
688.869880	0	0
688.919885	0	0
688.969890	0	8
689.019895	0	40
689.069900	0	40
689.119905	0	40
689.169910	0	40
689.219915	0	40
689.269920	0	40
689.319925	0	40
689.369930	0	40
689.419935	0	40
689.469940	0	40
689.519945	0	40
689.569950	0	40
689.619955	0	40
689.669960	0	40
689.719965	0	40
689.769970	0	40
689.819975	0	40
689.869980	0	40
689.919985	0	40
689.969990	0	40
690.019995	0	40
690.070000	0	40
690.120005	0	40
690.170010	0	40
690.220015	0	88
690.270020	0	204
690.320025	0	212
690.370030	0	268
690.420035	0	308
690.470040	0	368
690.520045	0	368
690.570050	0	368
690.620055	0	368
690.670060	0	368
690.720065	0	368
690.769070	0	392
690.819075	0	440
690.869080	0	440
690.919085	0	440
690.969090	0	440
691.019095	0	440
691.069100	0	440
691.119105	0	440
691.169110	0	440
691.219115	0	456
691.269120	0	456
691.319125	0	456
691.369130	0	456
691.419135	0	480
691.469140	0	496
691.519145	0	512
691.569150	0	512
691.619155	0	512
691.669160	0	512
691.719165	0	512
691.769170	0	512
691.819175	0	512
691.869180	0	512
691.919185	0	512
691.969190	0	512
692.019195	0	512
692.069200	0	512
692.119205	0	512
692.169210	0	512
692.219215	0	512
692.269220	0	512
692.319225	0	512
692.369230	0	512
692.419235	0	512
692.469240	0	512
692.519245	0	512
692.569250	0	512
692.619255	0	512
692.669260	0	512
692.719265	0	512
692.769270	0	512
692.819275	0	512
692.869280	0	512
692.919285	0	512
692.969290	0	512
693.019295	0	512
693.069300	0	512
693.119305	0	512
693.169310	0	512
693.219315	0	512
693.269320	0	512
693.319325	0	512
693.369330	0	512
693.419335	0	512
693.469340	0	512
693.519345	0	512
693.569350	0	512
693.619355	0	512
693.669360	0	512
693.719365	0	512
693.769370	0	512
693.819375	0	512
693.869380	0	512
693.919385	0	512
693.969390	0	512
694.019395	0	512
694.069400	0	512
694.119405	0	524
694.169410	0	524
694.219415	0	556
694.269420	0	588
694.319425	0	588
694.369430	0	588
694.419435	0	604
694.469440	0	604
694.519445	0	620
694.569450	0	620
694.619455	0	652
694.669460	0	676
694.719465	0	676
694.769470	0	676
694.819475	0	676
694.869480	0	676
694.920485	0	676
694.969490	0	676
695.019495	0	676
695.069500	0	676
695.119505	0	676
695.169510	0	676
695.219515	0	676
695.269520	0	676
695.319525	0	676
695.369530	0	676
695.419535	0	676
695.469540	0	676
695.519545	0	676
695.569550	0	676
695.619555	0	676
695.669560	0	676
695.719565	0	676
695.769570	0	676
695.819575	0	676
695.869580	0	676
695.919585	0	676
695.969590	0	676
696.019595	0	676
696.069600	0	676
696.119605	0	676
696.169610	0	676
696.219615	0	676
696.269620	0	676
696.319625	0	676
696.369630	0	676
696.419635	0	676
696.469640	0	676
696.519645	0	676
696.569650	0	676
696.619655	0	676
696.669660	0	676
696.719665	0	676
696.769670	0	676
696.819675	0	676
696.869680	0	676
696.919685	0	676
696.969690	0	676
697.019695	0	676
697.069700	0	676
697.119705	0	676
697.169710	0	676
697.219715	0	676
697.269720	0	676
697.319725	0	676
697.369730	0	676
697.419735	0	676
697.469740	0	676
697.519745	0	676
697.569750	0	676
697.619755	0	676
697.669760	0	676
697.719765	0	676
697.769770	0	684
697.819775	0	684
697.869780	0	684
697.919785	0	744
697.969790	0	760
698.019795	0	760
698.069800	0	760
698.119805	0	848
698.169810	0	848
698.219815	0	848
698.269820	0	848
698.319825	0	848
698.369830	0	848
698.419835	0	848
698.469840	0	848
698.519845	0	848
698.569850	0	848
698.619855	0	848
698.669860	0	848
698.719865	0	848
698.769870	0	848
698.819875	0	848
698.869880	0	856
698.919885	0	884
698.969890	0	884
699.019895	0	884
699.069900	0	884
699.119905	0	884
699.169910	0	884
699.219915	0	884
699.269920	0	884
699.319925	0	884
699.369930	0	884
699.419935	0	884
699.469940	0	884
699.519945	0	884
699.569950	0	908
699.619955	0	940
699.669960	0	940
699.719965	0	948
699.769970	0	948
699.819975	0	972
699.869980	0	972
699.919985	0	988
699.969990	0	988
700.019995	0	1028
700.070000	0	1028
700.120005	0	1056
700.170010	0	1056
700.220015	0	1056
700.270020	0	1056
700.320025	0	1056
700.370030	0	1056
700.420035	0	1056
700.470040	0	1056
700.520045	0	1056
700.570050	0	1056
700.620055	0	1056
700.670060	0	1056
700.720065	0	1056
700.770070	0	1056
700.820075	0	1056
700.870080	0	1056
700.920085	0	1056
700.970090	0	1056
701.020095	0	1056
701.070100	0	1056
701.120105	0	1056
701.170110	0	1056
701.220115	0	1056
701.270120	0	1056
701.320125	0	1056
701.370130	0	1056
701.420135	0	1056
701.470140	0	1056
701.520145	0	1056
701.570150	0	1072
701.620155	0	1072
701.670160	0	1072
701.720165	0	1072
701.770170	0	1072
701.820175	0	1072
701.870180	0	1072
701.920185	0	1072
701.970190	0	1072
702.020195	0	1072
702.070200	0	1072
702.120205	0	1072
702.170210	0	1072
702.220215	0	1072
702.270220	0	1072
702.320225	0	1072
702.370230	0	1072
702.420235	0	1072
702.470240	0	1072
702.520245	0	1072
702.570250	0	1072
702.620255	0	1072
702.670260	0	1072
702.720265	0	1072
702.770270	0	1072
702.820275	0	1072
702.870280	0	1072
702.920285	0	1072
702.970290	0	1072
703.020295	0	1072
703.070300	0	1072
703.120305	0	1072
703.170310	0	1072
703.220315	0	1072
703.270320	0	1072
703.320325	0	1072
703.370330	0	1072
703.420335	0	1072
703.470340	0	1072
703.520345	0	1072
703.570350	0	1072
703.620355	0	1072
703.670360	0	1072
703.720365	0	1072
703.770370	0	1072
703.820375	0	1072
703.870380	0	1072
703.920385	0	1072
703.970390	0	1072
704.020395	0	1088
704.070400	0	1088
704.120405	0	1088
704.170410	0	1088
704.220415	0	1104
704.270420	0	1104
704.320425	0	1104
704.370430	0	1104
704.420435	0	1104
704.470440	0	1104
704.520445	0	1104
704.570450	0	1104
704.620455	0	1104
704.670460	0	1104
704.720465	0	1104
704.770470	0	1104
704.820475	0	1104
704.870480	0	1104
704.920485	0	1104
704.970490	0	1104
705.020495	0	1104
705.070500	0	1104
705.120505	0	1104
705.170510	0	1104
705.220515	0	1104
705.270520	0	1104
705.320525	0	1104
705.370530	0	1104
705.420535	0	1104
705.470540	0	1104
705.520545	0	1104
705.570550	0	1104
705.620555	0	1104
705.670560	0	1104
705.720565	0	1104
705.770570	0	1104
705.820575	0	1104
705.870580	0	1104
705.920585	0	1104
705.970590	0	1136
706.020595	0	1160
706.070600	0	1160
706.120605	0	1160
706.170610	0	1160
706.220615	0	1160
706.270620	0	1160
706.320625	0	1160
706.370630	0	1160
706.420635	0	1160
706.470640	0	1160
706.520645	0	1160
706.570650	0	1160
706.620655	0	1160
706.670660	0	1160
706.720665	0	1160
706.770670	0	1160
706.820675	0	1160
706.870680	0	1160
706.920685	0	1160
706.970690	0	1160
707.020695	0	1160
707.070700	0	1160
707.120705	0	1160
707.170710	0	1160
707.220715	0	1160
707.270720	0	1160
707.320725	0	1160
707.370730	0	1160
707.420735	0	1160
707.470740	0	1160
707.520745	0	1160
707.570750	0	1160
707.620755	0	1160
707.670760	0	1160
707.720765	0	1160
707.770770	0	1160
707.820775	0	1160
707.870780	0	1160
707.920785	0	1160
707.970790	0	1160
708.020795	0	1160
708.070800	0	1160
708.120805	0	1160
708.170810	0	1160
708.219815	0	1176
708.269820	0	1184
708.319825	0	1192
708.369830	0	1192
708.419835	0	1260
708.469840	0	1308
708.519845	0	1316
708.569850	0	1316
708.619855	0	1316
708.669860	0	1348
708.719865	0	1364
708.769870	0	1364
708.819875	0	1364
708.869880	0	1380
708.919885	0	1416
708.969890	0	1448
709.019895	0	1448
709.069900	0	1448
709.119905	0	1448
709.169910	0	1448
709.219915	0	1448
709.269920	0	1448
709.319925	0	1448
709.369930	0	1448
709.419935	0	1448
709.469940	0	1448
709.519945	0	1448
709.569950	0	1448
709.619955	0	1448
709.669960	0	1448
709.719965	0	1448
709.769970	0	1448
709.819975	0	1448
709.869980	0	1448
709.919985	0	1448
709.969990	0	1416
710.019995	0	1028
710.070000	0	580
710.120005	0	168
710.170010	0	0
710.220015	0	0
710.270020	0	0
710.320025	0	0
710.370030	0	0
710.420035	0	0
710.470040	0	0
710.520045	0	0
710.570050	0	0
710.620055	0	0
710.670060	0	0
710.720065	0	0
710.770070	0	0
710.820075	0	0
710.870080	0	0
710.920085	0	0
710.970090	0	0
711.020095	0	0
711.070100	0	0
711.120105	0	0
711.170110	0	0
711.220115	0	0
711.270120	0	0
711.320125	0	0
711.370130	0	0
711.420135	0	0
711.470140	0	0
711.520145	0	0
711.570150	0	0
711.620155	0	0
711.670160	0	0
711.720165	0	0
711.770170	0	0
711.820175	0	0
711.870180	0	0
711.920185	0	0
711.970190	0	0
712.020195	0	0
712.070200	0	0
712.120205	0	0
712.170210	0	0
712.220215	0	0
712.270220	0	0
712.320225	0	0
712.370230	0	0
712.420235	0	0
712.470240	0	0
712.520245	0	0
712.570250	0	0
712.620255	0	0
712.670260	0	0
712.720265	0	0
712.770270	0	0
712.820275	0	0
712.870280	0	0
712.920285	0	0
712.970290	0	0
713.020295	0	0
713.070300	0	0
713.120305	0	0
713.170310	0	0
713.220315	0	0
713.270320	0	0
713.320325	0	0
713.370330	0	0
713.420335	0	0
713.470340	0	0
713.520345	0	0
713.570350	0	0
713.620355	0	0
713.670360	0	0
713.720365	0	0
713.770370	0	0
713.820375	0	0
713.870380	0	0
713.920385	0	0
713.970390	0	0
714.020395	0	0
714.070400	0	0
714.120405	0	0
714.170410	0	0
714.220415	0	0
714.270420	0	0
714.320425	0	0
714.370430	0	0
714.420435	0	0
714.470440	0	0
714.520445	0	0
714.570450	0	0
714.620455	0	0
714.670460	0	0
714.720465	0	0
714.770470	0	0
714.820475	0	0
714.870480	0	0
714.925485	0	0
714.970490	0	0
715.020495	0	0
715.070500	0	0
715.120505	0	0
715.170510	0	0
715.220515	0	0
715.270520	0	0
715.320525	0	0
715.370530	0	0
715.420535	0	0
715.470540	0	0
715.520545	0	0
715.570550	0	0
715.620555	0	0
715.670560	0	0
715.720565	0	0
715.770570	0	0
715.820575	0	0
715.870580	0	0
715.920585	0	0
715.970590	0	0
716.020595	0	0
716.070600	0	0
716.120605	0	0
716.170610	0	0
716.220615	0	0
716.270620	0	0
716.320625	0	0
716.370630	0	0
716.420635	0	0
716.470640	0	0
716.520645	0	0
716.570650	0	0
716.620655	0	0
716.670660	0	0
716.720665	0	0
716.770670	0	0
716.820675	0	0
716.870680	0	0
716.920685	0	0
716.970690	0	0
717.020695	0	0
717.070700	0	0
717.120705	0	0
717.170710	0	0
717.220715	0	0
717.270720	0	0
717.320725	0	0
717.370730	0	0
717.420735	0	0
717.470740	0	0
717.520745	0	0
717.570750	0	0
717.620755	0	0
717.670760	0	0
717.720765	0	0
717.770770	0	0
717.820775	0	0
717.870780	0	0
717.920785	0	0
717.970790	0	0
718.020795	0	0
718.070800	0	0
718.120805	0	0
718.170810	0	0
718.220815	0	0
718.270820	0	0
718.320825	0	0
718.370830	0	0
718.420835	0	0
718.470840	0	0
718.520845	0	0
718.570850	0	0
718.620855	0	0
718.670860	0	0
718.720865	0	0
718.770870	0	0
718.820875	0	0
718.870880	0	0
718.920885	0	0
718.970890	0	0
719.020895	0	0
719.070900	0	0
719.120905	0	0
719.170910	0	0
719.220915	0	0
719.270920	0	0
719.320925	0	0
719.370930	0	0
719.420935	0	0
719.470940	0	0
719.520945	0	0
719.570950	0	0
719.620955	0	0
719.670960	0	0
719.720965	0	0
719.770970	0	0
719.820975	0	0
719.870980	0	0
719.920985	0	0
719.970990	0	0
720.020995	0	0
720.071000	0	0
720.121005	0	0
720.171010	0	0
720.221015	0	0
720.271020	0	0
720.321025	0	0
720.371030	0	0
720.421035	0	0
720.471040	0	0
720.521045	0	0
720.571050	0	0
720.621055	0	0
720.671060	0	0
720.721065	0	0
720.771070	0	0
720.821075	0	0
720.871080	0	0
720.921085	0	0
720.971090	0	0
721.021095	0	0
721.071100	0	0
721.121105	0	0
721.171110	0	0
721.221115	0	0
721.271120	0	0
721.321125	0	0
721.371130	0	0
721.421135	0	0
721.471140	0	0
721.521145	0	0
721.571150	0	0
721.621155	0	0
721.671160	0	0
721.721165	0	0
721.771170	0	0
721.821175	0	0
721.871180	0	0
721.921185	0	0
721.971190	0	0
722.021195	0	0
722.071200	0	0
722.121205	0	0
722.171210	0	0
722.221215	0	0
722.271220	0	0
722.321225	0	0
722.371230	0	0
722.421235	0	0
722.471240	0	0
722.521245	0	0
722.571250	0	0
722.621255	0	0
722.671260	0	0
722.721265	0	0
722.771270	0	0
722.821275	0	0
722.871280	0	0
722.921285	0	0
723.001293	0	0
723.021295	0	0
723.071300	0	0
723.121305	0	0
723.171310	0	0
723.221315	0	0
723.271320	0	0
723.321325	0	0
723.371330	0	0
723.421335	0	0
723.471340	0	0
723.521345	0	0
723.571350	0	0
723.621355	0	0
723.671360	0	0
723.721365	0	0
723.771370	0	0
723.821375	0	0
723.871380	0	0
723.921385	0	0
723.971390	0	0
724.021395	0	0
724.071400	0	0
724.121405	0	0
724.171410	0	0
724.221415	0	0
724.271420	0	0
724.321425	0	0
724.371430	0	0
724.421435	0	0
724.471440	0	0
724.521445	0	0
724.571450	0	0
724.621455	0	0
724.671460	0	0
724.721465	0	0
724.771470	0	0
724.821475	0	0
724.871480	0	0
724.925485	0	0
724.971490	0	0
725.021495	0	0
725.071500	0	0
725.121505	0	0
725.171510	0	0
725.221515	0	0
725.271520	0	0
725.321525	0	0
725.371530	0	0
725.421535	0	0
725.471540	0	0
725.521545	0	0
725.571550	0	0
725.621555	0	0
725.671560	0	0
725.720565	0	0
725.770570	0	0
725.820575	0	0
725.870580	0	0
725.920585	0	0
725.970590	0	0
726.020595	0	0
726.070600	0	0
726.120605	0	0
726.170609	0	0
726.220614	0	0
726.270620	0	0
726.320625	0	0
726.370630	0	0
726.420635	0	0
726.470640	0	0
726.520645	0	0
726.570650	0	0
726.620655	0	0
726.670660	0	0
726.720665	0	0
726.770669	0	0
726.820674	0	0
726.870680	0	0
726.920685	0	0
726.970690	0	0
727.020695	0	0
727.070700	0	0
727.120705	0	0
727.170710	0	0
727.220715	0	0
727.270720	0	0
727.320724	0	0
727.370729	0	0
727.420735	0	0
727.470740	0	0
727.520745	0	0
727.570750	0	0
727.620755	0	0
727.670760	0	0
727.720765	0	0
727.770770	0	0
727.820775	0	0
727.870780	0	0
727.920784	0	0
727.970789	0	0
728.020795	0	0
728.070800	0	0
728.120805	0	0
728.170810	0	0
728.220815	0	0
728.270820	0	0
728.320825	0	0
728.370830	0	0
728.420835	0	0
728.470840	0	0
728.520844	0	0
728.570850	0	0
728.620855	0	0
728.670860	0	0
728.720865	0	0
728.770870	0	0
728.820875	0	0
728.870880	0	0
728.920885	0	0
728.970890	0	0
729.020895	0	0
729.070899	0	0
729.120904	0	0
729.170910	0	0
729.220915	0	0
729.270920	0	0
729.320925	0	0
729.370930	0	0
729.420935	0	-181
729.470940	0	-845
729.520945	-168	-1861
729.570950	-96	-2433
729.620955	-88	-2769
729.670959	-64	-2769
729.720964	-36	-2769
729.770970	-16	-2769
729.820975	9	-2489
729.870980	13	-1869
729.920985	0	-265
729.970990	0	0
730.020995	0	0
730.071000	0	0
730.121005	0	0
730.171010	0	0
730.221014	0	0
730.271019	0	0
730.321025	0	0
730.371030	0	0
730.421035	0	0
730.471040	0	0
730.521045	0	0
730.571050	0	0
730.621055	0	0
730.671060	0	136
730.721065	0	284
730.771070	0	416
730.821074	0	432
730.871079	0	432
730.921085	0	556
730.971090	0	800
731.021095	0	980
731.071100	0	1072
731.121105	0	1112
731.171110	0	1112
731.221115	0	1112
731.271120	0	1112
731.321125	0	684
731.371130	0	440
731.421134	0	440
731.471139	0	440
731.521145	0	440
731.571150	0	684
731.621155	0	1064
731.671160	0	1192
731.721165	-124	1572
731.771170	-124	1784
731.821175	-124	1996
731.871180	-124	2236
731.921185	0	2528
731.971189	129	2904
732.021194	305	3344
732.075200	409	3740
732.121205	469	4076
732.171210	469	4260
732.221215	469	4452
732.271220	469	4552
732.321225	469	4552
732.371230	469	4552
732.421235	469	4552
732.471240	469	4552
732.521245	469	4552
732.571249	469	4552
732.621254	469	4552
732.671260	469	4568
732.721265	469	4724
732.771270	469	4868
732.821275	517	5092
732.871280	541	5232
732.921285	565	5428
732.971290	565	5592
733.021295	565	5900
733.071300	565	6184
733.121305	565	6600
733.171309	565	7056
733.221314	565	7780
733.271320	565	8408
733.321325	573	8828
733.371330	589	9076
733.421335	589	9224
733.471340	589	9324
733.521345	589	9460
733.571350	589	9704
733.621355	589	10136
733.671360	589	10452
733.721364	589	10824
733.771369	589	11092
733.821375	613	11468
733.871380	713	11856
733.921385	733	12388
733.971390	797	12952
734.021395	901	13480
734.071400	1013	13856
734.121405	1137	14308
734.171410	1273	14836
734.221415	1369	15436
734.271420	1457	15940
734.321424	1505	16424
734.371429	1509	16896
734.421435	1533	17380
734.471440	1533	17756
734.521445	1537	18088
734.571450	1549	18452
734.621455	1593	18800
734.671460	1637	19148
734.721465	1649	19516
734.771470	1701	19980
734.821475	1773	20580
734.871480	1861	21004
734.922485	1989	21340
734.971489	2037	21736
735.021495	2157	22036
735.071500	2197	22076
735.121505	2229	22120
735.171510	2241	22120
735.221515	2241	21876
735.271520	2241	20984
735.321525	2241	19592
735.371530	2325	17648
735.421535	2325	14788
735.471539	2325	12356
735.521544	2325	10408
735.571550	2325	8940
735.621555	2125	7244
735.671560	1629	5568
735.721565	1029	3612
735.771570	293	1584
735.821575	0	0
735.871580	0	0
735.921585	0	0
735.971590	0	0
736.021595	0	-57
736.071599	0	-861
736.121604	385	-1549
736.171610	1505	-1813
736.221615	2121	-1897
736.271620	2401	-1897
736.321625	2537	-1897
736.371630	2569	-1897
736.421635	2617	-1897
736.471640	2801	-2197
736.521645	3045	-2737
736.571650	3305	-3293
736.621655	3753	-3737
736.671659	3925	-3757
736.721664	3925	-3561
736.771670	3337	-3005
736.821675	1985	-2021
736.871680	637	-933
736.921685	0	-309
736.971690	0	0
737.021695	0	0
737.071700	0	0
737.121705	0	0
737.171710	0	0
737.221714	0	0
737.271719	0	0
737.321725	0	0
737.371730	0	0
737.421735	0	0
737.471740	0	0
737.521745	0	0
737.571750	0	0
737.621755	0	0
737.671760	0	0
737.721765	0	0
737.771770	0	0
737.821774	0	0
737.871779	0	0
737.921785	0	0
737.971790	0	0
738.021795	0	0
738.071800	0	0
738.121805	0	0
738.171810	0	0
738.221815	0	0
738.271820	0	0
738.321825	0	0
738.371830	0	0
738.421834	0	0
738.471839	0	0
738.521845	0	0
738.571850	0	0
738.621855	0	0
738.671860	0	0
738.721865	0	0
738.771870	0	0
738.821875	0	0
738.871880	0	0
738.921885	0	0
738.971889	0	0
739.021894	0	0
739.071900	0	0
739.121905	0	0
739.171910	0	0
739.221915	0	0
739.271920	0	0
739.321925	0	0
739.371930	0	0
739.421935	0	0
739.471940	0	0
739.521945	0	0
739.571949	0	0
739.621954	0	0
739.671960	0	0
739.721965	0	0
739.771970	0	0
739.821975	0	0
739.871980	0	0
739.921985	0	0
739.971990	0	0
740.021995	0	0
740.072000	0	0
740.122005	0	0
740.172009	0	0
740.222014	0	0
740.272020	0	0
740.322025	0	0
740.372030	0	0
740.422035	0	0
740.472040	0	0
740.522045	0	0
740.572050	0	0
740.622055	0	0
740.672060	0	0
740.722064	0	0
740.772069	0	0
740.822075	0	0
740.872080	0	0
740.922085	0	0
740.972090	0	0
741.022095	0	0
741.072100	0	0
741.122105	0	0
741.172110	0	0
741.222115	0	0
741.272120	0	0
741.322124	0	0
741.372129	0	0
741.422135	0	0
741.472140	0	0
741.522145	0	0
741.572150	0	0
741.622155	0	0
741.672160	0	0
741.722165	0	0
741.772170	0	0
741.822175	0	0
741.872180	0	0
741.922184	0	0
741.972189	0	0
742.022195	0	0
742.072200	0	0
742.122205	0	0
742.172210	0	0
742.222215	0	0
742.272220	0	0
742.322225	0	0
742.372230	0	0
742.422235	0	0
742.472239	0	0
742.522244	0	0
742.572250	0	0
742.622255	0	0
742.672260	0	0
742.722265	0	0
742.772270	0	0
742.822275	0	0
742.872280	0	0
742.922285	0	0
742.972290	0	0
743.022295	0	0
743.072299	0	0
743.122304	0	0
743.172310	0	0
743.221314	0	0
743.271319	0	0
743.321324	0	0
743.371330	0	0
743.421335	0	0
743.471340	0	0
743.521345	0	0
743.571350	0	0
743.621355	0	0
743.671360	0	0
743.721364	0	0
743.771369	0	0
743.821374	0	0
743.871379	0	0
743.921384	0	0
743.971390	0	0
744.021395	0	0
744.071400	0	0
744.121405	0	0
744.171410	0	0
744.221415	0	0
744.271420	0	0
744.321424	0	0
744.371429	0	0
744.421434	0	0
744.471439	0	0
744.521444	0	0
744.571450	0	0
744.621455	0	0
744.671460	0	0
744.721465	0	0
744.771470	0	0
744.821475	0	0
744.871480	0	0
744.921484	0	0
744.971489	0	0
745.021494	0	0
745.071499	0	0
745.121505	0	0
745.171510	0	0
745.221515	0	0
745.271520	0	0
745.321525	0	0
745.371530	0	0
745.421535	0	0
745.471539	0	0
745.521544	0	0
745.571549	0	0
745.621554	0	0
745.671559	0	0
745.721565	0	0
745.771570	0	0
745.821575	0	0
745.871580	0	0
745.921585	0	0
745.971590	0	0
746.021595	0	0
746.071599	0	0
746.121604	0	0
746.171609	0	0
746.221614	0	0
746.271619	0	0
746.321625	0	0
746.371630	0	0
746.421635	0	0
746.471640	0	0
746.521645	0	0
746.571650	0	0
746.621655	0	0
746.671659	0	0
746.721664	0	0
746.771669	0	0
746.821674	0	0
746.871680	0	0
746.921685	0	0
746.971690	0	0
747.021695	0	0
747.071700	0	0
747.121705	0	0
747.171710	0	0
747.221714	0	0
747.271719	0	0
747.321724	0	0
747.371729	0	0
747.421734	0	0
747.471740	0	0
747.521745	0	0
747.571750	0	0
747.621755	0	0
747.671760	0	0
747.721765	0	0
747.771770	0	0
747.821774	0	0
747.871779	0	0
747.921784	0	0
747.971789	0	0
748.021794	0	0
748.071800	0	0
748.121805	0	0
748.171810	0	0
748.221815	0	0
748.271820	0	0
748.321825	0	0
748.371830	0	0
748.421834	0	0
748.471839	0	0
748.521844	0	0
748.571849	0	0
748.621855	0	0
748.671860	0	0
748.721865	0	0
748.771870	0	0
748.821875	0	0
748.871880	0	0
748.921885	0	0
748.971889	0	0
749.021894	0	0
749.071899	0	0
749.121904	0	0
749.171909	0	0
749.221915	0	0
749.271920	0	0
749.321925	0	0
749.371930	0	0
749.421935	0	0
749.471940	0	0
749.521945	0	0
749.571949	0	0
749.621954	0	0
749.671959	0	0
749.721964	0	0
749.771970	0	0
749.821975	0	0
749.871980	0	0
749.921985	0	0
749.971990	0	0
750.021995	0	0
750.072000	0	0
750.122005	0	0
750.172009	0	0
750.222014	0	0
750.272019	0	0
750.322024	0	0
750.372030	0	0
750.422035	0	0
750.472040	0	0
750.522045	0	0
750.572050	0	0
750.622055	0	0
750.672060	0	0
750.722064	0	0
750.772069	0	0
750.822074	0	0
750.872079	0	0
750.922084	0	0
750.972090	0	0
751.022095	0	0
751.072100	0	0
751.122105	0	0
751.172110	0	0
751.222115	0	0
751.272120	0	0
751.322124	0	0
751.372129	0	0
751.422134	0	0
751.472139	0	0
751.522145	0	0
751.572150	0	0
751.622155	0	0
751.672160	0	0
751.722165	0	0
751.772170	0	0
751.822175	0	0
751.872180	0	0
751.922184	0	0
751.972189	0	0
752.022194	0	0
752.072199	0	0
752.122205	0	0
752.172210	0	0
752.222215	0	0
752.272220	0	0
752.322225	0	0
752.372230	0	0
752.422235	0	0
752.472239	0	0
752.522244	0	0
752.572249	0	0
752.622254	0	0
752.672259	0	0
752.722265	0	0
752.772270	0	0
752.822275	0	0
752.872280	0	0
752.922285	0	0
752.972290	0	0
753.022295	0	0
753.072299	0	0
753.122304	0	0
753.172309	0	0
753.222314	0	0
753.272320	0	0
753.322325	0	0
753.372330	0	0
753.422335	0	0
753.472340	0	0
753.522345	0	0
753.572350	0	0
753.622355	0	0
753.672359	0	0
753.722364	0	0
753.772369	0	0
753.822374	0	0
753.872380	0	0
753.922385	0	0
753.972390	0	0
754.022395	0	0
754.072400	0	0
754.122405	0	0
754.172410	0	0
754.222414	0	0
754.272419	0	0
754.322424	0	0
754.372429	0	0
754.422434	0	0
754.472440	0	0
754.522445	0	0
754.572450	0	0
754.622455	0	0
754.672460	0	0
754.722465	0	0
754.772470	0	0
754.822474	0	0
754.872479	0	0
754.929485	0	0
754.995492	0	0
755.022495	0	0
755.072500	0	0
755.122505	0	0
755.172510	0	0
755.222515	0	0
755.272520	0	0
755.322525	0	0
755.372530	0	0
755.422534	0	0
755.472539	0	0
755.522544	0	0
755.572549	0	0
755.622555	0	0
755.672560	0	0
755.722565	0	0
755.772570	0	0
755.822575	0	0
755.872580	0	0
755.922585	0	0
755.972589	0	0
756.022594	0	0
756.072599	0	0
756.122604	0	0
756.172609	0	0
756.222615	0	0
756.272620	0	0
756.322625	0	0
756.372630	0	0
756.422635	0	0
756.472640	0	0
756.522645	0	0
756.572649	0	0
756.622654	0	0
756.672659	0	0
756.722664	0	0
756.772670	0	0
756.822675	0	0
756.872680	0	0
756.922685	0	0
756.972690	0	0
757.022695	0	0
757.072700	0	0
757.122705	0	0
757.172709	0	0
757.222714	0	0
757.272719	0	0
757.322724	0	0
757.372730	0	0
757.422735	0	0
757.472740	0	0
757.522745	0	0
757.572750	0	0
757.622755	0	0
757.672760	0	0
757.722764	0	0
757.772769	0	0
757.822774	0	0
757.872779	0	0
757.922784	0	0
757.972790	0	0
758.022795	0	0
758.072800	0	0
758.122805	0	0
758.172810	0	0
758.222815	0	0
758.272820	0	0
758.322824	0	0
758.372829	0	0
758.422834	0	0
758.472839	0	0
758.522845	0	0
758.572850	0	0
758.622855	0	0
758.672860	0	0
758.722865	0	0
758.772870	0	0
758.822875	0	0
758.872880	0	0
758.922884	0	0
758.972889	0	0
759.022894	0	0
759.072899	0	0
759.122905	0	0
759.172910	0	0
759.222915	0	0
759.272920	0	0
759.322925	0	0
759.372930	0	0
759.422935	0	0
759.472939	0	0
759.522944	0	0
759.572949	0	0
759.622954	0	0
759.672959	0	0
759.722965	0	0
759.772970	0	0
759.822975	0	0
759.872980	0	0
759.922985	0	0
759.972990	0	0
760.022995	0	0
760.072999	0	0
760.123004	0	0
760.173009	0	0
760.223014	0	0
760.273020	0	0
760.323025	0	0
760.373030	0	0
760.423035	0	0
760.473040	0	0
760.523045	0	0
760.573050	0	0
760.623055	0	0
760.672060	0	0
760.722064	0	0
760.772069	0	0
760.822074	0	0
760.872079	0	0
760.922084	0	0
760.972089	0	0
761.022094	0	0
761.072100	0	0
761.122105	0	0
761.172110	0	0
761.222115	0	0
761.272120	0	0
761.322124	0	0
761.372129	0	0
761.422134	0	0
761.472139	0	0
761.522144	0	0
761.572149	0	0
761.622154	0	0
761.672160	0	0
761.722165	0	0
761.772170	0	0
761.822175	0	0
761.872180	0	0
761.922184	0	0
761.972189	0	0
762.022194	0	0
762.072199	0	0
762.122204	0	0
762.172209	0	0
762.222214	0	0
762.272220	0	0
762.322225	0	0
762.372230	0	0
762.422235	0	0
762.472239	0	0
762.522244	0	0
762.572249	0	0
762.622254	0	0
762.672259	0	0
762.722264	0	0
762.772269	0	0
762.822275	0	0
762.872280	0	0
762.922285	0	0
762.972290	0	0
763.022295	0	0
763.072299	0	0
763.122304	0	0
763.172309	0	0
763.222314	0	0
763.272319	0	0
763.322324	0	0
763.372329	0	0
763.422335	0	0
763.472340	0	0
763.522345	0	0
763.572350	0	0
763.622355	0	0
763.672359	0	0
763.722364	0	0
763.772369	0	0
763.822374	0	0
763.872379	0	0
763.922384	0	0
763.972389	0	0
764.022395	0	0
764.072400	0	0
764.122405	0	0
764.172410	0	0
764.222414	0	0
764.272419	0	0
764.322424	0	0
764.372429	0	0
764.422434	0	0
764.472439	0	0
764.522444	0	0
764.572450	0	0
764.622455	0	0
764.672460	0	0
764.722465	0	0
764.772470	0	0
764.822474	0	0
764.872479	0	0
764.926485	0	0
764.972489	0	0
765.022494	0	0
765.072499	0	0
765.122504	0	0
765.172510	0	0
765.222515	0	0
765.272520	0	0
765.322525	0	0
765.372530	0	0
765.422534	0	0
765.472539	0	0
765.522544	0	0
765.572549	0	0
765.622554	0	0
765.672559	0	0
765.722564	0	0
765.772570	0	0
765.822575	0	0
765.872580	0	0
765.922585	0	0
765.972589	0	0
766.022594	0	0
766.072599	0	0
766.122604	0	0
766.172609	0	0
766.222614	0	0
766.272619	0	0
766.322625	0	0
766.372630	0	0
766.422635	0	0
766.472640	0	0
766.522645	0	0
766.572649	0	0
766.622654	0	0
766.672659	0	0
766.722664	0	0
766.772669	0	0
766.822674	0	0
766.872679	0	0
766.922685	0	0
766.972690	0	0
767.022695	0	0
767.072700	0	0
767.122705	0	0
767.172709	0	0
767.222714	0	0
767.272719	0	0
767.322724	0	0
767.372729	0	0
767.422734	0	0
767.472739	0	0
767.522745	0	0
767.572750	0	0
767.622755	0	0
767.672760	0	16
767.722764	0	16
767.772769	0	16
767.822774	0	16
767.872779	0	16
767.922784	0	16
767.972789	0	16
768.022794	0	16
768.072800	0	16
768.122805	0	16
768.172810	0	16
768.222815	0	16
768.272820	0	16
768.322824	0	16
768.372829	0	0
768.422834	0	0
768.472839	0	0
768.522844	0	0
768.572849	0	0
768.622854	0	0
768.672860	0	0
768.722865	0	0
768.772870	0	0
768.822875	0	0
768.872880	0	0
768.922884	0	0
768.972889	0	0
769.022894	0	0
769.072899	0	0
769.122904	0	0
769.172909	0	0
769.222915	0	0
769.272920	0	0
769.322925	0	88
769.372930	0	128
769.422935	0	160
769.472939	0	160
769.522944	0	160
769.572949	0	160
769.622954	0	160
769.672959	0	160
769.722964	0	160
769.772969	0	160
769.822975	0	352
769.872980	0	704
769.922985	0	840
769.972990	0	840
770.022995	0	848
770.072999	0	848
770.123004	0	848
770.173009	0	848
770.223014	0	848
770.273019	0	848
770.323024	0	848
770.373029	0	848
770.423035	0	848
770.473040	0	848
770.523045	0	848
770.573050	0	848
770.623055	0	848
770.673059	0	848
770.723064	0	848
770.773069	0	848
770.823074	0	848
770.873079	0	848
770.923084	0	848
770.973090	0	864
771.023095	0	864
771.073100	0	864
771.123105	0	864
771.173110	0	900
771.223114	0	900
771.273119	0	900
771.323124	0	916
771.373129	0	940
771.423134	0	1020
771.473139	0	1036
771.523144	0	1036
771.573150	0	1036
771.623155	0	1036
771.673160	0	1036
771.723165	0	1036
771.773170	0	1036
771.823174	0	1036
771.873179	0	1036
771.923184	0	1036
771.973189	0	1036
772.023194	0	1036
772.073199	0	1036
772.123204	0	1036
772.173210	0	1036
772.223215	0	1036
772.273220	0	1036
772.323225	0	1036
772.373230	0	1036
772.423234	0	1036
772.473239	0	1036
772.523244	0	1036
772.573249	0	948
772.623254	0	884
772.673259	0	704
772.723265	0	548
772.773270	0	292
772.823275	0	0
772.873280	0	0
772.923285	0	0
772.973289	0	0
773.023294	0	0
773.073299	0	0
773.123304	0	0
773.173309	0	0
773.223314	0	0
773.273319	0	0
773.323325	0	0
773.373330	0	0
773.423335	0	0
773.473340	0	0
773.523345	0	0
773.573349	0	0
773.623354	0	0
773.673359	0	0
773.723364	0	0
773.773369	0	0
773.823374	0	0
773.873379	0	0
773.923385	0	0
773.973390	0	0
774.023395	0	0
774.073400	0	0
774.123405	0	0
774.173409	0	0
774.223414	0	0
774.273419	0	0
774.323424	0	0
774.373429	0	0
774.423434	0	0
774.473440	0	0
774.523445	0	0
774.573450	0	0
774.623455	0	80
774.673460	0	152
774.723464	0	152
774.773469	0	152
774.823474	0	152
774.873479	0	152
774.923484	0	152
774.973489	0	284
775.023494	0	532
775.073500	0	628
775.123505	0	628
775.173510	-132	628
775.223515	-160	628
775.273520	-208	628
775.323524	-292	628
775.373529	-632	628
775.423534	-792	300
775.473539	-1104	0
775.523544	-1228	0
775.573549	-1340	0
775.623554	-1340	0
775.673560	-1340	0
775.723565	-1340	0
775.773570	-1340	0
775.823575	-1264	0
775.873580	-444	0
775.923584	-352	0
775.973589	-312	0
776.023594	-312	0
776.073599	-312	0
776.123604	-312	0
776.173609	-312	0
776.223615	-312	0
776.273620	-312	0
776.323625	-312	964
776.373630	-124	1056
776.423635	-116	1056
776.473639	-116	604
776.523644	-24	0
776.573649	0	0
776.623654	0	0
776.673659	0	0
776.723664	0	0
776.773669	0	0
776.823675	0	0
776.873680	0	104
776.923685	0	340
776.973690	0	384
777.023695	0	416
777.073699	0	456
777.123704	0	556
777.173709	0	620
777.223714	0	800
777.273719	0	864
777.323724	0	924
777.373729	0	988
777.423735	0	988
777.473740	0	988
777.523745	0	1096
777.573750	0	1112
777.623755	0	1160
777.673759	0	1228
777.723764	0	1300
777.773769	0	1400
777.823774	0	1400
777.873779	0	1400
777.923784	0	1400
777.973790	0	1400
778.023795	0	1400
778.073800	0	1400
778.123805	0	1340
778.172809	0	1208
778.222815	0	1208
778.272820	0	1208
778.322824	0	1208
778.372829	0	1208
778.422834	0	1208
778.472839	0	1208
778.522844	0	1208
778.572849	0	1208
778.622854	0	1144
778.672859	0	1036
778.722864	0	1036
778.772870	0	1120
778.822875	0	1120
778.872880	0	1120
778.922884	0	1064
778.972889	0	1064
779.022894	0	1064
779.072899	0	1064
779.122904	0	1064
779.172909	0	1064
779.222914	0	1064
779.272919	0	1064
779.322924	0	1064
779.372930	0	1064
779.422935	0	1064
779.472939	0	1064
779.522944	0	1064
779.572949	0	1064
779.622954	0	1064
779.672959	0	1064
779.722964	0	1064
779.772969	0	1064
779.822974	0	1064
779.872979	0	1064
779.922984	0	1064
779.972990	0	1064
780.022995	0	1064
780.072999	0	1064
780.123004	0	1064
780.173009	0	1064
780.223014	0	1064
780.273019	0	1064
780.323024	0	1064
780.373029	0	1064
780.423034	0	1104
780.473039	0	1152
780.523045	0	1152
780.573050	0	1152
780.623055	0	1152
780.673059	0	1152
780.723064	0	1152
780.773069	0	1152
780.823074	0	1152
780.873079	0	1152
780.923084	0	1152
780.973089	0	1192
781.023094	0	1192
781.073099	0	1192
781.123105	0	1192
781.173110	0	1192
781.223114	0	1192
781.273119	0	1192
781.323124	0	1192
781.373129	0	1192
781.423134	0	1192
781.473139	0	1192
781.523144	0	1192
781.573149	0	1192
781.623154	0	1192
781.673159	0	1192
781.723165	0	1192
781.773170	0	1192
781.823174	0	1192
781.873179	0	1192
781.923184	0	1192
781.973189	0	1192
782.023194	0	1192
782.073199	0	1192
782.123204	0	1192
782.173209	0	1192
782.223214	0	1216
782.273220	0	1364
782.323225	0	1388
782.373230	0	1416
782.423234	0	1424
782.473239	0	1472
782.523244	0	1536
782.573249	0	1536
782.623254	0	1544
782.673259	0	1544
782.723264	0	1560
782.773269	0	1560
782.823274	0	1560
782.873280	0	1560
782.923285	0	1560
782.973289	0	1560
783.023294	0	1560
783.073299	0	1560
783.123304	0	1560
783.173309	0	1560
783.223314	0	1560
783.273319	0	1560
783.323324	0	1560
783.373329	0	1560
783.423334	-672	1768
783.473340	-748	1948
783.523345	-808	2128
783.573349	-824	2156
783.623354	-824	2156
783.673359	-824	2156
783.723364	-824	2156
783.773369	-824	2156
783.823374	-824	2156
783.873379	-824	2156
783.923384	-824	2156
783.973389	-824	2156
784.023395	-824	2280
784.073400	-824	2568
784.123405	-824	2676
784.173409	-824	2784
784.223414	-824	2964
784.273419	-824	3064
784.323424	-824	3148
784.373429	-824	3156
784.423434	-824	3156
784.473439	-824	3156
784.523444	-824	3156
784.573449	-824	3096
784.623455	-824	2748
784.673460	-824	2468
784.723464	-824	1968
784.773469	-40	1512
784.823474	-40	832
784.873479	-40	136
784.924484	-40	0
784.973489	-40	0
785.023494	0	0
785.073499	0	0
785.123504	0	0
785.173509	0	0
785.223515	0	0
785.273520	0	0
785.323524	0	0
785.373529	0	0
785.423534	0	0
785.473539	0	0
785.523544	0	0
785.573549	0	0
785.623554	0	0
785.673559	0	0
785.723564	0	0
785.773570	0	0
785.823575	0	0
785.873580	0	0
785.923584	0	0
785.973589	0	0
786.023594	0	0
786.073599	0	0
786.123604	0	0
786.173609	0	0
786.223614	0	0
786.273619	0	0
786.323624	0	0
786.373630	0	0
786.423635	0	0
786.473639	0	0
786.523644	0	0
786.573649	0	0
786.623654	0	0
786.673659	0	0
786.723664	0	0
786.773669	0	0
786.823674	0	0
786.873679	0	0
786.923684	0	0
786.973690	0	0
787.023695	0	0
787.073699	0	0
787.123704	0	0
787.173709	0	0
787.223714	0	0
787.273719	0	0
787.323724	0	0
787.373729	0	0
787.423734	0	88
787.473739	0	188
787.523745	0	316
787.573750	0	376
787.623755	0	440
787.673759	0	440
787.723764	0	440
787.773769	0	472
787.823774	0	472
787.873779	0	496
787.923784	0	496
787.973789	0	496
788.023794	0	496
788.073799	0	496
788.123805	0	496
788.173810	0	496
788.223814	0	496
788.273819	0	496
788.323824	0	496
788.373829	0	496
788.423834	0	496
788.473839	0	496
788.523844	0	496
788.573849	0	496
788.623854	0	496
788.673859	0	496
788.723865	0	496
788.773870	0	496
788.823874	0	496
788.873879	0	496
788.923884	0	496
788.973889	0	496
789.023894	0	496
789.073899	0	496
789.123904	0	496
789.173909	0	496
789.223914	0	496
789.273920	0	496
789.323925	0	496
789.373930	0	496
789.423934	0	496
789.473939	0	496
789.523944	0	496
789.573949	0	504
789.623954	0	504
789.673959	0	504
789.723964	0	504
789.773969	0	504
789.823974	0	504
789.873980	0	504
789.923985	0	504
789.973989	0	504
790.023994	0	504
790.073999	0	504
790.124004	0	504
790.174009	0	504
790.224014	0	504
790.274019	0	504
790.324024	0	504
790.374029	0	504
790.424035	0	504
790.474040	0	512
790.524045	0	512
790.574049	0	512
790.624054	0	524
790.674059	0	524
790.724064	0	524
790.774069	0	524
790.824074	0	532
790.874079	0	532
790.924084	0	532
790.974089	0	532
791.024095	0	532
791.074100	0	532
791.124104	0	540
791.174109	0	540
791.224114	0	540
791.274119	0	540
791.324124	0	540
791.374129	0	540
791.424134	0	540
791.474139	0	540
791.524144	0	540
791.574149	0	540
791.624155	0	540
791.674160	0	540
791.724164	0	540
791.774169	0	540
791.824174	0	540
791.874179	0	540
791.924184	0	540
791.974189	0	540
792.024194	0	540
792.074199	0	540
792.124204	0	540
792.174210	0	540
792.224215	0	540
792.274220	0	540
792.324224	0	540
792.374229	0	540
792.424234	0	540
792.474239	0	540
792.524244	0	540
792.574249	0	540
792.624254	0	540
792.674259	0	540
792.724264	0	540
792.774270	0	540
792.824275	0	540
792.874279	0	540
792.924284	0	540
792.974289	0	540
793.024294	0	540
793.074299	0	540
793.124304	0	540
793.174309	0	524
793.224314	0	488
793.274319	0	376
793.324324	0	268
793.374330	0	196
793.424335	0	96
793.474339	0	96
793.524344	0	96
793.574349	0	96
793.624354	0	96
793.674359	0	96
793.724364	0	96
793.774369	0	96
793.824374	0	96
793.874379	0	96
793.924385	0	96
793.974390	0	96
794.024395	0	96
794.074399	0	96
794.124404	0	96
794.174409	0	96
794.224414	0	96
794.274419	0	96
794.324424	0	96
794.374429	0	96
794.424434	0	96
794.474439	0	96
794.524445	0	96
794.574450	0	96
794.624454	0	96
794.674459	0	96
794.724464	0	96
794.774469	0	96
794.824474	0	96
794.874479	0	96
794.924484	0	96
794.974489	0	96
795.024494	0	96
795.074499	0	96
795.124505	0	96
795.174510	0	96
795.224514	0	96
795.274519	0	96
795.324524	0	96
795.374529	0	96
795.424534	0	96
795.474539	0	96
795.524544	0	96
795.574549	0	96
795.624554	0	96
795.673559	0	96
795.723564	0	96
795.773569	0	96
795.823574	0	96
795.873579	0	96
795.923584	0	96
795.973589	0	96
796.023594	0	96
796.073599	0	96
796.123604	0	96
796.173609	0	96
796.223614	0	96
796.273619	0	96
796.323624	0	96
796.373629	0	96
796.423634	0	96
796.473639	0	96
796.523644	0	96
796.573649	0	96
796.623654	0	96
796.673659	0	96
796.723664	0	96
796.773669	0	96
796.823674	0	96
796.873679	0	96
796.923684	0	96
796.973689	0	96
797.023694	0	96
797.076700	0	96
797.123704	0	96
797.173709	0	96
797.223714	0	96
797.273719	0	96
797.323724	0	96
797.373729	0	96
797.423734	0	96
797.473739	0	96
797.523744	0	96
797.573749	0	96
797.623754	0	96
797.673759	0	96
797.723764	0	96
797.773769	0	96
797.823774	0	96
797.873779	0	96
797.923784	0	0
797.973789	0	0
798.023794	0	0
798.073799	0	0
798.123804	0	0
798.173809	0	0
798.223814	0	0
798.273819	0	0
798.323824	0	0
798.373829	0	0
798.423834	0	0
798.473839	0	0
798.523844	0	0
798.573849	0	0
798.623854	0	0
798.673859	0	0
798.723864	0	0
798.773869	0	0
798.823874	0	0
798.873879	0	0
798.923884	0	0
798.976890	0	0
799.023894	0	0
799.073899	0	0
799.123904	0	0
799.173909	0	0
799.223914	0	0
799.273919	0	0
799.323924	0	0
799.373929	0	0
799.423934	0	0
799.473939	0	0
799.523944	0	0
799.573949	0	0
799.623954	0	0
799.673959	0	0
799.723964	0	0
799.773969	0	0
799.823974	0	0
799.873979	0	0
799.923984	0	0
799.973989	0	0
800.023994	0	0
800.073999	0	0
800.124004	0	0
800.174009	0	0
800.224014	0	0
800.274019	0	0
800.324024	0	0
800.374029	0	0
800.424034	0	0
800.474039	0	0
800.524044	0	0
800.574049	0	0
800.624054	0	0
800.674059	0	0
800.724064	0	0
800.774069	0	0
800.824074	0	0
800.874079	0	-85
800.924084	0	-145
800.974089	0	-237
801.024094	0	-281
801.074099	0	-317
801.124104	0	-317
801.174109	0	-425
801.224114	0	-505
801.274119	0	-505
801.324124	0	-549
801.374129	0	-613
801.424134	0	-737
801.474139	0	-845
801.524144	0	-933
801.574149	0	-1033
801.624154	0	-1093
801.674159	0	-1229
801.724164	0	-1441
801.774169	0	-1621
801.824174	-324	-1833
801.874179	-324	-1953
801.924184	-324	-1981
801.974189	-324	-1981
802.024194	-324	-2005
802.074199	-324	-2041
802.124204	-324	-2073
802.174209	-324	-2081
802.224214	-336	-2109
802.274219	-356	-2117
802.324224	-356	-2117
802.374229	-356	-2125
802.424234	-356	-2177
802.474239	-356	-2181
802.524244	-356	-2197
802.574249	-356	-2201
802.624254	-356	-2221
802.674259	-356	-2253
802.724264	-356	-2265
802.774269	-364	-2293
802.824274	-388	-2329
802.874279	-400	-2329
802.924284	-404	-2353
802.974289	-428	-2393
803.024294	-480	-2429
803.074299	-516	-2445
803.124304	-528	-2493
803.174309	-556	-2493
803.224314	-580	-2517
803.274319	-596	-2577
803.324324	-612	-2593
803.374329	-640	-2621
803.424334	-660	-2649
803.474339	-672	-2681
803.524344	-676	-2717
803.574349	-684	-2761
803.624354	-716	-2785
803.674359	-720	-2805
803.724364	-720	-2841
803.774369	-720	-2897
803.824374	-736	-2897
803.874379	-744	-2897
803.924384	-744	-2909
803.974389	-764	-2917
804.024394	-764	-2953
804.074399	-764	-2957
804.124404	-764	-3005
804.174409	-780	-3025
804.224414	-780	-3037
804.274419	-780	-3081
804.324424	-796	-3081
804.374429	-796	-3081
804.424434	-796	-3081
804.474439	-796	-3089
804.524444	-804	-3113
804.574449	-804	-3153
804.624454	-804	-3189
804.674459	-804	-3209
804.724464	-804	-3245
804.774469	-820	-3257
804.824474	-840	-3333
804.874479	-872	-3385
804.924484	-872	-3461
804.974489	-892	-3477
805.024494	-928	-3545
805.074499	-944	-3613
805.124504	-960	-3645
805.174509	-1012	-3709
805.224514	-1048	-3753
805.274519	-1060	-3801
805.324524	-1060	-3825
805.374529	-1096	-3889
805.424534	-1116	-3953
805.474539	-1148	-4013
805.524544	-1164	-4053
805.574549	-1192	-4065
805.624554	-1236	-4137
805.674559	-1260	-4205
805.724564	-1280	-4225
805.774569	-1300	-4257
805.824574	-1304	-4345
805.874579	-1324	-4361
805.924584	-1324	-4409
805.974589	-1328	-4425
806.024594	-1348	-4453
806.074599	-1348	-4461
806.124604	-1348	-4477
806.174609	-1348	-4517
806.224614	-1348	-4545
806.274619	-1348	-4545
806.324624	-1348	-4605
806.374629	-1348	-4605
806.424634	-1348	-4629
806.474639	-1348	-4637
806.524644	-1348	-4665
806.574649	-1348	-4673
806.624654	-1360	-4701
806.674659	-1360	-4701
806.724664	-1372	-4713
806.774669	-1372	-4757
806.824674	-1376	-4781
806.874679	-1380	-4781
806.924684	-1396	-4785
806.974689	-1396	-4849
807.024694	-1396	-4857
807.074699	-1396	-4869
807.124704	-1396	-4869
807.174709	-1396	-4869
807.224714	-1396	-4909
807.274719	-1396	-4909
807.324724	-1396	-4909
807.374729	-1396	-4933
807.424734	-1396	-4957
807.474739	-1396	-4957
807.524744	-1396	-4957
807.574749	-1396	-4977
807.624754	-1396	-4977
807.674759	-1396	-4977
807.724764	-1396	-4977
807.774769	-1396	-5013
807.824774	-1396	-5049
807.874779	-1396	-5061
807.924784	-1396	-5073
807.974789	-1404	-5097
808.024794	-1412	-5121
808.075799	-1412	-5145
808.124804	-1416	-5189
808.174809	-1416	-5201
808.224814	-1432	-5209
808.274819	-1432	-5213
808.324824	-1432	-5241
808.374829	-1436	-5265
808.424834	-1456	-5265
808.474839	-1456	-5277
808.524844	-1460	-5277
808.575850	-1460	-5317
808.624854	-1460	-5317
808.674859	-1480	-5317
808.724864	-1480	-5317
808.774869	-1480	-5317
808.824874	-1480	-5317
808.874879	-1480	-5317
808.924884	-1480	-5317
808.974889	-1492	-5317
809.024894	-1492	-5317
809.075899	-1492	-5317
809.124904	-1492	-5317
809.174909	-1496	-5329
809.224914	-1496	-5329
809.274919	-1500	-5329
809.324924	-1500	-5357
809.374929	-1500	-5365
809.424934	-1516	-5393
809.474939	-1520	-5393
809.524944	-1520	-5393
809.575949	-1524	-5393
809.624954	-1524	-5413
809.674959	-1524	-5413
809.724964	-1528	-5413
809.774969	-1548	-5425
809.824974	-1548	-5425
809.874979	-1548	-5433
809.924984	-1548	-5441
809.974989	-1548	-5474
810.024994	-1564	-5482
810.075999	-1564	-5490
810.125004	-1564	-5494
810.175009	-1564	-5494
810.225014	-1564	-5498
810.275019	-1564	-5498
810.325024	-1564	-5514
810.375029	-1564	-5530
810.425034	-1564	-5538
810.475039	-1572	-5570
810.525044	-1572	-5598
810.575049	-1572	-5614
810.625054	-1572	-5618
810.675059	-1576	-5618
810.725064	-1588	-5618
810.775069	-1588	-5618
810.825074	-1588	-5622
810.875079	-1592	-5622
810.925084	-1592	-5622
810.975089	-1592	-5634
811.025094	-1612	-5634
811.076099	-1612	-5634
811.125104	-1612	-5634
811.175109	-1632	-5634
811.225114	-1632	-5634
811.275119	-1632	-5634
811.325124	-1632	-5766
811.375129	-1632	-5810
811.425134	-1668	-5818
811.475139	-1704	-5818
811.525144	-1712	-5818
811.576149	-1732	-5818
811.625154	-1732	-5818
811.675159	-1732	-5818
811.725164	-1732	-5818
811.775169	-1732	-5818
811.825174	-1732	-5826
811.875179	-1732	-5834
811.925184	-1732	-5846
811.975189	-1732	-5846
812.025194	-1732	-5846
812.075199	-1732	-5846
812.125204	-1732	-5846
812.175209	-1732	-5846
812.225214	-1732	-5846
812.275219	-1732	-5846
812.325224	-1732	-5846
812.375229	-1732	-5846
812.425234	-1732	-5846
812.475239	-1732	-5846
812.525244	-1732	-5846
812.575249	-1732	-5846
812.625254	-1732	-5846
812.675259	-1732	-5846
812.725264	-1732	-5846
812.775269	-1732	-5846
812.825274	-1732	-5846
812.875279	-1732	-5846
812.925284	-1732	-5846
812.975289	-1732	-5846
813.025294	-1732	-5846
813.075299	-1732	-5846
813.124304	-1732	-5846
813.174309	-1732	-5846
813.224314	-1732	-5846
813.274319	-1732	-5922
813.324324	-1740	-5970
813.374329	-1748	-5970
813.424334	-1760	-5970
813.474339	-1764	-5978
813.524344	-1792	-6026
813.575349	-1804	-6090
813.624354	-1812	-6130
813.674359	-1812	-6186
813.724364	-1828	-6218
813.774369	-1852	-6270
813.824374	-1876	-6306
813.874379	-1900	-6338
813.924384	-1912	-6338
813.974389	-1940	-6382
814.024394	-1960	-6418
814.075399	-1984	-6470
814.124404	-2024	-6526
814.174409	-2044	-6550
814.224414	-2068	-6578
814.274419	-2068	-6590
814.324424	-2068	-6622
814.374429	-2092	-6622
814.424434	-2092	-6646
814.474439	-2116	-6646
814.524444	-2120	-6658
814.575449	-2120	-6690
814.624454	-2120	-6730
814.674459	-2136	-6754
814.724464	-2136	-6754
814.774469	-2140	-6766
814.824474	-2140	-6794
814.874479	-2140	-6842
814.929485	-2140	-6878
814.974489	-2140	-6878
815.024494	-2144	-6878
815.074499	-2152	-6878
815.124504	-2160	-6890
815.174509	-2168	-6914
815.224514	-2168	-6914
815.274519	-2168	-6914
815.324524	-2172	-6946
815.374529	-2172	-7018
815.424534	-2184	-7086
815.474539	-2212	-7130
815.524544	-2216	-7162
815.575549	-2232	-7214
815.624554	-2244	-7262
815.674559	-2256	-7262
815.724564	-2256	-7274
815.774569	-2256	-7322
815.824574	-2268	-7350
815.874579	-2268	-7370
815.924584	-2272	-7398
815.974589	-2272	-7426
816.024594	-2284	-7474
816.075599	-2284	-7490
816.124604	-2284	-7502
816.174609	-2284	-7542
816.224614	-2284	-7626
816.274619	-2284	-7642
816.324624	-2284	-7690
816.374629	-2284	-7690
816.424634	-2284	-7690
816.474639	-2284	-7690
816.524644	-2284	-7690
816.574649	-2284	-7690
816.624654	-2284	-7690
816.674659	-2284	-7690
816.724664	-2284	-7690
816.774669	-2284	-7690
816.824674	-2284	-7690
816.874679	-2284	-7690
816.924684	-2284	-7690
816.974689	-2284	-7690
817.024694	-2284	-7690
817.074699	-2284	-7690
817.124704	-2284	-7690
817.174709	-2284	-7690
817.224714	-2284	-7690
817.274719	-2284	-7690
817.324724	-2284	-7690
817.374729	-2284	-7690
817.424734	-2284	-7690
817.474739	-2284	-7690
817.524744	-2284	-7690
817.574749	-2284	-7690
817.624754	-2284	-7690
817.674759	-2284	-7690
817.724764	-2284	-7690
817.774769	-2284	-7690
817.824774	-2284	-7690
817.874779	-2284	-7690
817.924784	-2284	-7690
817.974789	-2284	-7690
818.024794	-2284	-7690
818.074799	-2284	-7690
818.124804	-2284	-7690
818.174809	-2284	-7690
818.224814	-2284	-7690
818.274819	-2292	-7690
818.324824	-2300	-7702
818.374829	-2360	-7706
818.424834	-2368	-7714
818.474839	-2392	-7726
818.524844	-2400	-7726
818.574849	-2416	-7758
818.624854	-2416	-7770
818.674859	-2432	-7806
818.724864	-2460	-7806
818.774869	-2464	-7806
818.824874	-2480	-7806
818.874879	-2480	-7806
818.924884	-2480	-7806
818.974889	-2480	-7826
819.024894	-2480	-7858
819.074899	-2480	-7898
819.124904	-2480	-7994
819.174909	-2480	-8214
819.224914	-2504	-8402
819.274919	-2560	-8434
819.324924	-2564	-8466
819.374929	-2564	-8466
819.424934	-2564	-8466
819.474939	-2564	-8514
819.524944	-2564	-8550
819.574949	-2564	-8570
819.624954	-2564	-8590
819.674959	-2564	-8590
819.724964	-2564	-8590
819.774969	-2564	-8590
819.824974	-2564	-8590
819.874979	-2564	-8590
819.924984	-2564	-8590
819.974989	-2564	-8590
820.024994	-2564	-8590
820.074999	-2564	-8590
820.125004	-2564	-8590
820.175009	-2564	-8590
820.225014	-2568	-8590
820.275019	-2568	-8590
820.325024	-2568	-8590
820.375029	-2576	-8590
820.425034	-2588	-8590
820.475039	-2600	-8590
820.525044	-2616	-8590
820.575049	-2616	-8582
820.625054	-2616	-8542
820.675059	-2624	-8526
820.725064	-2632	-8510
820.775069	-2644	-8490
820.825074	-2644	-8482
820.875079	-2664	-8482
820.925084	-2668	-8470
820.975089	-2676	-8442
821.025094	-2676	-8442
821.075099	-2676	-8442
821.125104	-2676	-8442
821.175109	-2692	-8442
821.225114	-2692	-8442
821.275119	-2720	-8442
821.325124	-2720	-8442
821.375129	-2732	-8442
821.425134	-2756	-8446
821.475139	-2804	-8510
821.525144	-2804	-8534
821.575149	-2820	-8546
821.625154	-2820	-8586
821.675159	-2820	-8634
821.725164	-2832	-8718
821.775169	-2856	-8814
821.825174	-2856	-9058
821.875179	-2892	-9170
821.925184	-2932	-9270
821.975189	-3028	-9650
822.025194	-3416	-10030
822.075199	-3628	-10354
822.125204	-3656	-10458
822.175209	-3656	-10466
822.225214	-3656	-10470
822.275219	-3656	-10502
822.325224	-3656	-10542
822.375229	-3656	-10542
822.425234	-3656	-10542
822.475239	-3656	-10566
822.525244	-3656	-10630
822.575249	-3656	-10690
822.625254	-3656	-10722
822.675259	-3656	-10762
822.725264	-3656	-10794
822.775269	-3656	-10834
822.825274	-3656	-11483
822.875279	-3760	-11927
822.925284	-3760	-11967
822.975289	-3760	-12039
823.025294	-3760	-12063
823.075299	-3760	-12063
823.125304	-3760	-12063
823.175309	-3760	-12091
823.225314	-3760	-12127
823.275319	-3760	-12171
823.325324	-3760	-12171
823.375329	-3760	-12171
823.425334	-3760	-12171
823.475339	-3760	-12171
823.525344	-3760	-12171
823.575349	-3760	-12171
823.625354	-3760	-12171
823.675359	-3760	-12171
823.725364	-3760	-12171
823.775369	-3760	-12171
823.825374	-3760	-12171
823.875379	-3760	-12171
823.925384	-3760	-12171
823.975389	-3760	-12171
824.025394	-3760	-12171
824.075399	-3760	-12171
824.125404	-3760	-12171
824.175409	-3760	-12139
824.225414	-3760	-12055
824.275419	-3760	-12051
824.325424	-3760	-11987
824.375429	-3760	-11891
824.425434	-3760	-11883
824.475439	-3760	-11883
824.525444	-3760	-11883
824.575449	-3760	-11863
824.625454	-3764	-11835
824.675459	-3764	-11811
824.725464	-3764	-11807
824.775469	-3764	-11807
824.825474	-3764	-11751
824.875479	-3764	-11711
824.925484	-3764	-11683
824.975489	-3764	-11643
825.025494	-3764	-11643
825.075499	-3764	-11643
825.125504	-3764	-11643
825.175509	-3764	-11643
825.225514	-3764	-11643
825.275519	-3764	-11643
825.325524	-3764	-11643
825.375529	-3764	-11643
825.425534	-3764	-11643
825.475539	-3764	-11643
825.525544	-3764	-11643
825.575549	-3764	-11643
825.625554	-3764	-11643
825.675559	-3764	-11643
825.725564	-3764	-11643
825.775569	-3764	-11643
825.825574	-3764	-11643
825.875579	-3764	-11643
825.925584	-3764	-11643
825.975589	-3768	-11643
826.025594	-3768	-11643
826.075599	-3768	-11643
826.125599	-3768	-11643
826.175599	-3768	-11643
826.225599	-3768	-11643
826.275599	-3768	-11643
826.325599	-3768	-11643
826.375599	-3768	-11643
826.425599	-3768	-11643
826.475599	-3768	-11643
826.525599	-3768	-11643
826.575599	-3768	-11643
826.625599	-3768	-11643
826.675599	-3768	-11643
826.725599	-3772	-11643
826.775599	-3772	-11643
826.825599	-3772	-11643
826.875599	-3772	-11643
826.925599	-3772	-11643
826.975599	-3772	-11643
827.025599	-3772	-11643
827.075599	-3772	-11643
827.125599	-3772	-11643
827.175599	-3772	-11643
827.225599	-3772	-11643
827.275599	-3772	-11643
827.325599	-3772	-11643
827.375599	-3772	-11643
827.425599	-3772	-11643
827.475599	-3772	-11643
827.525599	-3772	-11643
827.575599	-3772	-11643
827.625599	-3772	-11643
827.675599	-3772	-11643
827.725599	-3772	-11643
827.775599	-3772	-11643
827.825599	-3772	-11643
827.875599	-3772	-11643
827.925599	-3772	-11643
827.975599	-3772	-11643
828.025599	-3772	-11643
828.075599	-3772	-11643
828.125599	-3772	-11643
828.175599	-3772	-11643
828.225599	-3772	-11643
828.275599	-3772	-11643
828.325599	-3772	-11643
828.375599	-3772	-11643
828.425599	-3772	-11643
828.475599	-3772	-11643
828.525599	-3772	-11643
828.575599	-3772	-11643
828.625599	-3772	-11643
828.675599	-3772	-11643
828.725599	-3772	-11643
828.775599	-3772	-11643
828.825599	-3772	-11643
828.875599	-3772	-11643
828.925599	-3772	-11643
828.975599	-3772	-11643
829.025599	-3772	-11643
829.075599	-3772	-11643
829.125599	-3772	-11643
829.175599	-3772	-11643
829.225599	-3788	-11643
829.275599	-3788	-11643
829.325599	-3788	-11643
829.375599	-3788	-11643
829.425599	-3788	-11643
829.475599	-3788	-11643
829.525599	-3788	-11643
829.575599	-3788	-11643
829.625599	-3788	-11643
829.675599	-3788	-11643
829.725599	-3788	-11643
829.775599	-3788	-11643
829.825599	-3788	-11643
829.875599	-3788	-11643
829.925599	-3788	-11643
829.975599	-3788	-11643
830.025599	-3788	-11643
830.075599	-3788	-11643
830.125599	-3788	-11643
830.175599	-3788	-11643
830.225599	-3788	-11643
830.275599	-3788	-11643
830.325599	-3792	-11643
830.375599	-3792	-11643
830.425599	-3792	-11643
830.475599	-3792	-11643
830.525599	-3792	-11643
830.575599	-3792	-11643
830.624599	-3792	-11643
830.674599	-3792	-11643
830.724599	-3792	-11643
830.774599	-3792	-11643
830.824599	-3792	-11643
830.874599	-3792	-11643
830.924599	-3792	-11643
830.974599	-3792	-11643
831.024599	-3792	-11643
831.074599	-3792	-11643
831.124599	-3792	-11647
831.174599	-3792	-11711
831.224599	-3792	-11727
831.274599	-3792	-11791
831.324599	-3792	-11831
831.374599	-3792	-11851
831.424599	-3792	-11883
831.474599	-3792	-11943
831.524599	-3792	-11991
831.574599	-3792	-12347
831.624599	-3928	-13087
831.674599	-4168	-13679
831.724599	-4260	-13767
831.774599	-4260	-13767
831.824599	-4260	-13779
831.874599	-4260	-13779
831.924599	-4260	-13779
831.974599	-4260	-13779
832.024599	-4260	-13779
832.074599	-4260	-13779
832.124599	-4260	-13779
832.174599	-4260	-13779
832.224599	-4260	-13779
832.274599	-4260	-13779
832.324599	-4260	-13779
832.374599	-4260	-13779
832.424599	-4260	-13779
832.474599	-4252	-13639
832.524599	-4124	-13639
832.574599	-4104	-13639
832.624599	-3988	-13639
832.674599	-3964	-13639
832.724599	-3916	-13607
832.774599	-3848	-13603
832.824599	-3800	-13591
832.874599	-3724	-13583
832.924599	-3684	-13527
832.974599	-3648	-13527
833.024599	-3616	-13527
833.074599	-3616	-13527
833.124599	-3608	-13527
833.174599	-3608	-13527
833.224599	-3608	-13527
833.274599	-3608	-13527
833.324599	-3608	-13527
833.374599	-3608	-13527
833.424599	-3608	-13527
833.474599	-3608	-13527
833.524599	-3608	-13527
833.574599	-3608	-13527
833.624599	-3608	-13527
833.674599	-3608	-13527
833.724599	-3608	-13527
833.774599	-3608	-13527
833.824599	-3608	-13527
833.874599	-3608	-13527
833.924599	-3608	-13527
833.974599	-3608	-13527
834.024599	-3608	-13527
834.074599	-3608	-13527
834.124599	-3608	-13527
834.174599	-3608	-13527
834.224599	-3608	-13527
834.274599	-3608	-13527
834.324599	-3608	-13527
834.374599	-3608	-13527
834.424599	-3608	-13527
834.474599	-3608	-13527
834.524599	-3608	-13527
834.574599	-3608	-13527
834.624599	-3608	-13527
834.674599	-3608	-13527
834.724599	-3608	-13527
834.774599	-3608	-13527
834.824599	-3608	-13527
834.874599	-3608	-13527
834.924599	-3608	-13527
834.974599	-3608	-13527
835.024599	-3608	-13527
835.074599	-3608	-13527
835.124599	-3608	-13527
835.174599	-3608	-13527
835.224599	-3608	-13527
835.274599	-3608	-13527
835.324599	-3608	-13527
835.374599	-3608	-13527
835.424599	-3608	-13527
835.474599	-3608	-13527
835.524599	-3608	-13527
835.574599	-3608	-13527
835.624599	-3608	-13527
835.674599	-3608	-13527
835.724599	-3608	-13527
835.774599	-3608	-13527
835.824599	-3608	-13527
835.874599	-3608	-13527
835.924599	-3608	-13527
835.974599	-3608	-13527
836.024599	-3608	-13527
836.074599	-3608	-13527
836.124599	-3608	-13527
836.174599	-3608	-13527
836.224599	-3608	-13527
836.274599	-3608	-13527
836.324599	-3608	-13527
836.374599	-3608	-13527
836.424599	-3608	-13527
836.474599	-3608	-13527
836.524599	-3608	-13527
836.574599	-3608	-13527
836.624599	-3608	-13527
836.674599	-3608	-13527
836.724599	-3608	-13527
836.774599	-3608	-13527
836.824599	-3608	-13527
836.874599	-3608	-13527
836.924599	-3608	-13527
836.992599	-3608	-13527
837.024599	-3608	-13527
837.074599	-3608	-13527
837.124599	-3608	-13527
837.174599	-3608	-13527
837.224599	-3608	-13527
837.274599	-3608	-13527
837.324599	-3608	-13527
837.374599	-3608	-13527
837.424599	-3608	-13527
837.474599	-3608	-13527
837.524599	-3608	-13527
837.574599	-3608	-13539
837.624599	-3608	-13551
837.674599	-3608	-13567
837.724599	-3608	-13603
837.774599	-3608	-13659
837.824599	-3608	-13699
837.874599	-3608	-14539
837.924599	-3704	-15179
837.974599	-3768	-15275
838.024599	-3768	-15275
838.074599	-3768	-15275
838.124599	-3768	-15275
838.174599	-3768	-15227
838.224599	-3768	-15227
838.274599	-3768	-15227
838.324599	-3768	-15227
838.374599	-3768	-15227
838.424599	-3768	-15227
838.474599	-3768	-15227
838.524599	-3768	-15227
838.574599	-3768	-15227
838.624599	-3768	-15227
838.674599	-3768	-15227
838.724599	-3768	-15227
838.774599	-3768	-15227
838.824599	-3768	-15227
838.874599	-3768	-15227
838.924599	-3768	-15227
838.974599	-3768	-15227
839.024599	-3768	-15227
839.074599	-3768	-15227
839.124599	-3768	-15227
839.174599	-3768	-15227
839.224599	-3768	-15227
839.274599	-3768	-15227
839.324599	-3768	-15227
839.374599	-3768	-15227
839.424599	-3768	-15227
839.474599	-3768	-15227
839.524599	-3768	-15227
839.574599	-3768	-15227
839.624599	-3768	-15227
839.674599	-3768	-15227
839.724599	-3768	-15227
839.774599	-3768	-15227
839.824599	-3768	-15227
839.874599	-3768	-15227
839.924599	-3768	-15227
839.974599	-3768	-15227
840.024599	-3768	-15227
840.074599	-3768	-15227
840.124599	-3768	-15227
840.174599	-3768	-15227
840.224599	-3768	-15227
840.274599	-3768	-15227
840.324599	-3768	-15227
840.374599	-3768	-15227
840.424599	-3768	-15227
840.474599	-3768	-15227
840.524599	-3768	-15227
840.574599	-3768	-15227
840.624599	-3768	-15227
840.674599	-3768	-15227
840.724599	-3768	-15227
840.774599	-3768	-15227
840.824599	-3768	-15227
840.874599	-3768	-15227
840.924599	-3768	-15227
840.974599	-3768	-15227
841.024599	-3768	-15227
841.074599	-3768	-15227
841.124599	-3768	-15227
841.174599	-3768	-15227
841.224599	-3768	-15227
841.274599	-3768	-15227
841.324599	-3768	-15227
841.374599	-3768	-15227
841.424599	-3768	-15227
841.474599	-3768	-15227
841.524599	-3768	-15227
841.574599	-3768	-15227
841.624599	-3768	-15227
841.674599	-3768	-15227
841.724599	-3768	-15227
841.774599	-3768	-15227
841.824599	-3768	-15207
841.874599	-3768	-15187
841.924599	-3768	-15167
841.974599	-3768	-15167
842.024599	-3768	-15167
842.074599	-3768	-15159
842.124599	-3780	-15159
842.174599	-3780	-15155
842.224599	-3780	-15111
842.274599	-3780	-15079
842.324599	-3780	-15027
842.374599	-3780	-14951
842.424599	-3780	-14895
842.474599	-3780	-14883
842.524599	-3784	-14859
842.574599	-3784	-14795
842.624599	-3792	-14739
842.674599	-3792	-14659
842.724599	-3792	-14659
842.774599	-3792	-14587
842.824599	-3792	-14555
842.874599	-3792	-14539
842.924599	-3792	-14519
842.974599	-3792	-14511
843.024599	-3796	-14471
843.074599	-3796	-14471
843.124599	-3800	-14455
843.174599	-3800	-14447
843.224599	-3800	-14447
843.274599	-3808	-14447
843.324599	-3808	-14447
843.374599	-3816	-14447
843.424599	-3816	-14447
843.474599	-3816	-14447
843.524599	-3820	-14447
843.574599	-3820	-14447
843.624599	-3820	-14447
843.674599	-3820	-14447
843.724599	-3848	-14463
843.774599	-3852	-14503
843.824599	-3852	-14503
843.874599	-3852	-14503
843.924599	-3864	-14503
843.974599	-3864	-14503
844.024599	-3864	-14503
844.074599	-3864	-14503
844.124599	-3864	-14503
844.174599	-3864	-14503
844.224599	-3864	-14503
844.274599	-3864	-14503
844.324599	-3864	-14503
844.374599	-3864	-14503
844.424599	-3864	-14503
844.474599	-3864	-14503
844.524599	-3864	-14503
844.574599	-3864	-14503
844.624599	-3864	-14503
844.674599	-3864	-14503
844.724599	-3864	-14503
844.774599	-3864	-14503
844.824599	-3864	-14503
844.874599	-3864	-14503
844.924599	-3864	-14503
844.974599	-3864	-14503
845.024599	-3864	-14503
845.074599	-3864	-14503
845.124599	-3864	-14503
845.174599	-3864	-14503
845.224599	-3864	-14503
845.274599	-3864	-14503
845.324599	-3864	-14503
845.374599	-3864	-14503
845.424599	-3864	-14503
845.474599	-3864	-14503
845.524599	-3864	-14503
845.574599	-3864	-14503
845.624599	-3864	-14503
845.674599	-3864	-14503
845.724599	-3864	-14503
845.774599	-3864	-14503
845.824599	-3864	-14503
845.874599	-3864	-14503
845.924599	-3864	-14503
845.974599	-3864	-14503
846.024599	-3864	-14503
846.074599	-3864	-14503
846.124599	-3864	-14503
846.174599	-3864	-14503
846.224599	-3864	-14503
846.274599	-3864	-14503
846.324599	-3864	-14503
846.374599	-3864	-14503
846.424599	-3864	-14503
846.474599	-3864	-14503
846.524599	-3864	-14503
846.574599	-3864	-14503
846.624599	-3864	-14503
846.674599	-3864	-14503
846.724599	-3864	-14503
846.774599	-3864	-14503
846.824599	-3864	-14503
846.874599	-3864	-14503
846.924599	-3864	-14503
846.974599	-3864	-14503
847.024599	-3864	-14503
847.074599	-3888	-14503
847.124599	-3888	-14503
847.174599	-3888	-14503
847.224599	-3888	-14503
847.274599	-3888	-14503
847.324599	-3888	-14503
847.374599	-3888	-14503
847.424599	-3888	-14503
847.474599	-3888	-14503
847.524599	-3888	-14503
847.574599	-3888	-14503
847.624599	-3888	-14503
847.674599	-3888	-14503
847.724599	-3888	-14503
847.774599	-3888	-14503
847.824599	-3888	-14503
847.874599	-3888	-14503
847.924599	-3888	-14503
847.974599	-3888	-14503
848.024599	-3888	-14503
848.074599	-3888	-14503
848.123599	-3888	-14503
848.173599	-3888	-14503
848.223599	-3888	-14503
848.273599	-3888	-14503
848.323599	-3888	-14503
848.373599	-3888	-14503
848.423599	-3888	-14503
848.473599	-3888	-14503
848.523599	-3888	-14503
848.573599	-3888	-14503
848.623599	-3888	-14503
848.673599	-3888	-14503
848.723599	-3888	-14503
848.773599	-3888	-14503
848.823599	-3888	-14503
848.873599	-3888	-14503
848.923599	-3888	-14503
848.973599	-3888	-14459
849.023599	-3888	-14459
849.073599	-3888	-14419
849.123599	-3888	-14355
849.173599	-3888	-14355
849.223599	-3888	-14355
849.273599	-3888	-14355
849.323599	-3888	-14355
849.373599	-3888	-14351
849.423599	-3888	-14351
849.473599	-3888	-14343
849.523599	-3888	-14343
849.573599	-3888	-14343
849.623599	-3888	-14331
849.673599	-3888	-14307
849.723599	-3888	-14291
849.773599	-3888	-14267
849.823599	-3888	-14267
849.873599	-3888	-14267
849.923599	-3888	-14267
849.973599	-3888	-14227
850.023599	-3888	-14227
850.073599	-3888	-14227
850.123599	-3888	-14207
850.173599	-3888	-14207
850.223599	-3888	-14207
850.273599	-3888	-14207
850.323599	-3888	-14187
850.373599	-3888	-14151
850.423599	-3888	-14151
850.473599	-3888	-14151
850.523599	-3888	-14151
850.573599	-3888	-14123
850.623599	-3888	-14103
850.673599	-3888	-14099
850.723599	-3888	-14083
850.773599	-3888	-14083
850.823599	-3888	-14083
850.873599	-3888	-14063
850.923599	-3888	-14047
850.973599	-3888	-14015
851.023599	-3888	-14015
851.073599	-3888	-14015
851.123599	-3888	-14015
851.173599	-3888	-14015
851.223599	-3888	-14015
851.273599	-3888	-14015
851.323599	-3888	-13995
851.373599	-3888	-13995
851.423599	-3888	-13995
851.473599	-3888	-13995
851.523599	-3888	-13995
851.573599	-3888	-13995
851.623599	-3888	-13995
851.673599	-3888	-13995
851.723599	-3888	-13995
851.773599	-3888	-13995
851.823599	-3892	-13995
851.873599	-3892	-13995
851.923599	-3892	-13995
851.973599	-3892	-13995
852.023599	-3892	-13995
852.073599	-3892	-13995
852.123599	-3900	-13995
852.173599	-3900	-13995
852.223599	-3900	-13995
852.273599	-3900	-13995
852.323599	-3900	-13995
852.373599	-3900	-13995
852.423599	-3900	-13995
852.473599	-3908	-13995
852.523599	-3908	-13995
852.573599	-3908	-13995
852.623599	-3908	-13995
852.673599	-3908	-13995
852.723599	-3908	-13995
852.773599	-3908	-13995
852.823599	-3912	-13995
852.873599	-3912	-13995
852.923599	-3916	-13995
852.973599	-3916	-13995
853.023599	-3916	-13995
853.073599	-3916	-13995
853.123599	-3920	-13995
853.173599	-3920	-13995
853.223599	-3920	-13995
853.273599	-3920	-13995
853.323599	-3944	-13995
853.373599	-3944	-13995
853.423599	-3944	-13995
853.473599	-3944	-13995
853.523599	-3944	-13995
853.573599	-3944	-13995
853.623599	-3944	-13995
853.673599	-3944	-13995
853.723599	-3944	-13995
853.773599	-3944	-13927
853.823599	-3944	-13911
853.873599	-3944	-13911
853.923599	-3944	-13911
853.973599	-3968	-13911
854.023599	-3968	-13911
854.073599	-3968	-13911
854.123599	-3968	-13911
854.173599	-3968	-13911
854.223599	-3984	-13911
854.273599	-3984	-13911
854.323599	-3984	-13911
854.373599	-3984	-13911
854.423599	-3984	-13911
854.473599	-3984	-13911
854.523599	-3984	-13911
854.573599	-3984	-14611
854.623599	-3984	-14823
854.673599	-3984	-14823
854.723599	-3984	-14847
854.773599	-3984	-14847
854.823599	-3984	-14847
854.873599	-3984	-14847
854.926599	-3984	-14895
854.973599	-3984	-14895
855.023599	-3984	-14895
855.073599	-3984	-14895
855.123599	-3984	-14895
855.173599	-3984	-14895
855.223599	-3984	-14895
855.273599	-3984	-14895
855.323599	-3984	-14895
855.373599	-3984	-14895
855.423599	-3984	-14895
855.473599	-3984	-14895
855.523599	-3984	-14895
855.573599	-3984	-14895
855.623599	-3984	-14895
855.673599	-3984	-14895
855.723599	-3984	-14895
855.773599	-3984	-14895
855.823599	-3984	-14895
855.873599	-3984	-14895
855.923599	-3984	-14895
855.973599	-3984	-15179
856.023599	-4064	-15427
856.073599	-4076	-15507
856.123599	-4076	-15535
856.173599	-4076	-15571
856.223599	-4076	-15571
856.273599	-4076	-15571
856.323599	-4080	-15571
856.373599	-4080	-15571
856.423599	-4080	-15583
856.473599	-4080	-15583
856.523599	-4080	-15583
856.573599	-4080	-15583
856.623599	-4080	-15583
856.673599	-4080	-15583
856.723599	-4080	-15583
856.773599	-4080	-15583
856.823599	-4080	-15583
856.873599	-4080	-15583
856.923599	-4084	-15583
856.973599	-4084	-15583
857.023599	-4084	-15559
857.073599	-4084	-15295
857.123599	-4084	-15119
857.173599	-4084	-14959
857.223599	-4084	-14895
857.273599	-4084	-14839
857.323599	-4084	-14835
857.373599	-4084	-14819
857.423599	-4084	-14819
857.473599	-4084	-14799
857.523599	-4084	-14771
857.573599	-4084	-14771
857.623599	-4084	-14759
857.673599	-4084	-14707
857.723599	-4084	-14707
857.773599	-4084	-14707
857.823599	-4084	-14707
857.873599	-4084	-14707
857.923599	-4084	-14703
857.973599	-4084	-14695
858.023599	-4084	-14635
858.073599	-4084	-14635
858.123599	-4084	-14611
858.173599	-4084	-14555
858.223599	-4084	-14499
858.273599	-4084	-14479
858.323599	-4084	-14459
858.373599	-4084	-14387
858.423599	-4084	-14351
858.473599	-4084	-14319
858.523599	-4084	-14311
858.573599	-4084	-14299
858.623599	-4084	-14275
858.673599	-4084	-14263
858.723599	-4084	-14235
858.773599	-4084	-14235
858.823599	-4084	-14235
858.873599	-4084	-14235
858.923599	-4084	-14235
858.973599	-4084	-14235
859.023599	-4084	-14235
859.073599	-4084	-14235
859.123599	-4084	-14235
859.173599	-4084	-14235
859.223599	-4084	-14235
859.273599	-4084	-14235
859.323599	-4084	-14235
859.373599	-4084	-14235
859.423599	-4084	-14235
859.473599	-4084	-14235
859.523599	-4084	-14235
859.573599	-4084	-14235
859.623599	-4084	-14235
859.673599	-4084	-14223
859.723599	-4084	-14223
859.773599	-4084	-14215
859.823599	-4084	-14195
859.873599	-4084	-14195
859.923599	-4084	-14163
859.973599	-4084	-14147
860.023599	-4084	-14135
860.073599	-4084	-14131
860.123599	-4084	-14111
860.173599	-4084	-14099
860.223599	-4084	-14059
860.273599	-4084	-14059
860.323599	-4084	-14055
860.373599	-4084	-14023
860.423599	-4084	-14023
860.473599	-4084	-14023
860.523599	-4084	-14023
860.573599	-4084	-14023
860.623599	-4084	-14023
860.673599	-4084	-14007
860.723599	-4084	-14007
860.773599	-4084	-13971
860.823599	-4084	-13959
860.873599	-4084	-13939
860.923599	-4084	-13939
860.973599	-4084	-13931
861.023599	-4084	-13931
861.073599	-4084	-13931
861.123599	-4084	-13931
861.173599	-4084	-13931
861.223599	-4084	-13931
861.273599	-4084	-13931
861.323599	-4084	-13931
861.373599	-4084	-13931
861.423599	-4084	-13931
861.473599	-4084	-13931
861.523599	-4084	-13931
861.573599	-4084	-13931
861.623599	-4084	-13931
861.673599	-4084	-13931
861.723599	-4084	-13931
861.773599	-4084	-13931
861.823599	-4084	-13931
861.873599	-4084	-13947
861.923599	-4084	-13947
861.973599	-4084	-13975
862.023599	-4084	-13979
862.073599	-4084	-13999
862.123599	-4084	-14011
862.173599	-4084	-14011
862.223599	-4084	-14039
862.273599	-4084	-14047
862.323599	-4084	-14063
862.373599	-4084	-14103
862.423599	-4084	-14111
862.473599	-4084	-14131
862.523599	-4084	-14163
862.573599	-4084	-14199
862.623599	-4084	-14223
862.673599	-4084	-14223
862.723599	-4084	-14223
862.773599	-4084	-14223
862.823599	-4084	-14223
862.873599	-4084	-14223
862.923599	-4084	-14223
862.973599	-4084	-14223
863.023599	-4084	-14223
863.073599	-4084	-14223
863.123599	-4084	-14223
863.173599	-4084	-14223
863.223599	-4084	-14223
863.273599	-4084	-14223
863.323599	-4084	-14223
863.373599	-4084	-14223
863.423599	-4084	-14223
863.473599	-4084	-14223
863.523599	-4084	-14223
863.573599	-4084	-14223
863.623599	-4084	-14223
863.673599	-4084	-14223
863.723599	-4084	-14223
863.773599	-4084	-14223
863.823599	-4084	-14223
863.873599	-4084	-14239
863.923599	-4084	-14239
863.973599	-4084	-14239
864.023599	-4084	-14239
864.073599	-4084	-14239
864.123599	-4084	-14239
864.173599	-4084	-14239
864.223599	-4084	-14239
864.273599	-4084	-14239
864.323599	-4084	-14239
864.373599	-4084	-14239
864.423599	-4084	-14239
864.473599	-4084	-14239
864.523599	-4084	-14239
864.573599	-4084	-14239
864.623599	-4084	-14239
864.673599	-4084	-14239
864.723599	-4084	-14239
864.773599	-4084	-14239
864.823599	-4084	-14239
864.873599	-4084	-14239
864.924599	-4084	-14239
864.973599	-4084	-14239
865.023599	-4084	-14239
865.073599	-4084	-14239
865.123599	-4084	-14267
865.173599	-4084	-14291
865.223599	-4084	-14307
865.273599	-4084	-14307
865.323599	-4084	-14307
865.373599	-4084	-14307
865.423599	-4084	-14307
865.473599	-4084	-14307
865.523599	-4084	-14307
865.572599	-4084	-14307
865.622599	-4084	-14307
865.672599	-4084	-14307
865.722599	-4084	-14307
865.772599	-4084	-14307
865.822599	-4084	-14307
865.872599	-4084	-14307
865.922599	-4084	-14307
865.972599	-4084	-14307
866.022599	-4084	-14307
866.072599	-4084	-14339
866.122599	-4084	-14339
866.172599	-4084	-14339
866.222599	-4084	-14347
866.272599	-4084	-14347
866.322599	-4084	-14347
866.372599	-4084	-14359
866.422599	-4084	-14359
866.472599	-4084	-14395
866.522599	-4084	-14395
866.572599	-4084	-14399
866.622599	-4084	-14399
866.672599	-4084	-14399
866.722599	-4084	-14419
866.772599	-4084	-14419
866.822599	-4084	-14419
866.872599	-4084	-14419
866.922599	-4084	-14419
866.972599	-4084	-14419
867.022599	-4084	-14419
867.072599	-4084	-14419
867.122599	-4084	-14419
867.172599	-4084	-14419
867.222599	-4084	-14419
867.272599	-4084	-14419
867.322599	-4084	-14419
867.372599	-4084	-14419
867.422599	-4084	-14419
867.472599	-4084	-14419
867.522599	-4084	-14419
867.572599	-4084	-14419
867.622599	-4084	-14419
867.672599	-4084	-14419
867.722599	-4084	-14419
867.772599	-4084	-14419
867.822599	-4084	-14419
867.872599	-4084	-14419
867.922599	-4084	-14419
867.972599	-4084	-14419
868.022599	-4084	-14419
868.072599	-4084	-14419
868.122599	-4084	-14419
868.172599	-4084	-14419
868.222599	-4084	-14419
868.272599	-4084	-14419
868.322599	-4084	-14419
868.372599	-4084	-14419
868.422599	-4084	-14419
868.472599	-4084	-14419
868.522599	-4084	-14419
868.572599	-4084	-14419
868.622599	-4084	-14419
868.672599	-4084	-14419
868.722599	-4084	-14415
868.772599	-4084	-14415
868.822599	-4084	-14407
868.872599	-4084	-14315
868.922599	-4084	-14247
868.972599	-4084	-14227
869.022599	-4084	-14227
869.072599	-4084	-14227
869.122599	-4084	-14227
869.172599	-4084	-14227
869.222599	-4084	-14227
869.272599	-4084	-14227
869.322599	-4084	-14227
869.372599	-4084	-14227
869.422599	-4084	-14227
869.472599	-4084	-14227
869.522599	-4084	-14227
869.572599	-4084	-14227
869.622599	-4084	-14227
869.672599	-4084	-14227
869.722599	-4084	-14227
869.772599	-4084	-14227
869.822599	-4084	-14227
869.872599	-4084	-14227
869.922599	-4084	-14227
869.972599	-4084	-14227
870.022599	-4084	-14227
870.072599	-4084	-14227
870.122599	-4084	-14227
870.172599	-4084	-14227
870.222599	-4084	-14227
870.272599	-4084	-14227
870.322599	-4084	-14227
870.372599	-4084	-14227
870.422599	-4084	-14227
870.472599	-4084	-14227
870.522599	-4084	-14247
870.572599	-4084	-14279
870.622599	-4084	-14303
870.672599	-4084	-14311
870.722599	-4084	-14323
870.772599	-4084	-14323
870.822599	-4084	-14323
870.872599	-4084	-14323
870.922599	-4084	-14379
870.972599	-4084	-14383
871.022599	-4084	-14423
871.072599	-4084	-14511
871.122599	-4084	-14607
871.172599	-4084	-14659
871.222599	-4084	-14743
871.272599	-4084	-14839
871.322599	-4084	-14943
871.372599	-4084	-14955
871.422599	-4084	-14971
871.472599	-4084	-14995
871.522599	-4084	-14995
871.572599	-4084	-14995
871.622599	-4084	-14995
871.672599	-4084	-14995
871.722599	-4084	-14995
871.772599	-4084	-14999
871.822599	-4084	-15031
871.872599	-4084	-15075
871.922599	-4084	-15075
871.972599	-4084	-15111
872.022599	-4084	-15143
872.072599	-4084	-15187
872.122599	-4084	-15195
872.172599	-4084	-15231
872.222599	-4084	-15231
872.272599	-4084	-15263
872.322599	-4084	-15267
872.372599	-4084	-15311
872.422599	-4084	-15323
872.472599	-4084	-15351
872.522599	-4084	-15371
872.572599	-4084	-15411
872.622599	-4084	-15427
872.672599	-4084	-15427
872.722599	-4084	-15431
872.772599	-4084	-15431
872.822599	-4084	-15431
872.872599	-4084	-15431
872.922599	-4084	-15431
872.972599	-4084	-15431
873.022599	-4084	-15431
873.072599	-4084	-15431
873.122599	-4084	-15431
873.172599	-4084	-15431
873.222599	-4084	-15431
873.272599	-4084	-15431
873.322599	-4084	-15431
873.372599	-4084	-15431
873.422599	-4084	-15431
873.472599	-4084	-15431
873.522599	-4084	-15431
873.572599	-4084	-15431
873.622599	-4084	-15431
873.672599	-4084	-15431
873.722599	-4084	-15431
873.772599	-4084	-15431
873.822599	-4084	-15415
873.872599	-4084	-15407
873.922599	-4084	-15407
873.972599	-4084	-15399
874.022599	-4084	-15343
874.072599	-4084	-15335
874.122599	-4084	-15335
874.172599	-4084	-15335
874.222599	-4084	-15335
874.272599	-4084	-15299
874.322599	-4084	-15299
874.372599	-4084	-15299
874.422599	-4084	-15267
874.472599	-4084	-15259
874.522599	-4084	-15259
874.572599	-4084	-15259
874.622599	-4084	-15227
874.672599	-4084	-15203
874.722599	-4084	-15167
874.772599	-4084	-15167
874.822599	-4084	-15143
874.872599	-4084	-15107
874.922599	-4084	-15087
874.972599	-4084	-15019
875.022599	-4084	-14971
875.072599	-4084	-14959
875.122599	-4084	-14935
875.172599	-4084	-14911
875.222599	-4084	-14847
875.272599	-4084	-14815
875.322599	-4084	-14815
875.372599	-4084	-14795
875.422599	-4084	-14787
875.472599	-4084	-14775
875.522599	-4084	-14775
875.572599	-4084	-14775
875.622599	-4084	-14775
875.672599	-4084	-14775
875.722599	-4084	-14775
875.772599	-4084	-14775
875.822599	-4084	-14775
875.872599	-4084	-14775
875.922599	-4084	-14775
875.972599	-4084	-14775
876.022599	-4084	-14775
876.072599	-4084	-14775
876.122599	-4084	-14775
876.172599	-4084	-14775
876.222599	-4084	-14759
876.272599	-4084	-14759
876.322599	-4084	-14759
876.372599	-4084	-14759
876.422599	-4084	-14759
876.472599	-4084	-14759
876.522599	-4084	-14759
876.572599	-4084	-14759
876.622599	-4084	-14759
876.672599	-4084	-14759
876.722599	-4084	-14759
876.772599	-4084	-14759
876.822599	-4084	-14759
876.872599	-4084	-14759
876.922599	-4084	-14759
876.979599	-4084	-14759
877.022599	-4084	-14759
877.072599	-4084	-14759
877.122599	-4084	-14759
877.172599	-4084	-14759
877.222599	-4084	-14759
877.272599	-4084	-14759
877.322599	-4084	-14759
877.372599	-4084	-14759
877.422599	-4084	-14759
877.472599	-4084	-14759
877.522599	-4084	-14759
877.572599	-4084	-14739
877.622599	-4084	-14699
877.672599	-4084	-14687
877.722599	-4084	-14675
877.772599	-4084	-14675
877.822599	-4084	-14675
877.872599	-4084	-14675
877.922599	-4084	-14647
877.972599	-4084	-14619
878.022599	-4084	-14559
878.072599	-4084	-14559
878.122599	-4084	-14559
878.172599	-4084	-14539
878.222599	-4084	-14535
878.272599	-4084	-14443
878.322599	-4084	-14403
878.372599	-4084	-14399
878.422599	-4084	-14399
878.472599	-4084	-14391
878.522599	-4084	-14343
878.572599	-4084	-14331
878.622599	-4084	-14303
878.672599	-4084	-14299
878.722599	-4084	-14291
878.772599	-4084	-14275
878.822599	-4084	-14235
878.872599	-4084	-14195
878.922599	-4084	-14187
878.981599	-4084	-14187
879.022599	-4084	-14187
879.072599	-4084	-14187
879.122599	-4084	-14187
879.172599	-4084	-14187
879.222599	-4084	-14187
879.272599	-4084	-14175
879.322599	-4084	-14175
879.372599	-4084	-14175
879.422599	-4084	-14175
879.472599	-4084	-14163
879.522599	-4084	-14151
879.572599	-4084	-14151
879.622599	-4084	-14127
879.672599	-4084	-14127
879.722599	-4084	-14127
879.772599	-4084	-14127
879.822599	-4084	-14127
879.872599	-4084	-14127
879.922599	-4084	-14127
879.972599	-4084	-14127
880.022599	-4084	-14127
880.072599	-4084	-14127
880.122599	-4084	-14127
880.172599	-4084	-14127
880.222599	-4084	-14127
880.272599	-4084	-14127
880.322599	-4084	-14127
880.372599	-4084	-14127
880.422599	-4084	-14127
880.472599	-4084	-14127
880.522599	-4084	-14127
880.572599	-4084	-14127
880.622599	-4084	-14207
880.672599	-4084	-14267
880.722599	-4084	-14311
880.772599	-4084	-14339
880.822599	-4084	-14359
880.872599	-4084	-14395
880.922599	-4084	-14467
880.972599	-4084	-14635
881.022599	-4084	-14899
881.072599	-4084	-15527
881.122599	-4104	-15955
881.172599	-4112	-15971
881.222599	-4112	-15971
881.272599	-4112	-15971
881.322599	-4112	-15971
881.372599	-4112	-15855
881.422599	-4112	-15855
881.472599	-4112	-15827
881.522599	-4112	-15827
881.572599	-4112	-15791
881.622599	-4112	-15791
881.672599	-4112	-15791
881.722599	-4112	-15739
881.772599	-4112	-15683
881.822599	-4112	-15683
881.872599	-4112	-15675
881.922599	-4112	-15675
881.972599	-4112	-15675
882.022599	-4112	-15675
882.072599	-4112	-15675
882.122599	-4112	-15675
882.172599	-4112	-15675
882.222599	-4112	-15675
882.272599	-4112	-15675
882.322599	-4112	-15675
882.372599	-4112	-15675
882.422599	-4112	-15687
882.472599	-4112	-15827
882.522599	-4112	-15827
882.572599	-4112	-15827
882.622599	-4112	-15827
882.672599	-4112	-15827
882.722599	-4112	-15827
882.772599	-4112	-15827
882.822599	-4112	-15827
882.872599	-4112	-15827
882.922599	-4112	-15827
882.972599	-4112	-15827
883.022599	-4112	-15827
883.071599	-4112	-15827
883.121599	-4112	-15827
883.171599	-4112	-15827
883.221599	-4112	-15827
883.271599	-4112	-15827
883.321599	-4112	-15827
883.371599	-4112	-15827
883.421599	-4112	-15827
883.471599	-4112	-15863
883.521599	-4112	-15943
883.571599	-4112	-15951
883.621599	-4112	-16043
883.671599	-4112	-16139
883.721599	-4112	-16287
883.771599	-4112	-16404
883.821599	-4112	-16512
883.871599	-4120	-16660
883.921599	-4216	-17180
883.971599	-4260	-17596
884.021599	-4272	-17596
884.071599	-4272	-17596
884.121599	-4272	-17596
884.171599	-4272	-17596
884.221599	-4272	-17596
884.271599	-4272	-17596
884.321599	-4272	-17596
884.371599	-4272	-17596
884.421599	-4272	-17596
884.471599	-4272	-17596
884.521599	-4272	-17596
884.571599	-4272	-17596
884.621599	-4272	-17568
884.671599	-4272	-17504
884.721599	-4272	-17456
884.771599	-4272	-17428
884.821599	-4272	-17364
884.871599	-4272	-17364
884.921599	-4272	-17356
884.971599	-4272	-17324
885.021599	-4272	-17308
885.071599	-4272	-17256
885.121599	-4272	-17184
885.171599	-4272	-17100
885.221599	-4272	-17056
885.271599	-4272	-17008
885.321599	-4272	-16964
885.371599	-4272	-16908
885.421599	-4272	-16848
885.471599	-4272	-16792
885.521599	-4272	-16724
885.571599	-4272	-16616
885.621599	-4272	-16572
885.671599	-4272	-16520
885.721599	-4272	-16476
885.771599	-4272	-16440
885.821599	-4272	-16412
885.871599	-4272	-16343
885.921599	-4272	-16331
885.971599	-4272	-16303
886.021599	-4272	-16247
886.071599	-4272	-16195
886.121599	-4272	-16135
886.171599	-4272	-16095
886.221599	-4272	-16063
886.271599	-4272	-16027
886.321599	-4272	-15943
886.371599	-4272	-15927
886.421599	-4272	-15895
886.471599	-4272	-15895
886.521599	-4272	-15883
886.571599	-4272	-15835
886.621599	-4272	-15775
886.671599	-4272	-15775
886.721599	-4272	-15771
886.771599	-4272	-15771
886.821599	-4272	-15771
886.871599	-4272	-15771
886.921599	-4272	-15771
886.971599	-4272	-15771
887.021599	-4272	-15771
887.071599	-4272	-15771
887.121599	-4272	-15771
887.171599	-4272	-15751
887.221599	-4272	-15731
887.271599	-4272	-15703
887.321599	-4272	-15647
887.371599	-4272	-15615
887.421599	-4272	-15603
887.471599	-4272	-15591
887.521599	-4272	-15575
887.571599	-4272	-15567
887.621599	-4272	-15543
887.671599	-4272	-15503
887.721599	-4272	-15487
887.771599	-4272	-15487
887.821599	-4272	-15487
887.871599	-4272	-15487
887.921599	-4272	-15487
887.971599	-4272	-15471
888.021599	-4272	-15455
888.071599	-4272	-15443
888.121599	-4272	-15395
888.171599	-4272	-15387
888.221599	-4272	-15383
888.271599	-4272	-15383
888.321599	-4272	-15383
888.371599	-4272	-15383
888.421599	-4272	-15383
888.471599	-4272	-15383
888.521599	-4272	-15383
888.571599	-4272	-15383
888.621599	-4272	-15383
888.671599	-4272	-15383
888.721599	-4272	-15375
888.771599	-4272	-15375
888.821599	-4264	-15375
888.871599	-4244	-15375
888.921599	-4244	-15375
888.971599	-4244	-15375
889.021599	-4244	-15375
889.071599	-4244	-15375
889.121599	-4244	-15375
889.171599	-4244	-15375
889.221599	-4244	-15375
889.271599	-4244	-15375
889.321599	-4244	-15375
889.371599	-4244	-15375
889.421599	-4244	-15375
889.471599	-4244	-15375
889.521599	-4244	-15375
889.571599	-4232	-15375
889.621599	-4232	-15375
889.671599	-4232	-15375
889.721599	-4232	-15375
889.771599	-4232	-15375
889.821599	-4232	-15375
889.871599	-4232	-15375
889.921599	-4228	-15375
889.971599	-4228	-15375
890.021599	-4228	-15375
890.071599	-4228	-15375
890.121599	-4228	-15375
890.171599	-4228	-15375
890.221599	-4224	-15375
890.271599	-4224	-15375
890.321599	-4224	-15375
890.371599	-4224	-15375
890.421599	-4224	-15355
890.471599	-4224	-15355
890.521599	-4224	-15355
890.571599	-4224	-15355
890.621599	-4224	-15307
890.671599	-4224	-15279
890.721599	-4224	-15275
890.771599	-4224	-15275
890.821599	-4224	-15267
890.871599	-4224	-15263
890.921599	-4224	-15263
890.971599	-4224	-15259
891.021599	-4224	-15227
891.071599	-4224	-15227
891.121599	-4224	-15227
891.171599	-4224	-15227
891.221599	-4224	-15227
891.271599	-4224	-15227
891.321599	-4220	-15227
891.371599	-4220	-15227
891.421599	-4220	-15227
891.471599	-4220	-15179
891.521599	-4220	-15179
891.571599	-4220	-15179
891.621599	-4220	-15179
891.671599	-4220	-15179
891.721599	-4212	-15151
891.771599	-4212	-15143
891.821599	-4192	-15143
891.871599	-4192	-15143
891.921599	-4192	-15143
891.971599	-4192	-15143
892.021599	-4180	-15143
892.071599	-4144	-15143
892.121599	-4144	-15143
892.171599	-4144	-15143
892.221599	-4144	-15143
892.271599	-4136	-15143
892.321599	-4136	-15143
892.371599	-4136	-15143
892.421599	-4136	-15143
892.471599	-4136	-15143
892.521599	-4136	-15143
892.571599	-4136	-15143
892.621599	-4136	-15143
892.671599	-4136	-15143
892.721599	-4136	-15143
892.771599	-4136	-15143
892.821599	-4136	-15143
892.871599	-4136	-15143
892.921599	-4136	-15143
892.971599	-4136	-15143
893.021599	-4136	-15143
893.071599	-4136	-15143
893.121599	-4136	-15127
893.171599	-4136	-15119
893.221599	-4124	-15119
893.271599	-4124	-15119
893.321599	-4124	-15119
893.371599	-4124	-15119
893.421599	-4112	-15119
893.471599	-4112	-15119
893.521599	-4112	-15119
893.571599	-4112	-15103
893.621599	-4112	-15103
893.671599	-4112	-15103
893.721599	-4112	-15103
893.771599	-4112	-15103
893.821599	-4112	-15103
893.871599	-4112	-15103
893.921599	-4112	-15103
893.971599	-4112	-15103
894.021599	-4112	-15103
894.071599	-4112	-15103
894.121599	-4112	-15103
894.171599	-4112	-15103
894.221599	-4112	-15103
894.271599	-4112	-15103
894.321599	-4112	-15103
894.371599	-4112	-15103
894.421599	-4112	-15103
894.471599	-4112	-15103
894.521599	-4112	-15103
894.571599	-4112	-15103
894.621599	-4112	-15103
894.671599	-4112	-15103
894.721599	-4112	-15103
894.771599	-4112	-15103
894.821599	-4112	-15103
894.871599	-4112	-15103
894.971599	-4112	-15075
895.040599	-4112	-15047
895.070599	-4112	-15031
895.120599	-4112	-15003
895.170599	-4112	-14963
895.220599	-4112	-14963
895.270599	-4108	-14963
895.320599	-4104	-14935
895.370599	-4104	-14935
895.420599	-4092	-14923
895.470599	-4060	-14899
895.520599	-4060	-14899
895.570599	-4060	-14887
895.620599	-4056	-14887
895.670599	-4056	-14883
895.720599	-4052	-14875
895.770599	-4052	-14863
895.820599	-4032	-14851
895.870599	-4032	-14803
895.920599	-4032	-14783
895.970599	-4032	-14775
896.020599	-4028	-14743
896.070599	-4024	-14703
896.120599	-4012	-14703
896.170599	-4004	-14703
896.220599	-3996	-14699
896.270599	-3996	-14667
896.320599	-3984	-14647
896.370599	-3984	-14607
896.420599	-3976	-14607
896.470599	-3976	-14607
896.520599	-3944	-14607
896.570599	-3944	-14607
896.620599	-3944	-14599
896.670599	-3944	-14599
896.720599	-3944	-14595
896.770599	-3944	-14587
896.820599	-3944	-14587
896.870599	-3944	-14579
896.920599	-3944	-14547
896.970599	-3944	-14523
897.020599	-3944	-14523
897.070599	-3944	-14523
897.120599	-3944	-14523
897.170599	-3944	-14523
897.220599	-3944	-14523
897.270599	-3944	-14523
897.320599	-3944	-14523
897.370599	-3940	-14523
897.420599	-3940	-14523
897.470599	-3936	-14523
897.520599	-3936	-14523
897.570599	-3936	-14523
897.620599	-3936	-14523
897.670599	-3936	-14523
897.720599	-3928	-14479
897.770599	-3924	-14475
897.820599	-3924	-14475
897.870599	-3920	-14463
897.920599	-3920	-14447
897.970599	-3920	-14407
898.020599	-3912	-14407
898.070599	-3900	-14407
898.120599	-3900	-14407
898.170599	-3896	-14359
898.220599	-3896	-14359
898.270599	-3880	-14359
898.320599	-3876	-14359
898.370599	-3876	-14359
898.420599	-3876	-14359
898.470599	-3868	-14359
898.520599	-3868	-14359
898.570599	-3868	-14359
898.620599	-3868	-14359
898.670599	-3868	-14359
898.720599	-3868	-14359
898.770599	-3868	-14359
898.820599	-3848	-14359
898.870599	-3848	-14343
898.920599	-3848	-14343
898.970599	-3848	-14315
899.020599	-3848	-14283
899.070599	-3848	-14283
899.120599	-3848	-14271
899.170599	-3848	-14239
899.220599	-3848	-14215
899.270599	-3848	-14215
899.320599	-3828	-14215
899.370599	-3816	-14195
899.420599	-3816	-14191
899.470599	-3808	-14187
899.520599	-3800	-14187
899.570599	-3800	-14163
899.620599	-3796	-14135
899.670599	-3780	-14135
899.720599	-3780	-14135
899.770599	-3780	-14135
899.820599	-3780	-14135
899.870599	-3780	-14135
899.920599	-3780	-14135
899.970599	-3780	-14135
900.020599	-3780	-14135
900.070599	-3780	-14135
900.120599	-3780	-14135
900.170599	-3780	-14135
900.220599	-3780	-14135
900.270599	-3780	-14135
900.320599	-3780	-14135
900.370599	-3780	-14135
900.420599	-3780	-14135
900.470599	-3780	-14135
900.520599	-3780	-14135
900.569599	-3780	-14135
900.619599	-3780	-14135
900.669599	-3780	-14115
900.719599	-3780	-14095
900.769599	-3780	-14059
900.819599	-3780	-14039
900.869599	-3780	-14015
900.919599	-3780	-14015
900.969599	-3780	-14015
901.019599	-3780	-14015
901.069599	-3780	-14015
901.119599	-3780	-14015
901.169599	-3780	-14015
901.219599	-3780	-14015
901.269599	-3780	-14003
901.319599	-3780	-13995
901.369599	-3780	-13947
901.419599	-3780	-13919
901.469599	-3780	-13895
901.519599	-3780	-13883
901.569599	-3780	-13835
901.619599	-3780	-13811
901.669599	-3780	-13811
901.719599	-3772	-13755
901.769599	-3772	-13699
901.819599	-3760	-13659
901.869599	-3760	-13619
901.919599	-3756	-13559
901.969599	-3756	-13539
902.019599	-3744	-13515
902.069599	-3736	-13475
902.119599	-3696	-13475
902.169599	-3696	-13475
902.219599	-3696	-13475
902.269599	-3676	-13475
902.319599	-3676	-13475
902.369599	-3676	-13475
902.419599	-3664	-13475
902.469599	-3660	-13475
902.519599	-3660	-13475
902.569599	-3648	-13475
902.619599	-3644	-13475
902.669599	-3644	-13475
902.719599	-3644	-13475
902.769599	-3644	-13475
902.819599	-3644	-13475
902.869599	-3644	-13475
902.919599	-3644	-13475
902.969599	-3644	-13475
903.019599	-3644	-13475
903.069599	-3644	-13475
903.119599	-3644	-13475
903.169599	-3644	-13475
903.219599	-3644	-13475
903.269599	-3644	-13475
903.319599	-3644	-13475
903.369599	-3644	-13475
903.419599	-3644	-13475
903.469599	-3640	-13475
903.519599	-3628	-13475
903.569599	-3628	-13475
903.619599	-3628	-13475
903.669599	-3628	-13475
903.719599	-3628	-13475
903.769599	-3620	-13475
903.819599	-3616	-13475
903.869599	-3616	-13475
903.919599	-3612	-13475
903.969599	-3612	-13475
904.019599	-3612	-13475
904.069599	-3612	-13475
904.119599	-3612	-13475
904.169599	-3612	-13475
904.219599	-3612	-13475
904.269599	-3612	-13475
904.319599	-3612	-13475
904.369599	-3612	-13475
904.419599	-3612	-13475
904.469599	-3612	-13475
904.519599	-3612	-13475
904.569599	-3608	-13475
904.619599	-3608	-13511
904.669599	-3596	-13607
904.719599	-3560	-13691
904.769599	-3560	-13727
904.819599	-3544	-13747
904.869599	-3544	-13759
904.919599	-3544	-13819
904.969599	-3544	-13819
905.019599	-3544	-13819
905.069599	-3544	-13831
905.119599	-3544	-13867
905.169599	-3544	-13903
905.219599	-3532	-13939
905.269599	-3516	-13939
905.319599	-3492	-13939
905.369599	-3492	-13943
905.419599	-3492	-13943
905.469599	-3492	-13943
905.519599	-3492	-13979
905.569599	-3492	-14015
905.619599	-3492	-14059
905.669599	-3492	-14079
905.719599	-3492	-14131
905.769599	-3488	-14147
905.819599	-3488	-14147
905.869599	-3488	-14147
905.919599	-3488	-14147
905.969599	-3488	-14147
906.019599	-3484	-14147
906.069599	-3484	-14147
906.119599	-3484	-14147
906.169599	-3484	-14147
906.219599	-3484	-14147
906.269599	-3484	-14147
906.319599	-3484	-14147
906.369599	-3472	-14147
906.419599	-3472	-14147
906.469599	-3472	-14147
906.519599	-3472	-14147
906.569599	-3472	-14147
906.619599	-3472	-14147
906.669599	-3472	-14147
906.719599	-3472	-14147
906.769599	-3472	-14147
906.819599	-3472	-14147
906.869599	-3472	-14147
906.919599	-3472	-14147
906.969599	-3472	-14147
907.019599	-3472	-14147
907.069599	-3472	-14147
907.119599	-3472	-14147
907.169599	-3472	-14147
907.219599	-3472	-14147
907.269599	-3472	-14147
907.319599	-3472	-14215
907.369599	-3472	-14303
907.419599	-3472	-14319
907.469599	-3472	-14327
907.519599	-3472	-14347
907.569599	-3472	-14407
907.619599	-3472	-14407
907.669599	-3472	-14431
907.719599	-3472	-14447
907.769599	-3472	-14483
907.819599	-3472	-14531
907.869599	-3472	-14551
907.919599	-3472	-14619
907.969599	-3472	-14631
908.019599	-3472	-14667
908.069599	-3472	-14667
908.119599	-3472	-14687
908.169599	-3472	-14763
908.219599	-3472	-14799
908.269599	-3472	-14847
908.319599	-3472	-14911
908.369599	-3472	-14959
908.419599	-3472	-15007
908.469599	-3472	-15055
908.519599	-3472	-15123
908.569599	-3472	-15163
908.619599	-3472	-15203
908.669599	-3472	-15203
908.719599	-3472	-15203
908.769599	-3472	-15203
908.819599	-3472	-15203
908.869599	-3472	-15203
908.919599	-3472	-15203
908.969599	-3472	-15203
909.019599	-3472	-15203
909.069599	-3472	-15203
909.119599	-3472	-15203
909.169599	-3472	-15203
909.219599	-3472	-15203
909.269599	-3472	-15203
909.319599	-3472	-15203
909.369599	-3472	-15203
909.419599	-3472	-15203
909.469599	-3472	-15203
909.519599	-3472	-15203
909.569599	-3472	-15203
909.619599	-3472	-15203
909.669599	-3472	-15203
909.719599	-3472	-15203
909.769599	-3472	-15203
909.819599	-3472	-15203
909.869599	-3472	-15203
909.919599	-3472	-15203
909.969599	-3472	-15203
910.019599	-3472	-15087
910.069599	-3472	-15039
910.119599	-3472	-14915
910.169599	-3472	-14843
910.219599	-3472	-14743
910.269599	-3472	-14727
910.319599	-3472	-14691
910.369599	-3472	-14683
910.419599	-3472	-14683
910.469599	-3460	-14647
910.519599	-3460	-14631
910.569599	-3460	-14619
910.619599	-3456	-14543
910.669599	-3436	-14403
910.719599	-3432	-14215
910.769599	-3428	-14075
910.819599	-3396	-13891
910.869599	-3372	-13859
910.919599	-3372	-13859
910.969599	-3372	-13859
911.019599	-3372	-13859
911.069599	-3372	-13859
911.119599	-3372	-13791
911.169599	-3372	-13623
911.219599	-3332	-13347
911.269599	-3252	-13111
911.319599	-3252	-12775
911.369599	-3184	-12631
911.419599	-3164	-12411
911.469599	-3036	-12327
911.519599	-3036	-12259
911.569599	-3036	-12203
911.619599	-3016	-12059
911.669599	-2976	-11955
911.719599	-2884	-11651
911.769599	-2728	-11083
911.819599	-2412	-9946
911.869599	-1784	-8374
911.919599	-1404	-7366
911.969599	-976	-6474
912.019599	-568	-5518
912.069599	-268	-3537
912.119599	0	-521
912.169599	0	0
912.219599	0	0
912.269599	0	0
912.319599	0	0
912.369599	0	0
912.419599	0	0
912.469599	0	0
912.519599	0	0
912.569599	0	0
912.619599	0	0
912.669599	0	0
912.719599	0	0
912.769599	0	0
912.819599	0	0
912.869599	0	0
912.919599	0	0
912.969599	0	0
913.019599	0	0
913.069599	0	0
913.119599	0	0
913.169599	0	0
913.219599	0	0
913.269599	0	0
913.319599	0	0
913.369599	0	0
913.419599	0	0
913.469599	0	0
913.519599	0	0
913.569599	0	0
913.619599	0	0
913.669599	0	0
913.719599	0	0
913.769599	0	0
913.819599	0	0
913.869599	0	0
913.919599	0	0
913.969599	0	0
914.019599	0	0
914.069599	0	0
914.119599	0	0
914.169599	0	0
914.219599	0	0
914.269599	0	0
914.319599	0	0
914.369599	0	0
914.419599	0	0
914.469599	0	0
914.519599	0	0
914.569599	0	0
914.619599	0	0
914.669599	0	0
914.719599	0	0
914.769599	0	0
914.819599	0	0
914.869599	0	0
914.919599	0	0
914.969599	0	0
915.019599	0	0
915.069599	0	0
915.119599	0	0
915.169599	0	0
915.219599	0	0
915.269599	0	0
915.319599	0	0
915.369599	0	0
915.419599	0	0
915.469599	0	0
915.519599	0	0
915.569599	0	0
915.619599	0	0
915.669599	0	0
915.719599	0	0
915.769599	0	0
915.819599	0	0
915.869599	0	0
915.919599	0	0
915.969599	0	0
916.019599	0	0
916.069599	0	0
916.119599	0	0
916.169599	0	0
916.219599	0	0
916.269599	0	0
916.319599	0	0
916.369599	0	0
916.419599	0	0
916.469599	0	0
916.519599	0	0
916.569599	0	0
916.619599	0	0
916.669599	0	0
916.719599	0	0
916.769599	0	0
916.819599	0	0
916.869599	0	0
916.919599	0	0
916.969599	0	0
917.019599	0	0
917.069599	0	0
917.119599	0	0
917.169599	0	0
917.219599	0	0
917.269599	0	0
917.319599	0	0
917.369599	0	0
917.419599	0	0
917.469599	0	0
917.519599	0	0
917.569599	0	0
917.619599	0	0
917.669599	0	0
917.719599	0	0
917.769599	0	0
917.819599	0	0
917.869599	0	0
917.919599	0	0
917.969599	0	0
918.018599	0	0
918.068599	0	0
918.118599	0	0
918.168599	0	0
918.218599	0	0
918.268599	0	0
918.318599	0	0
918.368599	0	0
918.418599	0	0
918.468599	0	0
918.518599	0	0
918.568599	0	0
918.618599	0	0
918.668599	0	0
918.718599	0	0
918.768599	0	0
918.818599	0	0
918.868599	0	0
918.918599	0	0
918.968599	0	0
919.018599	0	0
919.068599	0	0
919.118599	0	0
919.168599	0	0
919.218599	0	0
919.268599	0	0
919.318599	0	0
919.368599	0	0
919.418599	0	0
919.468599	0	0
919.518599	0	0
919.568599	0	0
919.618599	0	0
919.668599	0	0
919.718599	0	0
919.768599	0	0
919.818599	0	0
919.868599	0	0
919.918599	0	0
919.968599	0	0
920.018599	0	0
920.068599	0	0
920.118599	0	0
920.168599	0	0
920.218599	0	0
920.268599	0	0
920.318599	0	0
920.368599	0	0
920.418599	0	0
920.468599	0	0
920.518599	0	0
920.568599	0	0
920.618599	0	0
920.668599	0	0
920.718599	0	0
920.768599	0	0
920.818599	0	0
920.868599	0	0
920.918599	0	0
920.968599	0	0
921.018599	0	0
921.068599	0	0
921.118599	0	0
921.168599	0	0
921.218599	0	0
921.268599	0	0
921.318599	0	0
921.368599	0	0
921.418599	0	0
921.468599	0	0
921.518599	0	0
921.568599	0	0
921.618599	0	0
921.668599	0	0
921.718599	0	0
921.768599	0	0
921.818599	0	0
921.868599	0	0
921.918599	0	0
921.968599	0	0
922.018599	0	0
922.068599	0	0
922.118599	0	0
922.168599	0	0
922.218599	0	0
922.268599	0	0
922.318599	0	0
922.368599	0	0
922.418599	0	0
922.468599	0	0
922.518599	0	0
922.568599	0	0
922.618599	0	0
922.668599	0	0
922.718599	0	0
922.768599	0	0
922.818599	0	0
922.868599	0	0
922.918599	0	0
922.968599	0	0
923.018599	0	0
923.068599	0	0
923.118599	0	0
923.168599	0	0
923.218599	0	0
923.268599	0	0
923.318599	0	0
923.368599	0	0
923.418599	0	0
923.468599	0	8
923.518599	0	8
923.568599	0	8
923.618599	0	8
923.668599	0	8
923.718599	0	8
923.768599	0	8
923.818599	0	8
923.868599	0	8
923.918599	0	8
923.968599	0	8
924.018599	0	8
924.068599	0	8
924.118599	0	8
924.168599	0	8
924.218599	0	8
924.268599	0	16
924.318599	0	24
924.368599	0	24
924.418599	0	64
924.468599	0	64
924.518599	0	64
924.568599	0	64
924.618599	0	64
924.668599	0	64
924.718599	0	64
924.768599	0	64
924.818599	0	64
924.868599	0	64
924.918599	0	64
924.968599	0	64
925.018599	0	64
925.068599	0	64
925.118599	0	64
925.168599	0	64
925.218599	0	64
925.268599	0	64
925.318599	0	64
925.368599	0	64
925.418599	0	64
925.468599	0	64
925.518599	0	72
925.568599	0	80
925.618599	0	136
925.668599	0	136
925.718599	0	144
925.768599	0	144
925.818599	0	144
925.868599	0	144
925.918599	0	144
925.968599	0	144
926.018599	0	144
926.068599	0	144
926.118599	0	144
926.168599	0	144
926.218599	0	144
926.268599	0	144
926.318599	0	144
926.368599	0	144
926.418599	0	144
926.468599	0	144
926.518599	0	144
926.568599	0	144
926.618599	0	144
926.668599	0	144
926.718599	0	144
926.768599	0	144
926.818599	0	144
926.868599	0	144
926.918599	0	144
926.968599	0	144
927.018599	0	144
927.068599	0	144
927.118599	0	144
927.168599	0	144
927.218599	0	144
927.268599	0	144
927.318599	0	144
927.368599	0	144
927.418599	0	144
927.468599	0	144
927.518599	0	144
927.568599	0	144
927.618599	0	144
927.668599	0	144
927.718599	0	144
927.768599	0	144
927.818599	0	144
927.868599	0	144
927.918599	0	144
927.968599	0	144
928.018599	0	144
928.068599	0	144
928.118599	0	144
928.168599	0	144
928.218599	0	144
928.268599	0	144
928.318599	0	144
928.368599	0	144
928.418599	0	144
928.468599	0	144
928.518599	0	144
928.568599	0	144
928.618599	0	144
928.668599	0	144
928.718599	0	144
928.768599	0	144
928.818599	0	144
928.868599	0	144
928.918599	0	144
928.968599	0	144
929.018599	0	144
929.068599	0	144
929.118599	0	144
929.168599	0	144
929.218599	0	144
929.268599	0	144
929.318599	0	144
929.368599	0	144
929.418599	0	144
929.468599	0	144
929.518599	0	144
929.568599	0	144
929.618599	0	144
929.668599	0	144
929.718599	0	144
929.768599	0	144
929.818599	0	144
929.868599	0	144
929.918599	0	144
929.968599	0	160
930.018599	0	168
930.068599	0	204
930.118599	0	204
930.168599	0	204
930.218599	0	204
930.268599	0	204
930.318599	0	220
930.368599	0	244
930.418599	0	244
930.468599	0	252
930.518599	0	268
930.568599	0	300
930.618599	0	360
930.668599	0	360
930.718599	0	360
930.768599	0	360
930.818599	0	360
930.868599	0	360
930.918599	0	360
930.968599	0	360
931.018599	0	360
931.068599	0	360
931.118599	0	360
931.168599	0	360
931.218599	0	360
931.268599	0	392
931.318599	0	392
931.368599	0	392
931.418599	0	400
931.468599	0	400
931.518599	0	400
931.568599	0	416
931.618599	0	416
931.668599	0	416
931.718599	0	416
931.768599	0	416
931.818599	0	416
931.868599	0	416
931.918599	0	416
931.968599	0	416
932.018599	0	416
932.068599	0	416
932.118599	0	416
932.168599	0	416
932.218599	0	416
932.268599	0	416
932.318599	0	416
932.368599	0	416
932.418599	0	416
932.468599	0	416
932.518599	0	424
932.568599	0	424
932.618599	0	432
932.668599	0	432
932.718599	0	432
932.768599	0	432
932.818599	0	432
932.868599	0	432
932.918599	0	432
932.968599	0	432
933.018599	0	432
933.068599	0	432
933.118599	0	464
933.168599	0	464
933.218599	0	464
933.268599	0	464
933.318599	0	464
933.368599	0	464
933.418599	0	464
933.468599	0	464
933.518599	0	464
933.568599	0	464
933.618599	0	464
933.668599	0	464
933.718599	0	464
933.768599	0	464
933.818599	0	464
933.868599	0	464
933.918599	0	464
933.968599	0	464
934.018599	0	504
934.068599	0	512
934.118599	0	524
934.168599	0	524
934.218599	0	524
934.268599	0	524
934.318599	0	524
934.368599	0	524
934.418599	0	524
934.468599	0	524
934.518599	0	524
934.568599	0	524
934.618599	0	524
934.668599	0	524
934.718599	0	532
934.768599	0	548
934.818599	0	548
934.868599	0	548
934.918599	0	548
934.968599	0	588
935.018599	0	588
935.068599	0	628
935.118599	0	628
935.168599	0	628
935.218599	0	628
935.268599	0	628
935.318599	0	628
935.368599	0	628
935.418599	0	628
935.468599	0	628
935.517599	0	628
935.567599	0	628
935.617599	0	628
935.667599	0	628
935.717599	0	628
935.767599	0	652
935.817599	0	652
935.867599	0	652
935.917599	0	652
935.967599	0	652
936.017599	0	652
936.067599	0	652
936.117599	0	652
936.167599	0	652
936.217599	0	652
936.267599	0	652
936.317599	0	660
936.367599	0	660
936.417599	0	660
936.467599	0	684
936.517599	0	720
936.567599	0	720
936.617599	0	720
936.667599	0	720
936.717599	0	720
936.767599	0	720
936.817599	0	744
936.867599	0	744
936.917599	0	744
936.967599	0	744
937.017599	0	744
937.067599	0	752
937.117599	0	776
937.167599	0	776
937.217599	0	776
937.267599	0	808
937.317599	0	856
937.367599	0	856
937.417599	0	856
937.467599	0	856
937.517599	0	856
937.567599	0	856
937.617599	0	856
937.667599	0	856
937.717599	0	856
937.767599	0	856
937.817599	0	856
937.867599	0	856
937.917599	0	856
937.967599	0	856
938.017599	0	856
938.067599	0	856
938.117599	0	856
938.167599	0	856
938.217599	0	856
938.267599	0	856
938.317599	0	856
938.367599	0	856
938.417599	0	856
938.467599	0	856
938.517599	0	856
938.567599	0	856
938.617599	0	856
938.667599	0	856
938.717599	0	856
938.767599	0	856
938.817599	0	856
938.867599	0	856
938.917599	0	856
938.967599	0	856
939.017599	0	856
939.067599	0	856
939.117599	0	856
939.167599	0	856
939.217599	0	856
939.267599	0	856
939.317599	0	856
939.367599	0	856
939.417599	0	856
939.467599	0	856
939.517599	0	856
939.567599	0	856
939.617599	0	856
939.667599	0	856
939.717599	0	856
939.767599	0	856
939.817599	0	856
939.867599	0	856
939.917599	0	856
939.967599	0	856
940.017599	0	856
940.067599	0	856
940.117599	0	856
940.167599	0	856
940.217599	0	856
940.267599	0	856
940.317599	0	856
940.367599	0	856
940.417599	0	856
940.467599	0	856
940.517599	0	856
940.567599	0	856
940.617599	0	856
940.667599	0	856
940.717599	0	856
940.767599	0	856
940.817599	0	856
940.867599	0	856
940.917599	0	856
940.984599	0	856
941.017599	0	856
941.071599	0	856
941.117599	0	856
941.167599	0	856
941.217599	0	856
941.267599	0	856
941.317599	0	856
941.367599	0	856
941.417599	0	856
941.467599	0	856
941.517599	0	856
941.567599	0	856
941.617599	0	856
941.667599	0	856
941.717599	0	856
941.767599	0	856
941.817599	0	856
941.867599	0	856
941.917599	0	856
941.967599	0	856
942.017599	0	856
942.067599	0	856
942.117599	0	856
942.167599	0	856
942.217599	0	856
942.267599	0	856
942.317599	0	856
942.367599	0	856
942.417599	0	856
942.467599	0	856
942.517599	0	916
942.567599	0	1072
942.617599	0	1216
942.667599	0	1332
942.717599	0	1340
942.767599	0	1388
942.817599	0	1388
942.867599	0	1388
942.917599	0	1388
942.967599	0	1388
943.017599	0	1388
943.067599	0	1388
943.117599	0	1388
943.167599	0	1388
943.217599	0	1388
943.267599	0	1388
943.317599	0	1388
943.367599	0	1388
943.417599	0	1388
943.467599	0	1388
943.517599	0	1388
943.567599	0	1388
943.617599	0	1388
943.667599	0	1388
943.717599	0	1388
943.767599	0	1388
943.817599	0	1388
943.867599	0	1388
943.917599	0	1388
943.967599	0	1356
944.017599	0	1348
944.067599	0	1348
944.117599	0	1348
944.167599	0	1348
944.217599	0	1348
944.267599	0	1348
944.317599	0	1348
944.367599	0	1348
944.417599	0	1348
944.467599	0	1348
944.517599	0	1348
944.567599	0	1348
944.617599	0	1348
944.667599	0	1348
944.717599	0	1348
944.767599	0	1348
944.817599	0	1348
944.867599	0	1348
944.917599	0	1348
944.967599	0	1348
945.017599	0	1348
945.067599	0	1348
945.117599	0	1348
945.167599	0	1348
945.217599	0	1348
945.267599	0	1348
945.317599	0	1348
945.367599	0	1348
945.417599	0	1348
945.467599	0	1348
945.517599	0	1348
945.567599	0	1348
945.617599	0	1284
945.667599	0	1236
945.717599	0	1236
945.767599	0	1236
945.817599	0	1236
945.867599	0	1236
945.917599	0	1236
945.967599	0	1236
946.017599	0	1236
946.067599	0	1236
946.117599	0	1236
946.167599	0	1236
946.217599	0	1236
946.267599	0	1236
946.317599	0	1236
946.367599	0	1236
946.417599	0	1236
946.467599	0	1236
946.517599	0	1236
946.567599	0	1236
946.617599	0	1236
946.667599	0	1176
946.717599	0	784
946.767599	0	384
946.817599	0	204
946.867599	0	196
946.917599	0	196
946.967599	0	196
947.017599	0	196
947.067599	0	196
947.117599	0	196
947.167599	0	196
947.217599	0	196
947.267599	0	196
947.317599	0	196
947.367599	0	196
947.417599	0	196
947.467599	0	196
947.517599	0	196
947.567599	0	196
947.617599	0	196
947.667599	0	196
947.717599	0	196
947.767599	0	196
947.817599	0	196
947.867599	0	196
947.917599	0	196
947.967599	0	196
948.017599	0	196
948.067599	0	196
948.117599	0	196
948.167599	0	196
948.217599	0	196
948.267599	0	196
948.317599	0	196
948.367599	0	196
948.417599	0	196
948.467599	0	196
948.517599	0	196
948.567599	0	196
948.617599	0	196
948.667599	0	196
948.717599	0	196
948.767599	0	196
948.817599	0	196
948.867599	0	292
948.917599	0	496
948.967599	0	512
949.017599	0	628
949.067599	0	644
949.117599	0	668
949.167599	0	704
949.217599	0	704
949.267599	0	704
949.317599	0	704
949.367599	0	704
949.417599	0	704
949.467599	0	704
949.517599	0	704
949.567599	0	704
949.617599	0	704
949.667599	0	704
949.717599	0	704
949.767599	0	704
949.817599	0	704
949.867599	0	704
949.917599	0	704
949.967599	0	704
950.017599	0	704
950.067599	0	704
950.117599	0	704
950.167599	0	704
950.217599	0	704
950.267599	0	728
950.317599	0	728
950.367599	0	752
950.417599	0	768
950.467599	0	768
950.517599	0	768
950.567599	0	768
950.617599	0	768
950.667599	0	768
950.717599	0	768
950.767599	0	768
950.817599	0	768
950.867599	0	768
950.917599	0	768
950.967599	0	768
951.017599	0	504
951.067599	0	324
951.117599	0	152
951.167599	0	0
951.217599	0	0
951.267599	0	0
951.317599	0	0
951.367599	0	0
951.417599	0	0
951.467599	0	0
951.517599	0	0
951.567599	0	0
951.617599	0	0
951.667599	0	0
951.717599	0	0
951.767599	0	0
951.817599	0	0
951.867599	0	0
951.917599	0	0
951.967599	0	0
952.017599	0	0
952.067599	0	0
952.117599	0	0
952.167599	0	0
952.217599	0	0
952.267599	0	0
952.317599	0	0
952.367599	0	0
952.417599	0	0
952.467599	0	0
952.517599	0	0
952.567599	0	0
952.617599	0	0
952.667599	0	0
952.717599	0	0
952.767599	0	0
952.817599	0	0
952.867599	0	0
952.917599	0	0
952.967599	0	0
953.016599	0	0
953.066599	0	0
953.116599	0	0
953.166599	0	0
953.216599	0	0
953.266599	0	0
953.316599	0	0
953.366599	0	0
953.416599	0	0
953.466599	0	0
953.516599	0	0
953.566599	0	0
953.616599	0	0
953.666599	0	0
953.716599	0	0
953.766599	0	0
953.816599	0	0
953.866599	0	0
953.916599	0	0
953.966599	0	0
954.016599	0	0
954.066599	0	0
954.116599	0	0
954.166599	0	0
954.216599	0	0
954.266599	0	0
954.316599	0	0
954.366599	0	0
954.416599	0	0
954.466599	0	0
954.516599	0	0
954.566599	0	0
954.616599	0	0
954.666599	0	0
954.716599	0	0
954.766599	0	0
954.816599	0	0
954.866599	0	0
954.916599	0	0
954.966599	0	0
955.016599	0	0
955.066599	0	0
955.116599	0	0
955.166599	0	0
955.216599	0	0
955.266599	0	0
955.316599	0	0
955.366599	0	0
955.416599	0	0
955.466599	0	0
955.516599	0	0
955.566599	0	0
955.616599	0	0
955.666599	0	0
955.716599	0	0
955.766599	0	0
955.816599	0	0
955.866599	0	0
955.916599	0	0
955.966599	0	0
956.016599	0	0
956.066599	0	0
956.116599	0	0
956.166599	0	0
956.216599	0	0
956.266599	0	0
956.316599	0	0
956.366599	0	0
956.416599	0	0
956.466599	0	0
956.516599	0	0
956.566599	0	0
956.616599	0	0
956.666599	0	0
956.716599	0	0
956.766599	0	0
956.816599	0	0
956.866599	0	0
956.916599	0	0
956.966599	0	0
957.016599	0	0
957.066599	0	0
957.116599	0	0
957.166599	0	0
957.216599	0	0
957.266599	0	0
957.316599	0	0
957.366599	0	0
957.416599	0	0
957.466599	0	0
957.516599	0	0
957.566599	0	0
957.616599	0	0
957.666599	0	0
957.716599	0	0
957.766599	0	0
957.816599	0	0
957.866599	0	0
957.916599	0	0
957.966599	0	0
958.016599	0	0
958.066599	0	0
958.116599	0	0
958.166599	0	0
958.216599	0	0
958.266599	0	0
958.316599	0	0
958.366599	0	0
958.416599	0	0
958.466599	0	0
958.516599	0	0
958.566599	0	0
958.616599	0	0
958.666599	0	0
958.716599	0	0
958.766599	0	0
958.816599	0	0
958.866599	0	0
958.916599	0	0
958.966599	0	0
959.016599	0	0
959.066599	0	0
959.116599	0	0
959.166599	0	0
959.216599	0	0
959.266599	0	0
959.316599	0	0
959.366599	0	0
959.416599	0	0
959.466599	0	0
959.516599	0	0
959.566599	0	0
959.616599	0	0
959.666599	0	0
959.716599	0	0
959.766599	0	0
959.816599	0	0
959.866599	0	0
959.916599	0	0
959.966599	0	0
960.016599	0	0
960.066599	0	0
960.116599	0	0
960.166599	0	0
960.216599	0	0
960.266599	0	0
960.316599	0	0
960.366599	0	0
960.416599	0	0
960.466599	0	0
960.516599	0	0
960.566599	0	0
960.616599	0	0
960.666599	0	0
960.716599	0	0
960.766599	0	0
960.816599	0	0
960.866599	0	0
960.916599	0	0
960.966599	0	0
961.016599	0	0
961.066599	0	0
961.116599	0	0
961.166599	0	0
961.216599	0	0
961.266599	0	0
961.316599	0	0
961.366599	0	0
961.416599	0	0
961.466599	0	0
961.516599	0	0
961.566599	0	0
961.616599	0	0
961.666599	0	0
961.716599	0	0
961.766599	0	0
961.816599	0	0
961.866599	0	0
961.916599	0	0
961.966599	0	0
962.016599	0	0
962.066599	0	0
962.116599	0	0
962.166599	0	0
962.216599	0	0
962.266599	0	0
962.316599	0	0
962.366599	0	0
962.416599	0	0
962.466599	0	0
962.516599	0	0
962.566599	0	0
962.616599	0	0
962.666599	0	0
962.716599	0	0
962.766599	0	0
962.816599	0	0
962.866599	0	0
962.916599	0	0
962.966599	0	0
963.016599	0	0
963.066599	0	0
963.116599	0	0
963.166599	0	0
963.216599	0	0
963.266599	0	0
963.316599	0	0
963.366599	0	0
963.416599	0	0
963.466599	0	0
963.516599	0	0
963.566599	0	0
963.616599	0	0
963.666599	0	0
963.716599	0	0
963.766599	0	0
963.816599	0	0
963.866599	0	0
963.916599	0	0
963.966599	0	0
964.016599	0	0
964.066599	0	0
964.116599	0	0
964.166599	0	0
964.216599	0	0
964.266599	0	0
964.316599	0	0
964.366599	0	0
964.416599	0	0
964.466599	0	0
964.516599	0	0
964.566599	0	0
964.616599	0	0
964.666599	0	0
964.716599	0	0
964.766599	0	0
964.816599	0	0
964.866599	0	0
964.916599	0	0
964.966599	0	0
965.016599	0	0
965.066599	0	0
965.116599	0	0
965.166599	0	0
965.216599	0	0
965.266599	0	0
965.316599	0	0
965.366599	0	0
965.416599	0	0
965.466599	0	0
965.516599	0	0
965.566599	0	0
965.616599	0	0
965.666599	0	0
965.716599	0	0
965.766599	0	0
965.816599	0	0
965.866599	0	0
965.916599	0	0
965.966599	0	0
966.016599	0	0
966.066599	0	0
966.116599	0	0
966.166599	0	0
966.216599	0	0
966.266599	0	0
966.316599	0	0
966.366599	0	0
966.416599	0	0
966.466599	0	0
966.516599	0	0
966.566599	0	0
966.616599	0	0
966.666599	0	0
966.716599	0	0
966.766599	0	0
966.816599	0	0
966.866599	0	0
966.916599	0	0
966.966599	0	0
967.016599	0	0
967.066599	0	0
967.116599	0	0
967.166599	0	0
967.216599	0	0
967.266599	0	0
967.316599	0	0
967.366599	0	0
967.416599	0	0
967.466599	0	0
967.516599	0	0
967.566599	0	0
967.616599	0	0
967.666599	0	0
967.716599	0	0
967.766599	0	0
967.816599	0	0
967.866599	0	0
967.916599	0	0
967.966599	0	0
968.016599	0	0
968.066599	0	0
968.116599	0	0
968.166599	0	0
968.216599	0	0
968.266599	0	0
968.316599	0	0
968.366599	0	0
968.416599	0	0
968.466599	0	0
968.516599	0	0
968.566599	0	0
968.616599	0	0
968.666599	0	0
968.716599	0	0
968.766599	0	0
968.816599	0	0
968.866599	0	0
968.916599	0	0
968.966599	0	0
969.016599	0	0
969.066599	0	0
969.116599	0	0
969.166599	0	0
969.216599	0	0
969.266599	0	0
969.316599	0	0
969.366599	0	0
969.416599	0	0
969.466599	0	0
969.516599	0	0
969.566599	0	0
969.616599	0	0
969.666599	0	0
969.716599	0	0
969.766599	0	0
969.816599	0	0
969.866599	0	0
969.916599	0	0
969.966599	0	0
970.016599	0	0
970.066599	0	0
970.116599	0	0
970.166599	0	0
970.216599	0	0
970.266599	0	0
970.316599	0	0
970.366599	0	0
970.416599	0	0
970.465599	0	0
970.515599	0	0
970.565599	0	0
970.615599	0	0
970.665599	0	0
970.715599	0	0
970.765599	0	0
970.815599	0	0
970.865599	0	0
970.915599	0	0
970.965599	0	0
971.015599	0	0
971.065599	0	0
971.115599	0	0
971.165599	0	0
971.215599	0	0
971.265599	0	0
971.315599	0	0
971.365599	0	0
971.415599	0	0
971.465599	0	0
971.515599	0	0
971.565599	0	0
971.615599	0	0
971.665599	0	0
971.715599	0	0
971.765599	0	0
971.815599	0	0
971.865599	0	0
971.915599	0	0
971.965599	0	0
972.015599	0	0
972.065599	0	0
972.115599	0	0
972.165599	0	0
972.215599	0	0
972.265599	0	0
972.315599	0	0
972.365599	0	0
972.415599	0	0
972.465599	0	0
972.515599	0	0
972.565599	0	0
972.615599	0	0
972.665599	0	0
972.715599	0	0
972.765599	0	0
972.815599	0	0
972.865599	0	0
972.915599	0	0
972.983599	0	0
973.015599	0	0
973.065599	0	0
973.115599	0	0
973.165599	0	0
973.215599	0	0
973.265599	0	0
973.315599	0	0
973.365599	0	0
973.415599	0	0
973.465599	0	0
973.515599	0	0
973.565599	0	0
973.615599	0	0
973.665599	0	0
973.715599	0	0
973.765599	0	0
973.815599	0	0
973.865599	0	0
973.915599	0	0
973.965599	0	0
974.015599	0	0
974.065599	0	0
974.115599	0	0
974.165599	0	0
974.215599	0	0
974.265599	0	0
974.315599	0	0
974.365599	0	0
974.415599	0	0
974.465599	0	0
974.515599	0	0
974.565599	0	0
974.615599	0	0
974.665599	0	0
974.715599	0	0
974.765599	0	0
974.815599	0	0
974.865599	0	0
974.915599	0	0
974.965599	0	0
975.015599	0	0
975.065599	0	0
975.115599	0	0
975.165599	0	0
975.215599	0	0
975.265599	0	0
975.315599	0	0
975.365599	0	0
975.415599	0	0
975.465599	0	0
975.515599	0	0
975.565599	0	0
975.615599	0	0
975.665599	0	0
975.715599	0	0
975.765599	0	0
975.815599	0	0
975.865599	0	0
975.915599	0	0
975.965599	0	0
976.015599	0	0
976.065599	0	0
976.115599	0	0
976.165599	0	0
976.215599	0	0
976.265599	0	0
976.315599	0	0
976.365599	0	0
976.415599	0	0
976.465599	0	0
976.515599	0	0
976.565599	0	0
976.615599	0	0
976.665599	0	0
976.715599	0	0
976.765599	0	0
976.815599	0	0
976.865599	0	0
976.915599	0	0
976.965599	0	0
977.015599	0	0
977.065599	0	0
977.115599	0	0
977.165599	0	0
977.215599	0	0
977.265599	0	0
977.315599	0	0
977.365599	0	0
977.415599	0	0
977.465599	0	0
977.515599	0	0
977.565599	0	0
977.615599	0	0
977.665599	0	0
977.715599	0	0
977.765599	0	0
977.815599	0	0
977.865599	0	0
977.915599	0	0
977.965599	0	0
978.015599	0	0
978.065599	0	0
978.115599	0	0
978.165599	0	0
978.215599	0	0
978.265599	0	0
978.315599	0	0
978.365599	0	0
978.415599	0	0
978.465599	0	0
978.515599	0	0
978.565599	0	0
978.615599	0	0
978.665599	0	0
978.715599	0	0
978.765599	0	0
978.815599	0	0
978.865599	0	0
978.915599	0	0
978.965599	0	0
979.015599	0	0
979.065599	0	0
979.115599	0	0
979.165599	0	0
979.215599	0	0
979.265599	0	0
979.315599	0	0
979.365599	0	0
979.415599	0	0
979.465599	0	0
979.515599	0	0
979.565599	0	0
979.615599	0	0
979.665599	0	0
979.715599	0	0
979.765599	0	0
979.815599	0	0
979.865599	0	0
979.915599	0	0
979.965599	0	0
980.015599	0	0
980.065599	0	0
980.115599	0	0
980.165599	0	0
980.215599	0	0
980.265599	0	0
980.315599	0	0
980.365599	0	0
980.415599	0	0
980.465599	0	0
980.515599	0	0
980.565599	0	0
980.615599	0	0
980.665599	0	0
980.715599	0	0
980.765599	0	0
980.815599	0	0
980.865599	0	0
980.915599	0	0
980.965599	0	0
981.015599	0	0
981.065599	0	0
981.115599	0	0
981.165599	0	0
981.215599	0	0
981.265599	0	0
981.315599	0	0
981.365599	0	0
981.415599	0	0
981.465599	0	0
981.515599	0	0
981.565599	0	0
981.615599	0	0
981.665599	0	0
981.715599	0	0
981.765599	0	0
981.815599	0	0
981.865599	0	0
981.915599	0	0
981.965599	0	0
982.015599	0	0
982.065599	0	0
982.115599	0	0
982.165599	0	0
982.215599	0	0
982.265599	0	0
982.315599	0	0
982.365599	0	0
982.415599	0	0
982.465599	0	0
982.515599	0	0
982.565599	0	0
982.615599	0	0
982.665599	0	0
982.715599	0	0
982.765599	0	0
982.815599	0	0
982.865599	0	0
982.915599	0	0
982.965599	0	0
983.015599	0	0
983.065599	0	0
983.115599	0	0
983.165599	0	0
983.215599	0	0
983.265599	0	0
983.315599	0	0
983.365599	0	0
983.415599	0	0
983.465599	0	0
983.515599	0	0
983.565599	0	0
983.615599	0	0
983.665599	0	0
983.715599	0	0
983.765599	0	0
983.815599	0	0
983.865599	0	0
983.915599	0	0
983.965599	0	0
984.015599	0	0
984.065599	0	0
984.115599	0	0
984.165599	0	0
984.215599	0	0
984.265599	0	0
984.315599	0	0
984.365599	0	0
984.415599	0	0
984.465599	0	0
984.515599	0	0
984.565599	0	0
984.615599	0	0
984.665599	0	0
984.715599	0	0
984.765599	0	0
984.815599	0	0
984.865599	0	0
984.915599	0	0
984.965599	0	0
985.015599	0	0
985.065599	0	0
985.115599	0	0
985.165599	0	0
985.215599	0	0
985.265599	0	0
985.315599	0	0
985.365599	0	0
985.415599	0	0
985.465599	0	0
985.515599	0	0
985.565599	0	0
985.615599	0	0
985.665599	0	0
985.715599	0	0
985.765599	0	0
985.815599	0	0
985.865599	0	0
985.915599	0	0
985.965599	0	0
986.015599	0	0
986.065599	0	0
986.115599	0	0
986.165599	0	0
986.215599	0	0
986.265599	0	0
986.315599	0	0
986.365599	0	0
986.415599	0	0
986.465599	0	0
986.515599	0	56
986.565599	0	80
986.615599	0	180
986.665599	0	180
986.715599	0	180
986.765599	0	180
986.815599	0	180
986.865599	0	180
986.915599	0	180
986.965599	0	180
987.015599	0	180
987.065599	0	180
987.115599	0	180
987.165599	0	180
987.215599	0	180
987.265599	0	180
987.315599	0	180
987.365599	0	180
987.415599	0	180
987.465599	0	180
987.515599	0	180
987.565599	0	180
987.615599	0	180
987.665599	0	180
987.715599	0	180
987.765599	0	180
987.815599	0	180
987.865599	0	180
987.915599	0	180
987.964599	0	180
988.014599	0	180
988.064599	0	180
988.114599	0	180
988.164599	0	180
988.214599	0	180
988.264599	0	180
988.314599	0	180
988.364599	0	180
988.414599	0	180
988.464599	0	180
988.514599	0	180
988.564599	0	180
988.614599	0	180
988.664599	0	180
988.714599	0	180
988.764599	0	180
988.814599	0	180
988.864599	0	180
988.914599	0	180
988.964599	0	180
989.014599	0	180
989.064599	0	180
989.114599	0	152
989.164599	0	152
989.214599	0	152
989.264599	0	152
989.314599	0	152
989.364599	0	152
989.414599	0	152
989.464599	0	152
989.514599	0	152
989.564599	0	152
989.614599	0	152
989.664599	0	152
989.714599	0	152
989.764599	0	152
989.814599	0	152
989.864599	0	152
989.914599	0	152
989.964599	0	152
990.014599	0	152
990.064599	0	152
990.114599	0	152
990.164599	0	152
990.214599	0	152
990.264599	0	152
990.314599	0	152
990.364599	0	152
990.414599	0	152
990.464599	0	152
990.514599	0	152
990.564599	0	152
990.614599	0	152
990.664599	0	152
990.714599	0	152
990.764599	0	152
990.814599	0	152
990.864599	0	152
990.914599	0	152
990.964599	0	152
991.014599	0	152
991.064599	0	152
991.114599	0	152
991.164599	0	152
991.214599	0	152
991.264599	0	152
991.314599	0	152
991.364599	0	152
991.414599	0	152
991.464599	0	152
991.514599	0	152
991.564599	0	152
991.614599	0	152
991.664599	0	152
991.714599	0	152
991.764599	0	152
991.814599	0	152
991.864599	0	152
991.914599	0	152
991.964599	0	152
992.014599	0	152
992.064599	0	152
992.114599	0	152
992.164599	0	188
992.214599	0	220
992.264599	0	220
992.314599	0	276
992.364599	0	276
992.414599	0	276
992.464599	0	276
992.514599	0	276
992.564599	0	276
992.614599	0	276
992.664599	0	276
992.714599	0	276
992.764599	0	276
992.814599	0	276
992.864599	0	276
992.914599	0	276
992.964599	0	276
993.014599	0	276
993.064599	0	276
993.114599	0	276
993.164599	0	276
993.214599	0	276
993.264599	0	276
993.314599	0	276
993.364599	0	276
993.414599	0	276
993.464599	0	276
993.514599	0	276
993.564599	0	276
993.614599	0	276
993.664599	0	276
993.714599	0	276
993.764599	0	540
993.814599	0	556
993.864599	0	556
993.914599	0	556
993.964599	0	556
994.014599	0	360
994.064599	0	88
994.114599	0	0
994.164599	0	0
994.214599	0	0
994.264599	0	64
994.314599	0	268
994.364599	0	268
994.414599	0	332
994.464599	0	424
994.514599	0	424
994.564599	0	512
994.614599	0	572
994.664599	0	596
994.714599	0	760
994.764599	0	840
994.814599	0	948
994.864599	0	972
994.914599	0	1012
994.964599	0	1020
995.014599	0	1020
995.064599	0	1020
995.114599	0	1020
995.164599	0	1020
995.214599	0	1020
995.264599	0	1020
995.314599	0	1020
995.364599	0	1020
995.414599	0	1020
995.464599	0	1020
995.514599	0	1020
995.564599	0	1020
995.614599	0	1020
995.664599	0	1020
995.714599	0	1020
995.764599	0	1020
995.814599	0	1020
995.864599	0	1020
995.914599	0	1036
995.964599	0	1160
996.014599	0	1200
996.064599	0	1308
996.114599	0	1340
996.164599	0	1480
996.214599	-312	1608
996.264599	-312	1688
996.314599	-312	1752
996.364599	-312	1832
996.414599	-312	1964
996.464599	-312	2088
996.514599	-328	2224
996.564599	-328	2364
996.614599	-372	2608
996.664599	-388	2776
996.714599	-428	2888
996.764599	-428	2940
996.814599	-436	3024
996.864599	-436	3052
996.914599	-436	3064
996.964599	-436	3064
997.014599	-436	3064
997.064599	-436	3064
997.114599	-464	2888
997.164599	-504	2728
997.214599	-504	2600
997.264599	-504	2556
997.314599	-504	2472
997.364599	-508	2372
997.414599	-524	2316
997.464599	-556	2276
997.514599	-556	2248
997.564599	-560	2216
997.614599	-572	2168
997.664599	-580	2156
997.714599	-580	2132
997.764599	-580	2124
997.814599	-592	2072
997.864599	-592	1992
997.914599	-604	1936
997.964599	-604	1872
998.014599	-604	1816
998.064599	-604	1768
998.114599	-604	1632
998.164599	0	1160
998.214599	0	488
998.264599	0	104
998.314599	0	0
998.364599	0	0
998.414599	0	0
998.464599	0	0
998.514599	0	0
998.564599	0	0
998.614599	0	0
998.664599	0	0
998.714599	0	0
998.764599	0	0
998.814599	0	0
998.864599	0	0
998.914599	0	0
998.964599	0	0
999.014599	0	0
999.064599	0	0
999.114599	0	0
999.164599	0	0
999.214599	0	0
999.264599	0	0
999.314599	0	0
999.364599	0	0
999.414599	0	0
999.464599	0	0
999.514599	0	0
999.564599	0	0
999.614599	0	0
999.664599	0	0
999.714599	0	0
999.764599	0	0
999.814599	0	0
999.864599	0	0
999.914599	0	0
999.964599	0	0
1000.014599	0	0
1000.064599	0	0
1000.114599	0	0
1000.164599	0	0
1000.214599	0	0
1000.264599	0	0
1000.314599	0	0
1000.364599	0	0
1000.414599	0	0
1000.464599	0	0
1000.514599	0	0
1000.564599	0	0
1000.614599	0	0
1000.664599	0	0
1000.714599	0	0
1000.764599	0	0
1000.814599	0	0
1000.864599	0	0
1000.914599	0	0
1000.964599	0	0
1001.014599	0	0
1001.064599	0	0
1001.114599	0	0
1001.164599	0	0
1001.214599	0	0
1001.264599	0	0
1001.314599	0	0
1001.364599	0	0
1001.414599	0	0
1001.464599	0	0
1001.514599	0	0
1001.564599	0	0
1001.614599	0	0
1001.664599	0	0
1001.714599	0	0
1001.764599	0	0
1001.814599	0	0
1001.864599	0	0
1001.914599	0	0
1001.964599	0	0
1002.014599	0	0
1002.064599	0	0
1002.114599	0	0
1002.164599	0	0
1002.214599	0	0
1002.264599	0	0
1002.314599	0	0
1002.364599	0	0
1002.414599	0	0
1002.464599	0	0
1002.514599	0	0
1002.564599	0	0
1002.614599	0	0
1002.664599	0	0
1002.714599	0	0
1002.764599	0	0
1002.814599	0	0
1002.864599	0	0
1002.914599	0	0
1002.964599	0	0
1003.014599	0	0
1003.064599	0	0
1003.114599	0	0
1003.164599	0	0
1003.214599	0	0
1003.264599	0	0
1003.314599	0	0
1003.364599	0	0
1003.414599	0	0
1003.464599	0	0
1003.514599	0	0
1003.564599	0	24
1003.614599	0	80
1003.664599	0	80
1003.714599	0	80
1003.764599	0	80
1003.814599	0	80
1003.864599	0	144
1003.914599	0	144
1003.964599	0	144
1004.014599	0	152
1004.064599	0	152
1004.114599	0	152
1004.164599	0	196
1004.214599	0	260
1004.264599	0	268
1004.314599	0	276
1004.364599	0	324
1004.414599	0	400
1004.464599	0	400
1004.514599	0	400
1004.564599	0	400
1004.614599	0	488
1004.664599	0	676
1004.714599	0	816
1004.764599	0	816
1004.814599	0	816
1004.864599	0	816
1004.914599	0	816
1005.001599	0	816
1005.014599	0	816
1005.113599	0	816
1005.164599	0	816
1005.214599	0	816
1005.264599	0	816
1005.314599	0	816
1005.364599	0	816
1005.414599	0	824
1005.463599	0	1088
1005.513599	0	1284
1005.563599	0	1308
1005.613599	0	1356
1005.663599	0	1528
1005.713599	-788	1648
1005.763599	-788	1708
1005.813599	-788	1728
1005.863599	-788	1728
1005.913599	-788	1728
1005.963599	-788	1728
1006.013599	-788	1728
1006.063599	-788	1720
1006.113599	0	1464
1006.163599	0	1252
1006.213599	0	1252
1006.263599	0	1252
1006.313599	0	1252
1006.363599	0	1252
1006.413599	0	1252
1006.463599	0	1252
1006.513599	0	1252
1006.563599	0	1252
1006.613599	0	1252
1006.663599	0	1252
1006.713599	0	1252
1006.763599	0	1252
1006.813599	0	1252
1006.863599	0	1252
1006.913599	0	1252
1006.963599	0	1252
1007.013599	0	1252
1007.063599	0	1252
1007.113599	0	1252
1007.163599	0	1252
1007.213599	0	1252
1007.263599	0	1252
1007.313599	0	1252
1007.363599	0	1252
1007.413599	0	1252
1007.463599	0	1252
1007.513599	0	1252
1007.563599	0	1252
1007.613599	0	1252
1007.663599	0	1252
1007.713599	0	1252
1007.763599	0	1252
1007.813599	0	1252
1007.863599	0	1252
1007.913599	0	1252
1007.963599	0	1252
1008.013599	0	1252
1008.063599	0	1252
1008.113599	0	1252
1008.163599	0	1252
1008.213599	0	1252
1008.263599	0	1252
1008.313599	0	1252
1008.363599	0	1252
1008.413599	0	1252
1008.463599	0	1252
1008.513599	0	1252
1008.563599	0	1252
1008.613599	0	1252
1008.663599	0	1252
1008.713599	0	1252
1008.763599	0	1252
1008.813599	0	1252
1008.863599	0	1252
1008.913599	0	1252
1008.963599	0	1252
1009.013599	0	1252
1009.063599	0	1252
1009.113599	0	1252
1009.163599	0	1252
1009.213599	0	1252
1009.263599	0	1252
1009.313599	0	1252
1009.363599	0	1252
1009.413599	0	1252
1009.463599	0	1252
1009.513599	0	1252
1009.563599	0	1160
1009.613599	0	980
1009.663599	0	760
1009.713599	0	512
1009.763599	0	316
1009.813599	0	32
1009.863599	0	0
1009.913599	0	0
1009.963599	0	0
1010.013599	0	0
1010.063599	0	0
1010.113599	0	0
1010.163599	0	0
1010.213599	0	0
1010.263599	0	0
1010.313599	0	0
1010.363599	0	0
1010.413599	0	0
1010.463599	0	0
1010.513599	0	0
1010.563599	0	0
1010.613599	0	0
1010.663599	0	0
1010.713599	0	0
1010.763599	0	0
1010.813599	0	0
1010.863599	0	0
1010.913599	0	0
1010.963599	0	0
1011.013599	0	32
1011.063599	0	128
1011.113599	0	236
1011.163599	0	340
1011.213599	0	424
1011.263599	0	556
1011.313599	0	628
1011.363599	0	900
1011.413599	0	1324
1011.463599	0	1340
1011.513599	0	1348
1011.563599	0	1348
1011.613599	0	1348
1011.663599	0	784
1011.713599	0	0
1011.763599	0	0
1011.813599	0	0
1011.863599	0	0
1011.913599	0	0
1011.963599	0	0
1012.013599	0	0
1012.063599	0	0
1012.113599	0	0
1012.163599	0	0
1012.213599	0	0
1012.263599	0	0
1012.313599	0	0
1012.363599	0	0
1012.413599	0	0
1012.463599	0	64
1012.513599	0	0
1012.563599	0	0
1012.613599	0	0
1012.663599	0	0
1012.713599	0	0
1012.763599	0	0
1012.813599	0	0
1012.863599	0	0
1012.913599	0	0
1012.963599	0	0
1013.013599	0	0
1013.063599	0	0
1013.113599	0	0
1013.163599	0	0
1013.213599	0	0
1013.263599	0	0
1013.313599	0	0
1013.363599	0	0
1013.413599	0	0
1013.463599	0	0
1013.513599	0	0
1013.563599	0	0
1013.613599	0	0
1013.663599	0	0
1013.713599	0	0
1013.763599	0	0
1013.813599	0	0
1013.863599	0	0
1013.913599	0	0
1013.963599	0	0
1014.013599	0	0
1014.063599	0	0
1014.113599	0	0
1014.163599	0	0
1014.213599	0	0
1014.263599	0	0
1014.313599	0	0
1014.363599	0	0
1014.413599	0	0
1014.463599	0	0
1014.513599	0	0
1014.563599	0	0
1014.613599	0	0
1014.663599	0	0
1014.713599	0	0
1014.763599	0	0
1014.813599	0	0
1014.863599	0	0
1014.913599	0	0
1014.963599	0	0
1015.013599	0	0
1015.063599	0	0
1015.113599	0	0
1015.163599	0	0
1015.213599	0	0
1015.263599	0	0
1015.313599	0	0
1015.363599	0	0
1015.413599	0	0
1015.463599	0	0
1015.513599	0	0
1015.563599	0	0
1015.613599	0	0
1015.663599	0	0
1015.713599	0	0
1015.763599	0	0
1015.813599	0	0
1015.863599	0	0
1015.913599	0	0
1015.963599	0	0
1016.013599	0	0
1016.063599	0	0
1016.113599	0	0
1016.163599	0	0
1016.213599	0	0
1016.263599	0	0
1016.313599	0	0
1016.363599	0	0
1016.413599	0	0
1016.463599	0	0
1016.513599	0	0
1016.563599	0	0
1016.613599	0	0
1016.663599	0	0
1016.713599	0	0
1016.763599	0	0
1016.813599	0	0
1016.863599	0	0
1016.913599	0	0
1016.963599	0	0
1017.013599	0	0
1017.063599	0	0
1017.113599	0	0
1017.163599	0	0
1017.213599	0	0
1017.263599	0	0
1017.313599	0	0
1017.363599	0	0
1017.413599	0	0
1017.463599	0	0
1017.513599	0	0
1017.563599	0	0
1017.613599	0	0
1017.663599	0	0
1017.713599	0	0
1017.763599	0	16
1017.813599	0	16
1017.863599	0	40
1017.913599	0	40
1017.963599	0	40
1018.013599	0	40
1018.063599	0	40
1018.113599	0	40
1018.163599	0	40
1018.213599	0	64
1018.263599	0	64
1018.313599	0	64
1018.363599	0	64
1018.413599	0	64
1018.463599	0	64
1018.513599	0	64
1018.563599	0	64
1018.613599	0	64
1018.663599	0	64
1018.713599	0	64
1018.763599	0	64
1018.813599	0	64
1018.863599	0	64
1018.913599	0	64
1018.963599	0	64
1019.013599	0	64
1019.063599	0	64
1019.113599	0	64
1019.163599	0	64
1019.213599	0	64
1019.263599	0	64
1019.313599	0	64
1019.363599	0	64
1019.413599	0	64
1019.463599	0	64
1019.513599	0	64
1019.563599	0	64
1019.613599	0	64
1019.663599	0	64
1019.713599	0	64
1019.763599	0	88
1019.813599	0	88
1019.863599	0	88
1019.913599	0	88
1019.963599	0	88
1020.013599	0	96
1020.063599	0	96
1020.113599	0	96
1020.163599	0	96
1020.213599	0	96
1020.263599	0	96
1020.313599	0	96
1020.363599	0	96
1020.413599	0	96
1020.463599	0	96
1020.513599	0	96
1020.563599	0	96
1020.613599	0	96
1020.663599	0	96
1020.713599	0	96
1020.763599	0	96
1020.813599	0	96
1020.863599	0	96
1020.913599	0	96
1020.963599	0	96
1021.013599	0	96
1021.063599	0	96
1021.113599	0	96
1021.163599	0	96
1021.213599	0	96
1021.263599	0	96
1021.313599	0	96
1021.363599	0	96
1021.413599	0	96
1021.463599	0	96
1021.513599	0	96
1021.563599	0	96
1021.613599	0	96
1021.663599	0	96
1021.713599	0	96
1021.763599	0	96
1021.813599	0	96
1021.863599	0	96
1021.913599	0	96
1021.963599	0	96
1022.013599	0	96
1022.063599	0	96
1022.113599	0	96
1022.163599	0	96
1022.213599	0	96
1022.263599	0	96
1022.313599	0	96
1022.363599	0	96
1022.413599	0	96
1022.463599	0	96
1022.513599	0	96
1022.563599	0	96
1022.613599	0	96
1022.663599	0	96
1022.713599	0	96
1022.763599	0	96
1022.813599	0	96
1022.863599	0	96
1022.912599	0	96
1022.962599	0	96
1023.012599	0	96
1023.062599	0	96
1023.112599	0	96
1023.162599	0	96
1023.212599	0	96
1023.262599	0	96
1023.312599	0	96
1023.362599	0	96
1023.412599	0	96
1023.462599	0	96
1023.512599	0	96
1023.562599	0	96
1023.612599	0	96
1023.662599	0	96
1023.712599	0	96
1023.762599	0	96
1023.812599	0	96
1023.862599	0	96
1023.912599	0	96
1023.962599	0	96
1024.012599	0	96
1024.062599	0	96
1024.112599	0	96
1024.162599	0	96
1024.212599	0	96
1024.262599	0	96
1024.312599	0	96
1024.362599	0	96
1024.412599	0	96
1024.462599	0	96
1024.512599	0	96
1024.562599	0	96
1024.612599	0	96
1024.662599	0	96
1024.712599	0	96
1024.762599	0	96
1024.812599	0	96
1024.862599	0	96
1024.912599	0	96
1024.962599	0	96
1025.012599	0	96
1025.062599	0	96
1025.112599	0	96
1025.162599	0	96
1025.212599	0	96
1025.262599	0	96
1025.312599	0	96
1025.362599	0	96
1025.412599	0	96
1025.462599	0	96
1025.512599	0	96
1025.562599	0	96
1025.612599	0	96
1025.662599	0	96
1025.712599	0	96
1025.762599	0	96
1025.812599	0	96
1025.862599	0	96
1025.912599	0	96
1025.962599	0	96
1026.012599	0	96
1026.062599	0	96
1026.112599	0	96
1026.162599	0	96
1026.212599	0	96
1026.262599	0	96
1026.312599	0	104
1026.362599	0	152
1026.412599	0	152
1026.462599	0	180
1026.512599	0	188
1026.562599	0	188
1026.612599	0	188
1026.662599	0	188
1026.712599	0	188
1026.762599	0	188
1026.812599	0	188
1026.862599	0	188
1026.912599	0	188
1026.962599	0	188
1027.012599	0	188
1027.062599	0	188
1027.112599	0	188
1027.162599	0	188
1027.212599	0	188
1027.262599	0	0
1027.312599	0	0
1027.362599	0	0
1027.412599	0	0
1027.462599	0	0
1027.512599	0	0
1027.562599	0	0
1027.612599	0	0
1027.662599	0	0
1027.712599	0	0
1027.762599	0	0
1027.812599	0	0
1027.862599	0	0
1027.912599	0	0
1027.962599	0	340
1028.012599	0	340
1028.062599	0	340
1028.112599	0	340
1028.162599	0	340
1028.212599	0	340
1028.262599	0	340
1028.312599	0	556
1028.362599	0	720
1028.412599	0	808
1028.462599	0	948
1028.512599	0	1020
1028.562599	0	1104
1028.612599	0	1184
1028.662599	0	1216
1028.712599	0	1236
1028.762599	0	1252
1028.812599	0	1260
1028.862599	0	1260
1028.912599	0	1260
1028.962599	0	1276
1029.012599	0	1276
1029.062599	0	1276
1029.112599	0	1276
1029.162599	0	1276
1029.212599	0	1276
1029.262599	0	1276
1029.312599	0	1276
1029.362599	0	1276
1029.412599	0	1276
1029.462599	0	1276
1029.512599	0	1308
1029.562599	0	1316
1029.612599	0	1332
1029.662599	0	1372
1029.712599	0	1464
1029.762599	0	1464
1029.812599	0	1464
1029.862599	0	1464
1029.912599	0	1388
1029.962599	0	0
1030.012599	0	0
1030.062599	0	0
1030.112599	0	0
1030.162599	0	0
1030.212599	0	0
1030.262599	0	0
1030.312599	0	0
1030.362599	0	0
1030.412599	0	0
1030.462599	0	0
1030.512599	0	0
1030.562599	0	0
1030.612599	0	0
1030.662599	0	0
1030.712599	0	0
1030.762599	0	0
1030.812599	0	0
1030.862599	0	0
1030.912599	0	0
1030.962599	0	0
1031.012599	0	0
1031.062599	0	0
1031.112599	0	0
1031.162599	0	0
1031.212599	0	0
1031.262599	0	0
1031.312599	0	0
1031.362599	0	0
1031.412599	0	0
1031.462599	0	0
1031.512599	0	0
1031.562599	0	0
1031.612599	0	0
1031.662599	0	0
1031.712599	0	0
1031.762599	0	0
1031.812599	0	0
1031.862599	0	0
1031.912599	0	0
1031.962599	0	0
1032.012599	0	0
1032.062599	0	0
1032.112599	0	0
1032.162599	0	0
1032.212599	0	0
1032.262599	0	0
1032.312599	0	0
1032.362599	0	0
1032.412599	0	0
1032.462599	0	0
1032.512599	0	0
1032.562599	0	0
1032.612599	0	0
1032.662599	0	0
1032.712599	0	0
1032.762599	0	0
1032.812599	0	0
1032.862599	0	0
1032.912599	0	0
1032.962599	0	236
1033.012599	0	440
1033.062599	0	496
1033.112599	0	532
1033.162599	0	532
1033.212599	0	540
1033.262599	0	564
1033.312599	0	580
1033.362599	0	580
1033.412599	0	580
1033.462599	0	580
1033.512599	0	580
1033.562599	0	580
1033.612599	0	612
1033.662599	0	612
1033.712599	0	660
1033.762599	0	704
1033.812599	0	744
1033.862599	0	784
1033.912599	0	800
1033.962599	0	876
1034.012599	0	916
1034.062599	0	948
1034.112599	0	972
1034.162599	0	980
1034.212599	0	1048
1034.262599	0	1064
1034.312599	0	1064
1034.362599	0	1064
1034.412599	0	1072
1034.462599	0	1152
1034.512599	0	1184
1034.562599	0	1276
1034.612599	0	1292
1034.662599	0	1300
1034.712599	0	1400
1034.762599	0	1456
1034.812599	0	1472
1034.862599	0	1512
1034.912599	0	1520
1034.962599	0	1536
1035.012599	-444	1576
1035.062599	-444	1576
1035.112599	-444	1576
1035.162599	-444	1576
1035.212599	-444	1576
1035.262599	-444	1584
1035.312599	-444	1608
1035.362599	-444	1608
1035.412599	-444	1608
1035.462599	-444	1608
1035.512599	-444	1608
1035.562599	-444	1608
1035.612599	-444	1608
1035.662599	-444	1608
1035.712599	-444	1608
1035.762599	-444	1608
1035.812599	-444	1608
1035.862599	-444	1608
1035.912599	-444	1608
1035.962599	-444	1608
1036.012599	-444	1608
1036.062599	-444	1608
1036.112599	-444	1608
1036.162599	-444	1608
1036.212599	-444	1608
1036.262599	-444	1608
1036.312599	-444	1608
1036.362599	-444	1608
1036.412599	-444	1608
1036.462599	-444	1608
1036.512599	-444	1608
1036.562599	-444	1608
1036.612599	-444	1608
1036.662599	-444	1608
1036.712599	-444	1608
1036.762599	-444	1608
1036.812599	-444	1608
1036.862599	-444	1608
1036.912599	-444	1608
1036.996599	-444	1612
1037.012599	-444	1612
1037.069599	-444	1632
1037.112599	-444	1632
1037.162599	-444	1632
1037.212599	-444	1640
1037.262599	-444	1640
1037.312599	-444	1640
1037.362599	-444	1648
1037.412599	-444	1664
1037.462599	-444	1676
1037.512599	-444	1688
1037.562599	-444	1696
1037.612599	-444	1700
1037.662599	-444	1700
1037.712599	-444	1732
1037.762599	-444	1732
1037.812599	-444	1732
1037.862599	-444	1732
1037.912599	-444	1732
1037.962599	-444	1732
1038.012599	-444	1732
1038.062599	-444	1732
1038.112599	-444	1732
1038.162599	-444	1760
1038.212599	-444	1760
1038.262599	-444	1760
1038.312599	-444	1760
1038.362599	-444	1760
1038.412599	-444	1760
1038.462599	-444	1784
1038.512599	-444	1784
1038.562599	-444	1784
1038.612599	-444	1808
1038.662599	-444	1836
1038.712599	-444	1836
1038.762599	-444	1836
1038.812599	-444	1836
1038.862599	-448	1840
1038.912599	-448	1856
1038.962599	-448	1860
1039.012599	-452	1860
1039.062599	-452	1860
1039.112599	-452	1860
1039.162599	-452	1884
1039.212599	-456	1884
1039.262599	-456	1900
1039.312599	-484	1900
1039.362599	-484	1900
1039.412599	-484	1916
1039.462599	-484	1944
1039.512599	-484	1948
1039.562599	-496	1956
1039.612599	-500	1960
1039.662599	-500	1960
1039.712599	-500	1960
1039.762599	-500	1980
1039.812599	-512	2000
1039.862599	-520	2008
1039.912599	-532	2032
1039.962599	-560	2044
1040.012599	-560	2076
1040.062599	-576	2096
1040.112599	-576	2100
1040.162599	-584	2124
1040.212599	-592	2144
1040.262599	-604	2164
1040.312599	-620	2196
1040.362599	-632	2208
1040.411599	-640	2208
1040.461599	-644	2228
1040.511599	-644	2292
1040.561599	-652	2296
1040.611599	-652	2296
1040.661599	-676	2328
1040.711599	-676	2332
1040.761599	-676	2352
1040.811599	-676	2380
1040.861599	-676	2400
1040.911599	-676	2420
1040.961599	-676	2476
1041.011599	-676	2532
1041.061599	-684	2536
1041.111599	-684	2564
1041.161599	-684	2564
1041.211599	-684	2564
1041.261599	-684	2568
1041.311599	-704	2608
1041.361599	-704	2624
1041.411599	-704	2660
1041.461599	-708	2672
1041.511599	-708	2688
1041.561599	-708	2704
1041.611599	-708	2704
1041.661599	-708	2712
1041.711599	-708	2712
1041.761599	-708	2728
1041.811599	-716	2740
1041.861599	-716	2764
1041.911599	-716	2764
1041.961599	-736	2772
1042.011599	-736	2788
1042.061599	-736	2788
1042.111599	-736	2800
1042.161599	-736	2800
1042.211599	-736	2808
1042.261599	-736	2816
1042.311599	-736	2816
1042.361599	-736	2816
1042.411599	-740	2844
1042.461599	-740	2844
1042.511599	-740	2844
1042.561599	-740	2844
1042.611599	-740	2844
1042.661599	-740	2848
1042.711599	-740	2864
1042.761599	-740	2864
1042.811599	-740	2868
1042.861599	-740	2900
1042.911599	-740	2900
1042.961599	-752	2900
1043.011599	-752	2920
1043.061599	-752	2920
1043.111599	-752	2920
1043.161599	-752	2920
1043.211599	-752	2920
1043.261599	-752	2920
1043.311599	-752	2928
1043.361599	-752	2928
1043.411599	-752	2956
1043.461599	-752	2956
1043.511599	-752	2984
1043.561599	-764	2992
1043.611599	-796	3004
1043.661599	-796	3024
1043.711599	-812	3064
1043.761599	-812	3096
1043.811599	-828	3096
1043.861599	-828	3152
1043.911599	-828	3156
1043.961599	-832	3184
1044.011599	-832	3192
1044.061599	-832	3200
1044.111599	-832	3228
1044.161599	-836	3232
1044.211599	-836	3236
1044.261599	-836	3260
1044.311599	-836	3288
1044.361599	-856	3308
1044.411599	-856	3308
1044.461599	-856	3320
1044.511599	-856	3332
1044.561599	-856	3332
1044.611599	-860	3344
1044.661599	-860	3368
1044.711599	-860	3368
1044.761599	-860	3384
1044.811599	-860	3388
1044.861599	-860	3408
1044.911599	-860	3408
1044.961599	-860	3408
1045.011599	-868	3424
1045.061599	-868	3428
1045.111599	-868	3452
1045.161599	-868	3452
1045.211599	-868	3476
1045.261599	-868	3476
1045.311599	-868	3476
1045.361599	-868	3508
1045.411599	-868	3512
1045.461599	-868	3536
1045.511599	-868	3536
1045.561599	-868	3544
1045.611599	-868	3560
1045.661599	-868	3576
1045.711599	-868	3576
1045.761599	-868	3580
1045.811599	-868	3608
1045.861599	-868	3612
1045.911599	-868	3636
1045.961599	-868	3636
1046.011599	-868	3644
1046.061599	-868	3644
1046.111599	-868	3644
1046.161599	-868	3644
1046.211599	-868	3644
1046.261599	-868	3648
1046.311599	-868	3680
1046.361599	-868	3680
1046.411599	-868	3680
1046.461599	-868	3680
1046.511599	-868	3680
1046.561599	-868	3680
1046.611599	-868	3680
1046.661599	-868	3680
1046.711599	-868	3688
1046.761599	-868	3696
1046.811599	-872	3696
1046.861599	-872	3700
1046.911599	-872	3708
1046.961599	-872	3712
1047.011599	-872	3732
1047.061599	-872	3740
1047.111599	-872	3740
1047.161599	-872	3740
1047.211599	-872	3752
1047.261599	-872	3752
1047.311599	-872	3752
1047.361599	-872	3752
1047.411599	-872	3760
1047.461599	-872	3800
1047.511599	-872	3800
1047.561599	-872	3800
1047.611599	-872	3820
1047.661599	-872	3820
1047.711599	-872	3828
1047.761599	-872	3828
1047.811599	-872	3848
1047.861599	-872	3860
1047.911599	-872	3860
1047.961599	-872	3888
1048.011599	-872	3888
1048.061599	-872	3888
1048.111599	-876	3888
1048.161599	-876	3888
1048.211599	-876	3916
1048.261599	-880	3916
1048.311599	-880	3916
1048.361599	-880	3920
1048.411599	-880	3920
1048.461599	-880	3956
1048.511599	-880	3956
1048.561599	-884	3956
1048.611599	-884	3956
1048.661599	-884	3964
1048.711599	-884	3964
1048.761599	-884	3964
1048.811599	-884	3964
1048.861599	-884	3964
1048.911599	-884	3964
1048.961599	-884	3968
1049.011599	-884	3972
1049.061599	-884	3972
1049.111599	-884	3992
1049.161599	-884	3992
1049.211599	-884	3992
1049.261599	-884	3992
1049.311599	-884	4000
1049.361599	-884	4000
1049.411599	-884	4008
1049.461599	-884	4008
1049.511599	-884	4008
1049.561599	-884	4008
1049.611599	-884	4008
1049.661599	-884	4008
1049.711599	-884	4020
1049.761599	-884	4024
1049.811599	-884	4036
1049.861599	-884	4036
1049.911599	-884	4036
1049.961599	-884	4036
1050.011599	-884	4036
1050.061599	-884	4036
1050.111599	-884	4036
1050.161599	-884	4052
1050.211599	-884	4052
1050.261599	-884	4052
1050.311599	-884	4052
1050.361599	-884	4052
1050.411599	-884	4052
1050.461599	-884	4052
1050.511599	-884	4068
1050.561599	-884	4068
1050.611599	-884	4076
1050.661599	-884	4084
1050.711599	-884	4084
1050.761599	-884	4088
1050.811599	-884	4092
1050.861599	-884	4092
1050.911599	-884	4092
1050.961599	-884	4092
1051.011599	-884	4092
1051.061599	-884	4096
1051.111599	-884	4100
1051.161599	-884	4112
1051.211599	-884	4124
1051.261599	-884	4148
1051.311599	-884	4164
1051.361599	-884	4184
1051.411599	-884	4212
1051.461599	-884	4216
1051.511599	-884	4216
1051.561599	-884	4260
1051.611599	-884	4260
1051.661599	-884	4268
1051.711599	-884	4268
1051.761599	-884	4268
1051.811599	-884	4296
1051.861599	-884	4296
1051.911599	-884	4304
1051.961599	-884	4304
1052.011599	-884	4304
1052.061599	-884	4316
1052.111599	-884	4324
1052.161599	-884	4324
1052.211599	-884	4352
1052.261599	-884	4352
1052.311599	-884	4372
1052.361599	-884	4396
1052.411599	-884	4404
1052.461599	-884	4408
1052.511599	-884	4412
1052.561599	-884	4436
1052.611599	-884	4460
1052.661599	-884	4460
1052.711599	-884	4460
1052.761599	-884	4476
1052.811599	-884	4500
1052.861599	-884	4504
1052.911599	-884	4524
1052.961599	-884	4532
1053.011599	-884	4560
1053.061599	-884	4568
1053.111599	-884	4580
1053.161599	-884	4600
1053.211599	-884	4624
1053.261599	-884	4624
1053.311599	-884	4656
1053.361599	-884	4672
1053.411599	-884	4692
1053.461599	-884	4700
1053.511599	-884	4716
1053.561599	-884	4740
1053.611599	-884	4756
1053.661599	-884	4772
1053.711599	-884	4772
1053.761599	-884	4776
1053.811599	-884	4812
1053.861599	-884	4812
1053.911599	-884	4824
1053.961599	-884	4836
1054.011599	-884	4876
1054.061599	-884	4896
1054.111599	-884	4940
1054.161599	-884	4964
1054.211599	-884	4968
1054.261599	-884	5012
1054.311599	-884	5040
1054.361599	-884	5040
1054.411599	-884	5056
1054.461599	-884	5080
1054.511599	-884	5080
1054.561599	-884	5124
1054.611599	-884	5124
1054.661599	-884	5136
1054.711599	-884	5136
1054.761599	-884	5152
1054.811599	-884	5152
1054.861599	-884	5176
1054.911599	-884	5180
1054.961599	-884	5184
1055.011599	-884	5184
1055.061599	-884	5204
1055.111599	-884	5208
1055.161599	-884	5212
1055.211599	-884	5212
1055.261599	-884	5220
1055.311599	-884	5220
1055.361599	-884	5220
1055.411599	-884	5220
1055.461599	-884	5220
1055.511599	-884	5232
1055.561599	-884	5232
1055.611599	-884	5244
1055.661599	-884	5244
1055.711599	-884	5244
1055.761599	-884	5244
1055.811599	-884	5244
1055.861599	-884	5244
1055.911599	-884	5244
1055.961599	-884	5244
1056.011599	-884	5244
1056.061599	-884	5256
1056.111599	-884	5256
1056.161599	-884	5260
1056.211599	-884	5260
1056.261599	-884	5260
1056.311599	-884	5260
1056.361599	-884	5260
1056.411599	-884	5276
1056.461599	-884	5276
1056.511599	-884	5276
1056.561599	-884	5276
1056.611599	-884	5276
1056.661599	-884	5280
1056.711599	-884	5280
1056.761599	-884	5280
1056.811599	-884	5288
1056.861599	-884	5308
1056.911599	-884	5320
1056.961599	-884	5328
1057.011599	-884	5340
1057.061599	-884	5340
1057.111599	-884	5340
1057.161599	-884	5380
1057.211599	-884	5400
1057.261599	-884	5428
1057.311599	-884	5452
1057.361599	-884	5464
1057.411599	-884	5516
1057.461599	-884	5532
1057.511599	-884	5572
1057.561599	-884	5604
1057.611599	-884	5660
1057.661599	-884	5688
1057.711599	-884	5724
1057.761599	-884	5724
1057.811599	-884	5748
1057.861599	-884	5788
1057.910599	-884	5804
1057.960599	-884	5840
1058.010599	-884	5876
1058.060599	-884	5916
1058.110599	-884	5960
1058.160599	-884	5972
1058.210599	-884	6020
1058.260599	-884	6024
1058.310599	-884	6064
1058.360599	-884	6128
1058.410599	-884	6140
1058.460599	-884	6188
1058.510599	-884	6228
1058.560599	-884	6236
1058.610599	-884	6264
1058.660599	-884	6316
1058.710599	-884	6352
1058.760599	-884	6376
1058.810599	-868	6388
1058.860599	-836	6396
1058.910599	-832	6412
1058.960599	-824	6428
1059.010599	-812	6480
1059.060599	-764	6512
1059.110599	-740	6540
1059.160599	-736	6572
1059.210599	-696	6628
1059.260599	-644	6700
1059.310599	-608	6776
1059.360599	-572	6820
1059.410599	-532	6856
1059.460599	-500	6920
1059.510599	-436	6968
1059.560599	-428	7036
1059.610599	-352	7096
1059.660599	-352	7116
1059.710599	-352	7164
1059.760599	-352	7176
1059.810599	-340	7204
1059.860599	-324	7248
1059.910599	-304	7300
1059.960599	-288	7348
1060.010599	-256	7412
1060.060599	-244	7468
1060.110599	-244	7496
1060.160599	-244	7516
1060.210599	-244	7516
1060.260599	-244	7516
1060.310599	-244	7516
1060.360599	-244	7524
1060.410599	-244	7584
1060.460599	-244	7612
1060.510599	-244	7676
1060.560599	-244	7708
1060.610599	-244	7756
1060.660599	-244	7784
1060.710599	-244	7784
1060.760599	-244	7784
1060.810599	-244	7784
1060.860599	-244	7800
1060.910599	-244	7804
1060.960599	-244	7820
1061.010599	-244	7820
1061.060599	-244	7880
1061.110599	-244	7880
1061.160599	-244	7896
1061.210599	-244	7920
1061.260599	-244	7928
1061.310599	-244	7936
1061.360599	-244	7952
1061.410599	-244	7960
1061.460599	-244	7984
1061.510599	-244	7992
1061.560599	-244	7992
1061.610599	-244	7996
1061.660599	-244	8012
1061.710599	-244	8040
1061.760599	-244	8056
1061.810599	-244	8056
1061.860599	-244	8064
1061.910599	-244	8068
1061.960599	-244	8068
1062.010599	-244	8068
1062.060599	-244	8068
1062.110599	-244	8076
1062.160599	-244	8076
1062.210599	-244	8076
1062.260599	-244	8076
1062.310599	-244	8076
1062.360599	-244	8076
1062.410599	-244	8076
1062.460599	-244	8076
1062.510599	-244	8076
1062.560599	-244	8076
1062.610599	-244	8076
1062.660599	-244	8076
1062.710599	-244	8076
1062.760599	-244	8076
1062.810599	-244	8076
1062.860599	-244	8076
1062.910599	-244	8076
1062.960599	-244	8076
1063.010599	-244	8076
1063.060599	-244	8076
1063.110599	-244	8076
1063.160599	-244	8076
1063.210599	-244	8076
1063.260599	-244	8076
1063.310599	-244	8088
1063.360599	-244	8092
1063.410599	-244	8092
1063.460599	-244	8116
1063.510599	-244	8120
1063.560599	-244	8140
1063.610599	-244	8140
1063.660599	-244	8140
1063.710599	-244	8156
1063.760599	-244	8156
1063.810599	-244	8196
1063.860599	-244	8196
1063.910599	-244	8196
1063.960599	-244	8200
1064.010599	-244	8220
1064.060599	-244	8220
1064.110599	-244	8240
1064.160599	-244	8240
1064.210599	-244	8240
1064.260599	-244	8244
1064.310599	-244	8260
1064.360599	-244	8264
1064.410599	-244	8264
1064.460599	-244	8284
1064.510599	-244	8284
1064.560599	-244	8284
1064.610599	-244	8284
1064.660599	-244	8284
1064.710599	-244	8284
1064.760599	-244	8284
1064.810599	-244	8284
1064.860599	-244	8284
1064.910599	-244	8284
1064.960599	-244	8284
1065.010599	-244	8284
1065.060599	-244	8284
1065.110599	-244	8284
1065.160599	-244	8284
1065.210599	-244	8284
1065.260599	-244	8284
1065.310599	-244	8284
1065.360599	-244	8292
1065.410599	-244	8292
1065.460599	-244	8292
1065.510599	-244	8292
1065.560599	-244	8292
1065.610599	-244	8292
1065.660599	-244	8292
1065.710599	-244	8292
1065.760599	-244	8292
1065.810599	-244	8292
1065.860599	-244	8292
1065.910599	-244	8292
1065.960599	-244	8292
1066.010599	-244	8292
1066.060599	-244	8292
1066.110599	-244	8292
1066.160599	-244	8292
1066.210599	-244	8292
1066.260599	-244	8292
1066.310599	-244	8292
1066.360599	-244	8292
1066.410599	-244	8292
1066.460599	-244	8292
1066.510599	-244	8292
1066.560599	-244	8292
1066.610599	-244	8292
1066.660599	-244	8292
1066.710599	-244	8292
1066.760599	-244	8292
1066.810599	-244	8292
1066.860599	-244	8292
1066.910599	-244	8292
1066.960599	-244	8296
1067.010599	-244	8308
1067.060599	-244	8320
1067.110599	-244	8320
1067.160599	-244	8340
1067.210599	-244	8368
1067.260599	-244	8368
1067.310599	-244	8424
1067.360599	-244	8428
1067.410599	-244	8440
1067.460599	-244	8444
1067.510599	-244	8476
1067.560599	-244	8496
1067.610599	-244	8504
1067.660599	-244	8524
1067.710599	-244	8560
1067.760599	-244	8560
1067.810599	-244	8568
1067.860599	-244	8568
1067.910599	-244	8572
1067.960599	-244	8580
1068.010599	-244	8580
1068.060599	-244	8596
1068.110599	-244	8608
1068.160599	-244	8608
1068.210599	-244	8620
1068.260599	-244	8620
1068.310599	-244	8620
1068.360599	-244	8632
1068.410599	-244	8640
1068.460599	-244	8664
1068.510599	-244	8664
1068.560599	-244	8664
1068.610599	-244	8664
1068.660599	-244	8664
1068.710599	-244	8668
1068.760599	-244	8668
1068.810599	-244	8680
1068.860599	-244	8680
1068.910599	-244	8680
1069.095599	-244	8680
1069.110599	-244	8680
1069.160599	-244	8680
1069.210599	-244	8680
1069.260599	-244	8680
1069.312599	-244	8680
1069.360599	-244	8680
1069.410599	-244	8680
1069.460599	-244	8688
1069.510599	-244	8696
1069.560599	-244	8700
1069.610599	-244	8700
1069.660599	-244	8724
1069.710599	-244	8740
1069.760599	-244	8756
1069.810599	-244	8768
1069.860599	-244	8768
1069.910599	-244	8768
1069.960599	-244	8768
1070.010599	-244	8768
1070.060599	-244	8776
1070.110599	-244	8776
1070.160599	-244	8776
1070.210599	-240	8792
1070.260599	-240	8812
1070.310599	-240	8812
1070.360599	-240	8844
1070.410599	-240	8844
1070.460599	-240	8844
1070.510599	-240	8868
1070.560599	-240	8868
1070.610599	-240	8868
1070.660599	-240	8876
1070.710599	-240	8876
1070.760599	-240	8876
1070.810599	-240	8892
1070.860599	-220	8892
1070.910599	-220	8920
1070.960599	-220	8920
1071.010599	-220	8928
1071.060599	-220	8936
1071.110599	-220	8964
1071.160599	-216	8964
1071.210599	-208	8968
1071.260599	-196	8992
1071.310599	-184	9016
1071.360599	-184	9024
1071.410599	-184	9036
1071.460599	-184	9056
1071.510599	-164	9076
1071.560599	-164	9096
1071.610599	-164	9096
1071.660599	-160	9120
1071.710599	-160	9120
1071.760599	-160	9120
1071.810599	-160	9156
1071.860599	-160	9156
1071.910599	-160	9172
1071.960599	-160	9172
1072.010599	-160	9192
1072.060599	-160	9204
1072.110599	-160	9204
1072.160599	-160	9204
1072.210599	-160	9220
1072.260599	-160	9232
1072.310599	-160	9252
1072.360599	-160	9252
1072.410599	-160	9268
1072.460599	-160	9268
1072.510599	-160	9268
1072.560599	-160	9268
1072.610599	-160	9296
1072.660599	-160	9296
1072.710599	-160	9296
1072.760599	-160	9304
1072.810599	-160	9304
1072.860599	-160	9316
1072.910599	-160	9336
1072.960599	-160	9344
1073.010599	-160	9372
1073.060599	-160	9404
1073.110599	-160	9440
1073.160599	-160	9448
1073.210599	-160	9448
1073.260599	-156	9464
1073.310599	-156	9472
1073.360599	-156	9512
1073.410599	-156	9512
1073.460599	-156	9520
1073.510599	-156	9520
1073.560599	-156	9524
1073.610599	-156	9524
1073.660599	-156	9536
1073.710599	-156	9568
1073.760599	-156	9568
1073.810599	-156	9580
1073.860599	-156	9596
1073.910599	-148	9636
1073.960599	-136	9636
1074.010599	-136	9640
1074.060599	-136	9656
1074.110599	-136	9696
1074.160599	-136	9712
1074.210599	-136	9728
1074.260599	-136	9728
1074.310599	-136	9728
1074.360599	-136	9728
1074.410599	-136	9728
1074.460599	-136	9728
1074.510599	-136	9728
1074.560599	-136	9728
1074.610599	-136	9728
1074.660599	-136	9728
1074.710599	-136	9728
1074.760599	-136	9728
1074.810599	-136	9728
1074.860599	-132	9728
1074.910599	-128	9756
1074.960599	-124	9812
1075.010599	-112	9812
1075.060599	-104	9824
1075.110599	-104	9860
1075.160599	-88	9888
1075.210599	-88	9928
1075.260599	-68	9928
1075.310599	-68	9940
1075.359599	-68	9988
1075.409599	-68	9996
1075.459599	-68	10012
1075.509599	-68	10020
1075.559599	-68	10028
1075.609599	-60	10044
1075.659599	-60	10056
1075.709599	-60	10064
1075.759599	-60	10064
1075.809599	-60	10064
1075.859599	-60	10096
1075.909599	-56	10108
1075.959599	-56	10108
1076.009599	-56	10124
1076.059599	-56	10144
1076.109599	-56	10144
1076.159599	-56	10152
1076.209599	-56	10180
1076.259599	-56	10192
1076.309599	-56	10216
1076.359599	-56	10216
1076.409599	-56	10216
1076.459599	-56	10224
1076.509599	-48	10268
1076.559599	-48	10276
1076.609599	-48	10292
1076.659599	-48	10292
1076.709599	-48	10292
1076.759599	-48	10340
1076.809599	-48	10340
1076.859599	-48	10364
1076.909599	-48	10380
1076.959599	-48	10400
1077.009599	-48	10400
1077.059599	-48	10408
1077.109599	-48	10444
1077.159599	-48	10456
1077.209599	-48	10496
1077.259599	-48	10504
1077.309599	-48	10524
1077.359599	-48	10568
1077.409599	-48	10588
1077.459599	-48	10636
1077.509599	-48	10636
1077.559599	-48	10676
1077.609599	-48	10708
1077.659599	-48	10712
1077.709599	-48	10728
1077.759599	-48	10752
1077.809599	-48	10760
1077.859599	-48	10768
1077.909599	-48	10776
1077.959599	-48	10808
1078.009599	-48	10832
1078.059599	-48	10832
1078.109599	-48	10836
1078.159599	-48	10844
1078.209599	-48	10888
1078.259599	-48	10892
1078.309599	-48	10892
1078.359599	-48	10892
1078.409599	-48	10912
1078.459599	-48	10936
1078.509599	-48	10936
1078.559599	-48	10948
1078.609599	-48	10968
1078.659599	-48	10968
1078.709599	-48	11024
1078.759599	-48	11024
1078.809599	-48	11024
1078.859599	-48	11040
1078.909599	-48	11072
1078.959599	-48	11088
1079.009599	-48	11116
1079.059599	-48	11148
1079.109599	-48	11172
1079.159599	-48	11208
1079.209599	-48	11220
1079.259599	-48	11220
1079.309599	-48	11228
1079.359599	-48	11244
1079.409599	-48	11256
1079.459599	-48	11260
1079.509599	-48	11260
1079.559599	-48	11272
1079.609599	-48	11272
1079.659599	-48	11312
1079.709599	-48	11324
1079.759599	-48	11324
1079.809599	-48	11336
1079.859599	-48	11360
1079.909599	-48	11380
1079.959599	-48	11396
1080.009599	-48	11412
1080.059599	-48	11424
1080.109599	-48	11448
1080.159599	-48	11448
1080.209599	-48	11464
1080.259599	-48	11472
1080.309599	-48	11472
1080.359599	-48	11480
1080.409599	-48	11492
1080.459599	-48	11492
1080.509599	-48	11492
1080.559599	-48	11504
1080.609599	-48	11504
1080.659599	-48	11508
1080.709599	-48	11508
1080.759599	-48	11508
1080.809599	-48	11508
1080.859599	-48	11508
1080.909599	-48	11508
1080.959599	-48	11508
1081.009599	-48	11508
1081.059599	-48	11508
1081.109599	-48	11516
1081.159599	-48	11532
1081.209599	-48	11536
1081.259599	-48	11556
1081.309599	-48	11560
1081.359599	-48	11592
1081.409599	-48	11628
1081.459599	-48	11656
1081.509599	-48	11672
1081.559599	-48	11696
1081.609599	-48	11720
1081.659599	-48	11720
1081.709599	-48	11724
1081.759599	-48	11772
1081.809599	-48	11772
1081.859599	-48	11772
1081.909599	-48	11780
1081.959599	-48	11792
1082.009599	-48	11816
1082.059599	-48	11816
1082.109599	-48	11832
1082.159599	-48	11844
1082.209599	-48	11848
1082.259599	-48	11852
1082.309599	-48	11852
1082.359599	-48	11868
1082.409599	-48	11880
1082.459599	-48	11904
1082.509599	-48	11924
1082.559599	-48	11952
1082.609599	-48	11980
1082.659599	-48	11980
1082.709599	-48	12024
1082.759599	-48	12036
1082.809599	-48	12084
1082.859599	-48	12112
1082.909599	-48	12116
1082.959599	-48	12144
1083.009599	-48	12188
1083.059599	-48	12204
1083.109599	-48	12216
1083.159599	-48	12236
1083.209599	-48	12236
1083.259599	-48	12272
1083.309599	-48	12272
1083.359599	-48	12296
1083.409599	-48	12296
1083.459599	-48	12304
1083.509599	-48	12304
1083.559599	-48	12324
1083.609599	-48	12324
1083.659599	-48	12324
1083.709599	-48	12324
1083.759599	-48	12324
1083.809599	-48	12324
1083.859599	-48	12324
1083.909599	-48	12324
1083.959599	-48	12324
1084.009599	-48	12324
1084.059599	-48	12324
1084.109599	-48	12324
1084.159599	-48	12324
1084.209599	-48	12324
1084.259599	-48	12324
1084.309599	-48	12324
1084.359599	-48	12324
1084.409599	-48	12324
1084.459599	-48	12324
1084.509599	-48	12324
1084.559599	-48	12324
1084.609599	-48	12324
1084.659599	-48	12324
1084.709599	-48	12324
1084.759599	-48	12324
1084.809599	-48	12324
1084.859599	-48	12324
1084.909599	-48	12324
1084.959599	-48	12324
1085.009599	-48	12324
1085.059599	-48	12324
1085.109599	-48	12324
1085.159599	-48	12324
1085.209599	-48	12324
1085.259599	-48	12324
1085.309599	-48	12324
1085.359599	-48	12324
1085.409599	-48	12324
1085.459599	-48	12324
1085.509599	-48	12324
1085.559599	-48	12324
1085.609599	-48	12324
1085.659599	-48	12324
1085.709599	-48	12324
1085.759599	-48	12324
1085.809599	-48	12324
1085.859599	-40	12324
1085.909599	-36	12324
1085.959599	-16	12324
1086.009599	-16	12344
1086.059599	0	12344
1086.109599	21	12384
1086.159599	21	12384
1086.209599	21	12384
1086.259599	49	12392
1086.309599	49	12420
1086.359599	49	12420
1086.409599	49	12460
1086.459599	53	12460
1086.509599	53	12460
1086.559599	53	12460
1086.609599	53	12460
1086.659599	53	12464
1086.709599	53	12464
1086.759599	53	12464
1086.809599	53	12464
1086.859599	53	12464
1086.909599	53	12464
1086.959599	53	12464
1087.009599	53	12464
1087.059599	53	12464
1087.109599	53	12464
1087.159599	53	12464
1087.209599	53	12464
1087.259599	53	12464
1087.309599	53	12472
1087.359599	53	12472
1087.409599	53	12484
1087.459599	53	12508
1087.509599	53	12520
1087.559599	53	12520
1087.609599	53	12536
1087.659599	53	12556
1087.709599	53	12560
1087.759599	53	12560
1087.809599	53	12560
1087.859599	53	12564
1087.909599	53	12576
1087.959599	53	12600
1088.009599	69	12620
1088.059599	69	12620
1088.109599	69	12628
1088.159599	101	12648
1088.209599	101	12684
1088.259599	101	12684
1088.309599	101	12684
1088.359599	101	12696
1088.409599	101	12696
1088.459599	101	12696
1088.509599	101	12696
1088.559599	101	12696
1088.609599	101	12696
1088.659599	101	12696
1088.709599	101	12696
1088.759599	101	12700
1088.809599	101	12700
1088.859599	101	12700
1088.909599	101	12700
1088.959599	101	12704
1089.009599	101	12716
1089.059599	101	12716
1089.109599	101	12716
1089.159599	101	12716
1089.209599	101	12716
1089.259599	101	12716
1089.309599	101	12716
1089.359599	101	12716
1089.409599	101	12716
1089.459599	101	12716
1089.509599	101	12716
1089.559599	101	12716
1089.609599	101	12716
1089.659599	101	12716
1089.709599	101	12716
1089.759599	101	12720
1089.809599	101	12740
1089.859599	101	12756
1089.909599	101	12788
1089.959599	117	12832
1090.009599	125	12860
1090.059599	153	12892
1090.109599	157	12920
1090.159599	177	12976
1090.209599	177	13004
1090.259599	177	13020
1090.309599	185	13032
1090.359599	185	13036
1090.409599	185	13036
1090.459599	185	13036
1090.509599	185	13036
1090.559599	185	13036
1090.609599	185	13036
1090.659599	185	13036
1090.709599	185	13036
1090.759599	185	13036
1090.809599	185	13044
1090.859599	185	13052
1090.909599	185	13052
1090.959599	185	13068
1091.009599	193	13104
1091.059599	193	13132
1091.109599	201	13140
1091.159599	213	13156
1091.209599	213	13184
1091.259599	221	13208
1091.309599	221	13236
1091.359599	229	13244
1091.409599	229	13264
1091.459599	237	13264
1091.509599	237	13264
1091.559599	237	13264
1091.609599	237	13264
1091.659599	237	13264
1091.709599	237	13264
1091.759599	237	13264
1091.809599	237	13264
1091.859599	237	13264
1091.909599	237	13264
1091.959599	237	13264
1092.009599	237	13264
1092.059599	237	13264
1092.109599	237	13264
1092.159599	237	13264
1092.209599	237	13264
1092.259599	237	13264
1092.309599	237	13264
1092.359599	237	13264
1092.409599	237	13264
1092.459599	237	13264
1092.509599	237	13264
1092.559599	237	13264
1092.609599	237	13264
1092.659599	237	13264
1092.709599	237	13264
1092.759599	237	13264
1092.809599	237	13264
1092.858599	237	13284
1092.908599	237	13292
1092.958599	237	13300
1093.008599	237	13300
1093.058599	237	13300
1093.108599	237	13300
1093.158599	237	13300
1093.208599	237	13300
1093.258599	237	13300
1093.308599	237	13300
1093.358599	237	13300
1093.408599	237	13300
1093.458599	237	13316
1093.508599	237	13332
1093.558599	237	13336
1093.608599	237	13344
1093.658599	237	13344
1093.708599	237	13348
1093.758599	237	13364
1093.808599	237	13364
1093.858599	237	13372
1093.908599	237	13372
1093.958599	237	13372
1094.008599	237	13400
1094.058599	237	13400
1094.108599	237	13412
1094.158599	237	13412
1094.208599	237	13412
1094.258599	237	13424
1094.308599	237	13436
1094.358599	237	13488
1094.408599	237	13488
1094.458599	237	13500
1094.508599	237	13524
1094.558599	237	13552
1094.608599	237	13560
1094.658599	237	13580
1094.708599	237	13600
1094.758599	237	13616
1094.808599	237	13616
1094.858599	237	13632
1094.908599	237	13632
1094.958599	237	13632
1095.008599	237	13632
1095.058599	237	13644
1095.108599	237	13644
1095.158599	237	13644
1095.208599	237	13644
1095.258599	237	13644
1095.308599	237	13644
1095.358599	237	13644
1095.408599	237	13652
1095.458599	237	13652
1095.508599	237	13676
1095.558599	237	13676
1095.608599	237	13716
1095.658599	237	13724
1095.708599	237	13724
1095.758599	237	13740
1095.808599	237	13740
1095.858599	237	13772
1095.908599	237	13808
1095.958599	237	13832
1096.008599	237	13844
1096.058599	237	13868
1096.108599	237	13868
1096.158599	237	13888
1096.208599	237	13912
1096.258599	237	13912
1096.308599	237	13912
1096.358599	237	13912
1096.408599	237	13944
1096.458599	237	13976
1096.508599	237	13976
1096.558599	237	13976
1096.608599	237	14000
1096.658599	237	14032
1096.708599	237	14060
1096.758599	237	14104
1096.808599	237	14156
1096.858599	185	14200
1096.908599	173	14232
1096.958599	125	14264
1097.008599	61	14308
1097.058599	17	14340
1097.108599	-8	14348
1097.158599	-44	14388
1097.208599	-72	14412
1097.258599	-92	14448
1097.308599	-140	14484
1097.358599	-208	14516
1097.408599	-340	14576
1097.458599	-420	14648
1097.508599	-472	14692
1097.558599	-480	14728
1097.608599	-480	14744
1097.658599	-480	14776
1097.708599	-480	14776
1097.758599	-492	14776
1097.808599	-492	14824
1097.858599	-500	14824
1097.908599	-500	14832
1097.958599	-500	14856
1098.008599	-500	14876
1098.058599	-500	14904
1098.108599	-500	14928
1098.158599	-500	14928
1098.208599	-500	14928
1098.258599	-500	14952
1098.308599	-500	15028
1098.358599	-500	15028
1098.408599	-500	15036
1098.458599	-504	15064
1098.508599	-508	15068
1098.558599	-512	15128
1098.608599	-512	15132
1098.658599	-524	15156
1098.708599	-524	15164
1098.758599	-556	15220
1098.808599	-556	15228
1098.858599	-560	15232
1098.908599	-560	15268
1098.958599	-568	15292
1099.008599	-588	15312
1099.058599	-600	15312
1099.108599	-604	15340
1099.158599	-620	15360
1099.208599	-624	15396
1099.258599	-656	15408
1099.308599	-656	15416
1099.358599	-656	15452
1099.408599	-668	15472
1099.458599	-688	15496
1099.508599	-704	15496
1099.558599	-728	15520
1099.608599	-728	15556
1099.658599	-736	15596
1099.708599	-752	15596
1099.758599	-784	15632
1099.808599	-804	15668
1099.858599	-852	15672
1099.908599	-864	15724
1099.958599	-884	15748
1100.008599	-904	15772
1100.058599	-932	15796
1100.108599	-940	15840
1100.158599	-960	15864
1100.208599	-980	15896
1100.258599	-980	15920
1100.308599	-1016	15928
1100.358599	-1020	15944
1100.408599	-1020	15956
1100.458599	-1020	15992
1100.508599	-1020	15992
1100.558599	-1024	16008
1100.608599	-1024	16016
1100.658599	-1032	16016
1100.708599	-1032	16040
1100.758599	-1032	16040
1100.808599	-1040	16048
1100.858599	-1040	16048
1100.908599	-1040	16048
1101.030599	-1048	16052
1101.058599	-1052	16072
1101.160599	-1096	16072
1101.208599	-1104	16092
1101.258599	-1140	16112
1101.308599	-1160	16140
1101.358599	-1204	16216
1101.408599	-1212	16264
1101.458599	-1292	16296
1101.508599	-1328	16372
1101.558599	-1364	16452
1101.608599	-1472	16496
1101.658599	-1516	16584
1101.708599	-1584	16632
1101.758599	-1632	16664
1101.808599	-1680	16716
1101.858599	-1724	16728
1101.908599	-1748	16752
1101.958599	-1768	16800
1102.008599	-1816	16828
1102.058599	-1860	16860
1102.108599	-1964	16896
1102.158599	-2012	16968
1102.208599	-2092	17040
1102.258599	-2136	17072
1102.308599	-2168	17080
1102.358599	-2216	17112
1102.408599	-2260	17148
1102.458599	-2340	17180
1102.508599	-2376	17208
1102.558599	-2436	17256
1102.608599	-2492	17300
1102.658599	-2560	17344
1102.708599	-2584	17388
1102.758599	-2636	17420
1102.808599	-2728	17500
1102.858599	-2856	17544
1102.908599	-3000	17620
1102.958599	-3116	17648
1103.008599	-3200	17716
1103.058599	-3304	17764
1103.108599	-3416	17816
1103.158599	-3444	17848
1103.208599	-3492	17864
1103.258599	-3536	17916
1103.308599	-3564	17932
1103.358599	-3588	17940
1103.408599	-3632	17948
1103.458599	-3652	17948
1103.508599	-3652	17948
1103.558599	-3652	18008
1103.608599	-3652	18008
1103.658599	-3660	18008
1103.708599	-3660	18008
1103.758599	-3664	18008
1103.808599	-3664	18008
1103.858599	-3664	18008
1103.908599	-3664	18008
1103.958599	-3664	18008
1104.008599	-3664	18008
1104.058599	-3664	18008
1104.108599	-3664	18008
1104.158599	-3664	18008
1104.208599	-3664	18008
1104.258599	-3664	18008
1104.308599	-3664	18008
1104.358599	-3664	18008
1104.408599	-3664	18008
1104.458599	-3672	18008
1104.508599	-3676	18008
1104.558599	-3676	18008
1104.608599	-3680	18008
1104.658599	-3680	18008
1104.708599	-3684	18008
1104.758599	-3688	18008
1104.808599	-3696	18008
1104.858599	-3708	18008
1104.908599	-3712	18008
1104.958599	-3712	18008
1105.008599	-3720	18008
1105.058599	-3720	18008
1105.108599	-3720	18008
1105.158599	-3740	18008
1105.208599	-3760	18008
1105.258599	-3788	18008
1105.308599	-3820	18008
1105.358599	-3820	18008
1105.408599	-3840	18008
1105.458599	-3864	18008
1105.508599	-3904	18008
1105.558599	-3904	18008
1105.608599	-3920	18016
1105.658599	-3952	18020
1105.708599	-3968	18040
1105.758599	-3984	18048
1105.808599	-3984	18048
1105.858599	-4012	18048
1105.908599	-4012	18048
1105.958599	-4012	18048
1106.008599	-4016	18048
1106.058599	-4016	18048
1106.108599	-4016	18048
1106.158599	-4016	18048
1106.208599	-4016	18060
1106.258599	-4016	18060
1106.308599	-4016	18060
1106.358599	-4016	18060
1106.408599	-4016	18060
1106.458599	-4016	18088
1106.508599	-4016	18104
1106.558599	-4016	18112
1106.608599	-4016	18112
1106.658599	-4016	18112
1106.708599	-4016	18156
1106.758599	-4016	18176
1106.808599	-4016	18216
1106.858599	-4016	18228
1106.908599	-4016	18264
1106.958599	-4016	18272
1107.008599	-4016	18300
1107.058599	-4016	18332
1107.108599	-4016	18332
1107.158599	-4016	18344
1107.208599	-4016	18368
1107.258599	-4016	18392
1107.308599	-4016	18404
1107.358599	-4016	18420
1107.408599	-4016	18444
1107.458599	-4016	18452
1107.508599	-4016	18456
1107.558599	-4016	18464
1107.608599	-4016	18492
1107.658599	-4016	18528
1107.708599	-4016	18572
1107.758599	-4016	18572
1107.808599	-4036	18592
1107.858599	-4036	18664
1107.908599	-4052	18684
1107.958599	-4052	18716
1108.008599	-4052	18748
1108.058599	-4052	18776
1108.108599	-4052	18820
1108.158599	-4084	18820
1108.208599	-4084	18832
1108.258599	-4084	18832
1108.308599	-4084	18856
1108.358599	-4084	18856
1108.408599	-4084	18856
1108.458599	-4084	18856
1108.508599	-4084	18856
1108.558599	-4084	18856
1108.608599	-4084	18872
1108.658599	-4084	18872
1108.708599	-4084	18872
1108.758599	-4084	18872
1108.808599	-4084	18872
1108.858599	-4092	18892
1108.908599	-4092	18896
1108.958599	-4092	18896
1109.008599	-4108	18896
1109.058599	-4108	18896
1109.108599	-4108	18896
1109.158599	-4108	18896
1109.208599	-4108	18896
1109.258599	-4132	18896
1109.308599	-4136	18896
1109.358599	-4136	18896
1109.408599	-4136	18896
1109.458599	-4136	18896
1109.508599	-4136	18896
1109.558599	-4136	18896
1109.608599	-4136	18896
1109.658599	-4136	18896
1109.708599	-4136	18896
1109.758599	-4140	18896
1109.808599	-4144	18896
1109.858599	-4144	18908
1109.908599	-4152	18936
1109.958599	-4184	18976
1110.008599	-4188	19012
1110.058599	-4204	19044
1110.108599	-4256	19044
1110.158599	-4260	19068
1110.208599	-4268	19104
1110.258599	-4300	19104
1110.308599	-4308	19120
1110.357599	-4308	19180
1110.407599	-4308	19300
1110.457599	-4328	19448
1110.507599	-4372	19584
1110.557599	-4400	19712
1110.607599	-4424	19712
1110.657599	-4436	19732
1110.707599	-4436	19732
1110.757599	-4436	19756
1110.807599	-4436	19764
1110.857599	-4444	19768
1110.907599	-4444	19808
1110.957599	-4456	19808
1111.007599	-4456	19820
1111.057599	-4456	19820
1111.107599	-4456	19852
1111.157599	-4456	19852
1111.207599	-4456	19852
1111.257599	-4456	19864
1111.307599	-4456	19872
1111.357599	-4468	19884
1111.407599	-4468	19884
1111.457599	-4468	19884
1111.507599	-4480	19928
1111.557599	-4480	19944
1111.607599	-4480	19952
1111.657599	-4500	19980
1111.707599	-4500	19980
1111.757599	-4500	19980
1111.807599	-4504	20000
1111.857599	-4504	20016
1111.907599	-4504	20016
1111.957599	-4508	20016
1112.007599	-4508	20028
1112.057599	-4520	20028
1112.107599	-4520	20028
1112.157599	-4520	20032
1112.207599	-4520	20032
1112.257599	-4532	20032
1112.307599	-4532	20032
1112.357599	-4564	20032
1112.407599	-4564	20044
1112.457599	-4564	20044
1112.507599	-4564	20044
1112.557599	-4564	20044
1112.607599	-4564	20044
1112.657599	-4564	20048
1112.707599	-4564	20048
1112.757599	-4564	20048
1112.807599	-4564	20064
1112.857599	-4564	20096
1112.907599	-4564	20096
1112.957599	-4564	20100
1113.007599	-4564	20136
1113.057599	-4580	20136
1113.107599	-4580	20140
1113.157599	-4580	20140
1113.207599	-4580	20140
1113.257599	-4580	20140
1113.307599	-4580	20140
1113.357599	-4580	20140
1113.407599	-4580	20140
1113.457599	-4580	20164
1113.507599	-4580	20184
1113.557599	-4580	20232
1113.607599	-4580	20280
1113.657599	-4580	20312
1113.707599	-4580	20312
1113.757599	-4580	20312
1113.807599	-4580	20312
1113.857599	-4580	20312
1113.907599	-4580	20312
1113.957599	-4580	20312
1114.007599	-4580	20312
1114.057599	-4580	20312
1114.107599	-4580	20312
1114.157599	-4580	20312
1114.207599	-4580	20312
1114.257599	-4580	20312
1114.307599	-4580	20312
1114.357599	-4580	20312
1114.407599	-4580	20312
1114.457599	-4580	20312
1114.507599	-4580	20312
1114.557599	-4580	20312
1114.607599	-4580	20312
1114.657599	-4580	20312
1114.707599	-4580	20312
1114.757599	-4580	20312
1114.807599	-4580	20320
1114.857599	-4580	20320
1114.907599	-4580	20320
1114.957599	-4580	20324
1115.007599	-4580	20336
1115.057599	-4580	20336
1115.107599	-4580	20348
1115.157599	-4580	20372
1115.207599	-4580	20372
1115.257599	-4580	20384
1115.307599	-4580	20392
1115.357599	-4580	20396
1115.407599	-4580	20400
1115.457599	-4580	20400
1115.507599	-4580	20400
1115.557599	-4580	20408
1115.607599	-4580	20428
1115.657599	-4580	20428
1115.707599	-4580	20428
1115.757599	-4580	20444
1115.807599	-4580	20444
1115.857599	-4580	20456
1115.907599	-4580	20460
1115.957599	-4580	20460
1116.007599	-4580	20460
1116.057599	-4580	20488
1116.107599	-4580	20500
1116.157599	-4580	20504
1116.207599	-4580	20516
1116.257599	-4580	20516
1116.307599	-4580	20516
1116.357599	-4580	20520
1116.407599	-4580	20528
1116.457599	-4580	20544
1116.507599	-4580	20556
1116.557599	-4580	20556
1116.607599	-4580	20560
1116.657599	-4580	20560
1116.707599	-4580	20580
1116.757599	-4580	20580
1116.807599	-4580	20592
1116.857599	-4580	20592
1116.907599	-4580	20592
1116.957599	-4580	20592
1117.007599	-4580	20592
1117.057599	-4580	20592
1117.107599	-4580	20596
1117.157599	-4580	20620
1117.207599	-4580	20620
1117.257599	-4580	20624
1117.307599	-4580	20624
1117.357599	-4580	20664
1117.407599	-4580	20664
1117.457599	-4580	20664
1117.507599	-4580	20664
1117.557599	-4580	20664
1117.607599	-4580	20664
1117.657599	-4580	20664
1117.707599	-4580	20664
1117.757599	-4580	20664
1117.807599	-4580	20668
1117.857599	-4580	20668
1117.907599	-4580	20668
1117.957599	-4580	20668
1118.007599	-4580	20668
1118.057599	-4580	20668
1118.107599	-4580	20668
1118.157599	-4580	20668
1118.207599	-4580	20668
1118.257599	-4580	20668
1118.307599	-4580	20668
1118.357599	-4580	20684
1118.407599	-4580	20684
1118.457599	-4580	20684
1118.507599	-4580	20684
1118.557599	-4580	20684
1118.607599	-4580	20684
1118.657599	-4580	20684
1118.707599	-4580	20684
1118.757599	-4580	20684
1118.807599	-4580	20684
1118.857599	-4580	20684
1118.907599	-4580	20684
1118.957599	-4580	20684
1119.007599	-4580	20684
1119.057599	-4580	20684
1119.107599	-4588	20684
1119.157599	-4592	20684
1119.207599	-4592	20684
1119.257599	-4592	20688
1119.307599	-4592	20708
1119.357599	-4592	20708
1119.407599	-4592	20708
1119.457599	-4592	20708
1119.507599	-4592	20712
1119.557599	-4592	20712
1119.607599	-4592	20712
1119.657599	-4592	20728
1119.707599	-4592	20732
1119.757599	-4592	20736
1119.807599	-4592	20744
1119.857599	-4592	20744
1119.907599	-4592	20748
1119.957599	-4592	20756
1120.007599	-4600	20756
1120.057599	-4600	20756
1120.107599	-4600	20756
1120.157599	-4612	20756
1120.207599	-4612	20756
1120.257599	-4612	20756
1120.307599	-4612	20756
1120.357599	-4612	20756
1120.407599	-4612	20756
1120.457599	-4612	20756
1120.507599	-4632	20756
1120.557599	-4632	20756
1120.607599	-4664	20756
1120.657599	-4664	20756
1120.707599	-4664	20756
1120.757599	-4664	20756
1120.807599	-4664	20756
1120.857599	-4664	20756
1120.907599	-4664	20756
1120.957599	-4672	20756
1121.007599	-4680	20756
1121.057599	-4684	20756
1121.107599	-4684	20756
1121.157599	-4712	20756
1121.207599	-4712	20756
1121.257599	-4712	20756
1121.307599	-4712	20756
1121.357599	-4712	20756
1121.407599	-4712	20756
1121.457599	-4712	20756
1121.507599	-4712	20756
1121.557599	-4712	20756
1121.607599	-4712	20756
1121.657599	-4712	20756
1121.707599	-4712	20756
1121.757599	-4712	20756
1121.807599	-4712	20756
1121.857599	-4712	20756
1121.907599	-4712	20756
1121.957599	-4712	20756
1122.007599	-4712	20756
1122.057599	-4712	20756
1122.107599	-4712	20756
1122.157599	-4712	20756
1122.207599	-4712	20756
1122.257599	-4712	20756
1122.307599	-4712	20756
1122.357599	-4712	20756
1122.407599	-4712	20756
1122.457599	-4712	20756
1122.507599	-4712	20756
1122.557599	-4712	20756
1122.607599	-4712	20756
1122.657599	-4712	20756
1122.707599	-4712	20756
1122.757599	-4712	20756
1122.807599	-4712	20756
1122.857599	-4712	20756
1122.907599	-4712	20756
1122.957599	-4712	20756
1123.007599	-4712	20756
1123.057599	-4712	20756
1123.107599	-4712	20756
1123.157599	-4712	20756
1123.207599	-4712	20756
1123.257599	-4712	20756
1123.307599	-4688	20756
1123.357599	-4688	20756
1123.407599	-4688	20756
1123.457599	-4668	20756
1123.507599	-4656	20756
1123.557599	-4600	20756
1123.607599	-4528	20756
1123.657599	-4368	20756
1123.707599	-4224	20756
1123.757599	-4108	20756
1123.807599	-4096	20756
1123.857599	-4084	20756
1123.907599	-4084	20756
1123.957599	-4084	20756
1124.007599	-4084	20736
1124.057599	-4084	20704
1124.107599	-4084	20684
1124.157599	-4084	20684
1124.207599	-4064	20656
1124.257599	-4060	20656
1124.307599	-4060	20656
1124.357599	-4052	20656
1124.407599	-4028	20648
1124.457599	-3996	20644
1124.507599	-3912	20596
1124.557599	-3772	20492
1124.607599	-3640	20384
1124.657599	-3616	20296
1124.707599	-3568	20288
1124.757599	-3556	20240
1124.807599	-3496	20228
1124.857599	-3428	20196
1124.907599	-3352	20152
1124.957599	-3260	20152
1125.007599	-3204	20128
1125.057599	-3204	20128
1125.107599	-3200	20128
1125.157599	-3180	20128
1125.207599	-3144	20128
1125.257599	-3116	20128
1125.307599	-3076	20128
1125.357599	-2992	20128
1125.407599	-2904	20128
1125.457599	-2836	20128
1125.507599	-2816	20128
1125.557599	-2788	20128
1125.607599	-2720	20112
1125.657599	-2612	20068
1125.707599	-2480	20048
1125.757599	-2328	19996
1125.807599	-2268	19920
1125.857599	-2228	19912
1125.907599	-2228	19912
1125.957599	-2228	19880
1126.007599	-2228	19880
1126.057599	-2228	19880
1126.107599	-2228	19852
1126.157599	-2228	19844
1126.207599	-2228	19824
1126.257599	-2228	19824
1126.307599	-2228	19824
1126.357599	-2216	19824
1126.407599	-2208	19824
1126.457599	-2208	19824
1126.507599	-2172	19824
1126.557599	-2152	19824
1126.607599	-2120	19824
1126.657599	-2008	19824
1126.707599	-1808	19824
1126.757599	-1632	19824
1126.807599	-1416	19824
1126.857599	-1304	19824
1126.907599	-1248	19824
1126.957599	-1188	19824
1127.007599	-1144	19824
1127.057599	-1120	19824
1127.107599	-1096	19824
1127.157599	-1016	19824
1127.207599	-980	19824
1127.257599	-936	19824
1127.307599	-936	19824
1127.357599	-936	19824
1127.407599	-936	19824
1127.457599	-916	19824
1127.507599	-868	19824
1127.557599	-852	19824
1127.607599	-852	19824
1127.657599	-836	19824
1127.707599	-812	19824
1127.757599	-792	19824
1127.806599	-760	19824
1127.856599	-736	19824
1127.906599	-712	19824
1127.956599	-704	19824
1128.006599	-668	19824
1128.056599	-668	19824
1128.106599	-644	19824
1128.156599	-620	19824
1128.206599	-576	19824
1128.256599	-564	19824
1128.306599	-516	19824
1128.356599	-464	19824
1128.406599	-416	19824
1128.456599	-416	19824
1128.506599	-364	19824
1128.556599	-360	19824
1128.606599	-360	19824
1128.656599	-360	19824
1128.706599	-352	19824
1128.756599	-328	19824
1128.806599	-328	19824
1128.856599	-300	19824
1128.906599	-300	19824
1128.956599	-300	19824
1129.006599	-300	19824
1129.056599	-296	19824
1129.106599	-296	19824
1129.156599	-296	19824
1129.206599	-296	19824
1129.256599	-296	19824
1129.306599	-296	19824
1129.356599	-296	19824
1129.406599	-296	19824
1129.456599	-296	19824
1129.506599	-296	19824
1129.556599	-296	19824
1129.606599	-296	19824
1129.656599	-296	19824
1129.706599	-296	19824
1129.756599	-296	19824
1129.806599	-296	19824
1129.856599	-296	19824
1129.906599	-296	19824
1129.956599	-296	19824
1130.006599	-296	19824
1130.056599	-296	19824
1130.106599	-296	19824
1130.156599	-292	19824
1130.206599	-292	19824
1130.256599	-292	19824
1130.306599	-292	19824
1130.356599	-292	19824
1130.406599	-292	19824
1130.456599	-292	19824
1130.506599	-292	19824
1130.556599	-292	19824
1130.606599	-292	19824
1130.656599	-292	19824
1130.706599	-288	19824
1130.756599	-288	19824
1130.806599	-288	19824
1130.856599	-288	19824
1130.906599	-288	19824
1130.956599	-288	19824
1131.006599	-288	19824
1131.056599	-288	19824
1131.106599	-288	19824
1131.156599	-288	19824
1131.206599	-288	19824
1131.256599	-288	19824
1131.306599	-288	19824
1131.356599	-288	19824
1131.406599	-288	19824
1131.456599	-288	19824
1131.506599	-288	19824
1131.556599	-288	19824
1131.606599	-288	19824
1131.656599	-288	19824
1131.706599	-288	19824
1131.756599	-288	19824
1131.806599	-288	19824
1131.856599	-288	19824
1131.906599	-288	19824
1131.956599	-288	19824
1132.006599	-288	19840
1132.056599	-288	19896
1132.106599	-288	19976
1132.156599	-288	20036
1132.206599	-288	20176
1132.256599	-288	20268
1132.306599	-288	20316
1132.356599	-288	20360
1132.406599	-288	20360
1132.456599	-288	20376
1132.506599	-288	20376
1132.556599	-288	20376
1132.606599	-288	20376
1132.656599	-288	20376
1132.706599	-288	20376
1132.756599	-288	20376
1132.806599	-288	20376
1132.856599	-288	20376
1132.906599	-288	20376
1132.968599	-288	20376
1133.007599	-288	20376
1133.057599	-288	20376
1133.107599	-288	20364
1133.157599	-288	20360
1133.207599	-288	20328
1133.257599	-288	20280
1133.307599	-288	20232
1133.357599	-288	20168
1133.407599	-288	20040
1133.457599	-288	19928
1133.507599	-288	19860
1133.557599	-288	19816
1133.607599	-288	19796
1133.657599	-288	19732
1133.707599	-288	19704
1133.757599	-288	19688
1133.807599	-288	19672
1133.857599	-288	19656
1133.907599	-288	19624
1133.957599	-288	19608
1134.007599	-288	19600
1134.057599	-288	19576
1134.107599	-288	19548
1134.157599	-288	19548
1134.207599	-288	19540
1134.257599	-288	19516
1134.307599	-288	19488
1134.357599	-288	19488
1134.407599	-288	19488
1134.457599	-288	19488
1134.507599	-288	19488
1134.557599	-288	19488
1134.607599	-288	19488
1134.657599	-288	19488
1134.707599	-288	19488
1134.757599	-288	19488
1134.807599	-288	19488
1134.857599	-288	19488
1134.908599	-288	19488
1134.957599	-288	19484
1135.007599	-288	19484
1135.057599	-288	19472
1135.107599	-288	19448
1135.157599	-288	19436
1135.207599	-288	19432
1135.257599	-288	19380
1135.307599	-288	19364
1135.357599	-288	19304
1135.407599	-320	19292
1135.457599	-320	19240
1135.507599	-320	19240
1135.557599	-320	19236
1135.607599	-324	19216
1135.657599	-324	19188
1135.707599	-344	19164
1135.757599	-344	19148
1135.807599	-344	19132
1135.857599	-344	19128
1135.907599	-344	19128
1135.957599	-344	19104
1136.007599	-360	19064
1136.057599	-360	19040
1136.107599	-360	19040
1136.157599	-380	19012
1136.207599	-380	19012
1136.257599	-380	18988
1136.307599	-380	18988
1136.357599	-380	18988
1136.407599	-380	18988
1136.457599	-380	18988
1136.507599	-380	18988
1136.557599	-380	18988
1136.607599	-380	18980
1136.657599	-380	18972
1136.707599	-380	18972
1136.757599	-380	18960
1136.807599	-380	18960
1136.857599	-380	18960
1136.907599	-380	18960
1136.957599	-380	18960
1137.007599	-380	18960
1137.057599	-380	18960
1137.107599	-380	18960
1137.157599	-380	18960
1137.207599	-380	18956
1137.257599	-380	18956
1137.307599	-380	18956
1137.357599	-380	18956
1137.407599	-380	18932
1137.457599	-380	18932
1137.507599	-380	18932
1137.557599	-380	18932
1137.607599	-380	18932
1137.657599	-380	18932
1137.707599	-380	18932
1137.757599	-380	18932
1137.807599	-380	18932
1137.857599	-380	18932
1137.907599	-380	18932
1137.957599	-380	18932
1138.007599	-380	18932
1138.057599	-380	18932
1138.107599	-380	18932
1138.157599	-380	18932
1138.207599	-380	18932
1138.257599	-380	18932
1138.307599	-380	18932
1138.357599	-380	18932
1138.407599	-380	18932
1138.457599	-380	18932
1138.507599	-380	18932
1138.557599	-380	18912
1138.607599	-380	18912
1138.657599	-380	18912
1138.707599	-380	18912
1138.757599	-380	18904
1138.807599	-380	18880
1138.857599	-380	18880
1138.907599	-380	18880
1138.957599	-380	18880
1139.007599	-380	18880
1139.057599	-380	18880
1139.107599	-380	18880
1139.157599	-380	18880
1139.207599	-380	18880
1139.257599	-380	18880
1139.307599	-380	18880
1139.357599	-380	18880
1139.407599	-380	18880
1139.457599	-380	18880
1139.507599	-380	18880
1139.557599	-380	18880
1139.607599	-380	18880
1139.657599	-380	18880
1139.707599	-380	18880
1139.757599	-380	18880
1139.807599	-380	18880
1139.857599	-380	18880
1139.907599	-380	18880
1139.957599	-380	18880
1140.007599	-380	18880
1140.057599	-380	18880
1140.107599	-380	18880
1140.157599	-380	18880
1140.207599	-380	18880
1140.257599	-380	18880
1140.307599	-380	18880
1140.357599	-380	18880
1140.407599	-380	18880
1140.457599	-380	18876
1140.507599	-380	18876
1140.557599	-380	18848
1140.607599	-380	18840
1140.657599	-380	18824
1140.707599	-380	18812
1140.757599	-380	18776
1140.807599	-380	18772
1140.857599	-380	18768
1140.907599	-380	18768
1140.957599	-380	18756
1141.007599	-380	18756
1141.057599	-380	18740
1141.107599	-380	18740
1141.157599	-380	18740
1141.207599	-380	18728
1141.257599	-380	18728
1141.307599	-380	18708
1141.357599	-380	18708
1141.407599	-380	18680
1141.457599	-380	18676
1141.507599	-380	18676
1141.557599	-380	18676
1141.607599	-380	18676
1141.657599	-380	18676
1141.707599	-380	18668
1141.757599	-380	18652
1141.807599	-380	18652
1141.857599	-380	18652
1141.907599	-380	18628
1141.957599	-380	18600
1142.007599	-380	18572
1142.057599	-380	18572
1142.107599	-380	18560
1142.157599	-380	18548
1142.207599	-380	18500
1142.257599	-380	18464
1142.307599	-380	18420
1142.357599	-380	18396
1142.407599	-380	18384
1142.457599	-380	18384
1142.507599	-380	18344
1142.557599	-380	18300
1142.607599	-380	18272
1142.657599	-380	18232
1142.707599	-380	18200
1142.757599	-380	18180
1142.807599	-380	18140
1142.857599	-380	18112
1142.907599	-380	18080
1142.957599	-380	18072
1143.007599	-380	18040
1143.057599	-380	18040
1143.107599	-380	17972
1143.157599	-380	17972
1143.207599	-380	17972
1143.257599	-380	17972
1143.307599	-380	17968
1143.357599	-380	17932
1143.407599	-380	17932
1143.457599	-380	17928
1143.507599	-380	17924
1143.557599	-380	17912
1143.607599	-380	17904
1143.657599	-380	17904
1143.707599	-380	17904
1143.757599	-380	17888
1143.807599	-380	17888
1143.857599	-380	17868
1143.907599	-380	17856
1143.957599	-380	17840
1144.007599	-380	17820
1144.057599	-380	17780
1144.107599	-396	17712
1144.157599	-420	17660
1144.207599	-476	17532
1144.257599	-476	17456
1144.307599	-496	17400
1144.357599	-496	17380
1144.407599	-496	17352
1144.457599	-512	17352
1144.507599	-520	17292
1144.557599	-520	17284
1144.607599	-560	17268
1144.657599	-564	17228
1144.707599	-568	17212
1144.757599	-568	17180
1144.807599	-584	17140
1144.857599	-592	17128
1144.907599	-600	17076
1144.957599	-612	17076
1145.007599	-628	17032
1145.057599	-640	17028
1145.107599	-640	16988
1145.157599	-664	16952
1145.207599	-664	16928
1145.257599	-700	16876
1145.306599	-716	16860
1145.356599	-716	16808
1145.406599	-716	16780
1145.456599	-720	16756
1145.506599	-720	16716
1145.556599	-720	16684
1145.606599	-732	16636
1145.656599	-732	16636
1145.706599	-736	16612
1145.756599	-736	16604
1145.806599	-736	16580
1145.856599	-736	16552
1145.906599	-736	16540
1145.956599	-736	16508
1146.006599	-736	16508
1146.056599	-736	16508
1146.106599	-744	16436
1146.156599	-744	16436
1146.206599	-744	16436
1146.256599	-744	16436
1146.306599	-744	16436
1146.356599	-744	16436
1146.406599	-744	16436
1146.456599	-744	16436
1146.506599	-744	16436
1146.556599	-744	16436
1146.606599	-744	16436
1146.656599	-744	16436
1146.706599	-744	16436
1146.756599	-744	16436
1146.806599	-744	16436
1146.856599	-744	16436
1146.906599	-744	16436
1146.956599	-744	16436
1147.006599	-744	16436
1147.056599	-744	16436
1147.106599	-744	16436
1147.156599	-744	16436
1147.206599	-744	16436
1147.256599	-744	16436
1147.306599	-744	16436
1147.356599	-776	16436
1147.406599	-776	16436
1147.456599	-776	16436
1147.506599	-776	16436
1147.556599	-776	16436
1147.606599	-776	16436
1147.656599	-776	16436
1147.706599	-776	16436
1147.756599	-816	16436
1147.806599	-820	16436
1147.856599	-852	16436
1147.906599	-868	16436
1147.956599	-884	16436
1148.006599	-892	16436
1148.060599	-928	16436
1148.106599	-932	16436
1148.156599	-960	16436
1148.206599	-1008	16436
1148.256599	-1032	16436
1148.306599	-1092	16436
1148.356599	-1164	16436
1148.406599	-1224	16436
1148.456599	-1336	16436
1148.506599	-1796	16464
1148.556599	-2448	16612
1148.606599	-2892	16708
1148.656599	-2916	16736
1148.706599	-2916	16736
1148.756599	-2916	16736
1148.806599	-2916	16740
1148.856599	-2916	16740
1148.906599	-2916	16756
1148.956599	-2916	16756
1149.006599	-2916	16756
1149.056599	-2916	16760
1149.106599	-2916	16760
1149.156599	-2916	16760
1149.206599	-2916	16760
1149.256599	-2916	16760
1149.306599	-2916	16760
1149.356599	-2916	16760
1149.406599	-2916	16760
1149.456599	-2916	16760
1149.506599	-2916	16760
1149.559599	-2916	16760
1149.606599	-2916	16760
1149.656599	-2916	16760
1149.706599	-2916	16760
1149.756599	-2916	16760
1149.806599	-2916	16760
1149.856599	-2916	16760
1149.906599	-2916	16760
1149.956599	-2916	16760
1150.006599	-2916	16760
1150.056599	-2916	16760
1150.106599	-2916	16760
1150.156599	-2916	16760
1150.206599	-2916	16760
1150.256599	-2916	16760
1150.306599	-2916	16760
1150.356599	-2916	16760
1150.406599	-2916	16760
1150.456599	-2916	16760
1150.506599	-2916	16760
1150.556599	-2916	16760
1150.606599	-2916	16760
1150.656599	-2916	16760
1150.706599	-2916	16760
1150.756599	-2916	16760
1150.806599	-2916	16760
1150.856599	-2916	16760
1150.906599	-2916	16760
1150.956599	-2916	16760
1151.006599	-2916	16760
1151.056599	-2916	16760
1151.106599	-2916	16760
1151.156599	-2916	16760
1151.206599	-2916	16760
1151.256599	-2916	16760
1151.306599	-2916	16760
1151.356599	-2916	16760
1151.406599	-2916	16760
1151.456599	-2916	16760
1151.506599	-2916	16760
1151.556599	-2916	16760
1151.606599	-2916	16760
1151.656599	-2916	16760
1151.706599	-2916	16760
1151.756599	-2916	16760
1151.806599	-2916	16760
1151.856599	-2916	16760
1151.906599	-2916	16760
1151.956599	-2916	16760
1152.006599	-2916	16760
1152.056599	-2916	16760
1152.106599	-2916	16760
1152.156599	-2916	16760
1152.206599	-2916	16760
1152.256599	-2916	16760
1152.306599	-2916	16760
1152.356599	-2916	16760
1152.406599	-2916	16760
1152.456599	-2916	16760
1152.506599	-2916	16760
1152.556599	-2916	16760
1152.606599	-2916	16760
1152.656599	-2916	16760
1152.706599	-2916	16760
1152.756599	-2916	16760
1152.806599	-2916	16760
1152.856599	-2916	16760
1152.906599	-2916	16760
1152.956599	-2916	16760
1153.006599	-2916	16760
1153.056599	-2916	16760
1153.106599	-2916	16760
1153.156599	-2916	16760
1153.206599	-2916	16760
1153.256599	-2916	16760
1153.306599	-2916	16760
1153.356599	-2916	16760
1153.406599	-2916	16760
1153.456599	-2916	16760
1153.506599	-2916	16760
1153.556599	-2916	16760
1153.606599	-2916	16760
1153.656599	-2916	16760
1153.706599	-2916	16760
1153.756599	-2916	16760
1153.806599	-2916	16760
1153.856599	-2916	16760
1153.906599	-2916	16760
1153.956599	-2916	16760
1154.006599	-2916	16760
1154.056599	-2916	16760
1154.106599	-2916	16760
1154.156599	-2916	16760
1154.206599	-2916	16760
1154.256599	-2916	16760
1154.306599	-2916	16760
1154.356599	-2916	16760
1154.406599	-2916	16760
1154.456599	-2916	16760
1154.506599	-2916	16760
1154.556599	-2916	16760
1154.606599	-2916	16760
1154.656599	-2916	16760
1154.706599	-2916	16760
1154.756599	-2916	16760
1154.806599	-2916	16760
1154.856599	-2916	16760
1154.906599	-2916	16760
1154.956599	-2916	16760
1155.006599	-2916	16760
1155.056599	-2916	16760
1155.106599	-2916	16760
1155.156599	-2916	16760
1155.206599	-2916	16760
1155.256599	-2916	16760
1155.306599	-2916	16760
1155.356599	-2916	16760
1155.406599	-2916	16760
1155.456599	-2916	16760
1155.506599	-2916	16760
1155.556599	-2916	16760
1155.606599	-2916	16760
1155.656599	-2916	16760
1155.706599	-2916	16760
1155.756599	-2916	16760
1155.806599	-2916	16760
1155.856599	-2916	16760
1155.906599	-2916	16760
1155.956599	-2916	16760
1156.006599	-2916	16760
1156.056599	-2916	16760
1156.106599	-2916	16760
1156.156599	-2916	16760
1156.206599	-2916	16760
1156.256599	-2916	16760
1156.306599	-2916	16760
1156.356599	-2916	16760
1156.406599	-2916	16760
1156.456599	-2916	16760
1156.506599	-2916	16760
1156.556599	-2916	16760
1156.606599	-2916	16760
1156.656599	-2916	16760
1156.706599	-2916	16760
1156.756599	-2916	16760
1156.806599	-2916	16760
1156.856599	-2916	16760
1156.906599	-2916	16760
1156.956599	-2916	16760
1157.006599	-2916	16760
1157.056599	-2916	16760
1157.106599	-2916	16760
1157.156599	-2916	16760
1157.206599	-2916	16760
1157.256599	-2916	16760
1157.306599	-2916	16760
1157.356599	-2916	16760
1157.406599	-2916	16760
1157.456599	-2916	16760
1157.506599	-2916	16760
1157.556599	-2916	16760
1157.606599	-2916	16760
1157.656599	-2916	16760
1157.706599	-2916	16760
1157.756599	-2916	16760
1157.806599	-2916	16760
1157.856599	-2916	16760
1157.906599	-2916	16760
1157.956599	-2916	16760
1158.006599	-2916	16760
1158.056599	-2916	16760
1158.106599	-2916	16760
1158.156599	-2916	16760
1158.206599	-2916	16760
1158.256599	-2916	16760
1158.306599	-2916	16760
1158.356599	-2916	16760
1158.406599	-2916	16760
1158.456599	-2916	16760
1158.506599	-2916	16760
1158.556599	-2916	16760
1158.606599	-2916	16760
1158.656599	-2916	16760
1158.706599	-2916	16760
1158.756599	-2916	16760
1158.806599	-2916	16760
1158.856599	-2916	16760
1158.906599	-2916	16760
1158.956599	-2916	16760
1159.006599	-2916	16760
1159.056599	-2916	16760
1159.106599	-2916	16760
1159.156599	-2916	16760
1159.206599	-2916	16760
1159.256599	-2916	16760
1159.306599	-2916	16760
1159.356599	-2916	16760
1159.406599	-2916	16760
1159.456599	-2916	16760
1159.506599	-2916	16760
1159.556599	-2916	16760
1159.606599	-2916	16760
1159.656599	-2916	16760
1159.706599	-2916	16760
1159.756599	-2916	16760
1159.806599	-2916	16760
1159.856599	-2916	16760
1159.906599	-2916	16760
1159.956599	-2916	16760
1160.006599	-2916	16760
1160.056599	-2916	16760
1160.106599	-2916	16760
1160.156599	-2916	16760
1160.206599	-2916	16760
1160.256599	-2916	16760
1160.306599	-2916	16760
1160.356599	-2916	16760
1160.406599	-2916	16760
1160.456599	-2916	16760
1160.506599	-2916	16760
1160.556599	-2916	16760
1160.606599	-2916	16760
1160.656599	-2916	16760
1160.706599	-2916	16760
1160.756599	-2916	16760
1160.806599	-2916	16760
1160.856599	-2916	16760
1160.906599	-2916	16760
1160.956599	-2916	16760
1161.006599	-2916	16760
1161.056599	-2916	16760
1161.106599	-2916	16760
1161.156599	-2916	16760
1161.206599	-2916	16760
1161.256599	-2916	16760
1161.306599	-2916	16760
1161.356599	-2916	16760
1161.406599	-2916	16760
1161.456599	-2916	16760
1161.506599	-2916	16760
1161.556599	-2916	16760
1161.606599	-2916	16760
1161.656599	-2916	16760
1161.706599	-2916	16760
1161.756599	-2916	16760
1161.806599	-2916	16760
1161.856599	-2916	16760
1161.906599	-2916	16760
1161.956599	-2916	16760
1162.006599	-2916	16760
1162.056599	-2916	16760
1162.106599	-2916	16760
1162.156599	-2916	16760
1162.206599	-2916	16760
1162.256599	-2916	16760
1162.306599	-2916	16760
1162.356599	-2916	16760
1162.406599	-2916	16760
1162.456599	-2916	16760
1162.506599	-2916	16760
1162.556599	-2916	16760
1162.606599	-2916	16760
1162.656599	-2916	16760
1162.706599	-2916	16760
1162.756599	-2916	16760
1162.805599	-2916	16760
1162.855599	-2916	16760
1162.905599	-2916	16760
1162.955599	-2916	16760
1163.005599	-2916	16760
1163.055599	-2916	16768
1163.105599	-2916	16768
1163.155599	-2916	16768
1163.205599	-2916	16768
1163.255599	-2916	16768
1163.305599	-2916	16768
1163.355599	-2916	16768
1163.405599	-2916	16768
1163.455599	-2916	16768
1163.505599	-2916	16768
1163.555599	-2916	16768
1163.605599	-2916	16768
1163.655599	-2916	16768
1163.705599	-2916	16768
1163.755599	-2916	16768
1163.805599	-2916	16768
1163.855599	-2916	16768
1163.905599	-2916	16768
1163.955599	-2916	16768
1164.005599	-2916	16768
1164.055599	-2916	16768
1164.105599	-2916	16768
1164.155599	-2916	16768
1164.205599	-2916	16768
1164.255599	-2916	16768
1164.305599	-2916	16768
1164.355599	-2916	16768
1164.405599	-2916	16768
1164.455599	-2916	16768
1164.505599	-2916	16768
1164.555599	-2916	16768
1164.605599	-2916	16768
1164.655599	-2916	16768
1164.705599	-2916	16768
1164.755599	-2916	16768
1164.805599	-2916	16768
1164.855599	-2916	16768
1164.905599	-2916	16768
1164.984599	-2916	16768
1165.005599	-2916	16768
1165.055599	-2916	16768
1165.105599	-2916	16768
1165.155599	-2916	16768
1165.205599	-2916	16768
1165.255599	-2916	16768
1165.305599	-2916	16768
1165.355599	-2916	16768
1165.405599	-2916	16768
1165.455599	-2916	16768
1165.505599	-2916	16768
1165.555599	-2916	16768
1165.605599	-2916	16768
1165.655599	-2916	16768
1165.705599	-2916	16768
1165.755599	-2916	16768
1165.805599	-2916	16768
1165.855599	-2916	16768
1165.905599	-2916	16768
1165.955599	-2916	16768
1166.005599	-2916	16768
1166.055599	-2916	16768
1166.105599	-2916	16768
1166.155599	-2916	16768
1166.205599	-2916	16768
1166.255599	-2916	16768
1166.305599	-2916	16768
1166.355599	-2916	16768
1166.405599	-2916	16768
1166.455599	-2916	16768
1166.505599	-2916	16768
1166.555599	-2916	16768
1166.605599	-2916	16768
1166.655599	-2916	16768
1166.705599	-2916	16768
1166.755599	-2916	16768
1166.805599	-2916	16768
1166.855599	-2916	16768
1166.905599	-2916	16768
1166.955599	-2916	16768
1167.005599	-2916	16768
1167.055599	-2916	16768
1167.105599	-2916	16768
1167.155599	-2916	16768
1167.205599	-2916	16768
1167.255599	-2916	16768
1167.305599	-2916	16768
1167.355599	-2916	16768
1167.405599	-2916	16768
1167.455599	-2916	16768
1167.505599	-2916	16768
1167.555599	-2916	16768
1167.605599	-2916	16768
1167.655599	-2916	16768
1167.705599	-2916	16768
1167.755599	-2916	16768
1167.805599	-2916	16768
1167.855599	-2916	16768
1167.905599	-2916	16768
1167.955599	-2916	16768
1168.005599	-2916	16768
1168.055599	-2916	16768
1168.105599	-2916	16768
1168.155599	-2916	16768
1168.205599	-2916	16768
1168.255599	-2916	16768
1168.305599	-2916	16768
1168.355599	-2916	16768
1168.405599	-2916	16768
1168.455599	-2916	16768
1168.505599	-2916	16768
1168.555599	-2916	16768
1168.605599	-2916	16768
1168.655599	-2916	16768
1168.705599	-2916	16768
1168.755599	-2916	16768
1168.805599	-2916	16768
1168.855599	-2916	16768
1168.905599	-2916	16768
1168.955599	-2916	16768
1169.005599	-2916	16768
1169.055599	-2916	16768
1169.105599	-2916	16768
1169.155599	-2916	16768
1169.205599	-2916	16768
1169.255599	-2916	16768
1169.305599	-2916	16768
1169.355599	-2916	16768
1169.405599	-2916	16768
1169.455599	-2916	16768
1169.505599	-2916	16768
1169.555599	-2916	16768
1169.605599	-2916	16768
1169.655599	-2916	16768
1169.705599	-2916	16768
1169.755599	-2916	16768
1169.805599	-2916	16768
1169.855599	-2916	16768
1169.905599	-2916	16768
1169.955599	-2916	16768
1170.005599	-2916	16768
1170.055599	-2916	16768
1170.105599	-2916	16768
1170.155599	-2916	16768
1170.205599	-2916	16768
1170.255599	-2916	16768
1170.305599	-2916	16768
1170.355599	-2916	16768
1170.405599	-2916	16768
1170.455599	-2916	16768
1170.505599	-2916	16768
1170.555599	-2916	16768
1170.605599	-2916	16768
1170.655599	-2916	16768
1170.705599	-2916	16768
1170.755599	-2916	16768
1170.805599	-2916	16768
1170.855599	-2916	16768
1170.905599	-2916	16768
1170.955599	-2916	16768
1171.005599	-2916	16768
1171.055599	-2916	16768
1171.105599	-2916	16768
1171.155599	-2916	16768
1171.205599	-2916	16768
1171.255599	-2916	16768
1171.305599	-2916	16768
1171.355599	-2916	16768
1171.405599	-2916	16768
1171.455599	-2916	16768
1171.505599	-2916	16768
1171.555599	-2916	16768
1171.605599	-2916	16768
1171.655599	-2916	16768
1171.705599	-2916	16768
1171.755599	-2916	16768
1171.805599	-2916	16768
1171.855599	-2916	16768
1171.905599	-2916	16768
1171.955599	-2916	16768
1172.005599	-2916	16768
1172.055599	-2916	16768
1172.105599	-2916	16768
1172.155599	-2916	16768
1172.205599	-2916	16768
1172.255599	-2916	16768
1172.305599	-2916	16768
1172.355599	-2916	16768
1172.405599	-2916	16768
1172.455599	-2916	16768
1172.505599	-2916	16768
1172.555599	-2916	16768
1172.605599	-2916	16768
1172.655599	-2916	16768
1172.705599	-2916	16768
1172.755599	-2916	16768
1172.805599	-2916	16768
1173.291599	-2916	16768
1173.328599	-2916	16768
1173.355599	-2916	16768
1173.407599	-2916	16768
1173.455599	-2916	16768
1173.505599	-2916	16768
1173.555599	-2916	16768
1173.605599	-2916	16768
1173.655599	-2916	16768
1173.717599	-2916	16768
1173.755599	-2916	16768
1173.807599	-2916	16768
1173.855599	-2916	16768
1173.905599	-2916	16768
1173.955599	-2916	16768
1174.005599	-2916	16768
1174.055599	-2916	16768
1174.105599	-2916	16768
1174.155599	-2916	16768
1174.205599	-2916	16768
1174.255599	-2916	16768
1174.305599	-2916	16768
1174.355599	-2916	16768
1174.405599	-2916	16768
1174.455599	-2916	16768
1174.505599	-2916	16768
1174.555599	-2916	16768
1174.605599	-2916	16768
1174.655599	-2916	16768
1174.705599	-2916	16768
1174.755599	-2916	16768
1174.805599	-2916	16768
1174.855599	-2916	16768
1174.905599	-2916	16768
1174.955599	-2916	16768
1175.005599	-2916	16768
1175.055599	-2916	16768
1175.105599	-2916	16768
1175.155599	-2916	16768
1175.205599	-2916	16768
1175.255599	-2916	16768
1175.305599	-2916	16768
1175.355599	-2916	16768
1175.405599	-2916	16768
1175.455599	-2916	16768
1175.505599	-2916	16768
1175.555599	-2916	16768
1175.605599	-2916	16768
1175.655599	-2916	16768
1175.705599	-2916	16768
1175.755599	-2916	16768
1175.805599	-2916	16768
1175.855599	-2916	16768
1175.905599	-2916	16768
1175.955599	-2916	16768
1176.005599	-2916	16768
1176.055599	-2916	16768
1176.105599	-2916	16768
1176.155599	-2916	16768
1176.205599	-2916	16768
1176.255599	-2916	16768
1176.305599	-2916	16768
1176.355599	-2916	16768
1176.405599	-2916	16768
1176.455599	-2916	16768
1176.505599	-2916	16768
1176.555599	-2916	16768
1176.605599	-2916	16768
1176.655599	-2916	16768
1176.705599	-2916	16768
1176.755599	-2916	16768
1176.805599	-2916	16768
1176.855599	-2916	16768
1176.905599	-2916	16768
1176.955599	-2916	16768
1177.005599	-2916	16768
1177.055599	-2916	16768
1177.105599	-2916	16736
1177.155599	-2916	16736
1177.205599	-2916	16736
1177.255599	-2916	16736
1177.305599	-2916	16736
1177.355599	-2916	16736
1177.405599	-2916	16736
1177.455599	-2916	16736
1177.505599	-2916	16736
1177.555599	-2916	16736
1177.605599	-2916	16736
1177.655599	-2916	16736
1177.705599	-2916	16736
1177.755599	-2916	16736
1177.805599	-2916	16736
1177.855599	-2916	16736
1177.905599	-2916	16736
1177.955599	-2916	16736
1178.005599	-2916	16736
1178.055599	-2916	16720
1178.105599	-2916	16712
1178.155599	-2916	16712
1178.205599	-2916	16712
1178.255599	-2916	16712
1178.305599	-2916	16712
1178.355599	-2916	16708
1178.405599	-2916	16708
1178.455599	-2916	16708
1178.505599	-2916	16700
1178.555599	-2916	16700
1178.605599	-2916	16676
1178.655599	-2916	16676
1178.705599	-2916	16676
1178.755599	-2916	16676
1178.805599	-2916	16676
1178.855599	-2916	16676
1178.905599	-2916	16676
1178.955599	-2916	16676
1179.005599	-2916	16676
1179.055599	-2916	16672
1179.105599	-2916	16672
1179.155599	-2916	16672
1179.205599	-2916	16672
1179.255599	-2916	16672
1179.305599	-2916	16672
1179.355599	-2916	16672
1179.405599	-2916	16672
1179.455599	-2916	16672
1179.505599	-2916	16672
1179.555599	-2916	16672
1179.605599	-2916	16672
1179.655599	-2916	16672
1179.705599	-2916	16672
1179.755599	-2916	16672
1179.805599	-2916	16672
1179.855599	-2916	16672
1179.905599	-2916	16672
1179.955599	-2916	16672
1180.005599	-2916	16672
1180.055599	-2916	16672
1180.105599	-2916	16672
1180.155599	-2916	16672
1180.205599	-2916	16672
1180.254599	-2916	16672
1180.304599	-2916	16672
1180.354599	-2916	16672
1180.404599	-2916	16672
1180.454599	-2916	16672
1180.504599	-2916	16672
1180.554599	-2916	16672
1180.604599	-2916	16672
1180.654599	-2916	16672
1180.704599	-2916	16672
1180.754599	-2916	16672
1180.804599	-2916	16672
1180.854599	-2916	16672
1180.904599	-2916	16672
1180.954599	-2916	16672
1181.004599	-2916	16672
1181.054599	-2916	16672
1181.104599	-2916	16672
1181.154599	-2916	16672
1181.204599	-2916	16672
1181.254599	-2916	16672
1181.304599	-2916	16672
1181.354599	-2916	16672
1181.404599	-2916	16672
1181.454599	-2916	16672
1181.504599	-2916	16672
1181.554599	-2916	16672
1181.604599	-2916	16672
1181.654599	-2916	16672
1181.704599	-2916	16672
1181.754599	-2916	16672
1181.804599	-2916	16672
1181.854599	-2916	16672
1181.904599	-2916	16672
1181.954599	-2916	16672
1182.004599	-2916	16672
1182.054599	-2916	16672
1182.104599	-2916	16672
1182.154599	-2916	16672
1182.204599	-2916	16672
1182.254599	-2916	16672
1182.304599	-2916	16672
1182.354599	-2916	16672
1182.404599	-2916	16672
1182.454599	-2916	16672
1182.504599	-2916	16672
1182.554599	-2916	16672
1182.604599	-2916	16672
1182.654599	-2916	16672
1182.704599	-2916	16664
1182.754599	-2916	16636
1182.804599	-2916	16576
1182.854599	-2916	16532
1182.904599	-2916	16436
1182.954599	-2916	16360
1183.004599	-2916	16288
1183.054599	-2916	16216
1183.104599	-2916	16176
1183.154599	-2916	16124
1183.204599	-2916	16064
1183.254599	-2916	16056
1183.304599	-2916	16012
1183.354599	-2896	15940
1183.404599	-2888	15896
1183.454599	-2880	15816
1183.504599	-2848	15756
1183.554599	-2832	15696
1183.604599	-2768	15580
1183.654599	-2760	15464
1183.704599	-2720	15312
1183.754599	-2692	15196
1183.804599	-2668	14988
1183.854599	-2644	14836
1183.904599	-2612	14724
1183.954599	-2608	14600
1184.004599	-2584	14424
1184.054599	-2560	14316
1184.104599	-2540	14184
1184.154599	-2540	14080
1184.204599	-2520	14012
1184.254599	-2520	13976
1184.304599	-2520	13908
1184.354599	-2520	13888
1184.404599	-2516	13752
1184.454599	-2516	13716
1184.504599	-2516	13628
1184.554599	-2516	13588
1184.604599	-2516	13548
1184.654599	-2516	13528
1184.704599	-2516	13512
1184.754599	-2516	13496
1184.804599	-2516	13444
1184.854599	-2516	13416
1184.904599	-2516	13396
1184.954599	-2516	13392
1185.004599	-2516	13392
1185.054599	-2508	13388
1185.104599	-2504	13360
1185.154599	-2504	13360
1185.204599	-2504	13360
1185.254599	-2504	13360
1185.304599	-2504	13360
1185.354599	-2504	13360
1185.404599	-2504	13348
1185.454599	-2504	13348
1185.504599	-2504	13320
1185.554599	-2504	13292
1185.604599	-2504	13240
1185.654599	-2504	13224
1185.704599	-2504	13200
1185.754599	-2500	13156
1185.804599	-2492	13108
1185.854599	-2492	13108
1185.904599	-2492	13080
1185.954599	-2492	13080
1186.004599	-2492	13064
1186.054599	-2492	13052
1186.104599	-2492	13052
1186.154599	-2484	13012
1186.204599	-2472	13004
1186.254599	-2472	13004
1186.304599	-2472	12988
1186.354599	-2472	12972
1186.404599	-2464	12972
1186.454599	-2464	12912
1186.504599	-2448	12912
1186.554599	-2444	12912
1186.604599	-2444	12912
1186.654599	-2444	12912
1186.704599	-2444	12912
1186.754599	-2440	12912
1186.804599	-2440	12912
1186.854599	-2440	12912
1186.904599	-2440	12912
1186.954599	-2436	12912
1187.004599	-2436	12912
1187.054599	-2428	12912
1187.104599	-2428	12912
1187.154599	-2428	12912
1187.204599	-2428	12912
1187.254599	-2428	12912
1187.304599	-2428	12912
1187.354599	-2428	12912
1187.404599	-2428	12908
1187.454599	-2428	12872
1187.504599	-2428	12840
1187.554599	-2428	12816
1187.604599	-2420	12816
1187.654599	-2416	12816
1187.704599	-2416	12816
1187.754599	-2416	12796
1187.804599	-2400	12796
1187.854599	-2400	12768
1187.904599	-2400	12768
1187.954599	-2400	12756
1188.004599	-2400	12724
1188.054599	-2400	12680
1188.104599	-2400	12628
1188.154599	-2400	12612
1188.204599	-2400	12552
1188.254599	-2400	12532
1188.304599	-2400	12472
1188.354599	-2400	12440
1188.404599	-2400	12416
1188.454599	-2400	12392
1188.504599	-2400	12384
1188.554599	-2400	12340
1188.604599	-2400	12300
1188.654599	-2400	12280
1188.704599	-2400	12228
1188.754599	-2400	12180
1188.804599	-2400	12120
1188.854599	-2384	12036
1188.904599	-2384	12000
1188.954599	-2356	11920
1189.004599	-2356	11860
1189.054599	-2356	11804
1189.104599	-2356	11732
1189.154599	-2356	11728
1189.204599	-2356	11704
1189.254599	-2356	11676
1189.304599	-2356	11676
1189.354599	-2356	11664
1189.404599	-2356	11616
1189.454599	-2356	11616
1189.504599	-2356	11608
1189.554599	-2356	11592
1189.604599	-2356	11552
1189.654599	-2356	11540
1189.704599	-2332	11504
1189.754599	-2332	11504
1189.804599	-2332	11496
1189.854599	-2332	11476
1189.904599	-2332	11444
1189.954599	-2332	11424
1190.004599	-2332	11420
1190.054599	-2332	11420
1190.104599	-2332	11380
1190.154599	-2332	11380
1190.204599	-2332	11332
1190.254599	-2332	11284
1190.304599	-2324	11256
1190.354599	-2324	11228
1190.404599	-2308	11192
1190.454599	-2308	11140
1190.504599	-2300	11096
1190.554599	-2292	11044
1190.604599	-2280	11008
1190.654599	-2276	10960
1190.704599	-2276	10920
1190.754599	-2272	10896
1190.804599	-2260	10856
1190.854599	-2252	10808
1190.904599	-2240	10772
1190.954599	-2240	10716
1191.004599	-2232	10672
1191.054599	-2196	10600
1191.104599	-2196	10556
1191.154599	-2196	10468
1191.204599	-2196	10440
1191.254599	-2192	10404
1191.304599	-2192	10368
1191.354599	-2192	10320
1191.404599	-2184	10280
1191.454599	-2172	10244
1191.504599	-2172	10208
1191.554599	-2172	10180
1191.604599	-2172	10136
1191.654599	-2172	10108
1191.704599	-2164	10084
1191.754599	-2152	10072
1191.804599	-2152	10056
1191.854599	-2140	10036
1191.904599	-2140	10032
1191.954599	-2140	10012
1192.004599	-2140	9984
1192.054599	-2128	9956
1192.104599	-2128	9956
1192.154599	-2128	9936
1192.204599	-2124	9920
1192.254599	-2072	9844
1192.304599	-2044	9728
1192.354599	-2020	9572
1192.404599	-2012	9380
1192.454599	-1984	9312
1192.504599	-1976	9240
1192.554599	-1972	9188
1192.604599	-1964	9124
1192.654599	-1944	9024
1192.704599	-1924	8960
1192.754599	-1920	8912
1192.804599	-1912	8908
1192.854599	-1912	8884
1192.904599	-1912	8876
1192.954599	-1892	8876
1193.004599	-1892	8876
1193.054599	-1892	8876
1193.104599	-1892	8856
1193.154599	-1892	8848
1193.204599	-1892	8808
1193.254599	-1892	8744
1193.304599	-1892	8720
1193.354599	-1864	8584
1193.404599	-1804	8316
1193.454599	-1804	7980
1193.504599	-1792	7704
1193.554599	-1760	7524
1193.604599	-1732	7436
1193.654599	-1732	7372
1193.704599	-1724	7308
1193.754599	-1684	7216
1193.804599	-1644	7112
1193.854599	-1636	6996
1193.904599	-1632	6908
1193.954599	-1632	6884
1194.004599	-1624	6788
1194.054599	-1624	6740
1194.104599	-1612	6700
1194.154599	-1608	6688
1194.204599	-1596	6668
1194.254599	-1588	6648
1194.304599	-1580	6648
1194.354599	-1580	6648
1194.404599	-1580	6648
1194.454599	-1572	6648
1194.504599	-1560	6648
1194.554599	-1560	6632
1194.604599	-1560	6632
1194.654599	-1552	6616
1194.704599	-1552	6600
1194.754599	-1552	6568
1194.804599	-1552	6544
1194.854599	-1552	6536
1194.904599	-1544	6536
1194.954599	-1544	6536
1195.004599	-1544	6504
1195.054599	-1544	6504
1195.104599	-1544	6504
1195.154599	-1544	6504
1195.204599	-1544	6504
1195.254599	-1544	6504
1195.304599	-1544	6504
1195.354599	-1544	6504
1195.404599	-1532	6504
1195.454599	-1532	6504
1195.504599	-1532	6504
1195.554599	-1532	6504
1195.604599	-1532	6504
1195.654599	-1532	6504
1195.704599	-1532	6504
1195.754599	-1532	6504
1195.804599	-1532	6504
1195.854599	-1532	6504
1195.904599	-1532	6504
1195.954599	-1520	6504
1196.004599	-1520	6504
1196.054599	-1520	6504
1196.104599	-1520	6504
1196.154599	-1520	6500
1196.204599	-1520	6500
1196.254599	-1520	6500
1196.304599	-1520	6500
1196.354599	-1520	6500
1196.404599	-1520	6500
1196.454599	-1520	6500
1196.504599	-1520	6500
1196.554599	-1520	6500
1196.604599	-1520	6500
1196.654599	-1520	6500
1196.704599	-1520	6500
1196.754599	-1520	6500
1196.804599	-1520	6500
1196.854599	-1520	6500
1196.904599	-1520	6500
1196.954599	-1520	6500
1197.004599	-1520	6500
1197.054599	-1520	6500
1197.104599	-1520	6500
1197.154599	-1520	6492
1197.204599	-1520	6492
1197.254599	-1520	6492
1197.304599	-1520	6492
1197.354599	-1520	6492
1197.404599	-1520	6492
1197.454599	-1520	6492
1197.504599	-1520	6492
1197.554599	-1520	6492
1197.604599	-1520	6492
1197.654599	-1520	6492
1197.704599	-1520	6492
1197.753599	-1520	6492
1197.803599	-1520	6492
1197.853599	-1520	6492
1197.903599	-1520	6492
1197.953599	-1520	6492
1198.003599	-1520	6492
1198.053599	-1520	6492
1198.103599	-1520	6492
1198.153599	-1520	6492
1198.203599	-1520	6492
1198.253599	-1520	6492
1198.303599	-1520	6492
1198.353599	-1520	6468
1198.403599	-1520	6468
1198.453599	-1520	6468
1198.503599	-1520	6436
1198.553599	-1520	6344
1198.603599	-1520	6232
1198.653599	-1520	6012
1198.703599	-1484	5880
1198.753599	-1476	5868
1198.803599	-1476	5860
1198.853599	-1476	5856
1198.903599	-1460	5836
1198.953599	-1460	5824
1199.003599	-1460	5756
1199.053599	-1460	5732
1199.103599	-1460	5680
1199.153599	-1456	5648
1199.203599	-1456	5584
1199.253599	-1452	5548
1199.303599	-1436	5512
1199.353599	-1428	5460
1199.403599	-1424	5424
1199.453599	-1404	5384
1199.503599	-1400	5376
1199.553599	-1400	5340
1199.603599	-1400	5316
1199.653599	-1384	5280
1199.703599	-1384	5280
1199.753599	-1380	5272
1199.803599	-1380	5272
1199.853599	-1368	5260
1199.903599	-1368	5252
1199.953599	-1368	5252
1200.003599	-1368	5252
1200.053599	-1368	5252
1200.103599	-1368	5252
1200.153599	-1368	5252
1200.203599	-1368	5252
1200.253599	-1368	5252
1200.303599	-1368	5252
1200.353599	-1368	5252
1200.403599	-1368	5252
1200.453599	-1368	5252
1200.503599	-1368	5252
1200.553599	-1368	5252
1200.603599	-1368	5252
1200.653599	-1368	5252
1200.703599	-1368	5252
1200.753599	-1368	5252
1200.803599	-1368	5252
1200.853599	-1368	5252
1200.903599	-1368	5252
1200.953599	-1368	5252
1201.003599	-1368	5252
1201.053599	-1368	5252
1201.103599	-1368	5252
1201.153599	-1368	5252
1201.203599	-1368	5252
1201.253599	-1368	5252
1201.303599	-1368	5252
1201.353599	-1368	5252
1201.403599	-1368	5252
1201.453599	-1368	5252
1201.503599	-1368	5252
1201.553599	-1368	5252
1201.603599	-1368	5252
1201.653599	-1368	5252
1201.703599	-1368	5252
1201.753599	-1368	5252
1201.803599	-1368	5252
1201.853599	-1368	5252
1201.903599	-1368	5252
1201.953599	-1368	5252
1202.003599	-1368	5252
1202.053599	-1368	5252
1202.103599	-1368	5252
1202.153599	-1368	5252
1202.203599	-1368	5252
1202.253599	-1368	5252
1202.303599	-1368	5252
1202.353599	-1368	5252
1202.403599	-1368	5252
1202.453599	-1368	5252
1202.503599	-1368	5252
1202.553599	-1368	5252
1202.603599	-1368	5252
1202.653599	-1368	5252
1202.703599	-1368	5252
1202.753599	-1368	5252
1202.803599	-1368	5252
1202.853599	-1368	5252
1202.903599	-1368	5252
1202.953599	-1368	5252
1203.003599	-1368	5252
1203.053599	-1368	5252
1203.103599	-1368	5252
1203.153599	-1368	5252
1203.203599	-1368	5252
1203.253599	-1368	5252
1203.303599	-1368	5252
1203.353599	-1368	5252
1203.403599	-1368	5252
1203.453599	-1368	5252
1203.503599	-1368	5252
1203.553599	-1368	5252
1203.603599	-1368	5252
1203.653599	-1368	5252
1203.703599	-1368	5252
1203.753599	-1368	5252
1203.803599	-1368	5252
1203.853599	-1368	5252
1203.903599	-1368	5252
1203.953599	-1368	5252
1204.003599	-1368	5252
1204.053599	-1368	5252
1204.103599	-1368	5252
1204.153599	-1368	5252
1204.203599	-1368	5252
1204.253599	-1368	5252
1204.303599	-1368	5252
1204.353599	-1364	5252
1204.403599	-1364	5252
1204.453599	-1364	5252
1204.503599	-1364	5252
1204.553599	-1364	5252
1204.603599	-1364	5252
1204.653599	-1364	5252
1204.703599	-1364	5252
1204.753599	-1364	5252
1204.803599	-1364	5252
1204.853599	-1364	5252
1204.905599	-1364	5252
1204.953599	-1364	5252
1205.003599	-1364	5252
1205.053599	-1364	5240
1205.103599	-1364	5240
1205.153599	-1364	5240
1205.203599	-1364	5240
1205.253599	-1364	5240
1205.303599	-1364	5240
1205.353599	-1364	5240
1205.403599	-1364	5240
1205.453599	-1364	5240
1205.503599	-1364	5240
1205.553599	-1364	5240
1205.603599	-1364	5240
1205.653599	-1360	5240
1205.703599	-1360	5240
1205.753599	-1360	5240
1205.803599	-1360	5228
1205.853599	-1360	5228
1205.903599	-1360	5228
1205.953599	-1360	5228
1206.003599	-1360	5228
1206.053599	-1360	5228
1206.103599	-1360	5228
1206.153599	-1360	5228
1206.203599	-1360	5228
1206.253599	-1360	5228
1206.303599	-1352	5228
1206.353599	-1352	5228
1206.403599	-1352	5228
1206.453599	-1352	5228
1206.503599	-1352	5228
1206.553599	-1352	5228
1206.603599	-1340	5228
1206.653599	-1340	5228
1206.703599	-1340	5228
1206.753599	-1340	5228
1206.803599	-1320	5228
1206.853599	-1320	5228
1206.903599	-1320	5228
1206.953599	-1320	5228
1207.003599	-1292	5228
1207.053599	-1292	5232
1207.103599	-1292	5256
1207.153599	-1292	5256
1207.203599	-1288	5256
1207.253599	-1288	5256
1207.303599	-1276	5268
1207.353599	-1276	5280
1207.403599	-1276	5304
1207.453599	-1276	5316
1207.503599	-1276	5328
1207.553599	-1276	5352
1207.603599	-1272	5388
1207.653599	-1260	5396
1207.703599	-1260	5420
1207.753599	-1260	5436
1207.803599	-1256	5448
1207.853599	-1256	5468
1207.903599	-1256	5480
1207.953599	-1256	5480
1208.003599	-1256	5492
1208.053599	-1256	5492
1208.103599	-1256	5492
1208.153599	-1252	5492
1208.203599	-1252	5492
1208.253599	-1252	5492
1208.303599	-1252	5492
1208.353599	-1252	5492
1208.403599	-1252	5492
1208.453599	-1252	5492
1208.503599	-1252	5492
1208.553599	-1252	5492
1208.603599	-1248	5492
1208.653599	-1248	5492
1208.703599	-1248	5492
1208.753599	-1248	5492
1208.803599	-1248	5492
1208.853599	-1248	5492
1208.903599	-1248	5492
1208.953599	-1248	5492
1209.003599	-1248	5492
1209.053599	-1248	5492
1209.103599	-1248	5492
1209.153599	-1248	5492
1209.203599	-1248	5492
1209.253599	-1248	5492
1209.303599	-1248	5492
1209.353599	-1248	5492
1209.403599	-1248	5492
1209.453599	-1248	5492
1209.503599	-1248	5492
1209.553599	-1248	5492
1209.603599	-1248	5492
1209.653599	-1248	5492
1209.703599	-1248	5492
1209.753599	-1248	5492
1209.803599	-1248	5492
1209.853599	-1248	5492
1209.903599	-1248	5492
1209.953599	-1248	5492
1210.003599	-1248	5492
1210.053599	-1248	5492
1210.103599	-1248	5492
1210.153599	-1248	5492
1210.203599	-1248	5492
1210.253599	-1248	5492
1210.303599	-1248	5492
1210.353599	-1248	5492
1210.403599	-1248	5492
1210.453599	-1248	5492
1210.503599	-1248	5492
1210.553599	-1248	5492
1210.603599	-1248	5492
1210.653599	-1248	5492
1210.703599	-1248	5492
1210.753599	-1248	5492
1210.803599	-1248	5492
1210.853599	-1248	5492
1210.903599	-1248	5492
1210.953599	-1248	5492
1211.003599	-1248	5492
1211.053599	-1248	5492
1211.103599	-1248	5492
1211.153599	-1248	5492
1211.203599	-1248	5492
1211.253599	-1248	5492
1211.303599	-1248	5492
1211.353599	-1248	5492
1211.403599	-1248	5492
1211.453599	-1248	5492
1211.503599	-1248	5492
1211.553599	-1248	5492
1211.603599	-1248	5492
1211.653599	-1248	5492
1211.703599	-1248	5492
1211.753599	-1248	5492
1211.803599	-1248	5492
1211.853599	-1248	5492
1211.903599	-1248	5492
1211.953599	-1248	5492
1212.003599	-1248	5492
1212.053599	-1248	5492
1212.103599	-1248	5492
1212.153599	-1248	5492
1212.203599	-1248	5492
1212.253599	-1248	5492
1212.303599	-1248	5492
1212.353599	-1248	5492
1212.403599	-1248	5492
1212.453599	-1248	5492
1212.503599	-1248	5492
1212.553599	-1248	5492
1212.603599	-1248	5492
1212.653599	-1248	5492
1212.703599	-1248	5492
1212.753599	-1248	5492
1212.803599	-1248	5492
1212.853599	-1248	5492
1212.903599	-1248	5492
1212.953599	-1248	5492
1213.003599	-1248	5492
1213.053599	-1248	5492
1213.103599	-1248	5492
1213.153599	-1248	5492
1213.203599	-1248	5492
1213.253599	-1248	5492
1213.303599	-1248	5492
1213.353599	-1248	5492
1213.403599	-1248	5492
1213.453599	-1248	5492
1213.503599	-1248	5492
1213.553599	-1248	5492
1213.603599	-1248	5492
1213.653599	-1248	5492
1213.703599	-1248	5492
1213.753599	-1248	5492
1213.803599	-1248	5492
1213.853599	-1248	5492
1213.903599	-1248	5492
1213.953599	-1248	5492
1214.003599	-1248	5492
1214.053599	-1248	5492
1214.103599	-1248	5492
1214.153599	-1248	5492
1214.203599	-1248	5492
1214.253599	-1248	5492
1214.303599	-1248	5492
1214.353599	-1248	5492
1214.403599	-1248	5492
1214.453599	-1248	5492
1214.503599	-1248	5492
1214.553599	-1248	5492
1214.603599	-1248	5492
1214.653599	-1248	5492
1214.703599	-1248	5492
1214.753599	-1248	5492
1214.803599	-1248	5492
1214.853599	-1248	5492
1214.903599	-1248	5492
1214.953599	-1248	5492
1215.003599	-1248	5492
1215.053599	-1248	5492
1215.103599	-1248	5492
1215.153599	-1248	5492
1215.203599	-1248	5492
1215.252599	-1248	5492
1215.302599	-1248	5492
1215.352599	-1248	5492
1215.402599	-1248	5492
1215.452599	-1248	5492
1215.502599	-1248	5492
1215.552599	-1248	5492
1215.602599	-1248	5492
1215.652599	-1248	5492
1215.702599	-1248	5492
1215.752599	-1248	5492
1215.802599	-1248	5492
1215.852599	-1248	5492
1215.902599	-1248	5492
1215.952599	-1248	5492
1216.002599	-1248	5492
1216.052599	-1248	5492
1216.102599	-1248	5492
1216.152599	-1248	5492
1216.202599	-1248	5492
1216.252599	-1248	5492
1216.302599	-1248	5492
1216.352599	-1248	5492
1216.402599	-1248	5492
1216.452599	-1248	5492
1216.502599	-1248	5492
1216.552599	-1248	5492
1216.602599	-1248	5492
1216.652599	-1248	5492
1216.702599	-1248	5492
1216.752599	-1248	5492
1216.802599	-1248	5492
1216.852599	-1248	5492
1216.902599	-1248	5492
1216.952599	-1248	5492
1217.002599	-1248	5496
1217.052599	-1248	5512
1217.102599	-1248	5528
1217.152599	-1248	5556
1217.202599	-1228	5560
1217.252599	-1228	5580
1217.302599	-1220	5592
1217.352599	-1220	5628
1217.402599	-1200	5660
1217.452599	-1200	5716
1217.502599	-1200	5752
1217.552599	-1184	5836
1217.602599	-1160	5948
1217.652599	-1132	6032
1217.702599	-1092	6068
1217.752599	-1084	6144
1217.802599	-1084	6176
1217.852599	-1048	6192
1217.902599	-1048	6228
1217.952599	-1044	6252
1218.002599	-1020	6360
1218.052599	-964	6372
1218.102599	-940	6480
1218.152599	-900	6548
1218.202599	-860	6612
1218.252599	-840	6664
1218.302599	-840	6672
1218.352599	-824	6696
1218.402599	-780	6740
1218.452599	-772	6788
1218.502599	-772	6820
1218.552599	-772	6832
1218.602599	-764	6860
1218.652599	-764	6900
1218.702599	-744	6940
1218.752599	-744	6980
1218.802599	-704	7048
1218.852599	-680	7108
1218.902599	-620	7180
1218.952599	-620	7204
1219.002599	-600	7228
1219.052599	-584	7232
1219.102599	-584	7252
1219.152599	-584	7252
1219.202599	-584	7252
1219.252599	-584	7252
1219.302599	-584	7252
1219.352599	-584	7252
1219.402599	-548	7252
1219.452599	-548	7252
1219.502599	-548	7256
1219.552599	-532	7260
1219.602599	-496	7300
1219.652599	-464	7300
1219.702599	-432	7300
1219.752599	-416	7344
1219.802599	-368	7360
1219.852599	-344	7376
1219.902599	-320	7412
1219.952599	-296	7424
1220.002599	-268	7432
1220.052599	-260	7448
1220.102599	-260	7460
1220.152599	-248	7464
1220.202599	-248	7480
1220.252599	-248	7488
1220.302599	-248	7492
1220.352599	-248	7496
1220.402599	-248	7500
1220.452599	-248	7524
1220.502599	-248	7536
1220.552599	-248	7548
1220.602599	-248	7564
1220.652599	-248	7608
1220.702599	-240	7608
1220.752599	-232	7616
1220.802599	-208	7628
1220.852599	-196	7648
1220.902599	-188	7660
1220.952599	-184	7668
1221.002599	-144	7676
1221.052599	-140	7708
1221.102599	-140	7708
1221.152599	-140	7708
1221.202599	-140	7728
1221.252599	-140	7740
1221.302599	-140	7756
1221.352599	-140	7772
1221.402599	-140	7800
1221.452599	-140	7800
1221.502599	-140	7832
1221.552599	-140	7868
1221.602599	-140	7900
1221.652599	-140	7904
1221.702599	-140	7920
1221.752599	-140	7948
1221.802599	-140	7956
1221.852599	-140	7972
1221.902599	-140	8024
1221.952599	-140	8048
1222.002599	-140	8104
1222.052599	-140	8156
1222.102599	-140	8188
1222.152599	-140	8224
1222.202599	-140	8284
1222.252599	-140	8316
1222.302599	-140	8372
1222.352599	-140	8404
1222.402599	-140	8464
1222.452599	-140	8508
1222.502599	-136	8524
1222.552599	-136	8564
1222.602599	-136	8600
1222.652599	-136	8620
1222.702599	-136	8636
1222.752599	-128	8712
1222.802599	-120	8736
1222.852599	-120	8784
1222.902599	-120	8808
1222.952599	-120	8832
1223.002599	-120	8852
1223.052599	-120	8852
1223.102599	-120	8852
1223.152599	-120	8864
1223.202599	-120	8864
1223.252599	-120	8916
1223.302599	-120	8928
1223.352599	-108	8952
1223.402599	-108	8968
1223.452599	-100	8996
1223.502599	-100	9020
1223.552599	-84	9036
1223.602599	-84	9048
1223.652599	-80	9088
1223.702599	-72	9100
1223.752599	-60	9100
1223.802599	-60	9116
1223.852599	-60	9116
1223.902599	-60	9120
1223.952599	-60	9144
1224.002599	-60	9152
1224.052599	-60	9160
1224.102599	-60	9160
1224.152599	-60	9168
1224.202599	-60	9176
1224.252599	-60	9192
1224.302599	-60	9192
1224.352599	-60	9196
1224.402599	-60	9204
1224.452599	-60	9204
1224.502599	-60	9260
1224.552599	-60	9260
1224.602599	-60	9264
1224.652599	-60	9276
1224.702599	-60	9280
1224.752599	-60	9304
1224.802599	-56	9344
1224.852599	-56	9344
1224.926599	-56	9392
1224.952599	-56	9400
1225.002599	-56	9416
1225.052599	-56	9468
1225.102599	-56	9488
1225.152599	-56	9504
1225.202599	-56	9504
1225.252599	-56	9508
1225.302599	-56	9516
1225.352599	-56	9516
1225.402599	-56	9520
1225.452599	-56	9528
1225.502599	-56	9532
1225.552599	-56	9532
1225.602599	-56	9532
1225.652599	-56	9544
1225.702599	-56	9544
1225.752599	-56	9552
1225.802599	-56	9552
1225.852599	-56	9560
1225.902599	-56	9584
1225.952599	-56	9592
1226.002599	-56	9616
1226.052599	-56	9616
1226.102599	-56	9616
1226.152599	-56	9616
1226.202599	-56	9616
1226.252599	-56	9616
1226.302599	-56	9616
1226.352599	-56	9616
1226.402599	-56	9616
1226.452599	-56	9616
1226.502599	-56	9616
1226.552599	-56	9616
1226.602599	-56	9616
1226.652599	-56	9624
1226.702599	-56	9624
1226.752599	-56	9624
1226.802599	-52	9636
1226.852599	-52	9636
1226.902599	-52	9644
1226.968599	-52	9648
1227.002599	-52	9648
1227.052599	-52	9648
1227.102599	-52	9648
1227.152599	-52	9648
1227.202599	-52	9648
1227.252599	-52	9648
1227.302599	-52	9648
1227.352599	-52	9648
1227.402599	-52	9648
1227.452599	-52	9648
1227.502599	-52	9648
1227.552599	-52	9648
1227.602599	-52	9648
1227.652599	-52	9648
1227.702599	-52	9648
1227.752599	-52	9648
1227.802599	-52	9648
1227.852599	-52	9648
1227.902599	-52	9648
1227.952599	-52	9648
1228.002599	-52	9648
1228.052599	-52	9648
1228.102599	-52	9648
1228.152599	-52	9648
1228.202599	-52	9648
1228.252599	-52	9648
1228.302599	-52	9648
1228.352599	-52	9648
1228.402599	-52	9648
1228.452599	-52	9648
1228.502599	-52	9648
1228.552599	-52	9648
1228.602599	-52	9648
1228.652599	-52	9628
1228.702599	-52	9628
1228.752599	-52	9588
1228.802599	-52	9568
1228.852599	-52	9552
1228.902599	-52	9512
1228.952599	-52	9496
1229.002599	-52	9448
1229.052599	-52	9368
1229.102599	-52	9292
1229.152599	-52	9216
1229.202599	-52	9176
1229.252599	-52	9124
1229.302599	-52	9024
1229.352599	-52	8912
1229.402599	-52	8780
1229.452599	-52	8540
1229.502599	-52	8352
1229.552599	-52	8096
1229.602599	-52	7744
1229.652599	-52	7464
1229.702599	-52	7288
1229.752599	-52	7084
1229.802599	-52	6804
1229.852599	-68	6544
1229.902599	-104	6228
1229.952599	-140	5872
1230.002599	-184	5456
1230.052599	-216	5116
1230.102599	-220	4732
1230.152599	-252	4184
1230.202599	-252	3320
1230.252599	-256	2292
1230.302599	0	988
1230.352599	0	0
1230.402599	0	0
1230.452599	0	0
1230.502599	0	0
1230.552599	0	0
1230.602599	0	0
1230.652599	0	0
1230.702599	0	0
1230.752599	0	0
1230.802599	0	0
1230.852599	0	0
1230.902599	0	0
1230.952599	0	0
1231.002599	0	0
1231.052599	0	0
1231.102599	0	0
1231.152599	0	0
1231.202599	0	0
1231.252599	0	0
1231.302599	0	0
1231.352599	0	0
1231.402599	0	0
1231.452599	0	0
1231.502599	0	0
1231.552599	0	0
1231.602599	0	0
1231.652599	0	0
1231.702599	0	0
1231.752599	0	0
1231.802599	0	0
1231.852599	0	0
1231.902599	0	0
1231.952599	0	0
1232.002599	0	0
1232.052599	0	0
1232.102599	0	0
1232.152599	0	0
1232.202599	0	0
1232.252599	0	0
1232.302599	0	0
1232.352599	0	0
1232.402599	0	0
1232.452599	0	0
1232.502599	0	0
1232.552599	0	0
1232.602599	0	0
1232.652599	0	0
1232.702599	0	0
1232.751599	0	0
1232.801599	0	0
1232.851599	0	0
1232.901599	0	0
1232.951599	0	0
1233.001599	0	0
1233.051599	0	0
1233.101599	0	0
1233.151599	0	0
1233.201599	0	0
1233.251599	0	0
1233.301599	0	0
1233.351599	0	0
1233.401599	0	0
1233.451599	0	0
1233.501599	0	0
1233.551599	0	0
1233.601599	0	0
1233.651599	0	0
1233.701599	0	0
1233.751599	0	0
1233.801599	0	0
1233.851599	0	0
1233.901599	0	0
1233.951599	0	0
1234.001599	0	0
1234.051599	0	0
1234.101599	0	0
1234.151599	0	0
1234.201599	0	0
1234.251599	0	0
1234.301599	0	0
1234.351599	0	0
1234.401599	0	0
1234.451599	0	0
1234.501599	0	0
1234.551599	0	0
1234.601599	0	0
1234.651599	0	0
1234.701599	0	0
1234.751599	0	0
1234.801599	0	0
1234.851599	0	0
1234.901599	0	0
1234.951599	0	0
1235.001599	0	0
1235.051599	0	0
1235.101599	0	0
1235.151599	0	0
1235.201599	0	0
1235.251599	0	0
1235.301599	0	0
1235.351599	0	0
1235.401599	0	0
1235.451599	0	0
1235.501599	0	0
1235.551599	0	0
1235.601599	0	0
1235.651599	0	0
1235.701599	0	0
1235.751599	0	0
1235.801599	0	0
1235.851599	0	0
1235.901599	0	0
1235.951599	0	0
1236.001599	0	0
1236.051599	0	0
1236.101599	0	0
1236.151599	0	0
1236.201599	0	0
1236.251599	0	0
1236.301599	0	0
1236.351599	0	0
1236.401599	0	0
1236.451599	0	0
1236.501599	0	0
1236.551599	0	0
1236.601599	0	0
1236.651599	0	0
1236.701599	0	0
1236.751599	0	0
1236.801599	0	0
1236.851599	0	0
1236.901599	0	0
1236.951599	0	0
1237.001599	0	0
1237.051599	0	0
1237.101599	0	0
1237.151599	0	0
1237.201599	0	0
1237.251599	0	0
1237.301599	0	0
1237.351599	0	0
1237.401599	0	0
1237.451599	0	0
1237.501599	0	0
1237.551599	0	0
1237.601599	0	0
1237.651599	0	0
1237.701599	0	0
1237.751599	0	0
1237.801599	0	0
1237.851599	0	0
1237.901599	0	0
1237.951599	0	0
1238.001599	0	0
1238.051599	0	0
1238.101599	0	0
1238.151599	0	0
1238.201599	0	0
1238.251599	0	0
1238.301599	0	0
1238.351599	0	0
1238.401599	0	0
1238.451599	0	0
1238.501599	0	0
1238.551599	0	0
1238.601599	0	0
1238.651599	0	0
1238.701599	0	0
1238.751599	0	0
1238.801599	0	0
1238.851599	0	0
1238.901599	0	0
1238.951599	0	0
1239.001599	0	0
1239.051599	0	0
1239.101599	0	0
1239.151599	0	0
1239.201599	0	0
1239.251599	0	0
1239.301599	0	0
1239.351599	0	0
1239.401599	0	0
1239.451599	0	0
1239.501599	0	0
1239.551599	0	0
1239.601599	0	0
1239.651599	0	0
1239.701599	0	0
1239.751599	0	0
1239.801599	0	0
1239.851599	0	0
1239.901599	0	0
1239.951599	0	0
1240.001599	0	0
1240.051599	0	0
1240.101599	0	0
1240.151599	0	0
1240.201599	0	0
1240.251599	0	0
1240.301599	0	0
1240.351599	0	0
1240.401599	0	0
1240.451599	0	0
1240.501599	0	0
1240.551599	0	0
1240.601599	0	0
1240.651599	0	0
1240.701599	0	0
1240.751599	0	0
1240.801599	0	0
1240.851599	0	0
1240.901599	0	0
1240.951599	0	0
1241.001599	0	0
1241.051599	0	0
1241.101599	0	0
1241.151599	0	0
1241.201599	0	0
1241.251599	0	0
1241.301599	0	0
1241.351599	0	0
1241.401599	0	0
1241.451599	0	0
1241.501599	0	0
1241.551599	0	0
1241.601599	0	0
1241.651599	0	0
1241.701599	0	0
1241.751599	0	0
1241.801599	0	0
1241.851599	0	0
1241.901599	0	0
1241.951599	0	0
1242.001599	0	0
1242.051599	0	0
1242.101599	0	0
1242.151599	0	0
1242.201599	0	0
1242.251599	0	0
1242.301599	0	0
1242.351599	0	0
1242.401599	0	0
1242.451599	0	0
1242.501599	0	0
1242.551599	0	0
1242.601599	0	0
1242.651599	0	0
1242.701599	0	0
1242.751599	0	0
1242.801599	0	0
1242.851599	0	0
1242.901599	0	0
1242.951599	0	0
1243.001599	0	0
1243.051599	0	0
1243.101599	0	0
1243.151599	0	0
1243.201599	0	0
1243.251599	0	0
1243.301599	0	0
1243.351599	0	0
1243.401599	0	0
1243.451599	0	0
1243.501599	0	0
1243.551599	0	0
1243.601599	0	0
1243.651599	0	0
1243.701599	0	0
1243.751599	0	0
1243.801599	0	0
1243.851599	0	0
1243.901599	0	0
1243.951599	0	0
1244.001599	0	0
1244.051599	0	0
1244.101599	0	0
1244.151599	0	0
1244.201599	0	0
1244.251599	0	0
1244.301599	0	0
1244.351599	0	0
1244.401599	0	0
1244.451599	0	0
1244.501599	0	0
1244.551599	0	0
1244.601599	0	0
1244.651599	0	0
1244.701599	0	0
1244.751599	0	0
1244.801599	0	0
1244.851599	0	0
1244.901599	0	0
1244.951599	0	104
1245.001599	0	228
1245.051599	0	512
1245.101599	0	676
1245.151599	0	676
1245.201599	0	676
1245.251599	0	548
1245.301599	0	268
1245.351599	0	40
1245.401599	0	0
1245.451599	0	0
1245.501599	0	0
1245.551599	0	0
1245.601599	0	0
1245.651599	0	0
1245.701599	0	0
1245.751599	0	0
1245.801599	0	0
1245.851599	0	0
1245.901599	0	0
1245.951599	0	0
1246.001599	0	0
1246.051599	0	0
1246.101599	0	0
1246.151599	0	0
1246.201599	0	0
1246.251599	0	0
1246.301599	0	0
1246.351599	0	0
1246.401599	0	0
1246.451599	0	0
1246.501599	0	0
1246.551599	0	0
1246.601599	0	0
1246.651599	0	0
1246.701599	0	0
1246.751599	0	0
1246.801599	0	0
1246.851599	0	0
1246.901599	0	0
1246.951599	0	0
1247.001599	0	0
1247.051599	0	0
1247.101599	0	0
1247.151599	0	0
1247.201599	0	0
1247.251599	0	0
1247.301599	0	0
1247.351599	0	0
1247.401599	0	0
1247.451599	0	0
1247.501599	0	0
1247.551599	0	0
1247.601599	0	0
1247.651599	0	0
1247.701599	0	0
1247.751599	0	0
1247.801599	0	0
1247.851599	0	0
1247.901599	0	0
1247.951599	0	0
1248.001599	0	0
1248.051599	0	0
1248.101599	0	0
1248.151599	0	0
1248.201599	0	0
1248.251599	0	0
1248.301599	0	0
1248.351599	0	0
1248.401599	0	0
1248.451599	0	0
1248.501599	0	0
1248.551599	0	0
1248.601599	0	0
1248.651599	0	0
1248.701599	0	0
1248.751599	0	0
1248.801599	0	0
1248.851599	0	0
1248.901599	0	0
1248.951599	0	0
1249.001599	0	0
1249.051599	0	0
1249.101599	0	0
1249.151599	0	0
1249.201599	0	0
1249.251599	0	0
1249.301599	0	0
1249.351599	0	0
1249.401599	0	0
1249.451599	0	0
1249.501599	0	0
1249.551599	0	0
1249.601599	0	0
1249.651599	0	0
1249.701599	0	0
1249.751599	0	0
1249.801599	0	0
1249.851599	0	0
1249.901599	0	0
1249.951599	0	0
1250.001599	0	0
1250.051599	0	0
1250.101599	0	0
1250.151599	0	0
1250.200599	0	0
1250.250599	0	0
1250.300599	0	0
1250.350599	0	0
1250.400599	0	0
1250.450599	0	0
1250.500599	0	0
1250.550599	0	0
1250.600599	0	0
1250.650599	0	0
1250.700599	0	0
1250.750599	0	0
1250.800599	0	212
1250.850599	0	440
1250.900599	0	440
1250.950599	0	440
1251.000599	0	440
1251.050599	0	300
1251.100599	0	120
1251.150599	0	0
1251.200599	0	0
1251.250599	0	0
1251.300599	0	0
1251.350599	0	0
1251.400599	0	0
1251.450599	0	0
1251.500599	0	0
1251.550599	0	0
1251.600599	0	0
1251.650599	0	0
1251.700599	0	0
1251.750599	0	0
1251.800599	0	0
1251.850599	0	0
1251.900599	0	0
1251.950599	0	0
1252.000599	0	0
1252.050599	0	0
1252.100599	0	0
1252.150599	0	0
1252.200599	0	0
1252.250599	0	0
1252.300599	0	0
1252.350599	0	0
1252.400599	0	0
1252.450599	0	0
1252.500599	0	48
1252.550599	0	168
1252.600599	0	196
1252.650599	0	464
1252.700599	0	660
1252.750599	0	752
1252.800599	0	768
1252.850599	0	768
1252.900599	0	768
1252.950599	0	768
1253.000599	0	768
1253.050599	0	768
1253.100599	0	768
1253.150599	0	768
1253.200599	0	768
1253.250599	0	768
1253.300599	0	768
1253.350599	0	768
1253.400599	0	768
1253.450599	0	768
1253.500599	0	768
1253.550599	0	768
1253.600599	0	768
1253.650599	0	768
1253.700599	0	768
1253.750599	0	768
1253.800599	0	768
1253.850599	0	768
1253.900599	0	768
1253.950599	0	768
1254.000599	0	768
1254.050599	0	752
1254.100599	0	652
1254.150599	0	652
1254.200599	0	652
1254.250599	0	652
1254.300599	0	652
1254.350599	0	652
1254.400599	0	652
1254.450599	0	652
1254.500599	0	652
1254.550599	0	652
1254.600599	0	660
1254.650599	0	752
1254.700599	0	808
1254.750599	0	816
1254.800599	0	884
1254.850599	0	1012
1254.900599	0	1036
1254.950599	0	1144
1255.000599	0	1300
1255.050599	0	1324
1255.100599	0	1424
1255.150599	0	1544
1255.200599	-224	1656
1255.250599	-224	1756
1255.300599	-224	1868
1255.350599	-224	2008
1255.400599	-256	2076
1255.450599	-256	2104
1255.500599	-256	2176
1255.550599	-256	2184
1255.600599	-256	2248
1255.650599	-292	2296
1255.700599	-320	2296
1255.750599	-320	2296
1255.800599	-320	2308
1255.850599	-320	2336
1255.900599	-336	2340
1255.950599	-340	2340
1256.000599	-340	2340
1256.050599	-340	2340
1256.100599	-340	2340
1256.150599	-356	2340
1256.200599	-396	2340
1256.250599	-412	2340
1256.300599	-416	2340
1256.350599	-416	2340
1256.400599	-440	2340
1256.450599	-472	2340
1256.500599	-488	2340
1256.550599	-516	2340
1256.600599	-548	2340
1256.650599	-584	2340
1256.700599	-584	2340
1256.750599	-584	2340
1256.800599	-584	2320
1256.850599	-584	1840
1256.900599	0	1544
1256.950599	0	704
1257.000599	0	0
1257.050599	0	0
1257.100599	0	0
1257.150599	0	0
1257.200599	0	0
1257.250599	0	0
1257.300599	0	0
1257.350599	0	0
1257.400599	0	0
1257.450599	0	0
1257.500599	0	0
1257.550599	0	0
1257.600599	0	0
1257.650599	0	0
1257.700599	0	0
1257.750599	0	0
1257.800599	0	0
1257.850599	0	0
1257.900599	0	0
1257.950599	0	0
1258.000599	0	0
1258.050599	0	0
1258.100599	0	0
1258.150599	0	0
1258.200599	0	0
1258.250599	0	0
1258.300599	0	0
1258.350599	0	0
1258.400599	0	0
1258.450599	0	0
1258.500599	0	0
1258.550599	0	0
1258.600599	0	0
1258.650599	0	0
1258.700599	0	0
1258.750599	0	0
1258.800599	0	0
1258.850599	0	0
1258.900599	0	0
1258.950599	0	0
1259.000599	0	0
1259.050599	0	0
1259.100599	0	196
1259.150599	0	440
1259.200599	0	604
1259.250599	0	744
1259.300599	0	916
1259.350599	0	948
1259.400599	0	980
1259.450599	0	1036
1259.500599	0	1036
1259.550599	0	1036
1259.600599	0	1036
1259.650599	0	1036
1259.700599	0	1036
1259.750599	0	676
1259.800599	0	268
1259.850599	0	0
1259.900599	0	0
1259.950599	0	0
1260.000599	0	0
1260.050599	0	0
1260.100599	0	0
1260.150599	0	0
1260.200599	0	0
1260.250599	0	0
1260.300599	0	0
1260.350599	0	0
1260.400599	0	0
1260.450599	0	0
1260.500599	0	0
1260.550599	0	0
1260.600599	0	0
1260.650599	0	0
1260.700599	0	0
1260.750599	0	0
1260.800599	0	0
1260.850599	0	0
1260.900599	0	0
1260.950599	0	0
1261.000599	0	0
1261.050599	0	0
1261.100599	0	0
1261.150599	0	0
1261.200599	0	0
1261.250599	0	0
1261.300599	0	0
1261.350599	0	0
1261.400599	0	0
1261.450599	0	0
1261.500599	0	0
1261.550599	0	0
1261.600599	0	0
1261.650599	-48	0
1261.700599	-108	0
1261.750599	-140	0
1261.800599	-140	0
1261.850599	-140	0
1261.900599	-140	0
1261.950599	-140	0
1262.000599	-140	376
1262.050599	-140	556
1262.100599	-140	556
1262.150599	0	556
1262.200599	0	556
1262.250599	0	556
1262.300599	0	556
1262.350599	0	588
1262.400599	0	588
1262.450599	0	620
1262.500599	0	620
1262.550599	0	620
1262.600599	0	620
1262.650599	0	620
1262.700599	0	620
1262.750599	0	620
1262.800599	0	620
1262.850599	0	948
1262.900599	-624	1696
1262.950599	-624	2208
1263.000599	-776	2456
1263.050599	-776	2480
1263.100599	-776	2480
1263.150599	-776	2480
1263.200599	-776	2480
1263.250599	-776	2252
1263.300599	-776	1952
1263.350599	-776	1632
1263.400599	0	712
1263.450599	0	32
1263.500599	0	0
1263.550599	0	0
1263.600599	0	0
1263.650599	0	0
1263.700599	0	168
1263.750599	0	980
1263.800599	0	1416
1263.850599	0	1528
1263.900599	0	1528
1263.950599	0	1528
1264.000599	0	1528
1264.050599	0	1528
1264.100599	0	1528
1264.150599	0	1528
1264.200599	0	1528
1264.250599	0	1528
1264.300599	0	1528
1264.350599	0	1528
1264.400599	-708	1576
1264.450599	-708	1640
1264.500599	-708	1640
1264.550599	-708	1640
1264.600599	-708	1640
1264.650599	-708	1640
1264.700599	-708	1640
1264.750599	-708	1640
1264.800599	-708	1640
1264.850599	-708	1692
1264.900599	-836	1724
1264.974599	-856	1724
1265.000599	-952	1724
1265.050599	-952	1724
1265.100599	-952	1724
1265.150599	-952	1724
1265.200599	-952	1724
1265.250599	-952	1724
1265.300599	-952	1612
1265.350599	-292	1036
1265.400599	-292	408
1265.450599	-292	0
1265.500599	-292	0
1265.550599	-292	0
1265.600599	-292	0
1265.650599	-292	0
1265.700599	-292	0
1265.750599	-292	0
1265.800599	-292	0
1265.850599	-292	0
1265.900599	-292	0
1265.950599	-292	0
1266.000599	-292	236
1266.050599	-292	432
1266.100599	-292	488
1266.150599	-292	524
1266.200599	-292	728
1266.250599	-292	816
1266.300599	-292	1080
1266.350599	-292	1152
1266.400599	-292	1244
1266.450599	-292	1244
1266.500599	-292	1244
1266.550599	-292	1244
1266.600599	-292	1244
1266.650599	-292	1244
1266.700599	-292	488
1266.750599	-292	376
1266.800599	-292	376
1266.850599	-292	376
1266.900599	-292	376
1266.950599	-292	196
1267.000599	-292	136
1267.050599	-292	0
1267.100599	-292	0
1267.150599	-292	0
1267.200599	-292	0
1267.250599	-292	0
1267.300599	-292	0
1267.350599	-292	0
1267.400599	-292	0
1267.450599	-292	0
1267.500599	-292	0
1267.550599	-292	0
1267.600599	-292	0
1267.650599	-292	0
1267.699599	-292	0
1267.749599	-292	0
1267.799599	-292	0
1267.849599	-292	0
1267.899599	-292	0
1267.949599	-292	0
1267.999599	-292	0
1268.049599	-292	0
1268.099599	-292	0
1268.149599	-292	0
1268.199599	-292	0
1268.249599	-292	0
1268.299599	-292	0
1268.349599	-292	0
1268.399599	-292	0
1268.449599	-292	0
1268.499599	-292	0
1268.549599	-292	0
1268.599599	-292	0
1268.649599	-292	0
1268.699599	-292	0
1268.749599	-292	0
1268.799599	-292	0
1268.849599	-292	0
1268.899599	-292	0
1268.949599	-292	0
1268.999599	-292	0
1269.049599	-292	0
1269.099599	-292	0
1269.149599	-292	0
1269.199599	-292	0
1269.249599	-292	0
1269.299599	-292	0
1269.349599	-292	0
1269.399599	-292	0
1269.449599	-292	0
1269.499599	-292	0
1269.549599	-292	0
1269.599599	-292	0
1269.649599	-292	0
1269.699599	-292	0
1269.749599	-292	0
1269.799599	-292	0
1269.849599	-292	0
1269.899599	-292	0
1269.949599	-292	0
1269.999599	-292	0
1270.049599	-292	0
1270.099599	-292	0
1270.149599	-292	0
1270.199599	-292	0
1270.249599	-252	0
1270.299599	-176	0
1270.349599	-168	72
1270.399599	-160	80
1270.449599	-132	80
1270.499599	-132	80
1270.549599	-92	236
1270.599599	-72	376
1270.649599	-72	416
1270.699599	-48	464
1270.749599	-48	548
1270.799599	-32	588
1270.849599	-16	768
1270.899599	0	916
1270.949599	0	988
1270.999599	0	988
1271.049599	0	988
1271.099599	0	988
1271.149599	0	988
1271.199599	0	988
1271.249599	0	988
1271.299599	0	988
1271.349599	0	988
1271.399599	0	988
1271.449599	0	988
1271.499599	0	988
1271.549599	0	620
1271.599599	0	400
1271.649599	0	228
1271.699599	0	228
1271.749599	0	228
1271.799599	0	228
1271.849599	0	228
1271.899599	0	228
1271.949599	0	228
1271.999599	0	228
1272.049599	0	252
1272.099599	0	464
1272.149599	0	496
1272.199599	0	496
1272.249599	0	496
1272.299599	0	496
1272.349599	0	496
1272.399599	0	496
1272.449599	0	496
1272.499599	0	784
1272.549599	0	1048
1272.599599	0	1228
1272.649599	0	1228
1272.699599	0	1228
1272.749599	0	1284
1272.799599	0	1316
1272.849599	0	1316
1272.899599	0	1316
1272.949599	0	1316
1272.999599	0	1316
1273.049599	0	1324
1273.099599	0	1348
1273.149599	0	1356
1273.199599	0	1356
1273.249599	0	1400
1273.299599	0	1400
1273.349599	0	1400
1273.399599	0	1400
1273.449599	0	1400
1273.499599	0	1400
1273.549599	0	1400
1273.599599	0	1400
1273.649599	0	1400
1273.699599	0	1400
1273.749599	0	1400
1273.799599	0	1400
1273.849599	0	1400
1273.899599	0	1400
1273.949599	0	1400
1273.999599	0	1464
1274.049599	-792	1572
1274.099599	-792	1576
1274.149599	-792	1664
1274.199599	-792	1728
1274.249599	-792	1768
1274.299599	-792	1832
1274.349599	-792	1960
1274.399599	-792	2240
1274.449599	-808	2468
1274.499599	-864	2720
1274.549599	-888	2804
1274.599599	-920	2820
1274.649599	-936	2820
1274.699599	-948	2820
1274.749599	-992	2820
1274.799599	-992	2820
1274.849599	-992	2820
1274.899599	-1024	2820
1274.949599	-1024	2820
1274.999599	-1024	2820
1275.049599	-1024	2820
1275.099599	-1024	2820
1275.149599	-1024	2820
1275.199599	-1024	2800
1275.249599	-1024	2716
1275.299599	-1024	2528
1275.349599	-1024	2424
1275.399599	-1024	2360
1275.449599	-1024	2344
1275.499599	-1024	2328
1275.549599	-1024	2328
1275.599599	-1024	2328
1275.649599	-1024	2328
1275.699599	-1024	2328
1275.749599	-1024	2328
1275.799599	-1024	2328
1275.849599	-1024	2328
1275.899599	-1024	2328
1275.949599	-1024	2328
1275.999599	-1024	2328
1276.049599	-1024	2328
1276.099599	-1024	2328
1276.149599	-1024	2328
1276.199599	-1024	2300
1276.249599	-1024	2288
1276.299599	-1024	2260
1276.349599	-1024	2228
1276.399599	-1024	2172
1276.449599	-1024	2116
1276.499599	-1024	2076
1276.549599	-1024	2076
1276.599599	-1024	2076
1276.649599	-1024	2076
1276.699599	-1024	2076
1276.749599	-1044	2076
1276.799599	-1052	2076
1276.849599	-1080	2076
1276.899599	-1092	2076
1276.949599	-1108	2076
1276.999599	-1152	2076
1277.049599	-1180	2076
1277.099599	-1200	2076
1277.149599	-1200	2076
1277.199599	-1200	2076
1277.249599	-1204	2076
1277.299599	-1204	2076
1277.349599	-1204	2076
1277.399599	-1204	2076
1277.449599	-1204	2076
1277.499599	-1204	2076
1277.549599	-1204	2076
1277.599599	-1204	2144
1277.649599	-1204	2232
1277.699599	-1204	2280
1277.749599	-1204	2328
1277.799599	-1204	2328
1277.849599	-1204	2328
1277.899599	-1204	2328
1277.949599	-1204	2328
1277.999599	-1204	2328
1278.049599	-1204	2328
1278.099599	-1204	2328
1278.149599	-1204	2328
1278.199599	-1204	2328
1278.249599	-1204	2328
1278.299599	-1204	2328
1278.349599	-1204	2328
1278.399599	-1204	2328
1278.449599	-1204	2328
1278.499599	-1204	2328
1278.549599	-1204	2328
1278.599599	-1204	2328
1278.649599	-1204	2328
1278.699599	-1204	2328
1278.749599	-1204	2328
1278.799599	-1204	2328
1278.849599	-1204	2328
1278.899599	-1204	2328
1278.949599	-1204	2328
1278.999599	-1204	2328
1279.049599	-1204	2328
1279.099599	-1204	2356
1279.149599	-1204	2356
1279.199599	-1204	2388
1279.249599	-1204	2404
1279.299599	-1204	2404
1279.351599	-1204	2404
1279.399599	-1204	2404
1279.449599	-1204	2404
1279.499599	-1204	2404
1279.549599	-1204	2404
1279.599599	-1204	2404
1279.649599	-1204	2404
1279.699599	-1204	2404
1279.749599	-1204	2404
1279.799599	-1204	2404
1279.849599	-1204	2404
1279.899599	-1204	2404
1279.949599	-1204	2404
1279.999599	-1204	2404
1280.049599	-1204	2404
1280.099599	-1204	2356
1280.149599	-1204	2320
1280.199599	-1204	2292
1280.249599	-1204	2292
1280.299599	-1204	2292
1280.350599	-1204	2292
1280.399599	-1204	2292
1280.449599	-1204	2292
1280.499599	-1204	2292
1280.549599	-1204	2292
1280.599599	-1204	2292
1280.649599	-1204	2264
1280.699599	-1204	2148
1280.749599	-1196	2000
1280.799599	-1164	1960
1280.849599	-1088	1880
1280.899599	-108	1536
1280.949599	0	924
1280.999599	0	188
1281.049599	0	0
1281.099599	0	0
1281.149599	0	0
1281.199599	0	0
1281.249599	0	0
1281.299599	0	0
1281.349599	0	0
1281.399599	0	0
1281.449599	0	0
1281.499599	0	0
1281.549599	0	0
1281.599599	0	0
1281.649599	0	0
1281.699599	0	0
1281.749599	0	0
1281.799599	0	0
1281.849599	0	0
1281.899599	0	0
1281.949599	0	0
1281.999599	0	0
1282.049599	0	0
1282.099599	0	0
1282.149599	0	0
1282.199599	0	0
1282.249599	0	0
1282.299599	0	0
1282.349599	0	0
1282.399599	0	0
1282.449599	0	0
1282.499599	0	0
1282.549599	0	0
1282.599599	0	0
1282.649599	0	0
1282.699599	0	0
1282.749599	0	0
1282.799599	0	0
1282.849599	0	0
1282.912599	0	0
1282.949599	0	0
1282.999599	0	0
1283.049599	0	0
1283.099599	0	0
1283.149599	0	0
1283.199599	0	0
1283.249599	0	0
1283.299599	0	0
1283.349599	0	0
1283.399599	0	0
1283.449599	0	0
1283.499599	0	0
1283.549599	0	0
1283.599599	0	0
1283.649599	0	0
1283.699599	0	0
1283.749599	0	0
1283.799599	0	0
1283.849599	0	0
1283.899599	0	0
1283.949599	0	0
1283.999599	0	0
1284.049599	0	0
1284.099599	0	0
1284.149599	0	0
1284.199599	0	0
1284.249599	0	0
1284.299599	0	48
1284.349599	0	48
1284.399599	0	48
1284.449599	0	48
1284.499599	0	0
1284.549599	0	0
1284.599599	0	0
1284.649599	0	0
1284.699599	0	0
1284.749599	0	0
1284.799599	0	0
1284.849599	0	0
1284.899599	0	0
1284.949599	0	0
1284.999599	0	0
1285.049599	0	0
1285.099599	0	0
1285.149599	0	0
1285.198599	0	16
1285.248599	0	144
1285.298599	0	292
1285.348599	0	456
1285.398599	0	472
1285.448599	0	652
1285.498599	0	768
1285.548599	0	768
1285.598599	0	784
1285.648599	0	784
1285.698599	0	784
1285.748599	0	784
1285.798599	0	784
1285.848599	0	784
1285.898599	0	784
1285.948599	0	784
1285.998599	0	784
1286.048599	0	784
1286.098599	0	784
1286.148599	0	784
1286.198599	0	784
1286.248599	0	784
1286.298599	0	784
1286.348599	0	784
1286.398599	0	784
1286.448599	0	784
1286.498599	0	784
1286.548599	0	784
1286.598599	0	784
1286.648599	0	784
1286.698599	0	784
1286.748599	0	816
1286.798599	0	856
1286.848599	0	892
1286.898599	0	932
1286.948599	0	956
1286.998599	0	1004
1287.048599	0	1028
1287.098599	0	1028
1287.148599	0	1080
1287.198599	0	1152
1287.248599	0	1152
1287.298599	0	1192
1287.348599	0	1192
1287.398599	0	1200
1287.448599	0	1208
1287.498599	0	1208
1287.548599	0	1208
1287.598599	0	1208
1287.648599	0	1208
1287.698599	0	1208
1287.748599	0	1284
1287.798599	0	1308
1287.848599	0	1356
1287.898599	0	1356
1287.948599	0	1356
1287.998599	0	1400
1288.048599	0	1400
1288.098599	0	1464
1288.148599	0	1496
1288.198599	0	1512
1288.248599	0	1512
1288.298599	0	1512
1288.348599	-428	1572
1288.398599	-428	1608
1288.448599	-428	1612
1288.498599	-428	1636
1288.548599	-428	1652
1288.598599	-428	1712
1288.648599	-428	1732
1288.698599	-428	1756
1288.748599	-428	1784
1288.798599	-428	1836
1288.848599	-428	1888
1288.898599	-428	1928
1288.948599	-428	1984
1288.998599	-440	2052
1289.048599	-472	2112
1289.098599	-472	2188
1289.148599	-512	2252
1289.198599	-556	2340
1289.248599	-580	2392
1289.298599	-620	2468
1289.348599	-652	2516
1289.398599	-660	2556
1289.448599	-700	2588
1289.498599	-720	2636
1289.548599	-724	2668
1289.598599	-728	2716
1289.648599	-744	2776
1289.698599	-772	2816
1289.748599	-808	2880
1289.798599	-808	2936
1289.848599	-824	2980
1289.898599	-824	3008
1289.948599	-828	3020
1289.998599	-828	3072
1290.048599	-836	3072
1290.098599	-844	3072
1290.148599	-860	3072
1290.198599	-872	3076
1290.248599	-872	3088
1290.298599	-872	3104
1290.348599	-872	3124
1290.398599	-872	3144
1290.448599	-872	3144
1290.498599	-872	3144
1290.548599	-872	3144
1290.598599	-872	2964
1290.648599	-872	2772
1290.698599	-872	2396
1290.748599	-904	2292
1290.798599	-912	2180
1290.848599	-932	2048
1290.898599	-932	1984
1290.948599	-952	1904
1290.998599	-960	1852
1291.048599	-960	1808
1291.098599	-960	1808
1291.148599	-960	1808
1291.198599	-960	1808
1291.248599	-960	1808
1291.298599	-960	1808
1291.348599	-960	1808
1291.398599	-960	1808
1291.448599	-960	1808
1291.498599	-960	1808
1291.548599	-960	1856
1291.598599	-960	1856
1291.648599	-960	1856
1291.698599	-960	1856
1291.748599	-960	1856
1291.798599	-960	1856
1291.848599	-960	1856
1291.898599	-960	1856
1291.948599	-960	1856
1291.998599	-960	1856
1292.048599	-960	1856
1292.098599	-960	1856
1292.148599	-960	1856
1292.198599	-960	1856
1292.248599	-960	1856
1292.298599	-960	1856
1292.348599	-960	1856
1292.398599	-960	1856
1292.448599	-960	1856
1292.498599	-960	1856
1292.548599	-960	1856
1292.598599	-960	1856
1292.648599	-960	1856
1292.698599	-960	1856
1292.748599	-960	1856
1292.798599	-960	1824
1292.848599	-960	1816
1292.898599	-960	1816
1292.948599	-960	1816
1292.998599	-960	1816
1293.048599	-960	1816
1293.098599	-960	1816
1293.148599	-960	1816
1293.198599	-960	1816
1293.248599	-960	1816
1293.298599	-960	1816
1293.348599	-960	1816
1293.398599	-960	1816
1293.448599	-960	1816
1293.498599	-960	1816
1293.548599	-960	1816
1293.598599	-960	1816
1293.648599	-960	1816
1293.698599	-960	1816
1293.748599	-960	1816
1293.798599	-960	1788
1293.848599	-960	1788
1293.898599	-960	1788
1293.948599	-960	1788
1293.998599	-960	1788
1294.048599	-960	1788
1294.098599	-960	1788
1294.148599	-960	1788
1294.198599	-960	1788
1294.248599	-960	1788
1294.298599	-960	1788
1294.348599	-960	1788
1294.398599	-960	1788
1294.448599	-960	1788
1294.498599	-960	1788
1294.548599	-960	1788
1294.598599	-960	1788
1294.648599	-960	1788
1294.698599	-960	1788
1294.748599	-960	1788
1294.798599	-960	1788
1294.848599	-960	1788
1294.901599	-960	1788
1294.948599	-960	1788
1294.998599	-960	1788
1295.048599	-960	1788
1295.098599	-960	1788
1295.148599	-960	1788
1295.198599	-960	1816
1295.248599	-960	1840
1295.298599	-960	1868
1295.349599	-960	1872
1295.398599	-960	1872
1295.448599	-960	1876
1295.498599	-960	1876
1295.548599	-960	1876
1295.598599	-960	1884
1295.648599	-960	1896
1295.698599	-960	1916
1295.748599	-960	1916
1295.798599	-960	1916
1295.848599	-960	1916
1295.898599	-960	1916
1295.948599	-960	1916
1295.998599	-960	1916
1296.048599	-960	1916
1296.098599	-960	1928
1296.148599	-960	1940
1296.198599	-960	1940
1296.248599	-960	1940
1296.298599	-960	1940
1296.349599	-960	1940
1296.398599	-960	1960
1296.448599	-960	1960
1296.498599	-960	1960
1296.548599	-960	1964
1296.598599	-960	1964
1296.648599	-960	1964
1296.698599	-960	1964
1296.748599	-960	1964
1296.798599	-960	1964
1296.848599	-960	1964
1296.898599	-960	1964
1296.948599	-960	1964
1296.998599	-960	1964
1297.048599	-960	1964
1297.098599	-960	1964
1297.148599	-960	1964
1297.198599	-960	1964
1297.248599	-960	1964
1297.298599	-960	1964
1297.348599	-960	1964
1297.398599	-960	1964
1297.448599	-960	1964
1297.498599	-960	1964
1297.548599	-996	1964
1297.598599	-1032	1964
1297.648599	-1052	1964
1297.698599	-1052	1964
1297.748599	-1120	1968
1297.798599	-1140	2024
1297.848599	-1180	2088
1297.898599	-1204	2284
1297.948599	-1204	2456
1297.998599	-1204	2560
1298.048599	-1204	2608
1298.098599	-1204	2716
1298.148599	-1204	2828
1298.198599	-1204	2948
1298.248599	-1204	3084
1298.298599	-1204	3092
1298.348599	-1204	3092
1298.398599	-1300	3092
1298.448599	-1364	3092
1298.498599	-1364	3092
1298.548599	-1364	3092
1298.598599	-1364	3092
1298.649599	-1364	3092
1298.698599	-1364	3092
1298.748599	-1364	3072
1298.798599	-1364	2976
1298.848599	-1364	2960
1298.898599	-1364	2892
1299.071599	-1364	2520
1299.098599	-1364	2260
1299.192599	-740	1088
1299.231599	-724	400
1299.248599	-352	0
1299.298599	0	0
1299.358599	0	0
1299.398599	0	0
1299.448599	0	0
1299.498599	0	0
1299.548599	0	0
1299.598599	0	0
1299.654599	0	0
1299.698599	0	0
1299.748599	0	0
1299.798599	0	0
1299.848599	0	0
1299.898599	0	0
1299.948599	0	0
1299.998599	0	0
1300.048599	0	0
1300.098599	0	0
1300.148599	0	0
1300.198599	0	0
1300.248599	0	0
1300.298599	0	0
1300.348599	0	0
1300.398599	0	0
1300.448599	0	0
1300.498599	0	0
1300.548599	0	0
1300.598599	0	0
1300.654599	0	0
1300.698599	0	0
1300.748599	0	0
1300.798599	0	0
1300.848599	0	0
1300.898599	0	0
1300.948599	0	0
1300.998599	0	0
1301.048599	0	0
1301.098599	0	0
1301.148599	0	0
1301.198599	0	0
1301.248599	0	0
1301.298599	0	0
1301.348599	0	0
1301.398599	0	0
1301.448599	0	0
1301.498599	0	0
1301.548599	0	0
1301.598599	0	0
1301.654599	0	0
1301.698599	0	0
1301.748599	0	0
1301.798599	0	0
1301.848599	0	0
1301.898599	0	0
1301.948599	0	0
1301.998599	0	0
1302.048599	0	0
1302.098599	0	0
1302.149599	0	0
1302.198599	0	0
1302.248599	0	0
1302.298599	0	0
1302.348599	0	0
1302.398599	0	0
1302.448599	0	0
1302.498599	0	0
1302.548599	0	0
1302.598599	0	0
1302.647599	0	0
1302.697599	0	0
1302.747599	0	0
1302.797599	0	0
1302.847599	0	0
1302.897599	0	0
1302.947599	0	0
1302.997599	0	0
1303.047599	0	0
1303.097599	0	0
1303.147599	0	0
1303.197599	0	0
1303.247599	0	0
1303.297599	0	0
1303.347599	0	0
1303.397599	0	0
1303.447599	0	0
1303.497599	0	0
1303.547599	0	0
1303.597599	0	0
1303.647599	0	0
1303.697599	0	0
1303.747599	0	0
1303.797599	0	0
1303.847599	0	0
1303.897599	0	0
1303.947599	0	0
1303.997599	0	0
1304.047599	0	0
1304.097599	0	0
1304.147599	0	0
1304.197599	0	0
1304.247599	0	0
1304.297599	0	0
1304.347599	0	0
1304.397599	0	0
1304.447599	0	0
1304.497599	0	0
1304.547599	0	0
1304.597599	0	0
1304.647599	0	0
1304.697599	0	0
1304.747599	0	0
1304.797599	0	0
1304.847599	0	0
1304.897599	0	0
1304.947599	0	0
1304.997599	0	0
1305.047599	0	0
1305.097599	0	0
1305.147599	0	0
1305.197599	0	0
1305.247599	0	0
1305.297599	0	0
1305.347599	0	0
1305.397599	0	0
1305.447599	0	0
1305.497599	0	0
1305.547599	0	0
1305.597599	0	0
1305.647599	0	0
1305.697599	0	0
1305.747599	0	0
1305.797599	0	0
1305.847599	0	0
1305.897599	0	0
1305.947599	0	0
1305.997599	0	0
1306.064599	0	0
1306.097599	0	0
1306.147599	0	0
1306.197599	0	0
1306.247599	0	0
1306.297599	0	0
1306.347599	0	0
1306.397599	0	0
1306.447599	0	0
1306.497599	0	0
1306.547599	0	0
1306.597599	0	0
1306.647599	0	0
1306.697599	0	0
1306.747599	0	0
1306.797599	0	0
1306.847599	0	0
1306.897599	0	0
1306.947599	0	0
1306.997599	0	0
1307.047599	0	0
1307.097599	0	0
1307.147599	0	0
1307.197599	0	0
1307.247599	0	0
1307.297599	0	0
1307.347599	0	0
1307.397599	0	0
1307.447599	0	0
1307.497599	0	0
1307.547599	0	0
1307.597599	0	0
1307.647599	0	0
1307.697599	0	0
1307.747599	0	0
1307.797599	0	0
1307.847599	0	0
1307.897599	0	0
1307.947599	0	0
1307.997599	0	0
1308.047599	0	0
1308.097599	0	0
1308.147599	0	0
1308.197599	0	0
1308.247599	0	0
1308.297599	0	0
1308.347599	0	0
1308.397599	0	0
1308.447599	0	0
1308.497599	0	0
1308.547599	0	0
1308.597599	0	0
1308.647599	0	0
1308.697599	0	0
1308.747599	0	0
1308.797599	0	0
1308.847599	0	0
1308.897599	0	0
1308.947599	0	0
1308.997599	0	0
1309.047599	0	0
1309.097599	0	0
1309.147599	0	0
1309.197599	0	0
1309.247599	0	0
1309.297599	0	0
1309.347599	0	0
1309.397599	0	0
1309.447599	0	0
1309.497599	0	0
1309.547599	0	0
1309.597599	0	0
1309.647599	0	0
1309.697599	0	0
1309.747599	0	0
1309.797599	0	0
1309.847599	0	0
1309.897599	0	0
1309.947599	0	0
1309.997599	0	0
1310.047599	0	0
1310.097599	0	0
1310.147599	0	0
1310.197599	0	0
1310.247599	0	0
1310.297599	0	0
1310.347599	0	0
1310.397599	0	0
1310.447599	0	0
1310.497599	0	0
1310.547599	0	0
1310.597599	0	0
1310.647599	0	0
1310.697599	0	0
1310.747599	0	0
1310.797599	0	0
1310.847599	0	0
1310.897599	0	0
1310.947599	0	0
1310.997599	0	0
1311.047599	0	0
1311.097599	0	0
1311.147599	0	0
1311.197599	0	0
1311.247599	0	0
1311.297599	0	0
1311.347599	0	0
1311.397599	0	0
1311.447599	0	0
1311.497599	0	0
1311.547599	0	0
1311.597599	0	0
1311.647599	0	0
1311.697599	0	0
1311.747599	0	0
1311.797599	0	0
1311.847599	0	0
1311.897599	0	0
1311.947599	0	0
1311.997599	0	0
1312.047599	0	0
1312.097599	0	0
1312.147599	0	0
1312.197599	0	0
1312.247599	0	0
1312.297599	0	0
1312.347599	0	0
1312.397599	0	0
1312.447599	0	0
1312.497599	0	0
1312.547599	0	0
1312.597599	0	0
1312.647599	0	0
1312.697599	0	0
1312.747599	0	0
1312.797599	0	0
1312.847599	0	0
1312.897599	0	0
1312.947599	0	0
1312.997599	0	0
1313.047599	0	0
1313.097599	0	0
1313.147599	0	0
1313.197599	0	0
1313.247599	0	0
1313.297599	0	0
1313.347599	0	0
1313.397599	0	0
1313.447599	0	0
1313.497599	0	0
1313.547599	0	0
1313.597599	0	0
1313.647599	0	0
1313.697599	0	0
1313.747599	0	0
1313.797599	0	0
1313.847599	0	0
1313.897599	0	0
1313.947599	0	0
1313.997599	0	0
1314.047599	0	0
1314.097599	0	0
1314.147599	0	0
1314.197599	0	0
1314.247599	0	0
1314.297599	0	0
1314.347599	0	0
1314.397599	0	0
1314.447599	0	0
1314.497599	0	0
1314.547599	0	0
1314.597599	0	0
1314.647599	0	0
1314.697599	0	0
1314.747599	0	0
1314.797599	0	0
1314.847599	0	0
1314.897599	0	0
1314.947599	0	0
1314.997599	0	0
1315.047599	0	0
1315.097599	0	0
1315.147599	0	0
1315.197599	0	0
1315.247599	0	0
1315.297599	0	0
1315.347599	0	0
1315.397599	0	0
1315.447599	0	0
1315.497599	0	0
1315.547599	0	0
1315.597599	0	0
1315.647599	0	0
1315.697599	0	0
1315.747599	0	0
1315.797599	0	0
1315.847599	0	0
1315.897599	0	0
1315.947599	0	0
1315.997599	0	0
1316.047599	0	0
1316.097599	0	0
1316.147599	0	0
1316.197599	0	0
1316.247599	0	0
1316.297599	0	0
1316.347599	0	0
1316.397599	0	0
1316.447599	0	0
1316.497599	0	0
1316.547599	0	0
1316.597599	0	0
1316.647599	0	0
1316.697599	0	0
1316.747599	0	0
1316.797599	0	0
1316.847599	0	0
1316.897599	0	0
1316.947599	0	0
1316.997599	0	0
1317.047599	0	0
1317.097599	0	0
1317.147599	0	0
1317.197599	0	0
1317.247599	0	0
1317.297599	0	0
1317.347599	0	0
1317.397599	0	0
1317.447599	0	0
1317.497599	0	0
1317.547599	0	0
1317.597599	0	0
1317.647599	0	0
1317.697599	0	0
1317.747599	0	0
1317.797599	0	0
1317.847599	0	0
1317.897599	0	0
1317.947599	0	0
1317.997599	0	0
1318.047599	0	0
1318.097599	0	0
1318.147599	0	0
1318.197599	0	0
1318.247599	0	0
1318.297599	0	0
1318.347599	0	0
1318.397599	0	0
1318.447599	0	0
1318.497599	0	0
1318.547599	0	0
1318.597599	0	0
1318.647599	0	0
1318.697599	0	0
1318.747599	0	0
1318.797599	0	0
1318.847599	0	0
1318.897599	0	0
1318.947599	0	0
1318.997599	0	0
1319.047599	0	0
1319.097599	0	0
1319.147599	0	0
1319.197599	0	0
1319.247599	0	0
1319.297599	0	0
1319.347599	0	0
1319.397599	0	0
1319.447599	0	0
1319.497599	0	0
1319.547599	0	0
1319.597599	0	0
1319.647599	0	0
1319.697599	0	0
1319.747599	0	0
1319.797599	0	0
1319.847599	0	0
1319.897599	0	0
1319.947599	0	0
1319.997599	0	0
1320.047599	0	0
1320.097599	0	0
1320.146599	0	0
1320.196599	0	0
1320.246599	0	0
1320.296599	0	0
1320.346599	0	0
1320.396599	0	0
1320.446599	0	0
1320.496599	0	0
1320.546599	0	0
1320.596599	0	0
1320.646599	0	0
1320.696599	0	0
1320.746599	0	0
1320.796599	0	0
1320.846599	0	0
1320.896599	0	0
1320.946599	0	0
1320.996599	0	0
1321.046599	0	0
1321.096599	0	0
1321.146599	0	0
1321.196599	0	0
1321.246599	0	0
1321.296599	0	0
1321.346599	0	0
1321.396599	0	0
1321.446599	0	0
1321.496599	0	0
1321.546599	0	0
1321.596599	0	0
1321.646599	0	0
1321.696599	0	0
1321.746599	0	0
1321.796599	0	0
1321.846599	0	0
1321.896599	0	0
1321.946599	0	0
1321.996599	0	0
1322.046599	0	0
1322.096599	0	0
1322.146599	0	0
1322.196599	0	0
1322.246599	0	0
1322.296599	0	0
1322.346599	0	0
1322.396599	0	0
1322.446599	0	0
1322.496599	0	0
1322.546599	0	0
1322.596599	0	0
1322.646599	0	0
1322.696599	0	0
1322.746599	0	0
1322.796599	0	0
1322.846599	0	0
1322.896599	0	0
1322.946599	0	0
1322.996599	0	0
1323.046599	0	0
1323.096599	0	0
1323.146599	0	0
1323.196599	0	0
1323.246599	0	0
1323.296599	0	0
1323.346599	0	0
1323.396599	0	0
1323.446599	0	0
1323.496599	0	0
1323.546599	0	0
1323.596599	0	0
1323.646599	0	0
1323.696599	0	0
1323.746599	0	0
1323.796599	0	0
1323.846599	0	0
1323.896599	0	0
1323.946599	0	0
1323.996599	0	0
1324.046599	0	0
1324.096599	0	0
1324.146599	0	0
1324.196599	0	0
1324.246599	0	0
1324.296599	0	0
1324.346599	0	0
1324.396599	0	0
1324.446599	0	0
1324.496599	0	0
1324.546599	0	0
1324.596599	0	0
1324.646599	0	0
1324.696599	0	0
1324.746599	0	0
1324.796599	0	0
1324.846599	0	0
1324.896599	0	0
1324.946599	0	0
1324.996599	0	0
1325.046599	0	0
1325.096599	0	0
1325.146599	0	0
1325.196599	0	0
1325.246599	0	0
1325.296599	0	0
1325.346599	0	0
1325.396599	0	0
1325.446599	0	0
1325.496599	0	0
1325.546599	0	0
1325.596599	0	0
1325.646599	0	0
1325.696599	0	0
1325.746599	0	0
1325.796599	0	0
1325.846599	0	0
1325.896599	0	0
1325.946599	0	0
1325.996599	0	0
1326.046599	0	0
1326.096599	0	0
1326.146599	0	0
1326.196599	0	0
1326.246599	0	0
1326.296599	0	0
1326.346599	0	0
1326.396599	0	0
1326.446599	0	0
1326.496599	0	0
1326.546599	0	0
1326.596599	0	0
1326.646599	0	0
1326.696599	0	0
1326.746599	0	0
1326.796599	0	0
1326.846599	0	0
1326.896599	0	0
1326.946599	0	0
1326.996599	0	0
1327.046599	0	0
1327.096599	0	0
1327.146599	0	0
1327.196599	0	0
1327.246599	0	0
1327.296599	0	0
1327.346599	0	0
1327.396599	0	0
1327.446599	0	0
1327.496599	0	0
1327.546599	0	0
1327.596599	0	0
1327.646599	0	0
1327.696599	0	0
1327.746599	0	0
1327.796599	0	0
1327.846599	0	0
1327.896599	0	0
1327.946599	0	0
1327.996599	0	0
1328.046599	0	0
1328.096599	0	0
1328.146599	0	0
1328.196599	0	0
1328.246599	0	0
1328.296599	0	0
1328.346599	0	0
1328.396599	0	0
1328.446599	0	0
1328.496599	0	0
1328.546599	0	0
1328.596599	0	0
1328.646599	0	0
1328.696599	0	0
1328.746599	0	0
1328.796599	0	0
1328.846599	0	0
1328.896599	0	0
1328.946599	0	0
1328.996599	0	0
1329.046599	0	0
1329.096599	0	0
1329.146599	0	0
1329.196599	0	0
1329.246599	0	0
1329.296599	0	0
1329.346599	0	0
1329.396599	0	0
1329.446599	0	0
1329.496599	0	0
1329.546599	0	0
1329.596599	0	0
1329.646599	0	0
1329.696599	0	0
1329.746599	0	0
1329.796599	0	0
1329.846599	0	0
1329.896599	0	0
1329.946599	0	0
1329.996599	0	0
1330.046599	0	0
1330.096599	0	0
1330.146599	0	0
1330.196599	0	0
1330.246599	0	0
1330.296599	0	0
1330.346599	0	0
1330.396599	0	0
1330.446599	0	0
1330.496599	0	0
1330.546599	0	0
1330.596599	0	0
1330.646599	0	0
1330.696599	0	0
1330.746599	0	0
1330.796599	0	0
1330.846599	0	0
1330.896599	0	0
1330.946599	0	0
1330.996599	0	0
1331.046599	0	0
1331.096599	0	0
1331.146599	0	0
1331.196599	0	0
1331.246599	0	0
1331.296599	0	0
1331.346599	0	0
1331.396599	0	0
1331.446599	0	0
1331.496599	0	0
1331.546599	0	0
1331.596599	0	0
1331.646599	0	0
1331.696599	0	0
1331.746599	0	0
1331.796599	0	0
1331.846599	0	0
1331.896599	0	0
1331.946599	0	0
1331.996599	0	0
1332.046599	0	0
1332.096599	0	0
1332.146599	0	0
1332.196599	0	0
1332.246599	0	0
1332.296599	0	0
1332.346599	0	0
1332.396599	0	0
1332.446599	0	0
1332.496599	0	0
1332.546599	0	0
1332.596599	0	0
1332.646599	0	0
1332.696599	0	0
1332.746599	0	0
1332.796599	0	0
1332.846599	0	0
1332.915599	0	0
1332.946599	0	0
1332.996599	0	0
1333.046599	0	0
1333.096599	0	0
1333.146599	0	0
1333.196599	0	0
1333.246599	0	0
1333.296599	0	0
1333.346599	0	0
1333.396599	0	0
1333.446599	0	0
1333.496599	0	0
1333.546599	0	0
1333.596599	0	0
1333.646599	0	0
1333.696599	0	0
1333.746599	0	0
1333.796599	0	0
1333.846599	0	0
1333.896599	0	0
1333.946599	0	0
1333.996599	0	0
1334.046599	0	0
1334.096599	0	0
1334.146599	0	0
1334.196599	0	0
1334.246599	0	0
1334.296599	0	0
1334.346599	0	0
1334.396599	0	0
1334.446599	0	0
1334.496599	0	0
1334.546599	0	0
1334.596599	0	0
1334.646599	0	0
1334.696599	0	0
1334.746599	0	0
1334.796599	0	0
1334.846599	0	0
1334.896599	0	0
1334.946599	0	0
1334.996599	0	0
1335.046599	0	0
1335.096599	0	0
1335.146599	0	0
1335.196599	0	0
1335.246599	0	0
1335.296599	0	0
1335.346599	0	0
1335.396599	0	0
1335.446599	0	0
1335.496599	0	0
1335.546599	0	0
1335.596599	0	0
1335.646599	0	0
1335.696599	0	0
1335.746599	0	0
1335.796599	0	0
1335.846599	0	0
1335.896599	0	0
1335.946599	0	0
1335.996599	0	0
1336.046599	0	0
1336.096599	0	0
1336.146599	0	0
1336.196599	0	0
1336.246599	0	0
1336.296599	0	0
1336.346599	0	0
1336.396599	0	0
1336.446599	0	0
1336.496599	0	0
1336.546599	0	0
1336.596599	0	0
1336.646599	0	0
1336.696599	0	0
1336.746599	0	0
1336.796599	0	0
1336.846599	0	0
1336.896599	0	0
1336.946599	0	0
1336.996599	0	0
1337.046599	0	0
1337.096599	0	0
1337.146599	0	0
1337.196599	0	0
1337.246599	0	0
1337.296599	0	0
1337.346599	0	0
1337.396599	0	0
1337.446599	0	0
1337.496599	0	0
1337.546599	0	0
1337.596599	0	0
1337.645599	0	0
1337.695599	0	0
1337.745599	0	0
1337.795599	0	0
1337.845599	0	0
1337.895599	0	0
1337.945599	0	0
1337.995599	0	0
1338.045599	0	0
1338.095599	0	0
1338.145599	0	0
1338.195599	0	0
1338.245599	0	0
1338.295599	0	0
1338.345599	0	0
1338.395599	0	0
1338.445599	0	0
1338.495599	0	0
1338.545599	0	0
1338.595599	0	0
1338.645599	0	0
1338.695599	0	0
1338.745599	0	0
1338.795599	0	0
1338.845599	0	0
1338.895599	0	0
1338.945599	0	0
1338.995599	0	0
1339.045599	0	0
1339.095599	0	0
1339.145599	0	0
1339.195599	0	0
1339.245599	0	0
1339.295599	0	0
1339.345599	0	0
1339.395599	0	0
1339.445599	0	0
1339.495599	0	0
1339.545599	0	0
1339.595599	0	0
1339.645599	0	0
1339.695599	0	0
1339.745599	0	0
1339.795599	0	0
1339.845599	0	0
1339.895599	0	0
1339.945599	0	0
1339.995599	0	0
1340.045599	0	0
1340.095599	0	0
1340.145599	0	0
1340.195599	0	0
1340.245599	0	0
1340.295599	0	0
1340.345599	0	0
1340.395599	0	0
1340.445599	0	0
1340.495599	0	0
1340.545599	0	0
1340.595599	0	0
1340.645599	0	0
1340.695599	0	0
1340.745599	0	0
1340.795599	0	0
1340.845599	0	0
1340.895599	0	0
1340.945599	0	0
1340.995599	0	0
1341.045599	0	0
1341.095599	0	0
1341.145599	0	0
1341.195599	0	0
1341.245599	0	0
1341.295599	0	0
1341.345599	0	0
1341.395599	0	0
1341.445599	0	0
1341.495599	0	0
1341.545599	0	0
1341.595599	0	0
1341.645599	0	0
1341.695599	0	0
1341.745599	0	0
1341.795599	0	0
1341.845599	0	0
1341.895599	0	0
1341.945599	0	0
1341.995599	0	0
1342.045599	0	0
1342.095599	0	0
1342.145599	0	0
1342.195599	0	0
1342.245599	0	0
1342.295599	0	0
1342.345599	0	0
1342.395599	0	0
1342.445599	0	0
1342.495599	0	0
1342.545599	0	0
1342.595599	0	0
1342.645599	0	0
1342.695599	0	0
1342.745599	0	0
1342.795599	0	0
1342.845599	0	0
1342.895599	0	0
1342.945599	0	0
1342.995599	0	0
1343.045599	0	0
1343.095599	0	0
1343.145599	0	0
1343.195599	0	0
1343.245599	0	0
1343.295599	0	0
1343.345599	0	0
1343.395599	0	0
1343.445599	0	0
1343.495599	0	0
1343.545599	0	0
1343.595599	0	0
1343.645599	0	0
1343.695599	0	0
1343.745599	0	0
1343.795599	0	0
1343.845599	0	0
1343.895599	0	0
1343.945599	0	0
1343.995599	0	0
1344.045599	0	0
1344.095599	0	0
1344.145599	0	0
1344.195599	0	0
1344.245599	0	0
1344.295599	0	0
1344.345599	0	0
1344.395599	0	0
1344.445599	0	0
1344.495599	0	0
1344.545599	0	0
1344.595599	0	0
1344.645599	0	0
1344.695599	0	0
1344.745599	0	0
1344.795599	0	0
1344.845599	0	0
1344.895599	0	0
1344.945599	0	0
1344.995599	0	0
1345.045599	0	0
1345.095599	0	0
1345.145599	0	0
1345.195599	0	0
1345.245599	0	0
1345.295599	0	0
1345.345599	0	0
1345.395599	0	0
1345.445599	0	0
1345.495599	0	0
1345.545599	0	0
1345.595599	0	0
1345.645599	0	0
1345.695599	0	0
1345.745599	0	0
1345.795599	0	0
1345.845599	0	0
1345.895599	0	0
1345.945599	0	0
1345.995599	0	0
1346.045599	0	0
1346.095599	0	0
1346.145599	0	0
1346.195599	0	0
1346.245599	0	0
1346.295599	0	0
1346.345599	0	0
1346.395599	0	0
1346.445599	0	0
1346.495599	0	0
1346.545599	0	0
1346.595599	0	0
1346.645599	0	0
1346.695599	0	0
1346.745599	0	0
1346.795599	0	0
1346.845599	0	0
1346.895599	0	0
1346.945599	0	0
1346.995599	0	0
1347.045599	0	0
1347.095599	0	0
1347.145599	0	0
1347.195599	0	0
1347.245599	0	0
1347.295599	0	0
1347.345599	0	0
1347.395599	0	0
1347.445599	0	0
1347.495599	0	0
1347.545599	0	0
1347.595599	0	0
1347.645599	0	0
1347.695599	0	0
1347.745599	0	0
1347.795599	0	0
1347.845599	0	0
1347.895599	0	0
1347.945599	0	0
1347.995599	0	0
1348.045599	0	0
1348.095599	0	0
1348.145599	0	0
1348.195599	0	0
1348.245599	0	0
1348.295599	0	0
1348.347599	0	0
1348.395599	0	0
1348.445599	0	0
1348.495599	0	0
1348.545599	0	0
1348.595599	0	0
1348.645599	0	0
1348.695599	0	0
1348.745599	0	0
1348.795599	0	0
1348.845599	0	0
1348.895599	0	0
1348.945599	0	0
1348.995599	0	0
1349.045599	0	0
1349.095599	0	0
1349.145599	0	0
1349.195599	0	0
1349.245599	0	0
1349.295599	0	0
1349.345599	0	0
1349.395599	0	0
1349.445599	0	0
1349.495599	0	0
1349.545599	0	0
1349.595599	0	0
1349.645599	0	0
1349.695599	0	0
1349.745599	0	0
1349.795599	0	0
1349.846599	0	0
1349.895599	0	0
1349.945599	0	0
1349.995599	0	0
1350.045599	0	0
1350.095599	0	0
1350.145599	0	0
1350.195599	0	0
1350.245599	0	0
1350.295599	0	0
1350.345599	0	0
1350.395599	0	0
1350.445599	0	0
1350.495599	0	0
1350.545599	0	0
1350.595599	0	0
1350.645599	0	0
1350.695599	0	0
1350.745599	0	0
1350.795599	0	0
1350.845599	0	0
1350.895599	0	0
1350.945599	0	0
1350.995599	0	0
1351.045599	0	0
1351.095599	0	0
1351.145599	0	0
1351.195599	0	0
1351.245599	0	0
1351.295599	0	0
1351.346599	0	0
1351.395599	0	0
1351.445599	0	0
1351.495599	0	0
1351.545599	0	0
1351.595599	0	0
1351.645599	0	0
1351.695599	0	0
1351.745599	0	0
1351.795599	0	0
1351.846599	0	0
1351.895599	0	0
1351.945599	0	0
1351.995599	0	0
1352.045599	0	0
1352.095599	0	0
1352.145599	0	0
1352.195599	0	0
1352.245599	0	0
1352.295599	0	0
1352.345599	0	0
1352.395599	0	0
1352.445599	0	0
1352.495599	0	0
1352.545599	0	0
1352.595599	0	0
1352.645599	0	0
1352.695599	0	0
1352.745599	0	0
1352.795599	0	0
1352.845599	0	0
1352.895599	0	0
1352.945599	0	0
1352.995599	0	0
1353.045599	0	0
1353.095599	0	0
1353.145599	0	0
1353.195599	0	0
1353.245599	0	0
1353.295599	0	0
1353.346599	0	0
1353.395599	0	0
1353.445599	0	0
1353.495599	0	0
1353.545599	0	0
1353.595599	0	0
1353.645599	0	0
1353.695599	0	0
1353.745599	0	0
1353.795599	0	0
1353.846599	0	0
1353.895599	0	0
1353.945599	0	0
1353.995599	0	0
1354.045599	0	0
1354.095599	0	0
1354.145599	0	0
1354.195599	0	0
1354.245599	0	0
1354.295599	0	0
1354.345599	0	0
1354.395599	0	0
1354.445599	0	0
1354.495599	0	0
1354.545599	0	0
1354.595599	0	0
1354.645599	0	0
1354.695599	0	0
1354.745599	0	0
1354.795599	0	0
1354.845599	0	0
1354.910599	0	0
1354.945599	0	0
1354.995599	0	0
1355.045599	0	0
1355.094599	0	0
1355.144599	0	0
1355.194599	0	0
1355.244599	0	0
1355.294599	0	0
1355.345599	0	0
1355.394599	0	0
1355.444599	0	0
1355.494599	0	0
1355.544599	0	0
1355.594599	0	0
1355.644599	0	0
1355.694599	0	0
1355.744599	0	0
1355.794599	0	0
1355.844599	0	0
1355.894599	0	0
1355.944599	0	0
1355.994599	0	0
1356.044599	0	0
1356.094599	0	0
1356.144599	0	0
1356.194599	0	0
1356.244599	0	0
1356.294599	0	0
1356.345599	0	0
1356.394599	0	0
1356.444599	0	0
1356.494599	0	0
1356.544599	0	0
1356.594599	0	0
1356.644599	0	0
1356.694599	0	0
1356.744599	0	0
1356.794599	0	0
1356.844599	0	0
1356.894599	0	0
1356.944599	0	0
1356.994599	0	0
1357.044599	0	0
1357.094599	0	0
1357.144599	0	0
1357.194599	0	0
1357.244599	0	0
1357.294599	0	0
1357.346599	0	0
1357.394599	0	0
1357.444599	0	0
1357.494599	0	0
1357.544599	0	0
1357.594599	0	0
1357.644599	0	0
1357.694599	0	0
1357.744599	0	0
1357.794599	0	0
1357.844599	0	0
1357.894599	0	0
1357.944599	0	0
1357.994599	0	0
1358.044599	0	0
1358.094599	0	0
1358.144599	0	0
1358.194599	0	0
1358.244599	0	0
1358.294599	0	0
1358.344599	0	0
1358.394599	0	0
1358.444599	0	0
1358.494599	0	0
1358.544599	0	0
1358.594599	0	0
1358.644599	0	0
1358.694599	0	0
1358.744599	0	0
1358.794599	0	0
1358.844599	0	0
1358.894599	0	0
1358.944599	0	0
1358.994599	0	0
1359.044599	0	0
1359.094599	0	0
1359.144599	0	0
1359.194599	0	0
1359.244599	0	0
1359.294599	0	0
1359.344599	0	0
1359.394599	0	0
1359.444599	0	0
1359.494599	0	0
1359.544599	0	0
1359.594599	0	0
1359.644599	0	0
1359.694599	0	0
1359.744599	0	0
1359.794599	0	0
1359.844599	0	0
1359.894599	0	0
1359.944599	0	0
1359.994599	0	0
1360.044599	0	0
1360.094599	0	0
1360.144599	0	0
1360.194599	0	0
1360.244599	0	0
1360.294599	0	0
1360.344599	0	0
1360.394599	0	0
1360.444599	0	0
1360.494599	0	0
1360.544599	0	0
1360.594599	0	0
1360.644599	0	0
1360.694599	0	0
1360.744599	0	0
1360.794599	0	0
1360.844599	0	0
1360.894599	0	0
1360.944599	0	0
1360.994599	0	0
1361.044599	0	0
1361.094599	0	0
1361.144599	0	0
1361.194599	0	0
1361.244599	0	0
1361.294599	0	0
1361.344599	0	0
1361.394599	0	0
1361.444599	0	0
1361.494599	0	0
1361.544599	0	0
1361.594599	0	0
1361.644599	0	0
1361.694599	0	0
1361.744599	0	0
1361.794599	0	0
1361.844599	0	0
1361.894599	0	0
1361.944599	0	0
1361.994599	0	0
1362.044599	0	0
1362.094599	0	0
1362.144599	0	0
1362.194599	0	0
1362.244599	0	0
1362.294599	0	0
1362.344599	0	0
1362.394599	0	0
1362.444599	0	0
1362.494599	0	0
1362.544599	0	0
1362.594599	0	0
1362.644599	0	0
1362.694599	0	0
1362.744599	0	0
1362.794599	0	0
1362.844599	0	0
1362.894599	0	0
1362.944599	0	0
1362.994599	0	0
1363.044599	0	0
1363.094599	0	0
1363.144599	0	0
1363.194599	0	0
1363.244599	0	0
1363.294599	0	0
1363.344599	0	0
1363.394599	0	0
1363.444599	0	0
1363.494599	0	0
1363.544599	0	0
1363.594599	0	0
1363.644599	0	0
1363.694599	0	0
1363.744599	0	0
1363.794599	0	0
1363.844599	0	0
1363.894599	0	0
1363.944599	0	0
1363.994599	0	0
1364.044599	0	0
1364.094599	0	0
1364.144599	0	0
1364.194599	0	0
1364.244599	0	0
1364.294599	0	0
1364.344599	0	0
1364.394599	0	0
1364.444599	0	0
1364.494599	0	0
1364.544599	0	0
1364.594599	0	0
1364.644599	0	0
1364.694599	0	0
1364.744599	0	0
1364.794599	0	0
1364.844599	0	0
1364.894599	0	0
1364.944599	0	0
1364.994599	0	0
1365.044599	0	0
1365.094599	0	0
1365.144599	0	0
1365.194599	0	0
1365.244599	0	0
1365.294599	0	0
1365.344599	0	0
1365.394599	0	0
1365.444599	0	0
1365.494599	0	0
1365.544599	0	0
1365.594599	0	0
1365.644599	0	0
1365.694599	0	0
1365.744599	0	0
1365.794599	0	0
1365.844599	0	0
1365.894599	0	0
1365.944599	0	0
1365.994599	0	0
1366.044599	0	0
1366.094599	0	0
1366.144599	0	0
1366.194599	0	0
1366.244599	0	0
1366.294599	0	0
1366.344599	0	0
1366.394599	0	0
1366.444599	0	0
1366.494599	0	0
1366.544599	0	0
1366.594599	0	0
1366.644599	0	0
1366.694599	0	0
1366.744599	0	0
1366.794599	0	0
1366.844599	0	0
1366.894599	0	0
1366.944599	0	0
1366.994599	0	0
1367.044599	0	0
1367.094599	0	0
1367.144599	0	0
1367.194599	0	0
1367.244599	0	0
1367.294599	0	0
1367.344599	0	0
1367.394599	0	0
1367.444599	0	0
1367.494599	0	0
1367.544599	0	0
1367.594599	0	0
1367.644599	0	0
1367.694599	0	0
1367.744599	0	0
1367.794599	0	0
1367.844599	0	0
1367.894599	0	0
1367.944599	0	0
1367.994599	0	0
1368.044599	0	0
1368.094599	0	0
1368.144599	0	0
1368.194599	0	0
1368.244599	0	0
1368.294599	0	0
1368.344599	0	0
1368.394599	0	0
1368.444599	0	0
1368.494599	0	0
1368.544599	0	0
1368.594599	0	0
1368.644599	0	0
1368.694599	0	0
1368.744599	0	0
1368.794599	0	0
1368.844599	0	0
1368.894599	0	0
1368.955599	0	0
1368.994599	0	0
1369.044599	0	0
1369.094599	0	0
1369.144599	0	0
1369.194599	0	0
1369.244599	0	0
1369.294599	0	0
1369.344599	0	0
1369.394599	0	0
1369.444599	0	0
1369.494599	0	0
1369.544599	0	0
1369.594599	0	0
1369.644599	0	0
1369.694599	0	0
1369.744599	0	0
1369.794599	0	0
1369.844599	0	0
1369.894599	0	0
1369.944599	0	0
1369.994599	0	0
1370.044599	0	0
1370.094599	0	0
1370.144599	0	0
1370.194599	0	0
1370.244599	0	0
1370.294599	0	0
1370.344599	0	0
1370.394599	0	0
1370.444599	0	0
1370.494599	0	0
1370.545599	0	0
1370.594599	0	0
1370.644599	0	0
1370.694599	0	0
1370.744599	0	0
1370.794599	0	0
1370.844599	0	0
1370.894599	0	0
1370.944599	0	0
1370.994599	0	0
1371.044599	0	0
1371.094599	0	0
1371.144599	0	0
1371.194599	0	0
1371.244599	0	0
1371.294599	0	0
1371.344599	0	0
1371.394599	0	0
1371.444599	0	0
1371.494599	0	0
1371.544599	0	0
1371.594599	0	0
1371.644599	0	0
1371.694599	0	0
1371.744599	0	0
1371.794599	0	0
1371.844599	0	0
1371.894599	0	0
1371.944599	0	0
1371.994599	0	0
1372.044599	0	0
1372.094599	0	0
1372.144599	0	0
1372.194599	0	0
1372.244599	0	0
1372.294599	0	0
1372.344599	0	0
1372.394599	0	0
1372.444599	0	0
1372.494599	0	0
1372.544599	0	0
1372.593599	0	0
1372.643599	0	0
1372.693599	0	0
1372.743599	0	0
1372.793599	0	0
1372.843599	0	0
1372.893599	0	0
1372.943599	0	0
1372.993599	0	0
1373.043599	0	0
1373.093599	0	0
1373.143599	0	0
1373.193599	0	0
1373.243599	0	0
1373.293599	0	0
1373.343599	0	0
1373.393599	0	0
1373.443599	0	0
1373.493599	0	0
1373.543599	0	0
1373.593599	0	0
1373.643599	0	0
1373.693599	0	0
1373.743599	0	0
1373.793599	0	0
1373.843599	0	0
1373.893599	0	0
1373.943599	0	0
1373.993599	0	0
1374.043599	0	0
1374.093599	0	0
1374.143599	0	0
1374.193599	0	0
1374.243599	0	0
1374.293599	0	0
1374.343599	0	0
1374.393599	0	0
1374.443599	0	0
1374.493599	0	0
1374.543599	0	0
1374.593599	0	0
1374.643599	0	0
1374.693599	0	0
1374.743599	0	0
1374.793599	0	0
1374.843599	0	0
1374.893599	0	0
1374.943599	0	0
1374.993599	0	0
1375.043599	0	0
1375.093599	0	0
1375.143599	0	0
1375.193599	0	0
1375.243599	0	0
1375.293599	0	0
1375.343599	0	0
1375.393599	0	0
1375.443599	0	0
1375.493599	0	0
1375.543599	0	0
1375.593599	0	0
1375.643599	0	0
1375.693599	0	0
1375.743599	0	0
1375.793599	0	0
1375.843599	0	0
1375.893599	0	0
1375.943599	0	0
1375.993599	0	0
1376.043599	0	0
1376.093599	0	0
1376.143599	0	0
1376.193599	0	0
1376.243599	0	0
1376.293599	0	0
1376.343599	0	0
1376.393599	0	0
1376.443599	0	0
1376.493599	0	0
1376.543599	0	0
1376.593599	0	0
1376.643599	0	0
1376.693599	0	0
1376.743599	0	0
1376.793599	0	0
1376.843599	0	0
1376.893599	0	0
1376.943599	0	0
1376.993599	0	0
1377.043599	0	0
1377.093599	0	0
1377.143599	0	0
1377.193599	0	0
1377.243599	0	0
1377.293599	0	0
1377.343599	0	0
1377.393599	0	0
1377.443599	0	0
1377.493599	0	0
1377.543599	0	0
1377.593599	0	0
1377.643599	0	0
1377.693599	0	0
1377.743599	0	0
1377.793599	0	0
1377.843599	0	0
1377.893599	0	0
1377.943599	0	0
1377.993599	0	0
1378.043599	0	0
1378.093599	0	0
1378.143599	0	0
1378.193599	0	0
1378.243599	0	0
1378.293599	0	0
1378.343599	0	0
1378.393599	0	0
1378.443599	0	0
1378.493599	0	0
1378.543599	0	0
1378.593599	0	0
1378.643599	0	0
1378.693599	0	0
1378.743599	0	0
1378.793599	0	0
1378.843599	0	0
1378.893599	0	0
1378.943599	0	0
1378.993599	0	0
1379.043599	0	0
1379.093599	0	0
1379.143599	0	0
1379.193599	0	0
1379.243599	0	0
1379.293599	0	0
1379.343599	0	0
1379.393599	0	0
1379.443599	0	0
1379.493599	0	0
1379.543599	0	0
1379.593599	0	0
1379.643599	0	0
1379.693599	0	0
1379.743599	0	0
1379.793599	0	0
1379.843599	0	0
1379.893599	0	0
1379.943599	0	0
1379.993599	0	0
1380.043599	0	0
1380.093599	0	0
1380.143599	0	0
1380.193599	0	0
1380.243599	0	0
1380.293599	0	0
1380.343599	0	0
1380.393599	0	0
1380.443599	0	0
1380.493599	0	0
1380.543599	0	0
1380.593599	0	0
1380.643599	0	0
1380.693599	0	0
1380.743599	0	0
1380.793599	0	0
1380.843599	0	0
1380.893599	0	0
1380.943599	0	0
1380.993599	0	0
1381.043599	0	0
1381.093599	0	0
1381.143599	0	0
1381.193599	0	0
1381.243599	0	0
1381.293599	0	0
1381.343599	0	0
1381.393599	0	0
1381.443599	0	0
1381.493599	0	0
1381.543599	0	0
1381.593599	0	0
1381.643599	0	0
1381.693599	0	0
1381.743599	0	0
1381.793599	0	0
1381.843599	0	0
1381.893599	0	0
1381.943599	0	0
1381.993599	0	0
1382.043599	0	0
1382.093599	0	0
1382.143599	0	0
1382.193599	0	0
1382.243599	0	0
1382.293599	0	0
1382.343599	0	0
1382.393599	0	0
1382.443599	0	0
1382.493599	0	0
1382.543599	0	0
1382.593599	0	0
1382.643599	0	0
1382.693599	0	0
1382.743599	0	0
1382.793599	0	0
1382.843599	0	0
1382.893599	0	0
1382.943599	0	0
1382.993599	0	0
1383.043599	0	0
1383.093599	0	0
1383.143599	0	0
1383.193599	0	0
1383.243599	0	0
1383.293599	0	0
1383.343599	0	0
1383.393599	0	0
1383.443599	0	0
1383.493599	0	0
1383.543599	0	0
1383.593599	0	0
1383.643599	0	0
1383.693599	0	0
1383.743599	0	0
1383.793599	0	0
1383.843599	0	0
1383.893599	0	0
1383.943599	0	0
1383.993599	0	0
1384.043599	0	0
1384.093599	0	0
1384.143599	0	0
1384.193599	0	0
1384.243599	0	0
1384.293599	0	0
1384.343599	0	0
1384.393599	0	0
1384.443599	0	0
1384.493599	0	0
1384.543599	0	0
1384.593599	0	0
1384.643599	0	0
1384.693599	0	0
1384.743599	0	0
1384.793599	0	0
1384.843599	0	0
1384.893599	0	0
1384.943599	0	0
1384.993599	0	0
1385.043599	0	0
1385.093599	0	0
1385.143599	0	0
1385.193599	0	0
1385.243599	0	0
1385.293599	0	0
1385.343599	0	0
1385.393599	0	0
1385.443599	0	0
1385.493599	0	0
1385.543599	0	0
1385.593599	0	0
1385.643599	0	0
1385.693599	0	0
1385.743599	0	0
1385.793599	0	0
1385.843599	0	0
1385.893599	0	0
1385.943599	0	0
1385.993599	0	0
1386.043599	0	0
1386.093599	0	0
1386.143599	0	0
1386.193599	0	0
1386.243599	0	0
1386.293599	0	0
1386.343599	0	0
1386.393599	0	0
1386.443599	0	0
1386.493599	0	0
1386.543599	0	0
1386.593599	0	0
1386.643599	0	0
1386.693599	0	0
1386.743599	0	0
1386.793599	0	0
1386.843599	0	0
1386.893599	0	0
1386.943599	0	0
1386.993599	0	0
1387.043599	0	0
1387.093599	0	0
1387.143599	0	0
1387.193599	0	0
1387.243599	0	0
1387.293599	0	0
1387.343599	0	0
1387.393599	0	0
1387.443599	0	0
1387.493599	0	0
1387.543599	0	0
1387.593599	0	0
1387.643599	0	0
1387.693599	0	0
1387.743599	0	0
1387.793599	0	0
1387.843599	0	0
1387.893599	0	0
1387.943599	0	0
1387.993599	0	0
1388.043599	0	0
1388.093599	0	0
1388.143599	0	0
1388.193599	0	0
1388.243599	0	0
1388.293599	0	0
1388.343599	0	0
1388.393599	0	0
1388.443599	0	0
1388.493599	0	0
1388.544599	0	0
1388.593599	0	0
1388.643599	0	0
1388.693599	0	0
1388.743599	0	0
1388.793599	0	0
1388.843599	0	0
1388.893599	0	0
1388.943599	0	0
1388.993599	0	0
1389.043599	0	0
1389.093599	0	0
1389.143599	0	0
1389.193599	0	0
1389.243599	0	0
1389.293599	0	0
1389.343599	0	0
1389.393599	0	0
1389.443599	0	0
1389.493599	0	0
1389.543599	0	0
1389.593599	0	0
1389.643599	0	0
1389.693599	0	0
1389.743599	0	0
1389.793599	0	0
1389.843599	0	0
1389.893599	0	0
1389.943599	0	0
1389.993599	0	0
1390.044599	0	0
1390.092599	0	0
1390.142599	0	0
1390.192599	0	0
1390.242599	0	0
1390.292599	0	0
1390.342599	0	0
1390.392599	0	0
1390.442599	0	0
1390.492599	0	0
1390.542599	0	0
1390.592599	0	0
1390.642599	0	0
1390.692599	0	0
1390.742599	0	0
1390.792599	0	0
1390.842599	0	0
1390.892599	0	0
1390.942599	0	0
1390.992599	0	0
1391.042599	0	0
1391.092599	0	0
1391.142599	0	0
1391.192599	0	0
1391.242599	0	0
1391.292599	0	0
1391.342599	0	0
1391.392599	0	0
1391.442599	0	0
1391.492599	0	0
1391.542599	0	0
1391.592599	0	0
1391.642599	0	0
1391.692599	0	0
1391.742599	0	0
1391.792599	0	0
1391.842599	0	0
1391.892599	0	0
1391.942599	0	0
1391.992599	0	0
1392.042599	0	0
1392.092599	0	0
1392.142599	0	0
1392.192599	0	0
1392.242599	0	0
1392.292599	0	0
1392.342599	0	0
1392.392599	0	0
1392.442599	0	0
1392.492599	0	0
1392.542599	0	0
1392.592599	0	0
1392.642599	0	0
1392.692599	0	0
1392.742599	0	0
1392.792599	0	0
1392.842599	0	0
1392.892599	0	0
1392.942599	0	0
1392.992599	0	0
1393.042599	0	0
1393.092599	0	0
1393.142599	0	0
1393.192599	0	0
1393.242599	0	0
1393.292599	0	0
1393.342599	0	0
1393.392599	0	0
1393.442599	0	0
1393.492599	0	0
1393.542599	0	0
1393.592599	0	0
1393.642599	0	0
1393.692599	0	0
1393.742599	0	0
1393.792599	0	0
1393.842599	0	0
1393.892599	0	0
1393.942599	0	0
1393.992599	0	0
1394.042599	0	0
1394.092599	0	0
1394.142599	0	0
1394.192599	0	0
1394.242599	0	0
1394.292599	0	0
1394.342599	0	0
1394.392599	0	0
1394.442599	0	0
1394.492599	0	0
1394.542599	0	0
1394.592599	0	0
1394.642599	0	0
1394.692599	0	0
1394.742599	0	0
1394.792599	0	0
1394.842599	0	0
1394.892599	0	0
1394.942599	0	0
1394.992599	0	0
1395.042599	0	0
1395.092599	0	0
1395.142599	0	0
1395.192599	0	0
1395.242599	0	0
1395.292599	0	0
1395.342599	0	0
1395.392599	0	0
1395.442599	0	0
1395.492599	0	0
1395.542599	0	0
1395.592599	0	0
1395.642599	0	0
1395.692599	0	0
1395.742599	0	0
1395.792599	0	0
1395.842599	0	0
1395.892599	0	0
1395.942599	0	0
1395.992599	0	0
1396.042599	0	0
1396.092599	0	0
1396.142599	0	0
1396.192599	0	0
1396.242599	0	0
1396.292599	0	0
1396.342599	0	0
1396.392599	0	0
1396.442599	0	0
1396.492599	0	0
1396.542599	0	0
1396.592599	0	0
1396.642599	0	0
1396.692599	0	0
1396.742599	0	0
1396.792599	0	0
1396.842599	0	0
1396.892599	0	0
1396.942599	0	0
1396.992599	0	0
1397.042599	0	0
1397.092599	0	0
1397.142599	0	0
1397.192599	0	0
1397.242599	0	0
1397.292599	0	0
1397.342599	0	0
1397.392599	0	0
1397.442599	0	0
1397.492599	0	0
1397.542599	0	0
1397.592599	0	0
1397.642599	0	0
1397.692599	0	0
1397.742599	0	0
1397.792599	0	0
1397.842599	0	0
1397.892599	0	0
1397.942599	0	0
1397.992599	0	0
1398.042599	0	0
1398.092599	0	0
1398.142599	0	0
1398.192599	0	0
1398.242599	0	0
1398.292599	0	0
1398.342599	0	0
1398.392599	0	0
1398.442599	0	0
1398.492599	0	0
1398.542599	0	0
1398.592599	0	0
1398.642599	0	0
1398.692599	0	0
1398.742599	0	0
1398.792599	0	0
1398.842599	0	0
1398.892599	0	0
1398.942599	0	0
1398.992599	0	0
1399.042599	0	0
1399.092599	0	0
1399.142599	0	0
1399.192599	0	0
1399.242599	0	0
1399.292599	0	0
1399.342599	0	0
1399.392599	0	0
1399.442599	0	0
1399.492599	0	0
1399.542599	0	0
1399.592599	0	0
1399.642599	0	0
1399.692599	0	0
1399.742599	0	0
1399.792599	0	0
1399.842599	0	0
1399.892599	0	0
1399.942599	0	0
1399.992599	0	0
1400.042599	0	0
1400.092599	0	0
1400.142599	0	0
1400.192599	0	0
1400.242599	0	0
1400.292599	0	0
1400.342599	0	0
1400.392599	0	0
1400.442599	0	0
1400.492599	0	0
1400.542599	0	0
1400.592599	0	0
1400.642599	0	0
1400.692599	0	0
1400.742599	0	0
1400.792599	0	0
1400.842599	0	0
1400.892599	0	0
1400.943599	0	0
1400.992599	0	0
1401.042599	0	0
1401.092599	0	0
1401.142599	0	0
1401.192599	0	0
1401.242599	0	0
1401.292599	0	0
1401.342599	0	0
1401.392599	0	0
1401.442599	0	0
1401.492599	0	0
1401.542599	0	0
1401.592599	0	0
1401.642599	0	0
1401.692599	0	0
1401.742599	0	0
1401.792599	0	0
1401.842599	0	0
1401.892599	0	0
1401.942599	0	0
1401.992599	0	0
1402.043599	0	0
1402.092599	0	0
1402.142599	0	0
1402.192599	0	0
1402.242599	0	0
1402.292599	0	0
1402.342599	0	0
1402.392599	0	0
1402.442599	0	0
1402.492599	0	0
1402.542599	0	0
1402.592599	0	0
1402.642599	0	0
1402.692599	0	0
1402.742599	0	0
1402.792599	0	0
1402.842599	0	0
1402.892599	0	0
1402.942599	0	0
1402.992599	0	0
1403.042599	0	0
1403.092599	0	0
1403.142599	0	0
1403.192599	0	0
1403.242599	0	0
1403.292599	0	0
1403.342599	0	0
1403.392599	0	0
1403.442599	0	0
1403.492599	0	0
1403.542599	0	0
1403.592599	0	0
1403.642599	0	0
1403.692599	0	0
1403.742599	0	0
1403.792599	0	0
1403.842599	0	0
1403.892599	0	0
1403.942599	0	0
1403.992599	0	0
1404.042599	0	0
1404.092599	0	0
1404.142599	0	0
1404.192599	0	0
1404.242599	0	0
1404.292599	0	0
1404.342599	0	0
1404.392599	0	0
1404.442599	0	0
1404.492599	0	0
1404.542599	0	0
1404.592599	0	0
1404.642599	0	0
1404.692599	0	0
1404.742599	0	0
1404.792599	0	0
1404.842599	0	0
1404.892599	0	0
1404.942599	0	0
1404.992599	0	0
1405.042599	0	0
1405.092599	0	0
1405.142599	0	0
1405.192599	0	0
1405.242599	0	0
1405.292599	0	0
1405.342599	0	0
1405.392599	0	0
1405.442599	0	0
1405.492599	0	0
1405.542599	0	0
1405.592599	0	0
1405.642599	0	0
1405.692599	0	0
1405.742599	0	0
1405.792599	0	0
1405.842599	0	0
1405.892599	0	0
1405.942599	0	0
1405.992599	0	0
1406.042599	0	0
1406.092599	0	0
1406.142599	0	0
1406.192599	0	0
1406.242599	0	0
1406.292599	0	0
1406.342599	0	0
1406.392599	0	0
1406.442599	0	0
1406.492599	0	0
1406.543599	0	0
1406.592599	0	0
1406.642599	0	0
1406.692599	0	0
1406.742599	0	0
1406.792599	0	0
1406.842599	0	0
1406.892599	0	0
1406.942599	0	0
1406.992599	0	0
1407.042599	0	0
1407.092599	0	0
1407.142599	0	0
1407.192599	0	0
1407.242599	0	0
1407.292599	0	0
1407.342599	0	0
1407.392599	0	0
1407.442599	0	0
1407.492599	0	0
1407.541599	0	0
1407.591599	0	0
1407.641599	0	0
1407.691599	0	0
1407.741599	0	0
1407.791599	0	0
1407.841599	0	0
1407.891599	0	0
1407.941599	0	0
1407.991599	0	0
1408.041599	0	0
1408.091599	0	0
1408.141599	0	0
1408.191599	0	0
1408.241599	0	0
1408.291599	0	0
1408.341599	0	0
1408.391599	0	0
1408.441599	0	0
1408.491599	0	0
1408.541599	0	0
1408.591599	0	0
1408.641599	0	0
1408.691599	0	0
1408.741599	0	0
1408.791599	0	0
1408.841599	0	0
1408.891599	0	0
1408.941599	0	0
1408.991599	0	0
1409.041599	0	0
1409.091599	0	0
1409.141599	0	0
1409.191599	0	0
1409.241599	0	0
1409.291599	0	0
1409.341599	0	0
1409.391599	0	0
1409.441599	0	0
1409.491599	0	0
1409.541599	0	0
1409.591599	0	0
1409.641599	0	0
1409.691599	0	0
1409.741599	0	0
1409.791599	0	0
1409.841599	0	0
1409.891599	0	0
1409.941599	0	0
1409.991599	0	0
1410.041599	0	0
1410.091599	0	0
1410.141599	0	0
1410.191599	0	0
1410.241599	0	0
1410.291599	0	0
1410.341599	0	0
1410.391599	0	0
1410.441599	0	0
1410.491599	0	0
1410.541599	0	0
1410.591599	0	0
1410.641599	0	0
1410.691599	0	0
1410.741599	0	0
1410.791599	0	0
1410.841599	0	0
1410.891599	0	0
1410.941599	0	0
1410.991599	0	0
1411.041599	0	0
1411.091599	0	0
1411.141599	0	0
1411.191599	0	0
1411.241599	0	0
1411.291599	0	0
1411.341599	0	0
1411.391599	0	0
1411.441599	0	0
1411.491599	0	0
1411.541599	0	0
1411.591599	0	0
1411.641599	0	0
1411.691599	0	0
1411.741599	0	0
1411.791599	0	0
1411.841599	0	0
1411.891599	0	0
1411.941599	0	0
1411.991599	0	0
1412.041599	0	0
1412.091599	0	0
1412.141599	0	0
1412.191599	0	0
1412.247599	0	0
1412.292599	0	0
1412.341599	0	0
1412.391599	0	0
1412.441599	0	0
1412.491599	0	0
1412.541599	0	0
1412.591599	0	0
1412.641599	0	0
1412.691599	0	0
1412.741599	0	0
1412.791599	0	0
1412.841599	0	0
1412.891599	0	0
1412.941599	0	0
1412.991599	0	0
1413.041599	0	0
1413.091599	0	0
1413.141599	0	0
1413.191599	0	0
1413.241599	0	0
1413.291599	0	0
1413.341599	0	0
1413.391599	0	0
1413.441599	0	0
1413.491599	0	0
1413.541599	0	0
1413.591599	0	0
1413.641599	0	0
1413.691599	0	0
1413.741599	0	0
1413.791599	0	0
1413.841599	0	0
1413.891599	0	0
1413.941599	0	0
1413.991599	0	0
1414.041599	0	0
1414.091599	0	0
1414.141599	0	0
1414.191599	0	0
1414.241599	0	0
1414.291599	0	0
1414.341599	0	0
1414.391599	0	0
1414.441599	0	0
1414.491599	0	0
1414.541599	0	0
1414.591599	0	0
1414.641599	0	0
1414.691599	0	0
1414.741599	0	0
1414.791599	0	0
1414.841599	0	0
1414.891599	0	0
1414.941599	0	0
1414.991599	0	0
1415.041599	0	0
1415.091599	0	0
1415.141599	0	0
1415.191599	0	0
1415.241599	0	0
1415.291599	0	0
1415.341599	0	0
1415.391599	0	0
1415.441599	0	0
1415.491599	0	0
1415.541599	0	0
1415.591599	0	0
1415.641599	0	0
1415.691599	0	0
1415.741599	0	0
1415.791599	0	0
1415.841599	0	0
1415.891599	0	0
1415.941599	0	0
1415.991599	0	0
1416.041599	0	0
1416.091599	0	0
1416.141599	0	0
1416.191599	0	0
1416.241599	0	0
1416.291599	0	0
1416.341599	0	0
1416.391599	0	0
1416.441599	0	0
1416.491599	0	0
1416.541599	0	0
1416.591599	0	0
1416.641599	0	0
1416.691599	0	0
1416.741599	0	0
1416.791599	0	0
1416.841599	0	0
1416.891599	0	0
1416.941599	0	0
1416.991599	0	0
1417.043599	0	0
1417.091599	0	0
1417.141599	0	0
1417.191599	0	0
1417.241599	0	0
1417.291599	0	0
1417.341599	0	0
1417.391599	0	0
1417.441599	0	0
1417.491599	0	0
1417.541599	0	0
1417.591599	0	0
1417.641599	0	0
1417.691599	0	0
1417.741599	0	0
1417.791599	0	0
1417.841599	0	0
1417.891599	0	0
1417.941599	0	0
1417.991599	0	0
1418.041599	0	0
1418.091599	0	0
1418.141599	0	0
1418.191599	0	0
1418.241599	0	0
1418.291599	0	0
1418.341599	0	0
1418.391599	0	0
1418.441599	0	0
1418.491599	0	0
1418.541599	0	0
1418.591599	0	0
1418.641599	0	0
1418.691599	0	0
1418.741599	0	0
1418.791599	0	0
1418.841599	0	0
1418.891599	0	0
1418.941599	0	0
1418.991599	0	0
1419.041599	0	0
1419.091599	0	0
1419.141599	0	0
1419.191599	0	0
1419.241599	0	0
1419.291599	0	0
1419.341599	0	0
1419.391599	0	0
1419.441599	0	0
1419.491599	0	0
1419.541599	0	0
1419.591599	0	0
1419.641599	0	0
1419.691599	0	0
1419.741599	0	0
1419.791599	0	0
1419.841599	0	0
1419.891599	0	0
1419.941599	0	0
1419.991599	0	0
1420.043599	0	0
1420.091599	0	0
1420.141599	0	0
1420.191599	0	0
1420.241599	0	0
1420.291599	0	0
1420.341599	0	0
1420.391599	0	0
1420.441599	0	0
1420.491599	0	0
1420.541599	0	0
1420.591599	0	0
1420.641599	0	0
1420.691599	0	0
1420.741599	0	0
1420.791599	0	0
1420.841599	0	0
1420.891599	0	0
1420.941599	0	0
1420.991599	0	0
1421.041599	0	0
1421.091599	0	0
1421.141599	0	0
1421.191599	0	0
1421.241599	0	0
1421.291599	0	0
1421.341599	0	0
1421.391599	0	0
1421.441599	0	0
1421.491599	0	0
1421.541599	0	0
1421.591599	0	0
1421.641599	0	0
1421.691599	0	0
1421.741599	0	0
1421.791599	0	0
1421.841599	0	0
1421.891599	0	0
1421.941599	0	0
1421.991599	0	0
1422.041599	0	0
1422.091599	0	0
1422.141599	0	0
1422.191599	0	0
1422.241599	0	0
1422.291599	0	0
1422.341599	0	0
1422.391599	0	0
1422.441599	0	0
1422.491599	0	0
1422.541599	0	0
1422.591599	0	0
1422.641599	0	0
1422.691599	0	0
1422.741599	0	0
1422.791599	0	0
1422.841599	0	0
1422.891599	0	0
1422.941599	0	0
1422.991599	0	0
1423.041599	0	0
1423.091599	0	0
1423.141599	0	0
1423.191599	0	0
1423.241599	0	0
1423.291599	0	0
1423.341599	0	0
1423.391599	0	0
1423.441599	0	0
1423.491599	0	0
1423.541599	0	0
1423.591599	0	0
1423.641599	0	0
1423.691599	0	0
1423.741599	0	0
1423.791599	0	0
1423.841599	0	0
1423.891599	0	0
1423.941599	0	0
1423.991599	0	0
1424.041599	0	0
1424.091599	0	0
1424.141599	0	0
1424.191599	0	0
1424.241599	0	0
1424.291599	0	0
1424.341599	0	0
1424.391599	0	0
1424.441599	0	0
1424.491599	0	0
1424.541599	0	0
1424.591599	0	0
1424.641599	0	0
1424.691599	0	0
1424.741599	0	0
1424.791599	0	0
1424.841599	0	0
1424.891599	0	0
1424.941599	0	0
1424.991599	0	0
1425.040599	0	0
1425.090599	0	0
1425.140599	0	0
1425.190599	0	0
1425.240599	0	0
1425.290599	0	0
1425.340599	0	0
1425.390599	0	0
1425.440599	0	0
1425.490599	0	0
1425.540599	0	0
1425.590599	0	0
1425.640599	0	0
1425.690599	0	0
1425.740599	0	0
1425.790599	0	0
1425.840599	0	0
1425.890599	0	0
1425.940599	0	0
1425.990599	0	0
1426.040599	0	0
1426.090604	0	0
1426.140609	0	0
1426.190614	0	0
1426.240619	0	0
1426.290624	0	0
1426.340629	0	0
1426.390634	0	0
1426.440639	0	0
1426.490644	0	0
1426.540649	0	0
1426.590654	0	0
1426.640659	0	0
1426.690664	0	0
1426.740669	0	0
1426.790674	0	0
1426.840679	0	0
1426.890684	0	0
1426.940689	0	0
1426.990694	0	0
1427.040699	0	0
1427.090704	0	0
1427.140709	0	0
1427.190714	0	0
1427.240719	0	0
1427.290724	0	0
1427.340729	0	0
1427.390734	0	0
1427.440739	0	0
1427.490744	0	0
1427.540749	0	0
1427.590754	0	0
1427.640759	0	0
1427.690764	0	0
1427.740769	0	0
1427.790774	0	0
1427.840779	0	0
1427.890784	0	0
1427.940789	0	0
1427.990794	0	0
1428.040799	0	0
1428.090804	0	0
1428.140809	0	0
1428.190814	0	0
1428.240819	0	0
1428.290824	0	0
1428.340829	0	0
1428.390834	0	0
1428.440839	0	0
1428.490844	0	0
1428.540849	0	0
1428.590854	0	0
1428.640859	0	0
1428.690864	0	0
1428.740869	0	0
1428.790874	0	0
1428.840879	0	0
1428.890884	0	0
1428.940889	0	0
1428.990894	0	0
1429.105906	0	0
1429.140909	0	0
1429.190914	0	0
1429.240919	0	0
1429.290924	0	0
1429.340929	0	0
1429.390934	0	0
1429.440939	0	0
1429.490944	0	0
1429.540949	0	0
1429.590954	0	0
1429.640959	0	0
1429.690964	0	0
1429.740969	0	0
1429.790974	0	0
1429.840979	0	0
1429.890984	0	0
1429.940989	0	0
1429.990994	0	0
1430.040999	0	0
1430.091004	0	0
1430.141009	0	0
1430.191014	0	0
1430.241019	0	0
1430.291024	0	0
1430.341029	0	0
1430.391034	0	0
1430.441039	0	0
1430.491044	0	0
1430.541049	0	0
1430.591054	0	0
1430.641059	0	0
1430.691064	0	0
1430.741069	0	0
1430.791074	0	0
1430.841079	0	0
1430.891084	0	0
1430.941089	0	0
1430.991094	0	0
1431.041099	0	0
1431.091104	0	0
1431.141109	0	0
1431.191114	0	0
1431.241119	0	0
1431.291124	0	0
1431.341129	0	0
1431.391134	0	0
1431.441139	0	0
1431.491144	0	0
1431.541149	0	0
1431.591154	0	0
1431.641159	0	0
1431.691164	0	0
1431.741169	0	0
1431.791174	0	0
1431.841179	0	0
1431.891184	0	0
1431.941189	0	0
1431.991194	0	0
1432.041199	0	0
1432.091204	0	0
1432.141209	0	0
1432.191214	0	0
1432.241219	0	0
1432.291224	0	0
1432.341229	0	0
1432.391234	0	0
1432.441239	0	0
1432.491244	0	0
1432.541249	0	0
1432.591254	0	0
1432.641259	0	0
1432.691264	0	0
1432.741269	0	0
1432.791274	0	0
1432.841279	0	0
1432.891284	0	0
1432.941289	0	0
1432.991294	0	0
1433.041299	0	0
1433.091304	0	0
1433.141309	0	0
1433.191314	0	0
1433.241319	0	0
1433.291324	0	0
1433.341329	0	0
1433.391334	0	0
1433.441339	0	0
1433.491344	0	0
1433.541349	0	0
1433.591354	0	0
1433.641359	0	0
1433.691364	0	0
1433.741369	0	0
1433.791374	0	0
1433.841379	0	0
1433.891384	0	0
1433.941389	0	0
1433.991394	0	0
1434.041399	0	0
1434.091404	0	0
1434.141409	0	0
1434.191414	0	0
1434.241419	0	0
1434.291424	0	0
1434.341429	0	0
1434.391434	0	0
1434.441439	0	0
1434.491444	0	0
1434.541449	0	0
1434.591454	0	0
1434.641459	0	0
1434.691464	0	0
1434.741469	0	0
1434.791474	0	0
1434.841479	0	0
1434.920487	0	0
1434.941489	0	0
1434.991494	0	0
1435.043499	0	0
1435.091504	0	0
1435.141509	0	0
1435.191514	0	0
1435.241519	0	0
1435.291524	0	0
1435.341529	0	0
1435.391534	0	0
1435.441539	0	0
1435.491544	0	0
1435.541549	0	0
1435.591554	0	0
1435.641559	0	0
1435.691564	0	0
1435.741569	0	0
1435.791574	0	0
1435.841579	0	0
1435.891584	0	0
1435.941589	0	0
1435.991594	0	0
1436.041599	0	0
1436.091604	0	0
1436.141609	0	0
1436.191614	0	0
1436.241619	0	0
1436.291624	0	0
1436.341629	0	0
1436.391634	0	0
1436.441639	0	0
1436.491644	0	0
1436.543649	0	0
1436.591654	0	0
1436.641659	0	0
1436.691664	0	0
1436.741669	0	0
1436.791674	0	0
1436.841679	0	0
1436.891684	0	0
1436.941689	0	0
1436.991694	0	0
1437.041699	0	0
1437.091704	0	0
1437.141709	0	0
1437.191714	0	0
1437.241719	0	0
1437.291724	0	0
1437.341729	0	0
1437.391734	0	0
1437.441739	0	0
1437.491744	0	0
1437.541749	0	0
1437.591754	0	0
1437.641759	0	0
1437.691764	0	0
1437.741769	0	0
1437.791774	0	0
1437.841779	0	0
1437.891784	0	0
1437.941789	0	0
1437.991794	0	0
1438.041799	0	0
1438.091804	0	0
1438.141809	0	0
1438.191814	0	0
1438.241819	0	0
1438.291824	0	0
1438.341829	0	0
1438.391834	0	0
1438.441839	0	0
1438.491844	0	0
1438.541849	0	0
1438.591854	0	0
1438.641859	0	0
1438.691864	0	0
1438.741869	0	0
1438.791874	0	0
1438.841879	0	0
1438.891884	0	0
1438.941889	0	0
1438.991894	0	0
1439.041899	0	0
1439.091904	0	0
1439.141909	0	0
1439.191914	0	0
1439.241919	0	0
1439.291924	0	0
1439.341929	0	0
1439.391934	0	0
1439.441939	0	0
1439.491944	0	0
1439.541949	0	0
1439.591954	0	0
1439.641959	0	0
1439.691964	0	0
1439.741969	0	0
1439.791974	0	0
1439.841979	0	0
1439.891984	0	0
1439.941989	0	0
1439.991994	0	0
1440.041999	0	0
1440.092004	0	0
1440.142009	0	0
1440.192014	0	0
1440.242019	0	0
1440.292024	0	0
1440.342029	0	0
1440.392034	0	0
1440.442039	0	0
1440.492044	0	0
1440.542049	0	0
1440.592054	0	0
1440.642059	0	0
1440.692064	0	0
1440.742069	0	0
1440.792074	0	0
1440.842079	0	0
1440.892084	0	0
1440.942089	0	0
1440.992094	0	0
1441.044099	0	0
1441.092104	0	0
1441.142109	0	0
1441.192114	0	0
1441.242119	0	0
1441.292124	0	0
1441.342129	0	0
1441.392134	0	0
1441.442139	0	0
1441.492144	0	0
1441.542149	0	0
1441.592154	0	0
1441.642159	0	0
1441.692164	0	0
1441.742169	0	0
1441.792174	0	0
1441.842179	0	0
1441.892184	0	0
1441.942189	0	0
1441.992194	0	0
1442.042199	0	0
1442.092204	0	0
1442.142209	0	0
1442.192214	0	0
1442.242219	0	0
1442.292224	0	0
1442.342229	0	0
1442.392234	0	0
1442.442239	0	0
1442.492244	0	0
1442.543249	0	0
1442.591254	0	0
1442.641259	0	0
1442.691264	0	0
1442.741269	0	0
1442.791274	0	0
1442.841279	0	0
1442.891284	0	0
1442.941289	0	0
1442.991294	0	0
1443.041299	0	0
1443.091304	0	0
1443.141309	0	0
1443.191314	0	0
1443.241319	0	0
1443.291324	0	0
1443.341329	0	0
1443.391334	0	0
1443.441339	0	0
1443.491344	0	0
1443.541349	0	0
1443.591354	0	0
1443.641359	0	0
1443.691364	0	0
1443.741369	0	0
1443.791374	0	0
1443.841379	0	0
1443.891384	0	0
1443.941389	0	0
1443.991394	0	0
1444.041399	0	0
1444.091404	0	0
1444.141409	0	0
1444.191414	0	0
1444.241419	0	0
1444.291424	0	0
1444.341429	0	0
1444.391434	0	0
1444.441439	0	0
1444.491444	0	0
1444.541449	0	0
1444.591454	0	0
1444.641459	0	0
1444.691464	0	0
1444.741469	0	0
1444.791474	0	0
1444.841479	0	0
1444.891484	0	0
1444.941489	0	0
1444.991494	0	0
1445.041499	0	0
1445.091504	0	0
1445.141509	0	0
1445.191514	0	0
1445.241519	0	0
1445.291524	0	0
1445.341529	0	0
1445.391534	0	0
1445.441539	0	0
1445.491544	0	0
1445.541549	0	0
1445.591554	0	0
1445.641559	0	0
1445.691564	0	0
1445.741569	0	0
1445.791574	0	0
1445.841579	0	0
1445.891584	0	0
1445.941589	0	0
1445.991594	0	0
1446.041599	0	0
1446.091604	0	0
1446.141609	0	0
1446.191614	0	0
1446.241619	0	0
1446.291624	0	0
1446.343629	0	0
1446.391634	0	0
1446.441639	0	0
1446.491644	0	0
1446.541649	0	0
1446.591654	0	0
1446.641659	0	0
1446.691664	0	0
1446.741669	0	0
1446.791674	0	0
1446.844679	0	0
1446.891684	0	0
1446.941689	0	0
1446.991694	0	0
1447.042699	0	0
1447.091704	0	0
1447.141709	0	0
1447.191714	0	0
1447.241719	0	0
1447.291724	0	0
1447.344729	0	0
1447.391734	0	0
1447.441739	0	0
1447.491744	0	0
1447.541749	0	0
1447.591754	0	0
1447.641759	0	0
1447.691764	0	0
1447.741769	0	0
1447.791774	0	0
1447.841779	0	0
1447.891784	0	0
1447.941789	0	0
1447.991794	0	0
1448.041799	0	0
1448.091804	0	0
1448.141809	0	0
1448.191814	0	0
1448.241819	0	0
1448.291824	0	0
1448.341829	0	0
1448.391834	0	0
1448.441839	0	0
1448.491844	0	0
1448.542849	0	0
1448.591854	0	0
1448.641859	0	0
1448.691864	0	0
1448.741869	0	0
1448.791874	0	0
1448.841879	0	0
1448.891884	0	0
1448.941889	0	0
1448.991894	0	0
1449.041899	0	0
1449.091904	0	0
1449.141909	0	0
1449.191914	0	0
1449.241919	0	0
1449.291924	0	0
1449.342929	0	0
1449.391934	0	0
1449.441939	0	0
1449.491944	0	0
1449.541949	0	0
1449.591954	0	0
1449.641959	0	0
1449.691964	0	0
1449.741969	0	0
1449.791974	0	0
1449.841979	0	0
1449.891984	0	0
1449.941989	0	0
1449.991994	0	0
1450.041999	0	0
1450.092004	0	0
1450.142009	0	0
1450.192014	0	0
1450.242019	0	0
1450.292024	0	0
1450.344029	0	0
1450.392034	0	0
1450.442039	0	0
1450.492044	0	0
1450.542049	0	0
1450.592054	0	0
1450.642059	0	0
1450.692064	0	0
1450.742069	0	0
1450.792074	0	0
1450.843079	0	0
1450.892084	0	0
1450.942089	0	0
1450.992094	0	0
1451.042099	0	0
1451.092104	0	0
1451.142109	0	0
1451.192114	0	0
1451.242119	0	0
1451.292124	0	0
1451.345129	0	0
1451.392134	0	0
1451.442139	0	0
1451.492144	0	0
1451.543149	0	0
1451.592154	0	0
1451.642159	0	0
1451.692164	0	0
1451.742169	0	0
1451.792174	0	0
1451.842179	0	0
1451.892184	0	0
1451.942189	0	0
1451.992194	0	0
1452.042199	0	0
1452.092204	0	0
1452.142209	0	0
1452.192214	0	0
1452.242219	0	0
1452.292224	0	0
1452.342229	0	0
1452.392234	0	0
1452.442239	0	0
1452.492244	0	0
1452.542249	0	0
1452.592254	0	0
1452.642259	0	0
1452.692264	0	0
1452.742269	0	0
1452.792274	0	0
1452.845279	0	0
1452.892284	0	0
1452.942289	0	0
1452.992294	0	0
1453.043299	0	0
1453.092304	0	0
1453.142309	0	0
1453.192314	0	0
1453.242319	0	0
1453.292324	0	0
1453.343329	0	0
1453.392334	0	0
1453.442339	0	0
1453.492344	0	0
1453.542349	0	0
1453.592354	0	0
1453.642359	0	0
1453.692364	0	0
1453.742369	0	0
1453.792374	0	0
1453.843379	0	0
1453.892384	0	0
1453.942389	0	0
1453.992394	0	0
1454.042399	0	0
1454.092404	0	0
1454.142409	0	0
1454.192414	0	0
1454.242419	0	0
1454.292424	0	0
1454.342429	0	0
1454.392434	0	0
1454.442439	0	0
1454.492444	0	0
1454.543449	0	0
1454.592454	0	0
1454.642459	0	0
1454.692464	0	0
1454.742469	0	0
1454.792474	0	0
1454.842479	0	0
1454.912486	0	0
1454.942489	0	0
1454.992494	0	0
1455.042499	0	0
1455.092504	0	0
1455.142509	0	0
1455.192514	0	0
1455.242519	0	0
1455.292524	0	0
1455.342529	0	0
1455.392534	0	0
1455.442539	0	0
1455.492544	0	0
1455.542549	0	0
1455.592554	0	0
1455.642559	0	0
1455.692564	0	0
1455.742569	0	0
1455.792574	0	0
1455.842579	0	0
1455.892584	0	0
1455.942589	0	0
1455.992594	0	0
1456.044599	0	0
1456.092604	0	0
1456.142609	0	0
1456.192614	0	0
1456.242619	0	0
1456.292624	0	0
1456.343629	0	0
1456.392634	0	0
1456.442639	0	0
1456.492644	0	0
1456.542649	0	0
1456.592654	0	0
1456.642659	0	0
1456.692664	0	0
1456.742669	0	0
1456.792674	0	0
1456.842679	0	0
1456.892684	0	0
1456.942689	0	0
1456.992694	0	0
1457.042699	0	0
1457.092704	0	0
1457.142709	0	0
1457.192714	0	0
1457.242719	0	0
1457.292724	0	0
1457.345729	0	0
1457.392734	0	0
1457.442739	0	0
1457.492744	0	0
1457.544749	0	0
1457.592754	0	0
1457.642759	0	0
1457.692764	0	0
1457.742769	0	0
1457.792774	0	0
1457.843779	0	0
1457.892784	0	0
1457.942789	0	0
1457.992794	0	0
1458.042799	0	0
1458.092804	0	0
1458.142809	0	0
1458.192814	0	0
1458.242819	0	0
1458.292824	0	0
1458.342829	0	0
1458.392834	0	0
1458.442839	0	0
1458.492844	0	0
1458.542849	0	0
1458.592854	0	0
1458.642859	0	0
1458.692864	0	0
1458.742869	0	0
1458.792874	0	0
1458.844879	0	0
1458.892884	0	0
1458.942889	0	0
1458.992894	0	0
1459.044899	0	0
1459.092904	0	0
1459.142909	0	0
1459.192914	0	0
1459.242919	0	0
1459.292924	0	0
1459.342929	0	0
1459.392934	0	0
1459.442939	0	0
1459.492944	0	0
1459.542949	0	0
1459.592954	0	0
1459.642959	0	0
1459.692964	0	0
1459.742969	0	0
1459.792974	0	0
1459.842979	0	0
1459.892984	0	0
1459.942989	0	0
1459.991994	0	0
1460.041999	0	0
1460.092004	0	0
1460.142009	0	0
1460.192014	0	0
1460.242019	0	0
1460.292024	0	0
1460.344029	0	0
1460.392034	0	0
1460.442039	0	0
1460.492044	0	0
1460.542049	0	0
1460.592054	0	0
1460.642059	0	0
1460.692064	0	0
1460.742069	0	0
1460.792074	0	0
1460.844079	0	0
1460.892084	0	0
1460.942089	0	0
1460.992094	0	0
1461.042099	0	0
1461.092104	0	0
1461.142109	0	0
1461.192114	0	0
1461.242119	0	0
1461.292124	0	0
1461.342129	0	0
1461.392134	0	0
1461.442139	0	0
1461.492144	0	0
1461.542149	0	0
1461.592154	0	0
1461.642159	0	0
1461.692164	0	0
1461.742169	0	0
1461.792174	0	0
1461.846179	0	0
1461.892184	0	0
1461.942189	0	0
1461.992194	0	0
1462.042199	0	0
1462.092204	0	0
1462.142209	0	0
1462.192214	0	0
1462.242219	0	0
1462.292224	0	0
1462.343229	0	0
1462.392234	0	0
1462.442239	0	0
1462.492244	0	0
1462.542249	0	0
1462.592254	0	0
1462.642259	0	0
1462.692264	0	0
1462.742269	0	0
1462.792274	0	0
1462.843279	0	0
1462.892284	0	0
1462.942289	0	0
1462.992294	0	0
1463.042299	0	0
1463.092304	0	0
1463.142309	0	0
1463.192314	0	0
1463.242319	0	0
1463.292324	0	0
1463.342329	0	0
1463.392334	0	0
1463.442339	0	0
1463.492344	0	0
1463.542349	0	0
1463.592354	0	8
1463.642359	0	48
1463.692364	0	96
1463.742369	0	136
1463.792374	0	188
1463.842379	0	188
1463.892384	0	236
1463.942389	0	252
1463.992394	0	276
1464.044399	0	276
1464.092404	0	300
1464.142409	0	340
1464.192414	0	340
1464.242419	0	340
1464.292424	0	340
1464.344429	0	360
1464.392434	0	400
1464.442439	0	496
1464.492444	0	540
1464.543449	0	572
1464.592454	0	588
1464.642459	0	588
1464.692464	0	628
1464.742469	0	628
1464.792474	0	628
1464.845479	0	628
1464.915486	0	628
1465.011496	0	628
1465.041499	0	628
1465.091504	0	628
1465.141509	0	628
1465.191514	0	628
1465.241519	0	628
1465.291524	0	628
1465.344529	0	628
1465.391534	0	628
1465.441539	0	628
1465.491544	0	628
1465.541549	0	628
1465.591554	0	628
1465.641559	0	628
1465.691564	0	628
1465.741569	0	628
1465.791574	0	628
1465.841579	0	628
1465.891584	0	628
1465.941589	0	628
1465.991594	0	628
1466.041599	0	628
1466.091604	0	628
1466.141609	0	628
1466.191614	0	628
1466.241619	0	628
1466.291624	0	628
1466.341629	0	628
1466.391634	0	628
1466.441639	0	628
1466.491644	0	628
1466.541649	0	628
1466.591654	0	628
1466.641659	0	628
1466.691664	0	628
1466.741669	0	628
1466.791674	0	628
1466.841679	0	628
1466.891684	0	628
1466.941689	0	628
1466.991694	0	628
1467.041699	0	628
1467.091704	0	628
1467.141709	0	628
1467.191714	0	628
1467.241719	0	628
1467.291724	0	628
1467.341729	0	628
1467.391734	0	628
1467.441739	0	628
1467.491744	0	628
1467.541749	0	628
1467.591754	0	628
1467.641759	0	628
1467.691764	0	628
1467.741769	0	628
1467.791774	0	628
1467.841779	0	628
1467.891784	0	628
1467.941789	0	628
1467.991794	0	628
1468.041799	0	628
1468.091804	0	628
1468.141809	0	660
1468.191814	0	660
1468.241819	0	668
1468.291824	0	668
1468.341829	0	668
1468.391834	0	728
1468.441839	0	728
1468.491844	0	744
1468.541849	0	744
1468.591854	0	744
1468.641859	0	760
1468.691864	0	760
1468.741869	0	792
1468.791874	0	792
1468.841879	0	792
1468.891884	0	792
1468.941889	0	792
1468.991894	0	792
1469.041899	0	792
1469.091904	0	792
1469.141909	0	792
1469.191914	0	792
1469.241919	0	792
1469.291924	0	792
1469.341929	0	792
1469.391934	0	792
1469.441939	0	792
1469.491944	0	792
1469.541949	0	792
1469.591954	0	792
1469.641959	0	792
1469.691964	0	792
1469.741969	0	792
1469.791974	0	792
1469.841979	0	792
1469.891984	0	792
1469.941989	0	792
1469.991994	0	792
1470.041999	0	792
1470.092004	0	792
1470.142009	0	792
1470.192014	0	792
1470.242019	0	792
1470.292024	0	792
1470.342029	0	792
1470.392034	0	792
1470.442039	0	792
1470.492044	0	792
1470.542049	0	792
1470.592054	0	792
1470.642059	0	792
1470.692064	0	792
1470.742069	0	792
1470.792074	0	792
1470.842079	0	792
1470.892084	0	792
1470.942089	0	792
1470.992094	0	792
1471.042099	0	792
1471.092104	0	792
1471.142109	0	792
1471.192114	0	792
1471.242119	0	792
1471.292124	0	792
1471.351130	0	800
1471.392134	0	800
1471.442139	0	824
1471.492144	0	824
1471.542149	0	824
1471.592154	0	824
1471.642159	0	824
1471.692164	0	824
1471.742169	0	832
1471.792174	0	832
1471.842179	0	832
1471.892184	0	840
1471.942189	0	840
1471.992194	0	840
1472.042199	0	848
1472.092204	0	848
1472.142209	0	848
1472.192214	0	848
1472.242219	0	848
1472.292224	0	848
1472.342229	0	848
1472.392234	0	848
1472.442239	0	848
1472.492244	0	848
1472.542249	0	848
1472.592254	0	848
1472.642259	0	848
1472.692264	0	848
1472.742269	0	848
1472.792274	0	848
1472.842279	0	848
1472.892284	0	848
1472.942289	0	848
1472.992294	0	848
1473.042299	0	848
1473.092304	0	848
1473.142309	0	848
1473.192314	0	848
1473.242319	0	848
1473.292324	0	848
1473.344329	0	848
1473.392334	0	848
1473.442339	0	848
1473.492344	0	848
1473.542349	0	848
1473.592354	0	848
1473.642359	0	848
1473.692364	0	848
1473.742369	0	848
1473.792374	0	848
1473.842379	0	848
1473.892384	0	848
1473.942389	0	848
1473.992394	0	892
1474.042399	0	908
1474.092404	0	908
1474.142409	0	908
1474.192414	0	908
1474.242419	0	908
1474.292424	0	932
1474.342429	0	996
1474.392434	0	1004
1474.442439	0	1020
1474.492444	0	1020
1474.542449	0	1020
1474.592454	0	1020
1474.642459	0	1020
1474.692464	0	1020
1474.742469	0	1020
1474.792474	0	1028
1474.842479	0	1036
1474.892484	0	1036
1474.942489	0	1036
1474.992494	0	1036
1475.042499	0	1036
1475.092504	0	1036
1475.142509	0	1064
1475.192514	0	1072
1475.242519	0	1072
1475.292524	0	1088
1475.342529	0	1088
1475.392534	0	1088
1475.442539	0	1088
1475.492544	0	1088
1475.544549	0	1096
1475.592554	0	1112
1475.642559	0	1112
1475.692564	0	1112
1475.742569	0	1112
1475.792574	0	1136
1475.842579	0	1136
1475.892584	0	1144
1475.942589	0	1144
1475.992594	0	1152
1476.042599	0	1216
1476.092604	0	1216
1476.142609	0	1216
1476.192614	0	1216
1476.242619	0	1216
1476.292624	0	1216
1476.342629	0	1216
1476.392634	0	1252
1476.442639	0	1252
1476.492644	0	1252
1476.542649	0	1252
1476.592654	0	1252
1476.642659	0	1252
1476.692664	0	1252
1476.742669	0	1252
1476.792674	0	1252
1476.842679	0	1252
1476.892684	0	1252
1476.942689	0	1252
1476.992694	0	1252
1477.044699	0	1252
1477.092704	0	1252
1477.142709	0	1252
1477.192714	0	1252
1477.242719	0	1252
1477.292724	0	1252
1477.345729	0	1252
1477.392734	0	1252
1477.442739	0	1252
1477.491744	0	1252
1477.541749	0	1252
1477.591753	0	1252
1477.641758	0	1252
1477.691764	0	1252
1477.741769	0	1252
1477.791774	0	1252
1477.841779	0	1252
1477.891784	0	1252
1477.941789	0	1252
1477.991794	0	1252
1478.041799	0	1252
1478.091804	0	1252
1478.141809	0	1252
1478.191813	0	1252
1478.241818	0	1252
1478.291824	0	1252
1478.341829	0	1252
1478.391834	0	1252
1478.441839	0	1252
1478.491844	0	1252
1478.541849	0	1252
1478.591854	0	1252
1478.641859	0	1252
1478.691864	0	1252
1478.741868	0	1252
1478.791873	0	1252
1478.849879	0	1252
1478.891884	0	1252
1478.941889	0	1252
1478.991894	0	1252
1479.041899	0	1252
1479.091904	0	1252
1479.141909	0	1252
1479.191914	0	1252
1479.241919	0	1252
1479.291924	0	1252
1479.341928	0	1252
1479.391933	0	1252
1479.441939	0	1252
1479.491944	0	1252
1479.541949	0	1252
1479.591954	0	1252
1479.641959	0	1252
1479.691964	0	1252
1479.741969	0	1252
1479.791974	0	1252
1479.841979	0	1252
1479.891984	0	1252
1479.941988	0	1252
1479.991993	0	1268
1480.041999	0	1268
1480.092004	0	1268
1480.142009	0	1268
1480.192014	0	1268
1480.242019	0	1268
1480.292024	0	1268
1480.342029	0	1268
1480.392034	0	1268
1480.442039	0	1268
1480.492043	0	1276
1480.542048	0	1276
1480.592054	0	1276
1480.642059	0	1276
1480.692064	0	1276
1480.742069	0	1276
1480.792074	0	1276
1480.842079	0	1276
1480.892084	0	1276
1480.942089	0	1276
1480.992094	0	1276
1481.042099	0	1276
1481.092103	0	1276
1481.142108	0	1276
1481.192114	0	1276
1481.242119	0	1276
1481.292124	0	1276
1481.342129	0	1276
1481.392134	0	1276
1481.442139	0	1276
1481.492144	0	1276
1481.542149	0	1276
1481.592154	0	1276
1481.642159	0	1276
1481.692163	0	1276
1481.742168	0	1276
1481.792174	0	1276
1481.845179	0	1276
1481.892184	0	1276
1481.942189	0	1276
1481.992194	0	1276
1482.042199	0	1276
1482.092204	0	1276
1482.142209	0	1276
1482.192214	0	1276
1482.242218	0	1276
1482.292223	0	1276
1482.342229	0	1276
1482.392234	0	1276
1482.442239	0	1276
1482.492244	0	1276
1482.542249	0	1276
1482.592254	0	1276
1482.642259	0	1276
1482.692264	0	1276
1482.742269	0	1276
1482.792274	0	1276
1482.849279	0	1276
1482.892283	0	1276
1482.942289	0	1276
1482.992294	0	1276
1483.042299	0	1276
1483.092304	0	1276
1483.142309	0	1276
1483.192314	0	1276
1483.242319	0	1276
1483.292324	0	1276
1483.342329	0	1276
1483.392334	0	1276
1483.442338	0	1276
1483.492343	0	1276
1483.542349	0	1276
1483.592354	0	1276
1483.642359	0	1276
1483.692364	0	1276
1483.742369	0	1276
1483.792374	0	1276
1483.842379	0	1276
1483.892384	0	1276
1483.942389	0	1276
1483.992393	0	1276
1484.042398	0	1276
1484.092404	0	1276
1484.142409	0	1276
1484.192414	0	1276
1484.242419	0	1276
1484.292424	0	1276
1484.348429	0	1276
1484.392434	0	1276
1484.442439	0	1276
1484.492444	0	1276
1484.542449	0	1276
1484.592453	0	1276
1484.642458	0	1276
1484.692464	0	1276
1484.742469	0	1276
1484.792474	0	1276
1484.842479	0	1276
1484.892484	0	1276
1484.942489	0	1276
1484.992494	0	1276
1485.042499	0	1276
1485.092504	0	1276
1485.142509	0	1276
1485.192513	0	1276
1485.242518	0	1276
1485.292524	0	1276
1485.342529	0	1276
1485.392534	0	1276
1485.442539	0	1276
1485.492544	0	1276
1485.542549	0	1276
1485.592554	0	1276
1485.642559	0	1276
1485.692564	0	1276
1485.742568	0	1276
1485.792573	0	1276
1485.842579	0	1276
1485.892584	0	1276
1485.942589	0	1276
1485.992594	0	1276
1486.042599	0	1276
1486.092604	0	1276
1486.142609	0	1276
1486.192614	0	1276
1486.242619	0	1276
1486.292624	0	1276
1486.342628	0	1276
1486.392633	0	1276
1486.442639	0	1276
1486.492644	0	1276
1486.542649	0	1276
1486.592654	0	1276
1486.642659	0	1276
1486.692664	0	1276
1486.742669	0	1276
1486.792674	0	1276
1486.842679	0	1276
1486.892684	0	1276
1486.942688	0	1276
1486.992693	0	1276
1487.042699	0	1276
1487.092704	0	1276
1487.142709	0	1276
1487.192714	0	1276
1487.242719	0	1276
1487.292724	0	1276
1487.342729	0	1276
1487.392734	0	1276
1487.442739	0	1276
1487.492743	0	1276
1487.542748	0	1276
1487.592754	0	1276
1487.642759	0	1276
1487.692764	0	1276
1487.742769	0	1276
1487.792774	0	1276
1487.842779	0	1276
1487.892784	0	1276
1487.942789	0	1276
1487.992794	0	1276
1488.042799	0	1276
1488.092803	0	1276
1488.142808	0	1276
1488.192814	0	1276
1488.242819	0	1276
1488.292824	0	1276
1488.342829	0	1276
1488.392834	0	1276
1488.442839	0	1276
1488.492844	0	1276
1488.542849	0	1276
1488.592854	0	1276
1488.642859	0	1276
1488.692863	0	1276
1488.742868	0	1276
1488.792874	0	1276
1488.842879	0	1276
1488.892884	0	1276
1488.942889	0	1276
1488.992894	0	1276
1489.042899	0	1276
1489.092904	0	1276
1489.142909	0	1276
1489.192914	0	1276
1489.242918	0	1276
1489.292923	0	1276
1489.342929	0	1276
1489.392934	0	1276
1489.442939	0	1276
1489.492944	0	1276
1489.542949	0	1276
1489.592954	0	1276
1489.642959	0	1276
1489.692964	0	1276
1489.742969	0	1276
1489.792974	0	1276
1489.842978	0	1276
1489.892983	0	1276
1489.942989	0	1276
1489.992994	0	1276
1490.042999	0	1276
1490.093004	0	1276
1490.143009	0	1276
1490.193014	0	1276
1490.243019	0	1276
1490.293024	0	1276
1490.343029	0	1276
1490.393034	0	1276
1490.443038	0	1276
1490.493043	0	1276
1490.553050	0	1276
1490.593054	0	1276
1490.643059	0	1276
1490.693064	0	1276
1490.743069	0	1276
1490.793074	0	1276
1490.845079	0	1276
1490.893084	0	1276
1490.943089	0	1276
1490.993093	0	1276
1491.043098	0	1276
1491.093104	0	1276
1491.143109	0	1276
1491.193114	0	1276
1491.243119	0	1276
1491.293124	0	1276
1491.343129	0	1276
1491.393134	0	1276
1491.443139	0	1276
1491.493144	0	1276
1491.543149	0	1276
1491.593153	0	1276
1491.643158	0	1276
1491.693164	0	1276
1491.743169	0	1276
1491.793174	0	1276
1491.843179	0	1276
1491.893184	0	1276
1491.943189	0	1276
1491.993194	0	1276
1492.043199	0	1276
1492.093204	0	1276
1492.143209	0	1276
1492.193213	0	1276
1492.243218	0	1276
1492.293224	0	1276
1492.343229	0	1276
1492.393234	0	1276
1492.443239	0	1276
1492.493244	0	1276
1492.543249	0	1276
1492.593254	0	1276
1492.643259	0	1276
1492.693264	0	1276
1492.743268	0	1276
1492.793273	0	1276
1492.843279	0	1276
1492.893284	0	1276
1492.943289	0	1276
1492.993294	0	1276
1493.043299	0	1276
1493.093304	0	1276
1493.143309	0	1276
1493.193314	0	1276
1493.243319	0	1276
1493.293324	0	1308
1493.343328	0	1308
1493.393333	0	1308
1493.443339	0	1324
1493.493344	0	1324
1493.543349	0	1356
1493.593354	0	1356
1493.643359	0	1356
1493.693364	0	1356
1493.743369	0	1356
1493.793374	0	1356
1493.843379	0	1356
1493.893384	0	1356
1493.943388	0	1356
1493.993393	0	1356
1494.043399	0	1356
1494.093404	0	1356
1494.143409	0	1356
1494.193414	0	1356
1494.243419	0	1356
1494.293424	0	1356
1494.343429	0	1356
1494.393434	0	1356
1494.443439	0	1356
1494.493443	0	1356
1494.543448	0	1356
1494.593454	0	1356
1494.643459	0	1356
1494.693464	0	1356
1494.743469	0	1356
1494.793474	0	1356
1494.843479	0	1356
1494.893484	0	1356
1494.943489	0	1356
1494.992494	0	1356
1495.042499	0	1356
1495.092504	0	1356
1495.142509	0	1356
1495.192513	0	1284
1495.242518	0	1080
1495.292523	0	1004
1495.342528	0	900
1495.392534	0	900
1495.442539	0	792
1495.492544	0	736
1495.542549	0	692
1495.592554	0	652
1495.642559	0	652
1495.692564	0	548
1495.742568	0	472
1495.792573	0	416
1495.842578	0	408
1495.892583	0	384
1495.942588	0	384
1495.992594	0	316
1496.042599	0	188
1496.092604	0	136
1496.142609	0	40
1496.192614	0	0
1496.242619	0	0
1496.292624	0	0
1496.342628	0	0
1496.392633	0	0
1496.442638	0	0
1496.492643	0	0
1496.542649	0	0
1496.592654	0	0
1496.642659	0	0
1496.692664	0	0
1496.742669	0	0
1496.792674	0	0
1496.842679	0	0
1496.892684	0	0
1496.942688	0	0
1496.992693	0	0
1497.042698	0	0
1497.092703	0	0
1497.142709	0	0
1497.192714	0	0
1497.242719	0	0
1497.292724	0	0
1497.345729	0	0
1497.392734	0	0
1497.442739	0	0
1497.492743	0	0
1497.542748	0	0
1497.592753	0	0
1497.642758	0	0
1497.692763	0	0
1497.742769	0	0
1497.792774	0	0
1497.842779	0	0
1497.892784	0	0
1497.942789	0	0
1497.992794	0	0
1498.042799	0	0
1498.092803	0	0
1498.142808	0	0
1498.192813	0	0
1498.242818	0	0
1498.292824	0	0
1498.349829	0	0
1498.392834	0	0
1498.442839	0	0
1498.492844	0	0
1498.542849	0	0
1498.592854	0	0
1498.642859	0	0
1498.692863	0	0
1498.742868	0	0
1498.792873	0	0
1498.842878	0	0
1498.892884	0	0
1498.942889	0	0
1498.992894	0	0
1499.042899	0	0
1499.092904	0	0
1499.142909	0	0
1499.192914	0	0
1499.242918	0	0
1499.292923	0	0
1499.342928	0	0
1499.392933	0	0
1499.442938	0	0
1499.492944	29	0
1499.542949	29	0
1499.592954	29	0
1499.642959	29	0
1499.692964	29	0
1499.742969	29	0
1499.792974	29	0
1499.844979	29	0
1499.892983	29	0
1499.942988	29	0
1499.992993	29	0
1500.042999	29	0
1500.093004	29	0
1500.143009	29	0
1500.193014	29	0
1500.243019	29	0
1500.293024	29	0
1500.343029	29	0
1500.393034	29	0
1500.443038	13	0
1500.493043	0	0
1500.543048	0	0
1500.593053	0	0
1500.643059	0	0
1500.693064	0	0
1500.743069	0	0
1500.793074	0	0
1500.843079	0	0
1500.893084	0	0
1500.943089	0	0
1500.993093	0	0
1501.043098	0	0
1501.093103	0	0
1501.143108	0	0
1501.193113	0	0
1501.243119	0	0
1501.293124	0	0
1501.343129	0	0
1501.393134	0	0
1501.443139	0	0
1501.493144	0	0
1501.543149	0	0
1501.593153	0	0
1501.643158	0	0
1501.693163	0	0
1501.743168	0	0
1501.793174	0	0
1501.843179	0	0
1501.893184	0	0
1501.943189	0	0
1501.993194	0	0
1502.043199	0	0
1502.093204	0	0
1502.143209	0	0
1502.193213	0	0
1502.243218	0	0
1502.293223	0	0
1502.343228	0	0
1502.393234	0	0
1502.443239	0	0
1502.493244	0	0
1502.543249	0	0
1502.593254	0	0
1502.643259	0	0
1502.693264	0	0
1502.743268	0	0
1502.793273	0	0
1502.843278	0	0
1502.893283	0	0
1502.943288	0	0
1502.993294	0	0
1503.043299	0	0
1503.093304	0	0
1503.143309	0	0
1503.193314	0	0
1503.243319	0	0
1503.293324	0	0
1503.343328	0	0
1503.393333	0	0
1503.443338	0	0
1503.493343	0	0
1503.543349	0	0
1503.593354	0	0
1503.643359	0	0
1503.693364	0	0
1503.743369	0	0
1503.793374	0	0
1503.843379	0	0
1503.893384	0	0
1503.943388	0	0
1503.993393	0	0
1504.043398	0	0
1504.093403	0	0
1504.143409	0	0
1504.193414	0	0
1504.243419	0	0
1504.293424	0	0
1504.349429	0	0
1504.393434	0	0
1504.443439	0	0
1504.493443	0	0
1504.543448	0	0
1504.593453	0	0
1504.643458	0	0
1504.693463	0	0
1504.743469	0	0
1504.793474	0	0
1504.843479	0	0
1504.893484	0	0
1504.943489	0	0
1504.993494	0	0
1505.043499	0	0
1505.093503	0	0
1505.143508	0	0
1505.193513	0	0
1505.243518	0	0
1505.293524	0	0
1505.343529	0	0
1505.393534	0	0
1505.443539	0	0
1505.493544	0	0
1505.543549	0	0
1505.593554	0	0
1505.643559	0	0
1505.693563	0	0
1505.743568	0	0
1505.793573	0	0
1505.843578	0	0
1505.893584	0	0
1505.943589	0	0
1505.993594	0	0
1506.043599	0	0
1506.093604	0	0
1506.143609	0	0
1506.193614	0	0
1506.243618	0	0
1506.293623	0	0
1506.343628	0	0
1506.393633	0	0
1506.443638	0	0
1506.493644	0	0
1506.543649	0	0
1506.593654	0	0
1506.643659	0	0
1506.693664	0	0
1506.743669	0	0
1506.793674	0	0
1506.843678	0	0
1506.893683	0	0
1506.943688	0	0
1506.993693	0	0
1507.043699	0	0
1507.093704	0	0
1507.143709	0	0
1507.193714	0	0
1507.243719	0	0
1507.293724	0	0
1507.343729	0	0
1507.393734	0	0
1507.443738	0	0
1507.493743	0	0
1507.543748	0	0
1507.593753	0	0
1507.643759	0	0
1507.693764	0	0
1507.743769	0	0
1507.793774	0	0
1507.843779	0	0
1507.893784	0	0
1507.943789	0	0
1507.993793	0	0
1508.043798	0	0
1508.093803	0	0
1508.143808	0	0
1508.193813	0	0
1508.243819	0	0
1508.293824	0	0
1508.343829	0	0
1508.393834	0	0
1508.443839	0	0
1508.493844	0	0
1508.543849	0	0
1508.593853	0	0
1508.643858	0	0
1508.693863	0	0
1508.743868	0	0
1508.793874	0	0
1508.843879	0	0
1508.893884	0	0
1508.943889	0	0
1508.993894	0	0
1509.043899	0	0
1509.093904	0	0
1509.143909	0	0
1509.193913	0	0
1509.243918	0	0
1509.293923	0	0
1509.343928	0	0
1509.393934	0	0
1509.443939	0	0
1509.493944	0	0
1509.543949	0	0
1509.593954	0	0
1509.643959	0	0
1509.693964	0	0
1509.743968	0	0
1509.793973	0	0
1509.843978	0	0
1509.893983	0	0
1509.943988	0	0
1509.993994	0	0
1510.043999	0	0
1510.094004	0	0
1510.144009	0	0
1510.194014	0	0
1510.244019	0	0
1510.294024	0	0
1510.344028	0	0
1510.394033	0	0
1510.444038	0	0
1510.494043	0	0
1510.544049	0	0
1510.594054	0	0
1510.644059	0	0
1510.694064	0	0
1510.744069	0	0
1510.794074	0	0
1510.844079	0	0
1510.894083	0	0
1510.944088	0	0
1510.994093	0	0
1511.044098	0	0
1511.094103	0	0
1511.144109	0	0
1511.194114	0	0
1511.244119	0	0
1511.294124	0	0
1511.344129	0	0
1511.394134	0	0
1511.444139	0	0
1511.494143	0	0
1511.544148	0	0
1511.594153	0	0
1511.644158	0	0
1511.694163	0	0
1511.744169	0	0
1511.794174	0	0
1511.849179	0	0
1511.894184	0	0
1511.944189	0	0
1511.994194	0	0
1512.044199	0	0
1512.094203	0	0
1512.144208	0	0
1512.194213	0	0
1512.244218	0	0
1512.294224	0	0
1512.344229	0	0
1512.394234	0	0
1512.443238	0	0
1512.493244	0	0
1512.543249	0	0
1512.593254	0	0
1512.643259	0	0
1512.693264	0	0
1512.743268	0	0
1512.793273	0	0
1512.843278	0	0
1512.893283	0	0
1512.943288	0	0
1512.993293	0	0
1513.043298	0	0
1513.093304	0	0
1513.143309	0	0
1513.193314	0	0
1513.243319	0	0
1513.293324	0	0
1513.343328	0	0
1513.393333	0	0
1513.443338	0	0
1513.493343	0	0
1513.543348	0	0
1513.593353	0	0
1513.648359	0	0
1513.693364	0	0
1513.743369	0	0
1513.793374	0	0
1513.843379	0	0
1513.893384	0	0
1513.943388	0	0
1513.993393	0	0
1514.043398	0	0
1514.093403	0	0
1514.143408	0	0
1514.193413	0	0
1514.243419	0	0
1514.293424	0	0
1514.343429	0	0
1514.393434	0	0
1514.443439	0	0
1514.493443	0	0
1514.543448	0	0
1514.593453	0	0
1514.643458	0	0
1514.693463	0	0
1514.743468	0	0
1514.793473	0	0
1514.849479	0	0
1514.893484	0	0
1514.943489	0	0
1514.993494	0	0
1515.043499	0	0
1515.093503	0	0
1515.143508	0	0
1515.193513	0	0
1515.243518	0	0
1515.293523	0	0
1515.343528	0	0
1515.393533	0	0
1515.443539	0	0
1515.493544	0	0
1515.543549	0	0
1515.593554	0	0
1515.643559	0	0
1515.693563	0	0
1515.743568	0	0
1515.793573	0	0
1515.843578	0	0
1515.893583	0	0
1515.943588	0	0
1515.993594	0	0
1516.043599	0	0
1516.093604	0	0
1516.143609	0	0
1516.193614	0	0
1516.243618	0	0
1516.293623	0	0
1516.343628	0	0
1516.393633	0	0
1516.443638	0	0
1516.493643	0	0
1516.543648	0	0
1516.593654	0	0
1516.643659	0	0
1516.693664	0	0
1516.743669	0	0
1516.793674	0	0
1516.843678	0	0
1516.893683	0	0
1516.943688	0	0
1516.993693	0	0
1517.043698	0	0
1517.093703	0	0
1517.143708	0	0
1517.193714	0	0
1517.243719	0	0
1517.293724	0	0
1517.343729	0	0
1517.393734	0	0
1517.443738	0	0
1517.493743	0	0
1517.543748	0	0
1517.593753	0	0
1517.643758	0	0
1517.693763	0	0
1517.743769	0	0
1517.793774	0	0
1517.848779	0	0
1517.893784	0	0
1517.943789	0	0
1517.993793	0	0
1518.043798	0	0
1518.093803	0	0
1518.143808	0	0
1518.193813	0	0
1518.243818	0	0
1518.293823	0	0
1518.343829	0	0
1518.393834	0	0
1518.443839	0	0
1518.493844	0	0
1518.543849	0	0
1518.593853	0	0
1518.643858	0	0
1518.693863	0	0
1518.743868	0	0
1518.793873	0	0
1518.843878	0	0
1518.893883	0	0
1518.943889	0	0
1518.993894	0	0
1519.043899	0	0
1519.093904	0	0
1519.143909	0	0
1519.193913	0	0
1519.243918	0	0
1519.293923	0	0
1519.347929	0	0
1519.393933	0	0
1519.443938	0	0
1519.493944	0	0
1519.543949	0	0
1519.593954	0	0
1519.643959	0	0
1519.693964	0	0
1519.743968	0	0
1519.793973	0	0
1519.843978	0	0
1519.893983	0	0
1519.943988	0	0
1519.993993	0	0
1520.043998	0	0
1520.094004	0	0
1520.144009	0	0
1520.194014	0	0
1520.244019	0	0
1520.294024	0	0
1520.344028	0	0
1520.394033	0	0
1520.444038	0	0
1520.494043	0	0
1520.544048	0	0
1520.594053	0	0
1520.644058	0	0
1520.694064	0	0
1520.744069	0	0
1520.794074	0	0
1520.844079	0	0
1520.894083	0	0
1520.944088	0	0
1520.994093	0	0
1521.044098	0	0
1521.094103	0	0
1521.144108	0	0
1521.194113	0	0
1521.244119	0	0
1521.294124	0	0
1521.344129	0	0
1521.394134	0	0
1521.444139	0	0
1521.494143	0	0
1521.544148	0	0
1521.594153	0	0
1521.644158	0	0
1521.694163	0	0
1521.744168	0	0
1521.794173	0	0
1521.844179	0	0
1521.894184	0	0
1521.944189	0	0
1521.994194	0	0
1522.044199	0	0
1522.094203	0	0
1522.144208	0	0
1522.194213	0	0
1522.244218	0	0
1522.294223	0	0
1522.344228	0	0
1522.394233	0	0
1522.444239	0	0
1522.494244	0	0
1522.544249	0	0
1522.594254	0	0
1522.644258	0	0
1522.694263	0	0
1522.744268	0	0
1522.794273	0	0
1522.844278	0	0
1522.894283	0	0
1522.944288	0	0
1522.994294	0	0
1523.044299	0	0
1523.094304	0	0
1523.144309	0	0
1523.194314	0	0
1523.244318	0	0
1523.294323	0	0
1523.344328	0	0
1523.394333	0	0
1523.444338	0	0
1523.494343	0	0
1523.544348	0	0
1523.594354	0	0
1523.644359	0	0
1523.694364	0	0
1523.744369	0	0
1523.794374	0	0
1523.844378	0	0
1523.894383	0	0
1523.944388	0	0
1523.994393	0	0
1524.044398	0	0
1524.094403	0	0
1524.144408	0	0
1524.194414	0	0
1524.244419	0	0
1524.294424	0	0
1524.344429	0	0
1524.394433	0	0
1524.444438	0	0
1524.494443	0	0
1524.544448	0	0
1524.594453	0	0
1524.644458	0	0
1524.694463	0	0
1524.744469	0	0
1524.794474	0	0
1524.844479	0	0
1524.894484	0	0
1524.944489	0	0
1524.994493	0	0
1525.044498	0	0
1525.094503	0	0
1525.144508	0	0
1525.194513	0	0
1525.244518	0	0
1525.294523	0	0
1525.344529	0	0
1525.394534	0	0
1525.444539	0	0
1525.494544	0	0
1525.544549	0	0
1525.594553	0	0
1525.648559	0	0
1525.694563	0	0
1525.744568	0	0
1525.794573	0	0
1525.844578	0	0
1525.894583	0	0
1525.944589	0	0
1525.994594	0	0
1526.044599	0	0
1526.094604	0	0
1526.144608	0	0
1526.194613	0	0
1526.244618	0	0
1526.294623	0	0
1526.344628	0	0
1526.394633	0	0
1526.444638	0	0
1526.494644	0	0
1526.544649	0	0
1526.594654	0	0
1526.644659	0	0
1526.694664	0	0
1526.744668	0	0
1526.794673	0	0
1526.847679	0	0
1526.894683	0	0
1526.944688	0	0
1526.994693	0	0
1527.044698	0	0
1527.094704	0	0
1527.147709	0	0
1527.194714	0	0
1527.244719	0	0
1527.294724	0	0
1527.344728	0	0
1527.394733	0	0
1527.444738	0	0
1527.494743	0	0
1527.544748	0	0
1527.594753	0	0
1527.644758	0	0
1527.694764	0	0
1527.744769	0	0
1527.794774	0	0
1527.844779	0	0
1527.894783	0	0
1527.944788	0	0
1527.994793	0	0
1528.045799	0	0
1528.094803	0	0
1528.144808	0	0
1528.194813	0	0
1528.244819	0	0
1528.294824	0	0
1528.344829	0	0
1528.394834	0	0
1528.444839	0	0
1528.494843	0	0
1528.544848	0	0
1528.594853	0	0
1528.644858	0	0
1528.694863	0	0
1528.744868	0	0
1528.794873	0	0
1528.844879	0	0
1528.894884	0	0
1528.944889	0	0
1528.994894	0	0
1529.044899	0	0
1529.094903	0	0
1529.144908	0	0
1529.194913	0	0
1529.244918	0	0
1529.294923	0	0
1529.344928	0	0
1529.394933	0	0
1529.444939	0	0
1529.494944	0	0
1529.544949	0	0
1529.594954	0	0
1529.644958	0	0
1529.694963	0	0
1529.744968	0	0
1529.794973	0	0
1529.844978	0	0
1529.894983	0	0
1529.943988	0	0
1529.993993	0	0
1530.043998	0	0
1530.094003	0	0
1530.144008	0	0
1530.194014	0	0
1530.244019	0	0
1530.294024	0	0
1530.344028	0	0
1530.394033	0	0
1530.444038	0	0
1530.494043	0	0
1530.544048	0	0
1530.594053	0	0
1530.644058	0	0
1530.694063	0	0
1530.744068	0	0
1530.794074	0	0
1530.844079	0	0
1530.894083	0	0
1530.944088	0	0
1530.994093	0	0
1531.046099	0	0
1531.094103	0	0
1531.144108	0	0
1531.194113	0	0
1531.244118	0	0
1531.294123	0	0
1531.344128	0	0
1531.394134	0	0
1531.444139	0	0
1531.494143	0	0
1531.544148	0	0
1531.594153	0	0
1531.644158	0	0
1531.694163	0	0
1531.744168	0	0
1531.794173	0	0
1531.844178	0	0
1531.894183	0	0
1531.944189	0	0
1531.994194	0	0
1532.044199	0	0
1532.094203	0	0
1532.144208	0	0
1532.194213	0	0
1532.244218	0	0
1532.294223	0	0
1532.344228	0	0
1532.394233	0	0
1532.444238	0	0
1532.494243	0	0
1532.546248	0	0
1532.594254	0	0
1532.644258	0	0
1532.694263	0	0
1532.744268	0	0
1532.794273	0	0
1532.844278	0	0
1532.894283	0	0
1532.944288	0	0
1532.994293	0	0
1533.044298	0	0
1533.094303	0	0
1533.144309	0	0
1533.194314	0	0
1533.244318	0	0
1533.294323	0	0
1533.344328	0	0
1533.394333	0	0
1533.444338	0	0
1533.494343	0	0
1533.544348	0	0
1533.594353	0	0
1533.644358	0	0
1533.694364	0	0
1533.744369	0	0
1533.794374	0	0
1533.844378	0	0
1533.894383	0	0
1533.944388	0	0
1533.994393	0	0
1534.044398	0	0
1534.094403	0	0
1534.144408	0	0
1534.194413	0	0
1534.244418	0	0
1534.294424	0	0
1534.344429	0	0
1534.394433	0	0
1534.444438	0	0
1534.494443	0	0
1534.544448	0	0
1534.594453	0	0
1534.644458	0	0
1534.694463	0	0
1534.744468	0	0
1534.794473	0	0
1534.844478	0	0
1534.894484	0	0
1534.944489	0	0
1534.994493	0	0
1535.044498	0	0
1535.094503	0	0
1535.144508	0	0
1535.194513	0	0
1535.244518	0	0
1535.294523	0	0
1535.344528	0	0
1535.394533	0	0
1535.444539	0	0
1535.494544	0	0
1535.544549	0	0
1535.594553	0	0
1535.644558	0	0
1535.694563	0	0
1535.744568	0	0
1535.794573	0	0
1535.844578	0	0
1535.894583	0	0
1535.944588	0	0
1535.994593	0	0
1536.044599	0	0
1536.094604	0	0
1536.144608	0	0
1536.194613	0	0
1536.244618	0	0
1536.294623	0	0
1536.344628	0	0
1536.394633	0	0
1536.444638	0	0
1536.494643	0	0
1536.544648	0	0
1536.594653	0	0
1536.644659	0	0
1536.694664	0	0
1536.744668	0	0
1536.794673	0	0
1536.844678	0	0
1536.894683	0	0
1536.944688	0	0
1536.994693	0	0
1537.044698	0	0
1537.094703	0	0
1537.144708	0	0
1537.194714	0	0
1537.244719	0	0
1537.294724	0	0
1537.344728	0	0
1537.394733	0	0
1537.444738	0	16
1537.494743	0	16
1537.544748	0	32
1537.594753	0	72
1537.644758	0	72
1537.694763	0	228
1537.744768	0	300
1537.794774	0	332
1537.844779	0	332
1537.894783	0	332
1537.944788	0	332
1537.994793	0	332
1538.044798	0	332
1538.094803	0	332
1538.144808	0	332
1538.194813	0	332
1538.244818	0	332
1538.294823	0	332
1538.344828	0	332
1538.394834	0	332
1538.444839	0	332
1538.494843	0	332
1538.544848	0	332
1538.594853	0	332
1538.644858	0	332
1538.694863	0	332
1538.744868	0	332
1538.794873	0	332
1538.844878	0	332
1538.894883	0	332
1538.944889	0	332
1538.994894	0	332
1539.044899	0	332
1539.094903	0	332
1539.144908	0	332
1539.194913	0	120
1539.244918	0	96
1539.294923	0	96
1539.344928	0	96
1539.394933	0	96
1539.446939	0	96
1539.494943	0	96
1539.544949	0	96
1539.594954	0	96
1539.644958	0	96
1539.694963	0	96
1539.744968	0	96
1539.794973	0	96
1539.844978	0	96
1539.894983	0	96
1539.944988	0	96
1539.994993	0	96
1540.045999	0	96
1540.095003	0	96
1540.145009	0	96
1540.195014	0	96
1540.245018	0	96
1540.295023	0	96
1540.345028	0	96
1540.395033	0	96
1540.445038	0	96
1540.495043	0	96
1540.545048	0	96
1540.595053	0	96
1540.645058	0	96
1540.695064	0	96
1540.745069	0	96
1540.795074	0	96
1540.845078	0	96
1540.895083	0	96
1540.945088	0	96
1540.995093	0	96
1541.045098	0	96
1541.095103	0	96
1541.145108	0	96
1541.195113	0	96
1541.245118	0	96
1541.295124	0	96
1541.345129	0	96
1541.395133	0	96
1541.445138	0	96
1541.495143	0	96
1541.545148	0	96
1541.595153	0	96
1541.645158	0	96
1541.695163	0	96
1541.745168	0	96
1541.795173	0	96
1541.845178	0	96
1541.895184	0	96
1541.945189	0	96
1541.995193	0	96
1542.045198	0	96
1542.095203	0	96
1542.145208	0	96
1542.195213	0	96
1542.246219	0	96
1542.295223	0	96
1542.345228	0	96
1542.395233	0	96
1542.445239	0	96
1542.495244	0	96
1542.545249	0	96
1542.595253	0	96
1542.645258	0	96
1542.695263	0	96
1542.745268	0	120
1542.795273	0	160
1542.845278	0	168
1542.895283	0	180
1542.945288	0	180
1542.995293	0	180
1543.046299	0	180
1543.095304	0	244
1543.145308	0	284
1543.195313	0	284
1543.245318	0	292
1543.295323	0	340
1543.345328	0	352
1543.395333	0	488
1543.445338	0	540
1543.495343	0	540
1543.545348	0	540
1543.595353	0	540
1543.645359	0	540
1543.695364	0	540
1543.745368	0	540
1543.795373	0	540
1543.845378	0	540
1543.895383	0	540
1543.945388	0	540
1543.995393	0	596
1544.045398	0	596
1544.095403	0	660
1544.145408	0	660
1544.195414	0	668
1544.245419	0	668
1544.295424	0	676
1544.345428	0	676
1544.395433	0	676
1544.445438	0	676
1544.495443	0	676
1544.546448	0	676
1544.595453	0	676
1544.645458	0	676
1544.695463	0	676
1544.745468	0	676
1544.795474	0	676
1544.845479	0	676
1544.895483	0	712
1544.945488	0	728
1544.995493	0	768
1545.045498	0	768
1545.095503	0	808
1545.145508	0	808
1545.195513	0	876
1545.245518	0	924
1545.295523	0	948
1545.345528	0	948
1545.395534	0	948
1545.445539	0	948
1545.495543	0	948
1545.545548	0	948
1545.595553	0	948
1545.645558	0	948
1545.695563	0	948
1545.745568	0	948
1545.795573	0	948
1545.845578	0	948
1545.895583	0	948
1545.945589	0	948
1545.995594	0	948
1546.045599	0	948
1546.095603	0	948
1546.145608	0	948
1546.195613	0	948
1546.245618	0	948
1546.295623	0	948
1546.345628	0	948
1546.395633	0	948
1546.445638	0	948
1546.495643	0	948
1546.545649	0	948
1546.595654	0	948
1546.645658	0	948
1546.695663	0	948
1546.745668	0	948
1546.795673	0	948
1546.845678	0	948
1546.895683	0	948
1546.945688	0	948
1546.995693	0	948
1547.045698	0	948
1547.095703	0	948
1547.145709	0	948
1547.195714	0	948
1547.245718	0	948
1547.295723	0	948
1547.345728	0	948
1547.395733	0	948
1547.444738	0	948
1547.494743	0	948
1547.546749	0	948
1547.594753	0	948
1547.644758	0	948
1547.694763	0	948
1547.744768	0	948
1547.794773	0	948
1547.845778	0	948
1547.894783	0	948
1547.944788	0	948
1547.994793	0	948
1548.044798	0	948
1548.094803	0	948
1548.144808	0	948
1548.194813	0	948
1548.244818	0	948
1548.294823	0	948
1548.344828	0	948
1548.394833	0	948
1548.444838	0	948
1548.494843	0	948
1548.544848	0	948
1548.594853	0	948
1548.644858	0	948
1548.694863	0	948
1548.744868	0	948
1548.794873	0	948
1548.844878	0	948
1548.894883	0	948
1548.944888	0	948
1548.994893	0	948
1549.044898	0	948
1549.094903	0	948
1549.144908	0	948
1549.194913	0	948
1549.244918	0	948
1549.294923	0	948
1549.345928	0	948
1549.394933	0	948
1549.444938	0	948
1549.494943	0	948
1549.544948	0	948
1549.594953	0	948
1549.644958	0	948
1549.694963	0	948
1549.744968	0	948
1549.794973	0	948
1549.844978	0	948
1549.894983	0	948
1549.944988	0	948
1549.994993	0	948
1550.044998	0	948
1550.095003	0	948
1550.145008	0	948
1550.195013	0	948
1550.245018	0	948
1550.295023	0	948
1550.345028	0	948
1550.395033	0	948
1550.445038	0	948
1550.495043	0	948
1550.545048	0	948
1550.595053	0	948
1550.645058	0	948
1550.695063	0	948
1550.745068	0	948
1550.795073	0	948
1550.845078	0	948
1550.895083	0	948
1550.945088	0	948
1550.995093	0	948
1551.045098	0	948
1551.095103	0	948
1551.145108	0	948
1551.195113	0	948
1551.245118	0	948
1551.295123	0	948
1551.345128	0	948
1551.395133	0	948
1551.445138	0	948
1551.495143	0	948
1551.545148	0	948
1551.595153	0	948
1551.645158	0	948
1551.695163	0	948
1551.745168	0	948
1551.795173	0	948
1551.845178	0	948
1551.895183	0	948
1551.945188	0	948
1551.995193	0	948
1552.045198	0	948
1552.095203	0	948
1552.145208	0	948
1552.195213	0	948
1552.245218	0	948
1552.295223	0	948
1552.346228	0	948
1552.395233	0	948
1552.445238	0	948
1552.495243	0	948
1552.545248	0	948
1552.595253	0	948
1552.647258	0	948
1552.695263	0	948
1552.745268	0	948
1552.795273	0	948
1552.845278	0	948
1552.895283	0	948
1552.945288	0	948
1552.995293	0	948
1553.045298	0	948
1553.095303	0	948
1553.145308	0	948
1553.195313	0	948
1553.245318	0	948
1553.295323	0	948
1553.345328	0	948
1553.395333	0	948
1553.445338	0	948
1553.495343	0	948
1553.545348	0	948
1553.595353	0	948
1553.645358	0	948
1553.695363	0	948
1553.745368	0	948
1553.795373	0	948
1553.846378	0	948
1553.895383	0	948
1553.945388	0	948
1553.995393	0	948
1554.045398	0	948
1554.095403	0	948
1554.146409	0	948
1554.195413	0	948
1554.245418	0	948
1554.295423	0	948
1554.345428	0	948
1554.395433	0	948
1554.445438	0	948
1554.495443	0	948
1554.545448	0	948
1554.595453	0	948
1554.645458	0	948
1554.695463	0	948
1554.745468	0	948
1554.795473	0	948
1554.845478	0	948
1554.895483	0	948
1554.945488	0	948
1554.995493	0	948
1555.045498	0	948
1555.095503	0	948
1555.145508	0	948
1555.195513	0	948
1555.245518	0	956
1555.295523	0	972
1555.345528	0	1004
1555.395533	0	1004
1555.445538	0	1004
1555.495543	0	1004
1555.545548	0	1004
1555.595553	0	1004
1555.645558	0	1004
1555.695563	0	1004
1555.745568	0	1004
1555.795573	0	1004
1555.845578	0	1004
1555.895583	0	1004
1555.945588	0	1004
1555.995593	0	1004
1556.045598	0	1004
1556.095603	0	1028
1556.145608	0	1028
1556.195613	0	1028
1556.245618	0	1028
1556.295623	0	1028
1556.345628	0	1028
1556.395633	0	1028
1556.445638	0	1028
1556.495643	0	1028
1556.547648	0	1028
1556.595653	0	1028
1556.645658	0	1028
1556.695663	0	1028
1556.745668	0	1028
1556.795673	0	1028
1556.845678	0	1028
1556.895683	0	1028
1556.945688	0	1028
1556.995693	0	1028
1557.045698	0	1036
1557.095703	0	1036
1557.145708	0	1036
1557.195713	0	1036
1557.245718	0	1036
1557.295723	0	1036
1557.345728	0	1036
1557.395733	0	1036
1557.445738	0	1036
1557.495743	0	1036
1557.545748	0	1036
1557.595753	0	1036
1557.645758	0	1036
1557.695763	0	1036
1557.745768	0	1036
1557.795773	0	1036
1557.845778	0	1036
1557.895783	0	1036
1557.945788	0	1036
1557.995793	0	1036
1558.045798	0	1036
1558.095803	0	1036
1558.145808	0	1036
1558.195813	0	1036
1558.245818	0	1036
1558.295823	0	1036
1558.345828	0	1036
1558.395833	0	1036
1558.445838	0	1036
1558.495843	0	1036
1558.545848	0	1036
1558.595853	0	1036
1558.645858	0	1036
1558.695863	0	1036
1558.745868	0	1036
1558.795873	0	1036
1558.845878	0	1036
1558.895883	0	1036
1558.945888	0	1036
1558.995893	0	1036
1559.045898	0	1036
1559.095903	0	1036
1559.145908	0	1036
1559.195913	0	1036
1559.245918	0	1036
1559.295923	0	1036
1559.345928	0	1036
1559.395933	0	1036
1559.445938	0	1036
1559.495943	0	1036
1559.545948	0	1036
1559.595953	0	1036
1559.645958	0	1036
1559.695963	0	1036
1559.745968	0	1036
1559.795973	0	1036
1559.845978	0	1036
1559.895983	0	1036
1559.945988	0	1036
1559.995993	0	1036
1560.045998	0	1036
1560.096003	0	1036
1560.146008	0	1036
1560.196013	0	1036
1560.246018	0	1036
1560.296023	0	1036
1560.346028	0	1036
1560.396033	0	916
1560.446038	0	760
1560.496043	0	620
1560.546048	0	0
1560.596053	0	0
1560.646058	0	0
1560.696063	0	0
1560.746068	0	0
1560.796073	0	0
1560.846078	0	0
1560.896083	0	0
1560.946088	0	0
1560.996093	0	0
1561.046098	0	0
1561.096103	0	0
1561.146108	0	0
1561.196113	0	0
1561.246118	0	0
1561.296123	0	0
1561.346128	0	0
1561.396133	0	0
1561.446138	0	0
1561.496143	0	0
1561.546148	0	0
1561.596153	0	0
1561.646158	0	0
1561.696163	0	0
1561.746168	0	0
1561.796173	0	0
1561.846178	0	0
1561.896183	0	0
1561.946188	0	0
1561.996193	0	0
1562.046198	0	0
1562.096203	0	0
1562.146208	0	0
1562.196213	0	0
1562.246218	0	0
1562.296223	0	0
1562.346228	0	0
1562.396233	0	0
1562.446238	0	0
1562.496243	0	0
1562.546248	0	120
1562.596253	0	196
1562.646258	0	196
1562.696263	0	40
1562.746268	0	0
1562.796273	0	0
1562.846278	0	0
1562.896283	0	0
1562.946288	0	0
1562.996293	0	0
1563.046298	0	0
1563.096303	0	0
1563.146308	0	0
1563.196313	0	0
1563.246318	0	0
1563.296323	0	0
1563.346328	0	0
1563.396333	0	0
1563.446338	0	0
1563.496343	0	284
1563.546348	0	352
1563.596353	0	352
1563.646358	0	352
1563.696363	0	120
1563.746368	0	0
1563.796373	0	0
1563.846378	0	0
1563.896383	0	0
1563.946388	0	0
1563.996393	0	0
1564.046398	0	0
1564.096403	0	0
1564.146408	0	0
1564.196413	0	128
1564.246418	0	152
1564.296423	0	188
1564.346428	0	212
1564.396433	0	260
1564.446438	0	332
1564.496443	0	524
1564.546448	0	532
1564.596453	0	612
1564.646458	0	668
1564.696463	0	668
1564.746468	0	736
1564.796473	0	736
1564.846478	0	736
1564.895483	0	736
1564.945488	0	736
1564.995493	0	736
1565.045498	0	736
1565.095503	0	736
1565.145508	0	736
1565.195513	0	736
1565.246518	0	736
1565.295523	0	736
1565.345528	0	900
1565.395533	0	1260
1565.445538	0	1316
1565.495543	0	1400
1565.549549	0	1456
1565.595553	0	1512
1565.645558	0	1512
1565.695563	0	1512
1565.745568	0	1512
1565.795573	0	1512
1565.846578	0	1512
1565.895583	0	1512
1565.945588	0	1512
1565.995593	0	1512
1566.045598	0	1512
1566.095603	0	1512
1566.145608	0	1512
1566.195613	0	1512
1566.245618	0	1512
1566.295623	0	1512
1566.345628	0	1512
1566.395633	0	1512
1566.445638	0	1512
1566.495643	0	1512
1566.545648	0	1512
1566.595653	0	1512
1566.645658	0	1512
1566.695663	0	1408
1566.745668	0	1276
1566.795673	0	1192
1566.845678	0	1176
1566.895683	0	1176
1566.945688	0	1176
1566.995693	0	1176
1567.045698	0	1176
1567.095703	0	1176
1567.145708	0	1176
1567.195713	0	1176
1567.245718	0	1176
1567.295723	0	1488
1567.345728	809	1756
1567.395733	1289	2148
1567.445738	1585	2376
1567.495743	1989	2504
1567.545748	2345	2636
1567.595753	2721	2812
1567.645758	2989	2988
1567.695763	3225	3084
1567.745768	3465	3228
1567.795773	3789	3352
1567.845778	4113	3476
1567.895783	4349	3592
1567.945788	4537	3688
1567.995793	4661	3768
1568.045798	4689	3824
1568.095803	4689	3852
1568.145808	4689	3852
1568.195813	4689	3852
1568.245818	4689	3852
1568.295823	4689	3852
1568.345828	4421	3852
1568.395833	3725	3852
1568.445838	2817	3852
1568.495843	1521	3852
1568.545848	-292	3604
1568.595853	-988	3452
1568.645858	-1008	3344
1568.695863	-1064	3276
1568.745868	-1416	3156
1568.795873	-2120	2820
1568.845878	-2608	2712
1568.895883	-3180	2636
1568.945888	-4084	2624
1568.995893	-5516	2624
1569.045898	-7168	2624
1569.095903	-9272	2624
1569.145908	-10656	2728
1569.195913	-11748	2980
1569.245918	-11928	3052
1569.295923	-11960	3092
1569.345928	-12096	3156
1569.395933	-12436	3236
1569.445938	-12744	3288
1569.495943	-13120	3312
1569.545948	-13836	3320
1569.595953	-14628	3336
1569.645958	-15296	3416
1569.695963	-15956	3464
1569.745968	-16620	3516
1569.795973	-17188	3608
1569.845978	-17580	3672
1569.895983	-17640	3708
1569.945988	-17640	3760
1569.995993	-17640	3804
1570.045998	-17640	3892
1570.096003	-17344	4008
1570.146008	-16844	4156
1570.196013	-15648	4356
1570.246018	-14404	4444
1570.296023	-11692	4476
1570.347028	-10108	4476
1570.396033	-7140	4476
1570.446038	-4496	4464
1570.496043	-2324	3912
1570.546048	-1740	3568
1570.596053	-1704	3468
1570.646058	-1704	3408
1570.696063	-1608	3232
1570.746068	-1408	2868
1570.796073	-1228	2412
1570.846078	-1144	2028
1570.896083	-1132	1748
1570.946088	0	712
1570.996093	0	0
1571.046098	0	0
1571.096103	0	0
1571.146108	0	0
1571.196113	0	0
1571.246118	0	0
1571.296123	0	0
1571.346128	0	0
1571.396133	0	0
1571.446138	0	0
1571.496143	0	0
1571.546148	0	0
1571.596153	0	0
1571.646158	0	0
1571.696163	0	0
1571.746168	0	0
1571.796173	0	0
1571.847178	0	0
1571.896183	0	0
1571.946188	0	0
1571.996193	0	0
1572.046198	0	0
1572.096203	0	0
1572.146208	0	0
1572.196213	0	0
1572.246218	0	0
1572.296223	0	0
1572.346228	0	0
1572.396233	0	0
1572.446238	0	0
1572.496243	0	0
1572.546248	0	0
1572.596253	0	0
1572.646258	0	0
1572.696263	0	0
1572.746268	0	0
1572.796273	0	0
1572.846278	0	0
1572.896283	0	0
1572.946288	0	0
1572.996293	0	0
1573.048298	0	0
1573.096303	0	0
1573.146308	0	0
1573.196313	0	0
1573.246318	0	0
1573.296323	0	0
1573.347328	0	0
1573.396333	0	0
1573.446338	0	0
1573.496343	0	0
1573.546348	0	0
1573.596353	0	0
1573.646358	0	0
1573.696363	0	0
1573.746368	0	0
1573.796373	0	0
1573.846378	0	0
1573.896383	0	0
1573.946388	0	0
1573.996393	0	0
1574.046398	0	0
1574.096403	0	0
1574.146408	0	0
1574.196413	0	0
1574.246418	0	0
1574.296423	0	0
1574.346428	0	0
1574.396433	0	0
1574.446438	0	0
1574.496443	0	0
1574.547448	0	0
1574.596453	0	0
1574.646458	0	0
1574.696463	0	0
1574.746468	0	0
1574.796473	0	0
1574.846478	0	0
1574.896483	0	0
1574.946488	0	0
1574.996493	0	0
1575.046498	0	0
1575.096503	0	0
1575.146508	0	0
1575.196513	0	0
1575.246518	0	0
1575.296523	0	0
1575.346528	0	0
1575.396533	0	0
1575.446538	0	0
1575.496543	0	0
1575.546548	0	0
1575.596553	0	0
1575.646558	0	0
1575.696563	0	0
1575.746568	0	0
1575.796573	0	0
1575.846578	0	0
1575.896583	0	0
1575.946588	0	0
1575.996593	0	0
1576.046598	0	0
1576.096603	0	0
1576.146608	0	0
1576.196613	0	0
1576.246618	0	0
1576.296623	0	0
1576.346628	0	0
1576.396633	0	0
1576.446638	0	0
1576.496643	0	0
1576.546648	0	96
1576.596653	0	228
1576.646658	0	276
1576.696663	0	276
1576.746668	0	276
1576.796673	0	276
1576.846678	0	276
1576.896683	0	276
1576.946688	0	276
1576.996693	0	276
1577.046698	0	276
1577.096703	0	300
1577.146708	0	300
1577.196713	0	300
1577.246718	0	300
1577.296723	0	300
1577.346728	0	300
1577.396733	0	308
1577.446738	0	324
1577.496743	0	360
1577.546748	0	368
1577.596753	0	392
1577.646758	0	392
1577.696763	0	392
1577.746768	0	392
1577.796773	0	392
1577.846778	0	432
1577.896783	0	676
1577.946788	0	840
1577.996793	0	892
1578.046798	0	916
1578.096803	0	932
1578.146808	0	932
1578.196813	0	932
1578.246818	0	932
1578.296823	0	932
1578.346828	0	932
1578.396833	0	932
1578.446838	0	932
1578.496843	0	932
1578.546848	0	932
1578.596853	0	932
1578.646858	0	932
1578.696863	0	932
1578.746868	0	932
1578.796873	0	932
1578.846878	0	932
1578.896883	0	932
1578.946888	0	932
1578.996893	0	932
1579.046898	0	932
1579.096903	0	932
1579.146908	0	932
1579.196913	0	932
1579.246918	0	932
1579.296923	0	932
1579.346928	0	932
1579.396933	0	932
1579.446938	0	932
1579.496943	0	932
1579.546948	0	932
1579.596953	0	932
1579.646958	0	932
1579.696963	0	932
1579.746968	0	932
1579.796973	0	932
1579.846978	0	932
1579.896983	0	932
1579.946988	0	932
1579.996993	0	932
1580.046998	0	932
1580.097003	0	932
1580.147008	0	932
1580.197013	0	932
1580.247018	0	932
1580.297023	0	932
1580.347028	0	932
1580.397033	0	932
1580.447038	0	932
1580.497043	0	932
1580.548048	0	932
1580.597053	0	932
1580.647058	0	932
1580.697063	0	932
1580.747068	0	900
1580.797073	0	876
1580.847078	0	876
1580.897083	0	784
1580.947088	0	736
1580.997093	0	704
1581.047098	0	692
1581.097103	0	676
1581.147108	0	588
1581.197113	0	472
1581.247118	0	360
1581.297123	0	360
1581.347128	0	360
1581.397133	0	360
1581.447138	0	284
1581.497143	0	244
1581.552149	0	244
1581.597153	0	244
1581.647158	0	244
1581.697163	0	244
1581.747168	0	244
1581.797173	0	244
1581.847178	0	244
1581.897183	0	72
1581.947188	0	72
1581.997193	0	72
1582.047198	0	72
1582.097203	0	72
1582.147208	0	72
1582.197213	0	72
1582.247218	0	72
1582.297223	0	72
1582.347228	0	72
1582.396233	0	72
1582.446238	0	72
1582.496243	0	72
1582.546248	0	72
1582.596253	0	72
1582.646258	0	72
1582.696263	0	72
1582.746268	0	72
1582.796273	0	72
1582.846278	0	72
1582.896283	0	72
1582.946288	0	72
1582.996293	0	72
1583.046298	0	72
1583.096303	0	72
1583.146308	0	72
1583.196313	0	72
1583.246318	0	72
1583.296323	0	72
1583.346328	0	72
1583.396333	0	72
1583.446338	0	72
1583.496343	0	72
1583.548348	0	72
1583.596353	0	72
1583.646358	0	72
1583.696363	0	72
1583.746368	0	72
1583.796373	0	72
1583.846378	0	72
1583.896383	0	72
1583.946388	0	72
1583.996393	0	72
1584.046398	0	72
1584.096403	0	72
1584.146408	0	72
1584.196413	0	72
1584.246418	0	72
1584.296423	0	72
1584.346428	0	72
1584.396433	0	72
1584.446438	0	72
1584.496443	0	72
1584.546448	0	72
1584.596453	0	72
1584.646458	0	72
1584.696463	0	72
1584.746468	0	72
1584.796473	0	72
1584.846478	0	72
1584.896483	0	72
1584.946488	0	72
1584.996493	0	72
1585.047498	0	72
1585.096503	0	72
1585.146508	0	72
1585.196513	0	72
1585.246518	0	72
1585.296523	0	72
1585.346528	0	72
1585.396533	0	72
1585.446538	0	72
1585.496543	0	72
1585.546548	0	72
1585.596553	0	72
1585.646558	0	72
1585.696563	0	72
1585.746568	0	72
1585.796573	0	72
1585.846578	0	72
1585.896583	0	72
1585.946588	0	72
1585.996593	0	72
1586.046598	0	72
1586.096603	0	72
1586.146608	0	72
1586.196613	0	72
1586.246618	0	72
1586.296623	0	72
1586.346628	0	72
1586.396633	0	72
1586.446638	0	72
1586.496643	0	72
1586.546648	0	72
1586.596653	0	72
1586.646658	0	72
1586.696663	0	72
1586.746668	0	72
1586.796673	0	72
1586.846678	0	72
1586.896683	0	72
1586.946688	0	72
1586.996693	0	72
1587.046698	0	72
1587.096703	0	72
1587.146708	0	72
1587.196713	0	160
1587.246718	0	160
1587.296723	0	160
1587.346728	0	160
1587.396733	0	160
1587.446738	0	160
1587.496743	0	196
1587.546748	0	244
1587.596753	0	244
1587.646758	0	244
1587.696763	0	244
1587.746768	0	244
1587.796773	0	268
1587.846778	0	268
1587.896783	0	268
1587.946788	0	268
1587.996793	0	268
1588.046798	0	308
1588.096803	0	308
1588.146808	0	308
1588.196813	0	308
1588.246818	0	308
1588.296823	0	308
1588.346828	0	308
1588.396833	0	308
1588.446838	0	308
1588.496843	0	308
1588.546848	0	308
1588.596853	0	308
1588.646858	0	308
1588.696863	0	308
1588.746868	0	308
1588.796873	0	308
1588.846878	0	308
1588.896883	0	308
1588.946888	0	332
1588.996893	0	368
1589.046898	0	368
1589.096903	0	368
1589.146908	0	368
1589.196913	0	368
1589.246918	0	368
1589.296923	0	368
1589.346928	0	368
1589.396933	0	368
1589.446938	0	368
1589.496943	0	368
1589.546948	0	368
1589.596953	0	368
1589.646958	0	368
1589.696963	0	368
1589.746968	0	368
1589.796973	0	368
1589.846978	0	368
1589.896983	0	368
1589.946988	0	368
1589.996993	0	368
1590.046998	0	368
1590.097003	0	368
1590.147008	0	368
1590.197013	0	368
1590.247018	0	368
1590.297023	0	368
1590.347028	0	368
1590.397033	0	368
1590.447038	0	368
1590.497043	0	368
1590.547048	0	416
1590.597053	0	480
1590.647058	0	480
1590.697063	0	504
1590.747068	0	504
1590.797073	0	504
1590.847078	0	504
1590.897083	0	504
1590.947088	0	504
1590.997093	0	504
1591.047098	0	504
1591.097103	0	504
1591.147108	0	504
1591.197113	0	504
1591.247118	0	504
1591.297123	0	504
1591.347128	0	504
1591.397133	0	504
1591.447138	0	504
1591.497143	0	504
1591.547148	0	504
1591.597153	0	504
1591.647158	0	504
1591.697163	0	504
1591.747168	0	504
1591.797173	0	504
1591.847178	0	504
1591.897183	0	504
1591.947188	0	504
1591.997193	0	504
1592.047198	0	504
1592.097203	0	504
1592.147208	0	504
1592.197213	0	504
1592.247218	0	504
1592.297223	0	504
1592.347228	0	504
1592.397233	0	504
1592.447238	0	504
1592.497243	0	504
1592.547248	0	504
1592.597253	0	504
1592.647258	0	504
1592.697263	0	504
1592.747268	0	504
1592.797273	0	504
1592.847278	0	504
1592.897283	0	504
1592.947288	0	504
1592.997293	0	504
1593.047298	0	504
1593.097303	0	504
1593.147308	0	504
1593.197313	0	504
1593.247318	0	504
1593.297323	0	504
1593.347328	0	504
1593.397333	0	504
1593.447338	0	504
1593.497343	0	504
1593.547348	0	504
1593.597353	0	504
1593.647358	0	504
1593.697363	0	504
1593.747368	0	504
1593.797373	0	504
1593.847378	0	504
1593.897383	0	504
1593.947388	0	504
1593.997393	0	540
1594.047398	0	540
1594.097403	0	540
1594.147408	0	572
1594.197413	0	620
1594.247418	0	660
1594.297423	0	684
1594.348428	0	816
1594.397433	0	832
1594.447438	0	940
1594.497443	0	1004
1594.547448	0	1028
1594.597453	0	1112
1594.647458	0	1112
1594.697463	0	1112
1594.747468	0	1112
1594.797473	0	1112
1594.847478	0	1112
1594.897483	0	1112
1594.947488	0	1112
1594.997493	0	1112
1595.047498	0	1112
1595.097503	0	1112
1595.147508	0	1112
1595.197513	0	1112
1595.247518	0	1112
1595.297523	0	1112
1595.347528	0	1112
1595.397533	0	1112
1595.447538	0	1112
1595.497543	0	1112
1595.547548	0	1112
1595.597553	0	1112
1595.647558	0	1112
1595.697563	0	1112
1595.747568	0	1112
1595.797573	0	1112
1595.847578	0	1112
1595.897583	0	1112
1595.947588	0	1112
1595.997593	0	1112
1596.047598	0	1112
1596.097603	0	1112
1596.147608	0	1112
1596.197613	0	1112
1596.247618	0	1112
1596.297623	0	1112
1596.347628	0	1112
1596.397633	0	1112
1596.447638	0	1112
1596.497643	0	1112
1596.547648	0	1112
1596.597653	0	1112
1596.647658	0	1112
1596.697663	0	1112
1596.747668	0	1112
1596.797673	0	1112
1596.847678	0	1112
1596.897683	0	1112
1596.947688	0	1112
1596.997693	0	1112
1597.047698	0	1112
1597.097703	0	1112
1597.147708	0	1112
1597.197713	0	1112
1597.247718	0	1112
1597.297723	0	1112
1597.347728	0	1112
1597.397733	0	1112
1597.447738	0	1112
1597.497743	0	1112
1597.547748	0	1112
1597.597753	0	1112
1597.647758	0	1112
1597.697763	0	1112
1597.747768	0	1112
1597.797773	0	1112
1597.847778	0	1112
1597.897783	0	1112
1597.947788	0	1112
1597.997793	0	1112
1598.047798	0	1112
1598.097803	0	1112
1598.147808	0	1112
1598.197813	0	1112
1598.247818	0	1112
1598.297823	0	1112
1598.347828	0	1112
1598.397833	0	1112
1598.447838	0	1112
1598.497843	0	1112
1598.547848	0	1112
1598.597853	0	1112
1598.647858	0	1112
1598.697863	0	1112
1598.747868	0	1112
1598.797873	0	1112
1598.848878	0	1112
1598.897883	0	1112
1598.947888	0	1112
1598.997893	0	1112
1599.047898	0	1112
1599.097903	0	1112
1599.147908	0	1112
1599.197913	0	1112
1599.247918	0	1112
1599.297923	0	1112
1599.347928	0	1112
1599.397933	0	1112
1599.447938	0	1112
1599.497943	0	1112
1599.547948	0	1112
1599.597953	0	1112
1599.647958	0	1112
1599.697963	0	1112
1599.747968	0	1112
1599.797973	0	1112
1599.847978	0	1112
1599.896983	0	1112
1599.946988	0	1112
1599.996993	0	1112
1600.046998	0	1112
1600.097003	0	1112
1600.147008	0	1112
1600.197013	0	1112
1600.247018	0	1112
1600.297023	0	1112
1600.347028	0	1112
1600.397033	0	1112
1600.447038	0	1112
1600.497043	0	1112
1600.547048	0	1112
1600.597053	0	1112
1600.647058	0	1112
1600.697063	0	1112
1600.747068	0	1112
1600.797073	0	1112
1600.847078	0	1112
1600.897083	0	1112
1600.947088	0	1112
1600.997093	0	1112
1601.047098	0	1112
1601.097103	0	1112
1601.147108	0	1112
1601.197113	0	1112
1601.247118	0	1112
1601.297123	0	1112
1601.347128	0	1112
1601.397133	0	1112
1601.447138	0	1112
1601.497143	0	1112
1601.547148	0	1112
1601.597153	0	1112
1601.647158	0	1112
1601.697163	0	1112
1601.747168	0	1112
1601.797173	0	1112
1601.847178	0	1112
1601.897183	0	1112
1601.947188	0	1112
1601.997193	0	892
1602.047198	0	596
1602.097203	0	252
1602.147208	0	128
1602.197213	0	88
1602.247218	0	0
1602.297223	0	0
1602.347228	0	0
1602.397233	0	0
1602.447238	0	0
1602.497243	0	0
1602.547248	0	0
1602.597253	0	0
1602.647258	0	0
1602.697263	0	0
1602.747268	0	0
1602.797273	0	0
1602.847278	0	0
1602.897283	0	0
1602.947288	0	0
1602.997293	0	0
1603.047298	0	0
1603.097303	0	0
1603.147308	0	0
1603.197313	0	0
1603.247318	0	0
1603.297323	0	0
1603.347328	0	0
1603.397333	0	0
1603.447338	0	0
1603.497343	0	0
1603.547348	0	0
1603.597353	0	0
1603.647358	0	0
1603.697363	0	0
1603.747368	0	0
1603.797373	0	0
1603.847378	0	0
1603.897383	0	0
1603.947388	0	0
1603.997393	0	0
1604.047398	0	0
1604.097403	0	0
1604.147408	0	0
1604.197413	0	0
1604.247418	0	0
1604.297423	0	0
1604.347428	0	0
1604.397433	0	0
1604.447438	0	0
1604.497443	0	0
1604.547448	0	8
1604.597453	0	64
1604.647458	0	72
1604.697463	0	80
1604.747468	0	128
1604.797473	0	188
1604.847478	0	204
1604.897483	0	268
1604.947488	0	268
1604.997493	0	268
1605.047498	0	268
1605.097503	0	268
1605.147508	0	276
1605.197513	0	292
1605.247518	0	324
1605.297523	0	324
1605.347528	0	324
1605.397533	0	324
1605.447538	0	324
1605.497543	0	324
1605.547548	0	324
1605.597553	0	400
1605.647558	0	400
1605.697563	0	400
1605.747568	0	400
1605.797573	0	400
1605.847578	0	400
1605.897583	0	400
1605.947588	0	400
1605.997593	0	400
1606.047598	0	400
1606.097603	0	400
1606.147608	0	400
1606.197613	0	416
1606.247618	0	416
1606.297623	0	456
1606.347628	0	456
1606.397633	0	464
1606.447638	0	464
1606.497643	0	464
1606.547648	0	464
1606.597653	0	488
1606.647658	0	488
1606.697663	0	488
1606.747668	0	488
1606.797673	0	532
1606.847678	0	532
1606.897683	0	532
1606.947688	0	532
1606.997693	0	532
1607.047698	0	532
1607.097703	0	532
1607.147708	0	532
1607.197713	0	532
1607.247718	0	532
1607.297723	0	532
1607.347728	0	532
1607.397733	0	532
1607.447738	0	532
1607.497743	0	532
1607.547748	0	532
1607.597753	0	532
1607.647758	0	532
1607.697763	0	532
1607.747768	0	532
1607.797773	0	532
1607.847778	0	532
1607.897783	0	532
1607.947788	0	532
1607.997793	0	532
1608.047798	0	532
1608.097803	0	532
1608.147808	0	532
1608.197813	0	532
1608.247818	0	532
1608.297823	0	532
1608.347828	0	532
1608.397833	0	532
1608.447838	0	532
1608.497843	0	532
1608.552848	0	532
1608.597853	0	532
1608.647858	0	532
1608.697863	0	532
1608.747868	0	532
1608.797873	0	532
1608.847878	0	532
1608.897883	0	532
1608.947888	0	532
1608.997893	0	532
1609.047898	0	532
1609.097903	0	532
1609.147908	0	532
1609.197913	0	532
1609.247918	0	532
1609.297923	0	532
1609.347928	0	532
1609.397933	0	532
1609.447938	0	532
1609.497943	0	532
1609.547948	0	532
1609.597953	0	532
1609.647958	0	532
1609.697963	0	532
1609.747968	0	532
1609.797973	0	532
1609.847978	0	532
1609.897983	0	532
1609.947988	0	532
1609.997993	0	532
1610.047998	0	532
1610.098003	0	532
1610.148008	0	532
1610.198013	0	532
1610.248018	0	532
1610.298023	0	532
1610.348028	0	532
1610.398033	0	532
1610.448038	0	532
1610.498043	0	0
1610.548048	0	0
1610.598053	0	0
1610.648058	0	0
1610.698063	0	0
1610.748068	0	0
1610.798073	0	0
1610.848078	0	0
1610.898083	0	0
1610.948088	0	0
1610.998093	0	0
1611.048098	0	0
1611.098103	0	0
1611.148108	0	0
1611.198113	0	0
1611.248118	0	0
1611.298123	0	0
1611.348128	0	0
1611.398133	0	0
1611.448138	0	0
1611.498143	0	0
1611.548148	0	0
1611.598153	0	0
1611.648158	0	0
1611.698163	0	0
1611.748168	0	0
1611.798173	0	0
1611.848178	0	0
1611.898183	0	0
1611.948188	0	0
1611.998193	0	0
1612.048198	0	0
1612.098203	0	24
1612.148208	0	228
1612.198213	0	628
1612.248218	0	752
1612.298223	0	972
1612.348228	0	1144
1612.398233	0	1276
1612.448238	0	1332
1612.498243	0	1332
1612.548248	0	1332
1612.598253	0	1380
1612.648258	0	1424
1612.698263	0	1424
1612.748268	0	1424
1612.798273	0	1424
1612.848278	0	1424
1612.898283	0	1424
1612.948288	0	1424
1612.998293	0	1424
1613.048298	0	1424
1613.098303	0	1424
1613.148308	0	1424
1613.198313	0	1424
1613.248318	0	1424
1613.298323	0	1424
1613.348328	0	1424
1613.398333	0	1424
1613.448338	0	1560
1613.498343	-296	1652
1613.548348	-320	1664
1613.598353	-332	1692
1613.648358	-332	1788
1613.698363	-392	1856
1613.748368	-404	1892
1613.798373	-420	1892
1613.848378	-420	1892
1613.898383	-420	1892
1613.948388	-420	1892
1613.998393	-420	1892
1614.048398	-420	1892
1614.098403	-420	1892
1614.148408	-420	1892
1614.198413	-420	1892
1614.248418	-424	1912
1614.298423	-424	1912
1614.348428	-436	1912
1614.398433	-436	1912
1614.448438	-436	1932
1614.498443	-436	1932
1614.548448	-436	1932
1614.598453	-436	1936
1614.648458	-436	1936
1614.698463	-436	1956
1614.748468	-436	1960
1614.798473	-436	1960
1614.848478	-436	1972
1614.898483	-436	1976
1614.990492	-436	1976
1614.998493	-444	1976
1615.048498	-444	1976
1615.121505	-444	1976
1615.148508	-444	1976
1615.198513	-444	1976
1615.248518	-444	1976
1615.298523	-448	1976
1615.348528	-448	1976
1615.398533	-448	1976
1615.448538	-448	1976
1615.498543	-448	1976
1615.548548	-448	1976
1615.598553	-448	1976
1615.648558	-448	1976
1615.698563	-448	1976
1615.748568	-448	1976
1615.798573	-452	1976
1615.848578	-452	1976
1615.898583	-452	1976
1615.948588	-452	1976
1615.998593	-452	1976
1616.048598	-452	1976
1616.098603	-452	1984
1616.148608	-452	1984
1616.198613	-452	1988
1616.248618	-452	1988
1616.298623	-452	2008
1616.348628	-452	2020
1616.398633	-452	2032
1616.448638	-452	2052
1616.498643	-452	2064
1616.548648	-452	2064
1616.598653	-452	2084
1616.648658	-452	2096
1616.698663	-452	2108
1616.748668	-464	2112
1616.798673	-464	2112
1616.848678	-464	2112
1616.898683	-464	2112
1616.948688	-464	2132
1616.998693	-476	2140
1617.048698	-476	2140
1617.098703	-476	2140
1617.148708	-476	2140
1617.198713	-476	2140
1617.248718	-476	2140
1617.298723	-476	2140
1617.347728	-476	2140
1617.397733	-476	2140
1617.447738	-476	2140
1617.497743	-476	2140
1617.547748	-476	2140
1617.597753	-476	2140
1617.647758	-476	2140
1617.697763	-476	2140
1617.747768	-476	2140
1617.797773	-476	2140
1617.847778	-484	2140
1617.897783	-496	2140
1617.947788	-496	2140
1617.997793	-496	2140
1618.047798	-496	2140
1618.097803	-496	2140
1618.147808	-496	2140
1618.197813	-496	2140
1618.247818	-496	2140
1618.297823	-496	2140
1618.347828	-496	2140
1618.397833	-496	2140
1618.447838	-496	2140
1618.497843	-496	2140
1618.547848	-496	2140
1618.597853	-496	2024
1618.647858	-496	1732
1618.697863	0	1356
1618.747868	0	848
1618.797873	0	160
1618.847878	0	0
1618.897883	0	0
1618.947888	0	0
1618.997893	0	0
1619.047898	0	0
1619.097903	0	0
1619.147908	0	0
1619.197913	0	0
1619.247918	0	0
1619.297923	0	0
1619.347928	0	0
1619.397933	0	0
1619.447938	0	0
1619.497943	0	0
1619.547948	0	0
1619.597953	0	0
1619.647958	0	0
1619.697963	0	0
1619.747968	0	0
1619.797973	0	0
1619.847978	0	0
1619.897983	0	0
1619.947988	0	0
1619.997993	0	0
1620.047998	0	0
1620.098003	0	0
1620.148008	0	0
1620.198013	0	0
1620.248018	0	0
1620.298023	0	0
1620.348028	0	0
1620.398033	0	0
1620.448038	0	0
1620.498043	0	0
1620.548048	0	0
1620.598053	0	0
1620.648058	0	0
1620.698063	0	0
1620.748068	0	0
1620.798073	0	0
1620.848078	0	0
1620.898083	0	0
1620.948088	0	0
1620.998093	0	0
1621.048098	0	0
1621.098103	0	0
1621.148108	0	0
1621.198113	0	0
1621.248118	0	0
1621.298123	0	0
1621.348128	0	0
1621.398133	0	0
1621.448138	0	0
1621.498143	0	0
1621.548148	0	0
1621.598153	0	0
1621.648158	0	0
1621.698163	0	0
1621.748168	0	0
1621.798173	0	0
1621.848178	0	0
1621.898183	0	0
1621.948188	0	0
1621.998193	0	0
1622.048198	0	0
1622.098203	0	0
1622.148208	0	0
1622.198213	0	0
1622.248218	0	0
1622.298223	0	0
1622.348228	0	0
1622.398233	0	0
1622.448238	0	0
1622.498243	0	0
1622.548248	0	0
1622.598253	0	0
1622.648258	0	0
1622.698263	0	0
1622.748268	0	0
1622.798273	0	0
1622.848278	0	0
1622.898283	0	0
1622.948288	0	0
1622.998293	0	0
1623.048298	0	0
1623.098303	0	0
1623.148308	0	0
1623.198313	0	0
1623.248318	0	0
1623.298323	0	0
1623.348328	0	0
1623.398333	0	0
1623.448338	0	0
1623.498343	0	0
1623.548348	0	0
1623.598353	0	0
1623.648358	0	0
1623.698363	0	0
1623.748368	0	0
1623.798373	0	0
1623.848378	0	0
1623.898383	0	0
1623.948388	0	0
1623.998393	0	0
1624.048398	0	0
1624.098403	0	0
1624.148408	0	0
1624.198413	0	0
1624.248418	0	0
1624.298423	0	0
1624.348428	0	0
1624.398433	0	0
1624.448438	0	0
1624.498443	0	0
1624.548448	0	0
1624.598453	0	0
1624.648458	0	0
1624.698463	0	0
1624.748468	0	0
1624.798473	0	0
1624.848478	0	0
1624.898483	0	0
1624.948488	0	0
1624.998493	0	0
1625.048498	0	0
1625.098503	0	0
1625.148508	0	0
1625.198513	0	0
1625.248518	0	0
1625.298523	0	0
1625.348528	0	0
1625.398533	0	0
1625.448538	0	0
1625.498543	0	0
1625.548548	0	0
1625.598553	0	0
1625.648558	0	0
1625.698563	0	0
1625.748568	0	0
1625.798573	0	0
1625.848578	0	0
1625.898583	0	0
1625.948588	0	0
1625.998593	0	0
1626.048598	0	0
1626.098603	0	0
1626.148608	0	0
1626.198613	0	0
1626.248618	0	0
1626.298623	0	0
1626.348628	0	0
1626.398633	0	0
1626.448638	0	0
1626.498643	0	0
1626.548648	0	0
1626.598653	0	0
1626.648658	0	0
1626.698663	0	0
1626.748668	0	0
1626.798673	0	0
1626.848678	0	0
1626.898683	0	0
1626.948688	0	0
1626.998693	0	0
1627.048698	0	0
1627.098703	0	0
1627.148708	0	0
1627.198713	0	0
1627.248718	0	0
1627.298723	0	0
1627.348728	0	0
1627.398733	0	0
1627.448738	0	0
1627.498743	0	0
1627.548748	0	0
1627.598753	0	0
1627.648758	0	0
1627.698763	0	0
1627.748768	0	0
1627.798773	0	0
1627.848778	0	0
1627.898783	0	0
1627.948788	0	0
1627.998793	0	0
1628.048798	0	0
1628.098803	0	0
1628.148808	0	0
1628.198813	0	0
1628.248818	0	0
1628.298823	0	0
1628.348828	0	0
1628.398833	0	0
1628.448838	0	0
1628.498843	0	0
1628.548848	0	0
1628.598853	0	0
1628.648858	0	0
1628.698863	0	0
1628.748868	0	0
1628.798873	0	0
1628.848878	0	0
1628.898883	0	0
1628.948888	0	0
1628.998893	0	0
1629.048898	0	0
1629.098903	0	0
1629.148908	0	0
1629.198913	0	0
1629.248918	0	0
1629.298923	0	0
1629.348928	0	0
1629.398933	0	0
1629.448938	0	0
1629.498943	0	0
1629.548948	0	0
1629.598953	0	0
1629.648958	0	0
1629.698963	0	0
1629.748968	0	0
1629.798973	0	0
1629.848978	0	0
1629.898983	0	0
1629.948988	0	0
1629.998993	0	0
1630.048998	0	0
1630.099003	0	0
1630.149008	0	0
1630.199013	0	0
1630.249018	0	0
1630.299023	0	0
1630.349028	0	0
1630.399033	0	0
1630.449038	0	0
1630.499043	0	0
1630.549048	0	0
1630.599053	0	0
1630.649058	0	0
1630.699063	0	0
1630.749068	0	0
1630.799073	0	0
1630.849078	0	0
1630.899083	0	0
1630.949088	0	0
1630.999093	0	0
1631.049098	0	0
1631.099103	0	0
1631.149108	0	0
1631.199113	0	0
1631.249118	0	0
1631.299123	0	0
1631.349128	0	0
1631.399133	0	0
1631.449138	0	0
1631.499143	0	0
1631.549148	0	0
1631.599153	0	0
1631.649158	0	0
1631.699163	0	0
1631.749168	0	0
1631.799173	0	0
1631.849178	0	0
1631.899183	0	0
1631.949188	0	0
1631.999193	0	0
1632.049198	0	0
1632.099203	0	0
1632.149208	0	0
1632.199213	0	0
1632.249218	0	0
1632.299223	0	0
1632.349228	0	0
1632.399233	0	0
1632.449238	0	0
1632.499243	0	0
1632.549248	0	0
1632.599253	0	0
1632.649258	0	0
1632.699263	0	0
1632.749268	0	0
1632.799273	0	0
1632.849278	0	0
1632.899283	0	0
1632.949288	0	0
1632.999293	0	0
1633.049298	0	0
1633.099303	0	0
1633.149308	0	0
1633.199313	0	0
1633.249318	0	0
1633.299323	0	0
1633.349328	0	0
1633.399333	0	0
1633.449338	0	0
1633.499343	0	0
1633.549348	0	0
1633.599353	0	0
1633.649358	0	0
1633.699363	0	0
1633.749368	0	0
1633.799373	0	0
1633.849378	0	0
1633.899383	0	0
1633.949388	0	0
1633.999393	0	0
1634.049398	0	0
1634.099403	0	0
1634.149408	0	0
1634.199413	0	0
1634.249418	0	0
1634.299423	0	0
1634.349428	0	0
1634.399433	0	0
1634.449438	0	0
1634.499443	0	0
1634.549448	0	0
1634.599453	0	0
1634.649458	0	0
1634.699463	0	0
1634.749468	0	0
1634.799473	0	0
1634.848478	0	0
1634.898483	0	0
1634.948488	0	0
1634.998493	0	0
1635.048498	0	0
1635.098503	0	0
1635.148508	0	0
1635.198513	0	0
1635.248518	0	0
1635.298523	0	0
1635.348528	0	0
1635.398533	0	0
1635.448538	0	0
1635.498543	0	0
1635.548548	0	0
1635.598553	0	0
1635.648558	0	0
1635.698563	0	0
1635.748568	0	0
1635.798573	0	0
1635.848578	0	0
1635.898583	0	0
1635.948588	0	0
1635.998593	0	0
1636.048598	0	0
1636.098603	0	0
1636.148608	0	0
1636.198613	0	0
1636.248618	0	0
1636.298623	0	0
1636.348628	0	0
1636.398633	0	0
1636.448638	0	0
1636.498643	0	0
1636.548648	0	0
1636.598653	0	0
1636.648658	0	0
1636.698663	0	0
1636.748668	0	0
1636.798673	0	0
1636.848678	0	0
1636.898683	0	0
1636.948688	0	0
1636.998693	0	0
1637.048698	0	0
1637.098703	0	0
1637.148708	0	0
1637.198713	0	-637
1637.248718	0	-1041
1637.298723	0	-1489
1637.348728	0	-1657
1637.398733	193	-1773
1637.448738	225	-1837
1637.498743	225	-1921
1637.548748	225	-1981
1637.598753	237	-2041
1637.648758	241	-2041
1637.698763	241	-2041
1637.748768	241	-2041
1637.798773	241	-2041
1637.848778	241	-2041
1637.898783	241	-2041
1637.948788	241	-2041
1637.998793	241	-2041
1638.048798	241	-2041
1638.098803	241	-2041
1638.148808	241	-2041
1638.198813	241	-2041
1638.248818	241	-2041
1638.298823	241	-2041
1638.348828	241	-2041
1638.398833	241	-2133
1638.448838	241	-2185
1638.498843	241	-2289
1638.548848	241	-2305
1638.598853	241	-2357
1638.648858	241	-2393
1638.698863	241	-2393
1638.748868	241	-2425
1638.798873	241	-2429
1638.848878	241	-2445
1638.898883	241	-2445
1638.948888	241	-2445
1638.998893	241	-2465
1639.048898	241	-2465
1639.098903	241	-2465
1639.148908	241	-2485
1639.198913	241	-2505
1639.248918	241	-2505
1639.298923	241	-2525
1639.348928	241	-2525
1639.398933	241	-2561
1639.448938	241	-2585
1639.498943	241	-2617
1639.548948	241	-2637
1639.598953	241	-2677
1639.648958	241	-2713
1639.698963	241	-2733
1639.748968	241	-2733
1639.798973	241	-2733
1639.848978	241	-2733
1639.898983	241	-2733
1639.948988	241	-2733
1639.998993	241	-2733
1640.048998	241	-2733
1640.099003	245	-2733
1640.149008	245	-2733
1640.199013	245	-2733
1640.249018	253	-2733
1640.299023	257	-2733
1640.349028	257	-2733
1640.399033	257	-2757
1640.449038	257	-2769
1640.499043	261	-2809
1640.549048	289	-2845
1640.599053	313	-2885
1640.649058	333	-2913
1640.699063	333	-2949
1640.749068	333	-2965
1640.799073	353	-2977
1640.849078	357	-2977
1640.899083	361	-2977
1640.949088	361	-2977
1640.999093	361	-2977
1641.049098	361	-2977
1641.099103	361	-2977
1641.149108	361	-2977
1641.199113	361	-2977
1641.249118	361	-2977
1641.299123	361	-2977
1641.349128	361	-2977
1641.399133	361	-2977
1641.449138	361	-2977
1641.499143	361	-2977
1641.549148	361	-2977
1641.599153	361	-2977
1641.649158	361	-2977
1641.699163	361	-2977
1641.749168	361	-2977
1641.799173	361	-2977
1641.849178	361	-2977
1641.899183	361	-2977
1641.949188	361	-2977
1641.999193	361	-2973
1642.049198	361	-2965
1642.099203	361	-2937
1642.149208	361	-2921
1642.199213	361	-2921
1642.249218	361	-2909
1642.299223	361	-2889
1642.354228	361	-2877
1642.399233	361	-2869
1642.449238	361	-2869
1642.499243	361	-2845
1642.549248	361	-2845
1642.599253	361	-2845
1642.649258	361	-2845
1642.699263	361	-2845
1642.749268	361	-2845
1642.799273	361	-2845
1642.849278	361	-2845
1642.899283	361	-2845
1642.949288	361	-2845
1642.999293	361	-2881
1643.049298	361	-2973
1643.099303	361	-3057
1643.149308	361	-3065
1643.199313	361	-3081
1643.249318	361	-3149
1643.299323	361	-3201
1643.349328	361	-3205
1643.399333	361	-3257
1643.449338	361	-3297
1643.499343	361	-3353
1643.549348	381	-3385
1643.599353	381	-3433
1643.649358	381	-3469
1643.699363	381	-3501
1643.749368	385	-3565
1643.799373	385	-3585
1643.849378	385	-3621
1643.899383	385	-3621
1643.949388	385	-3633
1643.999393	385	-3661
1644.049398	389	-3697
1644.099403	389	-3721
1644.149408	405	-3753
1644.199413	405	-3777
1644.249418	405	-3825
1644.299423	405	-3873
1644.349428	405	-3897
1644.399433	405	-3933
1644.449438	405	-4033
1644.499443	405	-4093
1644.549448	405	-4121
1644.599453	405	-4225
1644.649458	405	-4269
1644.699463	409	-4313
1644.749468	409	-4349
1644.799473	409	-4405
1644.849478	409	-4425
1644.899483	409	-4485
1644.949488	409	-4529
1644.999493	409	-4581
1645.049498	409	-4589
1645.099503	409	-4597
1645.149508	409	-4613
1645.199513	413	-4613
1645.249518	413	-4613
1645.299523	413	-4613
1645.349528	413	-4613
1645.399533	413	-4613
1645.449538	413	-4613
1645.499543	413	-4629
1645.549548	413	-4629
1645.599553	413	-4657
1645.649558	413	-4657
1645.699563	413	-4709
1645.749568	413	-4709
1645.799573	413	-4781
1645.849578	413	-4781
1645.899583	413	-4813
1645.949588	421	-4817
1645.999593	433	-4841
1646.049598	433	-4857
1646.099603	433	-4869
1646.149608	433	-4869
1646.199613	457	-4873
1646.249618	457	-4885
1646.299623	457	-4901
1646.349628	457	-4973
1646.399633	465	-5009
1646.449638	465	-5009
1646.499643	465	-5009
1646.549648	473	-5009
1646.599653	473	-5017
1646.649658	473	-5025
1646.699663	477	-5081
1646.749668	477	-5125
1646.799673	477	-5205
1646.849678	485	-5241
1646.899683	485	-5245
1646.949688	493	-5265
1646.999693	493	-5273
1647.049698	493	-5301
1647.099703	493	-5321
1647.149708	493	-5381
1647.199713	521	-5437
1647.249718	521	-5474
1647.299723	521	-5522
1647.349728	521	-5558
1647.399733	537	-5590
1647.449738	537	-5618
1647.499743	537	-5626
1647.549748	537	-5666
1647.599753	537	-5694
1647.649758	537	-5710
1647.699763	537	-5738
1647.749768	537	-5738
1647.799773	537	-5762
1647.849778	537	-5766
1647.899783	537	-5778
1647.949788	537	-5790
1647.999793	537	-5802
1648.049798	537	-5806
1648.099803	537	-5806
1648.149808	537	-5806
1648.199813	537	-5806
1648.249818	537	-5838
1648.299823	537	-5874
1648.349828	537	-5914
1648.399833	537	-5958
1648.449838	537	-5990
1648.499843	537	-6018
1648.549848	537	-6018
1648.599853	537	-6026
1648.649858	537	-6086
1648.699863	537	-6190
1648.749868	537	-6190
1648.799873	537	-6190
1648.849878	537	-6190
1648.899883	537	-6202
1648.949888	537	-6230
1648.999893	537	-6282
1649.049898	537	-6346
1649.099903	537	-6406
1649.149908	537	-6434
1649.199913	537	-6502
1649.249918	537	-6506
1649.299923	537	-6562
1649.349928	537	-6574
1649.399933	537	-6582
1649.449938	537	-6598
1649.499943	537	-6642
1649.549948	537	-6654
1649.599953	537	-6702
1649.649958	537	-6702
1649.699963	537	-6766
1649.749968	537	-6766
1649.799973	557	-6798
1649.849978	557	-6798
1649.899983	557	-6866
1649.949988	557	-6910
1649.999993	557	-6958
1650.049998	569	-6986
1650.100003	585	-7062
1650.150008	585	-7130
1650.200013	613	-7194
1650.250018	697	-7306
1650.300023	737	-7454
1650.350028	757	-7506
1650.400033	757	-7526
1650.450038	757	-7526
1650.500043	757	-7530
1650.550048	757	-7538
1650.600053	757	-7582
1650.650058	757	-7618
1650.700063	757	-7686
1650.750068	757	-7686
1650.800073	757	-7686
1650.850078	757	-7686
1650.900083	757	-7746
1650.950088	757	-7790
1651.000093	757	-7854
1651.050098	757	-7854
1651.100103	757	-7906
1651.150108	757	-7906
1651.200113	757	-7918
1651.250118	757	-7946
1651.300123	757	-7970
1651.350128	757	-7994
1651.400133	757	-8034
1651.450138	757	-8058
1651.500143	757	-8070
1651.550148	757	-8098
1651.600153	757	-8138
1651.650158	757	-8138
1651.700163	757	-8146
1651.750168	757	-8146
1651.800173	757	-8186
1651.850178	757	-8214
1651.900183	757	-8250
1651.950188	757	-8306
1652.000193	757	-8354
1652.050198	757	-8374
1652.100203	757	-8418
1652.150208	757	-8478
1652.200213	757	-8522
1652.250218	737	-8558
1652.300223	737	-8606
1652.349227	717	-8646
1652.399233	685	-8658
1652.449238	677	-8710
1652.499243	669	-8762
1652.549248	657	-8802
1652.599253	609	-8866
1652.649258	605	-8866
1652.699263	569	-8902
1652.749268	569	-8926
1652.799273	569	-8946
1652.849277	545	-8982
1652.899282	525	-8986
1652.949288	513	-9006
1652.999293	513	-9054
1653.049298	513	-9118
1653.099303	513	-9166
1653.149308	497	-9166
1653.199313	497	-9170
1653.249318	489	-9242
1653.299323	477	-9242
1653.349328	469	-9266
1653.399333	457	-9326
1653.449337	445	-9326
1653.499342	429	-9358
1653.549348	417	-9374
1653.599353	417	-9402
1653.649358	417	-9402
1653.699363	417	-9430
1653.749368	417	-9446
1653.799373	405	-9462
1653.849378	405	-9486
1653.899383	405	-9526
1653.949388	405	-9586
1653.999393	405	-9638
1654.049397	405	-9638
1654.099402	405	-9638
1654.149408	381	-9678
1654.199413	381	-9706
1654.249418	381	-9754
1654.299423	373	-9754
1654.350428	373	-9754
1654.399433	361	-9766
1654.449438	361	-9802
1654.499443	361	-9830
1654.549448	361	-9862
1654.599452	361	-9862
1654.649457	361	-9898
1654.699463	361	-9914
1654.749468	361	-9930
1654.799473	361	-9938
1654.849478	361	-9990
1654.899483	361	-10042
1654.949488	361	-10070
1654.999493	361	-10094
1655.049498	361	-10118
1655.099503	361	-10130
1655.149508	361	-10166
1655.199512	361	-10222
1655.249517	361	-10246
1655.299523	361	-10294
1655.349528	361	-10294
1655.399533	361	-10322
1655.449538	361	-10358
1655.499543	361	-10398
1655.549548	361	-10398
1655.599553	361	-10414
1655.649558	361	-10438
1655.699563	361	-10458
1655.749568	361	-10486
1655.799572	361	-10506
1655.849577	361	-10546
1655.899583	361	-10602
1655.949588	361	-10602
1655.999593	361	-10638
1656.049598	361	-10638
1656.099603	361	-10670
1656.149608	361	-10678
1656.199613	361	-10686
1656.249618	361	-10686
1656.299623	361	-10734
1656.349627	361	-10734
1656.399632	361	-10774
1656.449638	361	-10838
1656.499643	361	-10890
1656.549648	361	-10918
1656.599653	361	-10955
1656.649658	361	-10995
1656.699663	361	-11115
1656.749668	361	-11267
1656.799673	245	-11391
1656.849678	213	-11411
1656.899683	213	-11415
1656.949687	213	-11423
1656.999692	213	-11463
1657.049698	213	-11511
1657.099703	213	-11531
1657.149708	213	-11531
1657.199713	213	-11575
1657.249718	213	-11575
1657.299723	213	-11575
1657.349728	213	-11575
1657.399733	213	-11575
1657.449738	213	-11575
1657.499743	213	-11575
1657.549747	213	-11575
1657.599752	213	-11575
1657.649758	213	-11575
1657.699763	213	-11575
1657.749768	213	-11575
1657.799773	213	-11575
1657.849778	213	-11575
1657.899783	213	-11575
1657.949788	213	-11575
1657.999793	213	-11575
1658.049798	213	-11575
1658.099802	213	-11575
1658.149807	213	-11575
1658.199813	213	-11575
1658.249818	213	-11575
1658.299823	213	-11575
1658.349828	213	-11575
1658.399833	213	-11575
1658.449838	213	-11575
1658.499843	213	-11575
1658.549848	213	-11575
1658.599853	213	-11575
1658.649858	213	-11575
1658.699862	213	-11575
1658.749867	213	-11575
1658.799873	213	-11575
1658.849878	213	-11575
1658.899883	213	-11575
1658.960889	213	-11575
1658.999893	213	-11575
1659.049898	213	-11575
1659.099903	213	-11575
1659.149908	213	-11583
1659.199913	213	-11619
1659.249918	213	-11619
1659.299922	213	-11619
1659.349927	213	-11619
1659.399933	213	-11619
1659.449938	213	-11619
1659.499943	213	-11631
1659.549948	213	-11631
1659.599953	213	-11647
1659.649958	213	-11647
1659.699963	213	-11647
1659.749968	213	-11647
1659.799973	213	-11647
1659.849977	213	-11647
1659.899982	213	-11647
1659.949988	213	-11647
1659.999993	213	-11647
1660.049998	213	-11647
1660.100003	201	-11647
1660.150008	201	-11647
1660.200013	201	-11647
1660.250018	201	-11647
1660.300023	201	-11647
1660.350028	201	-11647
1660.400033	201	-11647
1660.450037	201	-11647
1660.500042	193	-11647
1660.550048	193	-11647
1660.600053	193	-11647
1660.650058	193	-11647
1660.700063	193	-11647
1660.750068	193	-11647
1660.800073	193	-11647
1660.850078	185	-11647
1660.900083	185	-11647
1660.950088	185	-11647
1661.000093	185	-11647
1661.050097	185	-11647
1661.100102	185	-11647
1661.150108	185	-11647
1661.200113	185	-11647
1661.250118	185	-11647
1661.300123	177	-11647
1661.350128	177	-11647
1661.400133	177	-11647
1661.450138	177	-11647
1661.500143	177	-11647
1661.550148	177	-11647
1661.600152	177	-11647
1661.650157	177	-11647
1661.700163	177	-11647
1661.750168	177	-11647
1661.800173	177	-11647
1661.850178	177	-11647
1661.900183	177	-11647
1661.950188	177	-11647
1662.000193	177	-11647
1662.050198	177	-11647
1662.100203	177	-11727
1662.150208	177	-11795
1662.200212	177	-11835
1662.250217	177	-11911
1662.300223	177	-11983
1662.350228	177	-12011
1662.400233	177	-12027
1662.450238	177	-12027
1662.500243	177	-12027
1662.550248	177	-12027
1662.600253	177	-12027
1662.650258	177	-12027
1662.700263	177	-12027
1662.750268	177	-12027
1662.800272	177	-12027
1662.850277	177	-12027
1662.900283	177	-12075
1662.950288	177	-12075
1663.000293	177	-12091
1663.050298	177	-12183
1663.100303	177	-12207
1663.150308	177	-12231
1663.200313	177	-12259
1663.250318	177	-12291
1663.300323	177	-12295
1663.350327	177	-12303
1663.400332	177	-12331
1663.450338	177	-12399
1663.500343	177	-12399
1663.550348	177	-12407
1663.600353	177	-12431
1663.650358	177	-12431
1663.700363	177	-12431
1663.750368	177	-12431
1663.800373	177	-12447
1663.850378	177	-12447
1663.900383	177	-12491
1663.950387	177	-12495
1664.000392	177	-12539
1664.050398	177	-12587
1664.100403	177	-12591
1664.150408	177	-12623
1664.200413	177	-12623
1664.250418	177	-12647
1664.300423	177	-12711
1664.350428	177	-12711
1664.400433	177	-12711
1664.450438	177	-12719
1664.500443	177	-12719
1664.550447	177	-12719
1664.600452	169	-12719
1664.650458	169	-12719
1664.700463	169	-12719
1664.750468	169	-12719
1664.800473	169	-12743
1664.850478	169	-12751
1664.900483	169	-12815
1664.950488	169	-12815
1665.000493	169	-12891
1665.050498	169	-12927
1665.100502	169	-13059
1665.150507	-24	-13327
1665.200513	-440	-13719
1665.250518	-600	-13719
1665.300523	-600	-13719
1665.350528	-600	-13719
1665.400533	-600	-13719
1665.450538	-600	-13719
1665.500543	-600	-13719
1665.550548	-600	-13719
1665.600553	-600	-13719
1665.650558	-600	-13719
1665.700562	-600	-13719
1665.750567	-600	-13719
1665.800573	-600	-13719
1665.850578	-600	-13719
1665.900583	-600	-13643
1665.950588	-600	-13547
1666.000593	-600	-13511
1666.050598	-600	-13511
1666.100603	-600	-13511
1666.150608	-600	-13503
1666.200613	-600	-13503
1666.250618	-600	-13503
1666.300622	-600	-13487
1666.350627	-600	-13487
1666.400633	-600	-13487
1666.450638	-600	-13487
1666.500643	-600	-13479
1666.550648	-600	-13443
1666.600653	-600	-13427
1666.650658	-600	-13427
1666.700663	-600	-13423
1666.750668	-600	-13411
1666.800673	-600	-13315
1666.850677	-600	-13315
1666.900682	-600	-13315
1666.950688	-600	-13295
1667.000693	-600	-13295
1667.050698	-600	-13295
1667.100703	-600	-13295
1667.150708	-600	-13251
1667.200713	-600	-13207
1667.250718	-600	-13207
1667.300723	-600	-13207
1667.350728	-600	-13207
1667.400733	-600	-13207
1667.450737	-600	-13207
1667.500742	-600	-13207
1667.550748	-600	-13207
1667.600753	-600	-13195
1667.650758	-600	-13195
1667.700763	-600	-13195
1667.750768	-600	-13195
1667.800773	-600	-13195
1667.850778	-600	-13187
1667.900783	-600	-13187
1667.950788	-600	-13187
1668.000793	-600	-13187
1668.050797	-600	-13187
1668.100802	-600	-13187
1668.150808	-600	-13187
1668.200813	-600	-13187
1668.250818	-600	-13187
1668.300823	-600	-13187
1668.350828	-600	-13187
1668.400833	-600	-13187
1668.450838	-600	-13187
1668.500843	-600	-13187
1668.550848	-600	-13187
1668.600852	-600	-13187
1668.650857	-600	-13187
1668.700863	-600	-13187
1668.750868	-600	-13187
1668.800873	-600	-13187
1668.850878	-600	-13187
1668.900883	-600	-13187
1668.950888	-600	-13183
1669.000893	-600	-13183
1669.050898	-600	-13183
1669.100903	-600	-13183
1669.150908	-600	-13183
1669.200912	-600	-13159
1669.250917	-600	-13147
1669.300923	-600	-13147
1669.350928	-600	-13147
1669.400933	-600	-13147
1669.450938	-600	-13147
1669.500943	-600	-13147
1669.550948	-600	-13147
1669.600953	-600	-13147
1669.650958	-600	-13147
1669.700963	-600	-13147
1669.750968	-600	-13147
1669.799973	-600	-13147
1669.849977	-600	-13147
1669.899982	-600	-13147
1669.949987	-600	-13147
1669.999992	-600	-13147
1670.049997	-600	-13147
1670.100003	-600	-13147
1670.150008	-600	-13147
1670.200013	-600	-13147
1670.250018	-600	-13147
1670.300023	-600	-13147
1670.350028	-600	-13147
1670.400033	-600	-13147
1670.450037	-600	-13147
1670.500042	-600	-13147
1670.550047	-600	-13147
1670.600052	-600	-13147
1670.650058	-600	-13147
1670.700063	-600	-13147
1670.750068	-600	-13147
1670.800073	-600	-13147
1670.850078	-600	-13147
1670.900083	-600	-13147
1670.950088	-600	-13147
1671.000093	-600	-13147
1671.050097	-600	-13147
1671.100102	-600	-13147
1671.150107	-600	-13147
1671.200112	-600	-13147
1671.250118	-600	-13147
1671.300123	-600	-13147
1671.350128	-600	-13147
1671.400133	-600	-13147
1671.450138	-600	-13147
1671.500143	-600	-13147
1671.550148	-600	-13147
1671.600152	-600	-13147
1671.650157	-600	-13147
1671.700162	-600	-13147
1671.750167	-600	-13147
1671.800172	-600	-13147
1671.850178	-600	-13147
1671.900183	-600	-13147
1671.950188	-600	-13147
1672.000193	-600	-13147
1672.050198	-600	-13147
1672.100203	-600	-13135
1672.150208	-600	-13135
1672.200212	-600	-13111
1672.250217	-600	-13111
1672.300222	-600	-13111
1672.350227	-600	-13111
1672.400233	-600	-13111
1672.450238	-600	-13111
1672.500243	-600	-13111
1672.550248	-600	-13111
1672.600253	-600	-13111
1672.650258	-600	-13111
1672.700263	-600	-13107
1672.750268	-600	-13091
1672.800272	-600	-13091
1672.850277	-600	-13087
1672.900282	-600	-13063
1672.950287	-600	-13031
1673.000293	-600	-13015
1673.050298	-600	-12991
1673.100303	-600	-12967
1673.150308	-600	-12967
1673.200313	-600	-12951
1673.250318	-600	-12939
1673.300323	-600	-12911
1673.350327	-600	-12911
1673.400332	-600	-12903
1673.450337	-600	-12879
1673.500342	-600	-12879
1673.550347	-600	-12875
1673.600353	-600	-12867
1673.650358	-600	-12855
1673.700363	-600	-12827
1673.750368	-600	-12823
1673.800373	-600	-12823
1673.850378	-600	-12823
1673.900383	-600	-12823
1673.950387	-600	-12823
1674.000392	-600	-12823
1674.050397	-600	-12823
1674.100402	-600	-12799
1674.150408	-600	-12799
1674.200413	-600	-12795
1674.250418	-600	-12791
1674.300423	-600	-12779
1674.350428	-600	-12779
1674.400433	-600	-12779
1674.450438	-600	-12779
1674.500443	-600	-12779
1674.550447	-600	-12779
1674.600452	-600	-12779
1674.650457	-600	-12779
1674.700462	-600	-12779
1674.750468	-600	-12779
1674.800473	-600	-12779
1674.850478	-600	-12779
1674.900483	-600	-12779
1674.950488	-600	-12779
1675.000493	-600	-12779
1675.050498	-600	-12779
1675.100502	-600	-12779
1675.150507	-600	-12779
1675.200512	-600	-12779
1675.250517	-600	-12779
1675.300522	-600	-12779
1675.350528	-600	-12779
1675.400533	-600	-12779
1675.450538	-600	-12779
1675.500543	-600	-12779
1675.550548	-600	-12779
1675.600553	-600	-12779
1675.650558	-600	-12779
1675.700562	-600	-12779
1675.750567	-600	-12779
1675.800572	-600	-12779
1675.850577	-600	-12779
1675.900583	-600	-12795
1675.950588	-600	-12795
1676.000593	-600	-12839
1676.050598	-600	-12867
1676.100603	-600	-12895
1676.150608	-600	-12947
1676.200613	-600	-12951
1676.250618	-600	-12955
1676.300622	-600	-12991
1676.350627	-600	-13019
1676.400632	-600	-13035
1676.450637	-600	-13055
1676.500643	-600	-13099
1676.550648	-600	-13135
1676.600653	-600	-13159
1676.650658	-600	-13159
1676.700663	-600	-13167
1676.750668	-600	-13167
1676.800673	-600	-13187
1676.850677	-600	-13203
1676.900682	-600	-13203
1676.950687	-600	-13203
1677.000692	-600	-13203
1677.050697	-600	-13203
1677.100703	-600	-13203
1677.150708	-600	-13203
1677.200713	-600	-13203
1677.250718	-600	-13203
1677.300723	-600	-13203
1677.350728	-600	-13203
1677.400733	-600	-13203
1677.450737	-600	-13203
1677.500742	-600	-13203
1677.550747	-600	-13203
1677.600752	-600	-13203
1677.650758	-600	-13203
1677.700763	-600	-13203
1677.750768	-600	-13203
1677.800773	-600	-13203
1677.850778	-600	-13203
1677.900783	-600	-13203
1677.950788	-600	-13203
1678.000793	-600	-13203
1678.050797	-600	-13203
1678.100802	-600	-13203
1678.150807	-600	-13203
1678.200812	-600	-13203
1678.250818	-600	-13203
1678.300823	-600	-13203
1678.350828	-600	-13203
1678.400833	-600	-13203
1678.450838	-600	-13203
1678.500843	-600	-13203
1678.550848	-600	-13203
1678.600852	-600	-13203
1678.650857	-600	-13203
1678.700862	-600	-13203
1678.750867	-600	-13203
1678.800872	-600	-13203
1678.850878	-600	-13203
1678.900883	-600	-13203
1678.950888	-600	-13203
1679.000893	-600	-13203
1679.050898	-600	-13203
1679.100903	-600	-13203
1679.150908	-600	-13203
1679.200912	-600	-13203
1679.250917	-600	-13135
1679.300922	-600	-13015
1679.350927	-600	-12931
1679.400933	-600	-12903
1679.450938	-600	-12895
1679.500943	-600	-12879
1679.550948	-600	-12879
1679.600953	-600	-12879
1679.650958	-600	-12879
1679.700963	-600	-12879
1679.750968	-600	-12879
1679.800972	-600	-12843
1679.850977	-600	-12791
1679.900982	-600	-12691
1679.950987	-600	-12655
1680.000993	-600	-12635
1680.050998	-600	-12631
1680.101003	-600	-12631
1680.151008	-600	-12631
1680.201013	-600	-12623
1680.251018	-600	-12611
1680.301023	-600	-12595
1680.351027	-600	-12595
1680.401032	-600	-12595
1680.451037	-600	-12595
1680.501042	-600	-12595
1680.551047	-600	-12595
1680.601053	-600	-12595
1680.651058	-600	-12595
1680.701063	-600	-12595
1680.751068	-600	-12595
1680.801073	-600	-12595
1680.851078	-600	-12595
1680.901083	-600	-12595
1680.951087	-600	-12595
1681.001092	-600	-12595
1681.051097	-600	-12595
1681.101102	-600	-12547
1681.151108	-600	-12519
1681.201113	-600	-12479
1681.251118	-600	-12475
1681.301123	-600	-12459
1681.351128	-600	-12455
1681.401133	-600	-12419
1681.451138	-600	-12419
1681.501143	-600	-12411
1681.551147	-600	-12403
1681.601152	-600	-12403
1681.651157	-600	-12395
1681.701162	-600	-12339
1681.751168	-600	-12339
1681.801173	-600	-12339
1681.851178	-600	-12339
1681.901183	-600	-12339
1681.951188	-600	-12335
1682.001193	-600	-12335
1682.051198	-600	-12335
1682.101202	-600	-12335
1682.151207	-600	-12335
1682.201212	-600	-12335
1682.251217	-600	-12335
1682.301222	-600	-12335
1682.351228	-600	-12335
1682.401233	-600	-12335
1682.451238	-600	-12335
1682.501243	-600	-12287
1682.551248	-600	-12259
1682.601253	-600	-12159
1682.651258	-600	-12103
1682.701262	-600	-11983
1682.751267	-600	-11959
1682.801272	-600	-11959
1682.851277	-600	-11959
1682.901283	-600	-11935
1682.951288	-600	-11919
1683.001293	-600	-11919
1683.051298	-600	-11919
1683.101303	-600	-11915
1683.151308	-600	-11903
1683.201313	-600	-11863
1683.251318	-600	-11787
1683.301322	-600	-11763
1683.351327	-600	-11715
1683.401332	-600	-11715
1683.451337	-600	-11715
1683.501343	-600	-11715
1683.551348	-600	-11715
1683.601353	-600	-11715
1683.651358	-600	-11715
1683.701363	-600	-11715
1683.751368	-600	-11715
1683.801373	-600	-11715
1683.851377	-600	-11715
1683.901382	-600	-11715
1683.951387	-600	-11715
1684.001392	-600	-11715
1684.051397	-600	-11715
1684.101403	-600	-11715
1684.151408	-600	-11715
1684.201413	-600	-11715
1684.251418	-600	-11715
1684.301423	-600	-11715
1684.351428	-600	-11715
1684.401433	-600	-11715
1684.451437	-600	-11715
1684.501442	-600	-11715
1684.551447	-600	-11715
1684.601452	-600	-11715
1684.651458	-600	-11715
1684.701463	-600	-11715
1684.751468	-600	-11715
1684.801473	-600	-11715
1684.851478	-600	-11715
1684.901483	-600	-11715
1684.951488	-600	-11715
1685.001493	-600	-11715
1685.051497	-600	-11715
1685.101502	-600	-11715
1685.151507	-600	-11715
1685.201512	-600	-11715
1685.251518	-600	-11715
1685.301523	-600	-11727
1685.351528	-600	-11727
1685.401533	-600	-11771
1685.451538	-600	-11771
1685.501543	-600	-11783
1685.551548	-600	-11839
1685.601552	-600	-11975
1685.651557	-600	-12023
1685.701562	-600	-12059
1685.751567	-600	-12107
1685.801572	-600	-12207
1685.851578	-600	-12323
1685.901583	-600	-12327
1685.951588	-600	-12395
1686.001593	-600	-12495
1686.051598	-600	-12547
1686.101603	-600	-12643
1686.151608	-600	-12651
1686.201612	-600	-12679
1686.251617	-600	-12707
1686.301622	-600	-12707
1686.351627	-600	-12707
1686.401633	-600	-12707
1686.451638	-600	-12707
1686.501643	-600	-12719
1686.551648	-600	-12739
1686.601653	-600	-12739
1686.651658	-600	-12739
1686.701663	-600	-12779
1686.751667	-600	-12779
1686.801672	-600	-12779
1686.851677	-600	-12791
1686.901682	-600	-12799
1686.951687	-600	-12839
1687.001693	-600	-12839
1687.051698	-600	-12859
1687.101703	-600	-12879
1687.151708	-600	-12879
1687.201713	-600	-12879
1687.251718	-600	-12879
1687.300723	-600	-12899
1687.350728	-600	-12911
1687.400733	-600	-12915
1687.450737	-600	-12915
1687.500742	-600	-12919
1687.550747	-600	-12939
1687.600752	-600	-12943
1687.650757	-600	-12943
1687.700762	-600	-12943
1687.750767	-600	-12943
1687.800773	-600	-12943
1687.850778	-600	-12943
1687.900783	-600	-12943
1687.950788	-600	-12943
1688.000793	-600	-12943
1688.050797	-600	-12943
1688.100802	-600	-12943
1688.150807	-600	-12943
1688.200812	-600	-12943
1688.250817	-600	-12943
1688.300822	-600	-12943
1688.350828	-600	-12943
1688.400833	-600	-12943
1688.450838	-600	-12943
1688.500843	-600	-12943
1688.550848	-600	-12943
1688.600852	-600	-12943
1688.650857	-600	-12943
1688.700862	-600	-12943
1688.750867	-600	-12943
1688.800872	-600	-12943
1688.850877	-600	-12983
1688.900882	-600	-12983
1688.950888	-600	-12983
1689.000893	-600	-12983
1689.050898	-600	-12983
1689.100903	-600	-12987
1689.150908	-600	-12987
1689.200912	-600	-13011
1689.250917	-600	-13011
1689.300922	-600	-13011
1689.350927	-600	-13011
1689.400932	-600	-13043
1689.450937	-600	-13043
1689.500942	-600	-13043
1689.550948	-600	-13043
1689.600953	-600	-13043
1689.650958	-600	-13043
1689.700963	-600	-13047
1689.750968	-600	-13067
1689.800972	-600	-13067
1689.850977	-600	-13087
1689.900982	-600	-13103
1689.950987	-600	-13103
1690.000992	-600	-13119
1690.050997	-600	-13119
1690.101003	-600	-13119
1690.151008	-600	-13119
1690.201013	-600	-13131
1690.251018	-600	-13143
1690.301023	-600	-13187
1690.351027	-600	-13187
1690.401032	-600	-13195
1690.451037	-600	-13199
1690.501042	-600	-13203
1690.551047	-600	-13227
1690.601052	-600	-13227
1690.651057	-600	-13235
1690.701063	-600	-13255
1690.751068	-600	-13279
1690.801073	-600	-13279
1690.851078	-600	-13279
1690.901083	-600	-13295
1690.951087	-600	-13315
1691.001092	-600	-13347
1691.051097	-600	-13347
1691.101102	-600	-13395
1691.151107	-600	-13479
1691.201112	-600	-13615
1691.251117	-600	-13679
1691.301123	-600	-13747
1691.351128	-600	-13799
1691.401133	-600	-13835
1691.451138	-600	-13835
1691.501143	-600	-13875
1691.551147	-600	-13947
1691.601152	-600	-13951
1691.651157	-600	-13987
1691.701162	-600	-13987
1691.751167	-600	-13987
1691.801172	-600	-13999
1691.851178	-600	-14015
1691.901183	-600	-14019
1691.951188	-600	-14039
1692.001193	-600	-14051
1692.051198	-600	-14055
1692.101202	-600	-14071
1692.151207	-600	-14079
1692.201212	-600	-14099
1692.251217	-600	-14123
1692.301222	-600	-14123
1692.351227	-600	-14123
1692.401232	-600	-14123
1692.451238	-600	-14123
1692.501243	-600	-14123
1692.551248	-600	-14123
1692.601253	-600	-14123
1692.651258	-600	-14123
1692.701262	-600	-14123
1692.751267	-600	-14123
1692.801272	-600	-14151
1692.851277	-600	-14171
1692.901282	-600	-14215
1692.951287	-600	-14215
1693.001292	-600	-14275
1693.051298	-600	-14283
1693.101303	-600	-14291
1693.151308	-600	-14291
1693.201313	-600	-14291
1693.251318	-600	-14291
1693.301322	-600	-14291
1693.351327	-600	-14315
1693.401332	-600	-14351
1693.451337	-600	-14399
1693.501342	-600	-14523
1693.551347	-600	-14643
1693.601353	-600	-14667
1693.651358	-600	-14671
1693.701363	-600	-14687
1693.751368	-600	-14687
1693.801373	-600	-14687
1693.851377	-600	-14695
1693.901382	-600	-14695
1693.951387	-600	-14695
1694.001392	-600	-14695
1694.051397	-600	-14695
1694.101402	-600	-14695
1694.151407	-600	-14695
1694.201413	-600	-14695
1694.251418	-600	-14695
1694.301423	-600	-14695
1694.351428	-600	-14695
1694.401433	-600	-14695
1694.451437	-600	-14695
1694.501442	-600	-14695
1694.551447	-600	-14695
1694.601452	-600	-14695
1694.651457	-600	-14695
1694.701462	-600	-14695
1694.751467	-600	-14695
1694.801473	-600	-14695
1694.851478	-600	-14695
1694.901483	-600	-14695
1694.951488	-600	-14695
1695.001493	-600	-14695
1695.051497	-600	-14695
1695.101502	-600	-14695
1695.151507	-600	-14695
1695.201512	-600	-14695
1695.251517	-600	-14695
1695.301522	-600	-14711
1695.351528	-600	-14711
1695.401533	-600	-14711
1695.451538	-600	-14711
1695.501543	-600	-14711
1695.551548	-600	-14711
1695.601552	-600	-14711
1695.651557	-600	-14711
1695.701562	-600	-14707
1695.751567	-600	-14703
1695.801572	-600	-14595
1695.851577	-600	-14591
1695.901582	-600	-14591
1695.951588	-600	-14591
1696.001593	-600	-14591
1696.051598	-600	-14575
1696.101603	-600	-14523
1696.151608	-600	-14523
1696.201612	-600	-14495
1696.251617	-600	-14495
1696.301622	-600	-14415
1696.351627	-600	-14415
1696.401632	-600	-14339
1696.451637	-600	-14247
1696.501642	-600	-14167
1696.551648	-600	-14123
1696.601653	-600	-14023
1696.651658	-600	-13971
1696.701663	-600	-13851
1696.751667	-600	-13835
1696.801672	-600	-13791
1696.851677	-600	-13791
1696.901682	-604	-13791
1696.951687	-604	-13791
1697.001692	-604	-13791
1697.051697	-604	-13791
1697.101703	-604	-13791
1697.151708	-604	-13791
1697.201713	-604	-13791
1697.251718	-604	-13791
1697.301723	-604	-13791
1697.351727	-604	-13791
1697.401732	-604	-13791
1697.451737	-604	-13791
1697.501742	-604	-13791
1697.551747	-604	-13791
1697.601752	-604	-13791
1697.651757	-604	-13791
1697.701763	-608	-13791
1697.751768	-608	-13791
1697.801773	-612	-13791
1697.851778	-612	-13791
1697.901783	-612	-13791
1697.951787	-612	-13791
1698.001792	-632	-13791
1698.051797	-632	-13791
1698.101802	-632	-13791
1698.151807	-632	-13791
1698.201812	-632	-13791
1698.251817	-632	-13791
1698.301823	-632	-13791
1698.351828	-632	-13791
1698.401833	-632	-13791
1698.451838	-632	-13791
1698.501842	-632	-13791
1698.551847	-632	-13791
1698.601852	-632	-13791
1698.651857	-632	-13791
1698.701862	-632	-13791
1698.751867	-632	-13791
1698.801872	-632	-13791
1698.851878	-632	-13791
1698.901883	-632	-13791
1698.951888	-632	-13791
1699.001893	-632	-13791
1699.051898	-632	-13791
1699.101902	-632	-13791
1699.151907	-632	-13791
1699.201912	-632	-13791
1699.251917	-632	-13791
1699.301922	-632	-13807
1699.351927	-632	-13843
1699.401932	-632	-13871
1699.451938	-632	-13919
1699.501943	-632	-14023
1699.551948	-632	-14035
1699.601953	-632	-14071
1699.651958	-644	-14087
1699.701962	-644	-14115
1699.751967	-644	-14155
1699.801972	-644	-14235
1699.851977	-644	-14299
1699.901982	-644	-14383
1699.951987	-644	-14427
1700.001992	-644	-14499
1700.051998	-644	-14607
1700.102003	-644	-14719
1700.152008	-644	-14771
1700.202013	-644	-14891
1700.252017	-644	-15031
1700.302022	-644	-15035
1700.352027	-644	-15091
1700.402032	-644	-15171
1700.452037	-644	-15215
1700.502042	-644	-15255
1700.552047	-644	-15267
1700.602053	-644	-15291
1700.652058	-644	-15291
1700.702063	-644	-15311
1700.752068	-644	-15335
1700.802073	-644	-15335
1700.852077	-644	-15355
1700.902082	-644	-15371
1700.952087	-644	-15387
1701.002092	-644	-15415
1701.052097	-644	-15459
1701.102102	-644	-15459
1701.152107	-644	-15531
1701.202113	-644	-15587
1701.252118	-644	-15619
1701.302123	-644	-15703
1701.352128	-644	-15703
1701.402133	-644	-15703
1701.452137	-644	-15703
1701.502142	-644	-15763
1701.552147	-644	-16055
1701.602152	-760	-16412
1701.652157	-780	-16412
1701.702162	-780	-16412
1701.752167	-780	-16412
1701.802173	-780	-16412
1701.852178	-780	-16412
1701.902183	-780	-16412
1701.952188	-780	-16412
1702.002192	-780	-16412
1702.052197	-780	-16412
1702.102202	-780	-16412
1702.152207	-780	-16412
1702.202212	-780	-16412
1702.252217	-780	-16412
1702.302222	-780	-16412
1702.352228	-780	-16412
1702.402233	-780	-16412
1702.452238	-780	-16412
1702.502243	-780	-16412
1702.552248	-780	-16412
1702.602252	-780	-16412
1702.652257	-780	-16412
1702.702262	-780	-16412
1702.752267	-780	-16412
1702.802272	-780	-16412
1702.852277	-780	-16412
1702.902282	-780	-16412
1702.952288	-780	-16412
1703.002293	-780	-16412
1703.052298	-780	-16388
1703.102303	-780	-16388
1703.152308	-780	-16388
1703.202312	-780	-16347
1703.252317	-780	-16347
1703.302322	-780	-16307
1703.352327	-780	-16307
1703.402332	-780	-16303
1703.452337	-780	-16303
1703.502342	-780	-16303
1703.552348	-780	-16287
1703.602353	-780	-16275
1703.652358	-780	-16251
1703.702363	-780	-16247
1703.752367	-780	-16239
1703.802372	-780	-16175
1703.852377	-780	-16143
1703.902382	-780	-16143
1703.952387	-780	-16143
1704.002392	-780	-16111
1704.052397	-780	-16079
1704.102403	-780	-16067
1704.152408	-780	-16067
1704.202413	-780	-16067
1704.252418	-780	-16047
1704.302423	-780	-16031
1704.352427	-780	-16031
1704.402432	-780	-16031
1704.452437	-780	-16023
1704.502442	-780	-16003
1704.552447	-780	-16003
1704.602452	-780	-15979
1704.652457	-780	-15979
1704.702463	-780	-15967
1704.752468	-780	-15959
1704.801472	-780	-15943
1704.851477	-780	-15943
1704.901483	-780	-15931
1704.951488	-780	-15903
1705.001493	-780	-15887
1705.051497	-780	-15887
1705.101502	-780	-15887
1705.151507	-780	-15851
1705.201512	-780	-15851
1705.251517	-780	-15851
1705.301522	-780	-15851
1705.351527	-780	-15851
1705.401532	-780	-15835
1705.451537	-780	-15815
1705.501543	-780	-15795
1705.551548	-780	-15779
1705.601552	-780	-15779
1705.651557	-780	-15779
1705.701562	-780	-15779
1705.751567	-780	-15779
1705.801572	-780	-15779
1705.851577	-780	-15767
1705.901582	-780	-15767
1705.951587	-780	-15763
1706.001592	-780	-15739
1706.051598	-780	-15739
1706.101603	-780	-15735
1706.151608	-780	-15735
1706.201612	-780	-15735
1706.251617	-780	-15711
1706.301622	-780	-15659
1706.351627	-780	-15659
1706.401632	-780	-15647
1706.451637	-780	-15647
1706.501642	-780	-15647
1706.551647	-780	-15643
1706.601652	-780	-15643
1706.651658	-780	-15635
1706.701663	-780	-15627
1706.751667	-780	-15627
1706.801672	-780	-15615
1706.851677	-780	-15587
1706.901682	-780	-15535
1706.951687	-780	-15527
1707.001692	-780	-15499
1707.051697	-780	-15435
1707.101702	-780	-15435
1707.151707	-780	-15435
1707.201712	-780	-15411
1707.251718	-780	-15379
1707.301723	-780	-15367
1707.351727	-780	-15323
1707.401732	-780	-15315
1707.451737	-780	-15307
1707.501742	-780	-15291
1707.551747	-780	-15239
1707.601752	-780	-15231
1707.651757	-780	-15231
1707.701762	-780	-15207
1707.751767	-780	-15207
1707.801773	-780	-15183
1707.851778	-780	-15183
1707.901783	-780	-15143
1707.951787	-780	-15143
1708.001792	-780	-15123
1708.051797	-780	-15123
1708.101802	-780	-15123
1708.151807	-780	-15123
1708.201812	-780	-15123
1708.251817	-780	-15123
1708.301822	-780	-15123
1708.351827	-780	-15123
1708.401833	-780	-15123
1708.451838	-780	-15123
1708.501842	-780	-15123
1708.551847	-780	-15123
1708.601852	-780	-15123
1708.651857	-780	-15107
1708.701862	-780	-15103
1708.751867	-780	-15095
1708.801872	-780	-15095
1708.851877	-780	-15083
1708.901882	-780	-15067
1708.951887	-780	-15067
1709.001893	-780	-15067
1709.051898	-780	-15067
1709.101902	-780	-15067
1709.151907	-780	-15067
1709.201912	-780	-15067
1709.251917	-780	-15067
1709.301922	-780	-15067
1709.351927	-780	-15067
1709.401932	-780	-15067
1709.451937	-780	-15067
1709.501942	-780	-15067
1709.551948	-780	-15067
1709.601953	-780	-15191
1709.651958	-780	-15275
1709.701962	-780	-15359
1709.751967	-780	-15399
1709.801972	-780	-15471
1709.851977	-780	-15551
1709.901982	-780	-15647
1709.951987	-780	-15695
1710.001992	-780	-15759
1710.051997	-780	-15819
1710.102002	-780	-15907
1710.152008	-780	-15947
1710.202013	-780	-15999
1710.252017	-780	-16039
1710.302022	-780	-16039
1710.352027	-780	-16039
1710.402032	-780	-16039
1710.452037	-780	-16039
1710.502042	-780	-16039
1710.552047	-780	-16039
1710.602052	-780	-16067
1710.652057	-780	-16067
1710.702062	-780	-16111
1710.752068	-780	-16147
1710.802073	-780	-16223
1710.852077	-780	-16263
1710.902082	-780	-16295
1710.952087	-780	-16315
1711.002092	-780	-16371
1711.052097	-780	-16428
1711.102102	-780	-16448
1711.152107	-780	-16452
1711.202112	-780	-16476
1711.252117	-780	-16476
1711.302123	-780	-16536
1711.352128	-780	-16552
1711.402133	-780	-16604
1711.452137	-780	-16652
1711.502142	-780	-16656
1711.552147	-780	-16680
1711.602152	-780	-16704
1711.652157	-780	-16704
1711.702162	-780	-16704
1711.752167	-780	-16732
1711.802172	-780	-16732
1711.852177	-780	-16732
1711.902183	-780	-16732
1711.952188	-780	-16732
1712.002192	-780	-16732
1712.052197	-780	-16732
1712.102202	-780	-16732
1712.152207	-780	-16732
1712.202212	-780	-16732
1712.252217	-780	-16732
1712.302222	-780	-16732
1712.352227	-780	-16732
1712.402232	-780	-16732
1712.452237	-780	-16732
1712.502243	-780	-16732
1712.552248	-780	-16752
1712.602252	-780	-16752
1712.652257	-780	-16752
1712.702262	-780	-16752
1712.752267	-780	-16752
1712.802272	-780	-16752
1712.852277	-780	-16752
1712.902282	-780	-16752
1712.952287	-780	-16752
1713.002292	-780	-16752
1713.052298	-780	-16752
1713.102303	-780	-16752
1713.152308	-780	-16752
1713.202312	-780	-16752
1713.252317	-780	-16752
1713.302322	-780	-16752
1713.352327	-780	-16752
1713.402332	-780	-16760
1713.452337	-780	-16760
1713.502342	-780	-16760
1713.552347	-780	-16760
1713.602352	-780	-16760
1713.652358	-780	-16760
1713.702363	-780	-16760
1713.752367	-780	-16760
1713.802372	-780	-16760
1713.852377	-780	-16760
1713.902382	-780	-16760
1713.952387	-780	-16760
1714.002392	-780	-16760
1714.052397	-780	-16760
1714.102402	-780	-16760
1714.152407	-780	-16760
1714.202412	-780	-16760
1714.252418	-780	-16760
1714.302423	-780	-16760
1714.352427	-780	-16760
1714.402432	-780	-16760
1714.452437	-780	-16760
1714.502442	-780	-16760
1714.552447	-780	-16760
1714.602452	-780	-16784
1714.652457	-780	-16796
1714.702462	-780	-16824
1714.752467	-780	-16896
1714.802473	-780	-16908
1714.852478	-780	-16916
1714.902483	-780	-16948
1715.036496	-780	-17116
1715.052497	-780	-17260
1715.102502	-780	-17288
1715.152507	-780	-17328
1715.202512	-780	-17336
1715.252517	-780	-17340
1715.302522	-780	-17368
1715.352527	-780	-17368
1715.402533	-780	-17384
1715.452538	-780	-17384
1715.502542	-780	-17384
1715.552547	-780	-17384
1715.602552	-780	-17384
1715.652557	-780	-17384
1715.702562	-780	-17416
1715.752567	-780	-17416
1715.802572	-780	-17416
1715.852577	-780	-17416
1715.902582	-780	-17416
1715.952587	-780	-17416
1716.002593	-780	-17416
1716.052598	-780	-17416
1716.102602	-780	-17416
1716.152607	-780	-17416
1716.202612	-780	-17416
1716.252617	-780	-17416
1716.302622	-780	-17416
1716.352627	-780	-17416
1716.402632	-780	-17416
1716.452637	-780	-17452
1716.502642	-780	-17456
1716.552648	-780	-17456
1716.602653	-780	-17496
1716.652658	-780	-17496
1716.702662	-780	-17496
1716.752667	-780	-17496
1716.802672	-780	-17496
1716.852677	-780	-17496
1716.902682	-780	-17496
1716.952687	-780	-17496
1717.002692	-780	-17496
1717.052697	-780	-17516
1717.102702	-780	-17516
1717.152708	-780	-17516
1717.202713	-780	-17516
1717.252717	-780	-17524
1717.302722	-780	-17532
1717.352727	-780	-17532
1717.402732	-780	-17536
1717.452737	-780	-17536
1717.502742	-780	-17548
1717.552747	-780	-17548
1717.602752	-780	-17548
1717.652757	-780	-17548
1717.702762	-780	-17548
1717.752768	-780	-17548
1717.802773	-780	-17548
1717.852777	-780	-17548
1717.902782	-780	-17548
1717.952787	-780	-17548
1718.002792	-780	-17552
1718.052797	-780	-17560
1718.102802	-780	-17572
1718.152807	-780	-17580
1718.202812	-780	-17580
1718.252817	-780	-17580
1718.302823	-780	-17580
1718.352828	-780	-17592
1718.402833	-780	-17600
1718.452837	-780	-17656
1718.502842	-780	-17656
1718.556848	-780	-17656
1718.602852	-780	-17668
1718.652857	-780	-17668
1718.702862	-780	-17684
1718.752867	-780	-17708
1718.802872	-780	-17708
1718.852877	-780	-17708
1718.902883	-780	-17708
1718.952888	-780	-17708
1719.002892	-780	-17708
1719.052897	-780	-17708
1719.102902	-780	-17708
1719.152907	-780	-17708
1719.202912	-780	-17708
1719.252917	-780	-17708
1719.302922	-780	-17708
1719.352927	-780	-17708
1719.402932	-780	-17708
1719.452937	-780	-17708
1719.502943	-780	-17708
1719.552948	-780	-17736
1719.602952	-780	-17748
1719.652957	-780	-17800
1719.702962	-780	-17800
1719.752967	-780	-17832
1719.802972	-780	-17832
1719.852977	-780	-17832
1719.902982	-780	-17832
1719.952987	-780	-17908
1720.002992	-780	-17980
1720.052998	-780	-18168
1720.103003	-780	-18580
1720.153008	-780	-19044
1720.203012	-780	-19080
1720.253017	-780	-19080
1720.303022	-780	-19080
1720.353027	-780	-19080
1720.403032	-780	-19080
1720.453037	-780	-19080
1720.503042	-780	-19080
1720.553047	-780	-19080
1720.603052	-780	-19080
1720.653058	-780	-19080
1720.703063	-780	-19080
1720.753067	-780	-19076
1720.803072	-780	-19076
1720.853077	-780	-19076
1720.903082	-780	-19072
1720.955088	-780	-19040
1721.003092	-780	-19040
1721.053097	-780	-19040
1721.103102	-780	-19040
1721.153107	-780	-19040
1721.203112	-780	-19040
1721.253118	-780	-19040
1721.303123	-780	-19040
1721.353127	-780	-19040
1721.403132	-780	-19040
1721.453137	-780	-19040
1721.503142	-780	-19040
1721.553147	-780	-19040
1721.603152	-780	-19032
1721.653157	-780	-19020
1721.703162	-780	-18992
1721.753167	-780	-18944
1721.803173	-780	-18924
1721.853178	-780	-18888
1721.903183	-780	-18844
1721.953187	-780	-18844
1722.003192	-780	-18824
1722.053197	-780	-18824
1722.103202	-780	-18792
1722.153207	-780	-18792
1722.203212	-780	-18792
1722.252217	-780	-18780
1722.302222	-780	-18780
1722.352227	-780	-18780
1722.402232	-780	-18740
1722.452237	-780	-18724
1722.502242	-780	-18708
1722.552247	-780	-18708
1722.602252	-780	-18676
1722.652257	-780	-18676
1722.702262	-780	-18664
1722.752267	-780	-18664
1722.802272	-780	-18656
1722.852277	-780	-18656
1722.902282	-780	-18656
1722.952287	-780	-18632
1723.002292	-780	-18632
1723.052297	-780	-18632
1723.102302	-780	-18632
1723.152307	-780	-18632
1723.202312	-780	-18624
1723.252317	-780	-18624
1723.302322	-780	-18624
1723.352327	-780	-18620
1723.402332	-780	-18604
1723.452337	-780	-18580
1723.502342	-780	-18580
1723.552347	-780	-18572
1723.602352	-780	-18564
1723.652357	-780	-18564
1723.702362	-780	-18564
1723.752367	-780	-18564
1723.802372	-780	-18564
1723.852377	-780	-18564
1723.902382	-780	-18564
1723.952387	-780	-18552
1724.002392	-780	-18540
1724.052397	-780	-18500
1724.102402	-780	-18500
1724.152407	-780	-18488
1724.202412	-780	-18468
1724.252417	-780	-18464
1724.302422	-780	-18432
1724.352427	-780	-18432
1724.402432	-780	-18432
1724.452437	-780	-18432
1724.502442	-780	-18408
1724.552447	-780	-18408
1724.602452	-780	-18408
1724.652457	-780	-18404
1724.702462	-780	-18404
1724.752467	-780	-18364
1724.802472	-780	-18364
1724.852477	-780	-18364
1724.902482	-780	-18364
1724.952487	-780	-18364
1725.002492	-780	-18364
1725.052497	-780	-18364
1725.102502	-780	-18364
1725.152507	-780	-18364
1725.202512	-780	-18364
1725.252517	-780	-18364
1725.302522	-780	-18364
1725.352527	-780	-18364
1725.402532	-780	-18364
1725.452537	-780	-18364
1725.502542	-780	-18364
1725.552547	-780	-18364
1725.602552	-780	-18364
1725.652557	-780	-18364
1725.702562	-780	-18364
1725.752567	-780	-18364
1725.802572	-780	-18364
1725.852577	-780	-18364
1725.902582	-780	-18364
1725.952587	-780	-18364
1726.002592	-780	-18364
1726.052597	-780	-18364
1726.102602	-780	-18364
1726.152607	-780	-18364
1726.202612	-780	-18364
1726.252617	-780	-18364
1726.302622	-780	-18364
1726.352627	-780	-18364
1726.402632	-780	-18364
1726.452637	-780	-18364
1726.502642	-780	-18364
1726.552647	-780	-18364
1726.602652	-780	-18356
1726.652657	-780	-18352
1726.702662	-780	-18332
1726.752667	-780	-18324
1726.802672	-780	-18288
1726.852677	-780	-18204
1726.902682	-780	-18156
1726.952687	-780	-18124
1727.002692	-780	-18080
1727.052697	-780	-18076
1727.102702	-780	-18064
1727.152707	-780	-18032
1727.202712	-780	-17988
1727.252717	-780	-17964
1727.302722	-780	-17900
1727.352727	-780	-17868
1727.402732	-780	-17864
1727.452737	-780	-17848
1727.502742	-780	-17840
1727.552747	-780	-17840
1727.602752	-780	-17840
1727.652757	-780	-17840
1727.702762	-780	-17840
1727.752767	-780	-17840
1727.802772	-780	-17840
1727.852777	-780	-17840
1727.902782	-780	-17840
1727.952787	-780	-17840
1728.002792	-780	-17840
1728.052797	-780	-17840
1728.102802	-780	-17840
1728.152807	-780	-17840
1728.202812	-780	-17840
1728.252817	-780	-17840
1728.302822	-780	-17840
1728.352827	-780	-17840
1728.402832	-780	-17840
1728.452837	-780	-17840
1728.502842	-780	-17840
1728.552847	-780	-17840
1728.602852	-780	-17840
1728.652857	-780	-17840
1728.702862	-780	-17840
1728.752867	-780	-17840
1728.802872	-780	-17840
1728.852877	-780	-17840
1728.902882	-780	-17840
1728.952887	-780	-17840
1729.002892	-780	-17840
1729.052897	-780	-17840
1729.102902	-780	-17840
1729.152907	-780	-17840
1729.202912	-780	-17840
1729.252917	-780	-17840
1729.302922	-780	-17840
1729.352927	-780	-17840
1729.402932	-780	-17840
1729.452937	-780	-17840
1729.502942	-780	-17840
1729.552947	-780	-17840
1729.602952	-780	-17840
1729.652957	-780	-17840
1729.702962	-780	-17840
1729.752967	-780	-17840
1729.802972	-780	-17840
1729.852977	-780	-17840
1729.902982	-780	-17840
1729.952987	-780	-17840
1730.002992	-780	-17840
1730.052997	-780	-17840
1730.103002	-780	-17840
1730.153007	-780	-17840
1730.203012	-780	-17840
1730.253017	-780	-17840
1730.303022	-780	-17840
1730.353027	-780	-17840
1730.403032	-780	-17840
1730.453037	-780	-17840
1730.503042	-780	-17840
1730.553047	-780	-17840
1730.603052	-780	-17840
1730.653057	-780	-17840
1730.703062	-780	-17840
1730.753067	-780	-17840
1730.803072	-780	-17840
1730.853077	-780	-17840
1730.903082	-780	-17840
1730.953087	-780	-17840
1731.003092	-780	-17840
1731.053097	-780	-17840
1731.103102	-780	-17840
1731.153107	-780	-17840
1731.203112	-780	-17840
1731.253117	-780	-17840
1731.303122	-780	-17840
1731.353127	-780	-17840
1731.403132	-780	-17840
1731.453137	-780	-17840
1731.503142	-780	-17840
1731.553147	-780	-17840
1731.603152	-780	-17840
1731.653157	-780	-17840
1731.703162	-780	-17840
1731.753167	-780	-17840
1731.803172	-780	-17840
1731.853177	-780	-17840
1731.903182	-780	-17840
1731.953187	-780	-17840
1732.003192	-780	-17840
1732.053197	-780	-17840
1732.103202	-780	-17840
1732.153207	-780	-17840
1732.203212	-780	-17840
1732.253217	-780	-17840
1732.303222	-780	-17840
1732.353227	-780	-17840
1732.403232	-780	-17840
1732.453237	-780	-17840
1732.503242	-780	-17840
1732.553247	-780	-17840
1732.603252	-780	-17840
1732.653257	-780	-17840
1732.703262	-780	-17840
1732.753267	-780	-17840
1732.803272	-780	-17840
1732.853277	-780	-17840
1732.903282	-780	-17840
1732.953287	-780	-17840
1733.003292	-780	-17840
1733.053297	-780	-17840
1733.103302	-780	-17840
1733.153307	-780	-17840
1733.203312	-780	-17840
1733.253317	-780	-17840
1733.303322	-780	-17840
1733.353327	-780	-17840
1733.403332	-780	-17840
1733.453337	-780	-17840
1733.503342	-780	-17840
1733.553347	-780	-17840
1733.603352	-780	-17840
1733.653357	-780	-17840
1733.703362	-780	-17816
1733.753367	-780	-17816
1733.803372	-780	-17792
1733.853377	-780	-17780
1733.903382	-780	-17780
1733.953387	-780	-17780
1734.003392	-780	-17780
1734.053397	-780	-17776
1734.103402	-780	-17776
1734.153407	-780	-17776
1734.203412	-780	-17776
1734.253417	-780	-17776
1734.303422	-780	-17776
1734.353427	-780	-17776
1734.403432	-780	-17776
1734.453437	-780	-17776
1734.503442	-780	-17776
1734.553447	-780	-17776
1734.603452	-780	-17776
1734.653457	-780	-17776
1734.703462	-780	-17776
1734.753467	-780	-17776
1734.803472	-780	-17804
1734.853477	-780	-17892
1734.903482	-780	-17972
1734.953487	-780	-17992
1735.003492	-780	-18096
1735.053497	-780	-18180
1735.103502	-780	-18296
1735.153507	-780	-18348
1735.203512	-780	-18624
1735.253517	-780	-18876
1735.303522	-780	-19812
1735.353527	-780	-19948
1735.403532	-780	-19992
1735.453537	-780	-19992
1735.503542	-780	-19992
1735.553547	-780	-19992
1735.603552	-780	-19992
1735.653557	-780	-19992
1735.703562	-780	-19992
1735.753567	-780	-19992
1735.803572	-780	-19992
1735.853577	-780	-19988
1735.903582	-780	-19984
1735.953587	-780	-19916
1736.003592	-780	-19908
1736.053597	-780	-19880
1736.103602	-780	-19848
1736.153607	-780	-19848
1736.203612	-780	-19824
1736.253617	-780	-19816
1736.303622	-780	-19784
1736.353627	-780	-19784
1736.403632	-780	-19780
1736.453637	-780	-19780
1736.503642	-780	-19780
1736.553647	-780	-19780
1736.603652	-780	-19780
1736.653657	-780	-19768
1736.703662	-780	-19768
1736.753667	-780	-19768
1736.803672	-780	-19768
1736.853677	-780	-19768
1736.903682	-780	-19768
1736.953687	-780	-19768
1737.003692	-780	-19768
1737.053697	-780	-19768
1737.103702	-780	-19768
1737.153707	-780	-19768
1737.203712	-780	-19768
1737.253717	-780	-19768
1737.303722	-780	-19768
1737.353727	-780	-19768
1737.403732	-780	-19768
1737.453737	-780	-19768
1737.503742	-780	-19768
1737.553747	-780	-19768
1737.603752	-780	-19768
1737.653757	-780	-19768
1737.703762	-780	-19784
1737.753767	-780	-19784
1737.803772	-780	-19784
1737.853777	-780	-19800
1737.903782	-780	-19832
1737.953787	-780	-19832
1738.003792	-780	-19848
1738.053797	-780	-19856
1738.103802	-780	-19916
1738.153807	-780	-19916
1738.203812	-780	-19916
1738.253817	-780	-19948
1738.303822	-780	-19948
1738.353827	-780	-19948
1738.403832	-780	-19976
1738.453837	-780	-20020
1738.503842	-780	-20028
1738.553847	-780	-20044
1738.603852	-780	-20072
1738.653857	-780	-20072
1738.703862	-780	-20072
1738.753867	-780	-20092
1738.803872	-780	-20100
1738.853877	-780	-20128
1738.903882	-780	-20128
1738.953887	-780	-20168
1739.003892	-780	-20188
1739.053897	-780	-20244
1739.103902	-780	-20268
1739.153907	-780	-20272
1739.203912	-780	-20356
1739.253917	-780	-20460
1739.303922	-780	-20548
1739.353927	-780	-20572
1739.403932	-780	-20572
1739.453937	-780	-20572
1739.503942	-780	-20572
1739.553947	-780	-20572
1739.603952	-780	-20572
1739.653957	-780	-20572
1739.703962	-780	-20572
1739.752967	-780	-20572
1739.802972	-780	-20572
1739.852977	-780	-20572
1739.902982	-780	-20572
1739.952987	-780	-20600
1740.002992	-780	-20600
1740.052997	-780	-20608
1740.103002	-780	-20608
1740.153007	-780	-20612
1740.203012	-780	-20612
1740.253017	-780	-20612
1740.303022	-780	-20612
1740.353027	-780	-20612
1740.403032	-780	-20624
1740.453037	-780	-20624
1740.503042	-780	-20624
1740.553047	-780	-20624
1740.603052	-780	-20624
1740.653057	-780	-20624
1740.703062	-780	-20624
1740.753067	-780	-20624
1740.803072	-780	-20624
1740.853077	-780	-20624
1740.903082	-780	-20624
1740.953087	-780	-20624
1741.003092	-780	-20624
1741.053097	-780	-20624
1741.103102	-780	-20624
1741.153107	-780	-20624
1741.203112	-780	-20624
1741.253117	-780	-20624
1741.303122	-780	-20624
1741.353127	-780	-20624
1741.403132	-780	-20624
1741.453137	-780	-20624
1741.503142	-780	-20624
1741.553147	-780	-20624
1741.603152	-780	-20624
1741.653157	-780	-20624
1741.703162	-780	-20624
1741.753167	-780	-20624
1741.803172	-780	-20624
1741.853177	-780	-20624
1741.903182	-780	-20624
1741.953187	-780	-20624
1742.003192	-780	-20624
1742.053197	-780	-20624
1742.103202	-780	-20624
1742.153207	-780	-20624
1742.203212	-780	-20624
1742.253217	-780	-20624
1742.303222	-780	-20624
1742.353227	-780	-20624
1742.403232	-780	-20624
1742.453237	-780	-20624
1742.503242	-780	-20624
1742.553247	-780	-20624
1742.603252	-780	-20624
1742.653257	-780	-20624
1742.703262	-780	-20624
1742.753267	-780	-20624
1742.803272	-780	-20624
1742.853277	-780	-20624
1742.903282	-780	-20624
1742.953287	-780	-20624
1743.003292	-780	-20624
1743.053297	-780	-20624
1743.103302	-780	-20624
1743.153307	-780	-20624
1743.203312	-780	-20624
1743.253317	-780	-20484
1743.303322	-780	-20456
1743.353327	-780	-20456
1743.403332	-780	-20424
1743.454337	-780	-20424
1743.503342	-780	-20424
1743.553347	-780	-20424
1743.603352	-780	-20424
1743.653357	-780	-20424
1743.703362	-780	-20424
1743.753367	-780	-20424
1743.803372	-780	-20424
1743.853377	-780	-20424
1743.903382	-780	-20424
1743.953387	-780	-20424
1744.003392	-780	-20424
1744.053397	-780	-20424
1744.103402	-780	-20424
1744.153407	-780	-20424
1744.203412	-780	-20424
1744.253417	-780	-20412
1744.303422	-780	-20404
1744.353427	-780	-20336
1744.403432	-780	-20336
1744.453437	-780	-20336
1744.503442	-780	-20336
1744.553447	-780	-20336
1744.603452	-780	-20336
1744.653457	-780	-20336
1744.703462	-780	-20304
1744.753467	-780	-20288
1744.803472	-780	-20272
1744.853477	-780	-20260
1744.903482	-780	-20260
1744.953487	-780	-20260
1745.003492	-780	-20260
1745.053497	-780	-20256
1745.103502	-780	-20256
1745.153507	-780	-20256
1745.203512	-780	-20256
1745.253517	-780	-20224
1745.303522	-780	-20216
1745.353527	-780	-20192
1745.403532	-780	-20152
1745.453537	-780	-20120
1745.503542	-780	-20088
1745.553547	-780	-20076
1745.603552	-780	-20076
1745.653557	-780	-20076
1745.703562	-780	-20048
1745.753567	-780	-20024
1745.803572	-780	-20020
1745.853577	-780	-19948
1745.903582	-780	-19932
1745.953587	-780	-19896
1746.003592	-780	-19896
1746.053597	-780	-19896
1746.103602	-780	-19896
1746.153607	-780	-19860
1746.203612	-780	-19820
1746.253617	-780	-19816
1746.303622	-780	-19776
1746.353627	-780	-19768
1746.403632	-780	-19768
1746.453637	-780	-19768
1746.503642	-780	-19768
1746.553647	-780	-19768
1746.603652	-780	-19768
1746.653657	-780	-19768
1746.703662	-780	-19768
1746.753667	-780	-19736
1746.803672	-780	-19736
1746.853677	-780	-19692
1746.903682	-780	-19692
1746.953687	-780	-19692
1747.003692	-780	-19692
1747.053697	-780	-19692
1747.103702	-780	-19692
1747.153707	-780	-19692
1747.203712	-780	-19696
1747.253717	-780	-19728
1747.303722	-780	-19728
1747.353727	-780	-19760
1747.403732	-780	-19888
1747.453737	-780	-19988
1747.503742	-780	-20124
1747.553747	-780	-20212
1747.603752	-780	-20240
1747.653757	-780	-20304
1747.703762	-780	-20368
1747.753767	-780	-20372
1747.803772	-780	-20516
1747.853777	-780	-20548
1747.903782	-780	-20580
1747.953787	-780	-20580
1748.003792	-780	-20676
1748.053797	-780	-20676
1748.103802	-780	-20700
1748.153807	-780	-20724
1748.203812	-780	-20760
1748.253817	-780	-20760
1748.303822	-780	-20812
1748.353827	-780	-20832
1748.403832	-780	-20840
1748.453837	-780	-20864
1748.503842	-780	-20864
1748.553847	-780	-20868
1748.603852	-780	-20904
1748.653857	-780	-20952
1748.703862	-780	-20964
1748.753867	-780	-20964
1748.803872	-780	-20964
1748.853877	-780	-20964
1748.903882	-780	-21012
1748.953887	-780	-21032
1749.003892	-780	-21072
1749.053897	-780	-21168
1749.103902	-780	-21168
1749.153907	-780	-21228
1749.203912	-780	-21228
1749.253917	-780	-21228
1749.303922	-780	-21228
1749.353927	-780	-21228
1749.403932	-780	-21228
1749.453937	-780	-21216
1749.503942	-780	-21040
1749.553947	-780	-21016
1749.603952	-780	-20968
1749.653957	-780	-20960
1749.703962	-780	-20944
1749.753967	-780	-20916
1749.803972	-780	-20876
1749.853977	-780	-20840
1749.903982	-780	-20816
1749.953987	-780	-20784
1750.003992	-780	-20724
1750.053997	-780	-20716
1750.104002	-780	-20688
1750.154007	-780	-20684
1750.204012	-780	-20684
1750.254017	-780	-20684
1750.304022	-780	-20684
1750.354027	-780	-20684
1750.404032	-780	-20684
1750.454037	-780	-20684
1750.504042	-780	-20684
1750.554047	-780	-20676
1750.604052	-780	-20640
1750.654057	-780	-20632
1750.704062	-780	-20580
1750.754067	-780	-20580
1750.804072	-780	-20544
1750.854077	-780	-20524
1750.904082	-780	-20524
1750.954087	-780	-20524
1751.004092	-780	-20524
1751.054097	-780	-20524
1751.104102	-780	-20524
1751.154107	-780	-20524
1751.204112	-780	-20524
1751.254117	-780	-20524
1751.304122	-780	-20524
1751.354127	-780	-20524
1751.404132	-780	-20508
1751.454137	-780	-20500
1751.504142	-780	-20380
1751.554147	-780	-20380
1751.604152	-780	-20364
1751.654157	-780	-20344
1751.704162	-780	-20316
1751.754167	-780	-20280
1751.804172	-780	-20268
1751.854177	-780	-20228
1751.904182	-780	-20188
1751.954187	-780	-20184
1752.004192	-780	-20160
1752.054197	-780	-20160
1752.104202	-780	-20160
1752.154207	-780	-20116
1752.204212	-780	-20100
1752.254217	-780	-20092
1752.304222	-780	-20072
1752.354227	-780	-20040
1752.404232	-780	-19944
1752.454237	-780	-19884
1752.504242	-780	-19884
1752.554247	-780	-19856
1752.604252	-780	-19856
1752.654257	-780	-19856
1752.704262	-780	-19856
1752.754267	-780	-19856
1752.804272	-780	-19856
1752.854277	-780	-19856
1752.904282	-780	-19856
1752.959288	-780	-19856
1753.004292	-780	-19856
1753.054297	-780	-19856
1753.104302	-780	-19856
1753.154307	-780	-19856
1753.204312	-780	-19856
1753.254317	-780	-19856
1753.304322	-780	-19856
1753.354327	-780	-19856
1753.404332	-780	-19856
1753.454337	-780	-19856
1753.504342	-780	-19856
1753.554347	-780	-19856
1753.604352	-780	-19856
1753.654357	-780	-19856
1753.704362	-780	-19856
1753.754367	-780	-19856
1753.804372	-780	-19856
1753.854377	-780	-19856
1753.904382	-780	-19856
1753.954387	-780	-19856
1754.004392	-780	-19856
1754.054397	-780	-19856
1754.104402	-780	-19856
1754.154407	-780	-19856
1754.204412	-780	-19856
1754.254417	-780	-19856
1754.304422	-780	-19856
1754.354427	-780	-19856
1754.404432	-780	-19856
1754.454437	-780	-19856
1754.504442	-780	-19856
1754.554447	-780	-19856
1754.604452	-780	-19856
1754.654457	-780	-19856
1754.704462	-780	-19856
1754.754467	-780	-19856
1754.804472	-780	-19856
1754.854477	-780	-19820
1754.904482	-780	-19820
1754.954487	-780	-19820
1755.004492	-780	-19804
1755.054497	-780	-19804
1755.104502	-780	-19804
1755.154507	-780	-19804
1755.204512	-780	-19804
1755.254517	-780	-19804
1755.304522	-780	-19772
1755.354527	-780	-19772
1755.404532	-780	-19772
1755.454537	-780	-19772
1755.504542	-780	-19772
1755.554547	-780	-19772
1755.604552	-780	-19772
1755.654557	-780	-19772
1755.704562	-780	-19720
1755.754567	-780	-19720
1755.804572	-780	-19720
1755.854577	-780	-19720
1755.904582	-780	-19696
1755.954587	-780	-19660
1756.004592	-780	-19660
1756.054597	-780	-19660
1756.104602	-780	-19660
1756.154607	-780	-19660
1756.204612	-780	-19660
1756.254617	-780	-19660
1756.304622	-780	-19660
1756.354627	-780	-19656
1756.404632	-780	-19628
1756.454637	-780	-19608
1756.504642	-780	-19608
1756.554647	-780	-19608
1756.604652	-780	-19608
1756.654657	-780	-19604
1756.704662	-780	-19604
1756.754667	-780	-19588
1756.804672	-780	-19576
1756.854677	-780	-19576
1756.904682	-780	-19576
1756.954687	-780	-19564
1757.004692	-780	-19564
1757.054697	-780	-19564
1757.104702	-780	-19552
1757.154707	-780	-19552
1757.204712	-780	-19532
1757.253717	-780	-19504
1757.303722	-780	-19504
1757.353727	-780	-19504
1757.403732	-780	-19504
1757.453737	-780	-19504
1757.503742	-780	-19504
1757.553747	-780	-19504
1757.603752	-780	-19504
1757.653757	-780	-19504
1757.703762	-780	-19504
1757.753767	-780	-19504
1757.803772	-780	-19504
1757.853777	-780	-19504
1757.903782	-780	-19504
1757.953787	-780	-19504
1758.003792	-780	-19504
1758.053797	-780	-19504
1758.103802	-780	-19504
1758.153807	-780	-19504
1758.203812	-780	-19504
1758.253817	-780	-19504
1758.303822	-780	-19504
1758.353827	-780	-19504
1758.403832	-780	-19504
1758.453837	-780	-19504
1758.503842	-780	-19504
1758.553847	-780	-19504
1758.603852	-780	-19504
1758.653857	-780	-19504
1758.703862	-780	-19504
1758.753867	-780	-19504
1758.803872	-780	-19504
1758.853877	-780	-19504
1758.903882	-780	-19504
1758.953887	-780	-19504
1759.003892	-780	-19504
1759.053897	-780	-19504
1759.103902	-780	-19504
1759.153907	-780	-19504
1759.203912	-780	-19504
1759.253917	-780	-19504
1759.303922	-780	-19504
1759.353927	-780	-19504
1759.403932	-780	-19504
1759.453937	-780	-19504
1759.503942	-780	-19504
1759.553947	-780	-19504
1759.603952	-780	-19504
1759.653957	-780	-19504
1759.703962	-780	-19504
1759.753967	-780	-19504
1759.803972	-780	-19504
1759.853977	-780	-19504
1759.903982	-780	-19504
1759.953987	-780	-19504
1760.003992	-780	-19504
1760.053997	-780	-19504
1760.104002	-780	-19504
1760.154007	-780	-19512
1760.204012	-780	-19512
1760.254017	-780	-19512
1760.304022	-780	-19512
1760.354027	-780	-19512
1760.404032	-780	-19512
1760.454037	-780	-19512
1760.504042	-780	-19512
1760.554047	-780	-19512
1760.604052	-780	-19532
1760.654057	-780	-19532
1760.704062	-780	-19536
1760.754067	-780	-19536
1760.804072	-780	-19568
1760.854077	-780	-19568
1760.904082	-780	-19596
1760.954087	-780	-19596
1761.004092	-780	-19616
1761.054097	-780	-19652
1761.104102	-780	-19672
1761.154107	-780	-19672
1761.204112	-780	-19672
1761.254117	-780	-19672
1761.304122	-780	-19672
1761.354127	-780	-19672
1761.404132	-780	-19672
1761.454137	-780	-19672
1761.504142	-780	-19672
1761.554147	-780	-19672
1761.604152	-780	-19672
1761.654157	-780	-19672
1761.704162	-780	-19672
1761.754167	-780	-19672
1761.804172	-780	-19672
1761.854177	-780	-19672
1761.904182	-780	-19672
1761.954187	-780	-19672
1762.004192	-780	-19696
1762.054197	-780	-19700
1762.104202	-780	-19720
1762.154207	-780	-19720
1762.204212	-780	-19732
1762.254217	-780	-19732
1762.304222	-780	-19732
1762.354227	-780	-19732
1762.404232	-780	-19732
1762.454237	-780	-19732
1762.504242	-780	-19732
1762.554247	-780	-19732
1762.604252	-780	-19732
1762.654257	-780	-19732
1762.704262	-780	-19732
1762.754267	-780	-19732
1762.804272	-780	-19732
1762.854277	-780	-19732
1762.904282	-780	-19732
1762.954287	-780	-19732
1763.004292	-780	-19732
1763.054297	-780	-19732
1763.104302	-780	-19732
1763.154307	-780	-19732
1763.204312	-780	-19732
1763.254317	-780	-19732
1763.304322	-780	-19732
1763.354327	-780	-19732
1763.404332	-780	-19732
1763.454337	-780	-19732
1763.504342	-780	-19732
1763.554347	-780	-19732
1763.604352	-780	-19732
1763.654357	-780	-19732
1763.704362	-780	-19732
1763.754367	-780	-19732
1763.804372	-780	-19732
1763.854377	-780	-19732
1763.904382	-780	-19732
1763.954387	-780	-19732
1764.004392	-780	-19732
1764.054397	-780	-19732
1764.104402	-780	-19732
1764.154407	-780	-19732
1764.204412	-780	-19732
1764.254417	-780	-19732
1764.304422	-780	-19732
1764.354427	-780	-19732
1764.404432	-780	-19736
1764.454437	-780	-19736
1764.504442	-780	-19736
1764.554447	-780	-19736
1764.604452	-780	-19736
1764.654457	-780	-19736
1764.704462	-780	-19736
1764.754467	-780	-19736
1764.804472	-780	-19736
1764.854477	-780	-19736
1764.904482	-780	-19736
1764.954487	-780	-19736
1765.004492	-780	-19736
1765.054497	-780	-19736
1765.104502	-780	-19736
1765.154507	-780	-19736
1765.204512	-780	-19736
1765.254517	-780	-19736
1765.304522	-780	-19736
1765.354527	-780	-19736
1765.404532	-780	-19736
1765.454537	-780	-19736
1765.504542	-780	-19736
1765.554547	-780	-19736
1765.604552	-780	-19736
1765.654557	-780	-19736
1765.704562	-780	-19736
1765.754567	-780	-19736
1765.804572	-780	-19736
1765.854577	-780	-19736
1765.904582	-780	-19736
1765.954587	-780	-19736
1766.004592	-780	-19736
1766.054597	-780	-19736
1766.104602	-780	-19740
1766.154607	-780	-19784
1766.204612	-780	-19784
1766.254617	-780	-19784
1766.304622	-780	-19784
1766.354627	-780	-19796
1766.404632	-780	-19812
1766.454637	-780	-19812
1766.504642	-780	-19820
1766.554647	-780	-19820
1766.604652	-780	-19852
1766.654657	-780	-19860
1766.704662	-780	-19860
1766.754667	-780	-19860
1766.804672	-780	-19872
1766.854677	-780	-19892
1766.904682	-780	-19928
1766.954687	-780	-19928
1767.004692	-780	-19948
1767.054697	-780	-19964
1767.104702	-780	-19964
1767.154707	-780	-19972
1767.204712	-780	-20000
1767.254717	-780	-20032
1767.304722	-780	-20064
1767.354727	-780	-20112
1767.404732	-780	-20184
1767.454737	-780	-20236
1767.504742	-780	-20260
1767.554747	-780	-20328
1767.604752	-780	-20328
1767.654757	-780	-20328
1767.704762	-780	-20328
1767.754767	-780	-20332
1767.804772	-780	-20404
1767.854777	-780	-20444
1767.904782	-780	-20480
1767.954787	-780	-20536
1768.004792	-780	-20548
1768.054797	-780	-20548
1768.104802	-780	-20568
1768.154807	-780	-20620
1768.204812	-780	-20664
1768.254817	-780	-20664
1768.304822	-780	-20676
1768.354827	-780	-20688
1768.404832	-780	-20688
1768.454837	-780	-20688
1768.504842	-780	-20688
1768.554847	-780	-20688
1768.604852	-780	-20688
1768.654857	-780	-20688
1768.704862	-780	-20688
1768.754867	-780	-20688
1768.804872	-780	-20688
1768.854877	-780	-20688
1768.904882	-780	-20688
1768.954887	-780	-20688
1769.004892	-780	-20688
1769.054897	-780	-20688
1769.104902	-780	-20688
1769.154907	-780	-20752
1769.204912	-780	-20772
1769.254917	-780	-20792
1769.304922	-780	-20796
1769.354927	-780	-20796
1769.404932	-780	-20860
1769.454937	-780	-20860
1769.504942	-780	-20868
1769.554947	-780	-20892
1769.604952	-780	-20904
1769.654957	-780	-20904
1769.704962	-780	-20916
1769.754967	-780	-20916
1769.804972	-780	-20964
1769.854977	-780	-20988
1769.904982	-780	-21004
1769.954987	-780	-21004
1770.004992	-780	-21004
1770.054997	-780	-21004
1770.105002	-780	-21004
1770.155007	-780	-21004
1770.205012	-780	-21004
1770.255017	-780	-21004
1770.305022	-780	-21004
1770.355027	-780	-21004
1770.405032	-780	-20984
1770.455037	-780	-20968
1770.505042	-780	-20880
1770.555047	-780	-20816
1770.605052	-780	-20792
1770.655057	-780	-20776
1770.705062	-780	-20772
1770.755067	-780	-20772
1770.805072	-780	-20724
1770.855077	-780	-20724
1770.905082	-780	-20724
1770.955087	-780	-20724
1771.005092	-780	-20724
1771.055097	-780	-20724
1771.105102	-780	-20724
1771.155107	-780	-20724
1771.205112	-780	-20724
1771.255117	-780	-20724
1771.305122	-780	-20724
1771.355127	-780	-20724
1771.405132	-780	-20724
1771.455137	-780	-20724
1771.505142	-780	-20724
1771.555147	-780	-20720
1771.605152	-780	-20720
1771.655157	-780	-20720
1771.705162	-780	-20720
1771.755167	-780	-20720
1771.805172	-780	-20688
1771.855177	-780	-20688
1771.905182	-780	-20664
1771.955187	-780	-20664
1772.005192	-780	-20636
1772.055197	-780	-20636
1772.105202	-780	-20556
1772.155207	-780	-20556
1772.205212	-780	-20556
1772.255217	-780	-20556
1772.305222	-780	-20556
1772.355227	-780	-20556
1772.405232	-780	-20556
1772.455237	-780	-20556
1772.505242	-780	-20556
1772.555247	-780	-20556
1772.605252	-780	-20556
1772.655257	-780	-20556
1772.705262	-780	-20556
1772.755267	-780	-20556
1772.805272	-780	-20556
1772.855277	-780	-20556
1772.905282	-780	-20544
1772.955287	-780	-20544
1773.005292	-780	-20528
1773.055297	-780	-20516
1773.105302	-780	-20480
1773.155307	-780	-20480
1773.205312	-780	-20480
1773.255317	-780	-20480
1773.305322	-780	-20480
1773.355327	-780	-20480
1773.405332	-780	-20480
1773.455337	-780	-20480
1773.505342	-780	-20480
1773.555347	-780	-20480
1773.605352	-780	-20460
1773.655357	-780	-20460
1773.705362	-780	-20460
1773.755367	-780	-20460
1773.805372	-780	-20460
1773.855377	-780	-20460
1773.905382	-780	-20460
1773.955387	-780	-20460
1774.005392	-780	-20460
1774.055397	-780	-20460
1774.105402	-780	-20460
1774.155407	-780	-20460
1774.205412	-780	-20460
1774.255417	-780	-20460
1774.305422	-780	-20460
1774.355427	-780	-20460
1774.405432	-780	-20460
1774.455437	-780	-20460
1774.505442	-780	-20460
1774.555447	-780	-20460
1774.605452	-780	-20460
1774.655457	-780	-20460
1774.704462	-780	-20460
1774.754467	-780	-20460
1774.804472	-780	-20460
1774.854477	-780	-20460
1774.904482	-780	-20460
1774.954487	-780	-20460
1775.004492	-780	-20460
1775.054497	-780	-20460
1775.104502	-780	-20460
1775.154507	-780	-20460
1775.204512	-780	-20460
1775.254517	-780	-20460
1775.304522	-780	-20460
1775.354527	-780	-20460
1775.404532	-780	-20424
1775.454537	-780	-20300
1775.504542	-780	-20040
1775.554547	-780	-19776
1775.604552	-780	-19520
1775.654557	-780	-19512
1775.704562	-780	-19384
1775.754567	-780	-19364
1775.804572	-780	-19276
1775.854577	-780	-19276
1775.904582	-780	-19152
1775.954587	-780	-19092
1776.004592	-780	-18824
1776.054597	-780	-18324
1776.104602	-780	-17344
1776.154607	-780	-16363
1776.204612	-496	-13943
1776.254617	-132	-12031
1776.304622	561	-9026
1776.354627	809	-7258
1776.404632	981	-3917
1776.454637	981	-2001
1776.504642	0	0
1776.554647	0	0
1776.604652	0	0
1776.654657	0	0
1776.704662	0	0
1776.754667	0	0
1776.804672	0	0
1776.854677	0	0
1776.904682	0	0
1776.954687	0	0
1777.004692	0	0
1777.054697	0	0
1777.104702	0	0
1777.154707	0	0
1777.204712	0	0
1777.254717	0	0
1777.304722	0	0
1777.354727	0	0
1777.404732	0	0
1777.454737	0	0
1777.504742	0	0
1777.554747	0	0
1777.604752	0	0
1777.654757	0	0
1777.704762	0	0
1777.754767	0	0
1777.804772	0	0
1777.854777	0	0
1777.904782	0	0
1777.954787	0	0
1778.004792	0	0
1778.054797	0	0
1778.104802	0	0
1778.154807	0	0
1778.204812	0	0
1778.254817	0	0
1778.304822	0	0
1778.354827	0	0
1778.404832	0	0
1778.454837	0	0
1778.504842	0	0
1778.554847	0	0
1778.604852	0	0
1778.654857	0	0
1778.704862	0	0
1778.754867	0	0
1778.804872	0	0
1778.854877	0	0
1778.904882	0	0
1778.954887	0	0
1779.004892	0	0
1779.054897	0	0
1779.104902	0	0
1779.154907	0	0
1779.204912	0	0
1779.254917	0	0
1779.304922	0	0
1779.354927	0	0
1779.404932	0	0
1779.454937	0	0
1779.504942	0	0
1779.554947	0	0
1779.604952	0	0
1779.654957	0	0
1779.704962	0	0
1779.754967	0	0
1779.804972	0	0
1779.854977	0	0
1779.904982	0	0
1779.954987	0	0
1780.004992	0	0
1780.054997	0	0
1780.105002	0	0
1780.155007	0	0
1780.205012	0	0
1780.255017	0	0
1780.305022	0	0
1780.355027	0	0
1780.405032	0	0
1780.455037	0	0
1780.505042	0	0
1780.555047	0	0
1780.605052	0	0
1780.655057	0	0
1780.705062	0	0
1780.755067	0	0
1780.805072	0	0
1780.855077	0	0
1780.905082	0	0
1780.955087	0	0
1781.005092	0	0
1781.055097	0	0
1781.105102	0	0
1781.155107	0	0
1781.205112	0	0
1781.255117	0	0
1781.305122	0	0
1781.355127	0	0
1781.405132	0	0
1781.455137	0	0
1781.505142	0	0
1781.555147	0	0
1781.605152	0	0
1781.655157	0	0
1781.705162	0	0
1781.755167	0	0
1781.805172	0	0
1781.855177	0	0
1781.905182	0	0
1781.955187	0	0
1782.005192	0	0
1782.055197	0	0
1782.105202	0	0
1782.155207	0	0
1782.205212	0	0
1782.255217	0	0
1782.305222	0	0
1782.355227	0	0
1782.405232	0	0
1782.455237	0	0
1782.505242	0	0
1782.555247	0	0
1782.605252	0	0
1782.655257	0	0
1782.705262	0	0
1782.755267	0	0
1782.805272	0	0
1782.855277	0	0
1782.905282	0	0
1782.955287	0	0
1783.005292	0	0
1783.055297	0	0
1783.105302	0	0
1783.155307	0	0
1783.205312	0	0
1783.255317	0	0
1783.305322	0	0
1783.355327	0	0
1783.405332	0	0
1783.455337	0	0
1783.505342	0	0
1783.555347	0	0
1783.605352	0	0
1783.655357	0	0
1783.705362	0	0
1783.755367	0	0
1783.805372	0	0
1783.855377	0	0
1783.905382	0	0
1783.955387	0	0
1784.005392	0	0
1784.055397	0	0
1784.105402	0	0
1784.155407	0	0
1784.205412	0	0
1784.255417	0	0
1784.305422	0	0
1784.355427	0	0
1784.405432	0	0
1784.455437	0	0
1784.505442	0	0
1784.555447	0	0
1784.605452	0	0
1784.655457	0	0
1784.705462	0	0
1784.755467	0	0
1784.805472	0	0
1784.855477	0	0
1784.905482	0	0
1784.955487	0	0
1785.005492	0	0
1785.055497	0	0
1785.105502	0	0
1785.155507	0	0
1785.205512	0	0
1785.255517	0	0
1785.305522	0	0
1785.355527	0	0
1785.405532	0	0
1785.455537	0	0
1785.505542	0	0
1785.555547	0	0
1785.605552	0	0
1785.655557	0	0
1785.705562	0	0
1785.755567	0	0
1785.805572	0	0
1785.855577	0	0
1785.905582	0	0
1785.955587	0	0
1786.005592	0	0
1786.055597	0	0
1786.105602	0	0
1786.155607	0	0
1786.205612	0	0
1786.255617	0	0
1786.305622	0	0
1786.355627	0	0
1786.405632	0	0
1786.455637	0	0
1786.505642	0	0
1786.555647	0	0
1786.605652	0	0
1786.655657	0	0
1786.705662	0	0
1786.755667	0	0
1786.805672	0	0
1786.855677	0	0
1786.905682	0	0
1786.955687	0	0
1787.005692	0	0
1787.055697	0	0
1787.105702	0	0
1787.155707	0	0
1787.205712	0	0
1787.255717	0	0
1787.305722	0	0
1787.355727	0	0
1787.405732	0	0
1787.455737	0	0
1787.505742	0	0
1787.555747	0	0
1787.605752	0	0
1787.655757	0	0
1787.705762	0	0
1787.755767	0	0
1787.805772	0	0
1787.855777	0	0
1787.905782	0	0
1787.955787	0	0
1788.005792	0	0
1788.055797	0	0
1788.105802	0	0
1788.155807	0	0
1788.205812	0	0
1788.255817	0	0
1788.305822	0	0
1788.355827	0	0
1788.405832	0	0
1788.455837	0	0
1788.505842	0	0
1788.555847	0	0
1788.605852	0	0
1788.655857	0	0
1788.705862	0	0
1788.755867	0	0
1788.805872	0	0
1788.855877	0	0
1788.905882	0	0
1788.955887	0	0
1789.005892	0	0
1789.055897	0	0
1789.105902	0	0
1789.155907	0	0
1789.205912	0	0
1789.255917	0	0
1789.305922	0	0
1789.355927	0	0
1789.405932	0	0
1789.455937	0	0
1789.505942	0	0
1789.555947	0	0
1789.605952	0	0
1789.655957	0	0
1789.705962	0	0
1789.755967	0	0
1789.805972	0	0
1789.855977	0	0
1789.905982	0	0
1789.955987	0	0
1790.005992	0	0
1790.055997	0	0
1790.106002	0	0
1790.156007	0	0
1790.206012	0	0
1790.256017	0	0
1790.306022	0	0
1790.356027	0	0
1790.406032	0	0
1790.456037	0	0
1790.506042	0	0
1790.556047	0	0
1790.606052	0	0
1790.656057	0	0
1790.706062	0	0
1790.756067	0	0
1790.806072	0	0
1790.856077	0	0
1790.906082	0	0
1790.956087	0	0
1791.006092	0	0
1791.056097	0	0
1791.106102	0	0
1791.156107	0	0
1791.206112	0	0
1791.256117	0	0
1791.306122	0	0
1791.356127	0	0
1791.406132	0	0
1791.456137	0	0
1791.506142	0	0
1791.556147	0	0
1791.606152	0	0
1791.656157	0	0
1791.706162	0	0
1791.756167	0	0
1791.806172	0	0
1791.856177	0	0
1791.906182	0	0
1791.956187	0	0
1792.006192	0	0
1792.056197	0	0
1792.106202	0	0
1792.156207	0	0
1792.205212	0	0
1792.255217	0	0
1792.305222	0	0
1792.355227	0	0
1792.405232	0	0
1792.455237	0	0
1792.505242	0	0
1792.555247	0	0
1792.605252	0	0
1792.655257	0	0
1792.705262	0	0
1792.755267	0	0
1792.805272	0	0
1792.855277	0	0
1792.905282	0	0
1792.955287	0	0
1793.005292	0	0
1793.055297	0	0
1793.105302	0	0
1793.155307	0	0
1793.205312	0	0
1793.255317	0	0
1793.305322	0	0
1793.355327	0	0
1793.405332	0	0
1793.455337	0	0
1793.505342	0	0
1793.555347	0	0
1793.605352	0	0
1793.655357	0	0
1793.705362	0	0
1793.755367	0	0
1793.805372	0	0
1793.855377	0	0
1793.905382	0	0
1793.955387	0	0
1794.005392	0	0
1794.055397	0	0
1794.105402	0	0
1794.155407	0	0
1794.205412	0	0
1794.255417	0	0
1794.305422	0	0
1794.355427	0	0
1794.405432	0	0
1794.455437	0	0
1794.505442	0	0
1794.555447	0	0
1794.605452	0	0
1794.655457	0	0
1794.705462	0	0
1794.755467	0	0
1794.805472	0	0
1794.855477	0	0
1794.905482	0	0
1794.955487	0	0
1795.005492	0	0
1795.055497	0	0
1795.105502	0	0
1795.155507	0	0
1795.205512	0	0
1795.255517	0	0
1795.305522	0	0
1795.355527	0	0
1795.405532	0	0
1795.455537	0	0
1795.505542	0	0
1795.555547	0	0
1795.605552	0	0
1795.655557	0	0
1795.705562	0	0
1795.755567	0	0
1795.805572	0	0
1795.855577	0	0
1795.905582	0	0
1795.955587	0	0
1796.005592	0	0
1796.055597	0	0
1796.105602	0	0
1796.155607	0	0
1796.205612	0	0
1796.255617	0	0
1796.305622	0	0
1796.355627	0	0
1796.405632	0	0
1796.455637	0	0
1796.505642	0	0
1796.555647	0	0
1796.605652	0	0
1796.655657	0	0
1796.705662	0	0
1796.755667	0	0
1796.805672	0	0
1796.855677	0	0
1796.905682	0	0
1796.955687	0	0
1797.005692	0	0
1797.055697	0	0
1797.105702	0	0
1797.155707	0	0
1797.205712	0	0
1797.255717	0	0
1797.305722	0	0
1797.355727	0	0
1797.405732	0	0
1797.455737	0	0
1797.505742	0	0
1797.555747	0	0
1797.605752	0	0
1797.655757	0	0
1797.705762	0	0
1797.755767	0	0
1797.805772	0	0
1797.855777	0	0
1797.905782	0	0
1797.955787	0	0
1798.005792	0	0
1798.055797	0	0
1798.105802	0	0
1798.155807	0	0
1798.205812	0	0
1798.255817	0	0
1798.305822	0	0
1798.355827	0	0
1798.405832	0	0
1798.455837	0	0
1798.505842	0	0
1798.555847	0	0
1798.605852	0	0
1798.655857	0	0
1798.705862	0	0
1798.755867	0	0
1798.805872	0	0
1798.855877	0	0
1798.905882	0	0
1798.955887	0	0
1799.005892	0	0
1799.055897	0	0
1799.105902	0	0
1799.155907	0	0
1799.205912	0	0
1799.255917	0	0
1799.305922	0	0
1799.355927	0	0
1799.405932	0	0
1799.455937	0	0
1799.505942	0	0
1799.555947	0	0
1799.605952	0	0
1799.655957	0	0
1799.705962	0	0
1799.755967	0	0
1799.805972	0	0
1799.855977	0	0
1799.905982	0	0
1799.955987	0	0
1800.005992	0	0
1800.055997	0	0
1800.106002	0	0
1800.156007	0	0
1800.206012	0	0
1800.256017	0	0
1800.306022	0	0
1800.356027	0	0
1800.406032	0	0
1800.456037	0	0
1800.506042	0	0
1800.556047	0	0
1800.606052	0	0
1800.656057	0	0
1800.706062	0	0
1800.756067	0	0
1800.806072	0	0
1800.856077	0	0
1800.906082	0	0
1800.956087	0	0
1801.006092	0	0
1801.056097	0	0
1801.106102	0	0
1801.156107	0	0
1801.206112	0	0
1801.256117	0	0
1801.306122	0	0
1801.356127	0	0
1801.406132	0	0
1801.456137	0	0
1801.506142	0	0
1801.556147	0	0
1801.606152	0	0
1801.656157	0	0
1801.706162	0	0
1801.756167	0	0
1801.806172	0	0
1801.856177	0	0
1801.906182	0	0
1801.956187	0	0
1802.006192	0	0
1802.056197	0	0
1802.106202	0	0
1802.156207	0	0
1802.206212	0	0
1802.256217	0	0
1802.306222	0	0
1802.356227	0	0
1802.406232	0	0
1802.456237	0	0
1802.506242	0	0
1802.556247	0	0
1802.606252	0	0
1802.656257	0	0
1802.706262	0	0
1802.756267	0	0
1802.806272	0	0
1802.856277	0	0
1802.906282	0	0
1802.956287	0	0
1803.006292	0	0
1803.056297	0	0
1803.106302	0	0
1803.156307	0	0
1803.206312	0	0
1803.256317	0	0
1803.306322	0	0
1803.356327	0	0
1803.406332	0	0
1803.456337	0	0
1803.506342	0	0
1803.556347	0	0
1803.606352	0	0
1803.656357	0	0
1803.706362	0	0
1803.756367	0	0
1803.806372	0	0
1803.856377	0	0
1803.906382	0	0
1803.956387	0	0
1804.006392	0	0
1804.056397	0	0
1804.106402	0	0
1804.156407	0	0
1804.206412	0	0
1804.256417	0	0
1804.306422	0	0
1804.356427	0	0
1804.406432	0	0
1804.456437	0	0
1804.506442	0	0
1804.556447	0	0
1804.606452	0	0
1804.656457	0	0
1804.706462	0	0
1804.756467	0	0
1804.806472	0	0
1804.856477	0	0
1804.906482	0	0
1804.956487	0	0
1805.006492	0	0
1805.056497	0	0
1805.106502	0	0
1805.156507	0	0
1805.206512	0	0
1805.256517	0	0
1805.306522	0	0
1805.356527	0	0
1805.406532	0	0
1805.456537	0	0
1805.506542	0	0
1805.556547	0	0
1805.606552	0	0
1805.656557	0	0
1805.706562	0	0
1805.756567	0	0
1805.806572	0	0
1805.856577	0	0
1805.906582	0	0
1805.956587	0	0
1806.006592	0	0
1806.056597	0	0
1806.106602	0	0
1806.156607	0	0
1806.206612	0	0
1806.256617	0	0
1806.306622	0	0
1806.356627	0	0
1806.406632	0	0
1806.456637	0	0
1806.506642	0	0
1806.556647	0	0
1806.606652	0	0
1806.656657	0	0
1806.706662	0	0
1806.756667	0	0
1806.806672	0	0
1806.856677	0	0
1806.906682	0	0
1806.956687	0	0
1807.006692	0	0
1807.056697	0	0
1807.106702	0	0
1807.156707	0	0
1807.206712	0	0
1807.256717	0	0
1807.306722	0	0
1807.356727	0	0
1807.406732	0	0
1807.456737	0	0
1807.506742	0	0
1807.556747	0	0
1807.606752	0	0
1807.656757	0	0
1807.706762	0	0
1807.756767	0	0
1807.806772	0	0
1807.856777	0	0
1807.906782	0	0
1807.956787	0	0
1808.006792	0	0
1808.056797	0	0
1808.106802	0	0
1808.156807	0	0
1808.206812	0	0
1808.256817	0	0
1808.306822	0	0
1808.356827	0	0
1808.406832	0	-77
1808.456837	0	-173
1808.506842	0	-173
1808.556847	0	-297
1808.606852	0	-569
1808.656857	0	-673
1808.706862	0	-673
1808.756867	0	-673
1808.806872	0	-673
1808.856877	0	-673
1808.906882	0	-673
1808.956887	0	-673
1809.006892	0	-673
1809.056897	0	-673
1809.106902	0	-673
1809.156907	0	-673
1809.206912	0	-673
1809.256917	0	-673
1809.306922	0	-673
1809.356927	0	-673
1809.406932	0	-673
1809.456937	0	-673
1809.506942	0	-673
1809.556947	0	-701
1809.606952	0	-773
1809.656957	0	-825
1809.705962	0	-881
1809.755967	0	-941
1809.805972	0	-941
1809.855977	0	-941
1809.905982	0	-941
1809.955987	0	-593
1810.005992	0	-281
1810.055997	0	-157
1810.106002	0	-93
1810.156007	0	0
1810.206012	0	0
1810.256017	0	0
1810.306022	0	0
1810.356027	0	0
1810.406032	0	0
1810.456037	0	0
1810.506042	0	0
1810.556047	0	0
1810.606052	0	0
1810.656057	0	0
1810.706062	0	0
1810.756067	0	0
1810.806072	0	0
1810.856077	0	0
1810.906082	0	0
1810.956087	0	0
1811.006092	0	0
1811.056097	0	0
1811.106102	0	0
1811.156107	0	0
1811.206112	0	144
1811.256117	0	212
1811.306122	0	212
1811.356127	0	212
1811.406132	0	212
1811.456137	0	212
1811.506142	0	212
1811.556147	0	212
1811.606152	0	212
1811.656157	0	212
1811.706162	0	212
1811.756167	0	220
1811.806172	0	324
1811.856177	0	340
1811.906182	0	496
1811.956187	0	652
1812.006192	0	972
1812.056197	0	1104
1812.106202	0	1144
1812.156207	0	1144
1812.206212	0	1144
1812.256217	0	1144
1812.306222	0	1144
1812.356227	0	1144
1812.406232	0	1144
1812.456237	0	1144
1812.506242	0	1144
1812.556247	0	1144
1812.606252	0	1144
1812.656257	0	1144
1812.706262	0	1144
1812.756267	0	1144
1812.806272	0	1144
1812.856277	0	1144
1812.906282	0	1144
1812.956287	0	1144
1813.006292	0	1144
1813.056297	0	1144
1813.106302	0	1144
1813.156307	0	1144
1813.206312	0	1144
1813.256317	0	1144
1813.306322	0	1144
1813.356327	0	808
1813.406332	0	244
1813.456337	0	0
1813.506342	0	0
1813.556347	0	0
1813.606352	325	0
1813.656357	733	0
1813.706362	1081	0
1813.756367	1497	0
1813.806372	1913	244
1813.856377	2133	244
1813.906382	2529	244
1813.956387	2785	244
1814.006392	3265	244
1814.056397	3521	244
1814.106402	3693	244
1814.156407	3825	244
1814.206412	4041	244
1814.256417	4217	244
1814.306422	4829	308
1814.356427	5161	392
1814.406432	5862	528
1814.456437	6390	596
1814.506442	7034	708
1814.556447	7594	788
1814.606452	8666	896
1814.656457	9434	948
1814.706462	10406	1056
1814.756467	10910	1112
1814.806472	11199	1144
1814.856477	11323	1144
1814.906482	11919	1144
1814.965487	12951	1144
1815.006492	14263	1144
1815.056497	15547	1144
1815.106502	16327	1144
1815.156507	16524	1144
1815.206512	16608	1060
1815.256517	16844	948
1815.306522	17368	896
1815.356527	17720	852
1815.406532	18468	800
1815.456537	19268	800
1815.506542	20336	760
1815.556547	20936	756
1815.606552	21508	676
1815.656557	21780	648
1815.706562	22173	600
1815.756567	22661	556
1815.806572	23629	536
1815.856577	24121	536
1815.906582	24845	536
1815.956587	24949	536
1816.006592	24949	536
1816.056597	24949	536
1816.106602	24601	852
1816.156607	23313	1512
1816.206612	20728	2484
1816.256617	17836	2816
1816.306622	14763	2852
1816.356627	13823	2852
1816.406632	12843	3004
1816.456637	12055	3300
1816.506642	11011	3644
1816.556647	10454	3816
1816.606652	10222	3876
1816.656657	10222	3876
1816.706662	10222	3880
1816.756667	10222	4072
1816.806672	10222	4320
1816.856677	10370	4516
1816.906682	10826	4916
1816.963687	11547	5196
1817.006692	12407	5424
1817.056697	13219	5584
1817.106702	13791	5832
1817.156707	14103	6016
1817.206712	14387	6236
1817.256717	14699	6392
1817.306722	14983	6584
1817.356727	14983	6608
1817.406732	14983	6648
1817.456737	14983	6740
1817.506742	14983	6980
1817.556747	14943	7192
1817.606752	14447	7596
1817.656757	14371	7800
1817.706762	14287	8060
1817.756767	14079	8220
1817.806772	13691	8608
1817.856777	13423	8820
1817.906782	13223	9040
1817.956787	13223	9048
1818.006792	13223	9048
1818.056797	13223	9088
1818.106802	13223	9204
1818.156807	13223	9272
1818.206812	13223	9384
1818.256817	13487	9516
1818.306822	13971	9720
1818.356827	14291	9876
1818.406832	14883	10092
1818.456837	15163	10248
1818.506842	15327	10356
1818.556847	15419	10396
1818.606852	15559	10456
1818.656857	15603	10472
1818.706862	15611	10520
1818.756867	15611	10520
1818.806872	15611	10560
1818.856877	15611	10612
1818.906882	15611	10792
1818.956887	15419	10936
1819.006892	15087	11208
1819.056897	14639	11436
1819.106902	14119	11684
1819.156907	13859	11880
1819.206912	13839	11956
1819.256917	13839	11956
1819.306922	13839	11964
1819.356927	13839	12072
1819.406932	13819	12180
1819.456937	13819	12208
1819.506942	13819	12216
1819.556947	13819	12216
1819.606952	13991	12216
1819.656957	14239	12232
1819.706962	14751	12312
1819.756967	15163	12388
1819.806972	15675	12464
1819.856977	15695	12464
1819.906982	15695	12468
1819.956987	15695	12468
1820.006992	15695	12468
1820.056997	15703	12468
1820.107002	15703	12468
1820.157007	15703	12468
1820.207012	15703	12484
1820.257017	15703	12524
1820.307022	15703	12560
1820.357027	15703	12612
1820.407032	15703	12712
1820.457037	15703	12804
1820.507042	15699	12944
1820.557047	15603	13104
1820.607052	15511	13352
1820.657057	15419	13480
1820.707062	15419	13600
1820.757067	15419	13632
1820.807072	15419	13632
1820.857077	15419	13692
1820.907082	15419	13720
1820.957087	15419	13720
1821.007092	15419	13720
1821.057097	15419	13720
1821.107102	15419	13720
1821.157107	15419	13720
1821.207112	15419	13720
1821.257117	15419	13720
1821.307122	15419	13452
1821.357127	15419	13160
1821.407132	15419	12596
1821.457137	15367	11936
1821.507142	14595	11168
1821.557147	13919	10648
1821.607152	12811	9844
1821.657157	12315	9380
1821.707162	12075	8680
1821.757167	12039	8088
1821.807172	12039	7012
1821.857177	12039	5996
1821.907182	12039	4376
1821.957187	12039	3388
1822.007192	12051	2116
1822.057197	12215	1444
1822.107202	12343	440
1822.157207	12367	-657
1822.207212	12395	-1525
1822.257217	12395	-2125
1822.307222	12395	-2997
1822.357227	12395	-3437
1822.407232	12767	-4281
1822.457237	12883	-4921
1822.507242	13055	-5650
1822.557247	13143	-6110
1822.607252	13379	-6958
1822.657257	13507	-7514
1822.707262	13759	-8442
1822.757267	13915	-9074
1822.807272	14187	-10130
1822.857277	14307	-10670
1822.907282	14415	-11243
1822.957287	14515	-11511
1823.007292	14587	-11891
1823.057297	14643	-12035
1823.107302	14643	-12175
1823.157307	14643	-12319
1823.207312	14643	-12411
1823.257317	14699	-12515
1823.307322	14747	-12663
1823.357327	14763	-12715
1823.407332	14763	-12799
1823.457337	14763	-12799
1823.507342	14763	-12971
1823.557347	14763	-13031
1823.607352	14763	-13183
1823.657357	14763	-13303
1823.707362	14763	-13387
1823.757367	14763	-13503
1823.807372	14763	-13743
1823.857377	14763	-13815
1823.907382	14763	-13963
1823.957387	14767	-14023
1824.007392	14787	-14091
1824.057397	14827	-14191
1824.107402	14855	-14331
1824.157407	14875	-14403
1824.207412	14883	-14479
1824.257417	14883	-14503
1824.307422	14883	-14587
1824.357427	14883	-14587
1824.407432	14883	-14663
1824.457437	14883	-14671
1824.507442	14899	-14739
1824.557447	14903	-14739
1824.607452	14911	-14739
1824.657457	14919	-14739
1824.707462	14931	-14739
1824.757467	14935	-14739
1824.807472	14935	-14739
1824.857477	14935	-14739
1824.907482	14935	-14739
1824.957487	14935	-14739
1825.007492	14935	-14739
1825.057497	14935	-14739
1825.107502	14935	-14739
1825.157507	14935	-14739
1825.207512	14935	-14739
1825.257517	14935	-14739
1825.307522	14935	-14703
1825.357527	14935	-14675
1825.407532	14935	-14651
1825.457537	14935	-14611
1825.507542	14935	-14491
1825.557547	14935	-14391
1825.607552	14935	-14363
1825.657557	14879	-14303
1825.707562	14639	-14271
1825.757567	14235	-14271
1825.807572	12519	-14271
1825.857577	10846	-14127
1825.907582	8522	-13923
1825.957587	7570	-13831
1826.007592	7442	-13619
1826.057597	7434	-13595
1826.107602	7058	-13595
1826.157607	6286	-13595
1826.207612	4757	-13595
1826.257617	3477	-13595
1826.307622	2885	-13559
1826.357627	2857	-13503
1826.407632	2581	-13479
1826.457637	1989	-13479
1826.507642	1233	-13479
1826.557647	909	-13479
1826.607652	433	-13479
1826.657657	165	-13479
1826.707662	-272	-13479
1826.757667	-656	-13479
1826.807672	-1204	-13479
1826.857677	-1520	-13499
1826.907682	-1820	-13575
1826.957687	-1920	-13575
1827.007692	-2160	-13575
1827.057697	-2432	-13575
1827.107702	-2748	-13575
1827.156707	-3064	-13583
1827.206712	-3356	-13583
1827.256717	-3584	-13583
1827.306722	-4076	-13583
1827.356727	-4452	-13583
1827.406732	-5304	-13643
1827.456737	-5868	-13643
1827.506742	-6052	-13643
1827.556746	-6104	-13643
1827.606751	-6272	-13643
1827.656757	-6440	-13643
1827.706762	-6984	-13655
1827.756767	-7508	-13819
1827.806772	-8360	-13935
1827.856777	-8772	-13959
1827.906782	-9092	-13959
1827.956787	-9276	-13959
1828.006792	-9560	-13959
1828.056797	-9772	-13975
1828.106802	-10036	-14023
1828.156806	-10384	-14079
1828.206811	-10620	-14195
1828.256817	-10892	-14247
1828.306822	-11204	-14247
1828.356827	-11388	-14315
1828.406832	-11760	-14415
1828.456837	-12056	-14471
1828.506842	-12092	-14535
1828.556847	-12124	-14539
1828.606852	-12144	-14543
1828.656857	-12440	-14547
1828.706861	-13056	-14579
1828.756866	-13284	-14579
1828.806872	-13284	-14579
1828.856877	-13284	-14579
1828.906882	-13284	-14579
1828.956887	-13284	-14579
1829.006892	-13284	-14579
1829.056897	-13284	-14579
1829.106902	-13296	-14579
1829.156907	-13308	-14579
1829.206912	-13372	-14579
1829.256917	-13372	-14579
1829.306921	-13372	-14579
1829.356926	-13372	-14579
1829.406932	-13372	-14543
1829.456937	-13372	-14431
1829.506942	-13372	-14191
1829.556947	-13356	-13975
1829.606952	-12928	-13695
1829.656957	-12528	-13223
1829.706962	-11528	-12683
1829.756967	-10760	-12399
1829.806972	-9560	-11879
1829.856977	-8900	-11491
1829.906981	-8012	-11035
1829.956986	-7288	-10678
1830.006992	-5868	-10142
1830.056997	-4748	-9742
1830.107002	-4052	-9330
1830.157007	-3988	-9154
1830.207012	-3844	-8922
1830.257017	-3588	-8642
1830.307022	-2844	-8130
1830.357027	-2244	-7778
1830.407032	-1096	-7074
1830.457036	-280	-6318
1830.507041	285	-5413
1830.557047	593	-4729
1830.607052	781	-3869
1830.657057	817	-3429
1830.707062	817	-2749
1830.757067	817	-2257
1830.807072	0	-613
1830.857077	0	0
1830.907082	0	0
1830.957087	0	0
1831.007092	0	0
1831.057096	0	0
1831.107101	0	0
1831.157107	0	0
1831.207112	0	0
1831.257117	0	0
1831.307122	0	0
1831.357127	0	0
1831.407132	0	0
1831.457137	0	0
1831.507142	0	0
1831.557147	0	0
1831.607152	0	0
1831.657156	0	0
1831.707161	0	0
1831.757167	0	0
1831.807172	0	0
1831.857177	0	0
1831.907182	0	0
1831.957187	0	0
1832.007192	0	0
1832.057197	0	0
1832.107202	0	0
1832.157207	0	0
1832.207211	0	0
1832.257216	0	0
1832.307222	0	0
1832.357227	0	0
1832.407232	0	0
1832.457237	0	0
1832.507242	0	0
1832.557247	0	0
1832.607252	0	0
1832.657257	0	0
1832.707262	0	0
1832.757267	0	0
1832.807271	0	0
1832.857276	0	0
1832.907282	0	0
1832.957287	0	0
1833.007292	0	0
1833.057297	0	0
1833.107302	0	0
1833.157307	0	0
1833.207312	0	0
1833.257317	0	0
1833.307322	0	0
1833.357327	0	0
1833.407331	0	0
1833.457336	0	0
1833.507342	0	0
1833.557347	0	0
1833.607352	0	0
1833.657357	0	0
1833.707362	0	0
1833.757367	0	0
1833.807372	0	0
1833.857377	0	0
1833.907382	0	0
1833.957386	0	0
1834.007391	0	0
1834.057397	0	0
1834.107402	0	0
1834.157407	0	0
1834.207412	0	0
1834.257417	0	0
1834.307422	0	0
1834.357427	0	0
1834.407432	0	0
1834.457437	0	0
1834.507442	0	0
1834.557446	0	0
1834.607451	0	0
1834.657457	0	0
1834.707462	0	0
1834.757467	0	0
1834.807472	0	0
1834.857477	0	0
1834.907482	0	0
1834.957487	0	0
1835.007492	0	0
1835.057497	0	0
1835.107502	0	0
1835.157506	0	0
1835.207511	0	0
1835.257517	0	0
1835.307522	0	0
1835.357527	0	0
1835.407532	0	0
1835.457537	0	0
1835.507542	0	0
1835.557547	0	0
1835.607552	0	0
1835.657557	0	0
1835.707561	0	0
1835.757566	0	0
1835.807572	0	0
1835.857577	0	0
1835.907582	0	0
1835.957587	0	0
1836.007592	0	0
1836.057597	0	0
1836.107602	0	0
1836.157607	0	0
1836.207612	0	0
1836.257617	0	0
1836.307621	0	0
1836.357626	0	0
1836.407632	0	0
1836.457637	0	0
1836.507642	0	0
1836.557647	0	0
1836.607652	0	0
1836.657657	0	0
1836.707662	0	0
1836.757667	0	0
1836.807672	0	0
1836.857677	0	0
1836.907681	0	0
1836.957686	0	0
1837.007692	0	0
1837.057697	0	0
1837.107702	0	0
1837.157707	0	0
1837.207712	0	0
1837.257717	0	0
1837.307722	0	0
1837.357727	0	0
1837.407732	0	0
1837.457736	0	0
1837.507741	0	0
1837.557747	0	0
1837.607752	0	0
1837.657757	0	0
1837.707762	0	0
1837.757767	0	0
1837.807772	0	0
1837.857777	0	0
1837.907782	0	0
1837.957787	0	0
1838.007792	0	0
1838.057796	0	0
1838.107801	0	0
1838.157807	0	0
1838.207812	0	0
1838.257817	0	0
1838.307822	0	0
1838.357827	0	0
1838.407832	0	0
1838.457837	0	0
1838.507842	0	0
1838.557847	0	0
1838.607852	0	0
1838.657856	0	0
1838.707861	0	0
1838.757867	0	0
1838.807872	0	0
1838.857877	0	0
1838.907882	0	0
1838.957887	0	0
1839.007892	0	0
1839.057897	0	0
1839.107902	0	0
1839.157907	0	0
1839.207911	0	0
1839.257916	0	0
1839.307922	0	0
1839.357927	0	0
1839.407932	0	0
1839.457937	0	0
1839.507942	0	0
1839.557947	0	0
1839.607952	0	0
1839.657957	0	0
1839.707962	0	0
1839.757967	0	0
1839.807971	0	0
1839.857976	0	0
1839.907982	0	0
1839.957987	0	0
1840.007992	0	0
1840.057997	0	0
1840.108002	0	0
1840.158007	0	0
1840.208012	0	0
1840.258017	0	0
1840.308022	0	0
1840.358027	0	0
1840.408031	0	0
1840.458036	0	0
1840.508042	0	0
1840.558047	0	0
1840.608052	0	0
1840.658057	0	0
1840.708062	0	0
1840.758067	0	0
1840.808072	0	0
1840.858077	0	0
1840.908082	0	0
1840.958086	0	0
1841.008091	0	0
1841.058097	0	0
1841.108102	0	0
1841.158107	0	0
1841.208112	0	0
1841.258117	0	0
1841.308122	0	0
1841.358127	0	0
1841.408132	0	0
1841.458137	0	0
1841.508142	0	0
1841.558146	0	0
1841.608151	0	0
1841.658157	0	0
1841.708162	0	0
1841.758167	0	0
1841.808172	0	0
1841.858177	0	0
1841.908182	0	0
1841.958187	0	0
1842.008192	0	0
1842.058197	0	0
1842.108202	0	0
1842.158206	0	0
1842.208211	0	0
1842.258217	0	0
1842.308222	0	0
1842.358227	0	0
1842.408232	0	0
1842.458237	0	0
1842.508242	0	0
1842.558247	0	0
1842.608252	0	0
1842.658257	0	0
1842.708261	0	0
1842.758266	0	0
1842.808272	0	0
1842.858277	0	0
1842.908282	0	0
1842.958287	0	0
1843.008292	0	0
1843.058297	0	0
1843.108302	0	0
1843.158307	0	0
1843.208312	0	0
1843.258317	0	0
1843.308321	0	0
1843.358326	0	0
1843.408332	0	0
1843.458337	0	0
1843.508342	0	0
1843.558347	0	0
1843.608352	0	0
1843.658357	0	0
1843.708362	0	0
1843.758367	0	0
1843.808372	0	0
1843.858377	0	0
1843.908381	0	0
1843.958386	0	0
1844.008392	0	0
1844.058397	0	0
1844.108402	0	0
1844.158407	0	0
1844.208412	0	0
1844.258417	0	0
1844.308422	0	0
1844.358427	0	0
1844.408432	0	0
1844.458436	0	0
1844.508441	0	0
1844.558447	0	0
1844.608452	0	0
1844.657456	0	0
1844.707461	0	0
1844.757467	0	0
1844.807472	0	0
1844.857477	0	0
1844.907482	0	0
1844.957487	0	0
1845.007492	0	0
1845.057497	0	0
1845.107502	0	0
1845.157506	0	0
1845.207511	0	0
1845.257516	0	0
1845.307521	0	0
1845.357527	0	0
1845.407532	0	0
1845.457537	0	0
1845.507542	0	0
1845.557547	0	0
1845.607552	0	0
1845.657557	0	0
1845.707561	0	0
1845.757566	0	0
1845.807571	0	0
1845.857576	0	0
1845.907581	0	0
1845.957587	0	0
1846.007592	0	0
1846.057597	0	0
1846.107602	0	0
1846.157607	0	0
1846.207612	0	0
1846.257617	0	0
1846.307621	0	0
1846.357626	0	0
1846.407631	0	0
1846.457636	0	0
1846.507642	0	0
1846.557647	0	0
1846.607652	0	0
1846.657657	0	0
1846.707662	0	0
1846.757667	0	0
1846.807672	0	0
1846.857677	0	0
1846.907681	0	0
1846.957686	0	0
1847.007691	0	0
1847.057696	0	0
1847.107702	0	0
1847.157707	0	0
1847.207712	0	0
1847.257717	0	0
1847.307722	0	0
1847.357727	0	0
1847.407732	0	0
1847.457736	0	0
1847.507741	0	0
1847.557746	0	0
1847.607751	0	0
1847.657756	0	0
1847.707762	0	0
1847.757767	0	0
1847.807772	0	0
1847.857777	0	0
1847.907782	0	0
1847.957787	0	0
1848.007792	0	0
1848.057796	0	0
1848.107801	0	0
1848.157806	0	0
1848.207811	0	0
1848.257817	0	0
1848.307822	0	0
1848.357827	0	0
1848.407832	0	0
1848.457837	0	0
1848.507842	0	0
1848.557847	0	0
1848.607852	0	0
1848.657856	0	0
1848.707861	0	0
1848.757866	0	0
1848.807871	0	0
1848.857877	0	0
1848.907882	0	0
1848.965888	0	0
1849.007892	0	0
1849.057897	0	0
1849.107902	0	0
1849.157907	0	0
1849.207911	0	0
1849.257916	0	0
1849.307921	0	0
1849.357926	0	0
1849.407931	0	0
1849.457937	0	0
1849.507942	0	0
1849.557947	0	0
1849.607952	0	0
1849.657957	0	0
1849.707962	0	0
1849.757967	0	0
1849.807971	0	0
1849.857976	0	0
1849.907981	0	0
1849.957986	0	0
1850.007992	0	0
1850.057997	0	0
1850.108002	0	0
1850.158007	0	0
1850.208012	0	0
1850.258017	0	0
1850.308022	0	0
1850.358027	0	0
1850.408031	0	0
1850.458036	0	0
1850.508041	0	0
1850.558046	0	0
1850.608052	0	0
1850.658057	0	0
1850.708062	0	0
1850.758067	0	0
1850.808072	0	0
1850.858077	0	0
1850.908082	0	0
1850.958086	0	0
1851.008091	0	0
1851.058096	0	0
1851.108101	0	0
1851.158106	0	0
1851.208112	0	0
1851.258117	0	0
1851.308122	0	0
1851.358127	0	0
1851.408132	0	0
1851.458137	0	0
1851.508142	0	0
1851.558146	0	0
1851.608151	0	0
1851.658156	0	0
1851.708161	0	0
1851.758167	0	0
1851.808172	0	0
1851.858177	0	0
1851.908182	0	0
1851.958187	0	0
1852.008192	0	0
1852.058197	0	0
1852.108202	0	0
1852.158206	0	0
1852.208211	0	0
1852.258216	0	0
1852.308221	0	0
1852.358227	0	0
1852.408232	0	0
1852.458237	0	0
1852.508242	0	0
1852.558247	0	0
1852.608252	0	0
1852.658257	0	0
1852.708261	0	0
1852.758266	0	0
1852.808271	0	0
1852.858276	0	0
1852.908281	0	0
1852.958287	0	0
1853.008292	0	0
1853.058297	0	0
1853.108302	0	0
1853.158307	0	0
1853.208312	0	0
1853.258317	0	0
1853.308321	0	0
1853.358326	0	0
1853.408331	0	0
1853.458336	0	0
1853.508342	0	0
1853.558347	0	0
1853.608352	0	0
1853.658357	0	0
1853.708362	0	0
1853.758367	0	0
1853.808372	0	0
1853.858377	0	0
1853.908381	0	0
1853.958386	0	0
1854.008391	0	0
1854.058396	0	0
1854.108402	0	0
1854.158407	0	0
1854.208412	0	0
1854.258417	0	0
1854.308422	0	0
1854.358427	0	0
1854.408432	0	0
1854.458436	0	0
1854.508441	0	0
1854.558446	0	0
1854.608451	0	0
1854.658456	0	0
1854.708462	0	0
1854.758467	0	0
1854.808472	0	0
1854.858477	0	0
1854.908482	0	0
1854.958487	0	0
1855.008492	0	0
1855.058496	0	0
1855.108501	0	0
1855.158506	0	0
1855.208511	0	0
1855.258517	0	0
1855.308522	0	0
1855.358527	0	0
1855.408532	0	0
1855.458537	0	0
1855.508542	0	0
1855.558547	0	0
1855.608552	0	0
1855.658556	0	0
1855.708561	0	0
1855.758566	0	0
1855.808571	0	0
1855.858577	0	0
1855.908582	0	0
1855.958587	0	0
1856.008592	0	0
1856.058597	0	0
1856.108602	0	0
1856.158607	0	0
1856.208611	0	0
1856.258616	0	0
1856.308621	0	0
1856.358626	0	0
1856.408631	0	0
1856.458637	0	0
1856.508642	0	0
1856.558647	0	0
1856.608652	0	0
1856.658657	0	0
1856.708662	0	0
1856.758667	0	0
1856.808671	0	0
1856.858676	0	0
1856.908681	0	0
1856.958686	0	0
1857.008692	0	0
1857.058697	0	0
1857.108702	0	0
1857.158707	0	0
1857.208712	0	0
1857.258717	0	0
1857.308722	0	0
1857.358727	0	0
1857.408731	0	0
1857.458736	0	0
1857.508741	0	0
1857.558746	0	0
1857.608752	0	0
1857.658757	0	0
1857.708762	0	0
1857.758767	0	0
1857.808772	0	0
1857.858777	0	0
1857.908782	0	0
1857.958786	0	0
1858.008791	0	0
1858.058796	0	0
1858.108801	0	0
1858.158806	0	0
1858.208812	0	0
1858.258817	0	0
1858.308822	0	0
1858.358827	0	0
1858.408832	0	0
1858.458837	0	0
1858.508842	0	0
1858.558846	0	0
1858.608851	0	0
1858.658856	0	0
1858.708861	0	0
1858.758867	0	0
1858.808872	0	0
1858.858877	0	0
1858.908882	0	0
1858.958887	0	0
1859.008892	0	0
1859.058897	0	0
1859.108902	0	0
1859.158906	0	0
1859.208911	0	0
1859.258916	0	0
1859.308921	0	0
1859.358927	0	0
1859.408932	0	0
1859.458937	0	0
1859.508942	0	0
1859.558947	0	0
1859.608952	0	0
1859.658957	0	0
1859.708961	0	0
1859.758966	0	0
1859.808971	0	0
1859.858976	0	0
1859.908981	0	0
1859.958987	0	0
1860.008992	0	0
1860.058997	0	0
1860.109002	0	0
1860.159007	0	0
1860.209012	0	0
1860.259017	0	0
1860.309021	0	0
1860.359026	0	0
1860.409031	0	0
1860.459036	0	0
1860.509042	0	0
1860.559047	0	0
1860.609052	0	0
1860.659057	0	0
1860.709062	0	0
1860.759067	0	0
1860.809072	0	0
1860.859076	0	0
1860.909081	0	0
1860.959086	0	0
1861.009091	0	0
1861.059096	0	0
1861.109102	0	0
1861.159107	0	0
1861.209112	0	0
1861.259117	0	0
1861.309122	0	0
1861.359127	0	0
1861.409132	0	0
1861.459136	0	0
1861.509141	0	0
1861.559146	0	0
1861.609151	0	0
1861.659156	0	0
1861.709162	0	0
1861.759167	0	0
1861.809172	0	0
1861.859177	0	0
1861.909182	0	0
1861.959187	0	0
1862.009192	0	0
1862.059196	0	0
1862.109201	0	0
1862.158206	0	0
1862.208211	0	0
1862.258216	0	0
1862.308221	0	0
1862.358226	0	0
1862.408231	0	0
1862.458237	0	0
1862.508242	0	0
1862.558247	0	0
1862.608252	0	0
1862.658257	0	0
1862.708261	0	0
1862.758266	0	0
1862.808271	0	0
1862.858276	0	0
1862.908281	0	0
1862.958286	0	0
1863.008291	0	0
1863.058297	0	0
1863.108302	0	0
1863.158307	0	0
1863.208312	0	0
1863.258317	0	0
1863.308321	0	0
1863.358326	0	0
1863.408331	0	0
1863.458336	0	0
1863.508341	0	0
1863.558346	0	0
1863.608351	0	0
1863.658357	0	0
1863.708362	0	0
1863.758367	0	0
1863.808372	0	0
1863.858377	0	0
1863.908381	0	0
1863.958386	0	0
1864.008391	0	0
1864.058396	0	0
1864.108401	0	0
1864.158406	0	0
1864.208412	0	0
1864.258417	0	0
1864.308422	0	0
1864.358427	0	0
1864.408432	0	0
1864.458436	0	0
1864.508441	0	0
1864.558446	0	0
1864.608451	0	0
1864.658456	0	0
1864.708461	0	0
1864.758466	0	0
1864.808472	0	0
1864.858477	0	0
1864.908482	0	0
1864.958487	0	0
1865.008492	0	0
1865.058496	0	0
1865.108501	0	0
1865.158506	0	0
1865.208511	0	0
1865.258516	0	0
1865.308521	0	0
1865.358526	0	0
1865.408532	0	0
1865.458537	0	0
1865.508542	0	0
1865.558547	0	0
1865.608552	0	0
1865.658556	0	0
1865.708561	0	0
1865.758566	0	0
1865.808571	0	0
1865.858576	0	0
1865.908581	0	0
1865.958587	0	0
1866.008592	0	0
1866.058597	0	0
1866.108602	0	0
1866.158607	0	0
1866.208611	0	0
1866.258616	0	0
1866.308621	0	0
1866.358626	0	0
1866.408631	0	0
1866.458636	-108	0
1866.508641	-108	0
1866.558647	-108	0
1866.608652	-312	0
1866.658657	-504	0
1866.708662	-504	0
1866.758667	-504	0
1866.808671	-504	0
1866.858676	-504	0
1866.908681	-504	0
1866.958686	-496	0
1867.008691	-184	0
1867.058696	-8	0
1867.108701	0	0
1867.158707	0	0
1867.208712	0	0
1867.258717	0	0
1867.308722	0	0
1867.358727	0	0
1867.408731	0	0
1867.458736	0	0
1867.508741	0	0
1867.558746	0	0
1867.608751	0	0
1867.658756	0	0
1867.708762	0	0
1867.758767	0	0
1867.808772	0	0
1867.858777	0	0
1867.908782	0	0
1867.958786	0	0
1868.008791	0	0
1868.058796	0	0
1868.108801	0	0
1868.158806	0	0
1868.208811	0	0
1868.258816	0	0
1868.308822	0	0
1868.358827	0	0
1868.408832	0	228
1868.458837	0	392
1868.508842	0	392
1868.558846	0	392
1868.608851	0	392
1868.658856	0	368
1868.708861	0	0
1868.758866	0	0
1868.808871	0	0
1868.858876	0	0
1868.908882	0	0
1868.958887	0	0
1869.008892	0	0
1869.058897	0	0
1869.108902	0	0
1869.158906	0	0
1869.208911	0	0
1869.258916	0	0
1869.308921	0	0
1869.358926	0	0
1869.408931	0	0
1869.458937	0	0
1869.508942	0	0
1869.558947	0	0
1869.608952	0	0
1869.658957	0	0
1869.708961	0	0
1869.758966	0	0
1869.808971	0	0
1869.858976	0	0
1869.908981	0	48
1869.958986	0	48
1870.008991	0	48
1870.058997	0	48
1870.109002	0	48
1870.159007	0	48
1870.209012	0	48
1870.259017	0	48
1870.309021	0	40
1870.359026	0	0
1870.409031	0	0
1870.459036	0	0
1870.509041	0	0
1870.559046	0	0
1870.609051	0	0
1870.659057	0	0
1870.709062	0	0
1870.759067	0	0
1870.809072	0	0
1870.859076	0	0
1870.909081	0	0
1870.959086	0	0
1871.009091	0	0
1871.059096	0	0
1871.109101	0	0
1871.159106	0	0
1871.209112	0	0
1871.259117	0	0
1871.309122	0	0
1871.359127	0	0
1871.409132	0	0
1871.459136	0	0
1871.509141	0	0
1871.559146	0	0
1871.609151	0	0
1871.659156	0	0
1871.709161	0	0
1871.759166	0	0
1871.809172	0	0
1871.859177	0	0
1871.909182	0	0
1871.959187	0	0
1872.009192	0	0
1872.059196	0	0
1872.109201	0	0
1872.159206	0	0
1872.209211	0	0
1872.259216	0	0
1872.309221	0	0
1872.359226	0	0
1872.409232	0	0
1872.459237	0	0
1872.509242	0	0
1872.559247	0	0
1872.609251	0	0
1872.659256	0	0
1872.709261	0	0
1872.759266	0	0
1872.809271	0	0
1872.859276	0	0
1872.909281	0	0
1872.959287	0	0
1873.009292	0	0
1873.059297	0	0
1873.109302	0	0
1873.159307	0	0
1873.209311	0	0
1873.259316	0	0
1873.309321	0	0
1873.359326	0	0
1873.409331	0	0
1873.459336	0	0
1873.509341	0	0
1873.559347	0	0
1873.609352	0	0
1873.659357	0	0
1873.709362	0	0
1873.759367	0	0
1873.809371	0	0
1873.859376	0	0
1873.909381	0	0
1873.959386	0	0
1874.009391	0	0
1874.059396	0	0
1874.109401	0	0
1874.159407	0	0
1874.209412	0	0
1874.259417	0	0
1874.309422	0	0
1874.359426	0	0
1874.409431	0	188
1874.459436	0	332
1874.509441	0	496
1874.559446	-428	856
1874.609451	-1532	900
1874.659456	-1692	1376
1874.709462	-2120	1388
1874.759467	-2500	1488
1874.809472	-3124	1560
1874.859477	-3672	1596
1874.909482	-4308	1448
1874.959486	-4696	1128
1875.009491	-5192	852
1875.059496	-5544	492
1875.109501	-5692	-77
1875.159506	-5732	-569
1875.209511	-5732	-1321
1875.259516	-5732	-1881
1875.309522	-5732	-2309
1875.359527	-5732	-2761
1875.409532	-5368	-3113
1875.459537	-4652	-3485
1875.509542	-3456	-3745
1875.559546	-1812	-3749
1875.609551	-332	-3685
1875.659556	-84	-3525
1875.709561	93	-3525
1875.759566	465	-3525
1875.809571	1261	-3637
1875.859576	1921	-4133
1875.909582	2737	-4445
1875.959587	3273	-4621
1876.009592	3881	-4733
1876.059597	4161	-4733
1876.109601	4389	-4733
1876.159606	4713	-4733
1876.209611	5462	-4733
1876.259616	6210	-4733
1876.309621	7058	-4733
1876.359626	7814	-4733
1876.409631	8618	-4733
1876.459637	9402	-4733
1876.509642	10346	-4733
1876.559647	11587	-4733
1876.609652	13011	-4425
1876.659657	13975	-4157
1876.709661	14575	-3965
1876.759666	14835	-3901
1876.809671	15483	-3765
1876.859676	16412	-3601
1876.909681	17656	-3177
1876.959686	18304	-2917
1877.009691	18848	-2765
1877.059697	18960	-2621
1877.109702	19172	-2569
1877.159707	19320	-2465
1877.209712	19780	-2413
1877.259717	20200	-2329
1877.309721	20692	-2261
1877.359726	21180	-2233
1877.409731	21776	-2229
1877.459736	22261	-2185
1877.509741	23009	-2153
1877.559746	23601	-1985
1877.609751	24289	-1849
1877.659757	24677	-1717
1877.709762	25181	-1605
1877.759767	25913	-1525
1877.809772	26225	-1313
1877.859776	26225	-1077
1877.909781	26225	-737
1877.959786	26225	-433
1878.009791	26225	-13
1878.059796	26225	480
1878.109801	26225	1108
1878.159806	26225	1428
1878.209812	26225	1940
1878.259817	26225	2380
1878.309822	26225	2864
1878.359827	26225	3388
1878.409832	26225	4180
1878.459836	26225	5008
1878.509841	26225	5848
1878.559846	26225	6704
1878.609851	26225	7520
1878.659856	26225	8184
1878.709861	26225	8804
1878.759866	26225	9220
1878.809872	26225	9760
1878.859877	26225	10180
1878.909882	26225	10688
1878.959887	26225	11028
1879.009892	26225	11572
1879.059896	26173	12020
1879.109901	25665	12696
1879.159906	25389	13000
1879.209911	24997	13592
1879.259916	24561	14024
1879.309921	24193	14444
1879.359926	23841	14924
1879.409932	23361	15332
1879.459937	23005	15640
1879.509942	22677	15852
1879.559947	22373	16180
1879.608952	21816	16500
1879.658957	21396	16772
1879.708961	21084	17052
1879.758966	21088	17136
1879.808971	21096	17232
1879.858976	21100	17284
1879.908981	21044	17400
1879.958986	20744	17396
1880.008991	19540	17348
1880.058996	17364	17220
1880.109001	12983	17120
1880.159007	10766	16992
1880.209012	7702	16840
1880.259017	6746	16760
1880.309021	6662	16720
1880.359026	6422	16720
1880.409031	4961	16540
1880.459036	3549	16360
1880.509041	1785	16096
1880.559046	589	15864
1880.609051	77	15696
1880.659056	-168	15656
1880.709061	-1016	15472
1880.759067	-2012	15308
1880.809072	-3732	15072
1880.859076	-4972	14948
1880.909081	-5548	14876
1880.961087	-5700	14768
1881.009091	-5812	14744
1881.059096	-6096	14632
1881.109101	-6616	14464
1881.159106	-7120	14352
1881.209111	-7568	14132
1881.259116	-7932	13848
1881.309121	-8276	13660
1881.359127	-8584	13580
1881.409132	-8956	13560
1881.459136	-9368	13536
1881.509141	-9884	13532
1881.559146	-10484	13524
1881.609151	-11268	13524
1881.659156	-11772	13524
1881.709161	-12300	13524
1881.759166	-12596	13484
1881.809171	-12972	13484
1881.859176	-13396	13412
1881.909182	-14048	13312
1881.959187	-14600	13208
1882.009192	-15340	13076
1882.059196	-15632	12780
1882.109201	-15772	12484
1882.159206	-16048	12204
1882.209211	-16320	11888
1882.259216	-16612	11724
1882.309221	-17012	11560
1882.359226	-17504	11356
1882.409231	-18036	11232
1882.459236	-18396	11128
1882.509242	-18672	11008
1882.559247	-18944	10732
1882.609251	-19480	10348
1882.659256	-20028	10012
1882.709261	-20504	9704
1882.759266	-20860	9468
1882.809271	-21484	9108
1882.859276	-22028	8728
1882.909281	-22464	8440
1882.959286	-22508	8328
1883.009291	-22532	8252
1883.059296	-22644	8172
1883.109302	-22808	7996
1883.159307	-22996	7780
1883.209311	-23196	7544
1883.259316	-23196	7448
1883.309321	-23196	7448
1883.359326	-23196	7448
1883.409331	-22840	7416
1883.459336	-21532	7292
1883.509341	-19196	7180
1883.559346	-15976	6928
1883.609351	-11680	6260
1883.659357	-9264	5748
1883.709362	-6220	5072
1883.759367	-3956	4460
1883.809371	-1588	3472
1883.859376	-1136	2852
1883.909381	-1128	2376
1883.959386	-1080	1976
1884.009391	-32	1464
1884.059396	0	824
1884.109401	0	0
1884.159406	0	0
1884.209411	0	0
1884.259417	0	0
1884.309422	0	0
1884.359426	0	0
1884.409431	0	0
1884.459436	0	0
1884.509441	0	0
1884.559446	0	0
1884.609451	0	0
1884.659456	0	0
1884.709461	0	0
1884.759466	0	0
1884.809471	0	0
1884.859477	0	0
1884.909482	0	0
1884.970488	0	0
1885.009491	0	0
1885.059496	0	0
1885.109501	0	0
1885.159506	0	0
1885.209511	0	0
1885.259516	0	0
1885.309521	0	0
1885.359526	0	0
1885.409532	0	0
1885.459537	0	0
1885.509542	0	0
1885.559546	0	0
1885.609551	0	0
1885.659556	0	0
1885.709561	0	0
1885.759566	0	0
1885.809571	0	0
1885.859576	0	0
1885.909581	0	0
1885.959586	0	0
1886.009592	0	0
1886.059597	0	0
1886.109601	0	0
1886.159606	0	0
1886.209611	0	0
1886.259616	0	0
1886.309621	0	0
1886.359626	0	0
1886.409631	0	0
1886.459636	0	0
1886.509641	0	0
1886.559646	0	0
1886.609652	0	0
1886.659657	0	0
1886.709661	0	0
1886.759666	0	0
1886.809671	0	0
1886.859676	0	0
1886.909681	0	0
1886.959686	0	0
1887.009691	0	0
1887.059696	0	0
1887.109701	0	0
1887.159707	0	0
1887.209712	0	0
1887.259717	0	0
1887.309721	0	0
1887.359726	0	0
1887.409731	0	0
1887.459736	0	0
1887.509741	0	0
1887.559746	0	0
1887.609751	0	0
1887.659756	0	0
1887.709761	0	0
1887.759767	0	0
1887.809772	0	0
1887.859776	0	0
1887.909781	0	0
1887.959786	0	0
1888.009791	0	0
1888.059796	0	0
1888.109801	0	0
1888.159806	0	0
1888.209811	0	0
1888.259816	0	0
1888.309821	0	0
1888.359827	0	0
1888.409832	0	0
1888.459836	0	0
1888.509841	0	0
1888.559846	0	0
1888.609851	0	0
1888.659856	0	0
1888.709861	0	0
1888.759866	0	0
1888.809871	0	0
1888.859876	0	0
1888.909882	0	0
1888.959887	0	0
1889.009892	0	0
1889.059896	0	0
1889.109901	0	0
1889.159906	0	0
1889.209911	0	0
1889.259916	0	0
1889.309921	0	0
1889.359926	0	0
1889.409931	0	0
1889.459936	0	0
1889.509942	0	0
1889.559947	0	0
1889.609951	0	0
1889.659956	0	0
1889.709961	0	0
1889.759966	0	0
1889.809971	0	0
1889.859976	0	0
1889.909981	0	0
1889.959986	0	0
1890.009991	0	0
1890.059996	0	0
1890.110002	0	0
1890.160007	0	0
1890.210011	0	0
1890.260016	0	0
1890.310021	0	0
1890.360026	0	0
1890.410031	0	0
1890.460036	0	0
1890.510041	0	0
1890.560046	0	0
1890.610051	0	0
1890.660057	0	0
1890.710062	0	0
1890.760067	0	0
1890.810071	0	0
1890.860076	0	0
1890.910081	0	0
1890.960086	0	0
1891.010091	0	0
1891.060096	0	0
1891.110101	0	0
1891.160106	0	0
1891.210111	0	0
1891.260117	0	0
1891.310122	0	0
1891.360126	0	0
1891.410131	0	0
1891.460136	0	0
1891.510141	0	0
1891.560146	0	0
1891.610151	0	0
1891.660156	0	0
1891.710161	0	0
1891.760166	0	0
1891.810171	0	0
1891.860177	0	0
1891.910182	0	0
1891.960186	0	0
1892.010191	0	0
1892.060196	0	0
1892.110201	0	0
1892.160206	0	0
1892.210211	0	0
1892.260216	0	0
1892.310221	0	0
1892.360226	0	0
1892.410232	0	0
1892.460237	0	0
1892.510242	0	0
1892.560246	0	0
1892.610251	0	0
1892.660256	0	0
1892.710261	0	0
1892.760266	0	0
1892.810271	0	0
1892.860276	0	0
1892.910281	0	0
1892.960286	0	0
1893.010292	0	0
1893.060297	0	0
1893.110301	0	0
1893.160306	0	0
1893.210311	0	0
1893.260316	0	0
1893.310321	0	0
1893.360326	0	0
1893.410331	0	0
1893.460336	0	0
1893.510341	0	0
1893.560346	0	0
1893.610352	0	80
1893.660357	0	112
1893.710361	0	120
1893.760366	0	220
1893.810371	0	252
1893.860376	0	252
1893.910381	0	252
1893.960386	0	252
1894.010391	0	252
1894.060396	0	252
1894.110401	0	252
1894.160407	0	252
1894.210412	0	252
1894.260417	0	252
1894.310421	0	260
1894.360426	0	260
1894.410431	0	260
1894.460436	0	260
1894.510441	0	260
1894.560446	0	276
1894.610451	0	300
1894.660456	0	300
1894.710461	0	300
1894.760467	0	300
1894.810472	0	308
1894.860476	0	368
1894.910481	0	400
1894.960486	0	408
1895.010491	0	424
1895.060496	0	424
1895.110501	0	424
1895.160506	0	424
1895.210511	0	424
1895.260516	0	424
1895.310521	0	424
1895.360527	0	424
1895.410532	0	424
1895.460536	0	424
1895.510541	0	424
1895.560546	0	424
1895.610551	0	424
1895.660556	0	424
1895.710561	0	424
1895.760566	0	424
1895.810571	0	424
1895.860576	0	424
1895.910582	0	424
1895.960587	0	424
1896.010592	0	424
1896.060596	0	424
1896.110601	0	424
1896.160606	0	424
1896.210611	0	424
1896.260616	0	424
1896.310621	0	424
1896.360626	0	424
1896.410631	0	424
1896.460636	0	424
1896.510642	0	424
1896.560647	0	424
1896.610651	0	424
1896.660656	0	424
1896.710661	0	424
1896.760666	0	424
1896.810671	0	424
1896.860676	0	424
1896.910681	0	424
1896.960686	0	424
1897.010691	0	424
1897.060696	0	424
1897.109701	0	424
1897.159706	0	424
1897.209711	0	424
1897.259716	0	424
1897.309721	0	424
1897.359726	0	424
1897.409731	0	424
1897.459736	0	424
1897.509741	0	424
1897.559746	0	424
1897.609751	0	424
1897.659756	0	424
1897.709761	0	424
1897.759766	0	424
1897.809771	0	424
1897.859776	0	424
1897.909781	0	424
1897.959786	0	424
1898.009791	0	424
1898.059796	0	424
1898.109801	0	424
1898.159806	0	424
1898.209811	0	424
1898.259816	0	424
1898.309821	0	424
1898.359826	0	424
1898.409831	0	424
1898.459836	0	424
1898.509841	0	424
1898.559846	0	424
1898.609851	0	424
1898.659856	0	424
1898.709861	0	424
1898.759866	0	424
1898.809871	0	424
1898.859876	0	424
1898.909881	0	424
1898.959886	0	424
1899.009891	0	424
1899.059896	0	424
1899.109901	0	424
1899.159906	0	424
1899.209911	0	424
1899.259916	0	424
1899.309921	0	424
1899.359926	0	424
1899.409931	0	424
1899.459936	0	424
1899.509941	0	424
1899.559946	0	424
1899.609951	0	424
1899.659956	0	424
1899.709961	0	424
1899.759966	0	424
1899.809971	0	424
1899.859976	0	424
1899.909981	0	424
1899.959986	0	424
1900.009991	0	424
1900.059996	0	424
1900.110001	0	424
1900.160006	0	440
1900.210011	0	440
1900.260016	0	464
1900.310021	0	512
1900.360026	0	532
1900.410031	0	572
1900.460036	0	588
1900.510041	0	628
1900.560046	0	628
1900.610051	0	636
1900.660056	0	636
1900.710061	0	644
1900.760066	0	644
1900.810071	0	652
1900.860076	0	668
1900.910081	0	668
1900.960086	0	692
1901.010091	0	692
1901.060096	0	692
1901.110101	0	692
1901.160106	0	692
1901.210111	0	692
1901.260116	0	692
1901.310121	0	692
1901.360126	0	728
1901.410131	0	728
1901.460136	0	728
1901.510141	0	752
1901.560146	0	752
1901.610151	0	760
1901.660156	0	760
1901.710161	0	760
1901.760166	0	760
1901.810171	0	760
1901.860176	0	760
1901.910181	0	760
1901.960186	0	760
1902.010191	0	760
1902.060196	0	760
1902.110201	0	712
1902.160206	0	548
1902.210211	0	456
1902.260216	0	384
1902.310221	0	352
1902.360226	0	352
1902.410231	0	352
1902.460236	0	352
1902.510241	0	352
1902.560246	0	352
1902.610251	0	324
1902.660256	0	136
1902.710261	0	56
1902.760266	0	0
1902.810271	0	0
1902.860276	0	0
1902.910281	0	0
1902.960286	0	0
1903.010291	0	0
1903.060296	0	0
1903.110301	0	0
1903.160306	0	0
1903.210311	0	0
1903.260316	0	0
1903.310321	0	0
1903.360326	0	0
1903.410331	0	0
1903.460336	0	0
1903.510341	0	0
1903.560346	0	0
1903.610351	0	0
1903.660356	0	0
1903.710361	0	0
1903.760366	0	0
1903.810371	0	0
1903.860376	0	0
1903.910381	0	0
1903.960386	0	0
1904.010391	0	0
1904.060396	0	0
1904.110401	0	-13
1904.160406	0	-101
1904.210411	0	-157
1904.260416	0	-181
1904.310421	0	-245
1904.360426	0	-369
1904.410431	0	-569
1904.460436	0	-801
1904.510441	0	-1005
1904.560446	0	-1245
1904.610451	0	-1409
1904.660456	0	-1533
1904.710461	0	-1593
1904.760466	0	-1629
1904.810471	-224	-1721
1904.860476	-200	-1777
1904.910481	-200	-1853
1904.960486	-200	-1853
1905.010491	-200	-1853
1905.060496	-200	-1853
1905.110501	-200	-1853
1905.160506	-188	-1853
1905.210511	-188	-1853
1905.260516	-188	-1853
1905.310521	-176	-1853
1905.360526	-176	-1853
1905.410531	-176	-1853
1905.460536	-176	-1853
1905.510541	-176	-1853
1905.560546	-176	-1853
1905.610551	-176	-1853
1905.660556	-172	-1853
1905.710561	-172	-1869
1905.760566	-172	-1877
1905.810571	-172	-1913
1905.860576	-172	-1913
1905.910581	-172	-1929
1905.960586	-172	-1933
1906.010591	-172	-1953
1906.060596	-168	-1981
1906.110601	-156	-2145
1906.160606	-72	-2257
1906.210611	-24	-2385
1906.260616	-24	-2385
1906.310621	-24	-2385
1906.360626	-24	-2385
1906.410631	-24	-2385
1906.460636	-24	-2385
1906.510641	-24	-2385
1906.560646	-24	-2385
1906.610651	-24	-2385
1906.660656	-24	-2385
1906.710661	-24	-2385
1906.760666	-24	-2385
1906.810671	-24	-2385
1906.860676	-24	-2385
1906.910681	-24	-2385
1906.960686	-24	-2385
1907.010691	-24	-2385
1907.060696	-24	-2385
1907.110701	-24	-2385
1907.160706	-24	-2385
1907.210711	-24	-2385
1907.260716	-24	-2385
1907.310721	-24	-2385
1907.360726	-24	-2385
1907.410731	-24	-2385
1907.460736	-24	-2385
1907.510741	-24	-2385
1907.560746	-24	-2385
1907.610751	-24	-2385
1907.660756	-24	-2385
1907.710761	-24	-2385
1907.760766	-24	-2385
1907.810771	-24	-2385
1907.860776	-24	-2385
1907.910781	-24	-2385
1907.960786	-24	-2385
1908.010791	-24	-2385
1908.060796	-24	-2385
1908.110801	-24	-2385
1908.160806	-24	-2385
1908.210811	-24	-2385
1908.260816	-24	-2385
1908.310821	-24	-2385
1908.360826	-24	-2385
1908.410831	-24	-2385
1908.460836	-24	-2385
1908.510841	-24	-2385
1908.560846	-24	-2385
1908.610851	-24	-2385
1908.660856	-24	-2413
1908.710861	-24	-2461
1908.760866	-24	-2461
1908.810871	-24	-2461
1908.860876	-24	-2461
1908.910881	-24	-2469
1908.960886	-24	-2469
1909.010891	-24	-2469
1909.060896	-24	-2469
1909.110901	-24	-2469
1909.160906	-24	-2469
1909.210911	-24	-2469
1909.260916	-24	-2469
1909.310921	-24	-2469
1909.360926	-24	-2469
1909.410931	-24	-2469
1909.460936	-24	-2469
1909.510941	-24	-2469
1909.560946	-24	-2469
1909.610951	-24	-2469
1909.660956	-24	-2469
1909.710961	-24	-2469
1909.760966	-24	-2469
1909.810971	-24	-2273
1909.860976	-24	-2249
1909.910981	-24	-2225
1909.960986	-24	-2161
1910.010991	-24	-2085
1910.060996	-24	-2025
1910.111001	-24	-1981
1910.161006	-24	-1913
1910.211011	-24	-1905
1910.261016	-24	-1809
1910.311021	-24	-1765
1910.361026	-24	-1717
1910.411031	0	-1373
1910.461036	0	-1165
1910.511041	0	-953
1910.561046	0	-621
1910.611051	0	-461
1910.661056	0	-165
1910.711061	0	0
1910.761066	0	0
1910.811071	0	0
1910.861076	0	0
1910.911081	0	0
1910.961086	0	0
1911.011091	0	0
1911.061096	0	0
1911.111101	0	0
1911.161106	0	0
1911.211111	0	0
1911.261116	0	0
1911.311121	0	0
1911.361126	0	0
1911.411131	0	0
1911.461136	0	0
1911.511141	0	0
1911.561146	0	0
1911.611151	0	0
1911.661156	0	0
1911.711161	0	0
1911.761166	0	0
1911.811171	0	0
1911.861176	0	0
1911.911181	0	0
1911.961186	0	0
1912.011191	0	72
1912.061196	0	96
1912.111201	0	152
1912.161206	0	180
1912.211211	0	268
1912.261216	0	332
1912.311221	0	384
1912.361226	0	424
1912.411231	0	480
1912.461236	0	480
1912.511241	0	524
1912.561246	0	524
1912.611251	0	548
1912.663257	0	548
1912.711261	0	572
1912.761266	0	572
1912.811271	0	572
1912.861276	0	572
1912.911281	0	572
1913.013291	0	572
1913.061296	0	572
1913.111301	0	572
1913.161306	0	572
1913.211311	0	572
1913.261316	0	572
1913.311321	0	572
1913.361326	0	572
1913.411331	0	572
1913.461336	0	572
1913.511341	0	572
1913.561346	0	572
1913.611351	0	572
1913.661356	0	572
1913.711361	0	572
1913.761366	0	572
1913.811371	0	572
1913.861376	0	572
1913.911381	0	572
1913.961386	0	472
1914.011391	0	16
1914.061396	0	0
1914.111401	0	0
1914.161406	0	0
1914.211411	0	0
1914.261416	0	0
1914.311421	0	0
1914.361426	0	0
1914.411431	0	0
1914.461436	0	0
1914.511441	0	0
1914.561446	0	0
1914.610451	0	0
1914.660456	0	-145
1914.710461	0	-389
1914.760466	0	-709
1914.810471	0	-925
1914.860476	0	-1201
1914.910481	0	-1469
1914.960486	0	-1605
1915.010491	-344	-1745
1915.060496	-336	-1829
1915.110501	-336	-1909
1915.160506	-332	-1949
1915.210511	-332	-1961
1915.260516	-320	-2041
1915.310521	-320	-2109
1915.360526	-320	-2121
1915.410531	-304	-2165
1915.460536	-304	-2177
1915.510541	-280	-2177
1915.560546	-280	-2193
1915.610551	-280	-2213
1915.660556	-280	-2221
1915.710561	-268	-2233
1915.760566	-268	-2233
1915.810571	-268	-2233
1915.860576	-268	-2257
1915.910581	-252	-2277
1915.960586	-252	-2297
1916.010591	-252	-2313
1916.060596	-252	-2353
1916.110601	-252	-2353
1916.160606	-252	-2369
1916.210611	-252	-2369
1916.260616	-252	-2373
1916.310621	-252	-2393
1916.360626	-252	-2409
1916.410631	-252	-2409
1916.460636	-252	-2489
1916.510641	-244	-2577
1916.560646	-240	-2613
1916.610651	-232	-2629
1916.660656	-220	-2649
1916.710661	-220	-2673
1916.760666	-220	-2685
1916.810671	-220	-2725
1916.860676	-220	-2773
1916.910681	-220	-2825
1916.960686	-220	-2825
1917.010691	-212	-2829
1917.060696	-212	-2829
1917.110701	-212	-2841
1917.160706	-212	-2849
1917.210711	-212	-2849
1917.260716	-212	-2857
1917.310721	-212	-2857
1917.360726	-212	-2857
1917.410731	-212	-2869
1917.460736	-212	-2901
1917.510741	-212	-2965
1917.560746	-212	-3017
1917.610751	-212	-3097
1917.660756	-212	-3097
1917.710761	-212	-3101
1917.760766	-212	-3101
1917.810771	-212	-3101
1917.860776	-212	-3125
1917.910781	-212	-3173
1917.960786	-212	-3201
1918.010791	-164	-3397
1918.060796	-160	-3397
1918.110801	-160	-3397
1918.160806	-160	-3397
1918.210811	-160	-3397
1918.260816	-160	-3397
1918.310821	-160	-3397
1918.360826	-160	-3397
1918.410831	-160	-3397
1918.460836	-160	-3409
1918.510841	-160	-3433
1918.560846	-160	-3453
1918.610851	-160	-3457
1918.660856	-160	-3497
1918.710861	-160	-3521
1918.760866	-160	-3549
1918.810871	-160	-3629
1918.860876	-160	-3629
1918.910881	-160	-3645
1918.960886	-160	-3645
1919.010891	-160	-3705
1919.060896	-160	-3741
1919.110901	-160	-3765
1919.160906	-160	-3777
1919.210911	-160	-3861
1919.260916	-160	-3897
1919.310921	-160	-3945
1919.360926	-160	-3945
1919.410931	-160	-3957
1919.460936	-160	-3993
1919.510941	-160	-4009
1919.560946	-160	-4009
1919.610951	-160	-4049
1919.660956	-160	-4081
1919.710961	-160	-4137
1919.760966	-160	-4137
1919.810971	-160	-4301
1919.860976	-160	-4317
1919.910981	-160	-4317
1919.960986	-160	-4317
1920.010991	-160	-4317
1920.060996	-160	-4317
1920.111001	-160	-4393
1920.161006	-160	-4413
1920.211011	-160	-4449
1920.261016	-160	-4505
1920.311021	-160	-4509
1920.361026	-160	-4557
1920.411031	-160	-4557
1920.461036	-160	-4561
1920.511041	-160	-4561
1920.561046	-160	-4581
1920.611051	-160	-4621
1920.661056	-160	-4653
1920.711061	-160	-4729
1920.761066	-160	-4729
1920.811071	-160	-4965
1920.861076	-376	-5457
1920.911081	-620	-5654
1920.961086	-620	-5654
1921.011091	-620	-5654
1921.061096	-620	-5654
1921.111101	-620	-5654
1921.161106	-628	-5654
1921.211111	-628	-5654
1921.261116	-628	-5654
1921.311121	-628	-5654
1921.361126	-628	-5654
1921.411131	-628	-5654
1921.461136	-628	-5654
1921.511141	-628	-5654
1921.561146	-628	-5534
1921.611151	-628	-5482
1921.661156	-628	-5433
1921.711161	-628	-5393
1921.761166	-628	-5393
1921.811171	-628	-5393
1921.861176	-628	-5381
1921.911181	-628	-5285
1921.961186	-628	-5273
1922.011191	-628	-5217
1922.061196	-628	-5209
1922.111201	-628	-5209
1922.161206	-628	-5209
1922.211211	-628	-5209
1922.261216	-628	-5209
1922.311221	-628	-5209
1922.361226	-628	-5209
1922.411231	-628	-5209
1922.461236	-628	-5209
1922.511241	-628	-5209
1922.561246	-628	-5209
1922.611251	-628	-5209
1922.661256	-628	-5209
1922.711261	-628	-5209
1922.761266	-628	-5209
1922.811271	-628	-5209
1922.861276	-628	-5209
1922.911281	-628	-5185
1922.961286	-628	-5185
1923.011291	-628	-5173
1923.061296	-628	-5173
1923.111301	-628	-5173
1923.161306	-628	-5173
1923.211311	-628	-5173
1923.261316	-628	-5173
1923.311321	-628	-5173
1923.361326	-628	-5173
1923.411331	-628	-5173
1923.461336	-628	-5173
1923.511341	-628	-5173
1923.561346	-628	-5173
1923.611351	-640	-5173
1923.661356	-640	-5173
1923.711361	-640	-5173
1923.761366	-640	-5173
1923.811371	-640	-5173
1923.861376	-640	-5173
1923.911381	-640	-5173
1923.961386	-640	-5173
1924.011391	-640	-5173
1924.061396	-640	-5173
1924.111401	-640	-5173
1924.161406	-640	-5173
1924.211411	-640	-5173
1924.261416	-640	-5173
1924.311421	-640	-5173
1924.361426	-640	-5173
1924.411431	-640	-5173
1924.461436	-640	-5173
1924.511441	-640	-5173
1924.561446	-640	-5173
1924.611451	-640	-5173
1924.661456	-640	-5173
1924.711461	-640	-5173
1924.761466	-640	-5173
1924.811471	-640	-5173
1924.861476	-640	-5173
1924.911481	-640	-5173
1924.961486	-640	-5173
1925.011491	-640	-5173
1925.061496	-640	-5173
1925.111501	-640	-5173
1925.161506	-640	-5173
1925.211511	-640	-5173
1925.261516	-640	-5173
1925.311521	-640	-5173
1925.361526	-640	-5173
1925.411531	-640	-5173
1925.461536	-640	-5173
1925.511541	-640	-5173
1925.561546	-640	-5173
1925.611551	-640	-5173
1925.661556	-640	-5173
1925.711561	-640	-5173
1925.761566	-640	-5173
1925.811571	-640	-5173
1925.861576	-640	-5173
1925.911581	-640	-5173
1925.961586	-640	-5173
1926.011591	-640	-5173
1926.061596	-640	-5173
1926.111601	-640	-5173
1926.161606	-640	-5173
1926.211611	-640	-5173
1926.261616	-640	-5173
1926.311621	-640	-5173
1926.361626	-640	-5173
1926.411631	-640	-5173
1926.461636	-640	-5173
1926.511641	-640	-5173
1926.561646	-640	-5173
1926.611651	-640	-5173
1926.661656	-640	-5173
1926.711661	-640	-5173
1926.761666	-640	-5173
1926.811671	-640	-5173
1926.861676	-640	-5165
1926.911681	-640	-5145
1926.961686	-640	-5137
1927.011691	-640	-5113
1927.061696	-640	-5089
1927.111701	-640	-5049
1927.161706	-640	-5037
1927.211711	-640	-4933
1927.261716	-640	-4921
1927.311721	-640	-4869
1927.361726	-640	-4849
1927.411731	-640	-4821
1927.461736	-640	-4821
1927.511741	-640	-4821
1927.561746	-640	-4821
1927.611751	-640	-4821
1927.661756	-640	-4821
1927.711761	-640	-4821
1927.761766	-640	-4821
1927.811771	-640	-4821
1927.861776	-640	-4821
1927.911781	-640	-4821
1927.961786	-640	-4821
1928.011791	-640	-4821
1928.061796	-640	-4821
1928.111801	-640	-4821
1928.161806	-640	-4821
1928.211811	-640	-4821
1928.261816	-640	-4821
1928.311821	-640	-4821
1928.361826	-640	-4821
1928.411831	-640	-4821
1928.461836	-640	-4821
1928.511841	-640	-4821
1928.561846	-640	-4821
1928.611851	-640	-4821
1928.661856	-640	-4821
1928.711861	-640	-4821
1928.761866	-640	-4821
1928.811871	-640	-4821
1928.861876	-640	-4849
1928.911881	-640	-4897
1928.961886	-640	-4941
1929.011891	-640	-4961
1929.061896	-640	-4961
1929.111901	-640	-4961
1929.161906	-640	-4981
1929.211911	-640	-4981
1929.261916	-640	-4981
1929.311921	-640	-4981
1929.361926	-640	-4985
1929.411931	-640	-4985
1929.461936	-640	-4985
1929.511941	-640	-4985
1929.561946	-640	-4985
1929.611951	-640	-4985
1929.661956	-644	-4985
1929.711961	-652	-4985
1929.761966	-652	-4985
1929.811971	-652	-4985
1929.861976	-652	-4985
1929.911981	-652	-4985
1929.961986	-652	-4985
1930.011991	-652	-4985
1930.061996	-652	-4985
1930.112001	-652	-4985
1930.162006	-652	-5017
1930.212011	-652	-5089
1930.262016	-652	-5097
1930.312021	-652	-5197
1930.362026	-652	-5245
1930.412031	-652	-5289
1930.462036	-652	-5337
1930.512041	-652	-5341
1930.562046	-652	-5357
1930.612051	-652	-5357
1930.662056	-652	-5357
1930.712061	-652	-5361
1930.762066	-652	-5365
1930.812071	-652	-5425
1930.862076	-652	-5425
1930.912081	-652	-5425
1930.962086	-652	-5425
1931.012091	-652	-5425
1931.062096	-652	-5437
1931.112101	-652	-5478
1931.162106	-652	-5502
1931.212111	-652	-5518
1931.262116	-652	-5542
1931.312121	-652	-5558
1931.362126	-652	-5578
1931.412131	-652	-5578
1931.462136	-652	-5586
1931.512141	-652	-5610
1931.562146	-652	-5610
1931.612151	-652	-5670
1931.662156	-652	-5686
1931.712161	-652	-5686
1931.762166	-652	-5694
1931.812171	-652	-5694
1931.862176	-652	-5694
1931.912181	-652	-5694
1931.962186	-652	-5694
1932.012191	-652	-5650
1932.061196	-652	-5490
1932.111201	-652	-5345
1932.161206	-652	-5273
1932.211211	-664	-5125
1932.261216	-696	-4785
1932.311221	-748	-4597
1932.361226	-824	-4329
1932.411231	-840	-3633
1932.461236	-840	-3265
1932.511241	-840	-2953
1932.561246	-840	-2717
1932.611251	-804	-2369
1932.661256	-700	-2161
1932.711261	-636	-1909
1932.761266	0	-1561
1932.811271	0	-781
1932.861276	0	-317
1932.911281	0	0
1932.961286	0	0
1933.011291	0	0
1933.061296	0	0
1933.111301	0	0
1933.161306	0	0
1933.211311	0	0
1933.261316	0	0
1933.311321	0	0
1933.361326	0	0
1933.411331	0	0
1933.461336	0	0
1933.511341	0	0
1933.561346	0	0
1933.611351	0	0
1933.661356	0	0
1933.711361	0	0
1933.761366	0	0
1933.811371	0	0
1933.861376	0	0
1933.911381	0	0
1933.961386	0	0
1934.011391	0	0
1934.061396	0	0
1934.111401	0	0
1934.161406	0	0
1934.211411	0	0
1934.261416	0	0
1934.311421	0	0
1934.361426	0	0
1934.411431	0	0
1934.461436	0	0
1934.511441	0	0
1934.561446	0	0
1934.611451	0	0
1934.661456	0	0
1934.711461	0	0
1934.761466	0	0
1934.811471	0	0
1934.861476	0	0
1934.911481	0	0
1934.961486	0	0
1935.011491	0	0
1935.061496	0	0
1935.111501	0	0
1935.161506	0	0
1935.211511	0	0
1935.261516	0	0
1935.311521	0	0
1935.361526	0	0
1935.411531	0	0
1935.461536	0	0
1935.511541	0	0
1935.561546	0	0
1935.611551	0	0
1935.661556	0	0
1935.711561	0	0
1935.761566	0	0
1935.811571	0	0
1935.861576	0	0
1935.911581	0	0
1935.961586	0	0
1936.011591	0	0
1936.061596	0	0
1936.111601	0	0
1936.161606	0	0
1936.211611	0	0
1936.261616	0	0
1936.311621	0	0
1936.361626	0	0
1936.411631	0	0
1936.461636	0	0
1936.511641	0	0
1936.561646	0	0
1936.611651	0	0
1936.661656	0	0
1936.711661	0	0
1936.761666	0	0
1936.811671	0	0
1936.861676	0	0
1936.911681	0	0
1936.961686	0	0
1937.011691	0	0
1937.061696	0	0
1937.111701	0	0
1937.161706	0	0
1937.211711	0	0
1937.261716	0	0
1937.311721	0	0
1937.361726	0	0
1937.411731	0	0
1937.461736	0	0
1937.511741	0	0
1937.561746	0	0
1937.611751	0	0
1937.661756	0	0
1937.711761	0	0
1937.761766	0	0
1937.811771	0	0
1937.861776	0	0
1937.911781	0	0
1937.961786	0	0
1938.011791	0	0
1938.061796	0	0
1938.111801	0	0
1938.161806	0	0
1938.211811	0	0
1938.261816	0	0
1938.311821	0	0
1938.361826	0	0
1938.411831	0	0
1938.461836	0	0
1938.511841	0	0
1938.561846	0	0
1938.611851	0	0
1938.661856	0	0
1938.711861	0	0
1938.761866	0	0
1938.811871	0	0
1938.861876	0	0
1938.911881	0	0
1938.961886	0	0
1939.011891	0	0
1939.061896	0	0
1939.111901	0	0
1939.161906	0	0
1939.211911	0	0
1939.261916	0	0
1939.311921	0	0
1939.361926	0	0
1939.411931	0	0
1939.461936	0	0
1939.511941	0	0
1939.561946	0	0
1939.611951	0	0
1939.661956	0	0
1939.711961	0	0
1939.761966	0	0
1939.811971	0	0
1939.861976	0	0
1939.911981	0	0
1939.961986	0	0
1940.011991	0	0
1940.061996	0	0
1940.112001	0	0
1940.162006	0	0
1940.212011	0	0
1940.262016	0	0
1940.312021	0	0
1940.362026	0	0
1940.412031	0	0
1940.462036	0	0
1940.512041	0	0
1940.562046	0	0
1940.612051	0	0
1940.662056	0	0
1940.712061	0	0
1940.762066	0	0
1940.812071	0	0
1940.862076	0	0
1940.912081	0	0
1940.962086	0	0
1941.012091	0	0
1941.062096	0	0
1941.112101	0	0
1941.162106	0	0
1941.212111	0	0
1941.262116	0	0
1941.312121	0	0
1941.362126	0	0
1941.412131	0	0
1941.462136	0	0
1941.512141	0	0
1941.562146	0	0
1941.612151	0	0
1941.662156	0	0
1941.712161	0	0
1941.762166	0	0
1941.812171	0	0
1941.862176	0	0
1941.912181	0	0
1941.962186	0	0
1942.012191	0	0
1942.062196	0	0
1942.112201	0	0
1942.162206	0	0
1942.212211	0	0
1942.262216	0	0
1942.312221	0	0
1942.362226	0	0
1942.412231	0	0
1942.462236	0	0
1942.512241	0	0
1942.562246	0	0
1942.612251	0	0
1942.662256	0	0
1942.712261	0	0
1942.762266	0	0
1942.812271	0	0
1942.862276	0	0
1942.912281	0	0
1942.962286	0	0
1943.012291	0	0
1943.062296	0	0
1943.112301	0	0
1943.162306	0	0
1943.212311	0	0
1943.262316	0	0
1943.312321	0	0
1943.362326	0	0
1943.412331	0	0
1943.462336	0	0
1943.512341	0	0
1943.562346	0	0
1943.612351	0	0
1943.662356	0	0
1943.712361	0	0
1943.762366	0	0
1943.812371	0	0
1943.862376	0	0
1943.912381	0	0
1943.962386	0	0
1944.012391	0	0
1944.062396	0	0
1944.112401	0	0
1944.162406	0	0
1944.212411	0	0
1944.262416	0	0
1944.312421	0	0
1944.362426	0	0
1944.412431	0	0
1944.462436	0	0
1944.512441	0	0
1944.562446	0	0
1944.612451	0	0
1944.662456	0	0
1944.712461	0	0
1944.762466	0	0
1944.812471	0	0
1944.862476	0	0
1944.912481	0	0
1944.962486	0	0
1945.012491	0	0
1945.062496	0	0
1945.112501	0	0
1945.162506	0	0
1945.212511	0	0
1945.262516	0	0
1945.312521	0	0
1945.362526	0	0
1945.412531	0	0
1945.462536	0	0
1945.512541	0	0
1945.562546	0	8
1945.612551	0	8
1945.662556	0	8
1945.712561	0	8
1945.762566	0	8
1945.812571	0	8
1945.862576	0	8
1945.912581	0	8
1945.962586	0	8
1946.012591	0	8
1946.062596	0	8
1946.112601	0	8
1946.162606	0	8
1946.212611	0	8
1946.262616	0	8
1946.312621	0	8
1946.362626	0	8
1946.412631	0	8
1946.462636	0	8
1946.512641	0	8
1946.562646	0	8
1946.612651	0	8
1946.662656	0	8
1946.712661	0	8
1946.762666	0	8
1946.812671	0	8
1946.862676	0	8
1946.912681	0	8
1946.962686	0	8
1947.012691	0	8
1947.062696	0	8
1947.112701	0	8
1947.162706	0	8
1947.212711	0	8
1947.262716	0	8
1947.312721	0	8
1947.362726	0	8
1947.412731	0	8
1947.462736	0	8
1947.512741	0	8
1947.562746	0	8
1947.612751	0	8
1947.662756	0	8
1947.712761	0	8
1947.762766	0	32
1947.812771	0	32
1947.862776	0	32
1947.912781	0	32
1947.962786	0	32
1948.012791	0	32
1948.062796	0	32
1948.112801	0	32
1948.162806	0	32
1948.212811	0	32
1948.262816	0	40
1948.312821	0	40
1948.362826	0	40
1948.412831	0	40
1948.462836	0	40
1948.512841	0	40
1948.562846	0	40
1948.612851	0	40
1948.662856	0	40
1948.712861	0	40
1948.762866	0	40
1948.812871	0	40
1948.862876	0	40
1948.912881	0	40
1948.962886	0	40
1949.012891	0	40
1949.062896	0	40
1949.112901	0	40
1949.162906	0	40
1949.212911	0	40
1949.262916	0	40
1949.312921	0	40
1949.362926	0	40
1949.412931	0	40
1949.462936	0	40
1949.512941	0	40
1949.561946	0	40
1949.611951	0	40
1949.661956	0	40
1949.711961	0	40
1949.761966	0	40
1949.811971	0	40
1949.861976	0	40
1949.911981	0	40
1949.961986	0	40
1950.011991	0	40
1950.061996	0	40
1950.112001	0	40
1950.162006	0	40
1950.212011	0	40
1950.262016	0	40
1950.312021	0	40
1950.362026	0	40
1950.412031	0	40
1950.462036	0	40
1950.512041	0	40
1950.562046	0	40
1950.612051	0	40
1950.662056	0	40
1950.712061	0	40
1950.762066	0	40
1950.812071	0	40
1950.862076	0	40
1950.912081	0	40
1950.962086	0	40
1951.012091	0	40
1951.062096	0	0
1951.112101	0	0
1951.162106	0	0
1951.212111	0	0
1951.262116	0	0
1951.312121	0	0
1951.362126	0	0
1951.412131	0	0
1951.462136	0	0
1951.512141	0	0
1951.562146	0	0
1951.612151	0	0
1951.662156	0	0
1951.712161	0	0
1951.762166	0	0
1951.812171	0	0
1951.862176	0	0
1951.912181	0	0
1951.962186	0	0
1952.012191	0	0
1952.062196	0	0
1952.112201	0	0
1952.162206	0	0
1952.212211	0	88
1952.262216	0	112
1952.312221	0	300
1952.362226	0	376
1952.412231	0	480
1952.462236	0	556
1952.512241	0	652
1952.562246	0	660
1952.612251	0	704
1952.662256	0	736
1952.712261	0	744
1952.762266	0	744
1952.812271	0	744
1952.862276	0	744
1952.912281	0	744
1952.962286	0	744
1953.012291	0	744
1953.062296	0	744
1953.112301	0	744
1953.162306	0	744
1953.212311	0	744
1953.262316	0	744
1953.312321	0	744
1953.362326	0	744
1953.412331	0	744
1953.462336	0	744
1953.512341	0	744
1953.562346	0	744
1953.612351	0	744
1953.662356	0	744
1953.712361	0	744
1953.762366	0	636
1953.812371	0	268
1953.862376	0	48
1953.912381	0	0
1953.962386	0	0
1954.012391	0	0
1954.062396	0	0
1954.112401	0	0
1954.162406	0	0
1954.212411	0	0
1954.262416	0	0
1954.312421	0	0
1954.362426	0	0
1954.412431	0	0
1954.462436	0	0
1954.512441	0	0
1954.562446	0	0
1954.612451	0	0
1954.662456	0	0
1954.712461	0	0
1954.762466	0	0
1954.812471	0	0
1954.862476	0	0
1954.912481	0	0
1954.969487	0	0
1955.012491	0	0
1955.062496	0	0
1955.112501	0	0
1955.162506	0	0
1955.212511	0	0
1955.262516	0	0
1955.312521	0	0
1955.362526	0	0
1955.412531	0	0
1955.462536	0	0
1955.512541	0	0
1955.562546	0	0
1955.612551	0	0
1955.662556	0	0
1955.712561	0	0
1955.762566	0	0
1955.812571	21	0
1955.862576	29	0
1955.912581	65	0
1955.962586	89	0
1956.012591	117	0
1956.062596	117	0
1956.112601	141	0
1956.162606	141	0
1956.212611	141	0
1956.262616	141	0
1956.312621	141	0
1956.362626	141	0
1956.412631	153	0
1956.462636	153	0
1956.512641	161	0
1956.562646	161	0
1956.612651	161	0
1956.662656	161	0
1956.712661	161	0
1956.762666	161	0
1956.812671	161	0
1956.862676	161	0
1956.912681	161	0
1956.962686	169	0
1957.012691	169	0
1957.062696	169	0
1957.112701	169	0
1957.162706	237	0
1957.212711	237	0
1957.262716	289	0
1957.312721	289	0
1957.362726	333	0
1957.412731	353	0
1957.462736	353	0
1957.512741	405	0
1957.562746	405	0
1957.612751	405	0
1957.662756	405	0
1957.712761	405	0
1957.762766	405	0
1957.812771	445	0
1957.862776	445	0
1957.912781	445	0
1957.962786	445	0
1958.012791	445	0
1958.062796	445	0
1958.112801	445	0
1958.162806	445	0
1958.212811	445	0
1958.262816	445	0
1958.312821	445	0
1958.362826	445	0
1958.412831	445	0
1958.462836	445	0
1958.512841	445	0
1958.562846	445	0
1958.612851	445	0
1958.662856	445	0
1958.712861	445	0
1958.762866	445	0
1958.812871	445	0
1958.862876	445	0
1958.912881	445	0
1958.962886	445	0
1959.012891	445	0
1959.062896	445	0
1959.112901	445	0
1959.162906	445	0
1959.212911	445	0
1959.262916	445	0
1959.312921	445	0
1959.362926	445	0
1959.412931	445	0
1959.462936	445	0
1959.512941	445	0
1959.562946	445	0
1959.612951	445	0
1959.662956	445	0
1959.712961	445	0
1959.762966	445	0
1959.812971	445	0
1959.862976	445	0
1959.912981	445	0
1959.962986	445	0
1960.012991	445	0
1960.062996	445	0
1960.113001	445	0
1960.163006	421	0
1960.213011	421	0
1960.263016	421	0
1960.313021	421	0
1960.363026	421	0
1960.413031	393	0
1960.463036	393	0
1960.513041	369	0
1960.563046	333	0
1960.613051	317	0
1960.663056	301	0
1960.713061	301	0
1960.763066	257	0
1960.813071	221	0
1960.863076	193	0
1960.913081	81	0
1960.963086	57	0
1961.013091	0	0
1961.063096	0	0
1961.113101	0	0
1961.163106	0	0
1961.213111	0	0
1961.263116	0	0
1961.313121	0	0
1961.363126	0	0
1961.413131	0	0
1961.463136	0	0
1961.513141	0	0
1961.563146	0	0
1961.613151	0	0
1961.663156	0	0
1961.713161	0	0
1961.763166	0	0
1961.813171	0	0
1961.863176	0	0
1961.913181	0	0
1961.963186	0	0
1962.013191	0	0
1962.063196	0	0
1962.113201	0	0
1962.163206	0	0
1962.213211	0	0
1962.263216	0	0
1962.313221	0	0
1962.363226	0	0
1962.413231	0	0
1962.463236	0	0
1962.513241	0	0
1962.563246	0	0
1962.613251	0	0
1962.663256	0	0
1962.713261	0	0
1962.763266	0	0
1962.813271	0	0
1962.863276	0	0
1962.913281	0	0
1962.963286	0	0
1963.013291	0	0
1963.063296	0	0
1963.113301	0	0
1963.163306	0	0
1963.213311	0	0
1963.263316	0	0
1963.313321	0	0
1963.363326	0	0
1963.413331	0	0
1963.463336	0	0
1963.513341	0	0
1963.563346	0	0
1963.613351	0	0
1963.663356	0	0
1963.713361	0	0
1963.763366	0	0
1963.813371	0	0
1963.863376	0	0
1963.913381	0	0
1963.963386	0	0
1964.013391	0	0
1964.063396	0	0
1964.113401	0	0
1964.163406	0	0
1964.213411	0	0
1964.263416	0	0
1964.313421	0	0
1964.363426	0	0
1964.413431	0	0
1964.463436	0	0
1964.513441	0	0
1964.563446	0	0
1964.613451	0	0
1964.663456	0	0
1964.713461	0	0
1964.763466	0	0
1964.813471	0	0
1964.863476	0	0
1964.913481	0	0
1964.963486	0	0
1965.013491	0	0
1965.063496	0	0
1965.113501	0	0
1965.163506	0	0
1965.213511	0	0
1965.263516	0	0
1965.313521	0	0
1965.363526	0	0
1965.413531	0	0
1965.463536	0	0
1965.513541	0	0
1965.563546	0	0
1965.613551	0	0
1965.663556	0	0
1965.713561	0	0
1965.763566	0	0
1965.813571	0	0
1965.863576	0	0
1965.913581	0	0
1965.963586	0	0
1966.013591	0	0
1966.063596	0	0
1966.113601	0	0
1966.163606	0	0
1966.213611	0	0
1966.263616	0	0
1966.313621	0	0
1966.363626	0	0
1966.413631	0	0
1966.463636	0	0
1966.513641	0	0
1966.563646	0	0
1966.613651	0	0
1966.663656	0	0
1966.713661	0	0
1966.763666	0	0
1966.813671	0	0
1966.863676	0	0
1966.913681	0	0
1966.963686	0	0
1967.013691	0	0
1967.062696	0	0
1967.112701	0	0
1967.162706	0	0
1967.212711	0	0
1967.262716	0	0
1967.312721	0	0
1967.362726	0	0
1967.412731	0	0
1967.462736	0	0
1967.512741	0	0
1967.562746	0	0
1967.612751	0	0
1967.662756	0	0
1967.712761	0	0
1967.762766	0	0
1967.812771	0	0
1967.862776	0	0
1967.912781	0	0
1967.962786	0	0
1968.012791	0	0
1968.062796	0	0
1968.112801	0	0
1968.162806	0	0
1968.212811	0	0
1968.262816	0	0
1968.312821	0	0
1968.362826	0	0
1968.412831	0	0
1968.462836	0	0
1968.512841	0	0
1968.562846	0	0
1968.612851	0	0
1968.662856	0	0
1968.712861	0	0
1968.762866	0	0
1968.812871	0	0
1968.862876	0	0
1968.912881	0	0
1968.962886	0	0
1969.012891	0	0
1969.062896	0	0
1969.112901	0	0
1969.162906	0	0
1969.212911	0	0
1969.262916	0	0
1969.312921	0	0
1969.362926	0	0
1969.412931	0	0
1969.462936	0	0
1969.512941	0	0
1969.562946	0	0
1969.612951	0	0
1969.662956	0	0
1969.712961	0	0
1969.762966	0	0
1969.812971	0	0
1969.862976	0	0
1969.912981	0	0
1969.962986	0	0
1970.012991	0	0
1970.062996	0	0
1970.113001	0	0
1970.163006	0	0
1970.213011	0	0
1970.263016	0	0
1970.313021	0	0
1970.363026	0	0
1970.413031	0	0
1970.463036	0	0
1970.513041	0	0
1970.563046	0	0
1970.613051	0	0
1970.663056	0	0
1970.713061	0	0
1970.763066	0	0
1970.813071	0	0
1970.863076	0	0
1970.913081	0	0
1970.963086	0	0
1971.013091	0	0
1971.063096	0	0
1971.113101	0	0
1971.163106	0	0
1971.213111	0	0
1971.263116	0	0
1971.313121	0	0
1971.363126	0	0
1971.413131	0	0
1971.463136	0	0
1971.513141	0	0
1971.563146	0	0
1971.613151	0	0
1971.663156	0	0
1971.713161	0	0
1971.763166	0	0
1971.813171	0	0
1971.863176	0	0
1971.913181	0	0
1971.963186	0	0
1972.013191	0	0
1972.063196	0	0
1972.113201	0	0
1972.163206	0	0
1972.213211	0	0
1972.263216	0	0
1972.313221	0	0
1972.363226	0	0
1972.413231	0	0
1972.463236	0	0
1972.513241	0	0
1972.563246	0	0
1972.613251	0	0
1972.663256	0	0
1972.713261	0	0
1972.763266	0	0
1972.813271	0	0
1972.863276	0	0
1972.913281	0	0
1972.963286	0	0
1973.013291	0	0
1973.063296	0	0
1973.113301	0	0
1973.163306	0	0
1973.213311	0	0
1973.263316	0	0
1973.313321	0	0
1973.363326	0	0
1973.413331	0	0
1973.463336	0	0
1973.513341	0	0
1973.563346	0	0
1973.613351	0	0
1973.663356	0	0
1973.713361	0	0
1973.763366	0	0
1973.813371	0	0
1973.863376	0	0
1973.913381	0	0
1973.963386	0	0
1974.013391	0	0
1974.063396	0	0
1974.113401	0	0
1974.163406	0	0
1974.213411	0	0
1974.263416	0	0
1974.313421	0	0
1974.363426	0	0
1974.413431	0	0
1974.463436	0	0
1974.513441	0	0
1974.563446	0	0
1974.613451	0	0
1974.663456	0	0
1974.713461	0	0
1974.763466	0	0
1974.813471	0	0
1974.863476	0	0
1974.913481	0	0
1974.963486	0	0
1975.013491	0	0
1975.063496	0	0
1975.113501	0	0
1975.163506	0	0
1975.213511	0	0
1975.263516	0	0
1975.313521	0	0
1975.363526	0	0
1975.413531	0	0
1975.463536	0	0
1975.513541	0	0
1975.563546	0	0
1975.613551	0	0
1975.663556	0	0
1975.713561	0	0
1975.763566	0	0
1975.813571	0	0
1975.863576	0	0
1975.913581	0	0
1975.963586	0	0
1976.013591	0	0
1976.063596	0	0
1976.113601	0	0
1976.163606	0	0
1976.213611	0	0
1976.263616	0	0
1976.313621	0	0
1976.363626	0	0
1976.413631	0	0
1976.463636	0	0
1976.513641	0	0
1976.563646	0	0
1976.613651	0	0
1976.663656	0	0
1976.713661	0	0
1976.763666	0	0
1976.813671	0	0
1976.863676	0	0
1976.913681	0	0
1976.963686	0	0
1977.013691	0	0
1977.063696	0	0
1977.113701	0	0
1977.163706	0	0
1977.213711	0	0
1977.263716	0	0
1977.313721	0	0
1977.363726	0	0
1977.413731	0	0
1977.463736	0	0
1977.513741	0	0
1977.563746	0	0
1977.613751	0	0
1977.663756	0	0
1977.713761	0	0
1977.763766	0	0
1977.813771	0	0
1977.863776	0	0
1977.913781	0	0
1977.963786	0	0
1978.013791	0	0
1978.063796	0	0
1978.113801	0	0
1978.163806	0	0
1978.213811	0	0
1978.263816	0	0
1978.313821	0	0
1978.363826	0	0
1978.413831	0	0
1978.463836	0	0
1978.513841	0	0
1978.563846	0	0
1978.613851	0	0
1978.663856	0	0
1978.713861	0	0
1978.763866	0	0
1978.813871	0	0
1978.863876	0	0
1978.913881	0	0
1978.963886	0	0
1979.013891	0	0
1979.063896	0	0
1979.113901	0	0
1979.163906	0	0
1979.213911	0	0
1979.263916	0	0
1979.313921	0	0
1979.363926	0	0
1979.413931	0	0
1979.463936	0	0
1979.513941	0	0
1979.563946	0	0
1979.613951	0	0
1979.663956	0	0
1979.713961	0	0
1979.763966	0	0
1979.813971	0	0
1979.863976	0	0
1979.913981	0	0
1979.963986	0	0
1980.013991	0	0
1980.063996	0	0
1980.114001	0	0
1980.164006	0	0
1980.214011	0	0
1980.264016	0	0
1980.314021	0	0
1980.364026	0	0
1980.414031	0	0
1980.464036	0	0
1980.514041	0	0
1980.564046	0	0
1980.614051	0	0
1980.664056	0	0
1980.714061	0	0
1980.764066	0	0
1980.814071	0	0
1980.864076	0	0
1980.914081	0	0
1980.964086	0	0
1981.014091	0	0
1981.064096	0	0
1981.114101	0	0
1981.164106	0	0
1981.214111	0	0
1981.264116	0	0
1981.314121	0	0
1981.364126	0	0
1981.414131	0	0
1981.464136	0	0
1981.514141	0	0
1981.564146	0	0
1981.614151	0	0
1981.664156	0	0
1981.714161	0	0
1981.764166	0	0
1981.814171	0	0
1981.864176	0	0
1981.914181	0	0
1981.964186	0	0
1982.014191	0	0
1982.064196	0	0
1982.114201	0	0
1982.164206	0	0
1982.214211	0	0
1982.264216	0	0
1982.314221	0	0
1982.364226	0	0
1982.414231	0	0
1982.464236	0	0
1982.514241	0	0
1982.564246	0	0
1982.614251	0	0
1982.664256	0	0
1982.714261	0	0
1982.764266	0	0
1982.814271	0	0
1982.864276	0	0
1982.914281	0	0
1982.964286	0	0
1983.014291	0	0
1983.064296	0	0
1983.114301	0	0
1983.164306	0	0
1983.214311	0	0
1983.264316	0	0
1983.314321	0	0
1983.364326	0	0
1983.414331	0	0
1983.464336	0	0
1983.514341	0	0
1983.564346	0	0
1983.614351	0	0
1983.664356	0	0
1983.714361	0	0
1983.764366	0	0
1983.814371	0	0
1983.864376	0	0
1983.914381	0	0
1983.964386	0	0
1984.014391	0	0
1984.064396	0	0
1984.114401	0	0
1984.164406	0	0
1984.214411	0	0
1984.264416	0	0
1984.314421	0	0
1984.364426	0	0
1984.414431	0	0
1984.464436	0	0
1984.513441	0	0
1984.563446	0	0
1984.613451	0	0
1984.663456	0	0
1984.713461	0	0
1984.763466	0	0
1984.813471	0	0
1984.863476	0	0
1984.913481	0	0
1984.963486	0	0
1985.013491	0	0
1985.063496	0	0
1985.113501	0	0
1985.163506	0	0
1985.213511	0	0
1985.263516	0	0
1985.313521	0	0
1985.363526	0	0
1985.413531	0	0
1985.463536	0	0
1985.513541	0	0
1985.563546	0	0
1985.613551	0	0
1985.663556	0	0
1985.713561	0	0
1985.763566	0	0
1985.813571	0	0
1985.863576	0	0
1985.913581	0	0
1985.963586	0	0
1986.013591	0	0
1986.063596	0	0
1986.113601	0	0
1986.163606	0	0
1986.213611	0	0
1986.263616	0	0
1986.313621	0	0
1986.363626	0	0
1986.413631	0	0
1986.463636	0	0
1986.513641	0	0
1986.563646	0	0
1986.613651	0	0
1986.663656	0	0
1986.713661	0	0
1986.763666	0	0
1986.813671	0	0
1986.863676	0	0
1986.913681	0	0
1987.018691	0	0
1987.067696	0	0
1987.128702	0	0
1987.163706	0	0
1987.213711	0	0
1987.263716	0	0
1987.313721	0	0
1987.363726	0	0
1987.413731	0	0
1987.463736	0	0
1987.513741	0	0
1987.563746	0	0
1987.613751	0	0
1987.663756	0	0
1987.713761	0	0
1987.763766	0	0
1987.813771	0	0
1987.863776	0	0
1987.913781	0	0
1987.963786	0	0
1988.013791	0	0
1988.063796	0	0
1988.113801	0	0
1988.163806	0	0
1988.213811	0	0
1988.263816	0	0
1988.313821	0	0
1988.363826	0	0
1988.413831	0	0
1988.463836	0	0
1988.513841	0	0
1988.563846	0	0
1988.613851	0	0
1988.663856	0	0
1988.713861	0	0
1988.763866	0	0
1988.813871	0	0
1988.863876	0	0
1988.913881	0	0
1988.963886	0	0
1989.013891	0	0
1989.063896	0	0
1989.113901	0	0
1989.163906	0	0
1989.213911	0	0
1989.263916	0	0
1989.313921	0	0
1989.363926	0	0
1989.413931	0	0
1989.463936	0	0
1989.513941	0	0
1989.563946	0	0
1989.613951	0	0
1989.663956	0	0
1989.713961	0	0
1989.763966	0	0
1989.813971	0	0
1989.863976	0	0
1989.913981	0	0
1989.963986	0	0
1990.013991	0	0
1990.063996	0	0
1990.114001	0	0
1990.164006	0	0
1990.214011	0	0
1990.264016	0	0
1990.314021	0	0
1990.364026	0	0
1990.414031	0	0
1990.464036	0	0
1990.514041	0	0
1990.564046	0	0
1990.614051	0	0
1990.664056	0	0
1990.714061	0	0
1990.764066	0	0
1990.814071	0	0
1990.864076	0	0
1990.914081	0	0
1990.964086	0	0
1991.014091	0	0
1991.064096	0	0
1991.114101	0	0
1991.164106	0	0
1991.214111	0	0
1991.264116	0	0
1991.314121	0	0
1991.364126	0	0
1991.414131	0	0
1991.464136	0	0
1991.514141	0	0
1991.564146	0	0
1991.614151	0	0
1991.664156	0	0
1991.714161	0	0
1991.764166	0	0
1991.814171	0	0
1991.864176	0	0
1991.914181	0	0
1991.964186	0	0
1992.014191	0	0
1992.064196	0	0
1992.114201	0	0
1992.164206	0	0
1992.214211	0	0
1992.264216	0	0
1992.314221	0	0
1992.364226	0	0
1992.414231	0	0
1992.464236	0	0
1992.514241	0	0
1992.564246	0	0
1992.614251	0	0
1992.664256	0	0
1992.714261	0	0
1992.764266	0	0
1992.814271	0	0
1992.864276	0	0
1992.914281	0	0
1992.964286	0	0
1993.014291	0	0
1993.064296	0	0
1993.114301	0	0
1993.164306	0	0
1993.214311	0	0
1993.264316	0	0
1993.314321	0	0
1993.364326	0	0
1993.414331	0	0
1993.464336	0	0
1993.514341	0	0
1993.564346	0	0
1993.614351	0	0
1993.664356	0	0
1993.714361	0	0
1993.764366	0	0
1993.814371	0	0
1993.864376	0	0
1993.914381	0	0
1993.964386	0	0
1994.014391	0	0
1994.064396	0	0
1994.114401	0	0
1994.164406	0	0
1994.214411	0	0
1994.264416	0	0
1994.314421	0	0
1994.364426	0	0
1994.414431	0	0
1994.464436	0	0
1994.514441	0	0
1994.564446	0	0
1994.614451	0	0
1994.664456	0	0
1994.714461	0	0
1994.764466	0	0
1994.814471	0	0
1994.864476	0	0
1994.914481	0	0
1994.964486	0	0
1995.014491	0	0
1995.064496	0	0
1995.114501	0	0
1995.164506	0	0
1995.214511	0	0
1995.264516	0	0
1995.314521	0	0
1995.364526	0	0
1995.414531	0	0
1995.464536	0	0
1995.514541	0	0
1995.564546	0	0
1995.614551	0	0
1995.664556	0	0
1995.714561	0	0
1995.764566	0	0
1995.814571	0	0
1995.864576	0	0
1995.914581	0	0
1995.964586	0	0
1996.014591	0	0
1996.064596	0	0
1996.114601	0	0
1996.164606	0	0
1996.214611	0	0
1996.264616	0	0
1996.314621	0	0
1996.364626	0	0
1996.414631	0	0
1996.464636	0	0
1996.514641	0	0
1996.564646	0	24
1996.614651	0	24
1996.664656	0	24
1996.714661	0	24
1996.764666	0	40
1996.814671	0	40
1996.864676	0	40
1996.914681	0	40
1996.964686	0	40
1997.014691	0	40
1997.064696	0	40
1997.114701	0	40
1997.164706	0	40
1997.214711	0	40
1997.264716	0	40
1997.314721	0	40
1997.364726	0	40
1997.414731	0	40
1997.464736	0	40
1997.514741	0	40
1997.564746	0	40
1997.614751	0	56
1997.664756	0	56
1997.714761	0	96
1997.764766	0	96
1997.814771	0	96
1997.864776	0	120
1997.914781	0	128
1997.964786	0	144
1998.014791	0	144
1998.064796	0	144
1998.114801	0	180
1998.164806	0	204
1998.214811	0	284
1998.264816	0	292
1998.314821	0	324
1998.364826	0	324
1998.414831	0	456
1998.464836	0	456
1998.514841	0	496
1998.564846	0	512
1998.614851	0	512
1998.664856	0	524
1998.714861	0	524
1998.764866	0	556
1998.814871	0	564
1998.864876	0	564
1998.914881	0	564
1998.964886	0	564
1999.014891	0	564
1999.064896	0	564
1999.114901	0	564
1999.164906	0	588
1999.214911	0	612
1999.264916	0	612
1999.314921	0	620
1999.364926	0	652
1999.414931	0	652
1999.464936	0	652
1999.514941	0	652
1999.564946	0	652
1999.614951	0	652
1999.664956	0	676
1999.714961	0	736
1999.764966	0	792
1999.814971	0	840
1999.864976	0	1004
1999.914981	0	1056
1999.964986	0	1088
2000.014991	0	1176
2000.064996	0	1236
2000.115001	0	1284
2000.165006	0	1332
2000.215011	0	1372
2000.265016	0	1432
2000.315021	0	1432
2000.365026	0	1432
2000.415031	0	1432
2000.465036	0	1432
2000.515041	0	1432
2000.565046	0	1432
2000.615051	0	1432
2000.665056	0	1432
2000.715061	0	1432
2000.765066	0	1432
2000.815071	0	1432
2000.865076	0	1432
2000.915081	0	1432
2000.965086	0	1432
2001.015091	0	1432
2001.065096	0	1432
2001.115101	0	1432
2001.165106	0	1432
2001.215111	0	1432
2001.265116	0	1432
2001.315121	0	1432
2001.365126	0	1432
2001.415131	0	1432
2001.465136	0	1432
2001.515141	0	1432
2001.565146	0	1432
2001.615151	0	1432
2001.665156	0	1432
2001.715161	0	1432
2001.765166	0	1432
2001.815171	0	1432
2001.865176	0	1432
2001.915181	0	1432
2001.965186	0	1432
2002.014191	0	1432
2002.064196	0	1432
2002.114201	0	1432
2002.164206	0	1432
2002.214211	0	1432
2002.264215	0	1432
2002.314220	0	1432
2002.364226	0	1432
2002.414231	0	1432
2002.464236	0	1432
2002.514241	0	1432
2002.564246	0	1432
2002.614251	0	1432
2002.664256	0	1432
2002.714261	0	1432
2002.764266	0	1432
2002.814270	0	1432
2002.864275	0	1432
2002.914281	0	1432
2002.964286	0	1432
2003.014291	0	1432
2003.064296	0	1448
2003.114301	0	1456
2003.164306	0	1456
2003.214311	0	1464
2003.264316	0	1496
2003.314321	0	1512
2003.364326	0	1520
2003.414330	0	1552
2003.464335	0	1552
2003.514341	0	1552
2003.564346	-116	1564
2003.614351	-116	1564
2003.664356	-116	1580
2003.714361	-116	1580
2003.764366	-116	1588
2003.814371	-116	1588
2003.864376	-116	1600
2003.914381	-116	1600
2003.964386	-116	1620
2004.014390	-116	1620
2004.064395	-116	1620
2004.114401	-124	1620
2004.164406	-124	1620
2004.214411	-124	1624
2004.264416	-124	1624
2004.314421	-124	1624
2004.364426	-132	1624
2004.414431	-132	1624
2004.464436	-132	1624
2004.514441	-132	1624
2004.564445	-132	1624
2004.614450	-132	1624
2004.664456	-132	1624
2004.714461	-132	1624
2004.764466	-132	1624
2004.814471	-136	1624
2004.864476	-136	1624
2004.914481	-136	1624
2004.964486	-136	1624
2005.014491	-136	1624
2005.064496	-136	1624
2005.114501	-136	1624
2005.164505	-136	1624
2005.214510	-136	1624
2005.264516	-136	1624
2005.314521	-136	1624
2005.364526	-136	1624
2005.414531	-136	1624
2005.464536	-136	1624
2005.514541	-136	1624
2005.564546	-140	1624
2005.614551	-140	1624
2005.664556	-140	1624
2005.714561	-140	1624
2005.764565	-140	1624
2005.814570	-140	1624
2005.864576	-140	1624
2005.914581	-156	1624
2005.964586	-156	1624
2006.014591	-156	1624
2006.064596	-156	1624
2006.114601	-156	1624
2006.164606	-156	1624
2006.214611	-156	1624
2006.264616	-156	1624
2006.314620	-156	1624
2006.364625	-156	1624
2006.414631	-164	1624
2006.464636	-164	1624
2006.514641	-164	1624
2006.564646	-164	1624
2006.614651	-164	1624
2006.664656	-164	1624
2006.714661	-164	1624
2006.764666	-164	1624
2006.814671	-164	1624
2006.864676	-164	1624
2006.914680	-164	1624
2006.964685	-164	1624
2007.014691	-164	1624
2007.064696	-164	1624
2007.114701	-164	1624
2007.164706	-164	1624
2007.214711	-164	1624
2007.264716	-164	1624
2007.314721	-168	1624
2007.364726	-168	1624
2007.414731	-168	1644
2007.464736	-168	1644
2007.514740	-168	1660
2007.564745	-168	1660
2007.614751	-168	1660
2007.664756	-168	1668
2007.714761	-168	1668
2007.764766	-168	1668
2007.814771	-172	1668
2007.864776	-172	1668
2007.914781	-172	1668
2007.964786	-172	1668
2008.014791	-172	1668
2008.064795	-172	1668
2008.114800	-172	1668
2008.164806	-172	1668
2008.214811	-172	1668
2008.264816	-172	1668
2008.314821	-172	1668
2008.364826	-172	1668
2008.414831	-172	1668
2008.464836	-172	1668
2008.514841	-172	1668
2008.564846	-172	1668
2008.614851	-172	1672
2008.664855	-172	1684
2008.714860	-172	1692
2008.764866	-172	1692
2008.814871	-172	1692
2008.864876	-172	1692
2008.914881	-172	1692
2008.964886	-172	1692
2009.014891	-172	1692
2009.064896	-172	1692
2009.114901	-172	1692
2009.164906	-172	1692
2009.214911	-172	1692
2009.264915	-172	1692
2009.314920	-172	1692
2009.364926	-172	1692
2009.414931	-172	1692
2009.464936	-172	1692
2009.514941	-172	1692
2009.564946	-176	1692
2009.614951	-176	1692
2009.664956	-176	1692
2009.714961	-176	1692
2009.764966	-176	1692
2009.814970	-196	1692
2009.864975	-196	1692
2009.914981	-196	1692
2009.964986	-196	1692
2010.014991	-196	1692
2010.064996	-196	1692
2010.115001	-196	1692
2010.165006	-196	1692
2010.215011	-196	1692
2010.265016	-196	1692
2010.315021	-196	1692
2010.365026	-196	1692
2010.415030	-196	1692
2010.465035	-196	1692
2010.515041	-196	1692
2010.565046	-196	1692
2010.615051	-196	1692
2010.665056	-196	1692
2010.715061	-196	1692
2010.765066	-196	1692
2010.815071	-196	1692
2010.865076	-196	1692
2010.915081	-196	1692
2010.965086	-196	1692
2011.015090	-196	1692
2011.065095	-196	1692
2011.115101	-196	1692
2011.165106	-196	1692
2011.215111	-196	1696
2011.265116	-196	1696
2011.315121	-196	1696
2011.365126	-196	1696
2011.415131	-196	1700
2011.465136	-196	1700
2011.515141	-196	1700
2011.565145	-196	1700
2011.615150	-196	1700
2011.665156	-196	1716
2011.715161	-196	1716
2011.765166	-196	1716
2011.815171	-196	1716
2011.865176	-196	1716
2011.915181	-196	1716
2011.965186	-196	1716
2012.015191	-196	1716
2012.065196	-196	1716
2012.115201	-196	1716
2012.165205	-196	1716
2012.215210	-196	1716
2012.265216	-196	1716
2012.315221	-196	1736
2012.365226	-196	1736
2012.415231	-196	1736
2012.465236	-196	1736
2012.515241	-196	1736
2012.565246	-196	1736
2012.615251	-196	1736
2012.665256	-196	1736
2012.715261	-196	1736
2012.765265	-196	1736
2012.815270	-196	1736
2012.865276	-196	1740
2012.915281	-196	1740
2012.965286	-196	1740
2013.015291	-196	1740
2013.065296	-196	1740
2013.115301	-196	1740
2013.165306	-196	1740
2013.215311	-196	1740
2013.265316	-196	1740
2013.315320	-196	1740
2013.365325	-196	1740
2013.415331	-196	1740
2013.465336	-196	1740
2013.515341	-196	1740
2013.565346	-196	1740
2013.615351	-196	1740
2013.665356	-196	1740
2013.715361	-196	1740
2013.765366	-196	1740
2013.815371	-196	1740
2013.865376	-204	1740
2013.915380	-204	1740
2013.965385	-204	1740
2014.015391	-204	1740
2014.065396	-204	1740
2014.115401	-208	1740
2014.165406	-208	1740
2014.215411	-208	1740
2014.265416	-208	1740
2014.315421	-208	1740
2014.365426	-208	1740
2014.415431	-208	1740
2014.465436	-208	1740
2014.515440	-208	1740
2014.565445	-208	1740
2014.615451	-208	1740
2014.665456	-208	1740
2014.715461	-208	1740
2014.765466	-208	1740
2014.815471	-208	1740
2014.865476	-208	1740
2014.915481	-208	1740
2014.965486	-208	1740
2015.015491	-208	1740
2015.065495	-208	1740
2015.115500	-208	1740
2015.165506	-208	1740
2015.215511	-208	1740
2015.265516	-208	1740
2015.315521	-208	1740
2015.365526	-208	1740
2015.415531	-208	1740
2015.465536	-208	1740
2015.515541	-208	1740
2015.565546	-208	1740
2015.615551	-208	1740
2015.665555	-208	1740
2015.715560	-208	1740
2015.765566	-208	1740
2015.815571	-208	1740
2015.865576	-208	1740
2015.915581	-208	1740
2015.965586	-208	1740
2016.015591	-208	1740
2016.065596	-208	1740
2016.115601	-208	1740
2016.165606	-208	1740
2016.215611	-208	1740
2016.265615	-208	1740
2016.315620	-208	1740
2016.365626	-208	1740
2016.415631	-208	1740
2016.465636	-208	1740
2016.515641	-208	1740
2016.565646	-208	1740
2016.615651	-208	1740
2016.665656	-208	1740
2016.715661	-208	1740
2016.765666	-208	1740
2016.815670	-208	1740
2016.865675	-208	1740
2016.915681	-208	1740
2016.965686	-208	1740
2017.015691	-208	1740
2017.065696	-208	1740
2017.115701	-208	1740
2017.165706	-208	1740
2017.215711	-208	1740
2017.265716	-208	1740
2017.315721	-208	1740
2017.365726	-208	1740
2017.415730	-208	1740
2017.465735	-208	1740
2017.515741	-208	1740
2017.565746	-208	1740
2017.615751	-208	1740
2017.665756	-208	1740
2017.715761	-208	1768
2017.765766	-208	1820
2017.815771	-208	1844
2017.865776	-220	1856
2017.915781	-232	1880
2017.965786	-244	1880
2018.015790	-256	1880
2018.065795	-256	1880
2018.115801	-256	1880
2018.165806	-260	1880
2018.215811	-260	1880
2018.265816	-260	1880
2018.315821	-260	1880
2018.365826	-260	1880
2018.415831	-260	1880
2018.465836	-260	1880
2018.515841	-264	1880
2018.565845	-264	1880
2018.615850	-264	1880
2018.665856	-264	1880
2018.715861	-264	1880
2018.765866	-264	1880
2018.815871	-264	1880
2018.865876	-264	1880
2018.915881	-264	1880
2018.965886	-264	1880
2019.015891	-264	1880
2019.065896	-264	1880
2019.115901	-264	1880
2019.165905	-264	1880
2019.215910	-264	1880
2019.265916	-264	1880
2019.315921	-264	1880
2019.365926	-264	1916
2019.415931	-264	1916
2019.465936	-264	1940
2019.514941	-264	1940
2019.564946	-264	1988
2019.614951	-264	1996
2019.664956	-268	2016
2019.714961	-268	2016
2019.764966	-268	2016
2019.814970	-292	2016
2019.864975	-292	2024
2019.914980	-292	2052
2019.964985	-292	2052
2020.014990	-292	2052
2020.064996	-292	2052
2020.115001	-292	2080
2020.165006	-292	2088
2020.215011	-292	2088
2020.265016	-292	2100
2020.315021	-292	2132
2020.365026	-296	2132
2020.415030	-296	2132
2020.465035	-304	2132
2020.515040	-304	2132
2020.565045	-312	2132
2020.615051	-312	2132
2020.665056	-312	2132
2020.715061	-332	2136
2020.765066	-332	2136
2020.815071	-332	2136
2020.865076	-332	2136
2020.915081	-340	2136
2020.965086	-340	2136
2021.015090	-340	2136
2021.065095	-340	2136
2021.115100	-340	2136
2021.165105	-340	2136
2021.215111	-340	2136
2021.265116	-340	2136
2021.315121	-340	2136
2021.365126	-340	2136
2021.415131	-340	2136
2021.465136	-340	2136
2021.515141	-340	2152
2021.565145	-340	2152
2021.615150	-340	2152
2021.665155	-340	2152
2021.715160	-340	2156
2021.765165	-340	2156
2021.815171	-340	2156
2021.865176	-340	2156
2021.915181	-340	2156
2021.965186	-340	2156
2022.015191	-340	2156
2022.065196	-340	2156
2022.115201	-340	2156
2022.165205	-340	2156
2022.215210	-340	2156
2022.265215	-340	2156
2022.315220	-340	2156
2022.365226	-340	2156
2022.415231	-340	2156
2022.465236	-340	2156
2022.515241	-340	2156
2022.565246	-340	2156
2022.615251	-340	2156
2022.665256	-340	2156
2022.715261	-340	2156
2022.765265	-340	2156
2022.815270	-340	2156
2022.865275	-340	2156
2022.915280	-340	2156
2022.965286	-340	2156
2023.015291	-340	2156
2023.065296	-340	2156
2023.115301	-340	2156
2023.165306	-340	2156
2023.215311	-340	2156
2023.265316	-340	2156
2023.315320	-340	2156
2023.365325	-340	2156
2023.415330	-340	2168
2023.465335	-340	2184
2023.515340	-340	2208
2023.565346	-340	2220
2023.615351	-340	2220
2023.665356	-340	2224
2023.715361	-340	2252
2023.765366	-340	2252
2023.815371	-340	2252
2023.865376	-340	2252
2023.915380	-340	2252
2023.965385	-340	2252
2024.015390	-340	2252
2024.065395	-340	2264
2024.115401	-340	2264
2024.165406	-340	2272
2024.215411	-340	2300
2024.265416	-340	2300
2024.315421	-340	2300
2024.365426	-340	2300
2024.415431	-340	2316
2024.465436	-340	2316
2024.515440	-340	2336
2024.565445	-340	2336
2024.615450	-340	2336
2024.665455	-340	2336
2024.715461	-340	2336
2024.765466	-340	2352
2024.815471	-340	2360
2024.865476	-340	2376
2024.915481	-340	2376
2024.965486	-340	2408
2025.015491	-340	2408
2025.065495	-340	2408
2025.115500	-340	2408
2025.165505	-340	2408
2025.215510	-340	2416
2025.265515	-340	2420
2025.315521	-340	2420
2025.365526	-340	2428
2025.415531	-340	2440
2025.465536	-340	2440
2025.515541	-340	2440
2025.565546	-340	2440
2025.615551	-340	2440
2025.665555	-340	2440
2025.715560	-340	2440
2025.765565	-340	2448
2025.815570	-344	2448
2025.865576	-344	2448
2025.915581	-344	2448
2025.965586	-344	2448
2026.015591	-352	2448
2026.065596	-352	2448
2026.115601	-352	2448
2026.165606	-352	2448
2026.215611	-352	2448
2026.265615	-352	2448
2026.315620	-352	2448
2026.365625	-352	2448
2026.415630	-352	2448
2026.465636	-352	2448
2026.515641	-352	2448
2026.565646	-352	2448
2026.615651	-352	2448
2026.665656	-352	2448
2026.715661	-352	2448
2026.765666	-352	2448
2026.815670	-352	2448
2026.865675	-352	2448
2026.915680	-364	2448
2026.965685	-364	2448
2027.015690	-364	2448
2027.065696	-364	2448
2027.115701	-364	2448
2027.165706	-364	2448
2027.215711	-364	2448
2027.265716	-364	2448
2027.315721	-364	2448
2027.365726	-364	2452
2027.415730	-364	2472
2027.465735	-364	2508
2027.515740	-364	2548
2027.565745	-364	2576
2027.615751	-364	2592
2027.665756	-364	2600
2027.715761	-364	2656
2027.765766	-368	2704
2027.815771	-372	2760
2027.865776	-372	2772
2027.915781	-404	2812
2027.965786	-404	2864
2028.015790	-404	2888
2028.065795	-404	2900
2028.115800	-404	2940
2028.165805	-404	2940
2028.215811	-404	2940
2028.265816	-404	2940
2028.315821	-404	2940
2028.365826	-404	2940
2028.415831	-404	2940
2028.465836	-404	2940
2028.515841	-404	2940
2028.565845	-404	2956
2028.615850	-404	2976
2028.665855	-404	2996
2028.715860	-404	3008
2028.765865	-404	3008
2028.815871	-404	3028
2028.865876	-404	3040
2028.915881	-404	3052
2028.965886	-404	3088
2029.015891	-404	3092
2029.065896	-404	3108
2029.115901	-404	3128
2029.165905	-404	3128
2029.215910	-404	3128
2029.265915	-404	3136
2029.315920	-404	3160
2029.365926	-404	3168
2029.415931	-404	3172
2029.465936	-404	3176
2029.515941	-404	3176
2029.565946	-404	3204
2029.615951	-404	3204
2029.665956	-404	3216
2029.715961	-404	3224
2029.765965	-404	3224
2029.815970	-404	3224
2029.865975	-404	3224
2029.915980	-404	3224
2029.965986	-404	3224
2030.015991	-416	3224
2030.065996	-416	3224
2030.116001	-416	3224
2030.166006	-416	3224
2030.216011	-420	3224
2030.266016	-444	3224
2030.316020	-444	3224
2030.366025	-444	3224
2030.416030	-444	3224
2030.466035	-444	3224
2030.516040	-444	3224
2030.566046	-444	3224
2030.616051	-444	3224
2030.666056	-444	3224
2030.716061	-444	3224
2030.766066	-444	3224
2030.816071	-444	3224
2030.866076	-444	3224
2030.916080	-444	3224
2030.966085	-444	3224
2031.016090	-444	3224
2031.066095	-444	3224
2031.116101	-444	3224
2031.166106	-444	3224
2031.216111	-444	3224
2031.266116	-444	3224
2031.316121	-444	3224
2031.366126	-444	3224
2031.416131	-444	3224
2031.466136	-444	3224
2031.516140	-444	3224
2031.566145	-444	3224
2031.616150	-444	3224
2031.666155	-444	3224
2031.716161	-444	3224
2031.766166	-444	3224
2031.816171	-444	3224
2031.866176	-444	3224
2031.916181	-444	3224
2031.966186	-444	3224
2032.016191	-444	3224
2032.066195	-444	3224
2032.116200	-444	3224
2032.166205	-444	3224
2032.216210	-444	3224
2032.266215	-444	3224
2032.316221	-444	3224
2032.366226	-444	3224
2032.416231	-444	3224
2032.466236	-444	3228
2032.516241	-444	3276
2032.566246	-444	3288
2032.616251	-444	3308
2032.666255	-444	3328
2032.716260	-444	3344
2032.766265	-444	3344
2032.816270	-444	3344
2032.866276	-444	3344
2032.916281	-444	3344
2032.967286	-444	3344
2033.016291	-444	3344
2033.066296	-444	3344
2033.116301	-444	3344
2033.166306	-444	3344
2033.216311	-444	3344
2033.266315	-444	3344
2033.316320	-444	3344
2033.366325	-444	3344
2033.416330	-444	3344
2033.466336	-444	3344
2033.516341	-444	3344
2033.566346	-444	3344
2033.616351	-444	3344
2033.666356	-444	3344
2033.716361	-444	3344
2033.766366	-452	3344
2033.816370	-452	3344
2033.866375	-452	3344
2033.916380	-452	3344
2033.966385	-452	3344
2034.016390	-452	3344
2034.066396	-452	3344
2034.116401	-452	3344
2034.166406	-452	3344
2034.216411	-452	3344
2034.266416	-452	3344
2034.316421	-452	3344
2034.366426	-452	3344
2034.416430	-452	3344
2034.466435	-452	3344
2034.516440	-452	3344
2034.566445	-452	3344
2034.616451	-452	3344
2034.666456	-452	3344
2034.716461	-452	3344
2034.766466	-452	3344
2034.816471	-452	3344
2034.866476	-452	3344
2034.916481	-452	3356
2034.966486	-452	3356
2035.016490	-452	3356
2035.066495	-452	3364
2035.116500	-452	3364
2035.166505	-452	3372
2035.216511	-452	3384
2035.266516	-452	3392
2035.316521	-452	3392
2035.366526	-452	3392
2035.416531	-452	3392
2035.466536	-452	3392
2035.516541	-452	3392
2035.566545	-452	3392
2035.616550	-452	3392
2035.666555	-452	3392
2035.716560	-456	3392
2035.766565	-456	3392
2035.816571	-456	3392
2035.866576	-456	3392
2035.916581	-456	3392
2035.966586	-456	3392
2036.016591	-456	3392
2036.066596	-456	3392
2036.116601	-456	3392
2036.166605	-456	3392
2036.216610	-456	3392
2036.266615	-456	3392
2036.316620	-456	3392
2036.366626	-456	3392
2036.416631	-456	3392
2036.466636	-456	3392
2036.516641	-456	3392
2036.566646	-456	3392
2036.616651	-456	3392
2036.666656	-456	3412
2036.716660	-456	3412
2036.766665	-456	3412
2036.816670	-456	3412
2036.866675	-456	3412
2036.916680	-456	3424
2036.965685	-456	3424
2037.015690	-456	3424
2037.065695	-456	3432
2037.115700	-456	3432
2037.165706	-456	3432
2037.215711	-456	3432
2037.265716	-456	3432
2037.315721	-456	3432
2037.365726	-456	3452
2037.415730	-456	3452
2037.465735	-456	3452
2037.515740	-456	3452
2037.565745	-456	3452
2037.615750	-456	3452
2037.665755	-456	3452
2037.715760	-456	3452
2037.765766	-456	3452
2037.815771	-456	3452
2037.865776	-456	3452
2037.915781	-456	3452
2037.965786	-456	3452
2038.015790	-456	3452
2038.065795	-456	3452
2038.115800	-456	3452
2038.165805	-456	3452
2038.215810	-456	3452
2038.265815	-456	3452
2038.315821	-456	3452
2038.365826	-456	3452
2038.415831	-456	3452
2038.465836	-456	3452
2038.515841	-456	3452
2038.565845	-456	3452
2038.615850	-456	3452
2038.665855	-456	3452
2038.715860	-456	3452
2038.765865	-456	3452
2038.815870	-456	3452
2038.865875	-456	3460
2038.915881	-456	3460
2038.965886	-456	3460
2039.015891	-456	3472
2039.065896	-456	3480
2039.115901	-456	3480
2039.165905	-456	3480
2039.215910	-456	3488
2039.265915	-456	3500
2039.315920	-456	3500
2039.365925	-456	3532
2039.415930	-456	3532
2039.465935	-456	3532
2039.515941	-456	3572
2039.565946	-456	3572
2039.615951	-456	3572
2039.665956	-456	3572
2039.715961	-456	3572
2039.765965	-456	3576
2039.815970	-456	3592
2039.865975	-456	3596
2039.915980	-456	3612
2039.965985	-456	3612
2040.015990	-456	3612
2040.065996	-456	3620
2040.116001	-456	3628
2040.166006	-456	3628
2040.216011	-456	3628
2040.266016	-456	3628
2040.316020	-456	3632
2040.366025	-456	3632
2040.416030	-456	3632
2040.466035	-456	3644
2040.516040	-456	3660
2040.566045	-456	3660
2040.616050	-456	3660
2040.666056	-456	3660
2040.716061	-456	3660
2040.766066	-456	3660
2040.816071	-456	3660
2040.866076	-456	3660
2040.916080	-456	3660
2040.966085	-456	3660
2041.016090	-456	3660
2041.066095	-456	3668
2041.116100	-456	3680
2041.166105	-456	3680
2041.216110	-456	3688
2041.266116	-456	3688
2041.316121	-456	3688
2041.366126	-456	3688
2041.416131	-456	3688
2041.466136	-456	3688
2041.516140	-456	3688
2041.566145	-456	3688
2041.616150	-456	3688
2041.666155	-456	3688
2041.716160	-456	3688
2041.766165	-456	3688
2041.816171	-456	3688
2041.866176	-456	3688
2041.916181	-456	3688
2041.966186	-456	3688
2042.016191	-456	3688
2042.066195	-456	3688
2042.116200	-456	3688
2042.166205	-456	3688
2042.216210	-456	3688
2042.266215	-456	3688
2042.316220	-456	3688
2042.366225	-456	3688
2042.416231	-456	3688
2042.466236	-456	3688
2042.516241	-456	3688
2042.566246	-456	3688
2042.616251	-456	3688
2042.666255	-456	3688
2042.716260	-456	3688
2042.766265	-456	3688
2042.816270	-456	3688
2042.866275	-456	3688
2042.916280	-456	3688
2042.966285	-456	3688
2043.016291	-456	3688
2043.066296	-456	3688
2043.116301	-456	3692
2043.166306	-456	3692
2043.216311	-456	3708
2043.266315	-456	3720
2043.316320	-456	3720
2043.366325	-456	3720
2043.416330	-456	3720
2043.466335	-456	3720
2043.516340	-456	3732
2043.566346	-456	3744
2043.616351	-456	3744
2043.666356	-456	3744
2043.716361	-456	3744
2043.766366	-456	3744
2043.816370	-456	3744
2043.866375	-456	3748
2043.916380	-456	3748
2043.966385	-456	3748
2044.016390	-456	3748
2044.066395	-456	3748
2044.116400	-456	3752
2044.166406	-456	3752
2044.216411	-456	3752
2044.266416	-456	3752
2044.316421	-456	3752
2044.366426	-456	3752
2044.416430	-456	3752
2044.466435	-456	3752
2044.516440	-456	3752
2044.566445	-456	3752
2044.616450	-456	3752
2044.666455	-456	3752
2044.716460	-456	3752
2044.766466	-456	3752
2044.816471	-456	3752
2044.866476	-456	3752
2044.916481	-456	3752
2044.966486	-456	3752
2045.016490	-456	3752
2045.066495	-456	3752
2045.116500	-456	3752
2045.166505	-456	3752
2045.216510	-456	3752
2045.266515	-456	3752
2045.316521	-456	3752
2045.366526	-456	3804
2045.416531	-456	3872
2045.466536	-456	3900
2045.516541	-456	3900
2045.566545	-456	3908
2045.616550	-456	3908
2045.666555	-456	3912
2045.716560	-456	3944
2045.766565	-456	3968
2045.816570	-456	3980
2045.866575	-456	3988
2045.916581	-456	4004
2045.966586	-456	4004
2046.016591	-456	4032
2046.066596	-456	4052
2046.116601	-456	4052
2046.166605	-456	4060
2046.216610	-456	4080
2046.266615	-456	4132
2046.316620	-456	4136
2046.366625	-456	4220
2046.416630	-456	4252
2046.466635	-456	4316
2046.516641	-456	4348
2046.566646	-456	4408
2046.616651	-456	4428
2046.666656	-456	4456
2046.716660	-456	4460
2046.766665	-456	4484
2046.816670	-456	4484
2046.866675	-456	4504
2046.916680	-456	4504
2046.966685	-456	4504
2047.016690	-456	4504
2047.066696	-456	4520
2047.116701	-456	4560
2047.166706	-456	4608
2047.216711	-456	4656
2047.266716	-456	4704
2047.316720	-456	4760
2047.366725	-456	4832
2047.416730	-456	4880
2047.466735	-456	4932
2047.516740	-456	4952
2047.566745	-456	5012
2047.616750	-456	5032
2047.666756	-456	5096
2047.716761	-456	5152
2047.766766	-456	5224
2047.816771	-456	5272
2047.866776	-456	5316
2047.916780	-456	5328
2047.966785	-456	5360
2048.016790	-456	5388
2048.066795	-456	5428
2048.116800	-456	5428
2048.166805	-456	5428
2048.216810	-456	5428
2048.266816	-456	5432
2048.316821	-456	5436
2048.366826	-456	5456
2048.416831	-456	5460
2048.466835	-456	5480
2048.516840	-448	5484
2048.566845	-428	5500
2048.616850	-408	5516
2048.666855	-380	5536
2048.716860	-336	5556
2048.766865	-336	5560
2048.816871	-312	5584
2048.866876	-280	5616
2048.916881	-260	5624
2048.966886	-256	5640
2049.016891	-216	5640
2049.066895	-192	5660
2049.116900	-188	5688
2049.166905	-172	5696
2049.216910	-172	5700
2049.266915	-172	5708
2049.316920	-172	5712
2049.366925	-172	5712
2049.416931	-172	5712
2049.466936	-172	5712
2049.516941	-172	5716
2049.566946	-172	5740
2049.616951	-172	5744
2049.666955	-172	5744
2049.716960	-172	5748
2049.766965	-172	5772
2049.816970	-172	5772
2049.866975	-164	5772
2049.916980	-164	5772
2049.966985	-156	5772
2050.016991	-156	5772
2050.066996	-156	5776
2050.117001	-156	5776
2050.167006	-144	5776
2050.217010	-144	5776
2050.267015	-144	5776
2050.317020	-144	5776
2050.367025	-144	5776
2050.417030	-144	5776
2050.467035	-144	5784
2050.517040	-144	5784
2050.567046	-144	5784
2050.617051	-144	5784
2050.667056	-144	5784
2050.717061	-144	5792
2050.767066	-144	5792
2050.817070	-144	5792
2050.867075	-144	5792
2050.917080	-144	5792
2050.967085	-144	5792
2051.017090	-144	5792
2051.067095	-144	5792
2051.117100	-144	5792
2051.167106	-144	5792
2051.217111	-144	5792
2051.267116	-144	5792
2051.317121	-144	5792
2051.367126	-144	5792
2051.417130	-144	5792
2051.467135	-144	5792
2051.517140	-144	5792
2051.567145	-144	5792
2051.617150	-144	5792
2051.667155	-144	5792
2051.717160	-144	5792
2051.767166	-144	5792
2051.817171	-144	5792
2051.867176	-144	5792
2051.917181	-144	5792
2051.967185	-144	5792
2052.017190	-144	5792
2052.067195	-144	5792
2052.117200	-144	5792
2052.167205	-144	5792
2052.217210	-144	5792
2052.267215	-144	5792
2052.317221	-144	5792
2052.367226	-144	5792
2052.417231	-144	5792
2052.467236	-144	5792
2052.517241	-144	5792
2052.567245	-144	5792
2052.617250	-144	5792
2052.667255	-144	5792
2052.717260	-144	5792
2052.767265	-144	5792
2052.817270	-144	5792
2052.867275	-144	5792
2052.917281	-144	5792
2052.967286	-144	5792
2053.017291	-144	5792
2053.067296	-144	5792
2053.117301	-144	5792
2053.167305	-144	5792
2053.217310	-144	5792
2053.267315	-144	5792
2053.317320	-144	5792
2053.367325	-144	5792
2053.417330	-144	5792
2053.467335	-144	5792
2053.517341	-144	5792
2053.567346	-144	5792
2053.617351	-144	5792
2053.667356	-144	5792
2053.717360	-144	5792
2053.767365	-144	5792
2053.817370	-144	5792
2053.867375	-144	5792
2053.917380	-144	5792
2053.967385	-144	5792
2054.017390	-144	5792
2054.067396	-144	5792
2054.117401	-144	5792
2054.167406	-144	5792
2054.217411	-144	5792
2054.267416	-144	5792
2054.317420	-144	5792
2054.367425	-144	5792
2054.417430	-144	5792
2054.466435	-144	5792
2054.516440	-144	5792
2054.566445	-144	5792
2054.616450	-144	5792
2054.666455	-144	5792
2054.716460	-144	5792
2054.766465	-144	5792
2054.816470	-144	5792
2054.866476	-144	5792
2054.916481	-144	5792
2054.966486	-144	5792
2055.016490	-144	5792
2055.066495	-144	5792
2055.116500	-144	5792
2055.166505	-144	5792
2055.216510	-144	5792
2055.266515	-144	5792
2055.316520	-144	5792
2055.366525	-144	5792
2055.416530	-144	5792
2055.466536	-144	5792
2055.516541	-144	5792
2055.566545	-144	5792
2055.616550	-144	5792
2055.666555	-144	5792
2055.716560	-144	5792
2055.766565	-144	5792
2055.816570	-144	5792
2055.866575	-144	5792
2055.916580	-144	5792
2055.966585	-144	5792
2056.016591	-144	5792
2056.066596	-144	5792
2056.116601	-144	5792
2056.166605	-144	5792
2056.216610	-144	5784
2056.266615	-144	5768
2056.316620	-144	5748
2056.366625	-144	5748
2056.416630	-144	5736
2056.466635	-144	5716
2056.516640	-144	5700
2056.566645	-144	5700
2056.616651	-144	5700
2056.666656	-144	5668
2056.716660	-144	5648
2056.766665	-144	5620
2056.816670	-144	5584
2056.866675	-144	5524
2056.916680	-144	5524
2056.966685	-144	5476
2057.016690	-144	5448
2057.066695	-144	5396
2057.116700	-144	5384
2057.166705	-144	5384
2057.216711	-144	5376
2057.266716	-144	5360
2057.316720	-144	5360
2057.366725	-144	5356
2057.416730	-144	5340
2057.466735	-144	5340
2057.516740	-144	5340
2057.566745	-144	5340
2057.616750	-144	5340
2057.666755	-144	5340
2057.716760	-144	5340
2057.766766	-144	5340
2057.816771	-144	5340
2057.866776	-144	5340
2057.916780	-144	5340
2057.966785	-144	5340
2058.016790	-144	5340
2058.066795	-144	5340
2058.116800	-144	5340
2058.166805	-144	5340
2058.216810	-144	5336
2058.266815	-144	5312
2058.316820	-144	5280
2058.366826	-144	5228
2058.416831	-144	5208
2058.466835	-144	5196
2058.516840	-144	5192
2058.566845	-144	5192
2058.616850	-144	5192
2058.666855	-144	5192
2058.716860	-144	5192
2058.766865	-144	5188
2058.816870	-144	5148
2058.866875	-144	5148
2058.916880	-144	5136
2058.966886	-144	5136
2059.016891	-144	5136
2059.066895	-144	5136
2059.116900	-144	5136
2059.166905	-144	5136
2059.216910	-144	5136
2059.266915	-144	5136
2059.316920	-144	5136
2059.366925	-144	5128
2059.416930	-144	5112
2059.466935	-144	5048
2059.516941	-144	5044
2059.566946	-144	5040
2059.616951	-144	5040
2059.666955	-144	5028
2059.716960	-144	4980
2059.766965	-144	4980
2059.816970	-144	4972
2059.866975	-144	4960
2059.916980	-144	4948
2059.966985	-144	4948
2060.016990	-144	4908
2060.066995	-144	4908
2060.117001	-144	4904
2060.167006	-144	4868
2060.217010	-144	4868
2060.267015	-144	4856
2060.317020	-144	4856
2060.367025	-144	4856
2060.417030	-144	4832
2060.467035	-144	4808
2060.517040	-144	4808
2060.567045	-144	4800
2060.617050	-144	4772
2060.667055	-144	4760
2060.717061	-144	4732
2060.767066	-144	4692
2060.817070	-144	4668
2060.867075	-144	4648
2060.917080	-144	4584
2060.967085	-144	4524
2061.017090	-144	4432
2061.067095	-144	4356
2061.117100	-176	4272
2061.167105	-176	4212
2061.217110	-176	4156
2061.267116	-176	4060
2061.317121	-176	3968
2061.367126	-176	3884
2061.417130	-176	3812
2061.467135	-176	3760
2061.517140	-176	3688
2061.567145	-176	3624
2061.617150	-196	3520
2061.667155	-196	3428
2061.717160	-196	3328
2061.767165	-196	3264
2061.817170	-212	3164
2061.867176	-256	3060
2061.917181	-272	2868
2061.967185	-272	2804
2062.017190	-300	2672
2062.067195	-316	2576
2062.117200	-320	2504
2062.167205	-328	2428
2062.217210	-340	2344
2062.267215	-340	2256
2062.317220	-348	2212
2062.367225	-352	2160
2062.417230	-356	2140
2062.467236	-360	2088
2062.517241	-360	2036
2062.567245	-360	1944
2062.617250	-360	1812
2062.667255	-360	1700
2062.717260	-360	1600
2062.767265	0	1528
2062.817270	0	1372
2062.867275	0	1268
2062.917280	0	1160
2062.967285	0	972
2063.017291	0	864
2063.067296	0	684
2063.117301	0	612
2063.167305	0	548
2063.217310	0	480
2063.267315	0	424
2063.317320	0	400
2063.367325	0	340
2063.417330	0	340
2063.467335	0	340
2063.517340	0	340
2063.567345	0	340
2063.617351	0	340
2063.667356	0	340
2063.717360	0	340
2063.767365	0	340
2063.817370	0	340
2063.867375	0	340
2063.917380	0	340
2063.967385	0	340
2064.017390	0	340
2064.067395	0	340
2064.117400	0	340
2064.167405	0	56
2064.217411	0	0
2064.267416	0	0
2064.317420	0	0
2064.367425	0	0
2064.417430	0	0
2064.467435	0	0
2064.517440	0	0
2064.567445	0	0
2064.617450	0	0
2064.667455	0	0
2064.757464	0	0
2064.806469	0	0
2064.829472	0	0
2064.867476	0	0
2064.928482	0	0
2064.967485	0	0
2065.017490	0	0
2065.067495	0	0
2065.117500	0	0
2065.167505	0	0
2065.217510	0	0
2065.267515	0	0
2065.317520	0	0
2065.367526	0	0
2065.417531	0	0
2065.467535	0	0
2065.517540	0	0
2065.567545	0	0
2065.617550	0	0
2065.667555	0	0
2065.717560	0	0
2065.767565	0	0
2065.817570	0	0
2065.867575	0	0
2065.917580	0	0
2065.967586	0	0
2066.017591	0	0
2066.067595	0	0
2066.117600	0	0
2066.167605	0	0
2066.217610	0	0
2066.267615	0	0
2066.317620	0	0
2066.367625	0	0
2066.417630	0	0
2066.467635	0	0
2066.517641	0	0
2066.567646	0	0
2066.617651	0	0
2066.667655	0	0
2066.717660	0	0
2066.767665	0	0
2066.817670	0	0
2066.867675	0	0
2066.917680	0	0
2066.967685	0	0
2067.017690	0	0
2067.067695	0	0
2067.117701	0	0
2067.167706	0	0
2067.217710	0	0
2067.267715	0	0
2067.317720	0	0
2067.367725	0	0
2067.417730	0	0
2067.467735	0	0
2067.517740	0	0
2067.567745	0	0
2067.617750	0	0
2067.667755	0	0
2067.717761	0	0
2067.767766	0	0
2067.817770	0	0
2067.867775	0	0
2067.917780	0	0
2067.967785	0	0
2068.017790	0	0
2068.067795	0	0
2068.117800	0	0
2068.167805	0	0
2068.217810	0	0
2068.267816	0	0
2068.317821	0	0
2068.367826	0	0
2068.417830	0	0
2068.467835	0	0
2068.517840	0	0
2068.567845	0	0
2068.617850	0	0
2068.667855	0	0
2068.717860	0	0
2068.767865	0	0
2068.817870	0	0
2068.867876	0	0
2068.917881	0	0
2068.967885	0	0
2069.017890	0	0
2069.067895	0	0
2069.117900	0	0
2069.167905	0	0
2069.217910	0	0
2069.267915	0	0
2069.317920	0	0
2069.367925	0	0
2069.417930	0	0
2069.467936	0	0
2069.517941	0	0
2069.567945	0	0
2069.617950	0	0
2069.667955	0	0
2069.717960	0	0
2069.767965	0	0
2069.817970	0	0
2069.867975	0	0
2069.917980	0	0
2069.967985	0	0
2070.017991	0	0
2070.067996	0	0
2070.118001	0	0
2070.168005	0	0
2070.218010	0	0
2070.268015	0	0
2070.318020	0	0
2070.368025	0	0
2070.418030	0	0
2070.468035	0	0
2070.518040	0	0
2070.568045	0	0
2070.618051	0	0
2070.668056	0	0
2070.718060	0	0
2070.768065	0	0
2070.818070	0	0
2070.868075	0	0
2070.918080	0	0
2070.968085	0	0
2071.018090	0	0
2071.068095	0	0
2071.118100	0	0
2071.168105	0	0
2071.218111	0	0
2071.268116	0	0
2071.318120	0	0
2071.368125	0	0
2071.418130	0	0
2071.468135	0	0
2071.518140	0	0
2071.568145	0	0
2071.618150	0	0
2071.668155	0	0
2071.718160	0	0
2071.768166	0	0
2071.818171	0	0
2071.868176	0	0
2071.918180	0	0
2071.967185	0	0
2072.017190	0	0
2072.067195	0	0
2072.117200	0	0
2072.167205	0	0
2072.217210	0	0
2072.267215	0	0
2072.317220	0	0
2072.367225	0	0
2072.417230	0	0
2072.467235	0	0
2072.517240	0	0
2072.567245	0	0
2072.617250	0	0
2072.667255	0	0
2072.717260	0	0
2072.767265	0	0
2072.817270	0	0
2072.867275	0	0
2072.917280	0	0
2072.967285	0	0
2073.017290	0	0
2073.067295	0	0
2073.117300	0	0
2073.167305	0	0
2073.217310	0	0
2073.267315	0	0
2073.317320	0	0
2073.367325	0	0
2073.417330	0	0
2073.467335	0	0
2073.517340	0	0
2073.567345	0	0
2073.617350	0	0
2073.667355	0	0
2073.717360	0	0
2073.767365	0	0
2073.817370	0	0
2073.867375	0	0
2073.917380	0	0
2073.967385	0	0
2074.017390	0	0
2074.067395	0	0
2074.117400	0	0
2074.167405	0	0
2074.217410	0	0
2074.267415	0	0
2074.317420	0	0
2074.367425	0	0
2074.417430	0	0
2074.467435	0	0
2074.517440	0	0
2074.567445	0	0
2074.617450	0	0
2074.667455	0	0
2074.717460	0	0
2074.767465	0	0
2074.817470	0	0
2074.867475	0	0
2074.917480	0	0
2074.967485	0	0
2075.017490	0	0
2075.067495	0	0
2075.117500	0	0
2075.167505	0	0
2075.217510	0	0
2075.267515	0	0
2075.317520	0	0
2075.367525	0	0
2075.417530	0	0
2075.467535	0	0
2075.517540	0	0
2075.567545	0	0
2075.617550	0	0
2075.667555	0	0
2075.717560	0	0
2075.767565	0	0
2075.817570	0	0
2075.867575	0	0
2075.917580	0	0
2075.967585	0	0
2076.017590	0	0
2076.067595	0	0
2076.117600	0	0
2076.167605	0	0
2076.217610	0	0
2076.267615	0	0
2076.317620	0	0
2076.367625	0	0
2076.417630	0	0
2076.467635	0	0
2076.517640	0	0
2076.567645	0	0
2076.617650	0	0
2076.667655	0	0
2076.717660	0	0
2076.767665	0	0
2076.817670	0	0
2076.867675	0	0
2076.917680	0	0
2076.967685	0	0
2077.017690	0	0
2077.067695	0	0
2077.117700	0	0
2077.167705	0	0
2077.217710	0	0
2077.267715	0	0
2077.317720	0	0
2077.367725	0	0
2077.417730	0	0
2077.467735	0	0
2077.517740	0	0
2077.567745	0	0
2077.617750	0	0
2077.667755	0	0
2077.717760	0	0
2077.767765	0	0
2077.817770	0	0
2077.867775	0	0
2077.917780	0	0
2077.967785	0	0
2078.017790	0	0
2078.067795	0	0
2078.117800	0	0
2078.167805	0	0
2078.217810	0	0
2078.267815	0	0
2078.317820	0	0
2078.367825	0	0
2078.417830	0	0
2078.467835	0	0
2078.517840	0	0
2078.567845	0	0
2078.617850	0	0
2078.667855	0	0
2078.717860	0	0
2078.767865	0	0
2078.817870	0	0
2078.867875	0	0
2078.917880	0	0
2078.967885	0	0
2079.017890	0	0
2079.067895	0	0
2079.117900	0	0
2079.167905	0	0
2079.217910	0	0
2079.267915	0	0
2079.317920	0	0
2079.367925	0	0
2079.417930	0	0
2079.467935	0	0
2079.517940	0	0
2079.567945	0	0
2079.617950	0	0
2079.667955	0	0
2079.717960	0	0
2079.767965	0	0
2079.817970	0	0
2079.867975	0	0
2079.917980	0	0
2079.967985	0	0
2080.017990	0	0
2080.067995	0	0
2080.118000	0	0
2080.168005	0	0
2080.218010	0	0
2080.268015	0	0
2080.318020	0	0
2080.368025	0	0
2080.418030	0	0
2080.468035	0	0
2080.518040	0	0
2080.568045	0	0
2080.618050	0	0
2080.668055	0	0
2080.718060	0	0
2080.768065	0	0
2080.818070	0	0
2080.868075	0	0
2080.918080	0	0
2080.968085	0	0
2081.018090	0	0
2081.068095	0	0
2081.118100	0	0
2081.168105	0	0
2081.218110	0	0
2081.268115	0	0
2081.318120	0	0
2081.368125	0	0
2081.418130	0	0
2081.468135	0	0
2081.518140	0	0
2081.568145	0	0
2081.618150	0	0
2081.668155	0	0
2081.718160	0	0
2081.768165	0	0
2081.818170	0	0
2081.868175	0	0
2081.918180	0	0
2081.968185	0	0
2082.018190	0	0
2082.068195	0	0
2082.118200	0	0
2082.168205	0	0
2082.218210	0	0
2082.268215	0	0
2082.318220	0	0
2082.368225	0	0
2082.418230	0	0
2082.468235	0	0
2082.518240	0	0
2082.568245	0	0
2082.618250	0	0
2082.668255	0	0
2082.718260	0	0
2082.768265	0	0
2082.818270	0	0
2082.868275	0	0
2082.918280	0	0
2082.968285	0	0
2083.018290	0	0
2083.068295	0	0
2083.118300	0	0
2083.168305	0	0
2083.218310	0	0
2083.268315	0	0
2083.318320	0	0
2083.368325	0	0
2083.418330	0	0
2083.468335	0	0
2083.518340	0	0
2083.568345	0	0
2083.618350	0	0
2083.668355	0	0
2083.718360	0	96
2083.768365	0	268
2083.818370	0	340
2083.868375	0	532
2083.918380	0	644
2083.968385	0	752
2084.018390	0	792
2084.068395	0	792
2084.118400	0	792
2084.168405	0	792
2084.218410	0	792
2084.268415	0	792
2084.318420	0	792
2084.368425	0	792
2084.418430	0	792
2084.468435	0	792
2084.518440	0	792
2084.568445	0	792
2084.618450	0	792
2084.668455	0	720
2084.718460	0	580
2084.768465	0	400
2084.818470	0	160
2084.868475	0	0
2084.918480	0	0
2084.968485	0	0
2085.018490	0	0
2085.068495	0	0
2085.118500	0	0
2085.168505	0	0
2085.218510	0	0
2085.268515	0	0
2085.318520	0	0
2085.368525	0	0
2085.418530	0	0
2085.468535	0	0
2085.518540	0	0
2085.568545	0	0
2085.618550	0	0
2085.668555	0	0
2085.718560	0	0
2085.768565	0	0
2085.818570	0	0
2085.868575	0	0
2085.918580	0	0
2085.968585	0	0
2086.018590	0	0
2086.068595	0	0
2086.118600	0	0
2086.168605	0	0
2086.218610	0	0
2086.268615	0	0
2086.318620	0	0
2086.368625	0	0
2086.418630	0	0
2086.468635	0	0
2086.518640	0	0
2086.568645	0	0
2086.618650	0	0
2086.668655	0	0
2086.718660	0	0
2086.768665	0	0
2086.818670	0	0
2086.868675	0	0
2086.918680	0	0
2086.968685	0	0
2087.018690	0	0
2087.068695	0	0
2087.118700	0	0
2087.168705	0	0
2087.218710	0	0
2087.268715	0	0
2087.318720	0	0
2087.368725	0	0
2087.418730	0	0
2087.468735	0	0
2087.518740	0	0
2087.568745	0	0
2087.618750	0	0
2087.668755	0	0
2087.718760	0	0
2087.768765	0	0
2087.818770	0	0
2087.868775	0	0
2087.918780	0	0
2087.968785	0	0
2088.018790	0	0
2088.068795	0	0
2088.118800	0	0
2088.168805	0	0
2088.218810	0	0
2088.268815	0	0
2088.318820	0	0
2088.368825	0	0
2088.418830	0	0
2088.468835	0	0
2088.518840	0	0
2088.568845	0	0
2088.618850	0	0
2088.668855	0	0
2088.718860	0	0
2088.768865	0	0
2088.818870	0	0
2088.868875	0	0
2088.918880	0	0
2088.968885	0	0
2089.018890	0	0
2089.068895	-192	0
2089.118900	-344	0
2089.168905	-404	0
2089.218910	-436	0
2089.268915	-436	0
2089.318920	-436	0
2089.368925	-436	0
2089.417930	-436	0
2089.467935	-436	0
2089.517940	-436	0
2089.567945	-436	0
2089.617950	-436	0
2089.667955	-428	0
2089.717960	-412	0
2089.767965	-376	0
2089.817970	-336	0
2089.867975	-292	0
2089.917980	-268	0
2089.967985	-236	0
2090.017990	-236	0
2090.067995	-236	0
2090.118000	-236	0
2090.168005	-236	0
2090.218010	-208	32
2090.268015	-208	80
2090.318020	-192	168
2090.368025	-192	316
2090.418030	-184	324
2090.468035	-184	448
2090.518040	-184	512
2090.568045	-184	620
2090.618050	-184	620
2090.668055	-184	660
2090.718060	-176	728
2090.768065	-176	768
2090.818070	-176	832
2090.868075	-176	832
2090.918080	-176	832
2090.968085	-176	856
2091.018090	-176	856
2091.068095	-176	884
2091.118100	-176	900
2091.168105	-176	924
2091.218110	-176	932
2091.268115	-176	964
2091.318120	-176	964
2091.368125	-176	964
2091.418130	-176	964
2091.468135	-176	964
2091.518140	-176	964
2091.568145	-176	964
2091.618150	-176	964
2091.668155	-176	964
2091.718160	-176	980
2091.768165	-140	1012
2091.818170	-140	1056
2091.868175	-140	1112
2091.918180	-140	1244
2091.968185	-140	1340
2092.018190	-140	1340
2092.068195	-140	1464
2092.118200	-876	1592
2092.168205	-876	1688
2092.218210	-876	1764
2092.268215	-876	1780
2092.318220	-876	1812
2092.368225	-876	1892
2092.418230	-876	1948
2092.468235	-876	2036
2092.518240	-876	2080
2092.568245	-876	2128
2092.618250	-876	2128
2092.668255	-876	2140
2092.718260	-876	2184
2092.768265	-876	2232
2092.818270	-876	2312
2092.868275	-876	2368
2092.918280	-876	2500
2092.968285	-876	2572
2093.018290	-876	2768
2093.068295	-876	3020
2093.118300	-876	3268
2093.168305	-876	3508
2093.218310	-912	3736
2093.268315	-964	4032
2093.318320	-984	4276
2093.368325	-1032	4448
2093.418330	-1064	4572
2093.468335	-1088	4616
2093.518340	-1104	4648
2093.568345	-1108	4688
2093.618350	-1140	4776
2093.668355	-1164	4892
2093.718360	-1200	5000
2093.768365	-1240	5044
2093.818370	-1248	5044
2093.868375	-1248	5044
2093.918380	-1248	5044
2093.968385	-1256	5044
2094.018390	-1256	5044
2094.068395	-1256	5044
2094.118400	-1256	5044
2094.168405	-1256	5044
2094.218410	-1256	5044
2094.268415	-1256	5044
2094.318420	-1256	5044
2094.368425	-1256	5052
2094.418430	-1256	5076
2094.468435	-1256	5076
2094.518440	-1256	5076
2094.568445	-1256	5076
2094.618450	-1256	5076
2094.668455	-1256	5076
2094.718460	-1256	5076
2094.768465	-1256	5076
2094.818470	-1256	5076
2094.868475	-1256	5076
2094.918480	-1256	5076
2094.968485	-1256	5040
2095.018490	-1256	4760
2095.068495	-1256	4372
2095.118500	-1256	3832
2095.168505	-1064	2928
2095.218510	-892	1740
2095.268515	0	376
2095.318520	0	0
2095.368525	0	0
2095.418530	0	0
2095.468535	0	0
2095.518540	0	0
2095.568545	0	0
2095.618550	0	0
2095.668555	0	0
2095.718560	0	0
2095.768565	0	0
2095.818570	0	0
2095.868575	0	0
2095.918580	0	0
2095.968585	0	0
2096.018590	0	0
2096.068595	0	0
2096.118600	0	0
2096.168605	0	0
2096.218610	0	0
2096.268615	0	0
2096.318620	0	0
2096.368625	0	0
2096.418630	0	0
2096.468635	0	0
2096.518640	0	0
2096.568645	0	0
2096.618650	0	0
2096.668655	0	0
2096.718660	0	0
2096.768665	0	0
2096.818670	0	0
2096.868675	0	0
2096.918680	0	0
2096.968685	0	0
2097.018690	0	0
2097.068695	0	0
2097.118700	0	0
2097.168705	0	0
2097.218710	0	0
2097.268715	0	0
2097.318720	0	0
2097.368725	0	0
2097.418730	0	0
2097.468735	0	0
2097.518740	0	0
2097.568745	0	0
2097.618750	0	0
2097.668755	0	0
2097.718760	0	0
2097.768765	0	0
2097.818770	0	0
2097.868775	0	0
2097.918780	0	0
2097.968785	0	0
2098.018790	0	0
2098.068795	0	0
2098.118800	0	0
2098.168805	0	0
2098.218810	0	0
2098.268815	0	0
2098.318820	0	0
2098.368825	0	0
2098.418830	0	0
2098.468835	0	0
2098.518840	0	0
2098.568845	0	0
2098.618850	0	0
2098.668855	0	0
2098.718860	0	0
2098.768865	0	0
2098.818870	0	0
2098.868875	0	0
2098.918880	0	0
2098.968885	0	0
2099.018890	0	0
2099.068895	0	0
2099.118900	0	0
2099.168905	0	0
2099.218910	0	0
2099.268915	0	0
2099.318920	0	0
2099.368925	0	0
2099.418930	0	0
2099.468935	0	0
2099.518940	0	0
2099.568945	0	0
2099.618950	0	0
2099.668955	0	0
2099.718960	0	0
2099.768965	0	0
2099.818970	0	0
2099.868975	0	0
2099.918980	0	0
2099.968985	0	0
2100.018990	0	0
2100.068995	0	0
2100.119000	0	0
2100.169005	0	0
2100.219010	0	0
2100.269015	0	0
2100.319020	0	0
2100.369025	0	0
2100.419030	0	0
2100.469035	0	0
2100.519040	0	0
2100.569045	0	0
2100.619050	0	0
2100.669055	0	0
2100.719060	0	0
2100.769065	0	0
2100.819070	0	0
2100.869075	0	0
2100.919080	0	0
2100.969085	0	0
2101.019090	0	0
2101.069095	0	0
2101.119100	0	0
2101.169105	0	0
2101.219110	0	0
2101.269115	0	0
2101.319120	0	0
2101.369125	0	0
2101.419130	0	0
2101.469135	0	0
2101.519140	0	0
2101.569145	0	0
2101.619150	0	0
2101.669155	0	0
2101.719160	0	0
2101.769165	0	0
2101.819170	0	0
2101.869175	0	0
2101.919180	0	0
2101.969185	0	0
2102.019190	0	0
2102.069195	0	0
2102.119200	0	0
2102.169205	0	0
2102.219210	0	0
2102.269215	0	0
2102.319220	0	0
2102.369225	0	0
2102.419230	0	0
2102.469235	0	0
2102.519240	0	0
2102.569245	0	0
2102.619250	0	0
2102.669255	0	0
2102.719260	0	0
2102.769265	0	0
2102.819270	0	0
2102.869275	0	0
2102.919280	0	0
2102.969285	0	0
2103.019290	0	0
2103.069295	0	0
2103.119300	0	0
2103.169305	0	0
2103.219310	0	0
2103.269315	0	0
2103.319320	0	0
2103.369325	0	0
2103.419330	0	0
2103.469335	0	0
2103.519340	-572	0
2103.569345	-1068	0
2103.619350	-1164	48
2103.669355	-1164	376
2103.719360	-1164	416
2103.769365	-1164	424
2103.819370	-1280	612
2103.869375	-1476	876
2103.919380	-1708	1320
2103.969385	-1864	1444
2104.019390	-1956	1556
2104.069395	-1956	1556
2104.119400	-1956	1556
2104.169405	-1956	1556
2104.219410	-1956	1564
2104.269415	-1956	1612
2104.319420	-1960	1652
2104.369425	-2076	1752
2104.419430	-2348	2024
2104.469435	-2604	2204
2104.519440	-2840	2348
2104.569445	-3036	2464
2104.619450	-3180	2528
2104.669455	-3240	2604
2104.719460	-3276	2656
2104.769465	-3320	2716
2104.819470	-3428	2768
2104.869475	-3556	2828
2104.919480	-3648	2864
2104.969485	-3772	2868
2105.019490	-3852	2868
2105.069495	-4068	2868
2105.119500	-4320	2868
2105.169505	-4688	3008
2105.219510	-5344	3236
2105.269515	-6080	3588
2105.319520	-6668	3896
2105.369525	-6868	4084
2105.419530	-6880	4112
2105.469535	-6880	4112
2105.519540	-6880	4112
2105.569545	-6880	4112
2105.619550	-6880	4112
2105.669555	-6872	4120
2105.719560	-6564	4160
2105.769565	-5868	4160
2105.819570	-4072	3612
2105.869575	-2664	2816
2105.919580	-2060	2172
2105.969585	-1732	1872
2106.019590	-1624	1820
2106.069595	-1584	1820
2106.119600	-1548	1816
2106.169605	-1500	1788
2106.219610	-1428	1676
2106.269615	-1068	1324
2106.319620	-808	784
2106.369625	-140	0
2106.419630	-40	0
2106.469635	-8	0
2106.519640	0	0
2106.569645	0	0
2106.619650	0	0
2106.669655	0	0
2106.719660	0	0
2106.769665	0	0
2106.819670	0	0
2106.869675	0	152
2106.918680	0	160
2106.968685	0	72
2107.018690	0	72
2107.068695	0	72
2107.118700	0	72
2107.168705	0	72
2107.218710	0	72
2107.268715	0	0
2107.318720	0	0
2107.368725	0	0
2107.418730	0	0
2107.468735	0	0
2107.518740	0	0
2107.568745	0	0
2107.618750	0	0
2107.668755	0	0
2107.718760	0	0
2107.768765	0	0
2107.818770	0	0
2107.868775	0	0
2107.918780	0	0
2107.968785	0	0
2108.018790	0	0
2108.068795	0	0
2108.118800	0	0
2108.168805	0	0
2108.218810	0	0
2108.268815	0	-49
2108.318820	0	-85
2108.368825	0	-85
2108.418830	0	-65
2108.468835	0	-65
2108.518840	0	-65
2108.568845	0	-65
2108.618850	0	-65
2108.668855	0	-65
2108.718860	0	0
2108.768865	0	0
2108.818870	0	0
2108.868875	0	0
2108.918880	0	0
2108.968885	0	0
2109.018890	0	0
2109.068895	0	0
2109.118900	0	0
2109.168905	0	0
2109.218910	0	0
2109.268915	0	0
2109.318920	0	0
2109.368925	0	0
2109.418930	0	0
2109.468935	0	0
2109.518940	0	0
2109.568945	0	0
2109.618950	0	0
2109.668955	0	64
2109.718960	0	64
2109.768965	0	160
2109.818970	0	316
2109.868975	0	448
2109.918980	0	488
2109.968985	0	504
2110.018990	0	588
2110.068995	0	588
2110.119000	0	588
2110.169005	0	588
2110.219010	0	588
2110.269015	0	252
2110.319020	0	0
2110.369025	0	0
2110.419030	0	0
2110.469035	0	0
2110.519040	0	0
2110.569045	0	0
2110.619050	0	0
2110.669055	0	0
2110.719060	0	0
2110.769065	0	0
2110.819070	0	0
2110.869075	0	0
2110.919080	0	0
2110.969085	0	0
2111.019090	0	0
2111.069095	0	0
2111.119100	0	0
2111.169105	0	0
2111.219110	0	0
2111.269115	0	0
2111.319120	0	0
2111.369125	0	0
2111.419130	0	0
2111.469135	0	0
2111.519140	0	0
2111.569145	0	0
2111.619150	0	0
2111.669155	0	0
2111.719160	0	0
2111.769165	0	0
2111.819170	0	0
2111.869175	0	0
2111.919180	0	0
2111.969185	0	0
2112.019190	0	0
2112.069195	0	0
2112.119200	0	0
2112.169205	0	0
2112.219210	0	316
2112.269215	0	496
2112.319220	0	540
2112.369225	0	540
2112.419230	0	540
2112.469235	0	604
2112.519240	0	752
2112.569245	0	908
2112.619250	0	1028
2112.669255	0	1128
2112.719260	0	1176
2112.769265	0	1292
2112.819270	0	1332
2112.869275	0	1300
2112.919280	0	268
2112.969285	0	0
2113.019290	0	0
2113.069295	0	0
2113.119300	0	0
2113.169305	0	0
2113.219310	0	0
2113.269315	0	0
2113.319320	0	0
2113.369325	0	0
2113.419330	0	0
2113.469335	0	0
2113.519340	0	0
2113.569345	0	0
2113.619350	0	0
2113.669355	0	0
2113.719360	0	0
2113.769365	0	0
2113.819370	0	0
2113.869375	0	0
2113.919380	0	0
2113.969385	0	0
2114.019390	0	0
2114.069395	0	0
2114.119400	0	0
2114.169405	0	0
2114.219410	0	0
2114.269415	0	0
2114.319420	0	0
2114.369425	0	0
2114.419430	0	0
2114.469435	0	0
2114.519440	0	0
2114.569445	0	0
2114.619450	0	0
2114.669455	0	0
2114.719460	0	0
2114.769465	0	0
2114.819470	0	0
2114.869475	0	0
2114.919480	0	0
2114.969485	0	0
2115.019490	0	0
2115.069495	0	0
2115.119500	0	0
2115.169505	0	212
2115.219510	0	548
2115.269515	0	916
2115.319520	0	1152
2115.369525	0	1260
2115.419530	0	1372
2115.469535	0	1520
2115.519540	0	1520
2115.569545	-140	1596
2115.619550	-140	1604
2115.669555	-140	1604
2115.719560	-140	1604
2115.769565	-140	1604
2115.819570	0	1488
2115.869575	0	1252
2115.919580	0	916
2115.969585	0	588
2116.019590	0	252
2116.069595	0	32
2116.119600	0	0
2116.169605	0	0
2116.219610	0	0
2116.269615	0	0
2116.319620	0	0
2116.369625	0	0
2116.419630	0	0
2116.469635	0	0
2116.519640	0	0
2116.569645	0	0
2116.619650	0	0
2116.669655	0	0
2116.719660	0	0
2116.769665	0	0
2116.819670	0	0
2116.869675	0	0
2116.919680	0	0
2116.969685	0	0
2117.019690	0	0
2117.069695	0	0
2117.119700	0	0
2117.169705	0	0
2117.219710	0	0
2117.269715	0	0
2117.319720	0	0
2117.369725	0	0
2117.419730	0	0
2117.469735	0	0
2117.519740	0	0
2117.569745	0	0
2117.619750	0	0
2117.669755	0	0
2117.719760	0	0
2117.769765	0	0
2117.819770	0	0
2117.869775	0	0
2117.919780	0	0
2117.969785	0	0
2118.019790	0	0
2118.069795	0	0
2118.119800	0	0
2118.169805	0	0
2118.219810	0	0
2118.269815	0	0
2118.319820	0	0
2118.369825	0	0
2118.419830	0	0
2118.469835	0	0
2118.519840	0	0
2118.569845	0	0
2118.619850	0	0
2118.669855	0	0
2118.719860	0	0
2118.769865	0	0
2118.819870	0	0
2118.869875	0	0
2118.919880	0	0
2118.969885	0	0
2119.019890	0	0
2119.069895	0	0
2119.119900	0	0
2119.169905	0	0
2119.219910	0	0
2119.269915	0	0
2119.319920	0	0
2119.369925	0	0
2119.419930	0	0
2119.469935	0	0
2119.519940	0	0
2119.569945	0	0
2119.619950	0	0
2119.669955	0	0
2119.719960	0	0
2119.769965	0	0
2119.819970	0	0
2119.869975	0	0
2119.919980	0	0
2119.969985	0	0
2120.019990	0	0
2120.069995	0	0
2120.120000	0	0
2120.170005	0	0
2120.220010	0	0
2120.270015	0	0
2120.320020	0	0
2120.370025	0	0
2120.420030	0	0
2120.470035	0	0
2120.520040	0	48
2120.570045	0	188
2120.620050	0	524
2120.670055	0	524
2120.720060	0	524
2120.770065	0	524
2120.820070	0	524
2120.870075	0	524
2120.920080	0	524
2120.971085	0	360
2121.020090	0	204
2121.070095	0	144
2121.120100	0	136
2121.170105	0	128
2121.220110	0	128
2121.270115	0	128
2121.320120	0	128
2121.370125	0	128
2121.420130	0	128
2121.470135	0	128
2121.520140	0	128
2121.570145	0	128
2121.620150	0	128
2121.670155	0	128
2121.720160	0	128
2121.770165	0	128
2121.820170	0	128
2121.870175	0	128
2121.920180	0	128
2121.970185	0	128
2122.020190	0	128
2122.070195	0	128
2122.120200	0	128
2122.170205	0	128
2122.220210	0	128
2122.270215	0	128
2122.320220	0	128
2122.370225	0	128
2122.420230	0	128
2122.470235	0	128
2122.520240	0	128
2122.570245	0	64
2122.620250	0	64
2122.670255	0	0
2122.720260	0	0
2122.770265	0	0
2122.820270	0	0
2122.870275	0	0
2122.920280	0	0
2122.970285	0	0
2123.020290	0	0
2123.070295	0	0
2123.120300	0	0
2123.170305	0	0
2123.220310	0	0
2123.270315	0	0
2123.320320	0	0
2123.370325	0	0
2123.420330	0	0
2123.470335	0	0
2123.520340	0	0
2123.570345	0	0
2123.620350	0	0
2123.670355	0	0
2123.720360	0	0
2123.770365	0	0
2123.820370	0	0
2123.870375	0	0
2123.920380	0	0
2123.970385	0	0
2124.020390	0	0
2124.070395	0	0
2124.120400	0	0
2124.170405	0	0
2124.220410	0	0
2124.270415	0	0
2124.320420	0	0
2124.370425	0	0
2124.419430	0	0
2124.469435	0	0
2124.519440	0	0
2124.569445	0	0
2124.619450	0	0
2124.669455	0	0
2124.719460	0	0
2124.769465	0	0
2124.819470	0	0
2124.869475	0	0
2124.919480	0	0
2124.969485	0	0
2125.019490	0	0
2125.069495	0	0
2125.119500	0	0
2125.169505	0	0
2125.219510	0	0
2125.269515	0	0
2125.319520	0	0
2125.369525	0	0
2125.419530	0	0
2125.469535	0	0
2125.519540	0	0
2125.569545	0	0
2125.619550	0	0
2125.669555	0	0
2125.719560	0	0
2125.769565	0	0
2125.819570	0	0
2125.869575	0	0
2125.919580	0	0
2125.969585	0	0
2126.019590	0	0
2126.069595	0	0
2126.119600	0	0
2126.169605	0	0
2126.219610	0	0
2126.269615	0	0
2126.319620	0	0
2126.369625	0	0
2126.419630	0	0
2126.469635	0	0
2126.519640	0	0
2126.569645	0	0
2126.619650	0	0
2126.669655	0	0
2126.719660	0	0
2126.769665	0	0
2126.819670	0	0
2126.869675	0	0
2126.919680	0	0
2126.969685	0	0
2127.019690	0	0
2127.069695	0	0
2127.119700	0	0
2127.169705	0	0
2127.219710	0	0
2127.269715	0	0
2127.319720	0	0
2127.369725	0	0
2127.419730	0	0
2127.469735	0	0
2127.519740	0	0
2127.569745	0	0
2127.619750	0	0
2127.669755	0	0
2127.719760	0	0
2127.769765	0	0
2127.819770	0	0
2127.869775	0	0
2127.919780	0	0
2127.969785	0	0
2128.019790	0	0
2128.069795	0	0
2128.119800	0	0
2128.169805	0	0
2128.219810	0	0
2128.269815	0	0
2128.319820	0	0
2128.369825	0	0
2128.419830	0	0
2128.469835	0	0
2128.519840	0	0
2128.569845	0	0
2128.619850	0	0
2128.669855	0	0
2128.719860	0	0
2128.769865	0	0
2128.819870	0	0
2128.869875	0	0
2128.919880	0	0
2128.969885	0	0
2129.019890	0	0
2129.069895	0	0
2129.119900	0	0
2129.169905	0	0
2129.219910	0	0
2129.269915	0	0
2129.319920	0	0
2129.369925	0	0
2129.419930	0	0
2129.469935	0	0
2129.519940	0	0
2129.569945	0	0
2129.619950	0	0
2129.669955	0	0
2129.719960	0	0
2129.769965	0	0
2129.819970	0	0
2129.869975	0	0
2129.919980	0	0
2129.969985	0	0
2130.019990	0	0
2130.069995	0	0
2130.120000	0	0
2130.170005	0	0
2130.220010	0	0
2130.270015	0	0
2130.320020	0	0
2130.370025	0	0
2130.420030	0	0
2130.470035	0	0
2130.520040	0	0
2130.570045	0	0
2130.620050	0	0
2130.670055	0	0
2130.720060	0	0
2130.770065	0	0
2130.820070	0	0
2130.870075	0	0
2130.920080	0	0
2130.970085	0	0
2131.020090	0	0
2131.070095	0	0
2131.120100	0	0
2131.170105	0	0
2131.220110	0	0
2131.270115	0	0
2131.320120	0	0
2131.370125	0	0
2131.420130	0	0
2131.470135	0	0
2131.520140	0	0
2131.570145	0	0
2131.620150	0	0
2131.670155	0	0
2131.720160	0	0
2131.770165	0	0
2131.820170	0	0
2131.870175	0	0
2131.920180	0	0
2131.970185	0	0
2132.020190	0	0
2132.070195	0	0
2132.120200	0	0
2132.170205	0	0
2132.220210	0	0
2132.270215	0	0
2132.320220	0	0
2132.370225	0	0
2132.420230	0	0
2132.470235	0	0
2132.520240	0	0
2132.570245	0	0
2132.620250	0	0
2132.670255	0	0
2132.720260	0	0
2132.770265	0	0
2132.820270	0	0
2132.870275	0	0
2132.920280	0	0
2132.970285	0	0
2133.020290	0	0
2133.070295	0	0
2133.120300	0	0
2133.170305	0	0
2133.220310	0	0
2133.270315	0	0
2133.320320	0	0
2133.370325	0	0
2133.420330	0	0
2133.470335	0	0
2133.520340	0	0
2133.570345	0	0
2133.620350	0	0
2133.670355	0	0
2133.720360	0	0
2133.770365	0	0
2133.820370	0	0
2133.870375	0	0
2133.920380	0	0
2133.970385	0	0
2134.020390	0	0
2134.070395	0	0
2134.120400	0	0
2134.170405	0	0
2134.220410	0	0
2134.270415	0	0
2134.320420	0	0
2134.370425	0	0
2134.420430	0	0
2134.470435	0	0
2134.520440	0	0
2134.570445	0	0
2134.620450	0	0
2134.670455	0	0
2134.720460	0	0
2134.770465	0	0
2134.820470	0	0
2134.870475	0	0
2134.920480	0	0
2134.970485	0	0
2135.020490	0	0
2135.070495	0	0
2135.120500	0	0
2135.170505	0	0
2135.220510	0	0
2135.270515	0	0
2135.320520	0	0
2135.370525	0	0
2135.420530	0	0
2135.470535	0	0
2135.520540	0	0
2135.570545	0	0
2135.620550	0	0
2135.670555	0	0
2135.720560	0	0
2135.770565	0	0
2135.820570	0	0
2135.870575	0	0
2135.920580	0	0
2135.970585	0	0
2136.020590	0	0
2136.070595	0	0
2136.120600	0	0
2136.170605	0	0
2136.220610	0	0
2136.270615	0	0
2136.320620	0	0
2136.370625	0	0
2136.420630	0	0
2136.470635	0	0
2136.520640	0	0
2136.570645	0	0
2136.620650	0	0
2136.670655	0	0
2136.720660	0	0
2136.770665	0	0
2136.820670	0	0
2136.870675	0	0
2136.920680	0	0
2136.970685	0	0
2137.020690	0	0
2137.070695	0	0
2137.120700	0	0
2137.170705	0	0
2137.220710	0	0
2137.270715	0	0
2137.320720	0	0
2137.370725	0	0
2137.420730	0	0
2137.470735	0	0
2137.520740	0	0
2137.570745	0	0
2137.620750	0	0
2137.670755	0	0
2137.720760	0	0
2137.770765	0	0
2137.820770	0	0
2137.870775	0	0
2137.920780	0	0
2137.970785	0	0
2138.020790	0	0
2138.070795	0	0
2138.120800	0	0
2138.170805	0	0
2138.220810	0	0
2138.270815	0	0
2138.320820	0	0
2138.370825	0	0
2138.420830	0	0
2138.470835	0	0
2138.520840	0	0
2138.570845	0	0
2138.620850	0	0
2138.670855	0	0
2138.720860	0	0
2138.770865	0	0
2138.820870	0	0
2138.870875	0	0
2138.920880	0	0
2138.970885	0	0
2139.020890	0	0
2139.070895	0	0
2139.120900	0	0
2139.170905	0	0
2139.220910	0	0
2139.270915	0	0
2139.320920	0	0
2139.370925	0	0
2139.420930	0	0
2139.470935	0	0
2139.520940	0	0
2139.570945	0	0
2139.620950	0	0
2139.670955	0	0
2139.720960	0	0
2139.770965	0	0
2139.820970	0	0
2139.870975	0	0
2139.920980	0	0
2139.970985	0	0
2140.020990	0	0
2140.070995	0	0
2140.121000	0	0
2140.171005	0	0
2140.221010	0	0
2140.271015	0	0
2140.321020	0	0
2140.371025	0	0
2140.421030	0	0
2140.471035	0	0
2140.521040	0	0
2140.571045	0	0
2140.621050	0	0
2140.671055	0	0
2140.721060	0	0
2140.771065	0	0
2140.821070	0	0
2140.871075	0	0
2140.921080	0	0
2140.971085	0	0
2141.021090	0	0
2141.071095	0	0
2141.121100	0	0
2141.171105	0	0
2141.221110	0	0
2141.271115	0	0
2141.321120	0	0
2141.371125	0	0
2141.421130	0	0
2141.471135	0	0
2141.521140	0	0
2141.571145	0	0
2141.621150	0	0
2141.671155	0	0
2141.721160	0	0
2141.771165	0	0
2141.821170	0	0
2141.870175	0	0
2141.920180	0	0
2141.970185	0	0
2142.020190	0	0
2142.070195	0	0
2142.120200	0	0
2142.170205	0	0
2142.220210	0	0
2142.270215	0	0
2142.320220	0	0
2142.370225	0	0
2142.420230	0	0
2142.470235	0	0
2142.520240	0	0
2142.570245	0	0
2142.620250	0	0
2142.670255	0	0
2142.720260	0	0
2142.770265	0	0
2142.820270	0	0
2142.870275	0	0
2142.920280	0	0
2142.970285	0	0
2143.020290	0	0
2143.070295	0	0
2143.120300	0	0
2143.170305	0	0
2143.220310	0	0
2143.270315	0	0
2143.320320	0	0
2143.370325	0	0
2143.420330	0	0
2143.470335	0	0
2143.520340	0	0
2143.570345	0	0
2143.620350	0	0
2143.670355	0	0
2143.720360	0	0
2143.770365	0	0
2143.820370	0	0
2143.870375	0	0
2143.920380	0	0
2143.970385	0	0
2144.020390	0	0
2144.070395	0	0
2144.120400	0	0
2144.170405	0	0
2144.220410	0	0
2144.270415	0	0
2144.320420	0	0
2144.370425	0	0
2144.420430	0	0
2144.470435	0	0
2144.520440	0	0
2144.570445	0	0
2144.620450	0	0
2144.670455	0	0
2144.720460	0	0
2144.770465	0	0
2144.820470	0	0
2144.870475	0	0
2144.920480	0	0
2144.970485	0	0
2145.020490	0	0
2145.070495	0	0
2145.120500	0	0
2145.170505	0	0
2145.220510	0	0
2145.270515	0	0
2145.320520	0	0
2145.370525	0	0
2145.420530	0	0
2145.470535	0	0
2145.520540	0	0
2145.570545	0	0
2145.620550	0	0
2145.670555	0	0
2145.720560	0	0
2145.770565	0	0
2145.820570	0	0
2145.870575	0	0
2145.920580	0	0
2145.970585	0	0
2146.020590	0	0
2146.070595	0	0
2146.120600	0	0
2146.170605	0	0
2146.220610	0	0
2146.270615	0	0
2146.320620	0	0
2146.370625	0	0
2146.420630	0	0
2146.470635	0	0
2146.520640	0	0
2146.570645	0	0
2146.620650	0	0
2146.670655	0	0
2146.720660	0	0
2146.770665	0	0
2146.820670	0	0
2146.870675	0	0
2146.920680	0	0
2146.970685	0	0
2147.020690	0	0
2147.070695	0	0
2147.120700	0	0
2147.170705	0	0
2147.220710	0	0
2147.270715	0	0
2147.320720	0	0
2147.370725	0	0
2147.420730	0	0
2147.470735	0	0
2147.520740	0	0
2147.570745	0	0
2147.620750	0	0
2147.670755	0	0
2147.720760	0	0
2147.770765	0	0
2147.820770	0	0
2147.870775	0	0
2147.920780	0	0
2147.970785	0	0
2148.020790	0	0
2148.070795	0	0
2148.120800	0	0
2148.170805	0	0
2148.220810	0	0
2148.270815	0	0
2148.320820	0	0
2148.370825	0	0
2148.420830	0	0
2148.470835	0	0
2148.520840	0	0
2148.570845	0	0
2148.620850	0	0
2148.670855	0	0
2148.720860	0	0
2148.770865	0	0
2148.820870	0	0
2148.870875	0	0
2148.920880	0	0
2148.970885	0	0
2149.020890	0	0
2149.070895	0	0
2149.120900	0	0
2149.170905	0	0
2149.220910	0	0
2149.270915	0	0
2149.320920	0	0
2149.370925	0	0
2149.420930	0	0
2149.470935	0	0
2149.520940	0	0
2149.570945	0	0
2149.620950	0	0
2149.670955	0	0
2149.720960	0	0
2149.770965	0	0
2149.820970	0	0
2149.870975	0	0
2149.920980	0	0
2149.970985	0	0
2150.020990	0	0
2150.070995	0	0
2150.121000	0	0
2150.171005	0	0
2150.221010	0	0
2150.271015	0	0
2150.321020	0	0
2150.371025	0	0
2150.421030	0	0
2150.471035	0	0
2150.521040	0	0
2150.571045	0	0
2150.621050	0	0
2150.671055	0	0
2150.721060	0	0
2150.771065	0	0
2150.821070	0	0
2150.871075	0	0
2150.921080	0	0
2150.971085	0	0
2151.021090	0	0
2151.071095	0	0
2151.121100	0	0
2151.171105	0	0
2151.221110	0	0
2151.271115	0	0
2151.321120	0	0
2151.371125	0	0
2151.421130	0	0
2151.471135	0	0
2151.521140	0	0
2151.571145	0	0
2151.621150	0	0
2151.671155	0	0
2151.721160	0	0
2151.771165	0	0
2151.821170	0	0
2151.871175	0	0
2151.921180	0	0
2151.971185	0	0
2152.021190	0	0
2152.071195	0	0
2152.121200	0	0
2152.171205	0	0
2152.221210	0	0
2152.271215	0	0
2152.321220	0	0
2152.371225	0	0
2152.421230	0	0
2152.471235	0	0
2152.521240	0	0
2152.571245	0	0
2152.621250	0	0
2152.671255	0	0
2152.721260	0	0
2152.771265	0	0
2152.821270	0	0
2152.871275	0	0
2152.921280	0	0
2152.971285	0	0
2153.021290	0	0
2153.071295	0	0
2153.121300	0	0
2153.171305	0	0
2153.221310	0	0
2153.271315	0	0
2153.321320	0	0
2153.371325	0	0
2153.421330	0	0
2153.471335	0	0
2153.521340	0	0
2153.571345	0	0
2153.621350	0	0
2153.671355	0	0
2153.721360	0	0
2153.771365	0	0
2153.821370	0	0
2153.871375	0	0
2153.921380	0	0
2153.971385	0	0
2154.021390	0	0
2154.071395	0	0
2154.121400	0	0
2154.171405	0	0
2154.221410	0	0
2154.271415	0	0
2154.321420	0	0
2154.371425	0	0
2154.421430	0	0
2154.471435	0	0
2154.521440	0	0
2154.571445	0	0
2154.621450	0	0
2154.671455	0	0
2154.721460	0	0
2154.771465	0	0
2154.821470	0	0
2154.871475	0	0
2154.921480	0	0
2154.971485	0	0
2155.021490	0	0
2155.071495	0	0
2155.121500	0	0
2155.171505	0	0
2155.221510	0	0
2155.271515	0	0
2155.321520	0	0
2155.371525	0	0
2155.421530	0	0
2155.471535	0	0
2155.521540	0	0
2155.571545	0	0
2155.621550	0	0
2155.671555	0	0
2155.721560	0	0
2155.771565	0	0
2155.821570	0	0
2155.871575	0	0
2155.921580	0	0
2155.971585	0	0
2156.021590	0	0
2156.071595	0	0
2156.121600	0	0
2156.171605	0	0
2156.221610	0	0
2156.271615	0	0
2156.321620	0	0
2156.371625	0	0
2156.421630	0	0
2156.471635	0	0
2156.521640	0	0
2156.571645	0	0
2156.621650	0	0
2156.671655	0	0
2156.721660	0	0
2156.771665	0	0
2156.821670	0	0
2156.871675	0	0
2156.921680	0	0
2156.971685	0	0
2157.021690	0	0
2157.071695	0	0
2157.121700	0	0
2157.171705	0	0
2157.221710	0	0
2157.271715	0	0
2157.321720	0	0
2157.371725	0	0
2157.421730	0	0
2157.471735	0	0
2157.521740	0	0
2157.571745	0	0
2157.621750	0	0
2157.671755	0	0
2157.721760	0	0
2157.771765	0	0
2157.821770	0	0
2157.871775	0	0
2157.921780	0	0
2157.971785	0	0
2158.021790	0	0
2158.071795	0	0
2158.121800	0	0
2158.171805	0	0
2158.221810	0	0
2158.271815	0	0
2158.321820	0	0
2158.371825	0	0
2158.421830	0	0
2158.471835	0	0
2158.521840	0	0
2158.571845	0	0
2158.621850	0	0
2158.671855	0	0
2158.721860	0	0
2158.771865	0	0
2158.821870	0	0
2158.871875	0	0
2158.921880	0	0
2158.971885	0	0
2159.021890	0	0
2159.071895	0	0
2159.121900	0	0
2159.171905	0	0
2159.221910	0	0
2159.271915	0	0
2159.321920	0	0
2159.370925	0	0
2159.420930	0	0
2159.470935	0	0
2159.520940	0	0
2159.570945	0	0
2159.620950	0	0
2159.670955	0	0
2159.720960	0	0
2159.770965	0	0
2159.820970	0	0
2159.870975	0	0
2159.920980	0	0
2159.970985	0	0
2160.020990	0	0
2160.070995	0	0
2160.121000	0	0
2160.171005	0	0
2160.221010	0	0
2160.271015	0	0
2160.321020	0	0
2160.371025	0	0
2160.421030	0	0
2160.471035	0	0
2160.521040	0	0
2160.571045	0	0
2160.621050	0	0
2160.671055	0	0
2160.721060	0	0
2160.771065	0	0
2160.821070	0	0
2160.871075	0	0
2160.921080	0	0
2160.971085	0	0
2161.021090	0	0
2161.071095	0	0
2161.121100	0	0
2161.171105	0	0
2161.221110	0	0
2161.271115	0	0
2161.321120	0	0
2161.371125	0	0
2161.421130	0	0
2161.471135	0	0
2161.521140	0	0
2161.571145	0	0
2161.621150	0	0
2161.671155	0	0
2161.721160	0	0
2161.771165	0	0
2161.821170	0	0
2161.871175	0	0
2161.921180	0	0
2161.971185	0	0
2162.021190	0	0
2162.071195	0	0
2162.121200	0	0
2162.171205	0	0
2162.221210	0	0
2162.271215	0	0
2162.321220	0	0
2162.371225	0	0
2162.421230	0	0
2162.471235	0	0
2162.521240	0	0
2162.571245	0	0
2162.621250	0	0
2162.671255	0	0
2162.721260	0	0
2162.771265	0	0
2162.821270	0	0
2162.871275	0	0
2162.921280	0	0
2162.971285	0	0
2163.021290	0	0
2163.071295	0	0
2163.121300	0	0
2163.171305	0	0
2163.221310	0	0
2163.271315	0	0
2163.321320	0	0
2163.371325	0	0
2163.421330	0	0
2163.471335	0	0
2163.521340	0	0
2163.571345	0	0
2163.621350	0	0
2163.671355	0	0
2163.721360	0	0
2163.771365	0	0
2163.821370	0	0
2163.871375	0	0
2163.921380	0	0
2163.971385	0	0
2164.021390	0	0
2164.071395	0	0
2164.121400	0	0
2164.171405	0	0
2164.221410	0	0
2164.271415	0	0
2164.321420	0	0
2164.371425	0	0
2164.421430	0	0
2164.471435	0	0
2164.521440	0	0
2164.571445	0	0
2164.621450	0	0
2164.671455	0	0
2164.721460	0	0
2164.771465	0	0
2164.821470	0	0
2164.871475	0	0
2164.921480	0	0
2164.971485	0	0
2165.021490	0	0
2165.071495	0	0
2165.121500	0	0
2165.171505	0	0
2165.221510	0	0
2165.271515	0	0
2165.321520	0	0
2165.371525	0	0
2165.421530	0	0
2165.471535	0	0
2165.521540	0	0
2165.571545	0	0
2165.621550	0	0
2165.671555	0	0
2165.721560	0	0
2165.771565	0	0
2165.821570	0	0
2165.871575	0	0
2165.921580	0	0
2165.971585	0	0
2166.021590	0	0
2166.071595	0	0
2166.121600	0	0
2166.171605	0	0
2166.221610	0	0
2166.271615	0	0
2166.321620	0	0
2166.371625	0	0
2166.421630	0	0
2166.471635	0	0
2166.521640	0	0
2166.571645	0	0
2166.621650	0	0
2166.671655	0	0
2166.721660	0	0
2166.771665	0	0
2166.821670	0	0
2166.871675	0	0
2166.921680	0	0
2166.971685	0	0
2167.021690	0	0
2167.071695	0	0
2167.121700	0	0
2167.171705	0	0
2167.221710	0	0
2167.271715	0	0
2167.321720	0	0
2167.371725	0	0
2167.421730	0	0
2167.471735	0	0
2167.521740	0	0
2167.571745	0	0
2167.621750	0	0
2167.671755	0	0
2167.721760	0	0
2167.771765	0	0
2167.821770	0	0
2167.871775	0	0
2167.921780	0	0
2167.971785	0	0
2168.021790	0	0
2168.071795	0	0
2168.121800	0	0
2168.171805	0	0
2168.221810	0	0
2168.271815	0	0
2168.321820	0	0
2168.371825	0	0
2168.421830	0	0
2168.471835	0	0
2168.521840	0	0
2168.571845	0	0
2168.621850	0	0
2168.671855	0	0
2168.721860	0	0
2168.771865	0	0
2168.821870	0	0
2168.871875	0	0
2168.921880	0	0
2168.971885	0	0
2169.021890	0	0
2169.071895	0	0
2169.121900	0	0
2169.171905	0	0
2169.221910	0	0
2169.271915	0	0
2169.321920	0	0
2169.371925	0	0
2169.421930	0	0
2169.471935	0	0
2169.521940	0	0
2169.571945	0	0
2169.621950	0	0
2169.671955	0	0
2169.721960	0	0
2169.771965	0	0
2169.821970	0	0
2169.871975	0	0
2169.921980	0	0
2169.971985	0	0
2170.021990	0	0
2170.071995	0	0
2170.122000	0	0
2170.172005	0	0
2170.222010	0	0
2170.272015	0	0
2170.322020	0	0
2170.372025	0	0
2170.422030	0	0
2170.472035	0	0
2170.522040	0	0
2170.572045	0	0
2170.622050	0	0
2170.672055	0	0
2170.722060	0	0
2170.772065	0	0
2170.822070	0	0
2170.872075	0	0
2170.922080	0	0
2170.972085	0	0
2171.022090	0	0
2171.072095	0	0
2171.122100	0	0
2171.172105	0	0
2171.222110	0	0
2171.272115	0	0
2171.322120	0	0
2171.372125	0	0
2171.422130	0	0
2171.472135	0	0
2171.522140	0	0
2171.572145	0	0
2171.622150	0	0
2171.672155	0	0
2171.722160	0	0
2171.772165	0	0
2171.822170	0	0
2171.872175	0	0
2171.922180	0	0
2171.972185	0	0
2172.022190	0	0
2172.072195	0	0
2172.122200	0	0
2172.172205	0	0
2172.222210	0	0
2172.272215	0	0
2172.322220	0	0
2172.372225	0	0
2172.422230	0	0
2172.472235	0	0
2172.522240	0	0
2172.572245	0	0
2172.622250	0	0
2172.672255	0	0
2172.722260	0	0
2172.772265	0	0
2172.822270	0	0
2172.872275	0	0
2172.922280	0	0
2172.972285	0	0
2173.022290	0	0
2173.072295	0	0
2173.122300	0	0
2173.172305	0	0
2173.222310	0	0
2173.272315	0	0
2173.322320	0	0
2173.372325	0	0
2173.422330	0	0
2173.472335	0	0
2173.522340	0	0
2173.572345	0	0
2173.622350	0	0
2173.672355	0	0
2173.722360	0	0
2173.772365	0	0
2173.822370	0	0
2173.872375	0	0
2173.922380	0	0
2173.972385	0	0
2174.022390	0	0
2174.072395	0	0
2174.122400	0	0
2174.172405	0	0
2174.222410	0	0
2174.272415	0	0
2174.322420	0	0
2174.372425	0	0
2174.422430	0	0
2174.472435	0	0
2174.522440	0	0
2174.572445	0	0
2174.622450	0	0
2174.672455	0	0
2174.722460	0	0
2174.772465	0	0
2174.822470	0	0
2174.872475	0	0
2174.922480	0	0
2175.060493	0	0
2175.099497	0	0
2175.169505	0	0
2175.179505	0	0
2175.255513	0	0
2175.272515	0	0
2175.322520	0	0
2175.372525	0	0
2175.422530	0	0
2175.472535	0	0
2175.522540	0	0
2175.572545	0	0
2175.622550	0	0
2175.672555	0	0
2175.722560	0	0
2175.772565	0	0
2175.822570	0	0
2175.872575	0	0
2175.922580	0	0
2175.972585	0	0
2176.022590	0	0
2176.072595	0	0
2176.122600	0	0
2176.172605	0	0
2176.222610	0	0
2176.272615	0	0
2176.322620	0	0
2176.372625	0	0
2176.422630	0	0
2176.472635	0	0
2176.522640	0	0
2176.572645	0	0
2176.622650	0	0
2176.672655	0	0
2176.722660	0	0
2176.772665	0	0
2176.822670	0	0
2176.871675	0	0
2176.921679	0	0
2176.971684	0	0
2177.021690	0	0
2177.071695	0	0
2177.121700	0	0
2177.171705	0	0
2177.221710	0	0
2177.271715	0	0
2177.321720	0	0
2177.371725	0	0
2177.421730	0	0
2177.471735	0	0
2177.521739	0	0
2177.571744	0	0
2177.621750	0	0
2177.671755	0	0
2177.721760	0	0
2177.771765	0	0
2177.821770	0	0
2177.871775	0	0
2177.921780	0	0
2177.971785	0	0
2178.021790	0	0
2178.071795	0	0
2178.121799	0	0
2178.171804	0	0
2178.221810	0	0
2178.271815	0	0
2178.321820	0	0
2178.371825	0	0
2178.421830	0	0
2178.471835	0	0
2178.521840	0	0
2178.571845	0	0
2178.621850	0	0
2178.671854	0	0
2178.721859	0	0
2178.771865	0	0
2178.821870	0	0
2178.871875	0	0
2178.921880	0	0
2178.971885	0	0
2179.021890	0	0
2179.071895	0	0
2179.121900	0	0
2179.171905	0	0
2179.221910	0	0
2179.271914	0	0
2179.321919	0	0
2179.371925	0	0
2179.421930	0	0
2179.471935	0	0
2179.521940	0	0
2179.571945	0	0
2179.621950	0	0
2179.671955	0	0
2179.721960	0	0
2179.771965	0	0
2179.821970	0	0
2179.871974	0	0
2179.921979	0	0
2179.971985	0	0
2180.021990	0	0
2180.071995	0	0
2180.122000	0	0
2180.172005	0	0
2180.222010	0	0
2180.272015	0	0
2180.322020	0	0
2180.372025	0	0
2180.422029	0	0
2180.472034	0	0
2180.522040	0	0
2180.572045	0	0
2180.622050	0	0
2180.672055	0	0
2180.722060	0	0
2180.772065	0	0
2180.822070	0	0
2180.872075	0	0
2180.922080	0	0
2180.972085	0	0
2181.022089	0	0
2181.072094	0	0
2181.122100	0	0
2181.172105	0	0
2181.222110	0	0
2181.272115	0	0
2181.322120	0	0
2181.372125	0	0
2181.422130	0	0
2181.472135	0	0
2181.522140	0	0
2181.572145	0	0
2181.622149	0	0
2181.672154	0	0
2181.722160	0	0
2181.772165	0	0
2181.822170	0	0
2181.872175	0	0
2181.922180	0	0
2181.972185	0	0
2182.022190	0	0
2182.072195	0	0
2182.122200	0	0
2182.172204	0	0
2182.222209	0	0
2182.272215	0	0
2182.322220	0	0
2182.372225	0	0
2182.422230	0	0
2182.472235	0	0
2182.522240	0	0
2182.572245	0	0
2182.622250	0	0
2182.672255	0	0
2182.722260	0	0
2182.772264	0	0
2182.822269	0	0
2182.872275	0	0
2182.922280	0	0
2182.972285	0	0
2183.022290	0	0
2183.072295	0	0
2183.122300	0	0
2183.172305	0	0
2183.222310	0	0
2183.272315	0	0
2183.322320	0	0
2183.372324	0	0
2183.422329	0	0
2183.472335	0	0
2183.522340	0	0
2183.572345	0	0
2183.622350	0	0
2183.672355	0	0
2183.722360	0	0
2183.772365	0	0
2183.822370	0	0
2183.872375	0	0
2183.922379	0	0
2183.972384	0	0
2184.022390	0	0
2184.072395	0	0
2184.122400	0	0
2184.172405	0	0
2184.222410	0	0
2184.272415	0	0
2184.322420	0	0
2184.372425	0	0
2184.422430	0	0
2184.472435	0	0
2184.522439	0	0
2184.572444	0	0
2184.622450	0	0
2184.672455	0	0
2184.722460	0	0
2184.772465	0	0
2184.822470	0	0
2184.872475	0	0
2184.922480	0	0
2184.972485	0	0
2185.022490	0	0
2185.072495	0	0
2185.122499	0	0
2185.172504	0	0
2185.222510	0	0
2185.272515	0	0
2185.322520	0	0
2185.372525	0	0
2185.422530	0	0
2185.472535	0	0
2185.522540	0	0
2185.572545	0	0
2185.622550	0	0
2185.672554	0	0
2185.722559	0	0
2185.772565	0	0
2185.822570	0	0
2185.872575	0	0
2185.922580	0	136
2185.972585	0	316
2186.022590	0	352
2186.072595	0	352
2186.122600	0	352
2186.172605	0	352
2186.222610	0	352
2186.272614	0	352
2186.322619	0	352
2186.372625	0	352
2186.422630	0	352
2186.472635	0	352
2186.522640	0	352
2186.572645	0	352
2186.622650	0	352
2186.672655	0	352
2186.722660	0	352
2186.772665	0	352
2186.822670	0	352
2186.872674	0	352
2186.922679	0	352
2186.972685	0	352
2187.022690	0	352
2187.072695	0	352
2187.122700	0	352
2187.172705	0	352
2187.222710	0	352
2187.272715	0	352
2187.322720	0	352
2187.372725	0	352
2187.422729	0	352
2187.472734	0	352
2187.522740	0	352
2187.572745	0	352
2187.622750	0	352
2187.672755	0	352
2187.722760	0	352
2187.772765	0	352
2187.822770	0	352
2187.872775	0	352
2187.922780	0	352
2187.972785	0	352
2188.022789	0	352
2188.072794	0	352
2188.122800	0	352
2188.172805	0	352
2188.222810	0	352
2188.272815	0	352
2188.322820	0	352
2188.372825	0	352
2188.422830	0	352
2188.472835	0	352
2188.522840	0	352
2188.572845	0	352
2188.622849	0	352
2188.672854	0	352
2188.722860	0	352
2188.772865	0	352
2188.822870	0	352
2188.872875	0	352
2188.922880	0	352
2188.972885	0	352
2189.022890	0	352
2189.072895	0	352
2189.122900	0	352
2189.172904	0	352
2189.222909	0	352
2189.272915	0	352
2189.322920	0	352
2189.372925	0	352
2189.422930	0	352
2189.472935	0	352
2189.522940	0	352
2189.572945	0	352
2189.622950	0	352
2189.672955	0	352
2189.722960	0	352
2189.772964	0	352
2189.822969	0	352
2189.872975	0	352
2189.922980	0	352
2189.972985	0	352
2190.022990	0	352
2190.072995	0	352
2190.123000	0	352
2190.173005	0	352
2190.223010	0	352
2190.273015	0	352
2190.323020	0	352
2190.373024	0	352
2190.423029	0	352
2190.473035	0	352
2190.523040	0	352
2190.573045	0	352
2190.623050	0	352
2190.673055	0	352
2190.723060	0	352
2190.773065	0	352
2190.823070	0	352
2190.873075	0	352
2190.923079	0	352
2190.973084	0	352
2191.023090	0	352
2191.073095	0	352
2191.123100	0	352
2191.173105	0	352
2191.223110	0	352
2191.273115	0	352
2191.323120	0	352
2191.373125	0	352
2191.423130	0	352
2191.473135	0	352
2191.523139	0	352
2191.573144	0	352
2191.623150	0	352
2191.673155	0	352
2191.723160	0	352
2191.773165	0	352
2191.823170	0	352
2191.873175	0	352
2191.923180	0	352
2191.973185	0	352
2192.023190	0	352
2192.073195	0	352
2192.123199	0	352
2192.173204	0	352
2192.223210	0	352
2192.273215	0	352
2192.323220	0	352
2192.373225	0	352
2192.423230	0	352
2192.473235	0	352
2192.523240	0	352
2192.573245	0	352
2192.623250	0	352
2192.673254	0	352
2192.723259	0	352
2192.773265	0	352
2192.823270	0	352
2192.873275	0	352
2192.923280	0	352
2192.973285	0	352
2193.023290	0	352
2193.073295	0	352
2193.123300	0	352
2193.173305	0	352
2193.223310	0	352
2193.273314	0	352
2193.323319	0	352
2193.373325	0	352
2193.423330	0	352
2193.473335	0	352
2193.523340	0	352
2193.573345	0	352
2193.623350	0	352
2193.673355	0	352
2193.723360	0	352
2193.773365	0	352
2193.823370	0	352
2193.873374	0	352
2193.923379	0	352
2193.973385	0	352
2194.023390	0	352
2194.073395	0	352
2194.123400	0	352
2194.173405	0	352
2194.223410	0	352
2194.273415	0	352
2194.322420	0	352
2194.372425	0	352
2194.422430	0	352
2194.472435	0	352
2194.522439	0	352
2194.572444	0	352
2194.622449	0	352
2194.672454	0	352
2194.722460	0	352
2194.772465	0	352
2194.822470	0	352
2194.872475	0	352
2194.922480	0	352
2194.972485	0	352
2195.022490	0	352
2195.072495	0	352
2195.122499	0	352
2195.172504	0	352
2195.222509	0	352
2195.272514	0	352
2195.322520	0	352
2195.372525	0	352
2195.422530	0	352
2195.472535	0	352
2195.522540	0	352
2195.572545	0	352
2195.622550	0	352
2195.672554	0	352
2195.722559	0	352
2195.772564	0	352
2195.822569	0	352
2195.872574	0	352
2195.922580	0	352
2195.972585	0	352
2196.022590	0	352
2196.072595	0	352
2196.122600	0	352
2196.172605	0	352
2196.222610	0	352
2196.272614	0	352
2196.322619	0	352
2196.372624	0	352
2196.422629	0	352
2196.472635	0	352
2196.522640	0	352
2196.572645	0	352
2196.622650	0	352
2196.672655	0	352
2196.722660	0	352
2196.772665	0	352
2196.822670	0	352
2196.872674	0	352
2196.922679	0	352
2196.972684	0	352
2197.022689	0	352
2197.072695	0	352
2197.122700	0	352
2197.172705	0	352
2197.222710	0	352
2197.272715	0	352
2197.322720	0	352
2197.372725	0	352
2197.422729	0	352
2197.472734	0	352
2197.522739	0	352
2197.572744	0	352
2197.622749	0	352
2197.672755	0	352
2197.722760	0	352
2197.772765	0	352
2197.822770	0	352
2197.872775	0	352
2197.922780	0	352
2197.972785	0	352
2198.022789	0	352
2198.072794	0	352
2198.122799	0	352
2198.172804	0	352
2198.222810	0	352
2198.272815	0	352
2198.322820	0	352
2198.372825	0	352
2198.422830	0	352
2198.472835	0	352
2198.522840	0	352
2198.572845	0	352
2198.622849	0	352
2198.672854	0	352
2198.722859	0	352
2198.772864	0	352
2198.822870	0	352
2198.872875	0	352
2198.922880	0	352
2198.972885	0	352
2199.022890	0	352
2199.072895	0	352
2199.122900	0	352
2199.172904	0	352
2199.222909	0	352
2199.272914	0	352
2199.322919	0	352
2199.372924	0	352
2199.422930	0	352
2199.472935	0	352
2199.522940	0	352
2199.572945	0	352
2199.622950	0	352
2199.672955	0	352
2199.722960	0	352
2199.772964	0	352
2199.822969	0	352
2199.872974	0	352
2199.922979	0	352
2199.972985	0	352
2200.022990	0	352
2200.072995	0	352
2200.123000	0	352
2200.173005	0	352
2200.223010	0	352
2200.273015	0	352
2200.323020	0	352
2200.373024	0	352
2200.423029	0	360
2200.473034	0	360
2200.523039	0	360
2200.573045	0	360
2200.623050	0	360
2200.673055	0	360
2200.723060	0	360
2200.773065	0	360
2200.823070	0	360
2200.873075	0	360
2200.923079	0	360
2200.973084	0	360
2201.023089	0	360
2201.073094	0	360
2201.123099	0	360
2201.173105	0	360
2201.223110	0	360
2201.273115	0	360
2201.323120	0	360
2201.373125	0	360
2201.423130	0	360
2201.473135	0	360
2201.523139	0	360
2201.573144	0	360
2201.623149	0	360
2201.673154	0	360
2201.723160	0	360
2201.773165	0	360
2201.823170	0	360
2201.873175	0	360
2201.923180	0	360
2201.973185	0	360
2202.023190	0	360
2202.073195	0	360
2202.123199	0	360
2202.173204	0	360
2202.223209	0	360
2202.273214	0	360
2202.323220	0	360
2202.373225	0	360
2202.423230	0	360
2202.473235	0	360
2202.523240	0	392
2202.573245	0	392
2202.623250	0	392
2202.673254	0	392
2202.723259	0	392
2202.773264	0	392
2202.823269	0	392
2202.873274	0	392
2202.923280	0	392
2202.973285	0	392
2203.023290	0	392
2203.073295	0	392
2203.123300	0	392
2203.173305	0	392
2203.223310	0	392
2203.273314	0	392
2203.323319	0	392
2203.373324	0	392
2203.423329	0	392
2203.473335	0	392
2203.523340	0	416
2203.573345	0	416
2203.623350	0	416
2203.673355	0	416
2203.723360	0	416
2203.773365	0	416
2203.823370	0	416
2203.873374	0	416
2203.923379	0	416
2203.973384	0	424
2204.023389	0	424
2204.073395	0	424
2204.123400	0	424
2204.173405	0	432
2204.223410	0	432
2204.273415	0	432
2204.323420	0	432
2204.373425	0	432
2204.423429	0	432
2204.473434	0	432
2204.523439	0	432
2204.573444	0	432
2204.623449	0	432
2204.673455	0	432
2204.723460	0	432
2204.773465	0	432
2204.823470	0	432
2204.873475	0	432
2204.923480	0	432
2204.973485	0	432
2205.023489	0	432
2205.073494	0	432
2205.123499	0	432
2205.173504	0	440
2205.223510	0	440
2205.273515	0	440
2205.323520	0	456
2205.373525	0	456
2205.423530	0	456
2205.473535	0	456
2205.523540	0	456
2205.573545	0	456
2205.623549	0	456
2205.673554	0	456
2205.723559	0	456
2205.773564	0	456
2205.823570	0	456
2205.873575	0	456
2205.923580	0	456
2205.973585	0	456
2206.023590	0	456
2206.073595	0	456
2206.123600	0	456
2206.173604	0	456
2206.223609	0	456
2206.273614	0	456
2206.323619	0	456
2206.373624	0	456
2206.423630	0	456
2206.473635	0	456
2206.523640	0	456
2206.573645	0	456
2206.623650	0	456
2206.673655	0	456
2206.723660	0	456
2206.773664	0	456
2206.823669	0	456
2206.873674	0	456
2206.923679	0	456
2206.973685	0	456
2207.023690	0	456
2207.073695	0	456
2207.123700	0	456
2207.173705	0	456
2207.223710	0	456
2207.273715	0	456
2207.323720	0	456
2207.373724	0	456
2207.423729	0	456
2207.473734	0	456
2207.523739	0	456
2207.573745	0	456
2207.623750	0	456
2207.673755	0	456
2207.723760	0	456
2207.773765	0	456
2207.823770	0	456
2207.873775	0	456
2207.923779	0	456
2207.973784	0	456
2208.023789	0	456
2208.073794	0	456
2208.123799	0	456
2208.173805	0	456
2208.223810	0	456
2208.273815	0	456
2208.323820	0	456
2208.373825	0	456
2208.423830	0	456
2208.473835	0	456
2208.523839	0	456
2208.573844	0	456
2208.623849	0	456
2208.673854	0	456
2208.723860	0	456
2208.773865	0	456
2208.823870	0	456
2208.873875	0	456
2208.923880	0	456
2208.973885	0	456
2209.023890	0	456
2209.073895	0	456
2209.123899	0	456
2209.173904	0	456
2209.223909	0	456
2209.273914	0	456
2209.323920	0	456
2209.373925	0	456
2209.423930	0	456
2209.473935	0	456
2209.523940	0	456
2209.573945	0	456
2209.623950	0	456
2209.673954	0	456
2209.723959	0	456
2209.773964	0	456
2209.823969	0	456
2209.873974	0	456
2209.923980	0	456
2209.973985	0	456
2210.023990	0	456
2210.073995	0	456
2210.124000	0	456
2210.174005	0	456
2210.224010	0	456
2210.274014	0	456
2210.324019	0	456
2210.374024	0	456
2210.424029	0	456
2210.474035	0	456
2210.524040	0	456
2210.574045	0	456
2210.624050	0	456
2210.674055	0	456
2210.724060	0	456
2210.774065	0	456
2210.824069	0	456
2210.874074	0	456
2210.924079	0	456
2210.974084	0	456
2211.024089	0	456
2211.074095	0	456
2211.124100	0	456
2211.174105	0	456
2211.224110	0	456
2211.274115	0	456
2211.324120	0	456
2211.374125	0	456
2211.424129	0	456
2211.474134	0	456
2211.524139	0	456
2211.574144	0	456
2211.624149	0	456
2211.674155	0	456
2211.724160	0	456
2211.774165	0	456
2211.823169	0	456
2211.873175	0	456
2211.923180	0	456
2211.973185	0	456
2212.023190	0	456
2212.073195	0	456
2212.123199	0	456
2212.173204	0	456
2212.223209	0	456
2212.273214	0	456
2212.323219	0	456
2212.373224	0	456
2212.423230	0	456
2212.473235	0	456
2212.523240	0	456
2212.573245	0	456
2212.623250	0	456
2212.673254	0	472
2212.723259	0	472
2212.773264	0	472
2212.823269	0	472
2212.873274	0	472
2212.923279	0	472
2212.973284	0	472
2213.023290	0	472
2213.073295	0	472
2213.123300	0	472
2213.173305	0	472
2213.223310	0	472
2213.273314	0	472
2213.323319	0	472
2213.373324	0	472
2213.423329	0	472
2213.473334	0	472
2213.523339	0	472
2213.573344	0	472
2213.623350	0	496
2213.673355	0	496
2213.723360	0	496
2213.773365	0	496
2213.823370	0	496
2213.873374	0	496
2213.923379	0	496
2213.973384	0	496
2214.023389	0	496
2214.073394	0	496
2214.123399	0	496
2214.173405	0	496
2214.223410	0	496
2214.273415	0	496
2214.323420	0	496
2214.373425	0	496
2214.423429	0	496
2214.473434	0	496
2214.523439	0	496
2214.573444	0	496
2214.623449	0	496
2214.673454	0	496
2214.723459	0	496
2214.773465	0	496
2214.823470	0	496
2214.873475	0	496
2214.923480	0	496
2214.973485	0	496
2215.023489	0	496
2215.073494	0	496
2215.123499	0	496
2215.173504	0	496
2215.223509	0	496
2215.273514	0	496
2215.323519	0	496
2215.373525	0	496
2215.423530	0	496
2215.473535	0	496
2215.523540	0	496
2215.573545	0	496
2215.623549	0	496
2215.673554	0	496
2215.723559	0	496
2215.773564	0	496
2215.823569	0	496
2215.873574	0	496
2215.923580	0	496
2215.973585	0	496
2216.023590	0	496
2216.073595	0	496
2216.123600	0	496
2216.173604	0	496
2216.223609	0	496
2216.273614	0	496
2216.323619	0	496
2216.373624	0	496
2216.423629	0	496
2216.473634	0	496
2216.523640	0	496
2216.573645	0	496
2216.623650	0	496
2216.673655	0	496
2216.723660	0	496
2216.773664	0	496
2216.823669	0	496
2216.873674	0	496
2216.923679	0	496
2216.973684	0	496
2217.023689	0	496
2217.073694	0	496
2217.123700	0	496
2217.173705	0	496
2217.223710	0	496
2217.273715	0	496
2217.323720	0	496
2217.373724	0	496
2217.423729	0	496
2217.473734	0	496
2217.523739	0	496
2217.573744	0	496
2217.623749	0	496
2217.673755	0	496
2217.723760	0	496
2217.773765	0	496
2217.823770	0	496
2217.873775	0	496
2217.923779	0	496
2217.973784	0	496
2218.023789	0	496
2218.073794	0	496
2218.123799	0	496
2218.173804	0	496
2218.223809	0	496
2218.273815	0	496
2218.323820	0	496
2218.373825	0	496
2218.423830	0	496
2218.473835	0	496
2218.523839	0	496
2218.573844	0	496
2218.623849	0	496
2218.673854	0	496
2218.723859	0	496
2218.773864	0	496
2218.823869	0	496
2218.873875	0	496
2218.923880	0	496
2218.973885	0	496
2219.023890	0	496
2219.073895	0	496
2219.123899	0	496
2219.173904	0	496
2219.223909	0	496
2219.273914	0	496
2219.323919	0	496
2219.373924	0	496
2219.423930	0	496
2219.473935	0	496
2219.523940	0	496
2219.573945	0	496
2219.623950	0	496
2219.673954	0	496
2219.723959	0	496
2219.773964	0	496
2219.823969	0	496
2219.873974	0	496
2219.923979	0	496
2219.973984	0	496
2220.023990	0	496
2220.073995	0	496
2220.124000	0	496
2220.174005	0	496
2220.224010	0	496
2220.274014	0	496
2220.324019	0	496
2220.374024	0	496
2220.424029	0	496
2220.474034	0	496
2220.524039	0	496
2220.574044	0	496
2220.624050	0	496
2220.674055	0	496
2220.724060	0	496
2220.774065	0	496
2220.824069	0	496
2220.874074	0	496
2220.924079	0	496
2220.974084	0	496
2221.024089	0	496
2221.074094	0	496
2221.124099	0	496
2221.174105	0	496
2221.224110	0	496
2221.274115	0	496
2221.324120	0	496
2221.374125	0	496
2221.424129	0	496
2221.474134	0	496
2221.524139	0	496
2221.574144	0	496
2221.624149	0	496
2221.674154	0	496
2221.724159	0	496
2221.774165	0	496
2221.824170	0	496
2221.874175	0	496
2221.924180	0	496
2221.974185	0	496
2222.024189	0	496
2222.074194	0	496
2222.124199	0	496
2222.174204	0	496
2222.224209	0	496
2222.274214	0	496
2222.324219	0	496
2222.374225	0	496
2222.424230	0	496
2222.474235	0	496
2222.524240	0	496
2222.574244	0	496
2222.624249	0	496
2222.674254	0	496
2222.724259	0	496
2222.774264	0	496
2222.824269	0	496
2222.874274	0	496
2222.924280	0	496
2222.974285	0	496
2223.024290	0	496
2223.074295	0	496
2223.124300	0	496
2223.174304	0	496
2223.224309	0	496
2223.274314	0	496
2223.324319	0	496
2223.374324	0	368
2223.424329	0	128
2223.474334	0	0
2223.524340	0	0
2223.574345	0	0
2223.624350	0	0
2223.674355	0	0
2223.724360	0	0
2223.774364	0	0
2223.824369	0	0
2223.874374	0	0
2223.924379	0	0
2223.974384	0	0
2224.024389	0	0
2224.074394	0	0
2224.124400	0	0
2224.174405	0	0
2224.224410	0	0
2224.274415	0	0
2224.324419	0	0
2224.374424	0	0
2224.424429	0	0
2224.474434	0	0
2224.524439	0	0
2224.574444	0	0
2224.624449	0	144
2224.674455	0	332
2224.724460	0	480
2224.774465	0	556
2224.824470	0	744
2224.874475	0	832
2224.924479	0	1012
2224.974484	0	1104
2225.024489	0	1128
2225.074494	0	1252
2225.124499	0	1356
2225.174504	0	1488
2225.224509	-472	1620
2225.274515	-472	1668
2225.324520	-472	1692
2225.374525	-472	1704
2225.424530	-472	1712
2225.474535	-472	1712
2225.524539	-472	1712
2225.574544	-472	1712
2225.624549	-472	1712
2225.674554	-472	1712
2225.724559	-472	1712
2225.774564	-472	1712
2225.824569	-472	1712
2225.874575	-472	1712
2225.924580	-472	1712
2225.974585	-472	1724
2226.024590	-472	1724
2226.074594	-472	1724
2226.124599	-472	1724
2226.174604	-472	1752
2226.224609	-472	1752
2226.274614	-472	1764
2226.324619	-472	1764
2226.374624	-472	1772
2226.424630	-472	1772
2226.474635	-472	1776
2226.524640	-472	1776
2226.574645	-472	1776
2226.624650	-472	1776
2226.674654	-472	1776
2226.724659	-472	1776
2226.774664	-472	1776
2226.824669	-472	1776
2226.874674	-472	1776
2226.924679	-472	1776
2226.974684	-472	1776
2227.024690	-472	1776
2227.074695	-472	1788
2227.124700	-472	1804
2227.174705	-472	1804
2227.224710	-472	1804
2227.274714	-472	1812
2227.324719	-472	1816
2227.374724	-472	1836
2227.424729	-472	1836
2227.474734	-472	1844
2227.524739	-472	1844
2227.574744	-472	1856
2227.624750	-472	1860
2227.674755	-472	1876
2227.724760	-472	1900
2227.774765	-472	1924
2227.824769	-472	1932
2227.874774	-472	1940
2227.924779	-472	1952
2227.974784	-472	1952
2228.024789	-472	1964
2228.074794	-472	1968
2228.124799	-472	1968
2228.174805	-472	1976
2228.224810	-472	2008
2228.274815	-472	2032
2228.324820	-472	2032
2228.374825	-472	2032
2228.424829	-472	2032
2228.474834	-472	2032
2228.524839	-472	2052
2228.574844	-472	2052
2228.624849	-472	2052
2228.674854	-472	2052
2228.724859	-472	2052
2228.774865	-472	2052
2228.824870	-472	2052
2228.874875	-472	2052
2228.924880	-472	2052
2228.974885	-472	2052
2229.024889	-472	2052
2229.074894	-472	2052
2229.124899	-472	2052
2229.174904	-472	2052
2229.224909	-472	2052
2229.274914	-472	2052
2229.323919	-472	2052
2229.373924	-472	2052
2229.423929	-472	2052
2229.473934	-472	2052
2229.523939	-472	2052
2229.573945	-472	2052
2229.623950	-472	2052
2229.673954	-472	2052
2229.723959	-472	2052
2229.773964	-472	2052
2229.823969	-472	2052
2229.873974	-472	2052
2229.923979	-472	2052
2229.973984	-472	2052
2230.023989	-472	2052
2230.073994	-472	2052
2230.124000	-472	2052
2230.174005	-472	2052
2230.224010	-472	2052
2230.274014	-472	2052
2230.324019	-472	2052
2230.374024	-472	2052
2230.424029	-472	2052
2230.474034	-472	2052
2230.524039	-472	2052
2230.574044	-472	2052
2230.624049	-472	2052
2230.674054	-472	2052
2230.724060	-472	2052
2230.774065	-472	2052
2230.824069	-472	2052
2230.874074	-472	2052
2230.924079	-472	2052
2230.974084	-472	2052
2231.024089	-472	2052
2231.074094	-472	2052
2231.124099	-472	2052
2231.174104	-472	2052
2231.224109	-472	2052
2231.274114	-472	2052
2231.324120	-472	2052
2231.374125	-472	2052
2231.424129	-472	2052
2231.474134	-472	2052
2231.524139	-472	2052
2231.574144	-472	2052
2231.624149	-472	2052
2231.674154	-472	2052
2231.724159	-472	2052
2231.774164	-472	2052
2231.824169	-472	2052
2231.874175	-472	2052
2231.924180	-472	2052
2231.974185	-472	2052
2232.024189	-472	2052
2232.074194	-472	2052
2232.124199	-472	2052
2232.174204	-472	2052
2232.224209	-472	2052
2232.274214	-472	2052
2232.324219	-472	2052
2232.374224	-472	2052
2232.424229	-472	2052
2232.474235	-472	2052
2232.524240	-472	2052
2232.574244	-472	2052
2232.624249	-472	2052
2232.674254	-472	2052
2232.724259	-472	2052
2232.774264	-472	2052
2232.824269	-472	2052
2232.874274	-472	2052
2232.924279	-472	2052
2232.974284	-472	2052
2233.024289	-472	2052
2233.074295	-472	2052
2233.124300	-472	2052
2233.174304	-472	2052
2233.224309	-472	2052
2233.274314	-472	2052
2233.324319	-472	2052
2233.374324	-472	2052
2233.424329	-472	2052
2233.474334	-472	2052
2233.524339	-472	2052
2233.574344	-472	2052
2233.624350	-472	2052
2233.674355	-472	2048
2233.724360	-472	2048
2233.774364	-472	2048
2233.824369	-472	2048
2233.874374	-472	2040
2233.924379	-472	2040
2233.974384	-472	2040
2234.024389	-472	2040
2234.074394	-472	2036
2234.124399	-472	2036
2234.174404	-472	2028
2234.224410	-472	2028
2234.274415	-472	2028
2234.324419	-472	2028
2234.374424	-472	2028
2234.424429	-472	2028
2234.474434	-472	2028
2234.524439	-472	2028
2234.574444	-472	2028
2234.624449	-472	2028
2234.674454	-472	2028
2234.724459	-472	2028
2234.774464	-472	2028
2234.824470	-472	2028
2234.874475	-472	2028
2234.924479	-472	2028
2234.974484	-472	2028
2235.024489	-472	2028
2235.074494	-472	2028
2235.124499	-472	2028
2235.174504	-472	2028
2235.224509	-472	2028
2235.274514	-472	2028
2235.324519	-472	2028
2235.374525	-472	2028
2235.424530	-472	2028
2235.474535	-472	2028
2235.524539	-472	2028
2235.574544	-472	2028
2235.624549	-472	2028
2235.674554	-472	2028
2235.724559	-472	2024
2235.774564	-472	2024
2235.824569	-472	2024
2235.874574	-472	2024
2235.924579	-472	2024
2235.974585	-472	2016
2236.024590	-472	2008
2236.074594	-472	2008
2236.124599	-472	2008
2236.174604	-472	1996
2236.224609	-472	1996
2236.274614	-472	1996
2236.324619	-472	1996
2236.374624	-472	1996
2236.424629	-472	1988
2236.474634	-472	1988
2236.524639	-472	1988
2236.574645	-472	1988
2236.624650	-472	1988
2236.674654	-472	1988
2236.724659	-472	1988
2236.774664	-472	1988
2236.824669	-472	1988
2236.874674	-472	1988
2236.924679	-472	1988
2236.974684	-472	1988
2237.024689	-472	1988
2237.074694	-472	1988
2237.124700	-472	1988
2237.174705	-472	1988
2237.224710	-472	1988
2237.274714	-472	1988
2237.324719	-472	1988
2237.374724	-472	1988
2237.424729	-472	1988
2237.474734	-472	1988
2237.524739	-472	1988
2237.574744	-472	1988
2237.624749	-472	1988
2237.674754	-472	1988
2237.724760	-472	1988
2237.774765	-472	1988
2237.824769	-472	1988
2237.874774	-472	1988
2237.924779	-472	1988
2237.974784	-472	1988
2238.024789	-472	1988
2238.074794	-472	1988
2238.124799	-472	1988
2238.174804	-472	1988
2238.224809	-472	1988
2238.274814	-472	1988
2238.324820	-472	1988
2238.374825	-472	1988
2238.424829	-472	1988
2238.474834	-472	1988
2238.524839	-472	1988
2238.574844	-472	1988
2238.624849	-472	1988
2238.674854	-472	1988
2238.724859	-472	1988
2238.774864	-472	1988
2238.824869	-472	1988
2238.874875	-472	1988
2238.924880	-472	1988
2239.013888	-472	1988
2239.105897	-472	1988
2239.125899	-472	1988
2239.197906	-472	1988
2239.225909	-472	1988
2239.275915	-472	1988
2239.325920	-472	1988
2239.376925	-472	1988
2239.425930	-472	1988
2239.475935	-472	1988
2239.525939	-472	1988
2239.575944	-472	1988
2239.625949	-472	1988
2239.675954	-472	1988
2239.725959	-472	1988
2239.775964	-472	1988
2239.825970	-472	1988
2239.875975	-472	1988
2239.925980	-472	1988
2239.975985	-472	1988
2240.025990	-472	1988
2240.075994	-472	1988
2240.125999	-472	1988
2240.176004	-472	1988
2240.226009	-472	1988
2240.276014	-472	1988
2240.326019	-472	1988
2240.376024	-472	1988
2240.426030	-472	1988
2240.476035	-472	1988
2240.526040	-472	1988
2240.576045	-472	1988
2240.626050	-472	1988
2240.676054	-472	1988
2240.726059	-472	1988
2240.776064	-472	1988
2240.826069	-472	1964
2240.877075	-472	1964
2240.926079	-472	1964
2240.976084	-472	1960
2241.026090	-472	1960
2241.076095	-472	1956
2241.126100	-472	1956
2241.176105	-472	1956
2241.226110	-472	1952
2241.276114	-472	1952
2241.326119	-472	1952
2241.376124	-472	1944
2241.426129	-472	1944
2241.476134	-472	1944
2241.526139	-472	1944
2241.576145	-472	1944
2241.626150	-472	1944
2241.676155	-472	1944
2241.726160	-472	1944
2241.776165	-472	1944
2241.826169	-472	1944
2241.876174	-472	1944
2241.926179	-472	1944
2241.976184	-472	1944
2242.026189	-472	1944
2242.076194	-472	1944
2242.126199	-472	1944
2242.176205	-472	1944
2242.226210	-472	1944
2242.276215	-472	1944
2242.326220	-472	1944
2242.376225	-472	1944
2242.426229	-472	1944
2242.476234	-472	1944
2242.526239	-472	1944
2242.576244	-472	1944
2242.626249	-472	1944
2242.676254	-472	1944
2242.726259	-472	1944
2242.776265	-472	1944
2242.826270	-472	1944
2242.876275	-472	1944
2242.926280	-472	1944
2242.976285	-472	1944
2243.026289	-472	1944
2243.076294	-472	1944
2243.126299	-472	1944
2243.176304	-472	1944
2243.226309	-472	1944
2243.276314	-472	1944
2243.326320	-472	1944
2243.376325	-472	1944
2243.426330	-472	1944
2243.476335	-472	1944
2243.526340	-472	1944
2243.576344	-472	1944
2243.626349	-472	1944
2243.676354	-472	1944
2243.726359	-472	1944
2243.776364	-472	1944
2243.826369	-472	1944
2243.876374	-472	1944
2243.926380	-472	1944
2243.976385	-472	1944
2244.026390	-472	1944
2244.076395	-472	1944
2244.126400	-472	1944
2244.176404	-472	1944
2244.226409	-472	1944
2244.276414	-472	1944
2244.326419	-472	1944
2244.376424	-472	1944
2244.426429	-472	1944
2244.476434	-472	1944
2244.526440	-472	1944
2244.576445	-472	1944
2244.626450	-472	1944
2244.676455	-472	1944
2244.726460	-472	1944
2244.776464	-472	1944
2244.826469	-472	1944
2244.876474	-472	1944
2244.926479	-472	1944
2244.976484	-472	1944
2245.026489	-472	1944
2245.076495	-472	1944
2245.126500	-472	1944
2245.176505	-472	1944
2245.226510	-472	1944
2245.276515	-472	1944
2245.326519	-472	1944
2245.377524	-472	1944
2245.426529	-472	1944
2245.476534	-472	1944
2245.526539	-472	1944
2245.576544	-472	1944
2245.626549	-472	1944
2245.676555	-472	1944
2245.726560	-472	1944
2245.776565	-472	1944
2245.826570	-472	1944
2245.876575	-472	1944
2245.926579	-472	1944
2245.976584	-472	1944
2246.026589	-472	1944
2246.076594	-472	1944
2246.126599	-472	1944
2246.176604	-472	1944
2246.226609	-472	1944
2246.276615	-472	1944
2246.326620	-472	1944
2246.376625	-472	1944
2246.426630	-472	1944
2246.476635	-472	1944
2246.526639	-472	1944
2246.576644	-472	1944
2246.626649	-472	1944
2246.676654	-472	1944
2246.726659	-472	1944
2246.775664	-472	1944
2246.825669	-472	1944
2246.875674	-472	1944
2246.925679	-472	1944
2246.975684	-472	1944
2247.025689	-472	1944
2247.075695	-472	1944
2247.125700	-472	1944
2247.175704	-472	1944
2247.225709	-472	1952
2247.275714	-472	1968
2247.325719	-472	1992
2247.377725	-472	2020
2247.425729	-472	2036
2247.475734	-472	2064
2247.525739	-472	2096
2247.575744	-472	2124
2247.625750	-472	2144
2247.675755	-472	2156
2247.725760	-472	2172
2247.775764	-472	2204
2247.825769	-472	2212
2247.875774	-472	2220
2247.925779	-472	2224
2247.975784	-472	2260
2248.025789	-472	2260
2248.075794	-472	2272
2248.125799	-472	2272
2248.175804	-472	2272
2248.225810	-472	2272
2248.275815	-472	2272
2248.325819	-472	2280
2248.377825	-472	2316
2248.425829	-472	2316
2248.475834	-472	2324
2248.525839	-472	2336
2248.575844	-472	2344
2248.625849	-472	2388
2248.675854	-472	2388
2248.725859	-472	2388
2248.775864	-472	2412
2248.825870	-472	2416
2248.877874	-472	2424
2248.925879	-472	2424
2248.975884	-472	2424
2249.025889	-472	2424
2249.075894	-472	2424
2249.125899	-472	2424
2249.175904	-472	2424
2249.225909	-472	2424
2249.275914	-472	2424
2249.325919	-472	2424
2249.375925	-472	2424
2249.425930	-472	2424
2249.475935	-472	2424
2249.525939	-472	2428
2249.575944	-472	2428
2249.625949	-472	2432
2249.675954	-472	2432
2249.725959	-472	2436
2249.775964	-472	2436
2249.825969	-472	2440
2249.875974	-472	2440
2249.925979	-472	2440
2249.975985	-472	2440
2250.025990	-472	2440
2250.075994	-472	2440
2250.125999	-472	2440
2250.176004	-472	2440
2250.226009	-472	2440
2250.276014	-472	2440
2250.326019	-472	2440
2250.376024	-472	2440
2250.426029	-472	2440
2250.476034	-472	2440
2250.526039	-472	2452
2250.576045	-472	2468
2250.626050	-472	2476
2250.676054	-472	2488
2250.726059	-472	2500
2250.776064	-472	2500
2250.826069	-472	2500
2250.876074	-472	2504
2250.926079	-472	2504
2250.976084	-472	2504
2251.026089	-472	2504
2251.076094	-472	2504
2251.126100	-472	2504
2251.176105	-472	2504
2251.226110	-472	2504
2251.276114	-472	2504
2251.326119	-472	2504
2251.376124	-472	2504
2251.426129	-472	2504
2251.476134	-472	2504
2251.526139	-472	2504
2251.576144	-472	2504
2251.626149	-472	2508
2251.676154	-472	2508
2251.726160	-472	2532
2251.776165	-472	2536
2251.826169	-472	2552
2251.876174	-472	2552
2251.926179	-472	2608
2251.976184	-472	2612
2252.026189	-472	2660
2252.076194	-472	2672
2252.126199	-472	2688
2252.176204	-472	2688
2252.226209	-472	2712
2252.276214	-472	2732
2252.326220	-472	2796
2252.376225	-472	2796
2252.426229	-472	2796
2252.476234	-472	2812
2252.526239	-472	2812
2252.576244	-472	2824
2252.626249	-472	2824
2252.676254	-472	2824
2252.726259	-472	2824
2252.776264	-472	2824
2252.826269	-472	2824
2252.876275	-472	2824
2252.926280	-472	2824
2252.976285	-472	2824
2253.026289	-472	2824
2253.076294	-472	2824
2253.126299	-472	2824
2253.176304	-472	2824
2253.226309	-472	2824
2253.276314	-472	2824
2253.326319	-472	2824
2253.376324	-472	2824
2253.426329	-472	2824
2253.476335	-472	2824
2253.526340	-472	2824
2253.576344	-472	2824
2253.626349	-472	2824
2253.676354	-472	2824
2253.726359	-472	2824
2253.776364	-472	2824
2253.826369	-472	2824
2253.876374	-472	2824
2253.926379	-472	2824
2253.976384	-472	2824
2254.026389	-472	2824
2254.076395	-472	2824
2254.126400	-472	2824
2254.176404	-472	2824
2254.226409	-472	2824
2254.276414	-472	2824
2254.326419	-472	2824
2254.376424	-472	2824
2254.426429	-472	2824
2254.476434	-472	2824
2254.526439	-472	2824
2254.576444	-472	2824
2254.626450	-472	2824
2254.676455	-472	2824
2254.726460	-472	2824
2254.776464	-472	2824
2254.826469	-472	2824
2254.876474	-472	2824
2254.926479	-472	2824
2254.976484	-472	2824
2255.026489	-472	2824
2255.076494	-472	2824
2255.126499	-472	2824
2255.176504	-472	2824
2255.226510	-472	2824
2255.276515	-472	2824
2255.326519	-472	2824
2255.376524	-472	2824
2255.426529	-472	2824
2255.476534	-472	2824
2255.526539	-472	2824
2255.576544	-472	2824
2255.626549	-472	2824
2255.676554	-472	2824
2255.726559	-472	2824
2255.776564	-472	2824
2255.826570	-472	2824
2255.876575	-472	2824
2255.926579	-472	2824
2255.976584	-472	2824
2256.026589	-472	2824
2256.076594	-472	2824
2256.126599	-472	2824
2256.176604	-472	2824
2256.226609	-472	2824
2256.276614	-472	2824
2256.326619	-472	2824
2256.376625	-472	2824
2256.426630	-472	2824
2256.476635	-472	2824
2256.526639	-472	2824
2256.576644	-472	2824
2256.626649	-472	2824
2256.676654	-472	2824
2256.726659	-472	2824
2256.776664	-472	2824
2256.826669	-472	2824
2256.876674	-472	2824
2256.926679	-472	2824
2256.976685	-472	2824
2257.026690	-472	2824
2257.076694	-472	2824
2257.126699	-472	2824
2257.176704	-472	2824
2257.226709	-472	2824
2257.276714	-472	2824
2257.326719	-472	2824
2257.376724	-472	2824
2257.426729	-472	2824
2257.476734	-472	2824
2257.526739	-472	2824
2257.576745	-472	2824
2257.626750	-472	2824
2257.676754	-472	2824
2257.726759	-472	2824
2257.776764	-472	2824
2257.826769	-472	2824
2257.876774	-472	2824
2257.926779	-472	2824
2257.976784	-472	2824
2258.026789	-472	2824
2258.076794	-472	2824
2258.126800	-472	2824
2258.176805	-472	2824
2258.226810	-476	2824
2258.276814	-476	2824
2258.326819	-476	2824
2258.376824	-476	2824
2258.426829	-476	2824
2258.476834	-476	2824
2258.526839	-476	2824
2258.576844	-476	2824
2258.626849	-476	2824
2258.676854	-476	2824
2258.726860	-476	2824
2258.776865	-476	2824
2258.826869	-476	2824
2258.876874	-476	2824
2258.926879	-476	2824
2258.976884	-476	2824
2259.026889	-476	2824
2259.076894	-476	2824
2259.126899	-476	2824
2259.176904	-476	2824
2259.226909	-476	2824
2259.276914	-476	2824
2259.326920	-476	2824
2259.376925	-476	2824
2259.426929	-476	2824
2259.476934	-476	2824
2259.526939	-476	2824
2259.576944	-476	2824
2259.626949	-476	2824
2259.676954	-476	2824
2259.726959	-476	2824
2259.776964	-476	2824
2259.826969	-476	2824
2259.876975	-476	2824
2259.926980	-476	2824
2259.976985	-476	2824
2260.026989	-476	2824
2260.076994	-476	2824
2260.126999	-476	2824
2260.177004	-476	2824
2260.227009	-476	2824
2260.277014	-476	2824
2260.327019	-476	2824
2260.377024	-476	2824
2260.427029	-476	2824
2260.477035	-476	2824
2260.527040	-476	2824
2260.577044	-476	2824
2260.627049	-476	2824
2260.677054	-476	2824
2260.727059	-476	2824
2260.777064	-476	2836
2260.827069	-476	2836
2260.877074	-476	2836
2260.927079	-476	2844
2260.977084	-476	2844
2261.027090	-476	2844
2261.077095	-476	2860
2261.127100	-476	2860
2261.177104	-476	2860
2261.227109	-476	2876
2261.277114	-476	2876
2261.327119	-476	2884
2261.377124	-476	2896
2261.427129	-476	2896
2261.477134	-476	2896
2261.527139	-476	2896
2261.577144	-476	2912
2261.627150	-476	2912
2261.677155	-476	2912
2261.727160	-476	2912
2261.777164	-476	2912
2261.827169	-476	2912
2261.877174	-476	2912
2261.927179	-476	2912
2261.977184	-476	2944
2262.027189	-476	2944
2262.077194	-476	2952
2262.127199	-476	2988
2262.177204	-476	2988
2262.227210	-476	2988
2262.277215	-476	2988
2262.327219	-476	2988
2262.377224	-476	3032
2262.427229	-476	3032
2262.477234	-476	3040
2262.527239	-476	3056
2262.577244	-476	3076
2262.627249	-476	3076
2262.677254	-476	3100
2262.727259	-476	3116
2262.777265	-476	3116
2262.827270	-476	3116
2262.877275	-476	3116
2262.927279	-476	3116
2262.977284	-476	3116
2263.027289	-476	3116
2263.077294	-476	3116
2263.127299	-476	3116
2263.177304	-476	3116
2263.227309	-476	3116
2263.277314	-476	3116
2263.327319	-476	3116
2263.377325	-476	3144
2263.427330	-476	3196
2263.477334	-476	3196
2263.527339	-476	3200
2263.577344	-476	3224
2263.627349	-476	3256
2263.677354	-476	3296
2263.727359	-476	3300
2263.777364	-476	3336
2263.827369	-476	3348
2263.877374	-476	3368
2263.927379	-476	3404
2263.977385	-476	3404
2264.027390	-476	3404
2264.077394	-476	3436
2264.127399	-476	3456
2264.177404	-476	3456
2264.227409	-476	3472
2264.276414	-476	3500
2264.326419	-476	3512
2264.376424	-476	3524
2264.426429	-476	3548
2264.476434	-476	3568
2264.526439	-476	3576
2264.576444	-476	3592
2264.626449	-476	3592
2264.676454	-476	3592
2264.726459	-476	3612
2264.776464	-476	3612
2264.826469	-476	3612
2264.876474	-476	3612
2264.926479	-476	3612
2264.976484	-476	3612
2265.026489	-476	3612
2265.076494	-476	3612
2265.126499	-476	3612
2265.176504	-476	3612
2265.226509	-476	3612
2265.276514	-476	3620
2265.326519	-476	3636
2265.376524	-476	3652
2265.426529	-476	3684
2265.476534	-476	3700
2265.526539	-476	3704
2265.576544	-476	3728
2265.626549	-476	3736
2265.676554	-476	3736
2265.726559	-476	3736
2265.776564	-480	3736
2265.826569	-480	3736
2265.876574	-480	3736
2265.926579	-480	3736
2265.976584	-480	3736
2266.026589	-488	3736
2266.076594	-488	3736
2266.126599	-488	3736
2266.176604	-488	3736
2266.226609	-488	3736
2266.276614	-488	3736
2266.326619	-488	3736
2266.376624	-488	3736
2266.426629	-492	3736
2266.476634	-492	3736
2266.526639	-492	3736
2266.576644	-492	3744
2266.626649	-492	3744
2266.676654	-492	3748
2266.726659	-492	3748
2266.776664	-492	3748
2266.826669	-492	3752
2266.876674	-492	3772
2266.926679	-492	3776
2266.976684	-492	3776
2267.026689	-492	3776
2267.076694	-492	3776
2267.126699	-492	3796
2267.176704	-492	3804
2267.226709	-492	3856
2267.276714	-492	3860
2267.326719	-492	3908
2267.376724	-492	3936
2267.426729	-492	3964
2267.476734	-492	3996
2267.526739	-492	4036
2267.576744	-492	4044
2267.626749	-492	4060
2267.676754	-492	4092
2267.726759	-492	4124
2267.776764	-492	4128
2267.826769	-492	4148
2267.876774	-492	4156
2267.926779	-492	4180
2267.976784	-492	4184
2268.026789	-492	4208
2268.076794	-492	4240
2268.126799	-492	4240
2268.176804	-492	4240
2268.226809	-492	4240
2268.276814	-492	4240
2268.326819	-492	4240
2268.376824	-492	4240
2268.426829	-492	4240
2268.476834	-492	4240
2268.526839	-492	4240
2268.576844	-492	4240
2268.626849	-492	4252
2268.676854	-492	4268
2268.726859	-492	4268
2268.776864	-492	4272
2268.826869	-492	4300
2268.876874	-492	4300
2268.926879	-492	4304
2268.976884	-492	4304
2269.026889	-492	4320
2269.076894	-492	4328
2269.126899	-492	4328
2269.176904	-492	4356
2269.226909	-492	4356
2269.276914	-492	4356
2269.326919	-492	4356
2269.376924	-492	4372
2269.426929	-492	4372
2269.476934	-492	4372
2269.526939	-492	4380
2269.576944	-492	4380
2269.626949	-492	4388
2269.676954	-492	4388
2269.726959	-492	4388
2269.776964	-492	4400
2269.826969	-492	4412
2269.876974	-492	4420
2269.926979	-492	4440
2269.976984	-492	4468
2270.026989	-492	4468
2270.076994	-492	4468
2270.126999	-492	4484
2270.177004	-492	4488
2270.227009	-492	4488
2270.277014	-492	4488
2270.327019	-492	4492
2270.377024	-492	4504
2270.427029	-492	4504
2270.477034	-492	4544
2270.527039	-492	4544
2270.577044	-492	4544
2270.627049	-492	4544
2270.677054	-492	4544
2270.727059	-492	4544
2270.777064	-492	4548
2270.827069	-492	4548
2270.877074	-492	4556
2270.927079	-492	4556
2270.977084	-492	4556
2271.027089	-492	4600
2271.077094	-492	4600
2271.127099	-492	4608
2271.177104	-492	4608
2271.227109	-492	4608
2271.277114	-492	4624
2271.327119	-492	4624
2271.377124	-492	4624
2271.427129	-492	4648
2271.477134	-492	4664
2271.527139	-492	4680
2271.577144	-492	4704
2271.627149	-492	4736
2271.677154	-492	4772
2271.727159	-492	4784
2271.777164	-492	4812
2271.827169	-492	4860
2271.877174	-492	4884
2271.927179	-492	4904
2271.977184	-492	4908
2272.027189	-492	4944
2272.077194	-492	4952
2272.127199	-492	4968
2272.177204	-492	5004
2272.227209	-492	5024
2272.277214	-492	5040
2272.327219	-492	5040
2272.377224	-492	5076
2272.427229	-492	5088
2272.477234	-492	5100
2272.527239	-492	5100
2272.577244	-492	5124
2272.627249	-492	5128
2272.677254	-492	5144
2272.727259	-492	5164
2272.777264	-492	5172
2272.827269	-492	5192
2272.877274	-492	5192
2272.927279	-492	5196
2272.977284	-492	5220
2273.027289	-492	5220
2273.077294	-492	5224
2273.127299	-492	5224
2273.177304	-492	5224
2273.227309	-492	5224
2273.277314	-492	5224
2273.327319	-492	5224
2273.377324	-492	5224
2273.427329	-492	5224
2273.477334	-492	5224
2273.527339	-492	5240
2273.577344	-492	5240
2273.627349	-492	5240
2273.677354	-492	5240
2273.727359	-492	5240
2273.777364	-492	5240
2273.827369	-492	5240
2273.877374	-492	5240
2273.927379	-492	5240
2273.977384	-492	5240
2274.027389	-492	5240
2274.077394	-492	5240
2274.127399	-492	5240
2274.177404	-492	5240
2274.227409	-492	5240
2274.277414	-492	5240
2274.327419	-492	5240
2274.377424	-492	5240
2274.427429	-492	5240
2274.477434	-492	5240
2274.527439	-492	5240
2274.577444	-492	5240
2274.627449	-492	5240
2274.677454	-492	5240
2274.727459	-492	5240
2274.777464	-492	5240
2274.827469	-492	5240
2274.877474	-492	5240
2274.927479	-492	5240
2274.978484	-492	5240
2275.027489	-492	5240
2275.077494	-492	5240
2275.127499	-492	5240
2275.177504	-492	5240
2275.227509	-492	5248
2275.277514	-492	5264
2275.327519	-492	5288
2275.377524	-492	5308
2275.427529	-492	5320
2275.477534	-492	5324
2275.527539	-492	5340
2275.577544	-492	5356
2275.627549	-492	5404
2275.677554	-492	5440
2275.727559	-492	5440
2275.777564	-492	5456
2275.827569	-492	5456
2275.877574	-492	5456
2275.927579	-492	5456
2275.977584	-492	5456
2276.027589	-492	5456
2276.077594	-492	5456
2276.127599	-492	5456
2276.177604	-492	5456
2276.227609	-492	5456
2276.277614	-492	5456
2276.327619	-492	5456
2276.377624	-496	5456
2276.427629	-496	5456
2276.477634	-508	5456
2276.527639	-508	5456
2276.577644	-508	5456
2276.627649	-508	5456
2276.677654	-508	5456
2276.727659	-508	5456
2276.777664	-508	5456
2276.827669	-508	5456
2276.877674	-508	5456
2276.927679	-512	5456
2276.977684	-512	5456
2277.027689	-512	5456
2277.077694	-512	5456
2277.127699	-512	5456
2277.177704	-512	5456
2277.227709	-512	5456
2277.277714	-512	5456
2277.327719	-512	5456
2277.377724	-512	5456
2277.427729	-512	5456
2277.477734	-512	5456
2277.527739	-524	5456
2277.577744	-524	5456
2277.627749	-524	5456
2277.677754	-524	5456
2277.727759	-524	5456
2277.777764	-524	5456
2277.827769	-524	5456
2277.877774	-524	5456
2277.927779	-524	5456
2277.977784	-524	5456
2278.027789	-524	5456
2278.077794	-524	5456
2278.127799	-524	5456
2278.177804	-524	5456
2278.227809	-540	5456
2278.277814	-540	5456
2278.327819	-540	5456
2278.377824	-544	5456
2278.427829	-544	5456
2278.477834	-548	5456
2278.527839	-548	5456
2278.577844	-548	5456
2278.627849	-548	5456
2278.677854	-548	5456
2278.727859	-548	5456
2278.777864	-548	5456
2278.827869	-548	5456
2278.877874	-548	5456
2278.927879	-548	5456
2278.977884	-548	5456
2279.027889	-548	5456
2279.077894	-548	5456
2279.127899	-548	5456
2279.177904	-548	5456
2279.227909	-548	5456
2279.277914	-548	5456
2279.327919	-548	5456
2279.377924	-548	5456
2279.427929	-552	5456
2279.477934	-552	5456
2279.527939	-552	5456
2279.577944	-552	5456
2279.627949	-552	5456
2279.677954	-552	5456
2279.727959	-552	5456
2279.777964	-552	5456
2279.827969	-552	5456
2279.877974	-552	5456
2279.927979	-552	5456
2279.977984	-552	5456
2280.027989	-552	5456
2280.077994	-552	5456
2280.127999	-584	5456
2280.178004	-584	5456
2280.228009	-584	5456
2280.278014	-584	5456
2280.328019	-584	5456
2280.378024	-584	5456
2280.428029	-584	5456
2280.478034	-584	5456
2280.528039	-584	5456
2280.578044	-584	5456
2280.628049	-584	5456
2280.678054	-584	5456
2280.728059	-584	5456
2280.778064	-584	5456
2280.828069	-584	5456
2280.878074	-584	5456
2280.928079	-584	5456
2280.978084	-584	5456
2281.028089	-584	5456
2281.078094	-584	5456
2281.128099	-584	5456
2281.178104	-584	5456
2281.228109	-584	5456
2281.278114	-584	5456
2281.328119	-584	5456
2281.378124	-584	5456
2281.428129	-584	5456
2281.478134	-584	5456
2281.528139	-584	5456
2281.578144	-584	5456
2281.628149	-584	5456
2281.678154	-584	5456
2281.728159	-584	5456
2281.777164	-584	5456
2281.827169	-584	5456
2281.877174	-584	5456
2281.927179	-584	5456
2281.977184	-584	5456
2282.027189	-584	5456
2282.077194	-584	5456
2282.127199	-592	5456
2282.177204	-592	5456
2282.227209	-592	5456
2282.277214	-592	5456
2282.327219	-592	5456
2282.377224	-592	5456
2282.427229	-604	5456
2282.477234	-604	5456
2282.527239	-604	5456
2282.577244	-604	5456
2282.627249	-604	5456
2282.677254	-604	5456
2282.727259	-604	5456
2282.777264	-604	5456
2282.827269	-604	5456
2282.877274	-604	5456
2282.927279	-604	5456
2282.977284	-604	5456
2283.027289	-604	5456
2283.077294	-604	5456
2283.127299	-608	5456
2283.177304	-608	5456
2283.227309	-608	5456
2283.277314	-608	5456
2283.327319	-608	5456
2283.377324	-608	5456
2283.427329	-608	5456
2283.477334	-608	5456
2283.527339	-608	5456
2283.577344	-608	5456
2283.627349	-608	5456
2283.677354	-612	5456
2283.727359	-612	5456
2283.777364	-612	5456
2283.827369	-612	5456
2283.877374	-612	5456
2283.927379	-612	5456
2283.977384	-612	5456
2284.027389	-612	5456
2284.077394	-612	5456
2284.127399	-612	5456
2284.177404	-612	5456
2284.227409	-612	5456
2284.277414	-612	5456
2284.327419	-612	5456
2284.377424	-612	5456
2284.427429	-612	5456
2284.477434	-628	5456
2284.527439	-628	5456
2284.577444	-628	5456
2284.627449	-628	5456
2284.677454	-628	5456
2284.727459	-628	5456
2284.777464	-628	5456
2284.827469	-628	5456
2284.877474	-628	5456
2284.927479	-628	5456
2284.977484	-628	5456
2285.027489	-628	5456
2285.077494	-628	5456
2285.127499	-628	5456
2285.177504	-628	5456
2285.313518	-640	5456
2285.327519	-640	5456
2285.377524	-640	5456
2285.427529	-640	5456
2285.499537	-640	5456
2285.527539	-640	5456
2285.577544	-640	5456
2285.627549	-640	5456
2285.677554	-640	5456
2285.727559	-640	5456
2285.777564	-640	5456
2285.827569	-640	5456
2285.877574	-640	5456
2285.927579	-640	5456
2285.977584	-640	5456
2286.027589	-640	5456
2286.077594	-640	5456
2286.127599	-640	5456
2286.177604	-640	5456
2286.227609	-640	5456
2286.277614	-640	5456
2286.327619	-640	5456
2286.377624	-640	5456
2286.427629	-640	5456
2286.477634	-640	5456
2286.527639	-640	5456
2286.577644	-640	5456
2286.627649	-640	5456
2286.677654	-640	5456
2286.727659	-640	5456
2286.777664	-640	5456
2286.827669	-640	5456
2286.877674	-640	5456
2286.927679	-640	5456
2286.977684	-640	5456
2287.027689	-640	5456
2287.077694	-640	5456
2287.127699	-640	5456
2287.177704	-640	5456
2287.227709	-640	5456
2287.277714	-640	5456
2287.327719	-640	5456
2287.377724	-640	5456
2287.427729	-640	5456
2287.477734	-640	5456
2287.527739	-640	5456
2287.577744	-640	5456
2287.627749	-640	5456
2287.677754	-640	5456
2287.727759	-640	5456
2287.777764	-640	5456
2287.827769	-640	5456
2287.877774	-640	5456
2287.927779	-640	5456
2287.977784	-640	5456
2288.027789	-640	5456
2288.077794	-640	5456
2288.127799	-640	5456
2288.177804	-640	5456
2288.227809	-640	5456
2288.277814	-640	5456
2288.327819	-640	5456
2288.377824	-640	5456
2288.427829	-640	5456
2288.477834	-640	5456
2288.527839	-640	5456
2288.577844	-640	5456
2288.627849	-640	5456
2288.677854	-640	5456
2288.727859	-640	5456
2288.777864	-640	5456
2288.827869	-640	5456
2288.877874	-640	5456
2288.927879	-640	5456
2288.977884	-640	5456
2289.027889	-640	5456
2289.077894	-640	5456
2289.127899	-640	5456
2289.177904	-640	5456
2289.227909	-640	5456
2289.277914	-640	5456
2289.327919	-640	5456
2289.377924	-640	5456
2289.427929	-640	5456
2289.477934	-640	5456
2289.527939	-640	5456
2289.577944	-640	5456
2289.627949	-640	5456
2289.677954	-640	5456
2289.727959	-640	5456
2289.777964	-640	5456
2289.827969	-640	5456
2289.877974	-640	5456
2289.927979	-640	5456
2289.977984	-640	5456
2290.027989	-640	5456
2290.077994	-640	5456
2290.127999	-640	5456
2290.178004	-640	5456
2290.228009	-640	5456
2290.278014	-640	5456
2290.328019	-640	5456
2290.378024	-640	5456
2290.428029	-640	5456
2290.478034	-640	5456
2290.528039	-640	5456
2290.578044	-640	5456
2290.628049	-640	5456
2290.678054	-640	5456
2290.728059	-640	5456
2290.778064	-640	5456
2290.828069	-640	5456
2290.878074	-640	5456
2290.928079	-640	5456
2290.978084	-640	5456
2291.028089	-640	5456
2291.078094	-640	5456
2291.128099	-640	5456
2291.178104	-640	5456
2291.228109	-640	5456
2291.278114	-640	5456
2291.328119	-640	5488
2291.378124	-640	5508
2291.428129	-640	5564
2291.478134	-652	5568
2291.528139	-656	5584
2291.578144	-656	5624
2291.628149	-656	5628
2291.678154	-656	5664
2291.728159	-656	5692
2291.778164	-656	5720
2291.828169	-656	5784
2291.878174	-656	5868
2291.928179	-664	5928
2291.978184	-664	5980
2292.028189	-664	6024
2292.078194	-668	6072
2292.128199	-668	6080
2292.178204	-668	6092
2292.228209	-696	6108
2292.278214	-696	6108
2292.328219	-696	6132
2292.378224	-708	6144
2292.428229	-708	6144
2292.478234	-708	6152
2292.528239	-708	6176
2292.578244	-708	6176
2292.628249	-708	6188
2292.678254	-708	6188
2292.728259	-708	6192
2292.778264	-708	6208
2292.828269	-708	6208
2292.878274	-708	6224
2292.928279	-708	6240
2292.978284	-708	6240
2293.028289	-708	6260
2293.078294	-708	6272
2293.128299	-708	6280
2293.178304	-708	6344
2293.228309	-708	6380
2293.278314	-716	6392
2293.328319	-716	6432
2293.378324	-720	6484
2293.428329	-736	6504
2293.478334	-736	6516
2293.528339	-736	6528
2293.578344	-736	6580
2293.628349	-736	6588
2293.678354	-736	6612
2293.728359	-736	6656
2293.778364	-736	6712
2293.828369	-736	6740
2293.878374	-736	6772
2293.928379	-736	6796
2293.978384	-736	6820
2294.028389	-736	6844
2294.078394	-736	6876
2294.128399	-736	6876
2294.178404	-744	6880
2294.228409	-744	6904
2294.278414	-744	6928
2294.328419	-772	6940
2294.378424	-772	6964
2294.428429	-772	6972
2294.478434	-772	7020
2294.528439	-772	7020
2294.578444	-772	7064
2294.628449	-800	7116
2294.678454	-800	7156
2294.728459	-800	7168
2294.778464	-800	7192
2294.828469	-800	7224
2294.878474	-800	7232
2294.928479	-800	7236
2294.978484	-800	7256
2295.028489	-800	7268
2295.078494	-812	7284
2295.128499	-812	7312
2295.178504	-812	7312
2295.228509	-812	7328
2295.278514	-824	7352
2295.328519	-824	7352
2295.378524	-824	7352
2295.428529	-824	7352
2295.478534	-824	7364
2295.528539	-824	7368
2295.601546	-824	7368
2295.655552	-824	7376
2295.678554	-824	7380
2295.728559	-824	7392
2295.778564	-824	7400
2295.828569	-824	7420
2295.878574	-840	7432
2295.928579	-840	7432
2295.978584	-840	7432
2296.028589	-840	7448
2296.078594	-840	7448
2296.128599	-840	7484
2296.178604	-840	7484
2296.228609	-840	7520
2296.278614	-840	7520
2296.328619	-840	7520
2296.378624	-840	7540
2296.428629	-840	7540
2296.478634	-840	7556
2296.528639	-840	7556
2296.578644	-840	7556
2296.628649	-840	7556
2296.678654	-840	7580
2296.728659	-840	7580
2296.778664	-852	7580
2296.828669	-852	7580
2296.878674	-852	7584
2296.928679	-852	7584
2296.978684	-852	7584
2297.028689	-852	7584
2297.078694	-852	7584
2297.128699	-852	7584
2297.178704	-852	7584
2297.228709	-852	7584
2297.278714	-852	7584
2297.328719	-852	7584
2297.378724	-852	7584
2297.428729	-852	7584
2297.478734	-860	7584
2297.528739	-860	7584
2297.578744	-860	7584
2297.628749	-860	7584
2297.678754	-860	7584
2297.728759	-860	7584
2297.778764	-860	7584
2297.828769	-860	7584
2297.878774	-860	7584
2297.928779	-860	7584
2297.978784	-860	7584
2298.028789	-860	7584
2298.078794	-860	7584
2298.128799	-860	7584
2298.178804	-860	7584
2298.228809	-860	7584
2298.278814	-860	7584
2298.328819	-860	7584
2298.378824	-860	7584
2298.428829	-860	7584
2298.478834	-860	7584
2298.528839	-860	7584
2298.578844	-860	7584
2298.628849	-860	7584
2298.678854	-860	7584
2298.728859	-860	7584
2298.778864	-860	7584
2298.828869	-860	7584
2298.878874	-860	7584
2298.928879	-860	7584
2298.978884	-860	7584
2299.028889	-860	7584
2299.078894	-860	7584
2299.128899	-860	7584
2299.178904	-860	7588
2299.227909	-860	7588
2299.277914	-860	7588
2299.327919	-860	7592
2299.377924	-860	7592
2299.427929	-860	7592
2299.477934	-860	7600
2299.527939	-860	7600
2299.577944	-860	7600
2299.627949	-860	7620
2299.677954	-860	7620
2299.727959	-860	7620
2299.777964	-860	7620
2299.827969	-860	7620
2299.877974	-860	7620
2299.927979	-860	7624
2299.977984	-860	7636
2300.027989	-860	7648
2300.077994	-860	7676
2300.127999	-860	7708
2300.178004	-860	7724
2300.228009	-860	7744
2300.278014	-860	7832
2300.328019	-860	7888
2300.378024	-860	7928
2300.428029	-860	7968
2300.478034	-860	7976
2300.528039	-860	7992
2300.578044	-860	7996
2300.628049	-860	7996
2300.678054	-860	8020
2300.728059	-860	8024
2300.778064	-860	8024
2300.828069	-860	8024
2300.878074	-860	8028
2300.928079	-860	8052
2300.978084	-860	8064
2301.028089	-860	8080
2301.078094	-860	8084
2301.128099	-860	8108
2301.178104	-860	8152
2301.228109	-860	8164
2301.278114	-868	8216
2301.328119	-868	8248
2301.378124	-884	8272
2301.428129	-900	8316
2301.478134	-920	8340
2301.528139	-920	8384
2301.578144	-928	8420
2301.628149	-956	8440
2301.678154	-956	8456
2301.728159	-956	8500
2301.778164	-956	8524
2301.828169	-956	8568
2301.878174	-956	8592
2301.928179	-976	8644
2301.978184	-984	8676
2302.028189	-996	8712
2302.078194	-996	8776
2302.128199	-996	8816
2302.178204	-996	8864
2302.228209	-1004	8900
2302.278214	-1008	8940
2302.328219	-1012	8956
2302.378224	-1052	8996
2302.428229	-1052	9036
2302.478234	-1052	9060
2302.528239	-1068	9116
2302.578244	-1068	9140
2302.628249	-1068	9212
2302.678254	-1068	9264
2302.728259	-1092	9280
2302.778264	-1116	9316
2302.828269	-1116	9348
2302.878274	-1116	9408
2302.928279	-1116	9468
2302.978284	-1136	9536
2303.028289	-1164	9652
2303.078294	-1200	9700
2303.128299	-1208	9772
2303.178304	-1224	9848
2303.228309	-1224	9896
2303.278314	-1224	9908
2303.328319	-1236	9928
2303.378324	-1236	9928
2303.428329	-1244	9940
2303.478334	-1244	9940
2303.528339	-1244	9940
2303.578344	-1244	9940
2303.628349	-1244	9940
2303.678354	-1244	9940
2303.728359	-1244	9940
2303.778364	-1244	9940
2303.828369	-1244	9940
2303.878374	-1244	9948
2303.928379	-1244	9996
2303.978384	-1244	10044
2304.028389	-1244	10076
2304.078394	-1244	10120
2304.128399	-1244	10144
2304.178404	-1244	10160
2304.228409	-1244	10168
2304.278414	-1244	10168
2304.328419	-1244	10168
2304.378424	-1244	10172
2304.428429	-1244	10176
2304.478434	-1244	10180
2304.528439	-1244	10180
2304.578444	-1244	10180
2304.628449	-1244	10180
2304.678454	-1244	10188
2304.728459	-1244	10188
2304.778464	-1244	10188
2304.828469	-1244	10188
2304.878474	-1244	10188
2304.940480	-1244	10192
2304.978484	-1244	10192
2305.028489	-1244	10192
2305.078494	-1244	10192
2305.128499	-1244	10192
2305.178504	-1244	10192
2305.228509	-1244	10192
2305.278514	-1244	10192
2305.328519	-1244	10192
2305.378524	-1244	10192
2305.428529	-1244	10192
2305.478534	-1244	10192
2305.528539	-1244	10192
2305.578544	-1244	10192
2305.628549	-1244	10192
2305.678554	-1244	10192
2305.728559	-1244	10192
2305.782565	-1244	10192
2305.828569	-1244	10192
2305.878574	-1244	10192
2305.928579	-1244	10192
2305.978584	-1244	10192
2306.028589	-1244	10192
2306.078594	-1244	10192
2306.128599	-1244	10192
2306.178604	-1244	10192
2306.228609	-1244	10192
2306.278614	-1244	10192
2306.328619	-1244	10192
2306.378624	-1244	10192
2306.428629	-1244	10192
2306.478634	-1244	10192
2306.528639	-1244	10192
2306.578644	-1244	10192
2306.628649	-1244	10192
2306.678654	-1244	10192
2306.728659	-1244	10192
2306.778664	-1244	10192
2306.828669	-1244	10192
2306.878674	-1244	10192
2306.928679	-1244	10192
2306.978684	-1244	10192
2307.028689	-1244	10192
2307.078694	-1244	10192
2307.128699	-1244	10192
2307.178704	-1244	10192
2307.228709	-1244	10192
2307.278714	-1244	10192
2307.328719	-1244	10192
2307.378724	-1244	10192
2307.428729	-1244	10192
2307.478734	-1244	10192
2307.528739	-1244	10192
2307.578744	-1244	10192
2307.628749	-1244	10192
2307.678754	-1244	10192
2307.728759	-1244	10192
2307.778764	-1244	10192
2307.828769	-1244	10192
2307.878774	-1244	10192
2307.928779	-1244	10196
2307.978784	-1244	10204
2308.028789	-1244	10204
2308.078794	-1244	10208
2308.128799	-1244	10220
2308.178804	-1244	10220
2308.228809	-1244	10220
2308.278814	-1244	10220
2308.328819	-1244	10228
2308.378824	-1244	10228
2308.428829	-1244	10232
2308.478834	-1244	10240
2308.528839	-1244	10252
2308.578844	-1244	10256
2308.628849	-1244	10256
2308.678854	-1244	10268
2308.728859	-1244	10276
2308.778864	-1244	10276
2308.828869	-1244	10296
2308.878874	-1244	10300
2308.928879	-1244	10300
2308.978884	-1244	10300
2309.028889	-1244	10300
2309.078894	-1244	10300
2309.128899	-1244	10312
2309.178904	-1244	10336
2309.228909	-1244	10336
2309.278914	-1244	10336
2309.328919	-1244	10336
2309.378924	-1244	10336
2309.428929	-1244	10336
2309.478934	-1244	10336
2309.528939	-1244	10336
2309.578944	-1244	10344
2309.628949	-1244	10344
2309.678954	-1244	10344
2309.728959	-1244	10348
2309.778964	-1244	10348
2309.828969	-1244	10348
2309.878974	-1244	10348
2309.928979	-1244	10348
2309.978984	-1244	10348
2310.028989	-1244	10348
2310.078994	-1244	10348
2310.128999	-1244	10348
2310.179004	-1244	10348
2310.229009	-1244	10348
2310.279014	-1244	10348
2310.329019	-1244	10348
2310.379024	-1244	10348
2310.429029	-1244	10348
2310.479034	-1244	10348
2310.529039	-1244	10348
2310.579044	-1244	10348
2310.629049	-1244	10348
2310.679054	-1244	10348
2310.729059	-1244	10348
2310.779064	-1244	10348
2310.829069	-1244	10348
2310.879074	-1244	10348
2310.929079	-1244	10348
2310.979084	-1244	10348
2311.029089	-1244	10348
2311.079094	-1244	10348
2311.129099	-1244	10348
2311.179104	-1244	10348
2311.229109	-1244	10348
2311.279114	-1244	10348
2311.329119	-1244	10348
2311.379124	-1244	10348
2311.429129	-1244	10348
2311.479134	-1244	10348
2311.529139	-1244	10348
2311.579144	-1244	10348
2311.629149	-1244	10352
2311.679154	-1244	10360
2311.729159	-1244	10360
2311.779164	-1244	10372
2311.829169	-1244	10416
2311.879174	-1244	10416
2311.929179	-1244	10416
2311.979184	-1244	10416
2312.029189	-1244	10424
2312.079194	-1244	10424
2312.129199	-1244	10448
2312.179204	-1244	10448
2312.229209	-1244	10448
2312.279214	-1244	10448
2312.329219	-1244	10448
2312.379224	-1244	10452
2312.429229	-1244	10452
2312.479234	-1244	10452
2312.529239	-1244	10452
2312.579244	-1244	10452
2312.629249	-1244	10452
2312.679254	-1244	10452
2312.729259	-1244	10456
2312.779264	-1244	10456
2312.829269	-1244	10460
2312.879274	-1244	10464
2312.929279	-1244	10464
2312.979284	-1244	10464
2313.029289	-1244	10464
2313.079294	-1244	10464
2313.129299	-1244	10464
2313.179304	-1244	10464
2313.229309	-1244	10472
2313.279314	-1244	10484
2313.329319	-1244	10484
2313.379324	-1244	10484
2313.429329	-1244	10500
2313.479334	-1244	10500
2313.529339	-1244	10500
2313.579344	-1244	10508
2313.629349	-1244	10508
2313.679354	-1244	10508
2313.729359	-1244	10508
2313.779364	-1244	10520
2313.829369	-1244	10520
2313.879374	-1244	10520
2313.929379	-1244	10520
2313.979384	-1244	10532
2314.029389	-1244	10532
2314.079394	-1244	10532
2314.129399	-1244	10532
2314.179404	-1244	10532
2314.229409	-1244	10556
2314.279414	-1244	10556
2314.329419	-1244	10556
2314.379424	-1244	10556
2314.429429	-1244	10556
2314.479434	-1244	10560
2314.529439	-1244	10560
2314.579444	-1244	10560
2314.629449	-1244	10560
2314.679454	-1244	10560
2314.729459	-1244	10560
2314.779464	-1244	10560
2314.829469	-1244	10560
2314.879474	-1244	10560
2314.929479	-1244	10560
2314.979484	-1244	10560
2315.029489	-1244	10560
2315.079494	-1244	10560
2315.129499	-1244	10560
2315.179504	-1244	10560
2315.229509	-1244	10560
2315.279514	-1244	10560
2315.329519	-1244	10560
2315.379524	-1244	10560
2315.429529	-1244	10560
2315.479534	-1244	10560
2315.529539	-1244	10560
2315.579544	-1244	10560
2315.629549	-1244	10560
2315.679554	-1244	10560
2315.729559	-1244	10560
2315.779564	-1244	10560
2315.829569	-1244	10560
2315.879574	-1244	10560
2315.929579	-1244	10560
2315.979584	-1244	10576
2316.029589	-1244	10580
2316.079594	-1244	10580
2316.129599	-1244	10592
2316.179604	-1244	10608
2316.229609	-1244	10608
2316.279614	-1244	10616
2316.329619	-1244	10624
2316.379624	-1244	10636
2316.429629	-1244	10636
2316.479634	-1244	10636
2316.529639	-1244	10640
2316.579644	-1244	10640
2316.629649	-1244	10640
2316.679654	-1244	10640
2316.728659	-1244	10640
2316.778664	-1244	10644
2316.828669	-1244	10644
2316.878674	-1244	10656
2316.928679	-1244	10656
2316.978684	-1244	10656
2317.028689	-1244	10656
2317.078694	-1244	10656
2317.128699	-1244	10656
2317.178704	-1244	10656
2317.228709	-1244	10656
2317.278714	-1244	10656
2317.328719	-1244	10656
2317.378724	-1244	10660
2317.428729	-1244	10680
2317.478734	-1244	10680
2317.528739	-1244	10680
2317.578744	-1244	10680
2317.628749	-1244	10680
2317.678754	-1244	10680
2317.728759	-1244	10680
2317.778764	-1244	10680
2317.828769	-1244	10680
2317.878774	-1244	10680
2317.928779	-1244	10680
2317.978784	-1244	10680
2318.028789	-1244	10680
2318.078794	-1244	10680
2318.128799	-1244	10680
2318.178804	-1244	10680
2318.228809	-1244	10680
2318.278814	-1244	10680
2318.328819	-1244	10680
2318.378824	-1244	10680
2318.428829	-1244	10680
2318.478834	-1244	10680
2318.528839	-1244	10680
2318.578844	-1244	10680
2318.628849	-1244	10696
2318.678854	-1244	10696
2318.728859	-1244	10708
2318.778864	-1244	10708
2318.828869	-1244	10708
2318.878874	-1244	10708
2318.928879	-1244	10708
2318.978884	-1244	10708
2319.028889	-1244	10708
2319.078894	-1244	10708
2319.128899	-1244	10708
2319.178904	-1244	10708
2319.228909	-1244	10708
2319.278914	-1244	10708
2319.328919	-1244	10708
2319.378924	-1244	10708
2319.428929	-1244	10708
2319.478934	-1244	10708
2319.528939	-1244	10708
2319.578944	-1244	10708
2319.628949	-1244	10708
2319.678954	-1244	10708
2319.728959	-1244	10708
2319.778964	-1244	10708
2319.828969	-1244	10708
2319.878974	-1244	10708
2319.928979	-1244	10708
2319.978984	-1244	10708
2320.028989	-1244	10708
2320.078994	-1244	10708
2320.128999	-1244	10708
2320.179004	-1244	10708
2320.229009	-1244	10708
2320.279014	-1244	10708
2320.329019	-1244	10708
2320.379024	-1244	10708
2320.429029	-1244	10708
2320.479034	-1244	10708
2320.529039	-1244	10708
2320.579044	-1244	10708
2320.629049	-1244	10708
2320.679054	-1244	10708
2320.729059	-1244	10708
2320.779064	-1244	10708
2320.829069	-1244	10708
2320.879074	-1244	10708
2320.929079	-1244	10708
2320.979084	-1244	10708
2321.029089	-1244	10708
2321.079094	-1244	10708
2321.129099	-1244	10708
2321.179104	-1244	10708
2321.229109	-1244	10708
2321.279114	-1244	10708
2321.329119	-1244	10708
2321.379124	-1244	10708
2321.429129	-1244	10708
2321.479134	-1244	10708
2321.529139	-1244	10708
2321.579144	-1244	10708
2321.629149	-1244	10708
2321.679154	-1244	10708
2321.729159	-1244	10708
2321.779164	-1244	10708
2321.829169	-1244	10708
2321.879174	-1244	10708
2321.929179	-1244	10708
2321.979184	-1244	10708
2322.029189	-1244	10708
2322.079194	-1244	10708
2322.129199	-1244	10708
2322.179204	-1244	10708
2322.229209	-1244	10708
2322.279214	-1244	10708
2322.329219	-1244	10708
2322.379224	-1244	10708
2322.429229	-1244	10708
2322.479234	-1244	10708
2322.529239	-1244	10708
2322.579244	-1244	10708
2322.629249	-1244	10708
2322.679254	-1244	10708
2322.729259	-1244	10708
2322.779264	-1244	10708
2322.829269	-1244	10708
2322.879274	-1244	10708
2322.929279	-1244	10708
2322.979284	-1244	10708
2323.029289	-1244	10708
2323.079294	-1244	10708
2323.129299	-1244	10708
2323.179304	-1244	10708
2323.229309	-1244	10708
2323.279314	-1244	10708
2323.329319	-1244	10708
2323.379324	-1244	10708
2323.429329	-1244	10708
2323.479334	-1244	10708
2323.529339	-1244	10708
2323.579344	-1244	10708
2323.629349	-1244	10708
2323.679354	-1244	10708
2323.729359	-1244	10708
2323.779364	-1244	10708
2323.829369	-1244	10708
2323.879374	-1244	10708
2323.929379	-1244	10708
2323.979384	-1244	10708
2324.029389	-1244	10708
2324.079394	-1244	10708
2324.129399	-1244	10708
2324.179404	-1244	10708
2324.229409	-1244	10708
2324.279414	-1244	10708
2324.329419	-1244	10708
2324.379424	-1244	10728
2324.429429	-1244	10764
2324.479434	-1244	10788
2324.529439	-1244	10796
2324.579444	-1244	10836
2324.629449	-1244	10880
2324.679454	-1244	10928
2324.729459	-1244	10988
2324.779464	-1244	11136
2324.829469	-1244	11200
2324.879474	-1244	11260
2324.929479	-1244	11280
2324.979484	-1244	11328
2325.029489	-1244	11336
2325.079494	-1244	11372
2325.129499	-1256	11388
2325.179504	-1256	11424
2325.229509	-1268	11468
2325.279514	-1280	11496
2325.329519	-1284	11504
2325.379524	-1284	11552
2325.429529	-1292	11560
2325.479534	-1292	11560
2325.529539	-1296	11588
2325.579544	-1300	11612
2325.629549	-1300	11612
2325.679554	-1300	11628
2325.729559	-1320	11664
2325.779564	-1320	11696
2325.829569	-1320	11728
2325.879574	-1328	11728
2325.929579	-1328	11728
2325.979584	-1328	11728
2326.029589	-1332	11728
2326.079594	-1344	11728
2326.129599	-1344	11728
2326.179604	-1344	11728
2326.229609	-1344	11728
2326.288615	-1344	11728
2326.329619	-1344	11728
2326.379624	-1344	11728
2326.429629	-1344	11728
2326.479634	-1344	11728
2326.529639	-1344	11728
2326.579644	-1344	11728
2326.629649	-1344	11728
2326.679654	-1344	11732
2326.729659	-1344	11760
2326.779664	-1344	11776
2326.829669	-1344	11800
2326.879674	-1344	11836
2326.929679	-1344	11836
2326.979684	-1344	11852
2327.029689	-1344	11860
2327.079694	-1344	11860
2327.129699	-1344	11912
2327.179704	-1344	11916
2327.229709	-1344	11928
2327.279714	-1348	11936
2327.329719	-1348	11944
2327.379724	-1356	11972
2327.429729	-1364	11984
2327.479734	-1372	11984
2327.529739	-1372	11992
2327.579744	-1372	12012
2327.629749	-1372	12020
2327.679754	-1376	12020
2327.729759	-1376	12036
2327.779764	-1376	12064
2327.829769	-1376	12064
2327.879774	-1392	12072
2327.929779	-1404	12080
2327.979784	-1408	12096
2328.029789	-1420	12132
2328.079794	-1436	12140
2328.129799	-1456	12156
2328.179804	-1476	12180
2328.229809	-1496	12212
2328.279814	-1496	12256
2328.329819	-1496	12268
2328.379824	-1496	12276
2328.429829	-1500	12292
2328.479834	-1500	12296
2328.529839	-1500	12312
2328.579844	-1500	12312
2328.629849	-1500	12312
2328.679854	-1500	12316
2328.729859	-1500	12316
2328.779864	-1500	12320
2328.829869	-1500	12344
2328.879874	-1500	12344
2328.929879	-1500	12348
2328.979884	-1500	12348
2329.029889	-1500	12388
2329.079894	-1500	12388
2329.129899	-1500	12408
2329.179904	-1500	12408
2329.229909	-1500	12408
2329.279914	-1500	12412
2329.329919	-1500	12412
2329.379924	-1500	12436
2329.429929	-1500	12440
2329.479934	-1500	12440
2329.529939	-1500	12440
2329.579944	-1500	12472
2329.629949	-1508	12472
2329.679954	-1524	12476
2329.729959	-1524	12476
2329.779964	-1524	12476
2329.829969	-1524	12492
2329.879974	-1524	12496
2329.929979	-1524	12508
2329.979984	-1528	12512
2330.029989	-1528	12512
2330.079994	-1528	12512
2330.129999	-1536	12512
2330.180004	-1536	12524
2330.230009	-1552	12524
2330.280014	-1552	12524
2330.330019	-1552	12524
2330.380024	-1552	12524
2330.430029	-1552	12528
2330.480034	-1552	12528
2330.530039	-1552	12528
2330.580044	-1552	12528
2330.630049	-1552	12528
2330.680054	-1552	12528
2330.730059	-1552	12528
2330.780064	-1552	12528
2330.830069	-1552	12528
2330.880074	-1552	12528
2330.930079	-1552	12528
2330.980084	-1552	12528
2331.030089	-1552	12528
2331.080094	-1552	12528
2331.130099	-1552	12528
2331.180104	-1552	12528
2331.230109	-1552	12528
2331.280114	-1552	12528
2331.330119	-1552	12528
2331.380124	-1552	12528
2331.430129	-1552	12528
2331.480134	-1552	12528
2331.530139	-1552	12528
2331.580144	-1552	12528
2331.630149	-1552	12528
2331.680154	-1552	12528
2331.730159	-1552	12528
2331.780164	-1552	12528
2331.830169	-1552	12528
2331.880174	-1552	12528
2331.930179	-1552	12528
2331.980184	-1552	12528
2332.030189	-1552	12528
2332.080194	-1552	12528
2332.130199	-1552	12528
2332.180204	-1552	12528
2332.230209	-1552	12528
2332.280214	-1552	12528
2332.330219	-1552	12528
2332.380224	-1552	12448
2332.430229	-1552	12352
2332.480234	-1552	12260
2332.530239	-1552	12208
2332.580244	-1552	12096
2332.630249	-1552	11912
2332.680254	-1552	11820
2332.730259	-1552	11720
2332.780264	-1552	11676
2332.830269	-1588	11612
2332.880274	-1612	11460
2332.930279	-1612	11360
2332.980284	-1612	11160
2333.030289	-1612	9672
2333.080294	-1612	7596
2333.130299	-1612	4912
2333.180304	-1144	1612
2333.230309	0	0
2333.280314	0	0
2333.330319	0	0
2333.380324	0	0
2333.430329	0	0
2333.480334	0	0
2333.530339	0	0
2333.580344	0	0
2333.630349	0	0
2333.680354	0	0
2333.730359	0	0
2333.780364	0	0
2333.830369	0	0
2333.880374	0	0
2333.930379	0	0
2333.980384	0	0
2334.030389	0	0
2334.080394	0	0
2334.130399	0	0
2334.180404	0	0
2334.229409	0	0
2334.279414	0	0
2334.329419	0	0
2334.379424	0	0
2334.429429	0	0
2334.479434	0	0
2334.529439	0	0
2334.579444	0	0
2334.629449	0	0
2334.679454	0	0
2334.729459	0	0
2334.779464	0	0
2334.829469	0	0
2334.879474	0	0
2334.953481	0	0
2334.979484	0	0
2335.029489	0	0
2335.079494	0	0
2335.129499	0	0
2335.179504	0	0
2335.229509	0	0
2335.279514	0	0
2335.329519	0	0
2335.379524	0	0
2335.429529	0	0
2335.479534	0	0
2335.529539	0	0
2335.579544	0	0
2335.629549	0	0
2335.679554	0	0
2335.729559	0	0
2335.779564	0	0
2335.829569	0	0
2335.879574	0	0
2335.929579	0	0
2335.979584	0	0
2336.029589	0	0
2336.079594	0	0
2336.129599	0	0
2336.179604	0	0
2336.229609	0	0
2336.279614	0	0
2336.329619	0	0
2336.379624	0	0
2336.429629	0	0
2336.479634	0	0
2336.529639	0	0
2336.587645	0	0
2336.629649	0	0
2336.679654	0	0
2336.729659	0	0
2336.779664	0	0
2336.829669	0	0
2336.879674	0	0
2336.929679	0	0
2336.979684	0	0
2337.029689	0	0
2337.079694	0	0
2337.129699	0	0
2337.179704	0	0
2337.229709	0	0
2337.279714	0	0
2337.329719	0	0
2337.379724	0	0
2337.429729	0	0
2337.479734	0	0
2337.529739	0	0
2337.579744	0	0
2337.629749	0	0
2337.679754	0	0
2337.729759	0	0
2337.779764	0	0
2337.829769	0	0
2337.879774	0	0
2337.929779	0	0
2337.979784	0	0
2338.029789	0	0
2338.079794	0	0
2338.129799	0	0
2338.179804	0	0
2338.229809	0	0
2338.279814	0	0
2338.329819	0	0
2338.379824	0	0
2338.429829	0	0
2338.479834	0	0
2338.529839	0	0
2338.579844	0	0
2338.629849	0	0
2338.679854	0	0
2338.729859	0	0
2338.779864	0	0
2338.829869	0	0
2338.879874	0	0
2338.929879	0	0
2338.979884	0	0
2339.029889	0	0
2339.079894	0	0
2339.129899	0	0
2339.179904	0	0
2339.229909	0	0
2339.279914	0	0
2339.329919	0	0
2339.379924	0	0
2339.429929	0	0
2339.479934	0	0
2339.529939	0	0
2339.579944	0	0
2339.629949	0	0
2339.679954	0	0
2339.729959	0	0
2339.779964	0	0
2339.829969	0	0
2339.879974	0	0
2339.929979	0	0
2339.979984	0	0
2340.029989	0	0
2340.079994	0	0
2340.129999	0	0
2340.180004	0	0
2340.230009	0	0
2340.280014	0	0
2340.330019	0	0
2340.380024	0	0
2340.430029	0	0
2340.480034	0	0
2340.530039	0	0
2340.580044	0	0
2340.630049	0	0
2340.680054	0	0
2340.730059	0	0
2340.780064	0	0
2340.830069	0	0
2340.880074	0	0
2340.930079	0	0
2340.980084	0	0
2341.030089	0	0
2341.080094	0	0
2341.130099	0	0
2341.180104	0	0
2341.230109	0	0
2341.280114	0	0
2341.330119	0	0
2341.380124	0	0
2341.430129	0	0
2341.480134	0	0
2341.530139	0	0
2341.580144	0	0
2341.630149	0	0
2341.680154	0	0
2341.730159	0	0
2341.780164	0	0
2341.830169	0	0
2341.880174	0	0
2341.930179	0	0
2341.980184	0	0
2342.030189	0	0
2342.080194	0	0
2342.130199	0	0
2342.180204	0	0
2342.230209	0	0
2342.280214	0	0
2342.330219	0	0
2342.380224	0	0
2342.430229	0	0
2342.480234	0	0
2342.530239	0	0
2342.580244	0	0
2342.630249	0	0
2342.680254	0	0
2342.730259	0	0
2342.780264	0	0
2342.830269	0	0
2342.880274	0	0
2342.930279	0	0
2342.980284	0	0
2343.030289	0	0
2343.080294	0	0
2343.130299	0	0
2343.180304	0	0
2343.230309	0	0
2343.280314	0	0
2343.330319	0	0
2343.380324	0	0
2343.430329	0	0
2343.480334	0	0
2343.530339	0	0
2343.580344	0	0
2343.630349	0	0
2343.680354	0	0
2343.730359	0	0
2343.780364	0	0
2343.830369	0	0
2343.880374	0	0
2343.930379	0	0
2343.980384	0	0
2344.030389	0	0
2344.080394	0	0
2344.130399	0	0
2344.180404	0	0
2344.230409	0	0
2344.280414	0	0
2344.330419	0	0
2344.380424	0	0
2344.430429	0	0
2344.480434	0	0
2344.530439	0	0
2344.580444	0	0
2344.630449	0	0
2344.680454	0	0
2344.730459	0	0
2344.780464	0	0
2344.830469	0	0
2344.880474	0	0
2344.930479	0	0
2344.980484	0	0
2345.030489	0	0
2345.080494	0	0
2345.130499	0	0
2345.180504	0	0
2345.230509	0	0
2345.280514	0	0
2345.330519	0	0
2345.380524	0	0
2345.430529	0	0
2345.480534	0	0
2345.530539	0	0
2345.580544	0	0
2345.630549	0	0
2345.680554	0	0
2345.730559	0	0
2345.780564	0	0
2345.830569	0	0
2345.880574	0	0
2345.930579	0	0
2345.980584	0	0
2346.030589	0	0
2346.080594	0	0
2346.130599	0	0
2346.180604	0	0
2346.230609	0	0
2346.280614	0	0
2346.330619	0	0
2346.380624	0	0
2346.430629	0	0
2346.480634	0	0
2346.530639	0	0
2346.580644	0	0
2346.630649	0	0
2346.680654	0	0
2346.730659	0	0
2346.780664	0	0
2346.830669	0	0
2346.880674	0	0
2346.930679	0	0
2346.980684	0	0
2347.030689	0	0
2347.080694	0	0
2347.130699	0	0
2347.180704	0	0
2347.230709	0	0
2347.280714	0	0
2347.330719	0	0
2347.380724	0	0
2347.430729	0	0
2347.480734	0	0
2347.530739	0	0
2347.580744	0	0
2347.630749	0	0
2347.680754	0	0
2347.730759	0	0
2347.780764	0	0
2347.830769	0	0
2347.880774	0	0
2347.930779	0	0
2347.980784	0	0
2348.030789	0	0
2348.080794	0	0
2348.130799	0	0
2348.180804	0	0
2348.230809	0	0
2348.280814	0	0
2348.330819	0	0
2348.380824	0	0
2348.430829	0	0
2348.480834	0	0
2348.530839	0	0
2348.580844	0	0
2348.630849	0	0
2348.680854	0	0
2348.730859	0	0
2348.780864	0	0
2348.830869	0	0
2348.880874	0	0
2348.930879	0	0
2348.980884	0	0
2349.030889	0	0
2349.080894	0	0
2349.130899	0	0
2349.180904	0	0
2349.230909	0	0
2349.280914	0	0
2349.330919	0	0
2349.380924	0	0
2349.430929	0	0
2349.480934	0	0
2349.530939	0	0
2349.580944	0	0
2349.630949	0	0
2349.680954	0	0
2349.730959	0	0
2349.780964	0	0
2349.830969	0	0
2349.880974	0	0
2349.930979	0	0
2349.980984	0	0
2350.030989	0	0
2350.080994	0	0
2350.130999	0	0
2350.181004	0	0
2350.231009	0	0
2350.281014	0	0
2350.331019	0	0
2350.381024	0	0
2350.431029	0	0
2350.481034	0	0
2350.531039	0	0
2350.581044	0	0
2350.631049	0	0
2350.681054	0	0
2350.731059	0	0
2350.781064	0	0
2350.831069	0	0
2350.881074	0	0
2350.931079	0	0
2350.981084	0	0
2351.031089	0	0
2351.081094	0	0
2351.131099	0	0
2351.181104	0	0
2351.231109	0	0
2351.281114	0	0
2351.331119	0	0
2351.381124	0	0
2351.431129	0	0
2351.481134	0	0
2351.531139	0	0
2351.581144	0	0
2351.631149	0	0
2351.680154	0	0
2351.730159	0	0
2351.780164	0	0
2351.830169	0	0
2351.880174	0	0
2351.930179	0	0
2351.980184	0	0
2352.030189	0	0
2352.080194	0	0
2352.130199	0	0
2352.180204	0	0
2352.230209	0	0
2352.280214	0	0
2352.330219	0	0
2352.380224	0	0
2352.430229	0	0
2352.480234	0	0
2352.530239	0	0
2352.580244	0	0
2352.630249	0	0
2352.680254	0	0
2352.730259	0	0
2352.780264	0	0
2352.830269	0	0
2352.880274	0	0
2352.930279	0	0
2352.980284	0	0
2353.030289	0	0
2353.080294	0	0
2353.130299	0	0
2353.180304	0	0
2353.230309	0	0
2353.280314	0	0
2353.330319	0	0
2353.380324	0	0
2353.430329	0	0
2353.480334	0	0
2353.530339	0	0
2353.580344	0	0
2353.630349	0	0
2353.680354	0	0
2353.730359	0	0
2353.780364	0	0
2353.830369	0	0
2353.880374	0	0
2353.930379	0	0
2353.980384	0	0
2354.030389	0	0
2354.080394	0	0
2354.130399	0	0
2354.180404	0	0
2354.230409	0	0
2354.280414	0	0
2354.330419	0	0
2354.380424	0	0
2354.430429	0	0
2354.480434	0	0
2354.530439	0	0
2354.580444	0	0
2354.630449	0	0
2354.680454	0	0
2354.730459	0	0
2354.780464	0	0
2354.830469	0	0
2354.880474	0	0
2354.930479	0	0
2354.980484	0	0
2355.030489	0	0
2355.080494	0	0
2355.130499	0	0
2355.180504	0	0
2355.230509	0	0
2355.280514	0	0
2355.330519	0	0
2355.380524	0	0
2355.430529	0	0
2355.480534	0	0
2355.530539	0	0
2355.580544	0	0
2355.630549	0	0
2355.680554	0	0
2355.730559	0	0
2355.780564	0	0
2355.830569	0	0
2355.880574	0	0
2355.930579	0	0
2355.980584	0	0
2356.030589	0	0
2356.080594	0	0
2356.130599	0	0
2356.180604	0	0
2356.230609	0	0
2356.280614	0	0
2356.330619	0	0
2356.380624	0	0
2356.430629	0	0
2356.480634	0	0
2356.530639	0	0
2356.580644	0	0
2356.630649	0	0
2356.680654	0	0
2356.730659	0	0
2356.780664	0	0
2356.830669	0	0
2356.880674	0	0
2356.930679	0	0
2356.980684	0	0
2357.030689	0	0
2357.080694	0	0
2357.130699	0	0
2357.180704	0	0
2357.230709	0	0
2357.280714	0	0
2357.330719	0	0
2357.380724	0	0
2357.430729	0	0
2357.480734	0	0
2357.530739	0	0
2357.580744	0	0
2357.630749	0	0
2357.680754	0	0
2357.730759	0	0
2357.780764	0	0
2357.830769	0	0
2357.880774	0	0
2357.930779	0	0
2357.980784	0	0
2358.030789	0	0
2358.080794	0	0
2358.130799	0	0
2358.180804	0	0
2358.230809	0	0
2358.280814	0	0
2358.330819	0	0
2358.380824	0	0
2358.430829	0	0
2358.480834	0	0
2358.530839	0	0
2358.580844	0	0
2358.630849	0	0
2358.680854	0	0
2358.730859	0	0
2358.780864	0	0
2358.830869	0	0
2358.880874	0	0
2358.930879	0	0
2358.980884	0	0
2359.030889	0	0
2359.080894	0	0
2359.130899	0	0
2359.180904	0	0
2359.230909	0	0
2359.280914	0	0
2359.330919	0	0
2359.380924	0	0
2359.430929	0	0
2359.480934	0	0
2359.530939	0	0
2359.580944	0	0
2359.630949	0	0
2359.680954	0	0
2359.730959	0	0
2359.780964	0	0
2359.830969	0	0
2359.880974	0	0
2359.930979	0	0
2359.980984	0	0
2360.030989	0	0
2360.080994	0	0
2360.130999	0	0
2360.181004	0	0
2360.231009	0	0
2360.281014	0	0
2360.331019	0	0
2360.381024	0	0
2360.431029	0	0
2360.481034	0	0
2360.531039	0	0
2360.581044	0	0
2360.631049	0	0
2360.681054	0	0
2360.731059	0	0
2360.781064	0	0
2360.831069	0	0
2360.881074	0	0
2360.997086	0	0
2361.052091	0	0
2361.080094	0	0
2361.130099	0	0
2361.180104	0	0
2361.230109	0	0
2361.280114	0	0
2361.330119	0	0
2361.380124	0	0
2361.430129	0	0
2361.480134	0	0
2361.530138	0	0
2361.580143	0	0
2361.630149	0	0
2361.680154	0	0
2361.730159	0	0
2361.780164	0	0
2361.830169	0	0
2361.880174	0	0
2361.930179	0	0
2361.980184	0	0
2362.030189	0	0
2362.080194	0	0
2362.130198	0	0
2362.180203	0	0
2362.230209	0	0
2362.280214	0	0
2362.330219	0	0
2362.380224	0	0
2362.430229	0	0
2362.480234	0	0
2362.530239	0	0
2362.580244	0	0
2362.630249	0	0
2362.680254	0	0
2362.730258	0	0
2362.780263	0	0
2362.830269	0	0
2362.880274	0	0
2362.930279	0	0
2362.980284	0	0
2363.030289	0	0
2363.080294	0	0
2363.130299	0	0
2363.180304	0	0
2363.230309	0	0
2363.280313	0	0
2363.330318	0	0
2363.380324	0	0
2363.430329	0	0
2363.480334	0	0
2363.530339	0	0
2363.580344	0	0
2363.630349	0	0
2363.680354	0	0
2363.730359	0	0
2363.780364	0	0
2363.830369	0	0
2363.880373	0	0
2363.930378	0	0
2363.980384	0	0
2364.030389	0	0
2364.080394	0	0
2364.130399	0	0
2364.180404	0	0
2364.230409	0	0
2364.280414	0	0
2364.330419	0	0
2364.380424	0	0
2364.430429	0	0
2364.480433	0	0
2364.530438	0	0
2364.580444	0	0
2364.630449	0	0
2364.680454	0	0
2364.730459	0	0
2364.780464	0	0
2364.830469	0	0
2364.880474	0	0
2364.930479	0	0
2365.051491	0	0
2365.080493	0	0
2365.130499	0	0
2365.180504	0	0
2365.230509	0	0
2365.280514	0	0
2365.330519	0	0
2365.380524	0	0
2365.430529	0	-449
2365.480534	0	-773
2365.530539	0	-1129
2365.580544	0	-1273
2365.630548	0	-1273
2365.680553	0	-333
2365.730559	0	0
2365.780564	0	0
2365.830569	0	0
2365.880574	0	0
2365.930579	0	0
2365.980584	0	0
2366.030589	0	0
2366.080594	0	0
2366.130599	0	0
2366.180604	0	0
2366.230608	0	0
2366.280613	0	0
2366.330619	0	0
2366.380624	0	0
2366.430629	0	0
2366.480634	0	0
2366.530639	0	0
2366.580644	0	0
2366.630649	0	0
2366.680654	0	0
2366.730659	0	0
2366.780663	0	0
2366.830668	0	0
2366.880674	0	0
2366.930679	0	0
2366.980684	0	0
2367.030689	0	0
2367.080694	0	0
2367.130699	0	0
2367.180704	0	0
2367.230709	-244	0
2367.280714	-260	0
2367.330719	-344	0
2367.380723	-396	0
2367.430728	-548	0
2367.480734	-664	0
2367.530739	-680	0
2367.580744	-816	0
2367.630749	-1012	0
2367.680754	-1136	0
2367.730759	-1324	0
2367.780764	-1592	0
2367.830769	-1944	484
2367.880774	-2364	588
2367.930779	-2744	608
2367.980783	-3064	688
2368.030788	-3492	784
2368.080794	-3804	852
2368.130799	-4084	852
2368.180804	-4436	852
2368.230809	-4892	852
2368.280814	-5364	940
2368.330819	-5824	1040
2368.380824	-6116	1092
2368.430829	-6392	1172
2368.480834	-6540	1240
2368.530838	-6688	1276
2368.580843	-6848	1372
2368.630849	-7056	1452
2368.680854	-7612	1556
2368.730859	-8344	1632
2368.780864	-9148	1756
2368.830869	-10060	1912
2368.880874	-10528	1988
2368.930879	-10592	2068
2368.980884	-10596	2156
2369.030889	-10704	2184
2369.080894	-10956	2184
2369.130898	-11316	2184
2369.179904	-11844	2184
2369.229908	-12580	2184
2369.279913	-13180	2184
2369.329918	-13700	2184
2369.379923	-14084	2184
2369.429929	-14316	2232
2369.479934	-14572	2244
2369.529939	-14896	2244
2369.579944	-15672	2244
2369.629949	-17156	2244
2369.679954	-19024	2212
2369.729959	-20404	2104
2369.779963	-21172	1992
2369.829968	-21344	1992
2369.879973	-21344	1992
2369.929978	-21428	1992
2369.979983	-21836	1948
2370.029989	-22508	1948
2370.079994	-23320	1948
2370.129999	-23976	1892
2370.180004	-24612	1828
2370.230009	-24968	1828
2370.280014	-24968	1828
2370.330019	-24968	1828
2370.380023	-24968	1828
2370.430028	-25212	1828
2370.480033	-25908	1828
2370.530038	-26225	1828
2370.580044	-26225	1828
2370.630049	-26225	1828
2370.680054	-26225	1828
2370.730059	-26225	1828
2370.780064	-26225	1828
2370.830069	-26225	1828
2370.880074	-26225	1828
2370.930079	-26225	1856
2370.980083	-26225	1924
2371.030088	-26225	1940
2371.080093	-26225	1940
2371.130098	-26225	1940
2371.180104	-26225	1940
2371.230109	-26225	1940
2371.280114	-26225	1932
2371.330119	-26225	1780
2371.380124	-26225	1780
2371.430129	-26225	1780
2371.480134	-26225	1780
2371.530138	-26225	1780
2371.580143	-26225	1780
2371.630148	-26225	1700
2371.680153	-26225	1708
2371.730158	-26225	1804
2371.780164	-25892	1900
2371.830169	-23832	1900
2371.880174	-21992	1960
2371.930179	-19968	2020
2371.980184	-17720	2048
2372.030189	-15636	2048
2372.080194	-13308	2048
2372.130198	-11196	2048
2372.180203	-8812	2048
2372.230208	-5964	2048
2372.280213	-2324	1820
2372.330219	-572	692
2372.380224	-388	360
2372.430229	-344	16
2372.480234	-268	0
2372.530239	0	0
2372.601246	0	0
2372.631248	393	0
2372.681253	785	0
2372.731259	1421	0
2372.781264	2209	-129
2372.831269	3741	-369
2372.881274	5934	-369
2372.931279	8658	-265
2372.981284	11627	196
2373.031289	14567	728
2373.081294	16452	1140
2373.131299	17964	1376
2373.181304	19160	1528
2373.231308	20384	1728
2373.281313	21420	1788
2373.331319	22577	1944
2373.381324	24017	2096
2373.431329	26225	2368
2373.481334	26225	2648
2373.531339	26225	2952
2373.581344	26225	3144
2373.631349	26225	3224
2373.681354	26225	3240
2373.731359	26225	3264
2373.781363	26225	3300
2373.831368	26225	3400
2373.881374	26225	3468
2373.931379	26225	3520
2373.981384	26225	3520
2374.031389	26225	3540
2374.081394	26225	3572
2374.131399	26225	3560
2374.181404	26225	3488
2374.231409	26225	3504
2374.281414	23373	3352
2374.331419	19556	2872
2374.381423	14851	2372
2374.431428	8346	1588
2374.481434	2153	760
2374.531439	0	0
2374.581444	0	0
2374.631449	0	0
2374.681454	0	0
2374.731459	0	0
2374.781464	0	0
2374.831469	0	0
2374.881474	0	0
2374.931479	0	0
2374.981483	0	0
2375.031489	0	0
2375.081494	0	0
2375.131499	0	0
2375.181504	0	0
2375.231509	0	0
2375.281514	0	0
2375.331519	0	0
2375.381524	0	0
2375.431529	0	0
2375.481534	0	0
2375.531538	0	0
2375.581543	0	0
2375.631549	0	0
2375.681554	0	0
2375.731559	0	0
2375.781564	0	0
2375.831569	0	0
2375.881574	0	0
2375.931579	0	0
2375.981584	0	0
2376.031589	0	0
2376.081594	0	0
2376.131598	0	0
2376.181603	0	0
2376.231609	0	0
2376.281614	0	0
2376.331619	0	0
2376.381624	0	0
2376.431629	0	0
2376.481634	0	0
2376.531639	0	0
2376.581644	0	0
2376.631649	0	0
2376.681653	0	0
2376.731658	0	0
2376.781664	0	0
2376.831669	0	0
2376.881674	0	0
2376.931679	0	0
2376.981684	0	0
2377.031689	0	0
2377.081694	0	0
2377.131699	0	0
2377.181704	0	0
2377.231709	0	0
2377.281713	0	0
2377.331718	0	0
2377.381724	0	0
2377.431729	0	0
2377.481734	0	0
2377.531739	0	0
2377.581744	0	0
2377.631749	0	0
2377.681754	0	0
2377.731759	0	0
2377.781764	0	0
2377.831769	0	0
2377.881773	0	0
2377.931778	0	0
2377.981784	0	0
2378.031789	0	0
2378.081794	0	0
2378.131799	0	0
2378.181804	0	0
2378.231809	0	0
2378.281814	0	0
2378.331819	0	0
2378.381824	0	0
2378.431828	0	0
2378.481833	0	0
2378.531839	0	0
2378.581844	0	0
2378.631849	0	0
2378.681854	0	0
2378.731859	0	0
2378.781864	0	0
2378.831869	0	0
2378.881874	0	0
2378.931879	0	0
2378.981884	0	0
2379.031888	0	0
2379.081893	0	0
2379.131899	0	0
2379.181904	0	0
2379.231909	0	0
2379.281914	0	0
2379.331919	0	0
2379.381924	0	0
2379.431929	0	0
2379.481934	0	0
2379.531939	0	0
2379.581944	0	0
2379.631948	0	0
2379.681953	0	0
2379.731959	0	0
2379.781964	0	0
2379.831969	0	0
2379.881974	0	0
2379.931979	0	0
2379.981984	0	0
2380.031989	0	0
2380.081994	0	0
2380.131999	0	0
2380.182003	0	0
2380.232008	0	0
2380.282014	0	0
2380.332019	0	0
2380.382024	0	0
2380.432029	0	0
2380.482034	0	0
2380.532039	0	0
2380.582044	0	0
2380.632049	0	0
2380.682054	0	0
2380.732059	0	0
2380.782063	0	0
2380.832068	0	0
2380.882074	0	0
2380.932079	0	0
2380.982084	0	0
2381.032089	0	0
2381.082094	0	0
2381.132099	0	0
2381.182104	0	0
2381.232109	0	0
2381.282114	0	0
2381.332119	0	0
2381.382123	0	0
2381.432128	0	0
2381.482134	0	0
2381.532139	0	0
2381.582144	0	0
2381.632149	0	0
2381.682154	0	0
2381.732159	0	0
2381.782164	0	0
2381.832169	0	0
2381.882174	0	0
2381.932178	0	0
2381.982183	0	0
2382.032189	0	48
2382.082194	0	88
2382.132199	0	112
2382.182204	0	160
2382.232209	0	244
2382.282214	0	284
2382.332219	0	284
2382.382224	0	284
2382.432229	0	284
2382.482234	0	284
2382.532238	0	284
2382.582243	0	284
2382.632249	0	284
2382.682254	0	284
2382.732259	0	284
2382.782264	0	284
2382.832269	0	284
2382.882274	0	284
2382.932279	0	284
2382.982284	0	284
2383.032289	0	284
2383.082294	0	284
2383.132298	0	284
2383.182303	0	284
2383.232309	0	284
2383.282314	0	284
2383.332319	0	284
2383.382324	0	284
2383.432329	0	284
2383.482334	0	284
2383.532339	0	284
2383.582344	0	284
2383.632349	0	284
2383.682353	0	284
2383.732358	0	284
2383.782364	0	284
2383.832369	0	284
2383.882374	0	284
2383.932379	0	284
2383.982384	0	284
2384.032389	0	284
2384.082394	0	284
2384.132399	0	284
2384.182404	0	284
2384.232409	0	284
2384.282413	0	284
2384.332418	0	284
2384.382424	0	284
2384.432429	0	284
2384.482434	0	284
2384.532439	0	284
2384.582444	0	284
2384.632449	0	284
2384.682454	0	284
2384.732459	0	284
2384.782464	0	284
2384.832469	0	284
2384.882473	0	284
2384.932478	0	284
2384.982484	0	284
2385.032489	0	284
2385.082494	0	284
2385.132499	0	284
2385.182504	0	284
2385.232509	0	284
2385.282514	0	284
2385.332519	0	284
2385.382524	0	284
2385.432528	0	284
2385.482533	0	284
2385.532539	0	284
2385.582544	0	284
2385.632549	0	284
2385.682554	0	284
2385.732559	0	284
2385.782564	0	284
2385.832569	0	284
2385.882574	0	284
2385.932579	0	284
2385.982584	0	284
2386.032588	0	284
2386.082593	0	284
2386.132599	0	212
2386.182604	0	40
2386.232609	0	0
2386.282614	0	0
2386.332619	0	0
2386.382624	0	0
2386.432629	0	0
2386.482634	0	0
2386.532639	0	0
2386.582644	0	0
2386.632648	0	0
2386.681653	0	0
2386.731658	0	0
2386.781663	0	0
2386.831668	0	0
2386.881673	0	0
2386.931679	0	0
2386.981684	0	0
2387.031689	0	0
2387.081694	0	0
2387.131699	0	0
2387.181704	0	0
2387.231709	0	0
2387.281713	0	0
2387.331718	0	0
2387.381723	0	0
2387.431728	0	0
2387.481733	0	0
2387.531739	0	0
2387.581744	0	0
2387.631749	0	0
2387.681754	0	0
2387.731759	0	0
2387.781764	0	0
2387.831769	0	0
2387.881773	0	0
2387.931778	0	0
2387.981783	0	0
2388.031788	0	0
2388.081794	0	0
2388.131799	0	0
2388.181804	0	0
2388.231809	0	0
2388.281814	0	0
2388.331819	0	0
2388.381824	0	0
2388.431828	0	0
2388.481833	0	0
2388.531838	0	0
2388.581843	0	0
2388.631848	0	0
2388.681854	0	0
2388.731859	0	0
2388.781864	0	0
2388.831869	0	0
2388.881874	0	0
2388.931879	0	0
2388.981884	0	0
2389.031888	0	0
2389.081893	0	0
2389.131898	0	0
2389.181903	0	0
2389.231908	0	0
2389.281914	0	0
2389.331919	0	0
2389.381924	0	0
2389.431929	0	0
2389.481934	0	0
2389.531939	0	0
2389.581944	0	0
2389.631948	0	160
2389.681953	0	252
2389.731958	0	284
2389.781963	0	424
2389.831969	0	580
2389.881974	0	636
2389.931979	0	636
2389.981984	0	636
2390.031989	0	636
2390.081994	0	636
2390.131999	0	636
2390.182003	0	636
2390.232008	0	636
2390.282013	0	636
2390.332018	0	636
2390.382023	0	636
2390.432029	0	636
2390.482034	0	636
2390.532039	0	636
2390.582044	0	628
2390.632049	0	564
2390.682054	0	564
2390.732059	0	512
2390.782063	0	480
2390.832068	0	480
2390.882073	0	480
2390.932078	0	456
2390.982083	0	456
2391.032089	0	456
2391.082094	0	456
2391.132099	0	456
2391.182104	0	456
2391.232109	0	456
2391.282114	0	456
2391.332119	0	456
2391.382123	0	456
2391.432128	0	456
2391.482133	0	456
2391.532138	0	456
2391.582144	0	456
2391.632149	0	456
2391.682154	0	456
2391.732159	0	456
2391.782164	0	456
2391.832169	0	456
2391.882174	0	456
2391.932178	0	456
2391.982183	0	456
2392.032188	0	456
2392.082193	0	456
2392.132198	0	456
2392.182204	0	456
2392.232209	0	456
2392.282214	0	456
2392.332219	0	456
2392.382224	0	456
2392.432229	0	456
2392.482234	0	456
2392.532238	0	456
2392.582243	0	456
2392.632248	0	456
2392.682253	0	456
2392.732258	0	456
2392.782264	0	456
2392.832269	0	456
2392.882274	0	456
2392.932279	0	456
2392.982284	0	456
2393.091294	0	456
2393.132298	0	456
2393.193305	0	456
2393.232308	0	456
2393.282313	0	456
2393.332319	0	456
2393.382324	0	456
2393.432329	0	456
2393.482334	0	456
2393.532339	0	456
2393.582344	0	456
2393.632349	0	456
2393.682353	0	456
2393.732358	0	456
2393.782363	0	456
2393.832368	0	456
2393.882373	0	456
2393.932379	0	456
2393.982384	0	456
2394.032389	0	456
2394.082394	0	456
2394.132399	0	456
2394.182404	0	456
2394.232409	0	456
2394.282413	0	456
2394.332418	0	456
2394.382423	0	456
2394.432428	0	456
2394.482433	0	456
2394.532439	0	456
2394.582444	0	456
2394.632449	0	456
2394.682454	0	456
2394.732459	0	456
2394.782464	0	456
2394.832469	0	456
2394.882473	0	456
2394.932478	0	456
2394.982483	0	456
2395.032488	0	456
2395.082494	0	456
2395.132499	0	456
2395.182504	0	456
2395.232509	0	456
2395.282514	0	456
2395.332519	0	456
2395.382524	0	456
2395.432528	0	456
2395.482533	0	456
2395.532538	0	456
2395.582543	0	456
2395.632548	0	456
2395.682554	0	456
2395.732559	0	456
2395.782564	0	456
2395.832569	0	456
2395.882574	0	456
2395.932579	0	456
2395.982584	0	456
2396.032588	0	456
2396.082593	0	456
2396.132598	0	456
2396.182603	0	456
2396.232609	0	456
2396.282614	0	456
2396.332619	0	456
2396.382624	0	456
2396.432629	0	456
2396.482634	0	456
2396.532639	0	456
2396.582644	0	456
2396.632648	0	456
2396.682653	0	456
2396.732658	0	456
2396.782663	0	456
2396.832669	0	456
2396.882674	0	456
2396.932679	0	456
2396.982684	0	456
2397.032689	0	456
2397.082694	0	456
2397.132699	0	456
2397.182703	0	456
2397.232708	0	456
2397.282713	0	456
2397.332718	0	456
2397.382723	0	456
2397.432729	0	456
2397.482734	0	456
2397.532739	0	456
2397.582744	0	456
2397.632749	0	456
2397.682754	0	456
2397.732759	0	456
2397.782763	0	456
2397.832768	0	456
2397.882773	0	456
2397.932778	0	456
2397.982784	0	456
2398.032789	0	456
2398.082794	0	456
2398.132799	0	456
2398.182804	0	456
2398.232809	0	456
2398.282814	0	456
2398.332819	0	456
2398.382823	0	456
2398.432828	0	456
2398.482833	0	456
2398.532838	0	456
2398.582844	0	456
2398.632849	0	456
2398.682854	0	456
2398.732859	0	456
2398.782864	0	456
2398.832869	0	456
2398.882874	0	456
2398.932878	0	456
2398.982883	0	456
2399.032888	0	456
2399.082893	0	456
2399.132898	0	456
2399.182904	0	456
2399.232909	0	456
2399.282914	0	456
2399.332919	0	456
2399.382924	0	456
2399.432929	0	456
2399.482934	0	316
2399.532938	0	144
2399.582943	0	128
2399.632948	0	128
2399.682953	0	128
2399.732959	0	128
2399.782964	0	128
2399.832969	0	104
2399.882974	0	32
2399.932979	0	0
2399.982984	0	0
2400.032989	0	0
2400.082994	0	0
2400.132998	0	0
2400.183003	0	0
2400.233008	0	0
2400.283013	0	0
2400.333019	0	0
2400.383024	0	48
2400.433029	0	96
2400.483034	0	96
2400.533039	0	168
2400.583044	0	284
2400.633049	0	308
2400.683053	0	308
2400.733058	0	308
2400.783063	0	308
2400.833068	0	308
2400.883073	0	308
2400.933079	0	308
2400.983084	0	308
2401.033089	0	340
2401.083094	0	384
2401.133099	0	384
2401.183104	0	384
2401.233109	0	384
2401.283113	0	384
2401.333118	0	384
2401.383123	0	384
2401.433128	0	384
2401.483134	0	384
2401.533139	0	384
2401.583144	0	384
2401.633149	0	384
2401.683154	0	384
2401.733159	0	384
2401.783164	0	384
2401.833169	0	384
2401.883173	0	384
2401.933178	0	384
2401.983183	0	384
2402.033188	0	384
2402.083194	0	448
2402.133199	0	448
2402.183204	0	448
2402.233209	0	448
2402.283214	0	448
2402.333219	0	448
2402.383224	0	448
2402.433228	0	448
2402.483233	0	456
2402.533238	0	456
2402.583243	0	488
2402.633248	0	488
2402.683254	0	488
2402.733259	0	488
2402.783264	0	488
2402.833269	0	488
2402.883274	0	488
2402.933279	0	488
2402.983284	0	488
2403.033288	0	488
2403.083293	0	488
2403.133298	0	488
2403.183303	0	488
2403.233309	0	488
2403.283314	0	488
2403.333319	0	488
2403.383324	0	488
2403.433329	0	488
2403.483334	0	488
2403.533339	0	488
2403.583344	0	488
2403.633348	0	488
2403.683353	0	488
2403.733358	0	488
2403.783363	0	488
2403.833369	0	488
2403.883374	0	488
2403.933379	0	488
2403.983384	0	488
2404.033389	0	488
2404.083394	0	488
2404.132399	0	488
2404.182404	0	488
2404.232409	0	488
2404.282413	0	488
2404.332418	0	488
2404.382423	0	488
2404.432428	0	488
2404.482433	0	488
2404.532438	0	488
2404.582443	0	488
2404.632449	0	488
2404.682454	0	488
2404.732459	0	488
2404.782464	0	488
2404.832469	0	488
2404.882473	0	488
2404.932478	0	488
2404.982483	0	488
2405.032488	0	488
2405.082493	0	488
2405.132498	0	488
2405.182503	0	488
2405.232509	0	488
2405.282514	0	488
2405.332519	0	488
2405.382524	0	488
2405.432528	0	488
2405.482533	0	488
2405.532538	0	488
2405.582543	0	488
2405.632548	0	488
2405.682553	0	488
2405.732558	0	488
2405.782564	0	488
2405.832569	0	488
2405.882574	0	488
2405.932579	0	488
2405.982584	0	488
2406.032588	0	488
2406.082593	0	488
2406.132598	0	488
2406.182603	0	488
2406.232608	0	488
2406.282613	0	488
2406.332618	0	488
2406.382624	0	488
2406.432629	0	488
2406.482634	0	488
2406.532639	0	488
2406.582644	0	488
2406.632648	0	488
2406.682653	0	488
2406.732658	0	488
2406.782663	0	488
2406.832668	0	488
2406.882673	0	488
2406.932678	0	488
2406.982684	0	488
2407.032689	0	488
2407.082694	0	488
2407.132699	0	488
2407.182703	0	488
2407.232708	0	488
2407.282713	0	488
2407.332718	0	488
2407.382723	0	488
2407.432728	0	488
2407.482733	0	332
2407.532739	0	0
2407.582744	0	0
2407.632749	0	0
2407.682754	0	0
2407.732759	0	0
2407.782763	0	0
2407.832768	0	0
2407.882773	0	0
2407.932778	0	0
2407.982783	0	0
2408.032788	0	0
2408.082793	0	0
2408.132799	0	0
2408.182804	0	0
2408.232809	0	0
2408.282814	0	0
2408.332819	0	0
2408.382823	0	0
2408.432828	0	0
2408.482833	0	0
2408.532838	0	0
2408.582843	0	0
2408.632848	0	0
2408.682853	0	0
2408.732859	0	0
2408.782864	0	0
2408.832869	0	0
2408.882874	0	0
2408.932878	0	0
2408.982883	0	0
2409.032888	0	0
2409.082893	0	0
2409.132898	0	0
2409.182903	0	0
2409.232908	0	0
2409.282914	0	0
2409.332919	0	0
2409.382924	0	0
2409.432929	0	0
2409.482934	0	0
2409.532938	0	0
2409.582943	0	0
2409.632948	0	0
2409.682953	0	0
2409.732958	0	0
2409.782963	0	0
2409.832968	0	0
2409.882974	0	0
2409.932979	0	0
2409.982984	0	0
2410.032989	0	0
2410.082994	0	0
2410.132998	0	0
2410.183003	0	0
2410.233008	0	0
2410.283013	0	0
2410.333018	0	0
2410.383023	0	0
2410.433028	0	0
2410.483034	0	0
2410.533039	0	0
2410.583044	0	0
2410.633049	0	0
2410.683053	0	0
2410.733058	0	8
2410.783063	0	48
2410.833068	0	48
2410.883073	0	48
2410.933078	0	48
2410.983083	0	64
2411.033089	0	160
2411.083094	0	160
2411.133099	0	160
2411.183104	0	160
2411.233109	0	440
2411.283113	0	652
2411.333118	0	792
2411.383123	0	864
2411.433128	0	884
2411.483133	0	884
2411.533138	0	884
2411.583143	0	884
2411.633149	0	884
2411.683154	0	884
2411.733159	0	884
2411.783164	0	884
2411.833169	0	884
2411.883173	0	884
2411.933178	0	884
2411.983183	0	884
2412.033188	0	0
2412.083193	0	0
2412.133198	0	0
2412.183203	0	0
2412.233209	0	0
2412.283214	0	0
2412.333219	0	0
2412.383224	0	0
2412.433228	0	0
2412.483233	0	0
2412.533238	0	0
2412.583243	0	0
2412.633248	0	0
2412.683253	0	0
2412.733258	0	0
2412.783264	0	16
2412.833269	0	128
2412.883274	0	204
2412.933279	0	400
2412.983284	0	472
2413.033288	0	580
2413.083293	0	736
2413.133298	0	752
2413.183303	0	856
2413.233308	0	856
2413.283313	0	856
2413.333318	0	856
2413.383324	0	856
2413.433329	0	856
2413.483334	0	684
2413.533339	0	644
2413.583344	0	644
2413.633348	0	644
2413.683353	0	644
2413.733358	0	644
2413.783363	0	644
2413.833368	0	644
2413.883373	0	636
2413.933378	0	540
2413.983384	0	88
2414.033389	0	0
2414.083394	0	0
2414.133399	0	0
2414.183403	0	0
2414.233408	0	0
2414.283413	0	0
2414.333418	0	0
2414.383423	0	0
2414.433428	0	0
2414.483433	0	0
2414.533439	0	0
2414.583444	0	0
2414.633449	0	0
2414.683454	0	0
2414.733459	0	0
2414.783463	0	0
2414.833468	0	0
2414.883473	0	0
2414.933478	0	0
2414.983483	0	0
2415.033488	0	0
2415.083493	0	0
2415.133499	0	0
2415.183504	0	0
2415.233509	0	0
2415.283514	0	0
2415.333519	0	0
2415.383523	0	0
2415.433528	0	0
2415.483533	0	0
2415.533538	0	0
2415.583543	0	0
2415.633548	0	0
2415.683554	0	0
2415.733559	0	0
2415.783564	0	0
2415.833569	0	0
2415.883574	0	0
2415.933578	0	0
2415.983583	0	0
2416.033588	0	0
2416.083593	0	0
2416.133598	0	0
2416.183603	0	0
2416.233608	0	0
2416.283614	0	0
2416.333619	0	0
2416.383624	0	0
2416.433629	0	0
2416.483634	0	0
2416.533638	0	0
2416.583643	0	0
2416.633648	0	0
2416.683653	0	0
2416.733658	0	0
2416.783663	0	0
2416.833668	0	0
2416.883674	0	0
2416.933679	0	0
2416.983684	0	0
2417.033689	0	0
2417.083694	0	0
2417.133698	0	0
2417.183703	0	0
2417.233708	0	0
2417.283713	0	0
2417.333718	0	0
2417.383723	0	0
2417.433729	0	0
2417.483734	0	0
2417.533739	0	0
2417.583744	0	0
2417.633749	0	0
2417.683753	0	0
2417.733758	0	0
2417.783763	0	0
2417.833768	0	0
2417.883773	0	0
2417.933778	0	0
2417.983783	0	0
2418.033789	0	0
2418.083794	0	0
2418.133799	0	0
2418.183804	0	0
2418.233809	0	0
2418.283813	0	0
2418.333818	0	0
2418.383823	0	0
2418.433828	0	0
2418.483833	0	0
2418.533838	0	0
2418.583843	0	0
2418.633849	0	0
2418.683854	0	0
2418.733859	0	0
2418.783864	0	0
2418.833869	0	0
2418.883873	0	0
2418.933878	0	0
2418.983883	0	0
2419.033888	0	0
2419.083893	0	0
2419.133898	0	0
2419.183904	0	0
2419.233909	0	0
2419.283914	0	0
2419.333919	0	0
2419.383924	0	0
2419.433928	0	0
2419.483933	0	0
2419.533938	0	0
2419.583943	0	0
2419.633948	0	0
2419.683953	0	0
2419.733958	0	0
2419.783964	0	0
2419.833969	0	0
2419.883974	0	0
2419.933979	0	0
2419.983984	0	0
2420.033988	0	0
2420.083993	0	0
2420.133998	0	0
2420.184003	0	0
2420.234008	0	0
2420.284013	0	0
2420.334018	0	0
2420.384024	0	0
2420.434029	0	0
2420.484034	0	0
2420.534039	0	0
2420.584044	0	0
2420.634048	0	0
2420.684053	0	0
2420.734058	0	0
2420.784063	0	0
2420.834068	0	0
2420.884073	0	0
2420.934079	0	0
2420.984084	0	0
2421.034089	0	0
2421.084094	0	0
2421.134099	0	0
2421.184103	0	0
2421.234108	0	0
2421.284113	0	0
2421.334118	0	0
2421.384123	0	0
2421.434128	0	0
2421.484133	0	0
2421.534139	0	0
2421.584144	0	0
2421.633148	0	0
2421.683153	0	0
2421.733159	0	0
2421.783164	0	0
2421.833169	0	0
2421.883173	0	0
2421.933178	0	0
2421.983183	0	0
2422.033188	0	0
2422.083193	0	0
2422.133198	0	0
2422.183203	0	0
2422.233208	0	0
2422.283213	0	0
2422.333219	0	0
2422.383224	0	0
2422.433228	0	0
2422.483233	0	0
2422.533238	0	0
2422.583243	0	0
2422.633248	0	0
2422.683253	0	0
2422.733258	0	0
2422.783263	0	0
2422.833268	0	0
2422.883273	0	0
2422.933279	0	0
2422.983284	0	0
2423.033288	0	0
2423.083293	0	0
2423.133298	0	0
2423.183303	0	0
2423.233308	0	220
2423.283313	0	1160
2423.333318	-424	1588
2423.383323	-456	1724
2423.433328	-468	1748
2423.483334	-468	1748
2423.533339	-468	1732
2423.583344	0	1408
2423.633348	0	972
2423.683353	0	712
2423.733358	0	620
2423.783363	0	220
2423.833368	0	0
2423.883373	0	0
2423.933378	0	0
2423.983383	0	0
2424.033388	0	0
2424.083394	0	0
2424.133399	0	0
2424.183403	0	0
2424.233408	0	0
2424.283413	0	0
2424.333418	0	0
2424.383423	0	0
2424.433428	0	0
2424.483433	0	0
2424.533438	0	0
2424.583443	0	0
2424.633448	0	0
2424.683454	0	0
2424.733459	0	0
2424.783463	0	0
2424.833468	0	0
2424.883473	0	0
2424.933478	0	0
2424.983483	0	0
2425.033488	0	0
2425.083493	0	0
2425.133498	0	0
2425.183503	0	0
2425.233509	0	0
2425.283514	0	0
2425.333519	0	0
2425.383523	0	0
2425.433528	0	0
2425.483533	0	0
2425.533538	0	0
2425.583543	0	0
2425.633548	0	0
2425.683553	0	0
2425.733558	0	0
2425.783563	0	0
2425.833569	0	0
2425.883574	0	0
2425.933578	0	0
2425.983583	0	0
2426.033588	0	0
2426.083593	0	0
2426.133598	0	0
2426.183603	0	0
2426.233608	0	0
2426.283613	0	0
2426.333618	0	0
2426.383623	0	0
2426.433629	0	0
2426.483634	0	0
2426.533638	0	0
2426.583643	0	0
2426.633648	0	0
2426.683653	0	0
2426.733658	0	0
2426.783663	0	0
2426.833668	0	0
2426.883673	0	0
2426.933678	0	0
2426.983684	0	0
2427.033689	0	0
2427.083694	0	0
2427.133698	0	0
2427.183703	0	0
2427.233708	0	0
2427.283713	0	0
2427.333718	0	0
2427.383723	0	0
2427.433728	0	0
2427.483733	0	0
2427.533738	0	0
2427.583744	0	0
2427.633749	0	0
2427.683753	0	0
2427.733758	0	0
2427.783763	0	0
2427.833768	0	0
2427.883773	0	0
2427.933778	0	0
2427.983783	0	0
2428.033788	0	0
2428.083793	0	0
2428.133798	0	0
2428.183804	0	0
2428.233809	0	0
2428.283813	0	0
2428.333818	0	0
2428.383823	0	0
2428.433828	0	0
2428.483833	0	0
2428.533838	0	0
2428.583843	0	0
2428.633848	0	0
2428.683853	0	0
2428.733859	0	0
2428.783864	0	0
2428.833869	0	0
2428.883873	0	0
2428.933878	0	0
2428.983883	0	0
2429.033888	0	0
2429.083893	0	0
2429.133898	0	0
2429.183903	0	0
2429.233908	0	0
2429.283913	0	0
2429.333919	0	0
2429.383924	0	0
2429.433928	0	0
2429.483933	0	0
2429.533938	0	0
2429.583943	0	0
2429.633948	0	0
2429.683953	0	0
2429.733958	0	0
2429.783963	0	0
2429.833968	0	0
2429.883973	0	0
2429.933979	0	0
2429.983984	0	0
2430.033988	0	0
2430.083993	0	0
2430.133998	0	0
2430.184003	0	0
2430.234008	0	0
2430.284013	0	0
2430.334018	0	0
2430.384023	0	0
2430.434028	0	0
2430.484034	0	0
2430.534039	0	0
2430.584044	0	0
2430.634048	0	0
2430.684053	0	0
2430.734058	0	0
2430.784063	0	0
2430.834068	0	0
2430.884073	0	0
2430.934078	0	0
2430.984083	0	0
2431.034088	0	0
2431.084094	0	0
2431.134099	0	0
2431.184103	0	0
2431.234108	0	0
2431.284113	0	0
2431.334118	0	0
2431.384123	0	0
2431.434128	0	0
2431.484133	0	0
2431.534138	0	0
2431.584143	0	0
2431.634148	0	0
2431.684154	0	0
2431.734159	0	0
2431.784163	0	0
2431.834168	0	0
2431.884173	0	0
2431.934178	0	0
2431.984183	0	0
2432.034188	0	0
2432.084193	0	0
2432.134198	0	0
2432.184203	0	0
2432.234209	0	0
2432.284214	0	0
2432.334219	0	0
2432.384223	0	0
2432.434228	0	0
2432.484233	0	0
2432.534238	0	0
2432.584243	0	0
2432.634248	0	0
2432.684253	0	0
2432.734258	0	0
2432.784263	0	0
2432.834269	0	0
2432.884274	0	0
2432.934278	0	0
2432.984283	0	0
2433.034288	0	0
2433.084293	0	0
2433.134298	0	0
2433.184303	0	0
2433.234308	0	0
2433.284313	0	0
2433.334318	0	0
2433.384323	0	0
2433.434329	0	0
2433.484334	0	0
2433.534338	0	0
2433.584343	0	0
2433.634348	0	0
2433.684353	0	0
2433.734358	0	0
2433.784363	0	0
2433.834368	0	0
2433.884373	0	0
2433.934378	0	0
2433.984384	0	0
2434.034389	0	0
2434.084394	0	0
2434.134398	0	0
2434.184403	0	0
2434.234408	0	0
2434.284413	0	0
2434.334418	0	0
2434.384423	0	0
2434.434428	0	0
2434.484433	0	0
2434.534438	0	0
2434.584444	0	0
2434.634449	0	0
2434.684453	0	0
2434.734458	0	0
2434.784463	0	0
2434.834468	0	0
2434.884473	0	0
2434.934478	0	0
2434.984483	0	0
2435.034488	0	0
2435.084493	0	0
2435.134498	0	0
2435.184504	0	0
2435.234509	0	0
2435.284513	0	0
2435.334518	0	0
2435.384523	0	0
2435.434528	0	0
2435.484533	0	0
2435.534538	0	0
2435.584543	0	0
2435.634548	0	0
2435.684553	0	0
2435.734559	0	0
2435.784564	0	0
2435.834569	0	0
2435.884573	0	0
2435.934578	0	0
2435.984583	0	0
2436.034588	0	0
2436.084593	0	0
2436.134598	0	0
2436.184603	0	0
2436.234608	0	0
2436.284613	0	0
2436.334619	0	0
2436.384624	0	0
2436.434628	0	0
2436.484633	0	0
2436.534638	0	0
2436.584643	0	0
2436.634648	0	0
2436.684653	0	0
2436.734658	0	0
2436.784663	0	0
2436.834668	0	0
2436.884674	0	0
2436.934679	0	0
2436.984684	0	24
2437.034688	0	316
2437.084693	0	472
2437.134698	0	496
2437.184703	0	588
2437.234708	0	588
2437.284713	0	612
2437.334718	0	612
2437.384723	0	612
2437.434728	0	612
2437.484734	0	612
2437.534739	0	612
2437.584743	0	612
2437.634748	0	196
2437.684753	0	0
2437.734758	0	0
2437.784763	0	0
2437.834768	0	0
2437.884773	0	0
2437.934778	0	0
2437.984783	0	0
2438.034788	0	0
2438.084794	0	0
2438.134799	0	0
2438.184803	0	0
2438.234808	0	0
2438.284813	0	0
2438.334818	0	0
2438.384823	0	0
2438.434828	0	0
2438.484833	0	0
2438.534838	0	0
2438.584843	0	0
2438.634849	0	0
2438.684854	0	0
2438.734859	0	0
2438.784863	0	0
2438.834868	0	0
2438.884873	0	0
2438.934878	0	0
2438.984883	0	0
2439.034888	0	0
2439.084893	0	0
2439.133898	0	0
2439.183903	0	0
2439.233908	0	0
2439.283913	0	0
2439.333918	0	0
2439.383923	0	0
2439.433928	0	0
2439.483933	0	0
2439.533938	0	0
2439.583943	0	0
2439.633948	0	0
2439.683953	0	0
2439.733958	0	0
2439.783963	0	0
2439.833968	0	0
2439.883973	0	0
2439.933978	0	0
2439.983983	0	0
2440.033988	0	0
2440.083993	0	0
2440.133998	0	0
2440.184003	0	0
2440.234008	0	0
2440.284013	0	0
2440.334018	0	0
2440.384023	0	0
2440.434028	0	0
2440.484033	0	0
2440.534038	0	0
2440.584043	0	0
2440.634048	0	0
2440.684053	0	0
2440.734058	0	0
2440.784063	0	0
2440.834068	0	0
2440.884073	0	0
2440.934078	0	0
2440.984083	0	0
2441.034088	0	0
2441.084093	0	0
2441.134098	0	0
2441.184103	0	0
2441.234108	0	0
2441.284113	0	0
2441.334118	0	0
2441.384123	0	0
2441.434128	0	0
2441.484133	0	0
2441.534138	0	0
2441.584143	0	0
2441.634148	0	0
2441.684153	0	0
2441.734158	0	0
2441.784163	0	0
2441.834168	0	0
2441.884173	0	0
2441.934178	0	0
2441.984183	0	0
2442.034188	0	0
2442.084193	0	0
2442.134198	0	0
2442.184203	0	0
2442.234208	0	0
2442.284213	0	0
2442.334218	0	8
2442.384223	0	8
2442.434228	0	8
2442.484233	0	8
2442.534238	0	8
2442.584243	0	8
2442.634248	0	32
2442.684253	0	40
2442.734258	0	40
2442.784263	0	72
2442.834268	0	72
2442.884273	0	80
2442.934278	0	96
2443.029288	0	144
2443.087294	0	152
2443.133298	0	152
2443.183303	0	152
2443.233308	0	168
2443.283313	0	168
2443.333318	0	168
2443.383323	0	168
2443.433328	0	168
2443.483333	0	168
2443.533338	0	204
2443.583343	0	204
2443.633348	0	204
2443.683353	0	204
2443.733358	0	204
2443.783363	0	204
2443.833368	0	204
2443.883373	0	204
2443.933378	0	204
2443.983383	0	204
2444.033388	0	204
2444.083393	0	212
2444.133398	0	212
2444.183403	0	212
2444.233408	0	212
2444.283413	0	212
2444.333418	0	212
2444.383423	0	236
2444.433428	0	244
2444.483433	0	244
2444.533438	0	244
2444.583443	0	244
2444.633448	0	244
2444.683453	0	244
2444.733458	0	244
2444.783463	0	260
2444.833468	0	260
2444.883473	0	300
2444.933478	0	300
2445.001485	0	300
2445.033488	0	300
2445.083493	0	300
2445.133498	0	324
2445.183503	0	324
2445.233508	0	324
2445.283513	0	324
2445.333518	0	324
2445.383523	0	324
2445.433528	0	324
2445.483533	0	324
2445.533538	0	324
2445.583543	0	324
2445.633548	0	324
2445.683553	0	324
2445.733558	0	324
2445.783563	0	324
2445.833568	0	324
2445.883573	0	324
2445.933578	0	324
2445.983583	0	324
2446.033588	0	324
2446.083593	0	324
2446.133598	0	324
2446.183603	0	324
2446.233608	0	324
2446.283613	0	324
2446.333618	0	324
2446.383623	0	324
2446.433628	0	324
2446.483633	0	324
2446.533638	0	324
2446.583643	0	324
2446.633648	0	324
2446.683653	0	324
2446.733658	0	324
2446.783663	0	324
2446.833668	0	324
2446.883673	0	324
2446.933678	0	332
2446.983683	0	332
2447.033688	0	352
2447.083693	0	368
2447.133698	0	400
2447.183703	0	400
2447.233708	0	400
2447.283713	0	400
2447.333718	0	400
2447.383723	0	400
2447.433728	0	400
2447.483733	0	400
2447.533738	0	400
2447.583743	0	400
2447.633748	0	400
2447.683753	0	400
2447.733758	0	400
2447.783763	0	400
2447.833768	0	400
2447.883773	0	400
2447.933778	0	400
2447.983783	0	400
2448.033788	0	400
2448.083793	0	400
2448.133798	0	400
2448.183803	0	400
2448.233808	0	400
2448.283813	0	400
2448.333818	0	400
2448.383823	0	400
2448.433828	0	400
2448.483833	0	400
2448.533838	0	400
2448.583843	0	400
2448.633848	0	400
2448.683853	0	400
2448.733858	0	400
2448.783863	0	400
2448.833868	0	400
2448.883873	0	400
2448.933878	0	400
2448.983883	0	400
2449.033888	0	400
2449.083893	0	400
2449.133898	0	400
2449.183903	0	400
2449.233908	0	400
2449.283913	0	400
2449.333918	0	400
2449.383923	0	400
2449.433928	0	400
2449.483933	0	400
2449.533938	0	400
2449.583943	0	400
2449.633948	0	400
2449.683953	0	400
2449.733958	0	400
2449.783963	0	400
2449.833968	0	400
2449.883973	0	400
2449.933978	0	400
2449.983983	0	400
2450.033988	0	400
2450.083993	0	400
2450.133998	0	400
2450.184003	0	400
2450.234008	0	400
2450.284013	0	400
2450.334018	0	400
2450.384023	0	400
2450.434028	0	400
2450.484033	0	400
2450.534038	0	400
2450.584043	0	400
2450.634048	0	400
2450.684053	0	400
2450.734058	0	400
2450.784063	0	400
2450.834068	0	400
2450.884073	0	400
2450.934078	0	400
2450.984083	0	400
2451.034088	0	400
2451.084093	0	400
2451.134098	0	400
2451.184103	0	400
2451.234108	0	400
2451.284113	0	400
2451.334118	0	400
2451.384123	0	400
2451.434128	0	400
